tag,status_token,method,encoder,logN,N,m,trial_index,warmup,requested_N,generated_N,code_size,base_field_wht_s,coordinate_wht_m_s,pointwise_ops_s,output_materialization_s,total_s,ns_per_rm_vole_coordinate,ns_per_base_field_matrix_entry,notes,timestamp,benchmark_source_commit,status,base_field_encoder_ms,coordinate_encoder_ms,pointwise_ops_ms,output_materialization_ms,total_ms
ENCODER_ONLY_BENCH,PASS,WHT_ENCODER,WHT,12,4096,8,0,1,4096,4096,4096,0.000037,0.000307,0.000098,0.000012,0.000455,111.074428,13.884303,encoder_only; no_PPRF_setup; no_base_correlations; base_field_WHT_plus_m_coordinate_WHTs,2026-07-26T07:46:01.214426+00:00,56a80d12dc147c6f4d9452798d88f387cd1c778b,OK,0.037,0.307,0.098,0.012,0.455
ENCODER_ONLY_BENCH,PASS,WHT_ENCODER,WHT,12,4096,8,0,0,4096,4096,4096,0.000032,0.000266,0.000098,0.000011,0.000407,99.459726,12.432466,encoder_only; no_PPRF_setup; no_base_correlations; base_field_WHT_plus_m_coordinate_WHTs,2026-07-26T07:46:01.214501+00:00,56a80d12dc147c6f4d9452798d88f387cd1c778b,OK,0.032,0.266,0.098,0.011,0.40700000000000003
ENCODER_ONLY_BENCH,PASS,WHT_ENCODER,WHT,12,4096,8,1,0,4096,4096,4096,0.000032,0.000255,0.000097,0.000011,0.000395,96.540475,12.067559,encoder_only; no_PPRF_setup; no_base_correlations; base_field_WHT_plus_m_coordinate_WHTs,2026-07-26T07:46:01.214519+00:00,56a80d12dc147c6f4d9452798d88f387cd1c778b,OK,0.032,0.255,0.097,0.011,0.395
ENCODER_ONLY_BENCH,PASS,WHT_ENCODER,WHT,12,4096,8,2,0,4096,4096,4096,0.000032,0.000272,0.000098,0.000011,0.000413,100.949705,12.618713,encoder_only; no_PPRF_setup; no_base_correlations; base_field_WHT_plus_m_coordinate_WHTs,2026-07-26T07:46:01.214537+00:00,56a80d12dc147c6f4d9452798d88f387cd1c778b,OK,0.032,0.272,0.098,0.011,0.41300000000000003
ENCODER_ONLY_BENCH,PASS,WHT_ENCODER,WHT,12,4096,8,3,0,4096,4096,4096,0.000032,0.000256,0.000098,0.000011,0.000397,96.846634,12.105829,encoder_only; no_PPRF_setup; no_base_correlations; base_field_WHT_plus_m_coordinate_WHTs,2026-07-26T07:46:01.214550+00:00,56a80d12dc147c6f4d9452798d88f387cd1c778b,OK,0.032,0.256,0.098,0.011,0.397
ENCODER_ONLY_BENCH,PASS,WHT_ENCODER,WHT,12,4096,8,4,0,4096,4096,4096,0.000032,0.000255,0.000098,0.000011,0.000396,96.607664,12.075958,encoder_only; no_PPRF_setup; no_base_correlations; base_field_WHT_plus_m_coordinate_WHTs,2026-07-26T07:46:01.214563+00:00,56a80d12dc147c6f4d9452798d88f387cd1c778b,OK,0.032,0.255,0.098,0.011,0.39599999999999996
ENCODER_ONLY_BENCH,PASS,WHT_ENCODER,WHT,12,4096,8,5,0,4096,4096,4096,0.000032,0.000262,0.000131,0.000012,0.000437,106.640869,13.330109,encoder_only; no_PPRF_setup; no_base_correlations; base_field_WHT_plus_m_coordinate_WHTs,2026-07-26T07:46:01.214579+00:00,56a80d12dc147c6f4d9452798d88f387cd1c778b,OK,0.032,0.262,0.131,0.012,0.437
ENCODER_ONLY_BENCH,PASS,WHT_ENCODER,WHT,12,4096,8,6,0,4096,4096,4096,0.000032,0.000254,0.000098,0.000011,0.000395,96.450208,12.056276,encoder_only; no_PPRF_setup; no_base_correlations; base_field_WHT_plus_m_coordinate_WHTs,2026-07-26T07:46:01.214608+00:00,56a80d12dc147c6f4d9452798d88f387cd1c778b,OK,0.032,0.254,0.098,0.011,0.395
ENCODER_ONLY_BENCH,PASS,WHT_ENCODER,WHT,12,4096,8,7,0,4096,4096,4096,0.000032,0.000256,0.000098,0.000012,0.000397,97.002385,12.125298,encoder_only; no_PPRF_setup; no_base_correlations; base_field_WHT_plus_m_coordinate_WHTs,2026-07-26T07:46:01.214625+00:00,56a80d12dc147c6f4d9452798d88f387cd1c778b,OK,0.032,0.256,0.098,0.012,0.397
ENCODER_ONLY_BENCH,PASS,WHT_ENCODER,WHT,12,4096,8,8,0,4096,4096,4096,0.000032,0.000255,0.000105,0.000011,0.000404,98.721216,12.340152,encoder_only; no_PPRF_setup; no_base_correlations; base_field_WHT_plus_m_coordinate_WHTs,2026-07-26T07:46:01.214639+00:00,56a80d12dc147c6f4d9452798d88f387cd1c778b,OK,0.032,0.255,0.10500000000000001,0.011,0.404
ENCODER_ONLY_BENCH,PASS,WHT_ENCODER,WHT,12,4096,8,9,0,4096,4096,4096,0.000032,0.000256,0.000098,0.000011,0.000397,96.955773,12.119472,encoder_only; no_PPRF_setup; no_base_correlations; base_field_WHT_plus_m_coordinate_WHTs,2026-07-26T07:46:01.214656+00:00,56a80d12dc147c6f4d9452798d88f387cd1c778b,OK,0.032,0.256,0.098,0.011,0.397
ENCODER_ONLY_BENCH,PASS,EXCONV7X24_ENCODER,ExConv7x24,12,4096,8,0,1,4096,4096,8432,0.000699,0.001420,0.000000,0.000023,0.002143,523.081326,65.385166,encoder_only; no_PPRF_setup; no_base_correlations; silent_sVOLE_ExConv7x24_parameters,2026-07-26T07:46:01.214673+00:00,56a80d12dc147c6f4d9452798d88f387cd1c778b,OK,0.699,1.42,0.0,0.023,2.143
ENCODER_ONLY_BENCH,PASS,EXCONV7X24_ENCODER,ExConv7x24,12,4096,8,0,0,4096,4096,8432,0.000683,0.001374,0.000000,0.000030,0.002087,509.520760,63.690095,encoder_only; no_PPRF_setup; no_base_correlations; silent_sVOLE_ExConv7x24_parameters,2026-07-26T07:46:01.214686+00:00,56a80d12dc147c6f4d9452798d88f387cd1c778b,OK,0.683,1.374,0.0,0.030000000000000002,2.0869999999999997
ENCODER_ONLY_BENCH,PASS,EXCONV7X24_ENCODER,ExConv7x24,12,4096,8,1,0,4096,4096,8432,0.000726,0.001404,0.000000,0.000025,0.002156,526.354484,65.794310,encoder_only; no_PPRF_setup; no_base_correlations; silent_sVOLE_ExConv7x24_parameters,2026-07-26T07:46:01.214701+00:00,56a80d12dc147c6f4d9452798d88f387cd1c778b,OK,0.726,1.4040000000000001,0.0,0.025,2.156
ENCODER_ONLY_BENCH,PASS,EXCONV7X24_ENCODER,ExConv7x24,12,4096,8,2,0,4096,4096,8432,0.000709,0.001413,0.000000,0.000023,0.002145,523.631115,65.453889,encoder_only; no_PPRF_setup; no_base_correlations; silent_sVOLE_ExConv7x24_parameters,2026-07-26T07:46:01.214713+00:00,56a80d12dc147c6f4d9452798d88f387cd1c778b,OK,0.709,1.413,0.0,0.023,2.145
ENCODER_ONLY_BENCH,PASS,EXCONV7X24_ENCODER,ExConv7x24,12,4096,8,3,0,4096,4096,8432,0.000691,0.001379,0.000000,0.000023,0.002093,510.910922,63.863865,encoder_only; no_PPRF_setup; no_base_correlations; silent_sVOLE_ExConv7x24_parameters,2026-07-26T07:46:01.214725+00:00,56a80d12dc147c6f4d9452798d88f387cd1c778b,OK,0.691,1.379,0.0,0.023,2.093
ENCODER_ONLY_BENCH,PASS,EXCONV7X24_ENCODER,ExConv7x24,12,4096,8,4,0,4096,4096,8432,0.000715,0.001389,0.000000,0.000023,0.002128,519.495643,64.936955,encoder_only; no_PPRF_setup; no_base_correlations; silent_sVOLE_ExConv7x24_parameters,2026-07-26T07:46:01.214742+00:00,56a80d12dc147c6f4d9452798d88f387cd1c778b,OK,0.7150000000000001,1.389,0.0,0.023,2.128
ENCODER_ONLY_BENCH,PASS,EXCONV7X24_ENCODER,ExConv7x24,12,4096,8,5,0,4096,4096,8432,0.000712,0.001457,0.000000,0.000024,0.002193,535.349159,66.918645,encoder_only; no_PPRF_setup; no_base_correlations; silent_sVOLE_ExConv7x24_parameters,2026-07-26T07:46:01.214757+00:00,56a80d12dc147c6f4d9452798d88f387cd1c778b,OK,0.712,1.4569999999999999,0.0,0.024,2.193
ENCODER_ONLY_BENCH,PASS,EXCONV7X24_ENCODER,ExConv7x24,12,4096,8,6,0,4096,4096,8432,0.000699,0.001412,0.000000,0.000023,0.002135,521.179459,65.147432,encoder_only; no_PPRF_setup; no_base_correlations; silent_sVOLE_ExConv7x24_parameters,2026-07-26T07:46:01.214772+00:00,56a80d12dc147c6f4d9452798d88f387cd1c778b,OK,0.699,1.4120000000000001,0.0,0.023,2.1350000000000002
ENCODER_ONLY_BENCH,PASS,EXCONV7X24_ENCODER,ExConv7x24,12,4096,8,7,0,4096,4096,8432,0.000718,0.001435,0.000000,0.000025,0.002178,531.738579,66.467322,encoder_only; no_PPRF_setup; no_base_correlations; silent_sVOLE_ExConv7x24_parameters,2026-07-26T07:46:01.214784+00:00,56a80d12dc147c6f4d9452798d88f387cd1c778b,OK,0.718,1.435,0.0,0.025,2.178
ENCODER_ONLY_BENCH,PASS,EXCONV7X24_ENCODER,ExConv7x24,12,4096,8,8,0,4096,4096,8432,0.000734,0.001432,0.000000,0.000023,0.002190,534.600076,66.825010,encoder_only; no_PPRF_setup; no_base_correlations; silent_sVOLE_ExConv7x24_parameters,2026-07-26T07:46:01.214796+00:00,56a80d12dc147c6f4d9452798d88f387cd1c778b,OK,0.734,1.432,0.0,0.023,2.19
ENCODER_ONLY_BENCH,PASS,EXCONV7X24_ENCODER,ExConv7x24,12,4096,8,9,0,4096,4096,8432,0.000670,0.001322,0.000000,0.000023,0.002015,491.847686,61.480961,encoder_only; no_PPRF_setup; no_base_correlations; silent_sVOLE_ExConv7x24_parameters,2026-07-26T07:46:01.214811+00:00,56a80d12dc147c6f4d9452798d88f387cd1c778b,OK,0.67,1.322,0.0,0.023,2.0149999999999997
ENCODER_ONLY_BENCH,PASS,WHT_ENCODER,WHT,12,4096,16,0,1,4096,4096,4096,0.000036,0.000534,0.000194,0.000024,0.000789,192.564244,12.035265,encoder_only; no_PPRF_setup; no_base_correlations; base_field_WHT_plus_m_coordinate_WHTs,2026-07-26T07:46:01.273591+00:00,56a80d12dc147c6f4d9452798d88f387cd1c778b,OK,0.036000000000000004,0.5339999999999999,0.194,0.024,0.789
ENCODER_ONLY_BENCH,PASS,WHT_ENCODER,WHT,12,4096,16,0,0,4096,4096,4096,0.000032,0.000521,0.000194,0.000023,0.000771,188.159106,11.759944,encoder_only; no_PPRF_setup; no_base_correlations; base_field_WHT_plus_m_coordinate_WHTs,2026-07-26T07:46:01.273632+00:00,56a80d12dc147c6f4d9452798d88f387cd1c778b,OK,0.032,0.521,0.194,0.023,0.771
ENCODER_ONLY_BENCH,PASS,WHT_ENCODER,WHT,12,4096,16,1,0,4096,4096,4096,0.000032,0.000519,0.000202,0.000023,0.000776,189.532784,11.845799,encoder_only; no_PPRF_setup; no_base_correlations; base_field_WHT_plus_m_coordinate_WHTs,2026-07-26T07:46:01.273648+00:00,56a80d12dc147c6f4d9452798d88f387cd1c778b,OK,0.032,0.519,0.202,0.023,0.776
ENCODER_ONLY_BENCH,PASS,WHT_ENCODER,WHT,12,4096,16,2,0,4096,4096,4096,0.000032,0.000528,0.000194,0.000024,0.000778,189.981733,11.873858,encoder_only; no_PPRF_setup; no_base_correlations; base_field_WHT_plus_m_coordinate_WHTs,2026-07-26T07:46:01.273669+00:00,56a80d12dc147c6f4d9452798d88f387cd1c778b,OK,0.032,0.528,0.194,0.024,0.778
ENCODER_ONLY_BENCH,PASS,WHT_ENCODER,WHT,12,4096,16,3,0,4096,4096,4096,0.000032,0.000524,0.000194,0.000023,0.000774,188.853051,11.803316,encoder_only; no_PPRF_setup; no_base_correlations; base_field_WHT_plus_m_coordinate_WHTs,2026-07-26T07:46:01.273684+00:00,56a80d12dc147c6f4d9452798d88f387cd1c778b,OK,0.032,0.524,0.194,0.023,0.7739999999999999
ENCODER_ONLY_BENCH,PASS,WHT_ENCODER,WHT,12,4096,16,4,0,4096,4096,4096,0.000032,0.000526,0.000195,0.000023,0.000776,189.447292,11.840456,encoder_only; no_PPRF_setup; no_base_correlations; base_field_WHT_plus_m_coordinate_WHTs,2026-07-26T07:46:01.273697+00:00,56a80d12dc147c6f4d9452798d88f387cd1c778b,OK,0.032,0.526,0.195,0.023,0.776
ENCODER_ONLY_BENCH,PASS,WHT_ENCODER,WHT,12,4096,16,5,0,4096,4096,4096,0.000032,0.000548,0.000194,0.000023,0.000797,194.699737,12.168734,encoder_only; no_PPRF_setup; no_base_correlations; base_field_WHT_plus_m_coordinate_WHTs,2026-07-26T07:46:01.273711+00:00,56a80d12dc147c6f4d9452798d88f387cd1c778b,OK,0.032,0.5479999999999999,0.194,0.023,0.7969999999999999
ENCODER_ONLY_BENCH,PASS,WHT_ENCODER,WHT,12,4096,16,6,0,4096,4096,4096,0.000032,0.000517,0.000205,0.000024,0.000779,190.122250,11.882641,encoder_only; no_PPRF_setup; no_base_correlations; base_field_WHT_plus_m_coordinate_WHTs,2026-07-26T07:46:01.273725+00:00,56a80d12dc147c6f4d9452798d88f387cd1c778b,OK,0.032,0.517,0.205,0.024,0.7789999999999999
ENCODER_ONLY_BENCH,PASS,WHT_ENCODER,WHT,12,4096,16,7,0,4096,4096,4096,0.000032,0.000519,0.000203,0.000023,0.000778,189.885213,11.867826,encoder_only; no_PPRF_setup; no_base_correlations; base_field_WHT_plus_m_coordinate_WHTs,2026-07-26T07:46:01.273740+00:00,56a80d12dc147c6f4d9452798d88f387cd1c778b,OK,0.032,0.519,0.203,0.023,0.778
ENCODER_ONLY_BENCH,PASS,WHT_ENCODER,WHT,12,4096,16,8,0,4096,4096,4096,0.000032,0.000558,0.000195,0.000023,0.000809,197.440158,12.340010,encoder_only; no_PPRF_setup; no_base_correlations; base_field_WHT_plus_m_coordinate_WHTs,2026-07-26T07:46:01.273753+00:00,56a80d12dc147c6f4d9452798d88f387cd1c778b,OK,0.032,0.558,0.195,0.023,0.809
ENCODER_ONLY_BENCH,PASS,WHT_ENCODER,WHT,12,4096,16,9,0,4096,4096,4096,0.000032,0.000529,0.000194,0.000023,0.000778,189.998786,11.874924,encoder_only; no_PPRF_setup; no_base_correlations; base_field_WHT_plus_m_coordinate_WHTs,2026-07-26T07:46:01.273768+00:00,56a80d12dc147c6f4d9452798d88f387cd1c778b,OK,0.032,0.5289999999999999,0.194,0.023,0.778
ENCODER_ONLY_BENCH,PASS,EXCONV7X24_ENCODER,ExConv7x24,12,4096,16,0,1,4096,4096,8432,0.000683,0.002173,0.000000,0.000059,0.002915,711.766802,44.485425,encoder_only; no_PPRF_setup; no_base_correlations; silent_sVOLE_ExConv7x24_parameters,2026-07-26T07:46:01.273783+00:00,56a80d12dc147c6f4d9452798d88f387cd1c778b,OK,0.683,2.173,0.0,0.059,2.915
ENCODER_ONLY_BENCH,PASS,EXCONV7X24_ENCODER,ExConv7x24,12,4096,16,0,0,4096,4096,8432,0.000692,0.002080,0.000000,0.000057,0.002829,690.641286,43.165080,encoder_only; no_PPRF_setup; no_base_correlations; silent_sVOLE_ExConv7x24_parameters,2026-07-26T07:46:01.273796+00:00,56a80d12dc147c6f4d9452798d88f387cd1c778b,OK,0.6920000000000001,2.0799999999999996,0.0,0.057,2.8289999999999997
ENCODER_ONLY_BENCH,PASS,EXCONV7X24_ENCODER,ExConv7x24,12,4096,16,1,0,4096,4096,8432,0.000682,0.002162,0.000000,0.000057,0.002901,708.252287,44.265768,encoder_only; no_PPRF_setup; no_base_correlations; silent_sVOLE_ExConv7x24_parameters,2026-07-26T07:46:01.273810+00:00,56a80d12dc147c6f4d9452798d88f387cd1c778b,OK,0.6819999999999999,2.162,0.0,0.057,2.901
ENCODER_ONLY_BENCH,PASS,EXCONV7X24_ENCODER,ExConv7x24,12,4096,16,2,0,4096,4096,8432,0.000671,0.002089,0.000000,0.000058,0.002818,688.024215,43.001513,encoder_only; no_PPRF_setup; no_base_correlations; silent_sVOLE_ExConv7x24_parameters,2026-07-26T07:46:01.273825+00:00,56a80d12dc147c6f4d9452798d88f387cd1c778b,OK,0.671,2.089,0.0,0.058,2.818
ENCODER_ONLY_BENCH,PASS,EXCONV7X24_ENCODER,ExConv7x24,12,4096,16,3,0,4096,4096,8432,0.000698,0.002142,0.000000,0.000056,0.002897,707.279469,44.204967,encoder_only; no_PPRF_setup; no_base_correlations; silent_sVOLE_ExConv7x24_parameters,2026-07-26T07:46:01.273841+00:00,56a80d12dc147c6f4d9452798d88f387cd1c778b,OK,0.6980000000000001,2.142,0.0,0.056,2.897
ENCODER_ONLY_BENCH,PASS,EXCONV7X24_ENCODER,ExConv7x24,12,4096,16,4,0,4096,4096,8432,0.000679,0.002091,0.000000,0.000059,0.002830,690.974048,43.185878,encoder_only; no_PPRF_setup; no_base_correlations; silent_sVOLE_ExConv7x24_parameters,2026-07-26T07:46:01.273853+00:00,56a80d12dc147c6f4d9452798d88f387cd1c778b,OK,0.679,2.091,0.0,0.059,2.83
ENCODER_ONLY_BENCH,PASS,EXCONV7X24_ENCODER,ExConv7x24,12,4096,16,5,0,4096,4096,8432,0.000671,0.002041,0.000000,0.000057,0.002769,675.917477,42.244842,encoder_only; no_PPRF_setup; no_base_correlations; silent_sVOLE_ExConv7x24_parameters,2026-07-26T07:46:01.273865+00:00,56a80d12dc147c6f4d9452798d88f387cd1c778b,OK,0.671,2.041,0.0,0.057,2.769
ENCODER_ONLY_BENCH,PASS,EXCONV7X24_ENCODER,ExConv7x24,12,4096,16,6,0,4096,4096,8432,0.000678,0.002040,0.000000,0.000057,0.002775,677.554908,42.347182,encoder_only; no_PPRF_setup; no_base_correlations; silent_sVOLE_ExConv7x24_parameters,2026-07-26T07:46:01.273882+00:00,56a80d12dc147c6f4d9452798d88f387cd1c778b,OK,0.678,2.04,0.0,0.057,2.775
ENCODER_ONLY_BENCH,PASS,EXCONV7X24_ENCODER,ExConv7x24,12,4096,16,7,0,4096,4096,8432,0.000693,0.002113,0.000000,0.000059,0.002865,699.571274,43.723205,encoder_only; no_PPRF_setup; no_base_correlations; silent_sVOLE_ExConv7x24_parameters,2026-07-26T07:46:01.273894+00:00,56a80d12dc147c6f4d9452798d88f387cd1c778b,OK,0.6930000000000001,2.113,0.0,0.059,2.8649999999999998
ENCODER_ONLY_BENCH,PASS,EXCONV7X24_ENCODER,ExConv7x24,12,4096,16,8,0,4096,4096,8432,0.000718,0.002104,0.000000,0.000056,0.002879,702.865009,43.929063,encoder_only; no_PPRF_setup; no_base_correlations; silent_sVOLE_ExConv7x24_parameters,2026-07-26T07:46:01.273908+00:00,56a80d12dc147c6f4d9452798d88f387cd1c778b,OK,0.718,2.104,0.0,0.056,2.879
ENCODER_ONLY_BENCH,PASS,EXCONV7X24_ENCODER,ExConv7x24,12,4096,16,9,0,4096,4096,8432,0.000718,0.002109,0.000000,0.000057,0.002884,704.190938,44.011934,encoder_only; no_PPRF_setup; no_base_correlations; silent_sVOLE_ExConv7x24_parameters,2026-07-26T07:46:01.273923+00:00,56a80d12dc147c6f4d9452798d88f387cd1c778b,OK,0.718,2.109,0.0,0.057,2.884
ENCODER_ONLY_BENCH,PASS,WHT_ENCODER,WHT,12,4096,32,0,1,4096,4096,4096,0.000040,0.001050,0.000388,0.000063,0.001542,376.450885,11.764090,encoder_only; no_PPRF_setup; no_base_correlations; base_field_WHT_plus_m_coordinate_WHTs,2026-07-26T07:46:01.349880+00:00,56a80d12dc147c6f4d9452798d88f387cd1c778b,OK,0.04,1.05,0.388,0.063,1.542
ENCODER_ONLY_BENCH,PASS,WHT_ENCODER,WHT,12,4096,32,0,0,4096,4096,4096,0.000043,0.001047,0.000424,0.000063,0.001577,385.121098,12.035034,encoder_only; no_PPRF_setup; no_base_correlations; base_field_WHT_plus_m_coordinate_WHTs,2026-07-26T07:46:01.349926+00:00,56a80d12dc147c6f4d9452798d88f387cd1c778b,OK,0.043000000000000003,1.047,0.424,0.063,1.577
ENCODER_ONLY_BENCH,PASS,WHT_ENCODER,WHT,12,4096,32,1,0,4096,4096,4096,0.000032,0.001041,0.000388,0.000060,0.001521,371.399665,11.606240,encoder_only; no_PPRF_setup; no_base_correlations; base_field_WHT_plus_m_coordinate_WHTs,2026-07-26T07:46:01.349944+00:00,56a80d12dc147c6f4d9452798d88f387cd1c778b,OK,0.032,1.0410000000000001,0.388,0.060000000000000005,1.521
ENCODER_ONLY_BENCH,PASS,WHT_ENCODER,WHT,12,4096,32,2,0,4096,4096,4096,0.000032,0.001067,0.000398,0.000061,0.001559,380.640358,11.895011,encoder_only; no_PPRF_setup; no_base_correlations; base_field_WHT_plus_m_coordinate_WHTs,2026-07-26T07:46:01.349958+00:00,56a80d12dc147c6f4d9452798d88f387cd1c778b,OK,0.032,1.067,0.398,0.061,1.5590000000000002
ENCODER_ONLY_BENCH,PASS,WHT_ENCODER,WHT,12,4096,32,3,0,4096,4096,4096,0.000032,0.001069,0.000389,0.000060,0.001550,378.360596,11.823769,encoder_only; no_PPRF_setup; no_base_correlations; base_field_WHT_plus_m_coordinate_WHTs,2026-07-26T07:46:01.349975+00:00,56a80d12dc147c6f4d9452798d88f387cd1c778b,OK,0.032,1.0690000000000002,0.389,0.060000000000000005,1.55
ENCODER_ONLY_BENCH,PASS,WHT_ENCODER,WHT,12,4096,32,4,0,4096,4096,4096,0.000032,0.001065,0.000389,0.000060,0.001546,377.367883,11.792746,encoder_only; no_PPRF_setup; no_base_correlations; base_field_WHT_plus_m_coordinate_WHTs,2026-07-26T07:46:01.349996+00:00,56a80d12dc147c6f4d9452798d88f387cd1c778b,OK,0.032,1.065,0.389,0.060000000000000005,1.546
ENCODER_ONLY_BENCH,PASS,WHT_ENCODER,WHT,12,4096,32,5,0,4096,4096,4096,0.000032,0.001058,0.000444,0.000066,0.001600,390.659466,12.208108,encoder_only; no_PPRF_setup; no_base_correlations; base_field_WHT_plus_m_coordinate_WHTs,2026-07-26T07:46:01.350009+00:00,56a80d12dc147c6f4d9452798d88f387cd1c778b,OK,0.032,1.0579999999999998,0.444,0.066,1.6
ENCODER_ONLY_BENCH,PASS,WHT_ENCODER,WHT,12,4096,32,6,0,4096,4096,4096,0.000066,0.001067,0.000388,0.000060,0.001582,386.240686,12.070021,encoder_only; no_PPRF_setup; no_base_correlations; base_field_WHT_plus_m_coordinate_WHTs,2026-07-26T07:46:01.350023+00:00,56a80d12dc147c6f4d9452798d88f387cd1c778b,OK,0.066,1.067,0.388,0.060000000000000005,1.582
ENCODER_ONLY_BENCH,PASS,WHT_ENCODER,WHT,12,4096,32,7,0,4096,4096,4096,0.000032,0.001076,0.000388,0.000060,0.001556,379.881612,11.871300,encoder_only; no_PPRF_setup; no_base_correlations; base_field_WHT_plus_m_coordinate_WHTs,2026-07-26T07:46:01.350036+00:00,56a80d12dc147c6f4d9452798d88f387cd1c778b,OK,0.032,1.0759999999999998,0.388,0.060000000000000005,1.556
ENCODER_ONLY_BENCH,PASS,WHT_ENCODER,WHT,12,4096,32,8,0,4096,4096,4096,0.000032,0.001040,0.000398,0.000061,0.001531,373.807097,11.681472,encoder_only; no_PPRF_setup; no_base_correlations; base_field_WHT_plus_m_coordinate_WHTs,2026-07-26T07:46:01.350049+00:00,56a80d12dc147c6f4d9452798d88f387cd1c778b,OK,0.032,1.0399999999999998,0.398,0.061,1.531
ENCODER_ONLY_BENCH,PASS,WHT_ENCODER,WHT,12,4096,32,9,0,4096,4096,4096,0.000032,0.001083,0.000388,0.000060,0.001564,381.846235,11.932695,encoder_only; no_PPRF_setup; no_base_correlations; base_field_WHT_plus_m_coordinate_WHTs,2026-07-26T07:46:01.350065+00:00,56a80d12dc147c6f4d9452798d88f387cd1c778b,OK,0.032,1.083,0.388,0.060000000000000005,1.564
ENCODER_ONLY_BENCH,PASS,EXCONV7X24_ENCODER,ExConv7x24,12,4096,32,0,1,4096,4096,8432,0.000675,0.001359,0.000000,0.000265,0.002299,561.191882,17.537246,encoder_only; no_PPRF_setup; no_base_correlations; silent_sVOLE_ExConv7x24_parameters,2026-07-26T07:46:01.350078+00:00,56a80d12dc147c6f4d9452798d88f387cd1c778b,OK,0.675,1.359,0.0,0.265,2.299
ENCODER_ONLY_BENCH,PASS,EXCONV7X24_ENCODER,ExConv7x24,12,4096,32,0,0,4096,4096,8432,0.000695,0.001302,0.000000,0.000303,0.002300,561.489742,17.546554,encoder_only; no_PPRF_setup; no_base_correlations; silent_sVOLE_ExConv7x24_parameters,2026-07-26T07:46:01.350094+00:00,56a80d12dc147c6f4d9452798d88f387cd1c778b,OK,0.695,1.302,0.0,0.303,2.3
ENCODER_ONLY_BENCH,PASS,EXCONV7X24_ENCODER,ExConv7x24,12,4096,32,1,0,4096,4096,8432,0.000681,0.001321,0.000000,0.000310,0.002313,564.586230,17.643320,encoder_only; no_PPRF_setup; no_base_correlations; silent_sVOLE_ExConv7x24_parameters,2026-07-26T07:46:01.350107+00:00,56a80d12dc147c6f4d9452798d88f387cd1c778b,OK,0.6809999999999999,1.321,0.0,0.31,2.313
ENCODER_ONLY_BENCH,PASS,EXCONV7X24_ENCODER,ExConv7x24,12,4096,32,2,0,4096,4096,8432,0.000695,0.001364,0.000000,0.000312,0.002372,579.020025,18.094376,encoder_only; no_PPRF_setup; no_base_correlations; silent_sVOLE_ExConv7x24_parameters,2026-07-26T07:46:01.350119+00:00,56a80d12dc147c6f4d9452798d88f387cd1c778b,OK,0.695,1.3639999999999999,0.0,0.312,2.372
ENCODER_ONLY_BENCH,PASS,EXCONV7X24_ENCODER,ExConv7x24,12,4096,32,3,0,4096,4096,8432,0.000682,0.001296,0.000000,0.000309,0.002287,558.447027,17.451470,encoder_only; no_PPRF_setup; no_base_correlations; silent_sVOLE_ExConv7x24_parameters,2026-07-26T07:46:01.350137+00:00,56a80d12dc147c6f4d9452798d88f387cd1c778b,OK,0.6819999999999999,1.296,0.0,0.309,2.287
ENCODER_ONLY_BENCH,PASS,EXCONV7X24_ENCODER,ExConv7x24,12,4096,32,4,0,4096,4096,8432,0.000684,0.001295,0.000000,0.000297,0.002276,555.638167,17.363693,encoder_only; no_PPRF_setup; no_base_correlations; silent_sVOLE_ExConv7x24_parameters,2026-07-26T07:46:01.350149+00:00,56a80d12dc147c6f4d9452798d88f387cd1c778b,OK,0.684,1.295,0.0,0.297,2.276
ENCODER_ONLY_BENCH,PASS,EXCONV7X24_ENCODER,ExConv7x24,12,4096,32,5,0,4096,4096,8432,0.000691,0.001363,0.000000,0.000296,0.002351,573.906959,17.934592,encoder_only; no_PPRF_setup; no_base_correlations; silent_sVOLE_ExConv7x24_parameters,2026-07-26T07:46:01.350163+00:00,56a80d12dc147c6f4d9452798d88f387cd1c778b,OK,0.691,1.363,0.0,0.296,2.351
ENCODER_ONLY_BENCH,PASS,EXCONV7X24_ENCODER,ExConv7x24,12,4096,32,6,0,4096,4096,8432,0.000680,0.001299,0.000000,0.000296,0.002275,555.490942,17.359092,encoder_only; no_PPRF_setup; no_base_correlations; silent_sVOLE_ExConv7x24_parameters,2026-07-26T07:46:01.350177+00:00,56a80d12dc147c6f4d9452798d88f387cd1c778b,OK,0.68,1.299,0.0,0.296,2.275
ENCODER_ONLY_BENCH,PASS,EXCONV7X24_ENCODER,ExConv7x24,12,4096,32,7,0,4096,4096,8432,0.000682,0.001295,0.000000,0.000297,0.002274,555.136467,17.348015,encoder_only; no_PPRF_setup; no_base_correlations; silent_sVOLE_ExConv7x24_parameters,2026-07-26T07:46:01.350194+00:00,56a80d12dc147c6f4d9452798d88f387cd1c778b,OK,0.6819999999999999,1.295,0.0,0.297,2.274
ENCODER_ONLY_BENCH,PASS,EXCONV7X24_ENCODER,ExConv7x24,12,4096,32,8,0,4096,4096,8432,0.000683,0.001369,0.000000,0.000297,0.002349,573.508032,17.922126,encoder_only; no_PPRF_setup; no_base_correlations; silent_sVOLE_ExConv7x24_parameters,2026-07-26T07:46:01.350206+00:00,56a80d12dc147c6f4d9452798d88f387cd1c778b,OK,0.683,1.369,0.0,0.297,2.3489999999999998
ENCODER_ONLY_BENCH,PASS,EXCONV7X24_ENCODER,ExConv7x24,12,4096,32,9,0,4096,4096,8432,0.000688,0.001372,0.000000,0.000299,0.002359,575.983222,17.999476,encoder_only; no_PPRF_setup; no_base_correlations; silent_sVOLE_ExConv7x24_parameters,2026-07-26T07:46:01.350218+00:00,56a80d12dc147c6f4d9452798d88f387cd1c778b,OK,0.6880000000000001,1.3719999999999999,0.0,0.299,2.359
ENCODER_ONLY_BENCH,PASS,WHT_ENCODER,WHT,14,16384,8,0,1,16384,16384,16384,0.000146,0.001152,0.000391,0.000067,0.001755,107.143251,13.392906,encoder_only; no_PPRF_setup; no_base_correlations; base_field_WHT_plus_m_coordinate_WHTs,2026-07-26T07:46:01.506269+00:00,56a80d12dc147c6f4d9452798d88f387cd1c778b,OK,0.146,1.1520000000000001,0.391,0.067,1.7550000000000001
ENCODER_ONLY_BENCH,PASS,WHT_ENCODER,WHT,14,16384,8,0,0,16384,16384,16384,0.000141,0.001156,0.000394,0.000067,0.001759,107.333619,13.416702,encoder_only; no_PPRF_setup; no_base_correlations; base_field_WHT_plus_m_coordinate_WHTs,2026-07-26T07:46:01.506312+00:00,56a80d12dc147c6f4d9452798d88f387cd1c778b,OK,0.14100000000000001,1.156,0.39399999999999996,0.067,1.759
ENCODER_ONLY_BENCH,PASS,WHT_ENCODER,WHT,14,16384,8,1,0,16384,16384,16384,0.000144,0.001149,0.000394,0.000065,0.001752,106.908033,13.363504,encoder_only; no_PPRF_setup; no_base_correlations; base_field_WHT_plus_m_coordinate_WHTs,2026-07-26T07:46:01.506332+00:00,56a80d12dc147c6f4d9452798d88f387cd1c778b,OK,0.14400000000000002,1.149,0.39399999999999996,0.06499999999999999,1.752
ENCODER_ONLY_BENCH,PASS,WHT_ENCODER,WHT,14,16384,8,2,0,16384,16384,16384,0.000142,0.001171,0.000405,0.000067,0.001786,108.978440,13.622305,encoder_only; no_PPRF_setup; no_base_correlations; base_field_WHT_plus_m_coordinate_WHTs,2026-07-26T07:46:01.506348+00:00,56a80d12dc147c6f4d9452798d88f387cd1c778b,OK,0.14200000000000002,1.171,0.40499999999999997,0.067,1.786
ENCODER_ONLY_BENCH,PASS,WHT_ENCODER,WHT,14,16384,8,3,0,16384,16384,16384,0.000141,0.001180,0.000396,0.000066,0.001785,108.922194,13.615274,encoder_only; no_PPRF_setup; no_base_correlations; base_field_WHT_plus_m_coordinate_WHTs,2026-07-26T07:46:01.506364+00:00,56a80d12dc147c6f4d9452798d88f387cd1c778b,OK,0.14100000000000001,1.1800000000000002,0.39599999999999996,0.066,1.785
ENCODER_ONLY_BENCH,PASS,WHT_ENCODER,WHT,14,16384,8,4,0,16384,16384,16384,0.000140,0.001143,0.000395,0.000064,0.001743,106.355401,13.294425,encoder_only; no_PPRF_setup; no_base_correlations; base_field_WHT_plus_m_coordinate_WHTs,2026-07-26T07:46:01.506379+00:00,56a80d12dc147c6f4d9452798d88f387cd1c778b,OK,0.13999999999999999,1.143,0.395,0.064,1.7429999999999999
ENCODER_ONLY_BENCH,PASS,WHT_ENCODER,WHT,14,16384,8,5,0,16384,16384,16384,0.000141,0.001147,0.000405,0.000064,0.001757,107.261826,13.407728,encoder_only; no_PPRF_setup; no_base_correlations; base_field_WHT_plus_m_coordinate_WHTs,2026-07-26T07:46:01.506392+00:00,56a80d12dc147c6f4d9452798d88f387cd1c778b,OK,0.14100000000000001,1.147,0.40499999999999997,0.064,1.7570000000000001
ENCODER_ONLY_BENCH,PASS,WHT_ENCODER,WHT,14,16384,8,6,0,16384,16384,16384,0.000149,0.001145,0.000395,0.000064,0.001753,106.971356,13.371420,encoder_only; no_PPRF_setup; no_base_correlations; base_field_WHT_plus_m_coordinate_WHTs,2026-07-26T07:46:01.506408+00:00,56a80d12dc147c6f4d9452798d88f387cd1c778b,OK,0.149,1.145,0.395,0.064,1.753
ENCODER_ONLY_BENCH,PASS,WHT_ENCODER,WHT,14,16384,8,7,0,16384,16384,16384,0.000142,0.001149,0.000395,0.000063,0.001749,106.736167,13.342021,encoder_only; no_PPRF_setup; no_base_correlations; base_field_WHT_plus_m_coordinate_WHTs,2026-07-26T07:46:01.506421+00:00,56a80d12dc147c6f4d9452798d88f387cd1c778b,OK,0.14200000000000002,1.149,0.395,0.063,1.7489999999999999
ENCODER_ONLY_BENCH,PASS,WHT_ENCODER,WHT,14,16384,8,8,0,16384,16384,16384,0.000139,0.001173,0.000406,0.000067,0.001785,108.963263,13.620408,encoder_only; no_PPRF_setup; no_base_correlations; base_field_WHT_plus_m_coordinate_WHTs,2026-07-26T07:46:01.506437+00:00,56a80d12dc147c6f4d9452798d88f387cd1c778b,OK,0.13899999999999998,1.173,0.406,0.067,1.785
ENCODER_ONLY_BENCH,PASS,WHT_ENCODER,WHT,14,16384,8,9,0,16384,16384,16384,0.000151,0.001169,0.000395,0.000066,0.001780,108.656593,13.582074,encoder_only; no_PPRF_setup; no_base_correlations; base_field_WHT_plus_m_coordinate_WHTs,2026-07-26T07:46:01.506451+00:00,56a80d12dc147c6f4d9452798d88f387cd1c778b,OK,0.15100000000000002,1.1689999999999998,0.395,0.066,1.7799999999999998
ENCODER_ONLY_BENCH,PASS,EXCONV7X24_ENCODER,ExConv7x24,14,16384,8,0,1,16384,16384,33232,0.002725,0.005637,0.000000,0.000283,0.008646,527.708863,65.963608,encoder_only; no_PPRF_setup; no_base_correlations; silent_sVOLE_ExConv7x24_parameters,2026-07-26T07:46:01.506463+00:00,56a80d12dc147c6f4d9452798d88f387cd1c778b,OK,2.725,5.637,0.0,0.283,8.645999999999999
ENCODER_ONLY_BENCH,PASS,EXCONV7X24_ENCODER,ExConv7x24,14,16384,8,0,0,16384,16384,33232,0.002731,0.005696,0.000000,0.000249,0.008677,529.581769,66.197721,encoder_only; no_PPRF_setup; no_base_correlations; silent_sVOLE_ExConv7x24_parameters,2026-07-26T07:46:01.506478+00:00,56a80d12dc147c6f4d9452798d88f387cd1c778b,OK,2.731,5.696,0.0,0.24899999999999997,8.677000000000001
ENCODER_ONLY_BENCH,PASS,EXCONV7X24_ENCODER,ExConv7x24,14,16384,8,1,0,16384,16384,33232,0.002706,0.005673,0.000000,0.000241,0.008620,526.122676,65.765335,encoder_only; no_PPRF_setup; no_base_correlations; silent_sVOLE_ExConv7x24_parameters,2026-07-26T07:46:01.506507+00:00,56a80d12dc147c6f4d9452798d88f387cd1c778b,OK,2.706,5.673,0.0,0.241,8.62
ENCODER_ONLY_BENCH,PASS,EXCONV7X24_ENCODER,ExConv7x24,14,16384,8,2,0,16384,16384,33232,0.002697,0.005681,0.000000,0.000239,0.008617,525.925287,65.740661,encoder_only; no_PPRF_setup; no_base_correlations; silent_sVOLE_ExConv7x24_parameters,2026-07-26T07:46:01.506523+00:00,56a80d12dc147c6f4d9452798d88f387cd1c778b,OK,2.697,5.681,0.0,0.23900000000000002,8.616999999999999
ENCODER_ONLY_BENCH,PASS,EXCONV7X24_ENCODER,ExConv7x24,14,16384,8,3,0,16384,16384,33232,0.002675,0.005644,0.000000,0.000239,0.008558,522.367969,65.295996,encoder_only; no_PPRF_setup; no_base_correlations; silent_sVOLE_ExConv7x24_parameters,2026-07-26T07:46:01.506535+00:00,56a80d12dc147c6f4d9452798d88f387cd1c778b,OK,2.675,5.644,0.0,0.23900000000000002,8.558
ENCODER_ONLY_BENCH,PASS,EXCONV7X24_ENCODER,ExConv7x24,14,16384,8,4,0,16384,16384,33232,0.002722,0.005666,0.000000,0.000251,0.008640,527.345804,65.918226,encoder_only; no_PPRF_setup; no_base_correlations; silent_sVOLE_ExConv7x24_parameters,2026-07-26T07:46:01.506547+00:00,56a80d12dc147c6f4d9452798d88f387cd1c778b,OK,2.722,5.666,0.0,0.251,8.64
ENCODER_ONLY_BENCH,PASS,EXCONV7X24_ENCODER,ExConv7x24,14,16384,8,5,0,16384,16384,33232,0.002744,0.005636,0.000000,0.000238,0.008618,526.024962,65.753120,encoder_only; no_PPRF_setup; no_base_correlations; silent_sVOLE_ExConv7x24_parameters,2026-07-26T07:46:01.506562+00:00,56a80d12dc147c6f4d9452798d88f387cd1c778b,OK,2.7439999999999998,5.636,0.0,0.23800000000000002,8.618
ENCODER_ONLY_BENCH,PASS,EXCONV7X24_ENCODER,ExConv7x24,14,16384,8,6,0,16384,16384,33232,0.002793,0.005671,0.000000,0.000240,0.008704,531.259360,66.407420,encoder_only; no_PPRF_setup; no_base_correlations; silent_sVOLE_ExConv7x24_parameters,2026-07-26T07:46:01.506574+00:00,56a80d12dc147c6f4d9452798d88f387cd1c778b,OK,2.7929999999999997,5.671,0.0,0.24000000000000002,8.704
ENCODER_ONLY_BENCH,PASS,EXCONV7X24_ENCODER,ExConv7x24,14,16384,8,7,0,16384,16384,33232,0.002711,0.005611,0.000000,0.000240,0.008563,522.671371,65.333921,encoder_only; no_PPRF_setup; no_base_correlations; silent_sVOLE_ExConv7x24_parameters,2026-07-26T07:46:01.506586+00:00,56a80d12dc147c6f4d9452798d88f387cd1c778b,OK,2.711,5.611,0.0,0.24000000000000002,8.562999999999999
ENCODER_ONLY_BENCH,PASS,EXCONV7X24_ENCODER,ExConv7x24,14,16384,8,8,0,16384,16384,33232,0.002682,0.005737,0.000000,0.000251,0.008671,529.237042,66.154630,encoder_only; no_PPRF_setup; no_base_correlations; silent_sVOLE_ExConv7x24_parameters,2026-07-26T07:46:01.506617+00:00,56a80d12dc147c6f4d9452798d88f387cd1c778b,OK,2.682,5.737,0.0,0.251,8.671
ENCODER_ONLY_BENCH,PASS,EXCONV7X24_ENCODER,ExConv7x24,14,16384,8,9,0,16384,16384,33232,0.002704,0.005598,0.000000,0.000253,0.008556,522.193432,65.274179,encoder_only; no_PPRF_setup; no_base_correlations; silent_sVOLE_ExConv7x24_parameters,2026-07-26T07:46:01.506632+00:00,56a80d12dc147c6f4d9452798d88f387cd1c778b,OK,2.7039999999999997,5.598,0.0,0.253,8.556
ENCODER_ONLY_BENCH,PASS,WHT_ENCODER,WHT,14,16384,16,0,1,16384,16384,16384,0.000144,0.002373,0.000781,0.000166,0.003465,211.477158,13.217322,encoder_only; no_PPRF_setup; no_base_correlations; base_field_WHT_plus_m_coordinate_WHTs,2026-07-26T07:46:01.765054+00:00,56a80d12dc147c6f4d9452798d88f387cd1c778b,OK,0.14400000000000002,2.373,0.781,0.166,3.4650000000000003
ENCODER_ONLY_BENCH,PASS,WHT_ENCODER,WHT,14,16384,16,0,0,16384,16384,16384,0.000141,0.002330,0.000817,0.000158,0.003447,210.397275,13.149830,encoder_only; no_PPRF_setup; no_base_correlations; base_field_WHT_plus_m_coordinate_WHTs,2026-07-26T07:46:01.765096+00:00,56a80d12dc147c6f4d9452798d88f387cd1c778b,OK,0.14100000000000001,2.33,0.8170000000000001,0.158,3.447
ENCODER_ONLY_BENCH,PASS,WHT_ENCODER,WHT,14,16384,16,1,0,16384,16384,16384,0.000175,0.002324,0.000790,0.000159,0.003448,210.428595,13.151787,encoder_only; no_PPRF_setup; no_base_correlations; base_field_WHT_plus_m_coordinate_WHTs,2026-07-26T07:46:01.765113+00:00,56a80d12dc147c6f4d9452798d88f387cd1c778b,OK,0.175,2.3240000000000003,0.79,0.159,3.448
ENCODER_ONLY_BENCH,PASS,WHT_ENCODER,WHT,14,16384,16,2,0,16384,16384,16384,0.000141,0.002373,0.000782,0.000166,0.003461,211.272152,13.204509,encoder_only; no_PPRF_setup; no_base_correlations; base_field_WHT_plus_m_coordinate_WHTs,2026-07-26T07:46:01.765131+00:00,56a80d12dc147c6f4d9452798d88f387cd1c778b,OK,0.14100000000000001,2.373,0.782,0.166,3.4610000000000003
ENCODER_ONLY_BENCH,PASS,WHT_ENCODER,WHT,14,16384,16,3,0,16384,16384,16384,0.000141,0.002324,0.000829,0.000157,0.003452,210.695049,13.168441,encoder_only; no_PPRF_setup; no_base_correlations; base_field_WHT_plus_m_coordinate_WHTs,2026-07-26T07:46:01.765145+00:00,56a80d12dc147c6f4d9452798d88f387cd1c778b,OK,0.14100000000000001,2.3240000000000003,0.829,0.157,3.4520000000000004
ENCODER_ONLY_BENCH,PASS,WHT_ENCODER,WHT,14,16384,16,4,0,16384,16384,16384,0.000141,0.002362,0.000791,0.000157,0.003452,210.675836,13.167240,encoder_only; no_PPRF_setup; no_base_correlations; base_field_WHT_plus_m_coordinate_WHTs,2026-07-26T07:46:01.765158+00:00,56a80d12dc147c6f4d9452798d88f387cd1c778b,OK,0.14100000000000001,2.362,0.791,0.157,3.4520000000000004
ENCODER_ONLY_BENCH,PASS,WHT_ENCODER,WHT,14,16384,16,5,0,16384,16384,16384,0.000141,0.002348,0.000792,0.000157,0.003439,209.876049,13.117253,encoder_only; no_PPRF_setup; no_base_correlations; base_field_WHT_plus_m_coordinate_WHTs,2026-07-26T07:46:01.765174+00:00,56a80d12dc147c6f4d9452798d88f387cd1c778b,OK,0.14100000000000001,2.348,0.7919999999999999,0.157,3.439
ENCODER_ONLY_BENCH,PASS,WHT_ENCODER,WHT,14,16384,16,6,0,16384,16384,16384,0.000141,0.002369,0.000864,0.000155,0.003529,215.410466,13.463154,encoder_only; no_PPRF_setup; no_base_correlations; base_field_WHT_plus_m_coordinate_WHTs,2026-07-26T07:46:01.765188+00:00,56a80d12dc147c6f4d9452798d88f387cd1c778b,OK,0.14100000000000001,2.369,0.864,0.155,3.529
ENCODER_ONLY_BENCH,PASS,WHT_ENCODER,WHT,14,16384,16,7,0,16384,16384,16384,0.000141,0.002387,0.000792,0.000156,0.003476,212.127986,13.257999,encoder_only; no_PPRF_setup; no_base_correlations; base_field_WHT_plus_m_coordinate_WHTs,2026-07-26T07:46:01.765202+00:00,56a80d12dc147c6f4d9452798d88f387cd1c778b,OK,0.14100000000000001,2.387,0.7919999999999999,0.156,3.476
ENCODER_ONLY_BENCH,PASS,WHT_ENCODER,WHT,14,16384,16,8,0,16384,16384,16384,0.000141,0.002350,0.000792,0.000158,0.003441,210.052065,13.128254,encoder_only; no_PPRF_setup; no_base_correlations; base_field_WHT_plus_m_coordinate_WHTs,2026-07-26T07:46:01.765217+00:00,56a80d12dc147c6f4d9452798d88f387cd1c778b,OK,0.14100000000000001,2.35,0.7919999999999999,0.158,3.441
ENCODER_ONLY_BENCH,PASS,WHT_ENCODER,WHT,14,16384,16,9,0,16384,16384,16384,0.000150,0.002321,0.000827,0.000154,0.003452,210.662847,13.166428,encoder_only; no_PPRF_setup; no_base_correlations; base_field_WHT_plus_m_coordinate_WHTs,2026-07-26T07:46:01.765231+00:00,56a80d12dc147c6f4d9452798d88f387cd1c778b,OK,0.15,2.321,0.8270000000000001,0.154,3.4520000000000004
ENCODER_ONLY_BENCH,PASS,EXCONV7X24_ENCODER,ExConv7x24,14,16384,16,0,1,16384,16384,33232,0.002719,0.009483,0.000000,0.000871,0.013073,797.882393,49.867650,encoder_only; no_PPRF_setup; no_base_correlations; silent_sVOLE_ExConv7x24_parameters,2026-07-26T07:46:01.765243+00:00,56a80d12dc147c6f4d9452798d88f387cd1c778b,OK,2.719,9.483,0.0,0.871,13.073
ENCODER_ONLY_BENCH,PASS,EXCONV7X24_ENCODER,ExConv7x24,14,16384,16,0,0,16384,16384,33232,0.002722,0.009424,0.000000,0.000879,0.013025,795.003643,49.687728,encoder_only; no_PPRF_setup; no_base_correlations; silent_sVOLE_ExConv7x24_parameters,2026-07-26T07:46:01.765261+00:00,56a80d12dc147c6f4d9452798d88f387cd1c778b,OK,2.722,9.424,0.0,0.879,13.025
ENCODER_ONLY_BENCH,PASS,EXCONV7X24_ENCODER,ExConv7x24,14,16384,16,1,0,16384,16384,33232,0.002702,0.009415,0.000000,0.000872,0.012989,792.782032,49.548877,encoder_only; no_PPRF_setup; no_base_correlations; silent_sVOLE_ExConv7x24_parameters,2026-07-26T07:46:01.765274+00:00,56a80d12dc147c6f4d9452798d88f387cd1c778b,OK,2.702,9.415,0.0,0.8720000000000001,12.989
ENCODER_ONLY_BENCH,PASS,EXCONV7X24_ENCODER,ExConv7x24,14,16384,16,2,0,16384,16384,33232,0.002715,0.009408,0.000000,0.000870,0.012993,793.055790,49.565987,encoder_only; no_PPRF_setup; no_base_correlations; silent_sVOLE_ExConv7x24_parameters,2026-07-26T07:46:01.765289+00:00,56a80d12dc147c6f4d9452798d88f387cd1c778b,OK,2.715,9.408,0.0,0.87,12.992999999999999
ENCODER_ONLY_BENCH,PASS,EXCONV7X24_ENCODER,ExConv7x24,14,16384,16,3,0,16384,16384,33232,0.002718,0.009437,0.000000,0.000859,0.013015,794.347585,49.646724,encoder_only; no_PPRF_setup; no_base_correlations; silent_sVOLE_ExConv7x24_parameters,2026-07-26T07:46:01.765302+00:00,56a80d12dc147c6f4d9452798d88f387cd1c778b,OK,2.718,9.437,0.0,0.859,13.015
ENCODER_ONLY_BENCH,PASS,EXCONV7X24_ENCODER,ExConv7x24,14,16384,16,4,0,16384,16384,33232,0.002696,0.009537,0.000000,0.000884,0.013117,800.617784,50.038611,encoder_only; no_PPRF_setup; no_base_correlations; silent_sVOLE_ExConv7x24_parameters,2026-07-26T07:46:01.765314+00:00,56a80d12dc147c6f4d9452798d88f387cd1c778b,OK,2.696,9.537,0.0,0.884,13.117
ENCODER_ONLY_BENCH,PASS,EXCONV7X24_ENCODER,ExConv7x24,14,16384,16,5,0,16384,16384,33232,0.002705,0.009440,0.000000,0.000861,0.013007,793.895140,49.618446,encoder_only; no_PPRF_setup; no_base_correlations; silent_sVOLE_ExConv7x24_parameters,2026-07-26T07:46:01.765328+00:00,56a80d12dc147c6f4d9452798d88f387cd1c778b,OK,2.705,9.440000000000001,0.0,0.861,13.007
ENCODER_ONLY_BENCH,PASS,EXCONV7X24_ENCODER,ExConv7x24,14,16384,16,6,0,16384,16384,33232,0.002703,0.009450,0.000000,0.000862,0.013016,794.452944,49.653309,encoder_only; no_PPRF_setup; no_base_correlations; silent_sVOLE_ExConv7x24_parameters,2026-07-26T07:46:01.765341+00:00,56a80d12dc147c6f4d9452798d88f387cd1c778b,OK,2.7030000000000003,9.45,0.0,0.862,13.016
ENCODER_ONLY_BENCH,PASS,EXCONV7X24_ENCODER,ExConv7x24,14,16384,16,7,0,16384,16384,33232,0.002697,0.009487,0.000000,0.000860,0.013045,796.178597,49.761162,encoder_only; no_PPRF_setup; no_base_correlations; silent_sVOLE_ExConv7x24_parameters,2026-07-26T07:46:01.765354+00:00,56a80d12dc147c6f4d9452798d88f387cd1c778b,OK,2.697,9.487,0.0,0.86,13.045
ENCODER_ONLY_BENCH,PASS,EXCONV7X24_ENCODER,ExConv7x24,14,16384,16,8,0,16384,16384,33232,0.002700,0.009440,0.000000,0.000859,0.013000,793.434822,49.589676,encoder_only; no_PPRF_setup; no_base_correlations; silent_sVOLE_ExConv7x24_parameters,2026-07-26T07:46:01.765367+00:00,56a80d12dc147c6f4d9452798d88f387cd1c778b,OK,2.7,9.440000000000001,0.0,0.859,13.0
ENCODER_ONLY_BENCH,PASS,EXCONV7X24_ENCODER,ExConv7x24,14,16384,16,9,0,16384,16384,33232,0.002691,0.009448,0.000000,0.000862,0.013001,793.498174,49.593636,encoder_only; no_PPRF_setup; no_base_correlations; silent_sVOLE_ExConv7x24_parameters,2026-07-26T07:46:01.765382+00:00,56a80d12dc147c6f4d9452798d88f387cd1c778b,OK,2.691,9.448,0.0,0.862,13.001000000000001
ENCODER_ONLY_BENCH,PASS,WHT_ENCODER,WHT,14,16384,32,0,1,16384,16384,16384,0.000145,0.004655,0.001569,0.000337,0.006706,409.303283,12.790728,encoder_only; no_PPRF_setup; no_base_correlations; base_field_WHT_plus_m_coordinate_WHTs,2026-07-26T07:46:02.103819+00:00,56a80d12dc147c6f4d9452798d88f387cd1c778b,OK,0.145,4.655,1.5690000000000002,0.337,6.706
ENCODER_ONLY_BENCH,PASS,WHT_ENCODER,WHT,14,16384,32,0,0,16384,16384,16384,0.000149,0.004632,0.001607,0.000320,0.006708,409.449541,12.795298,encoder_only; no_PPRF_setup; no_base_correlations; base_field_WHT_plus_m_coordinate_WHTs,2026-07-26T07:46:02.103866+00:00,56a80d12dc147c6f4d9452798d88f387cd1c778b,OK,0.149,4.632,1.607,0.32,6.708
ENCODER_ONLY_BENCH,PASS,WHT_ENCODER,WHT,14,16384,32,1,0,16384,16384,16384,0.000141,0.004649,0.001610,0.000320,0.006721,410.205132,12.818910,encoder_only; no_PPRF_setup; no_base_correlations; base_field_WHT_plus_m_coordinate_WHTs,2026-07-26T07:46:02.103884+00:00,56a80d12dc147c6f4d9452798d88f387cd1c778b,OK,0.14100000000000001,4.649,1.61,0.32,6.721
ENCODER_ONLY_BENCH,PASS,WHT_ENCODER,WHT,14,16384,32,2,0,16384,16384,16384,0.000141,0.004674,0.001575,0.000318,0.006708,409.425922,12.794560,encoder_only; no_PPRF_setup; no_base_correlations; base_field_WHT_plus_m_coordinate_WHTs,2026-07-26T07:46:02.103898+00:00,56a80d12dc147c6f4d9452798d88f387cd1c778b,OK,0.14100000000000001,4.674,1.575,0.318,6.708
ENCODER_ONLY_BENCH,PASS,WHT_ENCODER,WHT,14,16384,32,3,0,16384,16384,16384,0.000141,0.004638,0.001566,0.000328,0.006674,407.336358,12.729261,encoder_only; no_PPRF_setup; no_base_correlations; base_field_WHT_plus_m_coordinate_WHTs,2026-07-26T07:46:02.103913+00:00,56a80d12dc147c6f4d9452798d88f387cd1c778b,OK,0.14100000000000001,4.638,1.5659999999999998,0.328,6.674
ENCODER_ONLY_BENCH,PASS,WHT_ENCODER,WHT,14,16384,32,4,0,16384,16384,16384,0.000141,0.004644,0.001565,0.000342,0.006692,408.472630,12.764770,encoder_only; no_PPRF_setup; no_base_correlations; base_field_WHT_plus_m_coordinate_WHTs,2026-07-26T07:46:02.103926+00:00,56a80d12dc147c6f4d9452798d88f387cd1c778b,OK,0.14100000000000001,4.644,1.565,0.342,6.692
ENCODER_ONLY_BENCH,PASS,WHT_ENCODER,WHT,14,16384,32,5,0,16384,16384,16384,0.000142,0.004641,0.001596,0.000331,0.006710,409.567377,12.798981,encoder_only; no_PPRF_setup; no_base_correlations; base_field_WHT_plus_m_coordinate_WHTs,2026-07-26T07:46:02.103941+00:00,56a80d12dc147c6f4d9452798d88f387cd1c778b,OK,0.14200000000000002,4.641,1.596,0.331,6.71
ENCODER_ONLY_BENCH,PASS,WHT_ENCODER,WHT,14,16384,32,6,0,16384,16384,16384,0.000142,0.004632,0.001606,0.000319,0.006699,408.865901,12.777059,encoder_only; no_PPRF_setup; no_base_correlations; base_field_WHT_plus_m_coordinate_WHTs,2026-07-26T07:46:02.103956+00:00,56a80d12dc147c6f4d9452798d88f387cd1c778b,OK,0.14200000000000002,4.632,1.606,0.319,6.699
ENCODER_ONLY_BENCH,PASS,WHT_ENCODER,WHT,14,16384,32,7,0,16384,16384,16384,0.000170,0.004629,0.001577,0.000319,0.006695,408.647395,12.770231,encoder_only; no_PPRF_setup; no_base_correlations; base_field_WHT_plus_m_coordinate_WHTs,2026-07-26T07:46:02.103968+00:00,56a80d12dc147c6f4d9452798d88f387cd1c778b,OK,0.17,4.6290000000000004,1.577,0.319,6.695
ENCODER_ONLY_BENCH,PASS,WHT_ENCODER,WHT,14,16384,32,8,0,16384,16384,16384,0.000152,0.004637,0.001577,0.000321,0.006688,408.194467,12.756077,encoder_only; no_PPRF_setup; no_base_correlations; base_field_WHT_plus_m_coordinate_WHTs,2026-07-26T07:46:02.103984+00:00,56a80d12dc147c6f4d9452798d88f387cd1c778b,OK,0.152,4.637,1.577,0.321,6.688000000000001
ENCODER_ONLY_BENCH,PASS,WHT_ENCODER,WHT,14,16384,32,9,0,16384,16384,16384,0.000142,0.004649,0.001577,0.000333,0.006700,408.951479,12.779734,encoder_only; no_PPRF_setup; no_base_correlations; base_field_WHT_plus_m_coordinate_WHTs,2026-07-26T07:46:02.103998+00:00,56a80d12dc147c6f4d9452798d88f387cd1c778b,OK,0.14200000000000002,4.649,1.577,0.333,6.7
ENCODER_ONLY_BENCH,PASS,EXCONV7X24_ENCODER,ExConv7x24,14,16384,32,0,1,16384,16384,33232,0.002728,0.006029,0.000000,0.001820,0.010578,645.613284,20.175415,encoder_only; no_PPRF_setup; no_base_correlations; silent_sVOLE_ExConv7x24_parameters,2026-07-26T07:46:02.104013+00:00,56a80d12dc147c6f4d9452798d88f387cd1c778b,OK,2.7279999999999998,6.029,0.0,1.82,10.578000000000001
ENCODER_ONLY_BENCH,PASS,EXCONV7X24_ENCODER,ExConv7x24,14,16384,32,0,0,16384,16384,33232,0.002706,0.006045,0.000000,0.001785,0.010536,643.078124,20.096191,encoder_only; no_PPRF_setup; no_base_correlations; silent_sVOLE_ExConv7x24_parameters,2026-07-26T07:46:02.104027+00:00,56a80d12dc147c6f4d9452798d88f387cd1c778b,OK,2.706,6.045,0.0,1.785,10.536
ENCODER_ONLY_BENCH,PASS,EXCONV7X24_ENCODER,ExConv7x24,14,16384,32,1,0,16384,16384,33232,0.002685,0.005917,0.000000,0.001732,0.010335,630.814839,19.712964,encoder_only; no_PPRF_setup; no_base_correlations; silent_sVOLE_ExConv7x24_parameters,2026-07-26T07:46:02.104049+00:00,56a80d12dc147c6f4d9452798d88f387cd1c778b,OK,2.685,5.917000000000001,0.0,1.732,10.335
ENCODER_ONLY_BENCH,PASS,EXCONV7X24_ENCODER,ExConv7x24,14,16384,32,2,0,16384,16384,33232,0.002691,0.005954,0.000000,0.001740,0.010385,633.842092,19.807565,encoder_only; no_PPRF_setup; no_base_correlations; silent_sVOLE_ExConv7x24_parameters,2026-07-26T07:46:02.104061+00:00,56a80d12dc147c6f4d9452798d88f387cd1c778b,OK,2.691,5.954,0.0,1.74,10.385
ENCODER_ONLY_BENCH,PASS,EXCONV7X24_ENCODER,ExConv7x24,14,16384,32,3,0,16384,16384,33232,0.002773,0.005953,0.000000,0.001764,0.010490,640.286203,20.008944,encoder_only; no_PPRF_setup; no_base_correlations; silent_sVOLE_ExConv7x24_parameters,2026-07-26T07:46:02.104075+00:00,56a80d12dc147c6f4d9452798d88f387cd1c778b,OK,2.7729999999999997,5.953,0.0,1.764,10.489999999999998
ENCODER_ONLY_BENCH,PASS,EXCONV7X24_ENCODER,ExConv7x24,14,16384,32,4,0,16384,16384,33232,0.002728,0.005913,0.000000,0.001773,0.010414,635.612253,19.862883,encoder_only; no_PPRF_setup; no_base_correlations; silent_sVOLE_ExConv7x24_parameters,2026-07-26T07:46:02.104089+00:00,56a80d12dc147c6f4d9452798d88f387cd1c778b,OK,2.7279999999999998,5.913,0.0,1.7730000000000001,10.414
ENCODER_ONLY_BENCH,PASS,EXCONV7X24_ENCODER,ExConv7x24,14,16384,32,5,0,16384,16384,33232,0.002748,0.006009,0.000000,0.001767,0.010523,642.278650,20.071208,encoder_only; no_PPRF_setup; no_base_correlations; silent_sVOLE_ExConv7x24_parameters,2026-07-26T07:46:02.104103+00:00,56a80d12dc147c6f4d9452798d88f387cd1c778b,OK,2.748,6.0089999999999995,0.0,1.767,10.523
ENCODER_ONLY_BENCH,PASS,EXCONV7X24_ENCODER,ExConv7x24,14,16384,32,6,0,16384,16384,33232,0.002702,0.005914,0.000000,0.001742,0.010358,632.217592,19.756800,encoder_only; no_PPRF_setup; no_base_correlations; silent_sVOLE_ExConv7x24_parameters,2026-07-26T07:46:02.104116+00:00,56a80d12dc147c6f4d9452798d88f387cd1c778b,OK,2.702,5.914,0.0,1.742,10.357999999999999
ENCODER_ONLY_BENCH,PASS,EXCONV7X24_ENCODER,ExConv7x24,14,16384,32,7,0,16384,16384,33232,0.002696,0.005950,0.000000,0.001764,0.010411,635.419298,19.856853,encoder_only; no_PPRF_setup; no_base_correlations; silent_sVOLE_ExConv7x24_parameters,2026-07-26T07:46:02.104129+00:00,56a80d12dc147c6f4d9452798d88f387cd1c778b,OK,2.696,5.95,0.0,1.764,10.411
ENCODER_ONLY_BENCH,PASS,EXCONV7X24_ENCODER,ExConv7x24,14,16384,32,8,0,16384,16384,33232,0.002691,0.005901,0.000000,0.001742,0.010334,630.765385,19.711418,encoder_only; no_PPRF_setup; no_base_correlations; silent_sVOLE_ExConv7x24_parameters,2026-07-26T07:46:02.104141+00:00,56a80d12dc147c6f4d9452798d88f387cd1c778b,OK,2.691,5.901,0.0,1.742,10.334
ENCODER_ONLY_BENCH,PASS,EXCONV7X24_ENCODER,ExConv7x24,14,16384,32,9,0,16384,16384,33232,0.002692,0.005907,0.000000,0.001750,0.010350,631.701596,19.740675,encoder_only; no_PPRF_setup; no_base_correlations; silent_sVOLE_ExConv7x24_parameters,2026-07-26T07:46:02.104154+00:00,56a80d12dc147c6f4d9452798d88f387cd1c778b,OK,2.692,5.907,0.0,1.75,10.35
ENCODER_ONLY_BENCH,PASS,WHT_ENCODER,WHT,16,65536,8,0,1,65536,65536,65536,0.000605,0.004865,0.001587,0.000355,0.007412,113.102494,14.137812,encoder_only; no_PPRF_setup; no_base_correlations; base_field_WHT_plus_m_coordinate_WHTs,2026-07-26T07:46:02.751233+00:00,56a80d12dc147c6f4d9452798d88f387cd1c778b,OK,0.605,4.865,1.5870000000000002,0.355,7.412
ENCODER_ONLY_BENCH,PASS,WHT_ENCODER,WHT,16,65536,8,0,0,65536,65536,65536,0.000595,0.004807,0.001622,0.000329,0.007353,112.198670,14.024834,encoder_only; no_PPRF_setup; no_base_correlations; base_field_WHT_plus_m_coordinate_WHTs,2026-07-26T07:46:02.751286+00:00,56a80d12dc147c6f4d9452798d88f387cd1c778b,OK,0.5950000000000001,4.8069999999999995,1.6219999999999999,0.32899999999999996,7.353
ENCODER_ONLY_BENCH,PASS,WHT_ENCODER,WHT,16,65536,8,1,0,65536,65536,65536,0.000600,0.004845,0.001595,0.000316,0.007357,112.258910,14.032364,encoder_only; no_PPRF_setup; no_base_correlations; base_field_WHT_plus_m_coordinate_WHTs,2026-07-26T07:46:02.751301+00:00,56a80d12dc147c6f4d9452798d88f387cd1c778b,OK,0.6,4.845000000000001,1.595,0.316,7.357
ENCODER_ONLY_BENCH,PASS,WHT_ENCODER,WHT,16,65536,8,2,0,65536,65536,65536,0.000591,0.004850,0.001649,0.000332,0.007423,113.262125,14.157766,encoder_only; no_PPRF_setup; no_base_correlations; base_field_WHT_plus_m_coordinate_WHTs,2026-07-26T07:46:02.751320+00:00,56a80d12dc147c6f4d9452798d88f387cd1c778b,OK,0.5910000000000001,4.8500000000000005,1.649,0.332,7.423
ENCODER_ONLY_BENCH,PASS,WHT_ENCODER,WHT,16,65536,8,3,0,65536,65536,65536,0.000590,0.004869,0.001598,0.000332,0.007389,112.747252,14.093406,encoder_only; no_PPRF_setup; no_base_correlations; base_field_WHT_plus_m_coordinate_WHTs,2026-07-26T07:46:02.751333+00:00,56a80d12dc147c6f4d9452798d88f387cd1c778b,OK,0.5900000000000001,4.869,1.598,0.332,7.388999999999999
ENCODER_ONLY_BENCH,PASS,WHT_ENCODER,WHT,16,65536,8,4,0,65536,65536,65536,0.000598,0.004830,0.001587,0.000341,0.007357,112.255464,14.031933,encoder_only; no_PPRF_setup; no_base_correlations; base_field_WHT_plus_m_coordinate_WHTs,2026-07-26T07:46:02.751349+00:00,56a80d12dc147c6f4d9452798d88f387cd1c778b,OK,0.598,4.83,1.5870000000000002,0.34099999999999997,7.357
ENCODER_ONLY_BENCH,PASS,WHT_ENCODER,WHT,16,65536,8,5,0,65536,65536,65536,0.000616,0.004902,0.001607,0.000342,0.007467,113.942001,14.242750,encoder_only; no_PPRF_setup; no_base_correlations; base_field_WHT_plus_m_coordinate_WHTs,2026-07-26T07:46:02.751363+00:00,56a80d12dc147c6f4d9452798d88f387cd1c778b,OK,0.616,4.902,1.607,0.342,7.467
ENCODER_ONLY_BENCH,PASS,WHT_ENCODER,WHT,16,65536,8,6,0,65536,65536,65536,0.000598,0.004790,0.001600,0.000333,0.007322,111.729626,13.966203,encoder_only; no_PPRF_setup; no_base_correlations; base_field_WHT_plus_m_coordinate_WHTs,2026-07-26T07:46:02.751376+00:00,56a80d12dc147c6f4d9452798d88f387cd1c778b,OK,0.598,4.79,1.6,0.333,7.322
ENCODER_ONLY_BENCH,PASS,WHT_ENCODER,WHT,16,65536,8,7,0,65536,65536,65536,0.000589,0.004828,0.001607,0.000316,0.007340,111.993501,13.999188,encoder_only; no_PPRF_setup; no_base_correlations; base_field_WHT_plus_m_coordinate_WHTs,2026-07-26T07:46:02.751392+00:00,56a80d12dc147c6f4d9452798d88f387cd1c778b,OK,0.589,4.827999999999999,1.607,0.316,7.34
ENCODER_ONLY_BENCH,PASS,WHT_ENCODER,WHT,16,65536,8,8,0,65536,65536,65536,0.000597,0.004798,0.001586,0.000324,0.007306,111.477554,13.934694,encoder_only; no_PPRF_setup; no_base_correlations; base_field_WHT_plus_m_coordinate_WHTs,2026-07-26T07:46:02.751405+00:00,56a80d12dc147c6f4d9452798d88f387cd1c778b,OK,0.597,4.798,1.5859999999999999,0.324,7.306
ENCODER_ONLY_BENCH,PASS,WHT_ENCODER,WHT,16,65536,8,9,0,65536,65536,65536,0.000595,0.004808,0.001599,0.000328,0.007330,111.846376,13.980797,encoder_only; no_PPRF_setup; no_base_correlations; base_field_WHT_plus_m_coordinate_WHTs,2026-07-26T07:46:02.751419+00:00,56a80d12dc147c6f4d9452798d88f387cd1c778b,OK,0.5950000000000001,4.808,1.599,0.328,7.33
ENCODER_ONLY_BENCH,PASS,EXCONV7X24_ENCODER,ExConv7x24,16,65536,8,0,1,65536,65536,131440,0.010710,0.025214,0.000000,0.001468,0.037393,570.565263,71.320658,encoder_only; no_PPRF_setup; no_base_correlations; silent_sVOLE_ExConv7x24_parameters,2026-07-26T07:46:02.751434+00:00,56a80d12dc147c6f4d9452798d88f387cd1c778b,OK,10.71,25.214,0.0,1.468,37.393
ENCODER_ONLY_BENCH,PASS,EXCONV7X24_ENCODER,ExConv7x24,16,65536,8,0,0,65536,65536,131440,0.010722,0.025240,0.000000,0.001511,0.037473,571.786835,71.473354,encoder_only; no_PPRF_setup; no_base_correlations; silent_sVOLE_ExConv7x24_parameters,2026-07-26T07:46:02.751446+00:00,56a80d12dc147c6f4d9452798d88f387cd1c778b,OK,10.722000000000001,25.24,0.0,1.511,37.473
ENCODER_ONLY_BENCH,PASS,EXCONV7X24_ENCODER,ExConv7x24,16,65536,8,1,0,65536,65536,131440,0.010726,0.025564,0.000000,0.001537,0.037827,577.194477,72.149310,encoder_only; no_PPRF_setup; no_base_correlations; silent_sVOLE_ExConv7x24_parameters,2026-07-26T07:46:02.751461+00:00,56a80d12dc147c6f4d9452798d88f387cd1c778b,OK,10.725999999999999,25.564,0.0,1.537,37.827
ENCODER_ONLY_BENCH,PASS,EXCONV7X24_ENCODER,ExConv7x24,16,65536,8,2,0,65536,65536,131440,0.010748,0.025098,0.000000,0.001465,0.037311,569.318189,71.164774,encoder_only; no_PPRF_setup; no_base_correlations; silent_sVOLE_ExConv7x24_parameters,2026-07-26T07:46:02.751473+00:00,56a80d12dc147c6f4d9452798d88f387cd1c778b,OK,10.748000000000001,25.098,0.0,1.4649999999999999,37.311
ENCODER_ONLY_BENCH,PASS,EXCONV7X24_ENCODER,ExConv7x24,16,65536,8,3,0,65536,65536,131440,0.010787,0.026305,0.000000,0.002024,0.039116,596.857014,74.607127,encoder_only; no_PPRF_setup; no_base_correlations; silent_sVOLE_ExConv7x24_parameters,2026-07-26T07:46:02.751500+00:00,56a80d12dc147c6f4d9452798d88f387cd1c778b,OK,10.786999999999999,26.305,0.0,2.024,39.116
ENCODER_ONLY_BENCH,PASS,EXCONV7X24_ENCODER,ExConv7x24,16,65536,8,4,0,65536,65536,131440,0.010814,0.025394,0.000000,0.001529,0.037738,575.839415,71.979927,encoder_only; no_PPRF_setup; no_base_correlations; silent_sVOLE_ExConv7x24_parameters,2026-07-26T07:46:02.751518+00:00,56a80d12dc147c6f4d9452798d88f387cd1c778b,OK,10.814,25.394,0.0,1.529,37.738
ENCODER_ONLY_BENCH,PASS,EXCONV7X24_ENCODER,ExConv7x24,16,65536,8,5,0,65536,65536,131440,0.010734,0.024916,0.000000,0.001445,0.037096,566.038267,70.754783,encoder_only; no_PPRF_setup; no_base_correlations; silent_sVOLE_ExConv7x24_parameters,2026-07-26T07:46:02.751532+00:00,56a80d12dc147c6f4d9452798d88f387cd1c778b,OK,10.734,24.916,0.0,1.445,37.096
ENCODER_ONLY_BENCH,PASS,EXCONV7X24_ENCODER,ExConv7x24,16,65536,8,6,0,65536,65536,131440,0.010696,0.024680,0.000000,0.001443,0.036820,561.822112,70.227764,encoder_only; no_PPRF_setup; no_base_correlations; silent_sVOLE_ExConv7x24_parameters,2026-07-26T07:46:02.751549+00:00,56a80d12dc147c6f4d9452798d88f387cd1c778b,OK,10.696000000000002,24.68,0.0,1.443,36.82
ENCODER_ONLY_BENCH,PASS,EXCONV7X24_ENCODER,ExConv7x24,16,65536,8,7,0,65536,65536,131440,0.010910,0.024735,0.000000,0.001434,0.037080,565.788788,70.723599,encoder_only; no_PPRF_setup; no_base_correlations; silent_sVOLE_ExConv7x24_parameters,2026-07-26T07:46:02.751561+00:00,56a80d12dc147c6f4d9452798d88f387cd1c778b,OK,10.91,24.735,0.0,1.434,37.08
ENCODER_ONLY_BENCH,PASS,EXCONV7X24_ENCODER,ExConv7x24,16,65536,8,8,0,65536,65536,131440,0.010706,0.024955,0.000000,0.001449,0.037111,566.262983,70.782873,encoder_only; no_PPRF_setup; no_base_correlations; silent_sVOLE_ExConv7x24_parameters,2026-07-26T07:46:02.751573+00:00,56a80d12dc147c6f4d9452798d88f387cd1c778b,OK,10.706,24.955000000000002,0.0,1.449,37.111
ENCODER_ONLY_BENCH,PASS,EXCONV7X24_ENCODER,ExConv7x24,16,65536,8,9,0,65536,65536,131440,0.010793,0.024788,0.000000,0.001429,0.037011,564.739139,70.592392,encoder_only; no_PPRF_setup; no_base_correlations; silent_sVOLE_ExConv7x24_parameters,2026-07-26T07:46:02.751588+00:00,56a80d12dc147c6f4d9452798d88f387cd1c778b,OK,10.793000000000001,24.788,0.0,1.4289999999999998,37.011
ENCODER_ONLY_BENCH,PASS,WHT_ENCODER,WHT,16,65536,16,0,1,65536,65536,65536,0.000613,0.009822,0.003162,0.000740,0.014338,218.773103,13.673319,encoder_only; no_PPRF_setup; no_base_correlations; base_field_WHT_plus_m_coordinate_WHTs,2026-07-26T07:46:03.858540+00:00,56a80d12dc147c6f4d9452798d88f387cd1c778b,OK,0.6130000000000001,9.822,3.162,0.74,14.338
ENCODER_ONLY_BENCH,PASS,WHT_ENCODER,WHT,16,65536,16,0,0,65536,65536,65536,0.000596,0.009759,0.003205,0.000822,0.014383,219.462571,13.716411,encoder_only; no_PPRF_setup; no_base_correlations; base_field_WHT_plus_m_coordinate_WHTs,2026-07-26T07:46:03.858609+00:00,56a80d12dc147c6f4d9452798d88f387cd1c778b,OK,0.596,9.759,3.205,0.8220000000000001,14.383
ENCODER_ONLY_BENCH,PASS,WHT_ENCODER,WHT,16,65536,16,1,0,65536,65536,65536,0.000586,0.009823,0.003190,0.000706,0.014305,218.284271,13.642767,encoder_only; no_PPRF_setup; no_base_correlations; base_field_WHT_plus_m_coordinate_WHTs,2026-07-26T07:46:03.858625+00:00,56a80d12dc147c6f4d9452798d88f387cd1c778b,OK,0.5860000000000001,9.823,3.19,0.7060000000000001,14.305
ENCODER_ONLY_BENCH,PASS,WHT_ENCODER,WHT,16,65536,16,2,0,65536,65536,65536,0.000609,0.009736,0.003193,0.000697,0.014236,217.217270,13.576079,encoder_only; no_PPRF_setup; no_base_correlations; base_field_WHT_plus_m_coordinate_WHTs,2026-07-26T07:46:03.858641+00:00,56a80d12dc147c6f4d9452798d88f387cd1c778b,OK,0.609,9.736,3.193,0.6970000000000001,14.236
ENCODER_ONLY_BENCH,PASS,WHT_ENCODER,WHT,16,65536,16,3,0,65536,65536,65536,0.000585,0.009802,0.003195,0.000703,0.014286,217.983015,13.623938,encoder_only; no_PPRF_setup; no_base_correlations; base_field_WHT_plus_m_coordinate_WHTs,2026-07-26T07:46:03.858655+00:00,56a80d12dc147c6f4d9452798d88f387cd1c778b,OK,0.585,9.802,3.195,0.703,14.286
ENCODER_ONLY_BENCH,PASS,WHT_ENCODER,WHT,16,65536,16,4,0,65536,65536,65536,0.000595,0.009862,0.003230,0.000715,0.014403,219.767394,13.735462,encoder_only; no_PPRF_setup; no_base_correlations; base_field_WHT_plus_m_coordinate_WHTs,2026-07-26T07:46:03.858667+00:00,56a80d12dc147c6f4d9452798d88f387cd1c778b,OK,0.5950000000000001,9.862,3.23,0.7150000000000001,14.402999999999999
ENCODER_ONLY_BENCH,PASS,WHT_ENCODER,WHT,16,65536,16,5,0,65536,65536,65536,0.000593,0.009770,0.003194,0.000694,0.014251,217.457185,13.591074,encoder_only; no_PPRF_setup; no_base_correlations; base_field_WHT_plus_m_coordinate_WHTs,2026-07-26T07:46:03.858682+00:00,56a80d12dc147c6f4d9452798d88f387cd1c778b,OK,0.593,9.77,3.194,0.694,14.251
ENCODER_ONLY_BENCH,PASS,WHT_ENCODER,WHT,16,65536,16,6,0,65536,65536,65536,0.000618,0.009750,0.003199,0.000869,0.014437,220.293579,13.768349,encoder_only; no_PPRF_setup; no_base_correlations; base_field_WHT_plus_m_coordinate_WHTs,2026-07-26T07:46:03.858694+00:00,56a80d12dc147c6f4d9452798d88f387cd1c778b,OK,0.618,9.75,3.199,0.869,14.437
ENCODER_ONLY_BENCH,PASS,WHT_ENCODER,WHT,16,65536,16,7,0,65536,65536,65536,0.000585,0.009939,0.003217,0.000698,0.014440,220.338016,13.771126,encoder_only; no_PPRF_setup; no_base_correlations; base_field_WHT_plus_m_coordinate_WHTs,2026-07-26T07:46:03.858709+00:00,56a80d12dc147c6f4d9452798d88f387cd1c778b,OK,0.585,9.939,3.2169999999999996,0.6980000000000001,14.44
ENCODER_ONLY_BENCH,PASS,WHT_ENCODER,WHT,16,65536,16,8,0,65536,65536,65536,0.000585,0.009860,0.003224,0.000744,0.014414,219.939317,13.746207,encoder_only; no_PPRF_setup; no_base_correlations; base_field_WHT_plus_m_coordinate_WHTs,2026-07-26T07:46:03.858725+00:00,56a80d12dc147c6f4d9452798d88f387cd1c778b,OK,0.585,9.860000000000001,3.2239999999999998,0.744,14.414
ENCODER_ONLY_BENCH,PASS,WHT_ENCODER,WHT,16,65536,16,9,0,65536,65536,65536,0.000584,0.009803,0.003200,0.000717,0.014304,218.267012,13.641688,encoder_only; no_PPRF_setup; no_base_correlations; base_field_WHT_plus_m_coordinate_WHTs,2026-07-26T07:46:03.858741+00:00,56a80d12dc147c6f4d9452798d88f387cd1c778b,OK,0.584,9.802999999999999,3.2,0.717,14.304
ENCODER_ONLY_BENCH,PASS,EXCONV7X24_ENCODER,ExConv7x24,16,65536,16,0,1,65536,65536,131440,0.010955,0.043938,0.000000,0.004536,0.059430,906.830948,56.676934,encoder_only; no_PPRF_setup; no_base_correlations; silent_sVOLE_ExConv7x24_parameters,2026-07-26T07:46:03.858757+00:00,56a80d12dc147c6f4d9452798d88f387cd1c778b,OK,10.955,43.937999999999995,0.0,4.5360000000000005,59.43
ENCODER_ONLY_BENCH,PASS,EXCONV7X24_ENCODER,ExConv7x24,16,65536,16,0,0,65536,65536,131440,0.010871,0.043687,0.000000,0.004279,0.058838,897.799758,56.112485,encoder_only; no_PPRF_setup; no_base_correlations; silent_sVOLE_ExConv7x24_parameters,2026-07-26T07:46:03.858770+00:00,56a80d12dc147c6f4d9452798d88f387cd1c778b,OK,10.871,43.687,0.0,4.279,58.838
ENCODER_ONLY_BENCH,PASS,EXCONV7X24_ENCODER,ExConv7x24,16,65536,16,1,0,65536,65536,131440,0.010745,0.043041,0.000000,0.004112,0.057899,883.463635,55.216477,encoder_only; no_PPRF_setup; no_base_correlations; silent_sVOLE_ExConv7x24_parameters,2026-07-26T07:46:03.858784+00:00,56a80d12dc147c6f4d9452798d88f387cd1c778b,OK,10.745,43.041000000000004,0.0,4.112,57.899
ENCODER_ONLY_BENCH,PASS,EXCONV7X24_ENCODER,ExConv7x24,16,65536,16,2,0,65536,65536,131440,0.010758,0.043140,0.000000,0.004280,0.058179,887.745045,55.484065,encoder_only; no_PPRF_setup; no_base_correlations; silent_sVOLE_ExConv7x24_parameters,2026-07-26T07:46:03.858796+00:00,56a80d12dc147c6f4d9452798d88f387cd1c778b,OK,10.758000000000001,43.14,0.0,4.28,58.179
ENCODER_ONLY_BENCH,PASS,EXCONV7X24_ENCODER,ExConv7x24,16,65536,16,3,0,65536,65536,131440,0.010715,0.046093,0.000000,0.005060,0.061868,944.033467,59.002092,encoder_only; no_PPRF_setup; no_base_correlations; silent_sVOLE_ExConv7x24_parameters,2026-07-26T07:46:03.858814+00:00,56a80d12dc147c6f4d9452798d88f387cd1c778b,OK,10.715,46.093,0.0,5.0600000000000005,61.868
ENCODER_ONLY_BENCH,PASS,EXCONV7X24_ENCODER,ExConv7x24,16,65536,16,4,0,65536,65536,131440,0.010810,0.043746,0.000000,0.004550,0.059106,901.892733,56.368296,encoder_only; no_PPRF_setup; no_base_correlations; silent_sVOLE_ExConv7x24_parameters,2026-07-26T07:46:03.858826+00:00,56a80d12dc147c6f4d9452798d88f387cd1c778b,OK,10.81,43.746,0.0,4.55,59.106
ENCODER_ONLY_BENCH,PASS,EXCONV7X24_ENCODER,ExConv7x24,16,65536,16,5,0,65536,65536,131440,0.010754,0.043903,0.000000,0.004611,0.059270,904.385743,56.524109,encoder_only; no_PPRF_setup; no_base_correlations; silent_sVOLE_ExConv7x24_parameters,2026-07-26T07:46:03.858841+00:00,56a80d12dc147c6f4d9452798d88f387cd1c778b,OK,10.754,43.903,0.0,4.611,59.27
ENCODER_ONLY_BENCH,PASS,EXCONV7X24_ENCODER,ExConv7x24,16,65536,16,6,0,65536,65536,131440,0.010760,0.043487,0.000000,0.004404,0.058652,894.953274,55.934580,encoder_only; no_PPRF_setup; no_base_correlations; silent_sVOLE_ExConv7x24_parameters,2026-07-26T07:46:03.858856+00:00,56a80d12dc147c6f4d9452798d88f387cd1c778b,OK,10.76,43.486999999999995,0.0,4.404,58.652
ENCODER_ONLY_BENCH,PASS,EXCONV7X24_ENCODER,ExConv7x24,16,65536,16,7,0,65536,65536,131440,0.010763,0.043076,0.000000,0.004189,0.058028,885.441096,55.340069,encoder_only; no_PPRF_setup; no_base_correlations; silent_sVOLE_ExConv7x24_parameters,2026-07-26T07:46:03.858868+00:00,56a80d12dc147c6f4d9452798d88f387cd1c778b,OK,10.763,43.076,0.0,4.189,58.028000000000006
ENCODER_ONLY_BENCH,PASS,EXCONV7X24_ENCODER,ExConv7x24,16,65536,16,8,0,65536,65536,131440,0.010760,0.043074,0.000000,0.004123,0.057958,884.373030,55.273314,encoder_only; no_PPRF_setup; no_base_correlations; silent_sVOLE_ExConv7x24_parameters,2026-07-26T07:46:03.858883+00:00,56a80d12dc147c6f4d9452798d88f387cd1c778b,OK,10.76,43.074,0.0,4.123,57.958000000000006
ENCODER_ONLY_BENCH,PASS,EXCONV7X24_ENCODER,ExConv7x24,16,65536,16,9,0,65536,65536,131440,0.010756,0.043220,0.000000,0.004191,0.058168,887.566962,55.472935,encoder_only; no_PPRF_setup; no_base_correlations; silent_sVOLE_ExConv7x24_parameters,2026-07-26T07:46:03.858898+00:00,56a80d12dc147c6f4d9452798d88f387cd1c778b,OK,10.756,43.22,0.0,4.191000000000001,58.168
ENCODER_ONLY_BENCH,PASS,WHT_ENCODER,WHT,16,65536,32,0,1,65536,65536,65536,0.000606,0.019416,0.006416,0.001843,0.028281,431.537202,13.485538,encoder_only; no_PPRF_setup; no_base_correlations; base_field_WHT_plus_m_coordinate_WHTs,2026-07-26T07:46:05.550564+00:00,56a80d12dc147c6f4d9452798d88f387cd1c778b,OK,0.606,19.416,6.4159999999999995,1.843,28.281
ENCODER_ONLY_BENCH,PASS,WHT_ENCODER,WHT,16,65536,32,0,0,65536,65536,65536,0.000601,0.019400,0.006405,0.001744,0.028151,429.554824,13.423588,encoder_only; no_PPRF_setup; no_base_correlations; base_field_WHT_plus_m_coordinate_WHTs,2026-07-26T07:46:05.550626+00:00,56a80d12dc147c6f4d9452798d88f387cd1c778b,OK,0.601,19.400000000000002,6.405,1.7440000000000002,28.151
ENCODER_ONLY_BENCH,PASS,WHT_ENCODER,WHT,16,65536,32,1,0,65536,65536,65536,0.000617,0.019682,0.006386,0.001819,0.028505,434.955801,13.592369,encoder_only; no_PPRF_setup; no_base_correlations; base_field_WHT_plus_m_coordinate_WHTs,2026-07-26T07:46:05.550647+00:00,56a80d12dc147c6f4d9452798d88f387cd1c778b,OK,0.617,19.682000000000002,6.386,1.8190000000000002,28.505
ENCODER_ONLY_BENCH,PASS,WHT_ENCODER,WHT,16,65536,32,2,0,65536,65536,65536,0.000586,0.019665,0.006355,0.001741,0.028348,432.551396,13.517231,encoder_only; no_PPRF_setup; no_base_correlations; base_field_WHT_plus_m_coordinate_WHTs,2026-07-26T07:46:05.550664+00:00,56a80d12dc147c6f4d9452798d88f387cd1c778b,OK,0.5860000000000001,19.665,6.355,1.7409999999999999,28.348000000000003
ENCODER_ONLY_BENCH,PASS,WHT_ENCODER,WHT,16,65536,32,3,0,65536,65536,65536,0.000589,0.019505,0.006361,0.001929,0.028383,433.091245,13.534101,encoder_only; no_PPRF_setup; no_base_correlations; base_field_WHT_plus_m_coordinate_WHTs,2026-07-26T07:46:05.550677+00:00,56a80d12dc147c6f4d9452798d88f387cd1c778b,OK,0.589,19.505000000000003,6.361000000000001,1.929,28.383
ENCODER_ONLY_BENCH,PASS,WHT_ENCODER,WHT,16,65536,32,4,0,65536,65536,65536,0.000588,0.019600,0.006382,0.001828,0.028398,433.322889,13.541340,encoder_only; no_PPRF_setup; no_base_correlations; base_field_WHT_plus_m_coordinate_WHTs,2026-07-26T07:46:05.550692+00:00,56a80d12dc147c6f4d9452798d88f387cd1c778b,OK,0.588,19.599999999999998,6.382,1.828,28.398
ENCODER_ONLY_BENCH,PASS,WHT_ENCODER,WHT,16,65536,32,5,0,65536,65536,65536,0.000590,0.019481,0.006383,0.001690,0.028144,429.448612,13.420269,encoder_only; no_PPRF_setup; no_base_correlations; base_field_WHT_plus_m_coordinate_WHTs,2026-07-26T07:46:05.550705+00:00,56a80d12dc147c6f4d9452798d88f387cd1c778b,OK,0.5900000000000001,19.480999999999998,6.383,1.6900000000000002,28.144
ENCODER_ONLY_BENCH,PASS,WHT_ENCODER,WHT,16,65536,32,6,0,65536,65536,65536,0.000598,0.019427,0.006364,0.001754,0.028143,429.433733,13.419804,encoder_only; no_PPRF_setup; no_base_correlations; base_field_WHT_plus_m_coordinate_WHTs,2026-07-26T07:46:05.550719+00:00,56a80d12dc147c6f4d9452798d88f387cd1c778b,OK,0.598,19.427,6.364,1.754,28.143
ENCODER_ONLY_BENCH,PASS,WHT_ENCODER,WHT,16,65536,32,7,0,65536,65536,65536,0.000629,0.019466,0.006426,0.001734,0.028256,431.154547,13.473580,encoder_only; no_PPRF_setup; no_base_correlations; base_field_WHT_plus_m_coordinate_WHTs,2026-07-26T07:46:05.550733+00:00,56a80d12dc147c6f4d9452798d88f387cd1c778b,OK,0.629,19.466,6.426,1.734,28.256
ENCODER_ONLY_BENCH,PASS,WHT_ENCODER,WHT,16,65536,32,8,0,65536,65536,65536,0.000597,0.019448,0.006393,0.001711,0.028149,429.512191,13.422256,encoder_only; no_PPRF_setup; no_base_correlations; base_field_WHT_plus_m_coordinate_WHTs,2026-07-26T07:46:05.550746+00:00,56a80d12dc147c6f4d9452798d88f387cd1c778b,OK,0.597,19.448,6.393000000000001,1.711,28.149
ENCODER_ONLY_BENCH,PASS,WHT_ENCODER,WHT,16,65536,32,9,0,65536,65536,65536,0.000589,0.019437,0.006346,0.001762,0.028135,429.308457,13.415889,encoder_only; no_PPRF_setup; no_base_correlations; base_field_WHT_plus_m_coordinate_WHTs,2026-07-26T07:46:05.550762+00:00,56a80d12dc147c6f4d9452798d88f387cd1c778b,OK,0.589,19.437,6.346,1.7619999999999998,28.135
ENCODER_ONLY_BENCH,PASS,EXCONV7X24_ENCODER,ExConv7x24,16,65536,32,0,1,65536,65536,131440,0.010742,0.031401,0.000000,0.013448,0.055591,848.257812,26.508057,encoder_only; no_PPRF_setup; no_base_correlations; silent_sVOLE_ExConv7x24_parameters,2026-07-26T07:46:05.550778+00:00,56a80d12dc147c6f4d9452798d88f387cd1c778b,OK,10.741999999999999,31.401,0.0,13.448,55.591
ENCODER_ONLY_BENCH,PASS,EXCONV7X24_ENCODER,ExConv7x24,16,65536,32,0,0,65536,65536,131440,0.010778,0.031170,0.000000,0.013401,0.055349,844.555160,26.392349,encoder_only; no_PPRF_setup; no_base_correlations; silent_sVOLE_ExConv7x24_parameters,2026-07-26T07:46:05.550796+00:00,56a80d12dc147c6f4d9452798d88f387cd1c778b,OK,10.777999999999999,31.169999999999998,0.0,13.401,55.349000000000004
ENCODER_ONLY_BENCH,PASS,EXCONV7X24_ENCODER,ExConv7x24,16,65536,32,1,0,65536,65536,131440,0.010766,0.030985,0.000000,0.013085,0.054837,836.744142,26.148254,encoder_only; no_PPRF_setup; no_base_correlations; silent_sVOLE_ExConv7x24_parameters,2026-07-26T07:46:05.550808+00:00,56a80d12dc147c6f4d9452798d88f387cd1c778b,OK,10.766,30.985,0.0,13.084999999999999,54.836999999999996
ENCODER_ONLY_BENCH,PASS,EXCONV7X24_ENCODER,ExConv7x24,16,65536,32,2,0,65536,65536,131440,0.010776,0.031502,0.000000,0.013588,0.055866,852.451478,26.639109,encoder_only; no_PPRF_setup; no_base_correlations; silent_sVOLE_ExConv7x24_parameters,2026-07-26T07:46:05.550821+00:00,56a80d12dc147c6f4d9452798d88f387cd1c778b,OK,10.776000000000002,31.502000000000002,0.0,13.588,55.866
ENCODER_ONLY_BENCH,PASS,EXCONV7X24_ENCODER,ExConv7x24,16,65536,32,3,0,65536,65536,131440,0.010729,0.031114,0.000000,0.013315,0.055158,841.644514,26.301391,encoder_only; no_PPRF_setup; no_base_correlations; silent_sVOLE_ExConv7x24_parameters,2026-07-26T07:46:05.550836+00:00,56a80d12dc147c6f4d9452798d88f387cd1c778b,OK,10.729000000000001,31.114,0.0,13.315000000000001,55.158
ENCODER_ONLY_BENCH,PASS,EXCONV7X24_ENCODER,ExConv7x24,16,65536,32,4,0,65536,65536,131440,0.010782,0.031232,0.000000,0.013662,0.055677,849.568480,26.549015,encoder_only; no_PPRF_setup; no_base_correlations; silent_sVOLE_ExConv7x24_parameters,2026-07-26T07:46:05.550848+00:00,56a80d12dc147c6f4d9452798d88f387cd1c778b,OK,10.782,31.232,0.0,13.662,55.677
ENCODER_ONLY_BENCH,PASS,EXCONV7X24_ENCODER,ExConv7x24,16,65536,32,5,0,65536,65536,131440,0.010739,0.031812,0.000000,0.014030,0.056582,863.368378,26.980262,encoder_only; no_PPRF_setup; no_base_correlations; silent_sVOLE_ExConv7x24_parameters,2026-07-26T07:46:05.550863+00:00,56a80d12dc147c6f4d9452798d88f387cd1c778b,OK,10.739,31.812,0.0,14.030000000000001,56.582
ENCODER_ONLY_BENCH,PASS,EXCONV7X24_ENCODER,ExConv7x24,16,65536,32,6,0,65536,65536,131440,0.010850,0.031127,0.000000,0.013564,0.055542,847.498931,26.484342,encoder_only; no_PPRF_setup; no_base_correlations; silent_sVOLE_ExConv7x24_parameters,2026-07-26T07:46:05.550877+00:00,56a80d12dc147c6f4d9452798d88f387cd1c778b,OK,10.85,31.127,0.0,13.564,55.542
ENCODER_ONLY_BENCH,PASS,EXCONV7X24_ENCODER,ExConv7x24,16,65536,32,7,0,65536,65536,131440,0.010753,0.031208,0.000000,0.013217,0.055179,841.960357,26.311261,encoder_only; no_PPRF_setup; no_base_correlations; silent_sVOLE_ExConv7x24_parameters,2026-07-26T07:46:05.550890+00:00,56a80d12dc147c6f4d9452798d88f387cd1c778b,OK,10.753,31.208,0.0,13.216999999999999,55.179
ENCODER_ONLY_BENCH,PASS,EXCONV7X24_ENCODER,ExConv7x24,16,65536,32,8,0,65536,65536,131440,0.010730,0.032080,0.000000,0.014749,0.057560,878.289399,27.446544,encoder_only; no_PPRF_setup; no_base_correlations; silent_sVOLE_ExConv7x24_parameters,2026-07-26T07:46:05.550904+00:00,56a80d12dc147c6f4d9452798d88f387cd1c778b,OK,10.73,32.08,0.0,14.749,57.56
ENCODER_ONLY_BENCH,PASS,EXCONV7X24_ENCODER,ExConv7x24,16,65536,32,9,0,65536,65536,131440,0.010782,0.033182,0.000000,0.014887,0.058852,898.017163,28.063036,encoder_only; no_PPRF_setup; no_base_correlations; silent_sVOLE_ExConv7x24_parameters,2026-07-26T07:46:05.550917+00:00,56a80d12dc147c6f4d9452798d88f387cd1c778b,OK,10.782,33.182,0.0,14.886999999999999,58.852000000000004
ENCODER_ONLY_BENCH,PASS,WHT_ENCODER,WHT,18,262144,8,0,1,262144,262144,262144,0.003054,0.024645,0.006390,0.002857,0.036947,140.941891,17.617736,encoder_only; no_PPRF_setup; no_base_correlations; base_field_WHT_plus_m_coordinate_WHTs,2026-07-26T07:46:08.695041+00:00,56a80d12dc147c6f4d9452798d88f387cd1c778b,OK,3.054,24.645,6.39,2.857,36.947
ENCODER_ONLY_BENCH,PASS,WHT_ENCODER,WHT,18,262144,8,0,0,262144,262144,262144,0.003016,0.024205,0.006406,0.003040,0.036667,139.873466,17.484183,encoder_only; no_PPRF_setup; no_base_correlations; base_field_WHT_plus_m_coordinate_WHTs,2026-07-26T07:46:08.695090+00:00,56a80d12dc147c6f4d9452798d88f387cd1c778b,OK,3.016,24.205000000000002,6.406000000000001,3.04,36.667
ENCODER_ONLY_BENCH,PASS,WHT_ENCODER,WHT,18,262144,8,1,0,262144,262144,262144,0.003021,0.024639,0.006461,0.003236,0.037358,142.509151,17.813644,encoder_only; no_PPRF_setup; no_base_correlations; base_field_WHT_plus_m_coordinate_WHTs,2026-07-26T07:46:08.695113+00:00,56a80d12dc147c6f4d9452798d88f387cd1c778b,OK,3.021,24.639000000000003,6.460999999999999,3.236,37.358000000000004
ENCODER_ONLY_BENCH,PASS,WHT_ENCODER,WHT,18,262144,8,2,0,262144,262144,262144,0.003002,0.024517,0.006446,0.003074,0.037039,141.292061,17.661508,encoder_only; no_PPRF_setup; no_base_correlations; base_field_WHT_plus_m_coordinate_WHTs,2026-07-26T07:46:08.695135+00:00,56a80d12dc147c6f4d9452798d88f387cd1c778b,OK,3.002,24.517,6.446000000000001,3.074,37.039
ENCODER_ONLY_BENCH,PASS,WHT_ENCODER,WHT,18,262144,8,3,0,262144,262144,262144,0.002974,0.024441,0.006434,0.003010,0.036860,140.608647,17.576081,encoder_only; no_PPRF_setup; no_base_correlations; base_field_WHT_plus_m_coordinate_WHTs,2026-07-26T07:46:08.695149+00:00,56a80d12dc147c6f4d9452798d88f387cd1c778b,OK,2.974,24.441000000000003,6.433999999999999,3.0100000000000002,36.86
ENCODER_ONLY_BENCH,PASS,WHT_ENCODER,WHT,18,262144,8,4,0,262144,262144,262144,0.003004,0.024579,0.006437,0.002968,0.036988,141.097795,17.637224,encoder_only; no_PPRF_setup; no_base_correlations; base_field_WHT_plus_m_coordinate_WHTs,2026-07-26T07:46:08.695167+00:00,56a80d12dc147c6f4d9452798d88f387cd1c778b,OK,3.004,24.579,6.437,2.968,36.988
ENCODER_ONLY_BENCH,PASS,WHT_ENCODER,WHT,18,262144,8,5,0,262144,262144,262144,0.003002,0.024597,0.006440,0.003065,0.037104,141.540875,17.692609,encoder_only; no_PPRF_setup; no_base_correlations; base_field_WHT_plus_m_coordinate_WHTs,2026-07-26T07:46:08.695182+00:00,56a80d12dc147c6f4d9452798d88f387cd1c778b,OK,3.002,24.597,6.44,3.065,37.104
ENCODER_ONLY_BENCH,PASS,WHT_ENCODER,WHT,18,262144,8,6,0,262144,262144,262144,0.003004,0.024501,0.006488,0.003035,0.037028,141.251144,17.656393,encoder_only; no_PPRF_setup; no_base_correlations; base_field_WHT_plus_m_coordinate_WHTs,2026-07-26T07:46:08.695198+00:00,56a80d12dc147c6f4d9452798d88f387cd1c778b,OK,3.004,24.500999999999998,6.4879999999999995,3.035,37.028
ENCODER_ONLY_BENCH,PASS,WHT_ENCODER,WHT,18,262144,8,7,0,262144,262144,262144,0.003027,0.024833,0.006429,0.003015,0.037303,142.300545,17.787568,encoder_only; no_PPRF_setup; no_base_correlations; base_field_WHT_plus_m_coordinate_WHTs,2026-07-26T07:46:08.695211+00:00,56a80d12dc147c6f4d9452798d88f387cd1c778b,OK,3.027,24.833000000000002,6.428999999999999,3.0149999999999997,37.303000000000004
ENCODER_ONLY_BENCH,PASS,WHT_ENCODER,WHT,18,262144,8,8,0,262144,262144,262144,0.003090,0.024398,0.006466,0.003030,0.036984,141.083468,17.635434,encoder_only; no_PPRF_setup; no_base_correlations; base_field_WHT_plus_m_coordinate_WHTs,2026-07-26T07:46:08.695223+00:00,56a80d12dc147c6f4d9452798d88f387cd1c778b,OK,3.09,24.398,6.466,3.0300000000000002,36.984
ENCODER_ONLY_BENCH,PASS,WHT_ENCODER,WHT,18,262144,8,9,0,262144,262144,262144,0.002971,0.024432,0.006401,0.003000,0.036804,140.396535,17.549567,encoder_only; no_PPRF_setup; no_base_correlations; base_field_WHT_plus_m_coordinate_WHTs,2026-07-26T07:46:08.695239+00:00,56a80d12dc147c6f4d9452798d88f387cd1c778b,OK,2.971,24.432,6.401,3.0,36.804
ENCODER_ONLY_BENCH,PASS,EXCONV7X24_ENCODER,ExConv7x24,18,262144,8,0,1,262144,262144,524768,0.044998,0.120593,0.000000,0.007468,0.173060,660.171528,82.521441,encoder_only; no_PPRF_setup; no_base_correlations; silent_sVOLE_ExConv7x24_parameters,2026-07-26T07:46:08.695254+00:00,56a80d12dc147c6f4d9452798d88f387cd1c778b,OK,44.998000000000005,120.593,0.0,7.468,173.06
ENCODER_ONLY_BENCH,PASS,EXCONV7X24_ENCODER,ExConv7x24,18,262144,8,0,0,262144,262144,524768,0.045557,0.121312,0.000000,0.007375,0.174245,664.693559,83.086695,encoder_only; no_PPRF_setup; no_base_correlations; silent_sVOLE_ExConv7x24_parameters,2026-07-26T07:46:08.695269+00:00,56a80d12dc147c6f4d9452798d88f387cd1c778b,OK,45.557,121.312,0.0,7.375,174.245
ENCODER_ONLY_BENCH,PASS,EXCONV7X24_ENCODER,ExConv7x24,18,262144,8,1,0,262144,262144,524768,0.045561,0.121478,0.000000,0.007435,0.174475,665.568230,83.196029,encoder_only; no_PPRF_setup; no_base_correlations; silent_sVOLE_ExConv7x24_parameters,2026-07-26T07:46:08.695283+00:00,56a80d12dc147c6f4d9452798d88f387cd1c778b,OK,45.561,121.47800000000001,0.0,7.435,174.475
ENCODER_ONLY_BENCH,PASS,EXCONV7X24_ENCODER,ExConv7x24,18,262144,8,2,0,262144,262144,524768,0.045851,0.122008,0.000000,0.007515,0.175374,669.000176,83.625022,encoder_only; no_PPRF_setup; no_base_correlations; silent_sVOLE_ExConv7x24_parameters,2026-07-26T07:46:08.695295+00:00,56a80d12dc147c6f4d9452798d88f387cd1c778b,OK,45.851000000000006,122.00800000000001,0.0,7.515,175.374
ENCODER_ONLY_BENCH,PASS,EXCONV7X24_ENCODER,ExConv7x24,18,262144,8,3,0,262144,262144,524768,0.045522,0.120580,0.000000,0.007466,0.173569,662.111828,82.763979,encoder_only; no_PPRF_setup; no_base_correlations; silent_sVOLE_ExConv7x24_parameters,2026-07-26T07:46:08.695312+00:00,56a80d12dc147c6f4d9452798d88f387cd1c778b,OK,45.522,120.58000000000001,0.0,7.466,173.569
ENCODER_ONLY_BENCH,PASS,EXCONV7X24_ENCODER,ExConv7x24,18,262144,8,4,0,262144,262144,524768,0.045611,0.125588,0.000000,0.007353,0.178552,681.122952,85.140369,encoder_only; no_PPRF_setup; no_base_correlations; silent_sVOLE_ExConv7x24_parameters,2026-07-26T07:46:08.695324+00:00,56a80d12dc147c6f4d9452798d88f387cd1c778b,OK,45.611,125.58800000000001,0.0,7.353,178.552
ENCODER_ONLY_BENCH,PASS,EXCONV7X24_ENCODER,ExConv7x24,18,262144,8,5,0,262144,262144,524768,0.045624,0.122614,0.000000,0.007638,0.175877,670.918171,83.864771,encoder_only; no_PPRF_setup; no_base_correlations; silent_sVOLE_ExConv7x24_parameters,2026-07-26T07:46:08.695339+00:00,56a80d12dc147c6f4d9452798d88f387cd1c778b,OK,45.623999999999995,122.614,0.0,7.638,175.877
ENCODER_ONLY_BENCH,PASS,EXCONV7X24_ENCODER,ExConv7x24,18,262144,8,6,0,262144,262144,524768,0.045684,0.121851,0.000000,0.007698,0.175235,668.467949,83.558494,encoder_only; no_PPRF_setup; no_base_correlations; silent_sVOLE_ExConv7x24_parameters,2026-07-26T07:46:08.695355+00:00,56a80d12dc147c6f4d9452798d88f387cd1c778b,OK,45.684000000000005,121.851,0.0,7.698,175.235
ENCODER_ONLY_BENCH,PASS,EXCONV7X24_ENCODER,ExConv7x24,18,262144,8,7,0,262144,262144,524768,0.045725,0.121108,0.000000,0.007442,0.174276,664.809203,83.101150,encoder_only; no_PPRF_setup; no_base_correlations; silent_sVOLE_ExConv7x24_parameters,2026-07-26T07:46:08.695370+00:00,56a80d12dc147c6f4d9452798d88f387cd1c778b,OK,45.725,121.10799999999999,0.0,7.442,174.27599999999998
ENCODER_ONLY_BENCH,PASS,EXCONV7X24_ENCODER,ExConv7x24,18,262144,8,8,0,262144,262144,524768,0.045660,0.121366,0.000000,0.007628,0.174654,666.252538,83.281567,encoder_only; no_PPRF_setup; no_base_correlations; silent_sVOLE_ExConv7x24_parameters,2026-07-26T07:46:08.695384+00:00,56a80d12dc147c6f4d9452798d88f387cd1c778b,OK,45.66,121.366,0.0,7.628,174.654
ENCODER_ONLY_BENCH,PASS,EXCONV7X24_ENCODER,ExConv7x24,18,262144,8,9,0,262144,262144,524768,0.045887,0.123792,0.000000,0.007488,0.177168,675.841038,84.480130,encoder_only; no_PPRF_setup; no_base_correlations; silent_sVOLE_ExConv7x24_parameters,2026-07-26T07:46:08.695396+00:00,56a80d12dc147c6f4d9452798d88f387cd1c778b,OK,45.887,123.792,0.0,7.4879999999999995,177.168
ENCODER_ONLY_BENCH,PASS,WHT_ENCODER,WHT,18,262144,16,0,1,262144,262144,262144,0.003109,0.050601,0.012936,0.006195,0.072843,277.874058,17.367129,encoder_only; no_PPRF_setup; no_base_correlations; base_field_WHT_plus_m_coordinate_WHTs,2026-07-26T07:46:14.652174+00:00,56a80d12dc147c6f4d9452798d88f387cd1c778b,OK,3.109,50.601,12.936,6.195,72.843
ENCODER_ONLY_BENCH,PASS,WHT_ENCODER,WHT,18,262144,16,0,0,262144,262144,262144,0.003034,0.049677,0.012803,0.006254,0.071769,273.778538,17.111159,encoder_only; no_PPRF_setup; no_base_correlations; base_field_WHT_plus_m_coordinate_WHTs,2026-07-26T07:46:14.652222+00:00,56a80d12dc147c6f4d9452798d88f387cd1c778b,OK,3.034,49.677,12.803,6.2540000000000004,71.769
ENCODER_ONLY_BENCH,PASS,WHT_ENCODER,WHT,18,262144,16,1,0,262144,262144,262144,0.003042,0.050245,0.012844,0.006295,0.072426,276.284110,17.267757,encoder_only; no_PPRF_setup; no_base_correlations; base_field_WHT_plus_m_coordinate_WHTs,2026-07-26T07:46:14.652241+00:00,56a80d12dc147c6f4d9452798d88f387cd1c778b,OK,3.042,50.245,12.844,6.295,72.426
ENCODER_ONLY_BENCH,PASS,WHT_ENCODER,WHT,18,262144,16,2,0,262144,262144,262144,0.002998,0.049770,0.012867,0.006301,0.071936,274.412983,17.150811,encoder_only; no_PPRF_setup; no_base_correlations; base_field_WHT_plus_m_coordinate_WHTs,2026-07-26T07:46:14.652254+00:00,56a80d12dc147c6f4d9452798d88f387cd1c778b,OK,2.9979999999999998,49.77,12.866999999999999,6.301,71.936
ENCODER_ONLY_BENCH,PASS,WHT_ENCODER,WHT,18,262144,16,3,0,262144,262144,262144,0.003048,0.049517,0.012859,0.006273,0.071697,273.503902,17.093994,encoder_only; no_PPRF_setup; no_base_correlations; base_field_WHT_plus_m_coordinate_WHTs,2026-07-26T07:46:14.652267+00:00,56a80d12dc147c6f4d9452798d88f387cd1c778b,OK,3.048,49.516999999999996,12.859,6.273,71.697
ENCODER_ONLY_BENCH,PASS,WHT_ENCODER,WHT,18,262144,16,4,0,262144,262144,262144,0.003036,0.049491,0.012860,0.006328,0.071715,273.571775,17.098236,encoder_only; no_PPRF_setup; no_base_correlations; base_field_WHT_plus_m_coordinate_WHTs,2026-07-26T07:46:14.652284+00:00,56a80d12dc147c6f4d9452798d88f387cd1c778b,OK,3.036,49.491,12.86,6.328,71.715
ENCODER_ONLY_BENCH,PASS,WHT_ENCODER,WHT,18,262144,16,5,0,262144,262144,262144,0.003107,0.049994,0.012909,0.006533,0.072544,276.734939,17.295934,encoder_only; no_PPRF_setup; no_base_correlations; base_field_WHT_plus_m_coordinate_WHTs,2026-07-26T07:46:14.652296+00:00,56a80d12dc147c6f4d9452798d88f387cd1c778b,OK,3.1069999999999998,49.994,12.909,6.5329999999999995,72.544
ENCODER_ONLY_BENCH,PASS,WHT_ENCODER,WHT,18,262144,16,6,0,262144,262144,262144,0.003020,0.049729,0.012901,0.006454,0.072105,275.059593,17.191225,encoder_only; no_PPRF_setup; no_base_correlations; base_field_WHT_plus_m_coordinate_WHTs,2026-07-26T07:46:14.652311+00:00,56a80d12dc147c6f4d9452798d88f387cd1c778b,OK,3.02,49.729,12.901,6.454,72.105
ENCODER_ONLY_BENCH,PASS,WHT_ENCODER,WHT,18,262144,16,7,0,262144,262144,262144,0.003058,0.050465,0.012903,0.006527,0.072955,278.299874,17.393742,encoder_only; no_PPRF_setup; no_base_correlations; base_field_WHT_plus_m_coordinate_WHTs,2026-07-26T07:46:14.652323+00:00,56a80d12dc147c6f4d9452798d88f387cd1c778b,OK,3.058,50.465,12.902999999999999,6.527,72.95500000000001
ENCODER_ONLY_BENCH,PASS,WHT_ENCODER,WHT,18,262144,16,8,0,262144,262144,262144,0.003053,0.050107,0.012819,0.006330,0.072309,275.836699,17.239794,encoder_only; no_PPRF_setup; no_base_correlations; base_field_WHT_plus_m_coordinate_WHTs,2026-07-26T07:46:14.652338+00:00,56a80d12dc147c6f4d9452798d88f387cd1c778b,OK,3.053,50.107,12.819,6.33,72.309
ENCODER_ONLY_BENCH,PASS,WHT_ENCODER,WHT,18,262144,16,9,0,262144,262144,262144,0.003001,0.049714,0.012890,0.006293,0.071898,274.269658,17.141854,encoder_only; no_PPRF_setup; no_base_correlations; base_field_WHT_plus_m_coordinate_WHTs,2026-07-26T07:46:14.652356+00:00,56a80d12dc147c6f4d9452798d88f387cd1c778b,OK,3.0010000000000003,49.714,12.89,6.293,71.89800000000001
ENCODER_ONLY_BENCH,PASS,EXCONV7X24_ENCODER,ExConv7x24,18,262144,16,0,1,262144,262144,524768,0.045472,0.225304,0.000000,0.028869,0.299645,1143.055343,71.440959,encoder_only; no_PPRF_setup; no_base_correlations; silent_sVOLE_ExConv7x24_parameters,2026-07-26T07:46:14.652368+00:00,56a80d12dc147c6f4d9452798d88f387cd1c778b,OK,45.472,225.304,0.0,28.869,299.645
ENCODER_ONLY_BENCH,PASS,EXCONV7X24_ENCODER,ExConv7x24,18,262144,16,0,0,262144,262144,524768,0.045936,0.236860,0.000000,0.029381,0.312178,1190.865367,74.429085,encoder_only; no_PPRF_setup; no_base_correlations; silent_sVOLE_ExConv7x24_parameters,2026-07-26T07:46:14.652385+00:00,56a80d12dc147c6f4d9452798d88f387cd1c778b,OK,45.936,236.85999999999999,0.0,29.381,312.178
ENCODER_ONLY_BENCH,PASS,EXCONV7X24_ENCODER,ExConv7x24,18,262144,16,1,0,262144,262144,524768,0.045738,0.226772,0.000000,0.028837,0.301348,1149.552368,71.847023,encoder_only; no_PPRF_setup; no_base_correlations; silent_sVOLE_ExConv7x24_parameters,2026-07-26T07:46:14.652399+00:00,56a80d12dc147c6f4d9452798d88f387cd1c778b,OK,45.738,226.772,0.0,28.837000000000003,301.348
ENCODER_ONLY_BENCH,PASS,EXCONV7X24_ENCODER,ExConv7x24,18,262144,16,2,0,262144,262144,524768,0.045946,0.235723,0.000000,0.028888,0.310558,1184.683740,74.042734,encoder_only; no_PPRF_setup; no_base_correlations; silent_sVOLE_ExConv7x24_parameters,2026-07-26T07:46:14.652415+00:00,56a80d12dc147c6f4d9452798d88f387cd1c778b,OK,45.946,235.72299999999998,0.0,28.888,310.558
ENCODER_ONLY_BENCH,PASS,EXCONV7X24_ENCODER,ExConv7x24,18,262144,16,3,0,262144,262144,524768,0.046004,0.225901,0.000000,0.028669,0.300575,1146.603633,71.662727,encoder_only; no_PPRF_setup; no_base_correlations; silent_sVOLE_ExConv7x24_parameters,2026-07-26T07:46:14.652427+00:00,56a80d12dc147c6f4d9452798d88f387cd1c778b,OK,46.004000000000005,225.90099999999998,0.0,28.669,300.575
ENCODER_ONLY_BENCH,PASS,EXCONV7X24_ENCODER,ExConv7x24,18,262144,16,4,0,262144,262144,524768,0.045829,0.227311,0.000000,0.028654,0.301795,1151.258079,71.953630,encoder_only; no_PPRF_setup; no_base_correlations; silent_sVOLE_ExConv7x24_parameters,2026-07-26T07:46:14.652439+00:00,56a80d12dc147c6f4d9452798d88f387cd1c778b,OK,45.829,227.311,0.0,28.654,301.79499999999996
ENCODER_ONLY_BENCH,PASS,EXCONV7X24_ENCODER,ExConv7x24,18,262144,16,5,0,262144,262144,524768,0.046998,0.226755,0.000000,0.028436,0.302190,1152.763058,72.047691,encoder_only; no_PPRF_setup; no_base_correlations; silent_sVOLE_ExConv7x24_parameters,2026-07-26T07:46:14.652456+00:00,56a80d12dc147c6f4d9452798d88f387cd1c778b,OK,46.998,226.75500000000002,0.0,28.436,302.19
ENCODER_ONLY_BENCH,PASS,EXCONV7X24_ENCODER,ExConv7x24,18,262144,16,6,0,262144,262144,524768,0.045921,0.228369,0.000000,0.029483,0.303775,1158.808557,72.425535,encoder_only; no_PPRF_setup; no_base_correlations; silent_sVOLE_ExConv7x24_parameters,2026-07-26T07:46:14.652470+00:00,56a80d12dc147c6f4d9452798d88f387cd1c778b,OK,45.921,228.369,0.0,29.483,303.77500000000003
ENCODER_ONLY_BENCH,PASS,EXCONV7X24_ENCODER,ExConv7x24,18,262144,16,7,0,262144,262144,524768,0.045832,0.235186,0.000000,0.028919,0.309938,1182.319275,73.894955,encoder_only; no_PPRF_setup; no_base_correlations; silent_sVOLE_ExConv7x24_parameters,2026-07-26T07:46:14.652484+00:00,56a80d12dc147c6f4d9452798d88f387cd1c778b,OK,45.832,235.186,0.0,28.919,309.938
ENCODER_ONLY_BENCH,PASS,EXCONV7X24_ENCODER,ExConv7x24,18,262144,16,8,0,262144,262144,524768,0.045781,0.228446,0.000000,0.028830,0.303058,1156.076364,72.254773,encoder_only; no_PPRF_setup; no_base_correlations; silent_sVOLE_ExConv7x24_parameters,2026-07-26T07:46:14.652498+00:00,56a80d12dc147c6f4d9452798d88f387cd1c778b,OK,45.781,228.446,0.0,28.830000000000002,303.058
ENCODER_ONLY_BENCH,PASS,EXCONV7X24_ENCODER,ExConv7x24,18,262144,16,9,0,262144,262144,524768,0.045989,0.240959,0.000000,0.029508,0.316456,1207.183411,75.448963,encoder_only; no_PPRF_setup; no_base_correlations; silent_sVOLE_ExConv7x24_parameters,2026-07-26T07:46:14.652524+00:00,56a80d12dc147c6f4d9452798d88f387cd1c778b,OK,45.989000000000004,240.959,0.0,29.508,316.456
ENCODER_ONLY_BENCH,PASS,WHT_ENCODER,WHT,18,262144,32,0,1,262144,262144,262144,0.003077,0.099456,0.025988,0.013051,0.141572,540.055531,16.876735,encoder_only; no_PPRF_setup; no_base_correlations; base_field_WHT_plus_m_coordinate_WHTs,2026-07-26T07:46:24.181483+00:00,56a80d12dc147c6f4d9452798d88f387cd1c778b,OK,3.077,99.456,25.988,13.051,141.572
ENCODER_ONLY_BENCH,PASS,WHT_ENCODER,WHT,18,262144,32,0,0,262144,262144,262144,0.003114,0.098989,0.025809,0.013612,0.141526,539.877082,16.871159,encoder_only; no_PPRF_setup; no_base_correlations; base_field_WHT_plus_m_coordinate_WHTs,2026-07-26T07:46:24.181548+00:00,56a80d12dc147c6f4d9452798d88f387cd1c778b,OK,3.114,98.98899999999999,25.808999999999997,13.612,141.526
ENCODER_ONLY_BENCH,PASS,WHT_ENCODER,WHT,18,262144,32,1,0,262144,262144,262144,0.003028,0.099224,0.025711,0.013596,0.141560,540.010410,16.875325,encoder_only; no_PPRF_setup; no_base_correlations; base_field_WHT_plus_m_coordinate_WHTs,2026-07-26T07:46:24.181568+00:00,56a80d12dc147c6f4d9452798d88f387cd1c778b,OK,3.028,99.224,25.711000000000002,13.596,141.56
ENCODER_ONLY_BENCH,PASS,WHT_ENCODER,WHT,18,262144,32,2,0,262144,262144,262144,0.003609,0.100062,0.025824,0.014198,0.143695,548.153972,17.129812,encoder_only; no_PPRF_setup; no_base_correlations; base_field_WHT_plus_m_coordinate_WHTs,2026-07-26T07:46:24.181582+00:00,56a80d12dc147c6f4d9452798d88f387cd1c778b,OK,3.609,100.062,25.823999999999998,14.198,143.695
ENCODER_ONLY_BENCH,PASS,WHT_ENCODER,WHT,18,262144,32,3,0,262144,262144,262144,0.003065,0.099387,0.025823,0.013589,0.141866,541.174140,16.911692,encoder_only; no_PPRF_setup; no_base_correlations; base_field_WHT_plus_m_coordinate_WHTs,2026-07-26T07:46:24.181597+00:00,56a80d12dc147c6f4d9452798d88f387cd1c778b,OK,3.065,99.387,25.823,13.589,141.86599999999999
ENCODER_ONLY_BENCH,PASS,WHT_ENCODER,WHT,18,262144,32,4,0,262144,262144,262144,0.003042,0.099154,0.025720,0.013598,0.141516,539.841135,16.870035,encoder_only; no_PPRF_setup; no_base_correlations; base_field_WHT_plus_m_coordinate_WHTs,2026-07-26T07:46:24.181610+00:00,56a80d12dc147c6f4d9452798d88f387cd1c778b,OK,3.042,99.15400000000001,25.72,13.598,141.516
ENCODER_ONLY_BENCH,PASS,WHT_ENCODER,WHT,18,262144,32,5,0,262144,262144,262144,0.003065,0.098924,0.025771,0.013538,0.141299,539.014110,16.844191,encoder_only; no_PPRF_setup; no_base_correlations; base_field_WHT_plus_m_coordinate_WHTs,2026-07-26T07:46:24.181627+00:00,56a80d12dc147c6f4d9452798d88f387cd1c778b,OK,3.065,98.92399999999999,25.770999999999997,13.538,141.299
ENCODER_ONLY_BENCH,PASS,WHT_ENCODER,WHT,18,262144,32,6,0,262144,262144,262144,0.003046,0.099993,0.025663,0.013494,0.142197,542.440224,16.951257,encoder_only; no_PPRF_setup; no_base_correlations; base_field_WHT_plus_m_coordinate_WHTs,2026-07-26T07:46:24.181640+00:00,56a80d12dc147c6f4d9452798d88f387cd1c778b,OK,3.0460000000000003,99.993,25.662999999999997,13.494000000000002,142.197
ENCODER_ONLY_BENCH,PASS,WHT_ENCODER,WHT,18,262144,32,7,0,262144,262144,262144,0.003044,0.099125,0.025744,0.013576,0.141490,539.742672,16.866958,encoder_only; no_PPRF_setup; no_base_correlations; base_field_WHT_plus_m_coordinate_WHTs,2026-07-26T07:46:24.181652+00:00,56a80d12dc147c6f4d9452798d88f387cd1c778b,OK,3.044,99.125,25.744,13.575999999999999,141.49
ENCODER_ONLY_BENCH,PASS,WHT_ENCODER,WHT,18,262144,32,8,0,262144,262144,262144,0.003030,0.099379,0.025469,0.013477,0.141356,539.231079,16.850971,encoder_only; no_PPRF_setup; no_base_correlations; base_field_WHT_plus_m_coordinate_WHTs,2026-07-26T07:46:24.181667+00:00,56a80d12dc147c6f4d9452798d88f387cd1c778b,OK,3.0300000000000002,99.37899999999999,25.468999999999998,13.476999999999999,141.35600000000002
ENCODER_ONLY_BENCH,PASS,WHT_ENCODER,WHT,18,262144,32,9,0,262144,262144,262144,0.003036,0.098590,0.025515,0.013546,0.140688,536.683018,16.771344,encoder_only; no_PPRF_setup; no_base_correlations; base_field_WHT_plus_m_coordinate_WHTs,2026-07-26T07:46:24.181680+00:00,56a80d12dc147c6f4d9452798d88f387cd1c778b,OK,3.036,98.59,25.515,13.546000000000001,140.68800000000002
ENCODER_ONLY_BENCH,PASS,EXCONV7X24_ENCODER,ExConv7x24,18,262144,32,0,1,262144,262144,524768,0.046094,0.229722,0.000000,0.113337,0.389153,1484.502370,46.390699,encoder_only; no_PPRF_setup; no_base_correlations; silent_sVOLE_ExConv7x24_parameters,2026-07-26T07:46:24.181695+00:00,56a80d12dc147c6f4d9452798d88f387cd1c778b,OK,46.094,229.722,0.0,113.33699999999999,389.153
ENCODER_ONLY_BENCH,PASS,EXCONV7X24_ENCODER,ExConv7x24,18,262144,32,0,0,262144,262144,524768,0.045775,0.232873,0.000000,0.115806,0.394455,1504.727665,47.022740,encoder_only; no_PPRF_setup; no_base_correlations; silent_sVOLE_ExConv7x24_parameters,2026-07-26T07:46:24.181707+00:00,56a80d12dc147c6f4d9452798d88f387cd1c778b,OK,45.775000000000006,232.873,0.0,115.80600000000001,394.455
ENCODER_ONLY_BENCH,PASS,EXCONV7X24_ENCODER,ExConv7x24,18,262144,32,1,0,262144,262144,524768,0.045975,0.229422,0.000000,0.115120,0.390517,1489.704196,46.553256,encoder_only; no_PPRF_setup; no_base_correlations; silent_sVOLE_ExConv7x24_parameters,2026-07-26T07:46:24.181722+00:00,56a80d12dc147c6f4d9452798d88f387cd1c778b,OK,45.975,229.422,0.0,115.12,390.517
ENCODER_ONLY_BENCH,PASS,EXCONV7X24_ENCODER,ExConv7x24,18,262144,32,2,0,262144,262144,524768,0.046573,0.244658,0.000000,0.114331,0.405562,1547.097998,48.346812,encoder_only; no_PPRF_setup; no_base_correlations; silent_sVOLE_ExConv7x24_parameters,2026-07-26T07:46:24.181737+00:00,56a80d12dc147c6f4d9452798d88f387cd1c778b,OK,46.573,244.658,0.0,114.331,405.56199999999995
ENCODER_ONLY_BENCH,PASS,EXCONV7X24_ENCODER,ExConv7x24,18,262144,32,3,0,262144,262144,524768,0.045776,0.231800,0.000000,0.112895,0.390471,1489.528907,46.547778,encoder_only; no_PPRF_setup; no_base_correlations; silent_sVOLE_ExConv7x24_parameters,2026-07-26T07:46:24.181751+00:00,56a80d12dc147c6f4d9452798d88f387cd1c778b,OK,45.775999999999996,231.8,0.0,112.895,390.471
ENCODER_ONLY_BENCH,PASS,EXCONV7X24_ENCODER,ExConv7x24,18,262144,32,4,0,262144,262144,524768,0.045758,0.229293,0.000000,0.113060,0.388112,1480.529663,46.266552,encoder_only; no_PPRF_setup; no_base_correlations; silent_sVOLE_ExConv7x24_parameters,2026-07-26T07:46:24.181772+00:00,56a80d12dc147c6f4d9452798d88f387cd1c778b,OK,45.758,229.293,0.0,113.05999999999999,388.112
ENCODER_ONLY_BENCH,PASS,EXCONV7X24_ENCODER,ExConv7x24,18,262144,32,5,0,262144,262144,524768,0.045740,0.230639,0.000000,0.116580,0.392960,1499.024838,46.844526,encoder_only; no_PPRF_setup; no_base_correlations; silent_sVOLE_ExConv7x24_parameters,2026-07-26T07:46:24.181784+00:00,56a80d12dc147c6f4d9452798d88f387cd1c778b,OK,45.74,230.639,0.0,116.58,392.96
ENCODER_ONLY_BENCH,PASS,EXCONV7X24_ENCODER,ExConv7x24,18,262144,32,6,0,262144,262144,524768,0.045779,0.229531,0.000000,0.112798,0.388109,1480.518112,46.266191,encoder_only; no_PPRF_setup; no_base_correlations; silent_sVOLE_ExConv7x24_parameters,2026-07-26T07:46:24.181797+00:00,56a80d12dc147c6f4d9452798d88f387cd1c778b,OK,45.779,229.531,0.0,112.798,388.109
ENCODER_ONLY_BENCH,PASS,EXCONV7X24_ENCODER,ExConv7x24,18,262144,32,7,0,262144,262144,524768,0.045781,0.232028,0.000000,0.113140,0.390950,1491.356672,46.604896,encoder_only; no_PPRF_setup; no_base_correlations; silent_sVOLE_ExConv7x24_parameters,2026-07-26T07:46:24.181811+00:00,56a80d12dc147c6f4d9452798d88f387cd1c778b,OK,45.781,232.02800000000002,0.0,113.14,390.95000000000005
ENCODER_ONLY_BENCH,PASS,EXCONV7X24_ENCODER,ExConv7x24,18,262144,32,8,0,262144,262144,524768,0.045969,0.231627,0.000000,0.115245,0.392843,1498.575681,46.830490,encoder_only; no_PPRF_setup; no_base_correlations; silent_sVOLE_ExConv7x24_parameters,2026-07-26T07:46:24.181825+00:00,56a80d12dc147c6f4d9452798d88f387cd1c778b,OK,45.969,231.627,0.0,115.245,392.843
ENCODER_ONLY_BENCH,PASS,EXCONV7X24_ENCODER,ExConv7x24,18,262144,32,9,0,262144,262144,524768,0.045735,0.238444,0.000000,0.113859,0.398038,1518.395802,47.449869,encoder_only; no_PPRF_setup; no_base_correlations; silent_sVOLE_ExConv7x24_parameters,2026-07-26T07:46:24.181844+00:00,56a80d12dc147c6f4d9452798d88f387cd1c778b,OK,45.735,238.444,0.0,113.85900000000001,398.038
ENCODER_ONLY_BENCH,PASS,WHT_ENCODER,WHT,20,1048576,8,0,1,1048576,1048576,1048576,0.013524,0.110463,0.025857,0.012961,0.162805,155.262865,19.407858,encoder_only; no_PPRF_setup; no_base_correlations; base_field_WHT_plus_m_coordinate_WHTs,2026-07-26T07:46:40.131569+00:00,56a80d12dc147c6f4d9452798d88f387cd1c778b,OK,13.524,110.46300000000001,25.857000000000003,12.961,162.805
ENCODER_ONLY_BENCH,PASS,WHT_ENCODER,WHT,20,1048576,8,0,0,1048576,1048576,1048576,0.013512,0.110974,0.026050,0.013611,0.164148,156.543429,19.567929,encoder_only; no_PPRF_setup; no_base_correlations; base_field_WHT_plus_m_coordinate_WHTs,2026-07-26T07:46:40.131622+00:00,56a80d12dc147c6f4d9452798d88f387cd1c778b,OK,13.512,110.974,26.05,13.611,164.148
ENCODER_ONLY_BENCH,PASS,WHT_ENCODER,WHT,20,1048576,8,1,0,1048576,1048576,1048576,0.013605,0.111249,0.026044,0.013908,0.164808,157.172849,19.646606,encoder_only; no_PPRF_setup; no_base_correlations; base_field_WHT_plus_m_coordinate_WHTs,2026-07-26T07:46:40.131638+00:00,56a80d12dc147c6f4d9452798d88f387cd1c778b,OK,13.605,111.249,26.044,13.908,164.80800000000002
ENCODER_ONLY_BENCH,PASS,WHT_ENCODER,WHT,20,1048576,8,2,0,1048576,1048576,1048576,0.013681,0.110985,0.026077,0.013649,0.164392,156.776781,19.597098,encoder_only; no_PPRF_setup; no_base_correlations; base_field_WHT_plus_m_coordinate_WHTs,2026-07-26T07:46:40.131652+00:00,56a80d12dc147c6f4d9452798d88f387cd1c778b,OK,13.681000000000001,110.985,26.076999999999998,13.649,164.39200000000002
ENCODER_ONLY_BENCH,PASS,WHT_ENCODER,WHT,20,1048576,8,3,0,1048576,1048576,1048576,0.013530,0.111077,0.026048,0.013625,0.164281,156.670135,19.583767,encoder_only; no_PPRF_setup; no_base_correlations; base_field_WHT_plus_m_coordinate_WHTs,2026-07-26T07:46:40.131668+00:00,56a80d12dc147c6f4d9452798d88f387cd1c778b,OK,13.530000000000001,111.077,26.048000000000002,13.625,164.281
ENCODER_ONLY_BENCH,PASS,WHT_ENCODER,WHT,20,1048576,8,4,0,1048576,1048576,1048576,0.013534,0.111018,0.026047,0.013771,0.164370,156.755866,19.594483,encoder_only; no_PPRF_setup; no_base_correlations; base_field_WHT_plus_m_coordinate_WHTs,2026-07-26T07:46:40.131681+00:00,56a80d12dc147c6f4d9452798d88f387cd1c778b,OK,13.533999999999999,111.018,26.047,13.771,164.36999999999998
ENCODER_ONLY_BENCH,PASS,WHT_ENCODER,WHT,20,1048576,8,5,0,1048576,1048576,1048576,0.013643,0.110979,0.027774,0.013926,0.166324,158.618511,19.827314,encoder_only; no_PPRF_setup; no_base_correlations; base_field_WHT_plus_m_coordinate_WHTs,2026-07-26T07:46:40.131697+00:00,56a80d12dc147c6f4d9452798d88f387cd1c778b,OK,13.643,110.979,27.774,13.925999999999998,166.324
ENCODER_ONLY_BENCH,PASS,WHT_ENCODER,WHT,20,1048576,8,6,0,1048576,1048576,1048576,0.013608,0.111230,0.026031,0.013633,0.164503,156.882584,19.610323,encoder_only; no_PPRF_setup; no_base_correlations; base_field_WHT_plus_m_coordinate_WHTs,2026-07-26T07:46:40.131711+00:00,56a80d12dc147c6f4d9452798d88f387cd1c778b,OK,13.608,111.22999999999999,26.031,13.633,164.50300000000001
ENCODER_ONLY_BENCH,PASS,WHT_ENCODER,WHT,20,1048576,8,7,0,1048576,1048576,1048576,0.013478,0.110814,0.025981,0.013644,0.163918,156.323982,19.540498,encoder_only; no_PPRF_setup; no_base_correlations; base_field_WHT_plus_m_coordinate_WHTs,2026-07-26T07:46:40.131725+00:00,56a80d12dc147c6f4d9452798d88f387cd1c778b,OK,13.478,110.814,25.981,13.644,163.918
ENCODER_ONLY_BENCH,PASS,WHT_ENCODER,WHT,20,1048576,8,8,0,1048576,1048576,1048576,0.013521,0.111202,0.026219,0.013661,0.164604,156.978280,19.622285,encoder_only; no_PPRF_setup; no_base_correlations; base_field_WHT_plus_m_coordinate_WHTs,2026-07-26T07:46:40.131740+00:00,56a80d12dc147c6f4d9452798d88f387cd1c778b,OK,13.521,111.202,26.218999999999998,13.661,164.604
ENCODER_ONLY_BENCH,PASS,WHT_ENCODER,WHT,20,1048576,8,9,0,1048576,1048576,1048576,0.013706,0.111011,0.026047,0.013622,0.164386,156.771096,19.596387,encoder_only; no_PPRF_setup; no_base_correlations; base_field_WHT_plus_m_coordinate_WHTs,2026-07-26T07:46:40.131754+00:00,56a80d12dc147c6f4d9452798d88f387cd1c778b,OK,13.706,111.011,26.047,13.622,164.386
ENCODER_ONLY_BENCH,PASS,EXCONV7X24_ENCODER,ExConv7x24,20,1048576,8,0,1,1048576,1048576,2097584,0.195513,0.696861,0.000000,0.048223,0.940598,897.024563,112.128070,encoder_only; no_PPRF_setup; no_base_correlations; silent_sVOLE_ExConv7x24_parameters,2026-07-26T07:46:40.131770+00:00,56a80d12dc147c6f4d9452798d88f387cd1c778b,OK,195.513,696.861,0.0,48.223,940.5980000000001
ENCODER_ONLY_BENCH,PASS,EXCONV7X24_ENCODER,ExConv7x24,20,1048576,8,0,0,1048576,1048576,2097584,0.194169,0.702136,0.000000,0.048022,0.944329,900.582278,112.572785,encoder_only; no_PPRF_setup; no_base_correlations; silent_sVOLE_ExConv7x24_parameters,2026-07-26T07:46:40.131782+00:00,56a80d12dc147c6f4d9452798d88f387cd1c778b,OK,194.169,702.136,0.0,48.022000000000006,944.329
ENCODER_ONLY_BENCH,PASS,EXCONV7X24_ENCODER,ExConv7x24,20,1048576,8,1,0,1048576,1048576,2097584,0.196841,0.695862,0.000000,0.047576,0.940280,896.720729,112.090091,encoder_only; no_PPRF_setup; no_base_correlations; silent_sVOLE_ExConv7x24_parameters,2026-07-26T07:46:40.131794+00:00,56a80d12dc147c6f4d9452798d88f387cd1c778b,OK,196.84099999999998,695.862,0.0,47.576,940.28
ENCODER_ONLY_BENCH,PASS,EXCONV7X24_ENCODER,ExConv7x24,20,1048576,8,2,0,1048576,1048576,2097584,0.196481,0.691878,0.000000,0.048008,0.936368,892.990509,111.623814,encoder_only; no_PPRF_setup; no_base_correlations; silent_sVOLE_ExConv7x24_parameters,2026-07-26T07:46:40.131810+00:00,56a80d12dc147c6f4d9452798d88f387cd1c778b,OK,196.481,691.878,0.0,48.008,936.3679999999999
ENCODER_ONLY_BENCH,PASS,EXCONV7X24_ENCODER,ExConv7x24,20,1048576,8,3,0,1048576,1048576,2097584,0.196601,0.696344,0.000000,0.048061,0.941007,897.414228,112.176779,encoder_only; no_PPRF_setup; no_base_correlations; silent_sVOLE_ExConv7x24_parameters,2026-07-26T07:46:40.131823+00:00,56a80d12dc147c6f4d9452798d88f387cd1c778b,OK,196.601,696.3439999999999,0.0,48.061,941.0070000000001
ENCODER_ONLY_BENCH,PASS,EXCONV7X24_ENCODER,ExConv7x24,20,1048576,8,4,0,1048576,1048576,2097584,0.194659,0.703337,0.000000,0.047884,0.945880,902.061907,112.757738,encoder_only; no_PPRF_setup; no_base_correlations; silent_sVOLE_ExConv7x24_parameters,2026-07-26T07:46:40.131840+00:00,56a80d12dc147c6f4d9452798d88f387cd1c778b,OK,194.659,703.337,0.0,47.884,945.8800000000001
ENCODER_ONLY_BENCH,PASS,EXCONV7X24_ENCODER,ExConv7x24,20,1048576,8,5,0,1048576,1048576,2097584,0.194842,0.704255,0.000000,0.047821,0.946919,903.052416,112.881552,encoder_only; no_PPRF_setup; no_base_correlations; silent_sVOLE_ExConv7x24_parameters,2026-07-26T07:46:40.131852+00:00,56a80d12dc147c6f4d9452798d88f387cd1c778b,OK,194.84199999999998,704.255,0.0,47.821000000000005,946.919
ENCODER_ONLY_BENCH,PASS,EXCONV7X24_ENCODER,ExConv7x24,20,1048576,8,6,0,1048576,1048576,2097584,0.194700,0.706270,0.000000,0.047791,0.948762,904.810043,113.101255,encoder_only; no_PPRF_setup; no_base_correlations; silent_sVOLE_ExConv7x24_parameters,2026-07-26T07:46:40.131864+00:00,56a80d12dc147c6f4d9452798d88f387cd1c778b,OK,194.70000000000002,706.27,0.0,47.791,948.762
ENCODER_ONLY_BENCH,PASS,EXCONV7X24_ENCODER,ExConv7x24,20,1048576,8,7,0,1048576,1048576,2097584,0.194964,0.698618,0.000000,0.048270,0.941853,898.221272,112.277659,encoder_only; no_PPRF_setup; no_base_correlations; silent_sVOLE_ExConv7x24_parameters,2026-07-26T07:46:40.131879+00:00,56a80d12dc147c6f4d9452798d88f387cd1c778b,OK,194.964,698.6179999999999,0.0,48.27,941.8530000000001
ENCODER_ONLY_BENCH,PASS,EXCONV7X24_ENCODER,ExConv7x24,20,1048576,8,8,0,1048576,1048576,2097584,0.194819,0.713248,0.000000,0.048442,0.956510,912.198779,114.024847,encoder_only; no_PPRF_setup; no_base_correlations; silent_sVOLE_ExConv7x24_parameters,2026-07-26T07:46:40.131893+00:00,56a80d12dc147c6f4d9452798d88f387cd1c778b,OK,194.819,713.248,0.0,48.442,956.51
ENCODER_ONLY_BENCH,PASS,EXCONV7X24_ENCODER,ExConv7x24,20,1048576,8,9,0,1048576,1048576,2097584,0.197537,0.702398,0.000000,0.048187,0.948123,904.200848,113.025106,encoder_only; no_PPRF_setup; no_base_correlations; silent_sVOLE_ExConv7x24_parameters,2026-07-26T07:46:40.131907+00:00,56a80d12dc147c6f4d9452798d88f387cd1c778b,OK,197.53699999999998,702.3979999999999,0.0,48.187,948.123
ENCODER_ONLY_BENCH,PASS,WHT_ENCODER,WHT,20,1048576,16,0,1,1048576,1048576,1048576,0.013547,0.223283,0.051663,0.026406,0.314900,300.311787,18.769487,encoder_only; no_PPRF_setup; no_base_correlations; base_field_WHT_plus_m_coordinate_WHTs,2026-07-26T07:47:10.083052+00:00,56a80d12dc147c6f4d9452798d88f387cd1c778b,OK,13.547,223.28300000000002,51.663000000000004,26.406,314.90000000000003
ENCODER_ONLY_BENCH,PASS,WHT_ENCODER,WHT,20,1048576,16,0,0,1048576,1048576,1048576,0.013647,0.225478,0.051863,0.027812,0.318801,304.032445,19.002028,encoder_only; no_PPRF_setup; no_base_correlations; base_field_WHT_plus_m_coordinate_WHTs,2026-07-26T07:47:10.083102+00:00,56a80d12dc147c6f4d9452798d88f387cd1c778b,OK,13.647,225.478,51.863,27.812,318.801
ENCODER_ONLY_BENCH,PASS,WHT_ENCODER,WHT,20,1048576,16,1,0,1048576,1048576,1048576,0.013540,0.224683,0.051710,0.027983,0.317918,303.189952,18.949372,encoder_only; no_PPRF_setup; no_base_correlations; base_field_WHT_plus_m_coordinate_WHTs,2026-07-26T07:47:10.083118+00:00,56a80d12dc147c6f4d9452798d88f387cd1c778b,OK,13.54,224.683,51.71,27.983,317.918
ENCODER_ONLY_BENCH,PASS,WHT_ENCODER,WHT,20,1048576,16,2,0,1048576,1048576,1048576,0.013526,0.227655,0.051875,0.028380,0.321436,306.545394,19.159087,encoder_only; no_PPRF_setup; no_base_correlations; base_field_WHT_plus_m_coordinate_WHTs,2026-07-26T07:47:10.083136+00:00,56a80d12dc147c6f4d9452798d88f387cd1c778b,OK,13.526,227.655,51.875,28.38,321.436
ENCODER_ONLY_BENCH,PASS,WHT_ENCODER,WHT,20,1048576,16,3,0,1048576,1048576,1048576,0.013606,0.224635,0.051935,0.027846,0.318024,303.291166,18.955698,encoder_only; no_PPRF_setup; no_base_correlations; base_field_WHT_plus_m_coordinate_WHTs,2026-07-26T07:47:10.083152+00:00,56a80d12dc147c6f4d9452798d88f387cd1c778b,OK,13.606,224.635,51.935,27.846,318.024
ENCODER_ONLY_BENCH,PASS,WHT_ENCODER,WHT,20,1048576,16,4,0,1048576,1048576,1048576,0.013519,0.224841,0.051679,0.027973,0.318013,303.280788,18.955049,encoder_only; no_PPRF_setup; no_base_correlations; base_field_WHT_plus_m_coordinate_WHTs,2026-07-26T07:47:10.083165+00:00,56a80d12dc147c6f4d9452798d88f387cd1c778b,OK,13.519,224.841,51.679,27.973000000000003,318.013
ENCODER_ONLY_BENCH,PASS,WHT_ENCODER,WHT,20,1048576,16,5,0,1048576,1048576,1048576,0.013532,0.225307,0.051982,0.027868,0.318690,303.926107,18.995382,encoder_only; no_PPRF_setup; no_base_correlations; base_field_WHT_plus_m_coordinate_WHTs,2026-07-26T07:47:10.083180+00:00,56a80d12dc147c6f4d9452798d88f387cd1c778b,OK,13.532,225.30700000000002,51.982,27.868000000000002,318.69
ENCODER_ONLY_BENCH,PASS,WHT_ENCODER,WHT,20,1048576,16,6,0,1048576,1048576,1048576,0.013547,0.224037,0.051809,0.027957,0.317351,302.649372,18.915586,encoder_only; no_PPRF_setup; no_base_correlations; base_field_WHT_plus_m_coordinate_WHTs,2026-07-26T07:47:10.083192+00:00,56a80d12dc147c6f4d9452798d88f387cd1c778b,OK,13.547,224.03699999999998,51.809,27.957,317.351
ENCODER_ONLY_BENCH,PASS,WHT_ENCODER,WHT,20,1048576,16,7,0,1048576,1048576,1048576,0.013512,0.224409,0.055055,0.027858,0.320835,305.972502,19.123281,encoder_only; no_PPRF_setup; no_base_correlations; base_field_WHT_plus_m_coordinate_WHTs,2026-07-26T07:47:10.083208+00:00,56a80d12dc147c6f4d9452798d88f387cd1c778b,OK,13.512,224.409,55.055,27.858,320.835
ENCODER_ONLY_BENCH,PASS,WHT_ENCODER,WHT,20,1048576,16,8,0,1048576,1048576,1048576,0.013537,0.227871,0.051830,0.028035,0.321274,306.390844,19.149428,encoder_only; no_PPRF_setup; no_base_correlations; base_field_WHT_plus_m_coordinate_WHTs,2026-07-26T07:47:10.083222+00:00,56a80d12dc147c6f4d9452798d88f387cd1c778b,OK,13.537,227.87099999999998,51.83,28.035,321.274
ENCODER_ONLY_BENCH,PASS,WHT_ENCODER,WHT,20,1048576,16,9,0,1048576,1048576,1048576,0.013633,0.228709,0.051803,0.028064,0.322211,307.283977,19.205249,encoder_only; no_PPRF_setup; no_base_correlations; base_field_WHT_plus_m_coordinate_WHTs,2026-07-26T07:47:10.083236+00:00,56a80d12dc147c6f4d9452798d88f387cd1c778b,OK,13.633,228.709,51.803000000000004,28.064,322.211
ENCODER_ONLY_BENCH,PASS,EXCONV7X24_ENCODER,ExConv7x24,20,1048576,16,0,1,1048576,1048576,2097584,0.195078,1.353323,0.000000,0.175589,1.723990,1644.125378,102.757836,encoder_only; no_PPRF_setup; no_base_correlations; silent_sVOLE_ExConv7x24_parameters,2026-07-26T07:47:10.083251+00:00,56a80d12dc147c6f4d9452798d88f387cd1c778b,OK,195.078,1353.323,0.0,175.589,1723.99
ENCODER_ONLY_BENCH,PASS,EXCONV7X24_ENCODER,ExConv7x24,20,1048576,16,0,0,1048576,1048576,2097584,0.199859,1.353606,0.000000,0.169462,1.722928,1643.111799,102.694487,encoder_only; no_PPRF_setup; no_base_correlations; silent_sVOLE_ExConv7x24_parameters,2026-07-26T07:47:10.083264+00:00,56a80d12dc147c6f4d9452798d88f387cd1c778b,OK,199.859,1353.606,0.0,169.462,1722.928
ENCODER_ONLY_BENCH,PASS,EXCONV7X24_ENCODER,ExConv7x24,20,1048576,16,1,0,1048576,1048576,2097584,0.194886,1.370866,0.000000,0.173076,1.738830,1658.277267,103.642329,encoder_only; no_PPRF_setup; no_base_correlations; silent_sVOLE_ExConv7x24_parameters,2026-07-26T07:47:10.083276+00:00,56a80d12dc147c6f4d9452798d88f387cd1c778b,OK,194.886,1370.866,0.0,173.07600000000002,1738.8300000000002
ENCODER_ONLY_BENCH,PASS,EXCONV7X24_ENCODER,ExConv7x24,20,1048576,16,2,0,1048576,1048576,2097584,0.199601,1.362628,0.000000,0.168501,1.730732,1650.554253,103.159641,encoder_only; no_PPRF_setup; no_base_correlations; silent_sVOLE_ExConv7x24_parameters,2026-07-26T07:47:10.083300+00:00,56a80d12dc147c6f4d9452798d88f387cd1c778b,OK,199.601,1362.628,0.0,168.501,1730.732
ENCODER_ONLY_BENCH,PASS,EXCONV7X24_ENCODER,ExConv7x24,20,1048576,16,3,0,1048576,1048576,2097584,0.195058,1.366486,0.000000,0.175292,1.736838,1656.377350,103.523584,encoder_only; no_PPRF_setup; no_base_correlations; silent_sVOLE_ExConv7x24_parameters,2026-07-26T07:47:10.083312+00:00,56a80d12dc147c6f4d9452798d88f387cd1c778b,OK,195.05800000000002,1366.486,0.0,175.292,1736.8380000000002
ENCODER_ONLY_BENCH,PASS,EXCONV7X24_ENCODER,ExConv7x24,20,1048576,16,4,0,1048576,1048576,2097584,0.194939,1.364353,0.000000,0.171443,1.730735,1650.557830,103.159864,encoder_only; no_PPRF_setup; no_base_correlations; silent_sVOLE_ExConv7x24_parameters,2026-07-26T07:47:10.083331+00:00,56a80d12dc147c6f4d9452798d88f387cd1c778b,OK,194.939,1364.3529999999998,0.0,171.443,1730.735
ENCODER_ONLY_BENCH,PASS,EXCONV7X24_ENCODER,ExConv7x24,20,1048576,16,5,0,1048576,1048576,2097584,0.194893,1.364208,0.000000,0.170672,1.729774,1649.641074,103.102567,encoder_only; no_PPRF_setup; no_base_correlations; silent_sVOLE_ExConv7x24_parameters,2026-07-26T07:47:10.083344+00:00,56a80d12dc147c6f4d9452798d88f387cd1c778b,OK,194.893,1364.208,0.0,170.672,1729.774
ENCODER_ONLY_BENCH,PASS,EXCONV7X24_ENCODER,ExConv7x24,20,1048576,16,6,0,1048576,1048576,2097584,0.195127,1.364775,0.000000,0.170375,1.730278,1650.121967,103.132623,encoder_only; no_PPRF_setup; no_base_correlations; silent_sVOLE_ExConv7x24_parameters,2026-07-26T07:47:10.083356+00:00,56a80d12dc147c6f4d9452798d88f387cd1c778b,OK,195.12699999999998,1364.775,0.0,170.375,1730.278
ENCODER_ONLY_BENCH,PASS,EXCONV7X24_ENCODER,ExConv7x24,20,1048576,16,7,0,1048576,1048576,2097584,0.195397,1.357915,0.000000,0.170477,1.723790,1643.934334,102.745896,encoder_only; no_PPRF_setup; no_base_correlations; silent_sVOLE_ExConv7x24_parameters,2026-07-26T07:47:10.083370+00:00,56a80d12dc147c6f4d9452798d88f387cd1c778b,OK,195.397,1357.915,0.0,170.47699999999998,1723.79
ENCODER_ONLY_BENCH,PASS,EXCONV7X24_ENCODER,ExConv7x24,20,1048576,16,8,0,1048576,1048576,2097584,0.195539,1.384546,0.000000,0.169358,1.749444,1668.400040,104.275003,encoder_only; no_PPRF_setup; no_base_correlations; silent_sVOLE_ExConv7x24_parameters,2026-07-26T07:47:10.083382+00:00,56a80d12dc147c6f4d9452798d88f387cd1c778b,OK,195.539,1384.546,0.0,169.358,1749.444
ENCODER_ONLY_BENCH,PASS,EXCONV7X24_ENCODER,ExConv7x24,20,1048576,16,9,0,1048576,1048576,2097584,0.200184,1.365097,0.000000,0.168198,1.733479,1653.174584,103.323412,encoder_only; no_PPRF_setup; no_base_correlations; silent_sVOLE_ExConv7x24_parameters,2026-07-26T07:47:10.083397+00:00,56a80d12dc147c6f4d9452798d88f387cd1c778b,OK,200.184,1365.097,0.0,168.19799999999998,1733.479
ENCODER_ONLY_BENCH,PASS,WHT_ENCODER,WHT,20,1048576,32,0,1,1048576,1048576,1048576,0.013534,0.442814,0.103257,0.053904,0.613510,585.088725,18.284023,encoder_only; no_PPRF_setup; no_base_correlations; base_field_WHT_plus_m_coordinate_WHTs,2026-07-26T07:47:55.817040+00:00,56a80d12dc147c6f4d9452798d88f387cd1c778b,OK,13.533999999999999,442.81399999999996,103.257,53.904,613.51
ENCODER_ONLY_BENCH,PASS,WHT_ENCODER,WHT,20,1048576,32,0,0,1048576,1048576,1048576,0.013770,0.450223,0.103349,0.057191,0.624534,595.602030,18.612563,encoder_only; no_PPRF_setup; no_base_correlations; base_field_WHT_plus_m_coordinate_WHTs,2026-07-26T07:47:55.817093+00:00,56a80d12dc147c6f4d9452798d88f387cd1c778b,OK,13.77,450.22299999999996,103.34899999999999,57.190999999999995,624.534
ENCODER_ONLY_BENCH,PASS,WHT_ENCODER,WHT,20,1048576,32,1,0,1048576,1048576,1048576,0.013633,0.450959,0.103156,0.063122,0.630871,601.645696,18.801428,encoder_only; no_PPRF_setup; no_base_correlations; base_field_WHT_plus_m_coordinate_WHTs,2026-07-26T07:47:55.817112+00:00,56a80d12dc147c6f4d9452798d88f387cd1c778b,OK,13.633,450.959,103.15599999999999,63.122,630.871
ENCODER_ONLY_BENCH,PASS,WHT_ENCODER,WHT,20,1048576,32,2,0,1048576,1048576,1048576,0.013805,0.449149,0.102952,0.057041,0.622948,594.089400,18.565294,encoder_only; no_PPRF_setup; no_base_correlations; base_field_WHT_plus_m_coordinate_WHTs,2026-07-26T07:47:55.817128+00:00,56a80d12dc147c6f4d9452798d88f387cd1c778b,OK,13.805,449.149,102.952,57.041000000000004,622.948
ENCODER_ONLY_BENCH,PASS,WHT_ENCODER,WHT,20,1048576,32,3,0,1048576,1048576,1048576,0.013829,0.450480,0.109655,0.057540,0.631506,602.251333,18.820354,encoder_only; no_PPRF_setup; no_base_correlations; base_field_WHT_plus_m_coordinate_WHTs,2026-07-26T07:47:55.817141+00:00,56a80d12dc147c6f4d9452798d88f387cd1c778b,OK,13.828999999999999,450.48,109.655,57.54,631.506
ENCODER_ONLY_BENCH,PASS,WHT_ENCODER,WHT,20,1048576,32,4,0,1048576,1048576,1048576,0.013678,0.450975,0.102873,0.057020,0.624546,595.613892,18.612934,encoder_only; no_PPRF_setup; no_base_correlations; base_field_WHT_plus_m_coordinate_WHTs,2026-07-26T07:47:55.817156+00:00,56a80d12dc147c6f4d9452798d88f387cd1c778b,OK,13.677999999999999,450.975,102.873,57.02,624.546
ENCODER_ONLY_BENCH,PASS,WHT_ENCODER,WHT,20,1048576,32,5,0,1048576,1048576,1048576,0.013613,0.451636,0.103017,0.057203,0.625472,596.496374,18.640512,encoder_only; no_PPRF_setup; no_base_correlations; base_field_WHT_plus_m_coordinate_WHTs,2026-07-26T07:47:55.817173+00:00,56a80d12dc147c6f4d9452798d88f387cd1c778b,OK,13.613,451.63599999999997,103.017,57.202999999999996,625.472
ENCODER_ONLY_BENCH,PASS,WHT_ENCODER,WHT,20,1048576,32,6,0,1048576,1048576,1048576,0.013586,0.450137,0.108869,0.057630,0.630224,601.028111,18.782128,encoder_only; no_PPRF_setup; no_base_correlations; base_field_WHT_plus_m_coordinate_WHTs,2026-07-26T07:47:55.817188+00:00,56a80d12dc147c6f4d9452798d88f387cd1c778b,OK,13.586,450.137,108.869,57.63,630.224
ENCODER_ONLY_BENCH,PASS,WHT_ENCODER,WHT,20,1048576,32,7,0,1048576,1048576,1048576,0.013652,0.448933,0.103238,0.057163,0.622988,594.127451,18.566483,encoder_only; no_PPRF_setup; no_base_correlations; base_field_WHT_plus_m_coordinate_WHTs,2026-07-26T07:47:55.817202+00:00,56a80d12dc147c6f4d9452798d88f387cd1c778b,OK,13.652,448.93300000000005,103.238,57.163,622.9879999999999
ENCODER_ONLY_BENCH,PASS,WHT_ENCODER,WHT,20,1048576,32,8,0,1048576,1048576,1048576,0.013645,0.450080,0.103536,0.057363,0.624626,595.689676,18.615302,encoder_only; no_PPRF_setup; no_base_correlations; base_field_WHT_plus_m_coordinate_WHTs,2026-07-26T07:47:55.817217+00:00,56a80d12dc147c6f4d9452798d88f387cd1c778b,OK,13.645,450.08,103.536,57.363,624.626
ENCODER_ONLY_BENCH,PASS,WHT_ENCODER,WHT,20,1048576,32,9,0,1048576,1048576,1048576,0.013663,0.450198,0.109202,0.057249,0.630312,601.112825,18.784776,encoder_only; no_PPRF_setup; no_base_correlations; base_field_WHT_plus_m_coordinate_WHTs,2026-07-26T07:47:55.817231+00:00,56a80d12dc147c6f4d9452798d88f387cd1c778b,OK,13.663,450.198,109.202,57.249,630.312
ENCODER_ONLY_BENCH,PASS,EXCONV7X24_ENCODER,ExConv7x24,20,1048576,32,0,1,1048576,1048576,2097584,0.196443,1.451663,0.000000,0.535707,2.183814,2082.647716,65.082741,encoder_only; no_PPRF_setup; no_base_correlations; silent_sVOLE_ExConv7x24_parameters,2026-07-26T07:47:55.817246+00:00,56a80d12dc147c6f4d9452798d88f387cd1c778b,OK,196.443,1451.663,0.0,535.707,2183.814
ENCODER_ONLY_BENCH,PASS,EXCONV7X24_ENCODER,ExConv7x24,20,1048576,32,0,0,1048576,1048576,2097584,0.205087,1.457069,0.000000,0.544058,2.206216,2104.011332,65.750354,encoder_only; no_PPRF_setup; no_base_correlations; silent_sVOLE_ExConv7x24_parameters,2026-07-26T07:47:55.817258+00:00,56a80d12dc147c6f4d9452798d88f387cd1c778b,OK,205.087,1457.069,0.0,544.058,2206.216
ENCODER_ONLY_BENCH,PASS,EXCONV7X24_ENCODER,ExConv7x24,20,1048576,32,1,0,1048576,1048576,2097584,0.197618,1.457434,0.000000,0.539209,2.194262,2092.611419,65.394107,encoder_only; no_PPRF_setup; no_base_correlations; silent_sVOLE_ExConv7x24_parameters,2026-07-26T07:47:55.817274+00:00,56a80d12dc147c6f4d9452798d88f387cd1c778b,OK,197.618,1457.434,0.0,539.2090000000001,2194.262
ENCODER_ONLY_BENCH,PASS,EXCONV7X24_ENCODER,ExConv7x24,20,1048576,32,2,0,1048576,1048576,2097584,0.204348,1.447835,0.000000,0.540936,2.193119,2091.521127,65.360035,encoder_only; no_PPRF_setup; no_base_correlations; silent_sVOLE_ExConv7x24_parameters,2026-07-26T07:47:55.817287+00:00,56a80d12dc147c6f4d9452798d88f387cd1c778b,OK,204.348,1447.835,0.0,540.9359999999999,2193.1189999999997
ENCODER_ONLY_BENCH,PASS,EXCONV7X24_ENCODER,ExConv7x24,20,1048576,32,3,0,1048576,1048576,2097584,0.196069,1.453278,0.000000,0.535312,2.184660,2083.454492,65.107953,encoder_only; no_PPRF_setup; no_base_correlations; silent_sVOLE_ExConv7x24_parameters,2026-07-26T07:47:55.817301+00:00,56a80d12dc147c6f4d9452798d88f387cd1c778b,OK,196.069,1453.278,0.0,535.312,2184.66
ENCODER_ONLY_BENCH,PASS,EXCONV7X24_ENCODER,ExConv7x24,20,1048576,32,4,0,1048576,1048576,2097584,0.205014,1.448506,0.000000,0.535607,2.189128,2087.715164,65.241099,encoder_only; no_PPRF_setup; no_base_correlations; silent_sVOLE_ExConv7x24_parameters,2026-07-26T07:47:55.817313+00:00,56a80d12dc147c6f4d9452798d88f387cd1c778b,OK,205.014,1448.506,0.0,535.6070000000001,2189.128
ENCODER_ONLY_BENCH,PASS,EXCONV7X24_ENCODER,ExConv7x24,20,1048576,32,5,0,1048576,1048576,2097584,0.196670,1.462147,0.000000,0.541156,2.199974,2098.058976,65.564343,encoder_only; no_PPRF_setup; no_base_correlations; silent_sVOLE_ExConv7x24_parameters,2026-07-26T07:47:55.817327+00:00,56a80d12dc147c6f4d9452798d88f387cd1c778b,OK,196.67000000000002,1462.1470000000002,0.0,541.156,2199.974
ENCODER_ONLY_BENCH,PASS,EXCONV7X24_ENCODER,ExConv7x24,20,1048576,32,6,0,1048576,1048576,2097584,0.204950,1.458857,0.000000,0.536465,2.200274,2098.344393,65.573262,encoder_only; no_PPRF_setup; no_base_correlations; silent_sVOLE_ExConv7x24_parameters,2026-07-26T07:47:55.817342+00:00,56a80d12dc147c6f4d9452798d88f387cd1c778b,OK,204.95,1458.857,0.0,536.4649999999999,2200.274
ENCODER_ONLY_BENCH,PASS,EXCONV7X24_ENCODER,ExConv7x24,20,1048576,32,7,0,1048576,1048576,2097584,0.196554,1.462101,0.000000,0.532710,2.191366,2089.849551,65.307798,encoder_only; no_PPRF_setup; no_base_correlations; silent_sVOLE_ExConv7x24_parameters,2026-07-26T07:47:55.817354+00:00,56a80d12dc147c6f4d9452798d88f387cd1c778b,OK,196.554,1462.101,0.0,532.71,2191.366
ENCODER_ONLY_BENCH,PASS,EXCONV7X24_ENCODER,ExConv7x24,20,1048576,32,8,0,1048576,1048576,2097584,0.205440,1.447155,0.000000,0.539548,2.192144,2090.591108,65.330972,encoder_only; no_PPRF_setup; no_base_correlations; silent_sVOLE_ExConv7x24_parameters,2026-07-26T07:47:55.817368+00:00,56a80d12dc147c6f4d9452798d88f387cd1c778b,OK,205.44,1447.155,0.0,539.548,2192.144
ENCODER_ONLY_BENCH,PASS,EXCONV7X24_ENCODER,ExConv7x24,20,1048576,32,9,0,1048576,1048576,2097584,0.195598,1.468350,0.000000,0.537372,2.201321,2099.343261,65.604477,encoder_only; no_PPRF_setup; no_base_correlations; silent_sVOLE_ExConv7x24_parameters,2026-07-26T07:47:55.817380+00:00,56a80d12dc147c6f4d9452798d88f387cd1c778b,OK,195.59799999999998,1468.3500000000001,0.0,537.372,2201.321
