timestamp,benchmark_source_commit,tag,method,setup_mode,backend,network_profile,network,mode,trial_index,warmup,status,correctness,logN,N,t,m,reps,p0_split_input_setup_ms,p1_split_input_setup_ms,split_input_phase_wall_ms,split_input_phase_wall_definition,p0_pprf_setup_ms,p1_pprf_setup_ms,pprf_key_setup_wall_ms,p0_expand_ms,p1_expand_ms,expand_wall_ms,setup_wall_ms,total_wall_ms,base_correlation_setup_ms,silent_extension_ms,local_output_mapping_ms,p0_bytes_sent,p1_bytes_sent,total_comm_bytes,bytes_per_rm_vole_coordinate,split_input_bytes,pprf_bytes,split_input_base_ot_mode,coeff_ot_encrypted_pair_count,coeff_ot_encrypted_payload_send_calls,coeff_ot_encrypted_payload_flush_count,coeff_ot_encrypted_payload_bytes,coeff_ot_encrypted_payload_bytes_per_send,coeff_ot_protocol_round_count,notes,network_label
2026-07-26T08:31:23.408922+00:00,56a80d12dc147c6f4d9452798d88f387cd1c778b,RMVOLE_NET_BENCH,RM_VECTOR_OPT,split-input-coeff-ot,vector,FAST,tcp-loopback,bench,-1,1,OK,PASS,14,16384,64,8,1,32.287000000000006,25.209,32.287000000000006,"max(P0,P1)_same_phase",69.913,72.197,72.197,3.184,2.979,3.184,104.48400000000001,105.384,0.0,0.0,0.0,159921,1315329,1475168,11.254638671875,1378624,96626,INCLUDING_BASE_OT,7808,1,1,999424,999424,3,tcp_two_process; p0_coeff_bit_ot_receiver; SPLIT_COEFF_OT; one_batched_Kos_chosen_message_OT; vector_fixed_prime_setup; local_expand; tcp_two_process; p1_coeff_bit_ot_sender; SPLIT_COEFF_OT; one_batched_Kos_chosen_message_OT; vector_fixed_prime_setup; local_expand,emulated TCP network
2026-07-26T08:31:23.761937+00:00,56a80d12dc147c6f4d9452798d88f387cd1c778b,RMVOLE_NET_BENCH,RM_VECTOR_OPT,split-input-coeff-ot,vector,FAST,tcp-loopback,bench,0,0,OK,PASS,14,16384,64,8,1,32.291,25.201999999999998,32.291,"max(P0,P1)_same_phase",70.056,72.185,72.185,3.236,3.016,3.236,104.476,105.583,0.0,0.0,0.0,159921,1315329,1475168,11.254638671875,1378624,96626,INCLUDING_BASE_OT,7808,1,1,999424,999424,3,tcp_two_process; p0_coeff_bit_ot_receiver; SPLIT_COEFF_OT; one_batched_Kos_chosen_message_OT; vector_fixed_prime_setup; local_expand; tcp_two_process; p1_coeff_bit_ot_sender; SPLIT_COEFF_OT; one_batched_Kos_chosen_message_OT; vector_fixed_prime_setup; local_expand,emulated TCP network
2026-07-26T08:31:24.115430+00:00,56a80d12dc147c6f4d9452798d88f387cd1c778b,RMVOLE_NET_BENCH,RM_VECTOR_OPT,split-input-coeff-ot,vector,FAST,tcp-loopback,bench,1,0,OK,PASS,14,16384,64,8,1,32.498,25.413,32.498,"max(P0,P1)_same_phase",69.74600000000001,71.999,71.999,3.1879999999999997,2.969,3.1879999999999997,104.49699999999999,105.431,0.0,0.0,0.0,159921,1315329,1475168,11.254638671875,1378624,96626,INCLUDING_BASE_OT,7808,1,1,999424,999424,3,tcp_two_process; p0_coeff_bit_ot_receiver; SPLIT_COEFF_OT; one_batched_Kos_chosen_message_OT; vector_fixed_prime_setup; local_expand; tcp_two_process; p1_coeff_bit_ot_sender; SPLIT_COEFF_OT; one_batched_Kos_chosen_message_OT; vector_fixed_prime_setup; local_expand,emulated TCP network
2026-07-26T08:31:24.468412+00:00,56a80d12dc147c6f4d9452798d88f387cd1c778b,RMVOLE_NET_BENCH,RM_VECTOR_OPT,split-input-coeff-ot,vector,FAST,tcp-loopback,bench,2,0,OK,PASS,14,16384,64,8,1,32.409,25.187,32.409,"max(P0,P1)_same_phase",69.488,71.946,71.946,3.17,2.9659999999999997,3.17,104.35499999999999,105.067,0.0,0.0,0.0,159921,1315329,1475168,11.254638671875,1378624,96626,INCLUDING_BASE_OT,7808,1,1,999424,999424,3,tcp_two_process; p0_coeff_bit_ot_receiver; SPLIT_COEFF_OT; one_batched_Kos_chosen_message_OT; vector_fixed_prime_setup; local_expand; tcp_two_process; p1_coeff_bit_ot_sender; SPLIT_COEFF_OT; one_batched_Kos_chosen_message_OT; vector_fixed_prime_setup; local_expand,emulated TCP network
2026-07-26T08:31:24.821302+00:00,56a80d12dc147c6f4d9452798d88f387cd1c778b,RMVOLE_NET_BENCH,RM_VECTOR_OPT,split-input-coeff-ot,vector,FAST,tcp-loopback,bench,3,0,OK,PASS,14,16384,64,8,1,33.985,26.493,33.985,"max(P0,P1)_same_phase",71.70899999999999,74.444,74.444,3.1809999999999996,2.977,3.1809999999999996,108.429,108.874,0.0,0.0,0.0,159921,1315329,1475168,11.254638671875,1378624,96626,INCLUDING_BASE_OT,7808,1,1,999424,999424,3,tcp_two_process; p0_coeff_bit_ot_receiver; SPLIT_COEFF_OT; one_batched_Kos_chosen_message_OT; vector_fixed_prime_setup; local_expand; tcp_two_process; p1_coeff_bit_ot_sender; SPLIT_COEFF_OT; one_batched_Kos_chosen_message_OT; vector_fixed_prime_setup; local_expand,emulated TCP network
2026-07-26T08:31:25.174395+00:00,56a80d12dc147c6f4d9452798d88f387cd1c778b,RMVOLE_NET_BENCH,RM_VECTOR_OPT,split-input-coeff-ot,vector,FAST,tcp-loopback,bench,4,0,OK,PASS,14,16384,64,8,1,32.455999999999996,25.430999999999997,32.455999999999996,"max(P0,P1)_same_phase",69.99600000000001,72.088,72.088,3.1679999999999997,3.009,3.1679999999999997,104.54399999999998,105.62,0.0,0.0,0.0,159921,1315329,1475168,11.254638671875,1378624,96626,INCLUDING_BASE_OT,7808,1,1,999424,999424,3,tcp_two_process; p0_coeff_bit_ot_receiver; SPLIT_COEFF_OT; one_batched_Kos_chosen_message_OT; vector_fixed_prime_setup; local_expand; tcp_two_process; p1_coeff_bit_ot_sender; SPLIT_COEFF_OT; one_batched_Kos_chosen_message_OT; vector_fixed_prime_setup; local_expand,emulated TCP network
2026-07-26T08:31:25.527491+00:00,56a80d12dc147c6f4d9452798d88f387cd1c778b,RMVOLE_NET_BENCH,RM_VECTOR_OPT,split-input-coeff-ot,vector,FAST,tcp-loopback,bench,5,0,OK,PASS,14,16384,64,8,1,32.126000000000005,25.023,32.126000000000005,"max(P0,P1)_same_phase",69.68100000000001,71.997,71.997,3.1470000000000002,3.008,3.1470000000000002,104.123,104.95500000000001,0.0,0.0,0.0,159921,1315329,1475168,11.254638671875,1378624,96626,INCLUDING_BASE_OT,7808,1,1,999424,999424,3,tcp_two_process; p0_coeff_bit_ot_receiver; SPLIT_COEFF_OT; one_batched_Kos_chosen_message_OT; vector_fixed_prime_setup; local_expand; tcp_two_process; p1_coeff_bit_ot_sender; SPLIT_COEFF_OT; one_batched_Kos_chosen_message_OT; vector_fixed_prime_setup; local_expand,emulated TCP network
2026-07-26T08:31:25.880407+00:00,56a80d12dc147c6f4d9452798d88f387cd1c778b,RMVOLE_NET_BENCH,RM_VECTOR_OPT,split-input-coeff-ot,vector,FAST,tcp-loopback,bench,6,0,OK,PASS,14,16384,64,8,1,32.106,25.029,32.106,"max(P0,P1)_same_phase",70.613,72.589,72.589,3.3249999999999997,3.115,3.3249999999999997,104.695,106.044,0.0,0.0,0.0,159921,1315329,1475168,11.254638671875,1378624,96626,INCLUDING_BASE_OT,7808,1,1,999424,999424,3,tcp_two_process; p0_coeff_bit_ot_receiver; SPLIT_COEFF_OT; one_batched_Kos_chosen_message_OT; vector_fixed_prime_setup; local_expand; tcp_two_process; p1_coeff_bit_ot_sender; SPLIT_COEFF_OT; one_batched_Kos_chosen_message_OT; vector_fixed_prime_setup; local_expand,emulated TCP network
2026-07-26T08:31:26.233860+00:00,56a80d12dc147c6f4d9452798d88f387cd1c778b,RMVOLE_NET_BENCH,RM_VECTOR_OPT,split-input-coeff-ot,vector,FAST,tcp-loopback,bench,7,0,OK,PASS,14,16384,64,8,1,32.293,25.266000000000002,32.293,"max(P0,P1)_same_phase",69.823,72.03,72.03,3.159,2.993,3.159,104.32300000000001,105.27499999999999,0.0,0.0,0.0,159921,1315329,1475168,11.254638671875,1378624,96626,INCLUDING_BASE_OT,7808,1,1,999424,999424,3,tcp_two_process; p0_coeff_bit_ot_receiver; SPLIT_COEFF_OT; one_batched_Kos_chosen_message_OT; vector_fixed_prime_setup; local_expand; tcp_two_process; p1_coeff_bit_ot_sender; SPLIT_COEFF_OT; one_batched_Kos_chosen_message_OT; vector_fixed_prime_setup; local_expand,emulated TCP network
2026-07-26T08:31:26.587059+00:00,56a80d12dc147c6f4d9452798d88f387cd1c778b,RMVOLE_NET_BENCH,RM_VECTOR_OPT,split-input-coeff-ot,vector,FAST,tcp-loopback,bench,8,0,OK,PASS,14,16384,64,8,1,32.306000000000004,25.247,32.306000000000004,"max(P0,P1)_same_phase",69.88,72.103,72.103,3.161,2.997,3.161,104.40899999999999,105.347,0.0,0.0,0.0,159921,1315329,1475168,11.254638671875,1378624,96626,INCLUDING_BASE_OT,7808,1,1,999424,999424,3,tcp_two_process; p0_coeff_bit_ot_receiver; SPLIT_COEFF_OT; one_batched_Kos_chosen_message_OT; vector_fixed_prime_setup; local_expand; tcp_two_process; p1_coeff_bit_ot_sender; SPLIT_COEFF_OT; one_batched_Kos_chosen_message_OT; vector_fixed_prime_setup; local_expand,emulated TCP network
2026-07-26T08:31:26.940099+00:00,56a80d12dc147c6f4d9452798d88f387cd1c778b,RMVOLE_NET_BENCH,RM_VECTOR_OPT,split-input-coeff-ot,vector,FAST,tcp-loopback,bench,9,0,OK,PASS,14,16384,64,8,1,32.424,25.237,32.424,"max(P0,P1)_same_phase",69.87100000000001,72.255,72.255,3.199,2.98,3.199,104.679,105.494,0.0,0.0,0.0,159921,1315329,1475168,11.254638671875,1378624,96626,INCLUDING_BASE_OT,7808,1,1,999424,999424,3,tcp_two_process; p0_coeff_bit_ot_receiver; SPLIT_COEFF_OT; one_batched_Kos_chosen_message_OT; vector_fixed_prime_setup; local_expand; tcp_two_process; p1_coeff_bit_ot_sender; SPLIT_COEFF_OT; one_batched_Kos_chosen_message_OT; vector_fixed_prime_setup; local_expand,emulated TCP network
2026-07-26T08:31:27.643587+00:00,56a80d12dc147c6f4d9452798d88f387cd1c778b,SILENT_SVOLE_TCP,SILENT_SVOLE,,,FAST,tcp-loopback,bench,-1,1,OK,PASS,14,16384,64,8,1,464.536,442.702,0.0,,0.0,0.0,0.0,0.0,0.0,0.0,464.536,464.536,434.382,110.597,0.0,8190160,135800,8325896,63.52154541015625,0,0,,0,0,0,0,0,0,"tcp_two_process; libOTe_SilentVole; semi_honest_128; MultType=ExConv7x24; BaseElem=u64; ExtElem=array<u64,M>; x=c; Z0=a; Z1=-b; tcp_two_process; libOTe_SilentVole; semi_honest_128; MultType=ExConv7x24; BaseElem=u64; ExtElem=array<u64,M>; x=c; Z0=a; Z1=-b",emulated TCP network
2026-07-26T08:31:28.347455+00:00,56a80d12dc147c6f4d9452798d88f387cd1c778b,SILENT_SVOLE_TCP,SILENT_SVOLE,,,FAST,tcp-loopback,bench,0,0,OK,PASS,14,16384,64,8,1,464.841,443.781,0.0,,0.0,0.0,0.0,0.0,0.0,0.0,464.841,464.841,435.444,110.35499999999999,0.0,8190160,135800,8325896,63.52154541015625,0,0,,0,0,0,0,0,0,"tcp_two_process; libOTe_SilentVole; semi_honest_128; MultType=ExConv7x24; BaseElem=u64; ExtElem=array<u64,M>; x=c; Z0=a; Z1=-b; tcp_two_process; libOTe_SilentVole; semi_honest_128; MultType=ExConv7x24; BaseElem=u64; ExtElem=array<u64,M>; x=c; Z0=a; Z1=-b",emulated TCP network
2026-07-26T08:31:29.051223+00:00,56a80d12dc147c6f4d9452798d88f387cd1c778b,SILENT_SVOLE_TCP,SILENT_SVOLE,,,FAST,tcp-loopback,bench,1,0,OK,PASS,14,16384,64,8,1,465.118,439.15900000000005,0.0,,0.0,0.0,0.0,0.0,0.0,0.0,465.117,465.118,430.741,110.82400000000001,0.0,8190160,135800,8325896,63.52154541015625,0,0,,0,0,0,0,0,0,"tcp_two_process; libOTe_SilentVole; semi_honest_128; MultType=ExConv7x24; BaseElem=u64; ExtElem=array<u64,M>; x=c; Z0=a; Z1=-b; tcp_two_process; libOTe_SilentVole; semi_honest_128; MultType=ExConv7x24; BaseElem=u64; ExtElem=array<u64,M>; x=c; Z0=a; Z1=-b",emulated TCP network
2026-07-26T08:31:29.755015+00:00,56a80d12dc147c6f4d9452798d88f387cd1c778b,SILENT_SVOLE_TCP,SILENT_SVOLE,,,FAST,tcp-loopback,bench,2,0,OK,PASS,14,16384,64,8,1,464.875,442.768,0.0,,0.0,0.0,0.0,0.0,0.0,0.0,464.87500000000006,464.875,434.43100000000004,110.362,0.0,8190160,135800,8325896,63.52154541015625,0,0,,0,0,0,0,0,0,"tcp_two_process; libOTe_SilentVole; semi_honest_128; MultType=ExConv7x24; BaseElem=u64; ExtElem=array<u64,M>; x=c; Z0=a; Z1=-b; tcp_two_process; libOTe_SilentVole; semi_honest_128; MultType=ExConv7x24; BaseElem=u64; ExtElem=array<u64,M>; x=c; Z0=a; Z1=-b",emulated TCP network
2026-07-26T08:31:30.458962+00:00,56a80d12dc147c6f4d9452798d88f387cd1c778b,SILENT_SVOLE_TCP,SILENT_SVOLE,,,FAST,tcp-loopback,bench,3,0,OK,PASS,14,16384,64,8,1,465.362,443.548,0.0,,0.0,0.0,0.0,0.0,0.0,0.0,465.362,465.362,435.229,109.63199999999999,0.0,8190160,135800,8325896,63.52154541015625,0,0,,0,0,0,0,0,0,"tcp_two_process; libOTe_SilentVole; semi_honest_128; MultType=ExConv7x24; BaseElem=u64; ExtElem=array<u64,M>; x=c; Z0=a; Z1=-b; tcp_two_process; libOTe_SilentVole; semi_honest_128; MultType=ExConv7x24; BaseElem=u64; ExtElem=array<u64,M>; x=c; Z0=a; Z1=-b",emulated TCP network
2026-07-26T08:31:31.163148+00:00,56a80d12dc147c6f4d9452798d88f387cd1c778b,SILENT_SVOLE_TCP,SILENT_SVOLE,,,FAST,tcp-loopback,bench,4,0,OK,PASS,14,16384,64,8,1,464.409,442.59900000000005,0.0,,0.0,0.0,0.0,0.0,0.0,0.0,464.40899999999993,464.409,434.289,110.61200000000001,0.0,8190160,135800,8325896,63.52154541015625,0,0,,0,0,0,0,0,0,"tcp_two_process; libOTe_SilentVole; semi_honest_128; MultType=ExConv7x24; BaseElem=u64; ExtElem=array<u64,M>; x=c; Z0=a; Z1=-b; tcp_two_process; libOTe_SilentVole; semi_honest_128; MultType=ExConv7x24; BaseElem=u64; ExtElem=array<u64,M>; x=c; Z0=a; Z1=-b",emulated TCP network
2026-07-26T08:31:31.866824+00:00,56a80d12dc147c6f4d9452798d88f387cd1c778b,SILENT_SVOLE_TCP,SILENT_SVOLE,,,FAST,tcp-loopback,bench,5,0,OK,PASS,14,16384,64,8,1,465.941,443.609,0.0,,0.0,0.0,0.0,0.0,0.0,0.0,465.941,465.941,435.218,110.856,0.0,8190160,135800,8325896,63.52154541015625,0,0,,0,0,0,0,0,0,"tcp_two_process; libOTe_SilentVole; semi_honest_128; MultType=ExConv7x24; BaseElem=u64; ExtElem=array<u64,M>; x=c; Z0=a; Z1=-b; tcp_two_process; libOTe_SilentVole; semi_honest_128; MultType=ExConv7x24; BaseElem=u64; ExtElem=array<u64,M>; x=c; Z0=a; Z1=-b",emulated TCP network
2026-07-26T08:31:32.570654+00:00,56a80d12dc147c6f4d9452798d88f387cd1c778b,SILENT_SVOLE_TCP,SILENT_SVOLE,,,FAST,tcp-loopback,bench,6,0,OK,PASS,14,16384,64,8,1,464.787,442.716,0.0,,0.0,0.0,0.0,0.0,0.0,0.0,464.787,464.787,434.321,110.869,0.0,8190160,135800,8325896,63.52154541015625,0,0,,0,0,0,0,0,0,"tcp_two_process; libOTe_SilentVole; semi_honest_128; MultType=ExConv7x24; BaseElem=u64; ExtElem=array<u64,M>; x=c; Z0=a; Z1=-b; tcp_two_process; libOTe_SilentVole; semi_honest_128; MultType=ExConv7x24; BaseElem=u64; ExtElem=array<u64,M>; x=c; Z0=a; Z1=-b",emulated TCP network
2026-07-26T08:31:33.274263+00:00,56a80d12dc147c6f4d9452798d88f387cd1c778b,SILENT_SVOLE_TCP,SILENT_SVOLE,,,FAST,tcp-loopback,bench,7,0,OK,PASS,14,16384,64,8,1,465.264,442.268,0.0,,0.0,0.0,0.0,0.0,0.0,0.0,465.264,465.264,433.907,110.705,0.0,8190160,135800,8325896,63.52154541015625,0,0,,0,0,0,0,0,0,"tcp_two_process; libOTe_SilentVole; semi_honest_128; MultType=ExConv7x24; BaseElem=u64; ExtElem=array<u64,M>; x=c; Z0=a; Z1=-b; tcp_two_process; libOTe_SilentVole; semi_honest_128; MultType=ExConv7x24; BaseElem=u64; ExtElem=array<u64,M>; x=c; Z0=a; Z1=-b",emulated TCP network
2026-07-26T08:31:33.977918+00:00,56a80d12dc147c6f4d9452798d88f387cd1c778b,SILENT_SVOLE_TCP,SILENT_SVOLE,,,FAST,tcp-loopback,bench,8,0,OK,PASS,14,16384,64,8,1,465.22799999999995,437.886,0.0,,0.0,0.0,0.0,0.0,0.0,0.0,465.22799999999995,465.22799999999995,429.502,111.16,0.0,8190160,135800,8325896,63.52154541015625,0,0,,0,0,0,0,0,0,"tcp_two_process; libOTe_SilentVole; semi_honest_128; MultType=ExConv7x24; BaseElem=u64; ExtElem=array<u64,M>; x=c; Z0=a; Z1=-b; tcp_two_process; libOTe_SilentVole; semi_honest_128; MultType=ExConv7x24; BaseElem=u64; ExtElem=array<u64,M>; x=c; Z0=a; Z1=-b",emulated TCP network
2026-07-26T08:31:34.681665+00:00,56a80d12dc147c6f4d9452798d88f387cd1c778b,SILENT_SVOLE_TCP,SILENT_SVOLE,,,FAST,tcp-loopback,bench,9,0,OK,PASS,14,16384,64,8,1,464.815,441.808,0.0,,0.0,0.0,0.0,0.0,0.0,0.0,464.815,464.815,433.462,110.247,0.0,8190160,135800,8325896,63.52154541015625,0,0,,0,0,0,0,0,0,"tcp_two_process; libOTe_SilentVole; semi_honest_128; MultType=ExConv7x24; BaseElem=u64; ExtElem=array<u64,M>; x=c; Z0=a; Z1=-b; tcp_two_process; libOTe_SilentVole; semi_honest_128; MultType=ExConv7x24; BaseElem=u64; ExtElem=array<u64,M>; x=c; Z0=a; Z1=-b",emulated TCP network
2026-07-26T08:31:35.034892+00:00,56a80d12dc147c6f4d9452798d88f387cd1c778b,RMVOLE_NET_BENCH,RM_VECTOR_GENERIC_SPLIT,split-input-vole,vector,FAST,tcp-loopback,bench,-1,1,OK,PASS,14,16384,64,8,1,47.515,61.352,61.352,"max(P0,P1)_same_phase",80.58200000000001,64.277,80.58200000000001,3.233,3.053,3.233,141.934,131.33100000000002,0.0,0.0,0.0,4229297,79089,4308304,32.8697509765625,4211760,96626,,0,0,0,0,0,0,"tcp_two_process; p0_noisy_vole_receiver; real_libOTe_NoisyVole_split_input_length_2t; F=array<u64,M>; G=u64; vector_fixed_prime_setup; local_expand; tcp_two_process; p1_noisy_vole_sender; real_libOTe_NoisyVole_split_input_length_2t; F=array<u64,M>; G=u64; vector_fixed_prime_setup; local_expand",emulated TCP network
2026-07-26T08:31:35.387873+00:00,56a80d12dc147c6f4d9452798d88f387cd1c778b,RMVOLE_NET_BENCH,RM_VECTOR_GENERIC_SPLIT,split-input-vole,vector,FAST,tcp-loopback,bench,0,0,OK,PASS,14,16384,64,8,1,47.351,61.37,61.37,"max(P0,P1)_same_phase",80.885,64.473,80.885,3.255,2.984,3.255,142.255,131.492,0.0,0.0,0.0,4229297,79089,4308304,32.8697509765625,4211760,96626,,0,0,0,0,0,0,"tcp_two_process; p0_noisy_vole_receiver; real_libOTe_NoisyVole_split_input_length_2t; F=array<u64,M>; G=u64; vector_fixed_prime_setup; local_expand; tcp_two_process; p1_noisy_vole_sender; real_libOTe_NoisyVole_split_input_length_2t; F=array<u64,M>; G=u64; vector_fixed_prime_setup; local_expand",emulated TCP network
2026-07-26T08:31:35.740864+00:00,56a80d12dc147c6f4d9452798d88f387cd1c778b,RMVOLE_NET_BENCH,RM_VECTOR_GENERIC_SPLIT,split-input-vole,vector,FAST,tcp-loopback,bench,1,0,OK,PASS,14,16384,64,8,1,47.319,61.229,61.229,"max(P0,P1)_same_phase",80.796,64.50200000000001,80.796,3.274,2.999,3.274,142.025,131.388,0.0,0.0,0.0,4229297,79089,4308304,32.8697509765625,4211760,96626,,0,0,0,0,0,0,"tcp_two_process; p0_noisy_vole_receiver; real_libOTe_NoisyVole_split_input_length_2t; F=array<u64,M>; G=u64; vector_fixed_prime_setup; local_expand; tcp_two_process; p1_noisy_vole_sender; real_libOTe_NoisyVole_split_input_length_2t; F=array<u64,M>; G=u64; vector_fixed_prime_setup; local_expand",emulated TCP network
2026-07-26T08:31:36.093983+00:00,56a80d12dc147c6f4d9452798d88f387cd1c778b,RMVOLE_NET_BENCH,RM_VECTOR_GENERIC_SPLIT,split-input-vole,vector,FAST,tcp-loopback,bench,2,0,OK,PASS,14,16384,64,8,1,47.455,61.357,61.357,"max(P0,P1)_same_phase",80.72,64.33999999999999,80.72,3.32,3.038,3.32,142.077,131.495,0.0,0.0,0.0,4229297,79089,4308304,32.8697509765625,4211760,96626,,0,0,0,0,0,0,"tcp_two_process; p0_noisy_vole_receiver; real_libOTe_NoisyVole_split_input_length_2t; F=array<u64,M>; G=u64; vector_fixed_prime_setup; local_expand; tcp_two_process; p1_noisy_vole_sender; real_libOTe_NoisyVole_split_input_length_2t; F=array<u64,M>; G=u64; vector_fixed_prime_setup; local_expand",emulated TCP network
2026-07-26T08:31:36.447209+00:00,56a80d12dc147c6f4d9452798d88f387cd1c778b,RMVOLE_NET_BENCH,RM_VECTOR_GENERIC_SPLIT,split-input-vole,vector,FAST,tcp-loopback,bench,3,0,OK,PASS,14,16384,64,8,1,47.728,61.712,61.712,"max(P0,P1)_same_phase",80.21000000000001,63.899,80.21000000000001,3.27,2.9949999999999997,3.27,141.92200000000003,131.207,0.0,0.0,0.0,4229297,79089,4308304,32.8697509765625,4211760,96626,,0,0,0,0,0,0,"tcp_two_process; p0_noisy_vole_receiver; real_libOTe_NoisyVole_split_input_length_2t; F=array<u64,M>; G=u64; vector_fixed_prime_setup; local_expand; tcp_two_process; p1_noisy_vole_sender; real_libOTe_NoisyVole_split_input_length_2t; F=array<u64,M>; G=u64; vector_fixed_prime_setup; local_expand",emulated TCP network
2026-07-26T08:31:36.800390+00:00,56a80d12dc147c6f4d9452798d88f387cd1c778b,RMVOLE_NET_BENCH,RM_VECTOR_GENERIC_SPLIT,split-input-vole,vector,FAST,tcp-loopback,bench,4,0,OK,PASS,14,16384,64,8,1,47.551,61.506,61.506,"max(P0,P1)_same_phase",80.217,63.87,80.217,3.2880000000000003,3.016,3.2880000000000003,141.723,131.056,0.0,0.0,0.0,4229297,79089,4308304,32.8697509765625,4211760,96626,,0,0,0,0,0,0,"tcp_two_process; p0_noisy_vole_receiver; real_libOTe_NoisyVole_split_input_length_2t; F=array<u64,M>; G=u64; vector_fixed_prime_setup; local_expand; tcp_two_process; p1_noisy_vole_sender; real_libOTe_NoisyVole_split_input_length_2t; F=array<u64,M>; G=u64; vector_fixed_prime_setup; local_expand",emulated TCP network
2026-07-26T08:31:37.153968+00:00,56a80d12dc147c6f4d9452798d88f387cd1c778b,RMVOLE_NET_BENCH,RM_VECTOR_GENERIC_SPLIT,split-input-vole,vector,FAST,tcp-loopback,bench,5,0,OK,PASS,14,16384,64,8,1,47.910000000000004,62.098,62.098,"max(P0,P1)_same_phase",80.40799999999999,63.717,80.40799999999999,3.312,3.045,3.312,142.50599999999997,131.63,0.0,0.0,0.0,4229297,79089,4308304,32.8697509765625,4211760,96626,,0,0,0,0,0,0,"tcp_two_process; p0_noisy_vole_receiver; real_libOTe_NoisyVole_split_input_length_2t; F=array<u64,M>; G=u64; vector_fixed_prime_setup; local_expand; tcp_two_process; p1_noisy_vole_sender; real_libOTe_NoisyVole_split_input_length_2t; F=array<u64,M>; G=u64; vector_fixed_prime_setup; local_expand",emulated TCP network
2026-07-26T08:31:37.507283+00:00,56a80d12dc147c6f4d9452798d88f387cd1c778b,RMVOLE_NET_BENCH,RM_VECTOR_GENERIC_SPLIT,split-input-vole,vector,FAST,tcp-loopback,bench,6,0,OK,PASS,14,16384,64,8,1,47.697,61.677,61.677,"max(P0,P1)_same_phase",80.879,64.516,80.879,3.271,2.991,3.271,142.556,131.84699999999998,0.0,0.0,0.0,4229297,79089,4308304,32.8697509765625,4211760,96626,,0,0,0,0,0,0,"tcp_two_process; p0_noisy_vole_receiver; real_libOTe_NoisyVole_split_input_length_2t; F=array<u64,M>; G=u64; vector_fixed_prime_setup; local_expand; tcp_two_process; p1_noisy_vole_sender; real_libOTe_NoisyVole_split_input_length_2t; F=array<u64,M>; G=u64; vector_fixed_prime_setup; local_expand",emulated TCP network
2026-07-26T08:31:37.860424+00:00,56a80d12dc147c6f4d9452798d88f387cd1c778b,RMVOLE_NET_BENCH,RM_VECTOR_GENERIC_SPLIT,split-input-vole,vector,FAST,tcp-loopback,bench,7,0,OK,PASS,14,16384,64,8,1,47.513,61.508,61.508,"max(P0,P1)_same_phase",81.107,64.72999999999999,81.107,3.291,3.02,3.291,142.615,131.911,0.0,0.0,0.0,4229297,79089,4308304,32.8697509765625,4211760,96626,,0,0,0,0,0,0,"tcp_two_process; p0_noisy_vole_receiver; real_libOTe_NoisyVole_split_input_length_2t; F=array<u64,M>; G=u64; vector_fixed_prime_setup; local_expand; tcp_two_process; p1_noisy_vole_sender; real_libOTe_NoisyVole_split_input_length_2t; F=array<u64,M>; G=u64; vector_fixed_prime_setup; local_expand",emulated TCP network
2026-07-26T08:31:38.213832+00:00,56a80d12dc147c6f4d9452798d88f387cd1c778b,RMVOLE_NET_BENCH,RM_VECTOR_GENERIC_SPLIT,split-input-vole,vector,FAST,tcp-loopback,bench,8,0,OK,PASS,14,16384,64,8,1,47.737,62.062,62.062,"max(P0,P1)_same_phase",81.653,64.871,81.653,3.286,3.021,3.286,143.715,132.677,0.0,0.0,0.0,4229297,79089,4308304,32.8697509765625,4211760,96626,,0,0,0,0,0,0,"tcp_two_process; p0_noisy_vole_receiver; real_libOTe_NoisyVole_split_input_length_2t; F=array<u64,M>; G=u64; vector_fixed_prime_setup; local_expand; tcp_two_process; p1_noisy_vole_sender; real_libOTe_NoisyVole_split_input_length_2t; F=array<u64,M>; G=u64; vector_fixed_prime_setup; local_expand",emulated TCP network
2026-07-26T08:31:38.567248+00:00,56a80d12dc147c6f4d9452798d88f387cd1c778b,RMVOLE_NET_BENCH,RM_VECTOR_GENERIC_SPLIT,split-input-vole,vector,FAST,tcp-loopback,bench,9,0,OK,PASS,14,16384,64,8,1,47.641000000000005,61.686,61.686,"max(P0,P1)_same_phase",81.22,64.845,81.22,3.301,3.028,3.301,142.906,132.162,0.0,0.0,0.0,4229297,79089,4308304,32.8697509765625,4211760,96626,,0,0,0,0,0,0,"tcp_two_process; p0_noisy_vole_receiver; real_libOTe_NoisyVole_split_input_length_2t; F=array<u64,M>; G=u64; vector_fixed_prime_setup; local_expand; tcp_two_process; p1_noisy_vole_sender; real_libOTe_NoisyVole_split_input_length_2t; F=array<u64,M>; G=u64; vector_fixed_prime_setup; local_expand",emulated TCP network
2026-07-26T08:31:38.920733+00:00,56a80d12dc147c6f4d9452798d88f387cd1c778b,RMVOLE_NET_BENCH,RM_VECTOR_OPT,split-input-coeff-ot,vector,FAST,tcp-loopback,bench,-1,1,OK,PASS,14,16384,64,16,1,35.286,27.801,35.286,"max(P0,P1)_same_phase",79.316,76.73299999999999,79.316,6.186,5.9030000000000005,6.186,114.602,120.78800000000001,0.0,0.0,0.0,159985,2347521,2507360,9.5648193359375,2378048,129458,INCLUDING_BASE_OT,7808,1,1,1998848,1998848,3,tcp_two_process; p0_coeff_bit_ot_receiver; SPLIT_COEFF_OT; one_batched_Kos_chosen_message_OT; vector_fixed_prime_setup; local_expand; tcp_two_process; p1_coeff_bit_ot_sender; SPLIT_COEFF_OT; one_batched_Kos_chosen_message_OT; vector_fixed_prime_setup; local_expand,emulated TCP network
2026-07-26T08:31:39.273923+00:00,56a80d12dc147c6f4d9452798d88f387cd1c778b,RMVOLE_NET_BENCH,RM_VECTOR_OPT,split-input-coeff-ot,vector,FAST,tcp-loopback,bench,0,0,OK,PASS,14,16384,64,16,1,35.171,27.689,35.171,"max(P0,P1)_same_phase",76.905,76.169,76.905,6.172000000000001,6.088,6.172000000000001,112.076,118.248,0.0,0.0,0.0,159985,2347521,2507360,9.5648193359375,2378048,129458,INCLUDING_BASE_OT,7808,1,1,1998848,1998848,3,tcp_two_process; p0_coeff_bit_ot_receiver; SPLIT_COEFF_OT; one_batched_Kos_chosen_message_OT; vector_fixed_prime_setup; local_expand; tcp_two_process; p1_coeff_bit_ot_sender; SPLIT_COEFF_OT; one_batched_Kos_chosen_message_OT; vector_fixed_prime_setup; local_expand,emulated TCP network
2026-07-26T08:31:39.627032+00:00,56a80d12dc147c6f4d9452798d88f387cd1c778b,RMVOLE_NET_BENCH,RM_VECTOR_OPT,split-input-coeff-ot,vector,FAST,tcp-loopback,bench,1,0,OK,PASS,14,16384,64,16,1,35.287,27.787,35.287,"max(P0,P1)_same_phase",79.081,76.652,79.081,6.282,5.865,6.282,114.368,120.64999999999999,0.0,0.0,0.0,159985,2347521,2507360,9.5648193359375,2378048,129458,INCLUDING_BASE_OT,7808,1,1,1998848,1998848,3,tcp_two_process; p0_coeff_bit_ot_receiver; SPLIT_COEFF_OT; one_batched_Kos_chosen_message_OT; vector_fixed_prime_setup; local_expand; tcp_two_process; p1_coeff_bit_ot_sender; SPLIT_COEFF_OT; one_batched_Kos_chosen_message_OT; vector_fixed_prime_setup; local_expand,emulated TCP network
2026-07-26T08:31:39.980027+00:00,56a80d12dc147c6f4d9452798d88f387cd1c778b,RMVOLE_NET_BENCH,RM_VECTOR_OPT,split-input-coeff-ot,vector,FAST,tcp-loopback,bench,2,0,OK,PASS,14,16384,64,16,1,35.134,27.556,35.134,"max(P0,P1)_same_phase",78.89500000000001,76.5,78.89500000000001,6.146000000000001,5.890000000000001,6.146000000000001,114.02900000000001,120.175,0.0,0.0,0.0,159985,2347521,2507360,9.5648193359375,2378048,129458,INCLUDING_BASE_OT,7808,1,1,1998848,1998848,3,tcp_two_process; p0_coeff_bit_ot_receiver; SPLIT_COEFF_OT; one_batched_Kos_chosen_message_OT; vector_fixed_prime_setup; local_expand; tcp_two_process; p1_coeff_bit_ot_sender; SPLIT_COEFF_OT; one_batched_Kos_chosen_message_OT; vector_fixed_prime_setup; local_expand,emulated TCP network
2026-07-26T08:31:40.333464+00:00,56a80d12dc147c6f4d9452798d88f387cd1c778b,RMVOLE_NET_BENCH,RM_VECTOR_OPT,split-input-coeff-ot,vector,FAST,tcp-loopback,bench,3,0,OK,PASS,14,16384,64,16,1,35.251,27.714,35.251,"max(P0,P1)_same_phase",79.016,76.52000000000001,79.016,6.169,5.904000000000001,6.169,114.267,120.436,0.0,0.0,0.0,159985,2347521,2507360,9.5648193359375,2378048,129458,INCLUDING_BASE_OT,7808,1,1,1998848,1998848,3,tcp_two_process; p0_coeff_bit_ot_receiver; SPLIT_COEFF_OT; one_batched_Kos_chosen_message_OT; vector_fixed_prime_setup; local_expand; tcp_two_process; p1_coeff_bit_ot_sender; SPLIT_COEFF_OT; one_batched_Kos_chosen_message_OT; vector_fixed_prime_setup; local_expand,emulated TCP network
2026-07-26T08:31:40.686644+00:00,56a80d12dc147c6f4d9452798d88f387cd1c778b,RMVOLE_NET_BENCH,RM_VECTOR_OPT,split-input-coeff-ot,vector,FAST,tcp-loopback,bench,4,0,OK,PASS,14,16384,64,16,1,35.246,27.616000000000003,35.246,"max(P0,P1)_same_phase",79.21300000000001,76.735,79.21300000000001,6.163,5.976999999999999,6.163,114.459,120.622,0.0,0.0,0.0,159985,2347521,2507360,9.5648193359375,2378048,129458,INCLUDING_BASE_OT,7808,1,1,1998848,1998848,3,tcp_two_process; p0_coeff_bit_ot_receiver; SPLIT_COEFF_OT; one_batched_Kos_chosen_message_OT; vector_fixed_prime_setup; local_expand; tcp_two_process; p1_coeff_bit_ot_sender; SPLIT_COEFF_OT; one_batched_Kos_chosen_message_OT; vector_fixed_prime_setup; local_expand,emulated TCP network
2026-07-26T08:31:41.039915+00:00,56a80d12dc147c6f4d9452798d88f387cd1c778b,RMVOLE_NET_BENCH,RM_VECTOR_OPT,split-input-coeff-ot,vector,FAST,tcp-loopback,bench,5,0,OK,PASS,14,16384,64,16,1,35.441,27.944,35.441,"max(P0,P1)_same_phase",79.097,76.522,79.097,6.159999999999999,5.904999999999999,6.159999999999999,114.538,120.698,0.0,0.0,0.0,159985,2347521,2507360,9.5648193359375,2378048,129458,INCLUDING_BASE_OT,7808,1,1,1998848,1998848,3,tcp_two_process; p0_coeff_bit_ot_receiver; SPLIT_COEFF_OT; one_batched_Kos_chosen_message_OT; vector_fixed_prime_setup; local_expand; tcp_two_process; p1_coeff_bit_ot_sender; SPLIT_COEFF_OT; one_batched_Kos_chosen_message_OT; vector_fixed_prime_setup; local_expand,emulated TCP network
2026-07-26T08:31:41.393056+00:00,56a80d12dc147c6f4d9452798d88f387cd1c778b,RMVOLE_NET_BENCH,RM_VECTOR_OPT,split-input-coeff-ot,vector,FAST,tcp-loopback,bench,6,0,OK,PASS,14,16384,64,16,1,35.147999999999996,27.599999999999998,35.147999999999996,"max(P0,P1)_same_phase",77.793,76.392,77.793,6.162,6.058,6.162,112.941,119.103,0.0,0.0,0.0,159985,2347521,2507360,9.5648193359375,2378048,129458,INCLUDING_BASE_OT,7808,1,1,1998848,1998848,3,tcp_two_process; p0_coeff_bit_ot_receiver; SPLIT_COEFF_OT; one_batched_Kos_chosen_message_OT; vector_fixed_prime_setup; local_expand; tcp_two_process; p1_coeff_bit_ot_sender; SPLIT_COEFF_OT; one_batched_Kos_chosen_message_OT; vector_fixed_prime_setup; local_expand,emulated TCP network
2026-07-26T08:31:41.746214+00:00,56a80d12dc147c6f4d9452798d88f387cd1c778b,RMVOLE_NET_BENCH,RM_VECTOR_OPT,split-input-coeff-ot,vector,FAST,tcp-loopback,bench,7,0,OK,PASS,14,16384,64,16,1,35.177,27.689999999999998,35.177,"max(P0,P1)_same_phase",80.027,77.52199999999999,80.027,6.19,5.886,6.19,115.20400000000001,121.394,0.0,0.0,0.0,159985,2347521,2507360,9.5648193359375,2378048,129458,INCLUDING_BASE_OT,7808,1,1,1998848,1998848,3,tcp_two_process; p0_coeff_bit_ot_receiver; SPLIT_COEFF_OT; one_batched_Kos_chosen_message_OT; vector_fixed_prime_setup; local_expand; tcp_two_process; p1_coeff_bit_ot_sender; SPLIT_COEFF_OT; one_batched_Kos_chosen_message_OT; vector_fixed_prime_setup; local_expand,emulated TCP network
2026-07-26T08:31:42.099416+00:00,56a80d12dc147c6f4d9452798d88f387cd1c778b,RMVOLE_NET_BENCH,RM_VECTOR_OPT,split-input-coeff-ot,vector,FAST,tcp-loopback,bench,8,0,OK,PASS,14,16384,64,16,1,35.311,27.803,35.311,"max(P0,P1)_same_phase",78.717,76.269,78.717,6.157,5.888,6.157,114.02799999999999,120.186,0.0,0.0,0.0,159985,2347521,2507360,9.5648193359375,2378048,129458,INCLUDING_BASE_OT,7808,1,1,1998848,1998848,3,tcp_two_process; p0_coeff_bit_ot_receiver; SPLIT_COEFF_OT; one_batched_Kos_chosen_message_OT; vector_fixed_prime_setup; local_expand; tcp_two_process; p1_coeff_bit_ot_sender; SPLIT_COEFF_OT; one_batched_Kos_chosen_message_OT; vector_fixed_prime_setup; local_expand,emulated TCP network
2026-07-26T08:31:42.452624+00:00,56a80d12dc147c6f4d9452798d88f387cd1c778b,RMVOLE_NET_BENCH,RM_VECTOR_OPT,split-input-coeff-ot,vector,FAST,tcp-loopback,bench,9,0,OK,PASS,14,16384,64,16,1,35.236000000000004,27.744,35.236000000000004,"max(P0,P1)_same_phase",78.89500000000001,76.449,78.89500000000001,6.104,5.872999999999999,6.104,114.13100000000001,120.235,0.0,0.0,0.0,159985,2347521,2507360,9.5648193359375,2378048,129458,INCLUDING_BASE_OT,7808,1,1,1998848,1998848,3,tcp_two_process; p0_coeff_bit_ot_receiver; SPLIT_COEFF_OT; one_batched_Kos_chosen_message_OT; vector_fixed_prime_setup; local_expand; tcp_two_process; p1_coeff_bit_ot_sender; SPLIT_COEFF_OT; one_batched_Kos_chosen_message_OT; vector_fixed_prime_setup; local_expand,emulated TCP network
2026-07-26T08:31:43.306339+00:00,56a80d12dc147c6f4d9452798d88f387cd1c778b,SILENT_SVOLE_TCP,SILENT_SVOLE,,,FAST,tcp-loopback,bench,-1,1,OK,PASS,14,16384,64,16,1,643.615,617.8829999999999,0.0,,0.0,0.0,0.0,0.0,0.0,0.0,643.615,643.615,601.7860000000001,129.445,0.0,32569616,215672,32785160,125.06546020507812,0,0,,0,0,0,0,0,0,"tcp_two_process; libOTe_SilentVole; semi_honest_128; MultType=ExConv7x24; BaseElem=u64; ExtElem=array<u64,M>; x=c; Z0=a; Z1=-b; tcp_two_process; libOTe_SilentVole; semi_honest_128; MultType=ExConv7x24; BaseElem=u64; ExtElem=array<u64,M>; x=c; Z0=a; Z1=-b",emulated TCP network
2026-07-26T08:31:44.160299+00:00,56a80d12dc147c6f4d9452798d88f387cd1c778b,SILENT_SVOLE_TCP,SILENT_SVOLE,,,FAST,tcp-loopback,bench,0,0,OK,PASS,14,16384,64,16,1,641.553,613.265,0.0,,0.0,0.0,0.0,0.0,0.0,0.0,641.5540000000001,641.553,597.347,129.64600000000002,0.0,32569616,215672,32785160,125.06546020507812,0,0,,0,0,0,0,0,0,"tcp_two_process; libOTe_SilentVole; semi_honest_128; MultType=ExConv7x24; BaseElem=u64; ExtElem=array<u64,M>; x=c; Z0=a; Z1=-b; tcp_two_process; libOTe_SilentVole; semi_honest_128; MultType=ExConv7x24; BaseElem=u64; ExtElem=array<u64,M>; x=c; Z0=a; Z1=-b",emulated TCP network
2026-07-26T08:31:45.014379+00:00,56a80d12dc147c6f4d9452798d88f387cd1c778b,SILENT_SVOLE_TCP,SILENT_SVOLE,,,FAST,tcp-loopback,bench,1,0,OK,PASS,14,16384,64,16,1,643.092,617.803,0.0,,0.0,0.0,0.0,0.0,0.0,0.0,643.092,643.092,601.938,129.34300000000002,0.0,32569616,215672,32785160,125.06546020507812,0,0,,0,0,0,0,0,0,"tcp_two_process; libOTe_SilentVole; semi_honest_128; MultType=ExConv7x24; BaseElem=u64; ExtElem=array<u64,M>; x=c; Z0=a; Z1=-b; tcp_two_process; libOTe_SilentVole; semi_honest_128; MultType=ExConv7x24; BaseElem=u64; ExtElem=array<u64,M>; x=c; Z0=a; Z1=-b",emulated TCP network
2026-07-26T08:31:45.868264+00:00,56a80d12dc147c6f4d9452798d88f387cd1c778b,SILENT_SVOLE_TCP,SILENT_SVOLE,,,FAST,tcp-loopback,bench,2,0,OK,PASS,14,16384,64,16,1,641.788,613.6310000000001,0.0,,0.0,0.0,0.0,0.0,0.0,0.0,641.788,641.788,597.6479999999999,129.26399999999998,0.0,32569616,215672,32785160,125.06546020507812,0,0,,0,0,0,0,0,0,"tcp_two_process; libOTe_SilentVole; semi_honest_128; MultType=ExConv7x24; BaseElem=u64; ExtElem=array<u64,M>; x=c; Z0=a; Z1=-b; tcp_two_process; libOTe_SilentVole; semi_honest_128; MultType=ExConv7x24; BaseElem=u64; ExtElem=array<u64,M>; x=c; Z0=a; Z1=-b",emulated TCP network
2026-07-26T08:31:46.722104+00:00,56a80d12dc147c6f4d9452798d88f387cd1c778b,SILENT_SVOLE_TCP,SILENT_SVOLE,,,FAST,tcp-loopback,bench,3,0,OK,PASS,14,16384,64,16,1,640.043,615.0870000000001,0.0,,0.0,0.0,0.0,0.0,0.0,0.0,640.043,640.043,599.287,127.754,0.0,32569616,215672,32785160,125.06546020507812,0,0,,0,0,0,0,0,0,"tcp_two_process; libOTe_SilentVole; semi_honest_128; MultType=ExConv7x24; BaseElem=u64; ExtElem=array<u64,M>; x=c; Z0=a; Z1=-b; tcp_two_process; libOTe_SilentVole; semi_honest_128; MultType=ExConv7x24; BaseElem=u64; ExtElem=array<u64,M>; x=c; Z0=a; Z1=-b",emulated TCP network
2026-07-26T08:31:47.576076+00:00,56a80d12dc147c6f4d9452798d88f387cd1c778b,SILENT_SVOLE_TCP,SILENT_SVOLE,,,FAST,tcp-loopback,bench,4,0,OK,PASS,14,16384,64,16,1,641.676,612.859,0.0,,0.0,0.0,0.0,0.0,0.0,0.0,641.676,641.676,597.124,129.64800000000002,0.0,32569616,215672,32785160,125.06546020507812,0,0,,0,0,0,0,0,0,"tcp_two_process; libOTe_SilentVole; semi_honest_128; MultType=ExConv7x24; BaseElem=u64; ExtElem=array<u64,M>; x=c; Z0=a; Z1=-b; tcp_two_process; libOTe_SilentVole; semi_honest_128; MultType=ExConv7x24; BaseElem=u64; ExtElem=array<u64,M>; x=c; Z0=a; Z1=-b",emulated TCP network
2026-07-26T08:31:48.430028+00:00,56a80d12dc147c6f4d9452798d88f387cd1c778b,SILENT_SVOLE_TCP,SILENT_SVOLE,,,FAST,tcp-loopback,bench,5,0,OK,PASS,14,16384,64,16,1,639.9110000000001,614.95,0.0,,0.0,0.0,0.0,0.0,0.0,0.0,639.9110000000001,639.9110000000001,599.318,127.721,0.0,32569616,215672,32785160,125.06546020507812,0,0,,0,0,0,0,0,0,"tcp_two_process; libOTe_SilentVole; semi_honest_128; MultType=ExConv7x24; BaseElem=u64; ExtElem=array<u64,M>; x=c; Z0=a; Z1=-b; tcp_two_process; libOTe_SilentVole; semi_honest_128; MultType=ExConv7x24; BaseElem=u64; ExtElem=array<u64,M>; x=c; Z0=a; Z1=-b",emulated TCP network
2026-07-26T08:31:49.284222+00:00,56a80d12dc147c6f4d9452798d88f387cd1c778b,SILENT_SVOLE_TCP,SILENT_SVOLE,,,FAST,tcp-loopback,bench,6,0,OK,PASS,14,16384,64,16,1,641.922,614.1560000000001,0.0,,0.0,0.0,0.0,0.0,0.0,0.0,641.9220000000001,641.922,598.555,129.102,0.0,32569616,215672,32785160,125.06546020507812,0,0,,0,0,0,0,0,0,"tcp_two_process; libOTe_SilentVole; semi_honest_128; MultType=ExConv7x24; BaseElem=u64; ExtElem=array<u64,M>; x=c; Z0=a; Z1=-b; tcp_two_process; libOTe_SilentVole; semi_honest_128; MultType=ExConv7x24; BaseElem=u64; ExtElem=array<u64,M>; x=c; Z0=a; Z1=-b",emulated TCP network
2026-07-26T08:31:50.138215+00:00,56a80d12dc147c6f4d9452798d88f387cd1c778b,SILENT_SVOLE_TCP,SILENT_SVOLE,,,FAST,tcp-loopback,bench,7,0,OK,PASS,14,16384,64,16,1,643.5999999999999,612.5699999999999,0.0,,0.0,0.0,0.0,0.0,0.0,0.0,643.601,643.5999999999999,597.111,129.62099999999998,0.0,32569616,215672,32785160,125.06546020507812,0,0,,0,0,0,0,0,0,"tcp_two_process; libOTe_SilentVole; semi_honest_128; MultType=ExConv7x24; BaseElem=u64; ExtElem=array<u64,M>; x=c; Z0=a; Z1=-b; tcp_two_process; libOTe_SilentVole; semi_honest_128; MultType=ExConv7x24; BaseElem=u64; ExtElem=array<u64,M>; x=c; Z0=a; Z1=-b",emulated TCP network
2026-07-26T08:31:50.992161+00:00,56a80d12dc147c6f4d9452798d88f387cd1c778b,SILENT_SVOLE_TCP,SILENT_SVOLE,,,FAST,tcp-loopback,bench,8,0,OK,PASS,14,16384,64,16,1,641.716,615.0029999999999,0.0,,0.0,0.0,0.0,0.0,0.0,0.0,641.716,641.716,599.202,127.54499999999999,0.0,32569616,215672,32785160,125.06546020507812,0,0,,0,0,0,0,0,0,"tcp_two_process; libOTe_SilentVole; semi_honest_128; MultType=ExConv7x24; BaseElem=u64; ExtElem=array<u64,M>; x=c; Z0=a; Z1=-b; tcp_two_process; libOTe_SilentVole; semi_honest_128; MultType=ExConv7x24; BaseElem=u64; ExtElem=array<u64,M>; x=c; Z0=a; Z1=-b",emulated TCP network
2026-07-26T08:31:51.846040+00:00,56a80d12dc147c6f4d9452798d88f387cd1c778b,SILENT_SVOLE_TCP,SILENT_SVOLE,,,FAST,tcp-loopback,bench,9,0,OK,PASS,14,16384,64,16,1,640.07,614.24,0.0,,0.0,0.0,0.0,0.0,0.0,0.0,640.0699999999999,640.07,598.592,128.462,0.0,32569616,215672,32785160,125.06546020507812,0,0,,0,0,0,0,0,0,"tcp_two_process; libOTe_SilentVole; semi_honest_128; MultType=ExConv7x24; BaseElem=u64; ExtElem=array<u64,M>; x=c; Z0=a; Z1=-b; tcp_two_process; libOTe_SilentVole; semi_honest_128; MultType=ExConv7x24; BaseElem=u64; ExtElem=array<u64,M>; x=c; Z0=a; Z1=-b",emulated TCP network
2026-07-26T08:31:52.349569+00:00,56a80d12dc147c6f4d9452798d88f387cd1c778b,RMVOLE_NET_BENCH,RM_VECTOR_GENERIC_SPLIT,split-input-vole,vector,FAST,tcp-loopback,bench,-1,1,OK,PASS,14,16384,64,16,1,124.959,175.006,175.006,"max(P0,P1)_same_phase",113.713,67.90899999999999,113.713,6.245,5.974,6.245,288.719,248.889,0.0,0.0,0.0,16812273,129265,16941392,64.62628173828125,16812080,129458,,0,0,0,0,0,0,"tcp_two_process; p0_noisy_vole_receiver; real_libOTe_NoisyVole_split_input_length_2t; F=array<u64,M>; G=u64; vector_fixed_prime_setup; local_expand; tcp_two_process; p1_noisy_vole_sender; real_libOTe_NoisyVole_split_input_length_2t; F=array<u64,M>; G=u64; vector_fixed_prime_setup; local_expand",emulated TCP network
2026-07-26T08:31:52.853305+00:00,56a80d12dc147c6f4d9452798d88f387cd1c778b,RMVOLE_NET_BENCH,RM_VECTOR_GENERIC_SPLIT,split-input-vole,vector,FAST,tcp-loopback,bench,0,0,OK,PASS,14,16384,64,16,1,124.939,175.47299999999998,175.47299999999998,"max(P0,P1)_same_phase",114.89399999999999,68.61399999999999,114.89399999999999,6.312,6.013,6.312,290.36699999999996,250.1,0.0,0.0,0.0,16812273,129265,16941392,64.62628173828125,16812080,129458,,0,0,0,0,0,0,"tcp_two_process; p0_noisy_vole_receiver; real_libOTe_NoisyVole_split_input_length_2t; F=array<u64,M>; G=u64; vector_fixed_prime_setup; local_expand; tcp_two_process; p1_noisy_vole_sender; real_libOTe_NoisyVole_split_input_length_2t; F=array<u64,M>; G=u64; vector_fixed_prime_setup; local_expand",emulated TCP network
2026-07-26T08:31:53.356927+00:00,56a80d12dc147c6f4d9452798d88f387cd1c778b,RMVOLE_NET_BENCH,RM_VECTOR_GENERIC_SPLIT,split-input-vole,vector,FAST,tcp-loopback,bench,1,0,OK,PASS,14,16384,64,16,1,124.529,175.19000000000003,175.19000000000003,"max(P0,P1)_same_phase",114.5,68.74900000000001,114.5,6.263,5.9639999999999995,6.263,289.69000000000005,249.90200000000002,0.0,0.0,0.0,16812273,129265,16941392,64.62628173828125,16812080,129458,,0,0,0,0,0,0,"tcp_two_process; p0_noisy_vole_receiver; real_libOTe_NoisyVole_split_input_length_2t; F=array<u64,M>; G=u64; vector_fixed_prime_setup; local_expand; tcp_two_process; p1_noisy_vole_sender; real_libOTe_NoisyVole_split_input_length_2t; F=array<u64,M>; G=u64; vector_fixed_prime_setup; local_expand",emulated TCP network
2026-07-26T08:31:53.860507+00:00,56a80d12dc147c6f4d9452798d88f387cd1c778b,RMVOLE_NET_BENCH,RM_VECTOR_GENERIC_SPLIT,split-input-vole,vector,FAST,tcp-loopback,bench,2,0,OK,PASS,14,16384,64,16,1,125.34,175.738,175.738,"max(P0,P1)_same_phase",114.47699999999999,68.36399999999999,114.47699999999999,6.288,6.136,6.288,290.215,250.23899999999998,0.0,0.0,0.0,16812273,129265,16941392,64.62628173828125,16812080,129458,,0,0,0,0,0,0,"tcp_two_process; p0_noisy_vole_receiver; real_libOTe_NoisyVole_split_input_length_2t; F=array<u64,M>; G=u64; vector_fixed_prime_setup; local_expand; tcp_two_process; p1_noisy_vole_sender; real_libOTe_NoisyVole_split_input_length_2t; F=array<u64,M>; G=u64; vector_fixed_prime_setup; local_expand",emulated TCP network
2026-07-26T08:31:54.364142+00:00,56a80d12dc147c6f4d9452798d88f387cd1c778b,RMVOLE_NET_BENCH,RM_VECTOR_GENERIC_SPLIT,split-input-vole,vector,FAST,tcp-loopback,bench,3,0,OK,PASS,14,16384,64,16,1,125.54499999999999,176.094,176.094,"max(P0,P1)_same_phase",113.85199999999999,68.17399999999999,113.85199999999999,6.308,6.002999999999999,6.308,289.94599999999997,250.27100000000002,0.0,0.0,0.0,16812273,129265,16941392,64.62628173828125,16812080,129458,,0,0,0,0,0,0,"tcp_two_process; p0_noisy_vole_receiver; real_libOTe_NoisyVole_split_input_length_2t; F=array<u64,M>; G=u64; vector_fixed_prime_setup; local_expand; tcp_two_process; p1_noisy_vole_sender; real_libOTe_NoisyVole_split_input_length_2t; F=array<u64,M>; G=u64; vector_fixed_prime_setup; local_expand",emulated TCP network
2026-07-26T08:31:54.867721+00:00,56a80d12dc147c6f4d9452798d88f387cd1c778b,RMVOLE_NET_BENCH,RM_VECTOR_GENERIC_SPLIT,split-input-vole,vector,FAST,tcp-loopback,bench,4,0,OK,PASS,14,16384,64,16,1,125.646,176.28,176.28,"max(P0,P1)_same_phase",114.831,68.708,114.831,6.2589999999999995,6.002999999999999,6.2589999999999995,291.111,250.991,0.0,0.0,0.0,16812273,129265,16941392,64.62628173828125,16812080,129458,,0,0,0,0,0,0,"tcp_two_process; p0_noisy_vole_receiver; real_libOTe_NoisyVole_split_input_length_2t; F=array<u64,M>; G=u64; vector_fixed_prime_setup; local_expand; tcp_two_process; p1_noisy_vole_sender; real_libOTe_NoisyVole_split_input_length_2t; F=array<u64,M>; G=u64; vector_fixed_prime_setup; local_expand",emulated TCP network
2026-07-26T08:31:55.371348+00:00,56a80d12dc147c6f4d9452798d88f387cd1c778b,RMVOLE_NET_BENCH,RM_VECTOR_GENERIC_SPLIT,split-input-vole,vector,FAST,tcp-loopback,bench,5,0,OK,PASS,14,16384,64,16,1,125.42600000000002,175.697,175.697,"max(P0,P1)_same_phase",114.20700000000001,68.756,114.20700000000001,6.3309999999999995,5.998,6.3309999999999995,289.904,250.45000000000002,0.0,0.0,0.0,16812273,129265,16941392,64.62628173828125,16812080,129458,,0,0,0,0,0,0,"tcp_two_process; p0_noisy_vole_receiver; real_libOTe_NoisyVole_split_input_length_2t; F=array<u64,M>; G=u64; vector_fixed_prime_setup; local_expand; tcp_two_process; p1_noisy_vole_sender; real_libOTe_NoisyVole_split_input_length_2t; F=array<u64,M>; G=u64; vector_fixed_prime_setup; local_expand",emulated TCP network
2026-07-26T08:31:55.875039+00:00,56a80d12dc147c6f4d9452798d88f387cd1c778b,RMVOLE_NET_BENCH,RM_VECTOR_GENERIC_SPLIT,split-input-vole,vector,FAST,tcp-loopback,bench,6,0,OK,PASS,14,16384,64,16,1,125.18,175.87,175.87,"max(P0,P1)_same_phase",113.327,67.863,113.327,6.258,6.109,6.258,289.197,249.842,0.0,0.0,0.0,16812273,129265,16941392,64.62628173828125,16812080,129458,,0,0,0,0,0,0,"tcp_two_process; p0_noisy_vole_receiver; real_libOTe_NoisyVole_split_input_length_2t; F=array<u64,M>; G=u64; vector_fixed_prime_setup; local_expand; tcp_two_process; p1_noisy_vole_sender; real_libOTe_NoisyVole_split_input_length_2t; F=array<u64,M>; G=u64; vector_fixed_prime_setup; local_expand",emulated TCP network
2026-07-26T08:31:56.378511+00:00,56a80d12dc147c6f4d9452798d88f387cd1c778b,RMVOLE_NET_BENCH,RM_VECTOR_GENERIC_SPLIT,split-input-vole,vector,FAST,tcp-loopback,bench,7,0,OK,PASS,14,16384,64,16,1,124.521,174.54600000000002,174.54600000000002,"max(P0,P1)_same_phase",113.473,68.069,113.473,6.215,5.989999999999999,6.215,288.019,248.606,0.0,0.0,0.0,16812273,129265,16941392,64.62628173828125,16812080,129458,,0,0,0,0,0,0,"tcp_two_process; p0_noisy_vole_receiver; real_libOTe_NoisyVole_split_input_length_2t; F=array<u64,M>; G=u64; vector_fixed_prime_setup; local_expand; tcp_two_process; p1_noisy_vole_sender; real_libOTe_NoisyVole_split_input_length_2t; F=array<u64,M>; G=u64; vector_fixed_prime_setup; local_expand",emulated TCP network
2026-07-26T08:31:56.882145+00:00,56a80d12dc147c6f4d9452798d88f387cd1c778b,RMVOLE_NET_BENCH,RM_VECTOR_GENERIC_SPLIT,split-input-vole,vector,FAST,tcp-loopback,bench,8,0,OK,PASS,14,16384,64,16,1,124.85799999999999,175.621,175.621,"max(P0,P1)_same_phase",114.411,68.607,114.411,6.2700000000000005,6.084,6.2700000000000005,290.03200000000004,250.31300000000002,0.0,0.0,0.0,16812273,129265,16941392,64.62628173828125,16812080,129458,,0,0,0,0,0,0,"tcp_two_process; p0_noisy_vole_receiver; real_libOTe_NoisyVole_split_input_length_2t; F=array<u64,M>; G=u64; vector_fixed_prime_setup; local_expand; tcp_two_process; p1_noisy_vole_sender; real_libOTe_NoisyVole_split_input_length_2t; F=array<u64,M>; G=u64; vector_fixed_prime_setup; local_expand",emulated TCP network
2026-07-26T08:31:57.385627+00:00,56a80d12dc147c6f4d9452798d88f387cd1c778b,RMVOLE_NET_BENCH,RM_VECTOR_GENERIC_SPLIT,split-input-vole,vector,FAST,tcp-loopback,bench,9,0,OK,PASS,14,16384,64,16,1,124.557,174.671,174.671,"max(P0,P1)_same_phase",113.614,68.328,113.614,6.258,5.984999999999999,6.258,288.28499999999997,248.983,0.0,0.0,0.0,16812273,129265,16941392,64.62628173828125,16812080,129458,,0,0,0,0,0,0,"tcp_two_process; p0_noisy_vole_receiver; real_libOTe_NoisyVole_split_input_length_2t; F=array<u64,M>; G=u64; vector_fixed_prime_setup; local_expand; tcp_two_process; p1_noisy_vole_sender; real_libOTe_NoisyVole_split_input_length_2t; F=array<u64,M>; G=u64; vector_fixed_prime_setup; local_expand",emulated TCP network
2026-07-26T08:31:57.789017+00:00,56a80d12dc147c6f4d9452798d88f387cd1c778b,RMVOLE_NET_BENCH,RM_VECTOR_OPT,split-input-coeff-ot,vector,FAST,tcp-loopback,bench,-1,1,OK,PASS,14,16384,64,32,1,40.835,32.650999999999996,40.835,"max(P0,P1)_same_phase",87.791,83.79899999999999,87.791,12.424,12.036,12.424,128.626,141.05,0.0,0.0,0.0,160113,4411905,4571744,8.71990966796875,4376896,195122,INCLUDING_BASE_OT,7808,1,1,3997696,3997696,3,tcp_two_process; p0_coeff_bit_ot_receiver; SPLIT_COEFF_OT; one_batched_Kos_chosen_message_OT; vector_fixed_prime_setup; local_expand; tcp_two_process; p1_coeff_bit_ot_sender; SPLIT_COEFF_OT; one_batched_Kos_chosen_message_OT; vector_fixed_prime_setup; local_expand,emulated TCP network
2026-07-26T08:31:58.192384+00:00,56a80d12dc147c6f4d9452798d88f387cd1c778b,RMVOLE_NET_BENCH,RM_VECTOR_OPT,split-input-coeff-ot,vector,FAST,tcp-loopback,bench,0,0,OK,PASS,14,16384,64,32,1,40.881,33.063,40.881,"max(P0,P1)_same_phase",87.674,83.618,87.674,12.256,12.039,12.256,128.555,140.81099999999998,0.0,0.0,0.0,160113,4411905,4571744,8.71990966796875,4376896,195122,INCLUDING_BASE_OT,7808,1,1,3997696,3997696,3,tcp_two_process; p0_coeff_bit_ot_receiver; SPLIT_COEFF_OT; one_batched_Kos_chosen_message_OT; vector_fixed_prime_setup; local_expand; tcp_two_process; p1_coeff_bit_ot_sender; SPLIT_COEFF_OT; one_batched_Kos_chosen_message_OT; vector_fixed_prime_setup; local_expand,emulated TCP network
2026-07-26T08:31:58.595895+00:00,56a80d12dc147c6f4d9452798d88f387cd1c778b,RMVOLE_NET_BENCH,RM_VECTOR_OPT,split-input-coeff-ot,vector,FAST,tcp-loopback,bench,1,0,OK,PASS,14,16384,64,32,1,40.891,32.791000000000004,40.891,"max(P0,P1)_same_phase",87.429,83.935,87.429,12.285,12.101,12.285,128.32,140.60500000000002,0.0,0.0,0.0,160113,4411905,4571744,8.71990966796875,4376896,195122,INCLUDING_BASE_OT,7808,1,1,3997696,3997696,3,tcp_two_process; p0_coeff_bit_ot_receiver; SPLIT_COEFF_OT; one_batched_Kos_chosen_message_OT; vector_fixed_prime_setup; local_expand; tcp_two_process; p1_coeff_bit_ot_sender; SPLIT_COEFF_OT; one_batched_Kos_chosen_message_OT; vector_fixed_prime_setup; local_expand,emulated TCP network
2026-07-26T08:31:58.999391+00:00,56a80d12dc147c6f4d9452798d88f387cd1c778b,RMVOLE_NET_BENCH,RM_VECTOR_OPT,split-input-coeff-ot,vector,FAST,tcp-loopback,bench,2,0,OK,PASS,14,16384,64,32,1,41.094,33.192,41.094,"max(P0,P1)_same_phase",87.368,83.856,87.368,12.308,12.093,12.308,128.462,140.77,0.0,0.0,0.0,160113,4411905,4571744,8.71990966796875,4376896,195122,INCLUDING_BASE_OT,7808,1,1,3997696,3997696,3,tcp_two_process; p0_coeff_bit_ot_receiver; SPLIT_COEFF_OT; one_batched_Kos_chosen_message_OT; vector_fixed_prime_setup; local_expand; tcp_two_process; p1_coeff_bit_ot_sender; SPLIT_COEFF_OT; one_batched_Kos_chosen_message_OT; vector_fixed_prime_setup; local_expand,emulated TCP network
2026-07-26T08:31:59.402799+00:00,56a80d12dc147c6f4d9452798d88f387cd1c778b,RMVOLE_NET_BENCH,RM_VECTOR_OPT,split-input-coeff-ot,vector,FAST,tcp-loopback,bench,3,0,OK,PASS,14,16384,64,32,1,40.865,32.751000000000005,40.865,"max(P0,P1)_same_phase",87.787,83.805,87.787,12.262,12.092,12.262,128.65200000000002,140.913,0.0,0.0,0.0,160113,4411905,4571744,8.71990966796875,4376896,195122,INCLUDING_BASE_OT,7808,1,1,3997696,3997696,3,tcp_two_process; p0_coeff_bit_ot_receiver; SPLIT_COEFF_OT; one_batched_Kos_chosen_message_OT; vector_fixed_prime_setup; local_expand; tcp_two_process; p1_coeff_bit_ot_sender; SPLIT_COEFF_OT; one_batched_Kos_chosen_message_OT; vector_fixed_prime_setup; local_expand,emulated TCP network
2026-07-26T08:31:59.806270+00:00,56a80d12dc147c6f4d9452798d88f387cd1c778b,RMVOLE_NET_BENCH,RM_VECTOR_OPT,split-input-coeff-ot,vector,FAST,tcp-loopback,bench,4,0,OK,PASS,14,16384,64,32,1,40.878,32.627,40.878,"max(P0,P1)_same_phase",87.779,84.304,87.779,12.277,12.09,12.277,128.65699999999998,140.934,0.0,0.0,0.0,160113,4411905,4571744,8.71990966796875,4376896,195122,INCLUDING_BASE_OT,7808,1,1,3997696,3997696,3,tcp_two_process; p0_coeff_bit_ot_receiver; SPLIT_COEFF_OT; one_batched_Kos_chosen_message_OT; vector_fixed_prime_setup; local_expand; tcp_two_process; p1_coeff_bit_ot_sender; SPLIT_COEFF_OT; one_batched_Kos_chosen_message_OT; vector_fixed_prime_setup; local_expand,emulated TCP network
2026-07-26T08:32:00.209837+00:00,56a80d12dc147c6f4d9452798d88f387cd1c778b,RMVOLE_NET_BENCH,RM_VECTOR_OPT,split-input-coeff-ot,vector,FAST,tcp-loopback,bench,5,0,OK,PASS,14,16384,64,32,1,40.895,33.091,40.895,"max(P0,P1)_same_phase",87.672,83.38,87.672,12.238000000000001,12.09,12.238000000000001,128.567,140.805,0.0,0.0,0.0,160113,4411905,4571744,8.71990966796875,4376896,195122,INCLUDING_BASE_OT,7808,1,1,3997696,3997696,3,tcp_two_process; p0_coeff_bit_ot_receiver; SPLIT_COEFF_OT; one_batched_Kos_chosen_message_OT; vector_fixed_prime_setup; local_expand; tcp_two_process; p1_coeff_bit_ot_sender; SPLIT_COEFF_OT; one_batched_Kos_chosen_message_OT; vector_fixed_prime_setup; local_expand,emulated TCP network
2026-07-26T08:32:00.613198+00:00,56a80d12dc147c6f4d9452798d88f387cd1c778b,RMVOLE_NET_BENCH,RM_VECTOR_OPT,split-input-coeff-ot,vector,FAST,tcp-loopback,bench,6,0,OK,PASS,14,16384,64,32,1,40.876999999999995,33.016,40.876999999999995,"max(P0,P1)_same_phase",87.83,83.506,87.83,12.764,12.037,12.764,128.707,141.47,0.0,0.0,0.0,160113,4411905,4571744,8.71990966796875,4376896,195122,INCLUDING_BASE_OT,7808,1,1,3997696,3997696,3,tcp_two_process; p0_coeff_bit_ot_receiver; SPLIT_COEFF_OT; one_batched_Kos_chosen_message_OT; vector_fixed_prime_setup; local_expand; tcp_two_process; p1_coeff_bit_ot_sender; SPLIT_COEFF_OT; one_batched_Kos_chosen_message_OT; vector_fixed_prime_setup; local_expand,emulated TCP network
2026-07-26T08:32:01.016573+00:00,56a80d12dc147c6f4d9452798d88f387cd1c778b,RMVOLE_NET_BENCH,RM_VECTOR_OPT,split-input-coeff-ot,vector,FAST,tcp-loopback,bench,7,0,OK,PASS,14,16384,64,32,1,41.157,32.650999999999996,41.157,"max(P0,P1)_same_phase",87.253,84.521,87.253,12.271,12.109,12.271,128.41,140.681,0.0,0.0,0.0,160113,4411905,4571744,8.71990966796875,4376896,195122,INCLUDING_BASE_OT,7808,1,1,3997696,3997696,3,tcp_two_process; p0_coeff_bit_ot_receiver; SPLIT_COEFF_OT; one_batched_Kos_chosen_message_OT; vector_fixed_prime_setup; local_expand; tcp_two_process; p1_coeff_bit_ot_sender; SPLIT_COEFF_OT; one_batched_Kos_chosen_message_OT; vector_fixed_prime_setup; local_expand,emulated TCP network
2026-07-26T08:32:01.419947+00:00,56a80d12dc147c6f4d9452798d88f387cd1c778b,RMVOLE_NET_BENCH,RM_VECTOR_OPT,split-input-coeff-ot,vector,FAST,tcp-loopback,bench,8,0,OK,PASS,14,16384,64,32,1,40.821000000000005,32.974000000000004,40.821000000000005,"max(P0,P1)_same_phase",83.919,83.262,83.919,12.251,12.087,12.251,124.74000000000001,136.992,0.0,0.0,0.0,160113,4411905,4571744,8.71990966796875,4376896,195122,INCLUDING_BASE_OT,7808,1,1,3997696,3997696,3,tcp_two_process; p0_coeff_bit_ot_receiver; SPLIT_COEFF_OT; one_batched_Kos_chosen_message_OT; vector_fixed_prime_setup; local_expand; tcp_two_process; p1_coeff_bit_ot_sender; SPLIT_COEFF_OT; one_batched_Kos_chosen_message_OT; vector_fixed_prime_setup; local_expand,emulated TCP network
2026-07-26T08:32:01.823327+00:00,56a80d12dc147c6f4d9452798d88f387cd1c778b,RMVOLE_NET_BENCH,RM_VECTOR_OPT,split-input-coeff-ot,vector,FAST,tcp-loopback,bench,9,0,OK,PASS,14,16384,64,32,1,40.803,32.638,40.803,"max(P0,P1)_same_phase",91.81400000000001,84.106,91.81400000000001,12.337000000000002,12.09,12.337000000000002,132.61700000000002,144.954,0.0,0.0,0.0,160113,4411905,4571744,8.71990966796875,4376896,195122,INCLUDING_BASE_OT,7808,1,1,3997696,3997696,3,tcp_two_process; p0_coeff_bit_ot_receiver; SPLIT_COEFF_OT; one_batched_Kos_chosen_message_OT; vector_fixed_prime_setup; local_expand; tcp_two_process; p1_coeff_bit_ot_sender; SPLIT_COEFF_OT; one_batched_Kos_chosen_message_OT; vector_fixed_prime_setup; local_expand,emulated TCP network
2026-07-26T08:32:03.378172+00:00,56a80d12dc147c6f4d9452798d88f387cd1c778b,SILENT_SVOLE_TCP,SILENT_SVOLE,,,FAST,tcp-loopback,bench,-1,1,OK,PASS,14,16384,64,32,1,1330.9740000000002,1304.417,0.0,,0.0,0.0,0.0,0.0,0.0,0.0,1330.974,1330.9740000000002,1284.7900000000002,316.652,0.0,130087312,375416,130462472,248.83741760253906,0,0,,0,0,0,0,0,0,"tcp_two_process; libOTe_SilentVole; semi_honest_128; MultType=ExConv7x24; BaseElem=u64; ExtElem=array<u64,M>; x=c; Z0=a; Z1=-b; tcp_two_process; libOTe_SilentVole; semi_honest_128; MultType=ExConv7x24; BaseElem=u64; ExtElem=array<u64,M>; x=c; Z0=a; Z1=-b",emulated TCP network
2026-07-26T08:32:04.933176+00:00,56a80d12dc147c6f4d9452798d88f387cd1c778b,SILENT_SVOLE_TCP,SILENT_SVOLE,,,FAST,tcp-loopback,bench,0,0,OK,PASS,14,16384,64,32,1,1331.49,1305.463,0.0,,0.0,0.0,0.0,0.0,0.0,0.0,1331.49,1331.49,1286.3439999999998,315.968,0.0,130087312,375416,130462472,248.83741760253906,0,0,,0,0,0,0,0,0,"tcp_two_process; libOTe_SilentVole; semi_honest_128; MultType=ExConv7x24; BaseElem=u64; ExtElem=array<u64,M>; x=c; Z0=a; Z1=-b; tcp_two_process; libOTe_SilentVole; semi_honest_128; MultType=ExConv7x24; BaseElem=u64; ExtElem=array<u64,M>; x=c; Z0=a; Z1=-b",emulated TCP network
2026-07-26T08:32:06.488287+00:00,56a80d12dc147c6f4d9452798d88f387cd1c778b,SILENT_SVOLE_TCP,SILENT_SVOLE,,,FAST,tcp-loopback,bench,1,0,OK,PASS,14,16384,64,32,1,1331.958,1305.075,0.0,,0.0,0.0,0.0,0.0,0.0,0.0,1331.9589999999998,1331.958,1286.132,314.153,0.0,130087312,375416,130462472,248.83741760253906,0,0,,0,0,0,0,0,0,"tcp_two_process; libOTe_SilentVole; semi_honest_128; MultType=ExConv7x24; BaseElem=u64; ExtElem=array<u64,M>; x=c; Z0=a; Z1=-b; tcp_two_process; libOTe_SilentVole; semi_honest_128; MultType=ExConv7x24; BaseElem=u64; ExtElem=array<u64,M>; x=c; Z0=a; Z1=-b",emulated TCP network
2026-07-26T08:32:08.043187+00:00,56a80d12dc147c6f4d9452798d88f387cd1c778b,SILENT_SVOLE_TCP,SILENT_SVOLE,,,FAST,tcp-loopback,bench,2,0,OK,PASS,14,16384,64,32,1,1325.634,1303.1509999999998,0.0,,0.0,0.0,0.0,0.0,0.0,0.0,1325.634,1325.634,1283.8410000000001,314.397,0.0,130087312,375416,130462472,248.83741760253906,0,0,,0,0,0,0,0,0,"tcp_two_process; libOTe_SilentVole; semi_honest_128; MultType=ExConv7x24; BaseElem=u64; ExtElem=array<u64,M>; x=c; Z0=a; Z1=-b; tcp_two_process; libOTe_SilentVole; semi_honest_128; MultType=ExConv7x24; BaseElem=u64; ExtElem=array<u64,M>; x=c; Z0=a; Z1=-b",emulated TCP network
2026-07-26T08:32:09.598270+00:00,56a80d12dc147c6f4d9452798d88f387cd1c778b,SILENT_SVOLE_TCP,SILENT_SVOLE,,,FAST,tcp-loopback,bench,3,0,OK,PASS,14,16384,64,32,1,1330.654,1307.5140000000001,0.0,,0.0,0.0,0.0,0.0,0.0,0.0,1330.654,1330.654,1287.656,314.253,0.0,130087312,375416,130462472,248.83741760253906,0,0,,0,0,0,0,0,0,"tcp_two_process; libOTe_SilentVole; semi_honest_128; MultType=ExConv7x24; BaseElem=u64; ExtElem=array<u64,M>; x=c; Z0=a; Z1=-b; tcp_two_process; libOTe_SilentVole; semi_honest_128; MultType=ExConv7x24; BaseElem=u64; ExtElem=array<u64,M>; x=c; Z0=a; Z1=-b",emulated TCP network
2026-07-26T08:32:11.153194+00:00,56a80d12dc147c6f4d9452798d88f387cd1c778b,SILENT_SVOLE_TCP,SILENT_SVOLE,,,FAST,tcp-loopback,bench,4,0,OK,PASS,14,16384,64,32,1,1331.738,1305.747,0.0,,0.0,0.0,0.0,0.0,0.0,0.0,1331.738,1331.738,1286.584,317.426,0.0,130087312,375416,130462472,248.83741760253906,0,0,,0,0,0,0,0,0,"tcp_two_process; libOTe_SilentVole; semi_honest_128; MultType=ExConv7x24; BaseElem=u64; ExtElem=array<u64,M>; x=c; Z0=a; Z1=-b; tcp_two_process; libOTe_SilentVole; semi_honest_128; MultType=ExConv7x24; BaseElem=u64; ExtElem=array<u64,M>; x=c; Z0=a; Z1=-b",emulated TCP network
2026-07-26T08:32:12.708460+00:00,56a80d12dc147c6f4d9452798d88f387cd1c778b,SILENT_SVOLE_TCP,SILENT_SVOLE,,,FAST,tcp-loopback,bench,5,0,OK,PASS,14,16384,64,32,1,1332.192,1303.213,0.0,,0.0,0.0,0.0,0.0,0.0,0.0,1332.193,1332.192,1284.2359999999999,317.024,0.0,130087312,375416,130462472,248.83741760253906,0,0,,0,0,0,0,0,0,"tcp_two_process; libOTe_SilentVole; semi_honest_128; MultType=ExConv7x24; BaseElem=u64; ExtElem=array<u64,M>; x=c; Z0=a; Z1=-b; tcp_two_process; libOTe_SilentVole; semi_honest_128; MultType=ExConv7x24; BaseElem=u64; ExtElem=array<u64,M>; x=c; Z0=a; Z1=-b",emulated TCP network
2026-07-26T08:32:14.263517+00:00,56a80d12dc147c6f4d9452798d88f387cd1c778b,SILENT_SVOLE_TCP,SILENT_SVOLE,,,FAST,tcp-loopback,bench,6,0,OK,PASS,14,16384,64,32,1,1325.913,1302.754,0.0,,0.0,0.0,0.0,0.0,0.0,0.0,1325.913,1325.913,1283.271,314.897,0.0,130087312,375416,130462472,248.83741760253906,0,0,,0,0,0,0,0,0,"tcp_two_process; libOTe_SilentVole; semi_honest_128; MultType=ExConv7x24; BaseElem=u64; ExtElem=array<u64,M>; x=c; Z0=a; Z1=-b; tcp_two_process; libOTe_SilentVole; semi_honest_128; MultType=ExConv7x24; BaseElem=u64; ExtElem=array<u64,M>; x=c; Z0=a; Z1=-b",emulated TCP network
2026-07-26T08:32:15.818450+00:00,56a80d12dc147c6f4d9452798d88f387cd1c778b,SILENT_SVOLE_TCP,SILENT_SVOLE,,,FAST,tcp-loopback,bench,7,0,OK,PASS,14,16384,64,32,1,1330.308,1300.549,0.0,,0.0,0.0,0.0,0.0,0.0,0.0,1330.3079999999998,1330.308,1281.576,315.316,0.0,130087312,375416,130462472,248.83741760253906,0,0,,0,0,0,0,0,0,"tcp_two_process; libOTe_SilentVole; semi_honest_128; MultType=ExConv7x24; BaseElem=u64; ExtElem=array<u64,M>; x=c; Z0=a; Z1=-b; tcp_two_process; libOTe_SilentVole; semi_honest_128; MultType=ExConv7x24; BaseElem=u64; ExtElem=array<u64,M>; x=c; Z0=a; Z1=-b",emulated TCP network
2026-07-26T08:32:17.373440+00:00,56a80d12dc147c6f4d9452798d88f387cd1c778b,SILENT_SVOLE_TCP,SILENT_SVOLE,,,FAST,tcp-loopback,bench,8,0,OK,PASS,14,16384,64,32,1,1333.489,1302.927,0.0,,0.0,0.0,0.0,0.0,0.0,0.0,1333.49,1333.489,1283.5749999999998,319.41,0.0,130087312,375416,130462472,248.83741760253906,0,0,,0,0,0,0,0,0,"tcp_two_process; libOTe_SilentVole; semi_honest_128; MultType=ExConv7x24; BaseElem=u64; ExtElem=array<u64,M>; x=c; Z0=a; Z1=-b; tcp_two_process; libOTe_SilentVole; semi_honest_128; MultType=ExConv7x24; BaseElem=u64; ExtElem=array<u64,M>; x=c; Z0=a; Z1=-b",emulated TCP network
2026-07-26T08:32:18.928262+00:00,56a80d12dc147c6f4d9452798d88f387cd1c778b,SILENT_SVOLE_TCP,SILENT_SVOLE,,,FAST,tcp-loopback,bench,9,0,OK,PASS,14,16384,64,32,1,1332.6480000000001,1303.8600000000001,0.0,,0.0,0.0,0.0,0.0,0.0,0.0,1332.6470000000002,1332.6480000000001,1284.767,316.72299999999996,0.0,130087312,375416,130462472,248.83741760253906,0,0,,0,0,0,0,0,0,"tcp_two_process; libOTe_SilentVole; semi_honest_128; MultType=ExConv7x24; BaseElem=u64; ExtElem=array<u64,M>; x=c; Z0=a; Z1=-b; tcp_two_process; libOTe_SilentVole; semi_honest_128; MultType=ExConv7x24; BaseElem=u64; ExtElem=array<u64,M>; x=c; Z0=a; Z1=-b",emulated TCP network
2026-07-26T08:32:19.732312+00:00,56a80d12dc147c6f4d9452798d88f387cd1c778b,RMVOLE_NET_BENCH,RM_VECTOR_GENERIC_SPLIT,split-input-vole,vector,FAST,tcp-loopback,bench,-1,1,OK,PASS,14,16384,64,32,1,303.745,449.072,449.072,"max(P0,P1)_same_phase",179.624,75.92699999999999,179.624,12.28,12.173,12.28,628.696,537.172,0.0,0.0,0.0,67144049,229617,67373392,128.50454711914062,67178544,195122,,0,0,0,0,0,0,"tcp_two_process; p0_noisy_vole_receiver; real_libOTe_NoisyVole_split_input_length_2t; F=array<u64,M>; G=u64; vector_fixed_prime_setup; local_expand; tcp_two_process; p1_noisy_vole_sender; real_libOTe_NoisyVole_split_input_length_2t; F=array<u64,M>; G=u64; vector_fixed_prime_setup; local_expand",emulated TCP network
2026-07-26T08:32:20.536347+00:00,56a80d12dc147c6f4d9452798d88f387cd1c778b,RMVOLE_NET_BENCH,RM_VECTOR_GENERIC_SPLIT,split-input-vole,vector,FAST,tcp-loopback,bench,0,0,OK,PASS,14,16384,64,32,1,303.219,448.327,448.327,"max(P0,P1)_same_phase",175.604,75.806,175.604,12.28,12.176,12.28,623.931,536.3090000000001,0.0,0.0,0.0,67144049,229617,67373392,128.50454711914062,67178544,195122,,0,0,0,0,0,0,"tcp_two_process; p0_noisy_vole_receiver; real_libOTe_NoisyVole_split_input_length_2t; F=array<u64,M>; G=u64; vector_fixed_prime_setup; local_expand; tcp_two_process; p1_noisy_vole_sender; real_libOTe_NoisyVole_split_input_length_2t; F=array<u64,M>; G=u64; vector_fixed_prime_setup; local_expand",emulated TCP network
2026-07-26T08:32:21.340231+00:00,56a80d12dc147c6f4d9452798d88f387cd1c778b,RMVOLE_NET_BENCH,RM_VECTOR_GENERIC_SPLIT,split-input-vole,vector,FAST,tcp-loopback,bench,1,0,OK,PASS,14,16384,64,32,1,304.113,450.37899999999996,450.37899999999996,"max(P0,P1)_same_phase",179.85899999999998,76.423,179.85899999999998,12.276,12.125,12.276,630.2379999999999,538.927,0.0,0.0,0.0,67144049,229617,67373392,128.50454711914062,67178544,195122,,0,0,0,0,0,0,"tcp_two_process; p0_noisy_vole_receiver; real_libOTe_NoisyVole_split_input_length_2t; F=array<u64,M>; G=u64; vector_fixed_prime_setup; local_expand; tcp_two_process; p1_noisy_vole_sender; real_libOTe_NoisyVole_split_input_length_2t; F=array<u64,M>; G=u64; vector_fixed_prime_setup; local_expand",emulated TCP network
2026-07-26T08:32:22.144334+00:00,56a80d12dc147c6f4d9452798d88f387cd1c778b,RMVOLE_NET_BENCH,RM_VECTOR_GENERIC_SPLIT,split-input-vole,vector,FAST,tcp-loopback,bench,2,0,OK,PASS,14,16384,64,32,1,303.166,448.846,448.846,"max(P0,P1)_same_phase",179.99699999999999,75.715,179.99699999999999,12.256,12.731,12.731,628.843,537.292,0.0,0.0,0.0,67144049,229617,67373392,128.50454711914062,67178544,195122,,0,0,0,0,0,0,"tcp_two_process; p0_noisy_vole_receiver; real_libOTe_NoisyVole_split_input_length_2t; F=array<u64,M>; G=u64; vector_fixed_prime_setup; local_expand; tcp_two_process; p1_noisy_vole_sender; real_libOTe_NoisyVole_split_input_length_2t; F=array<u64,M>; G=u64; vector_fixed_prime_setup; local_expand",emulated TCP network
2026-07-26T08:32:22.948227+00:00,56a80d12dc147c6f4d9452798d88f387cd1c778b,RMVOLE_NET_BENCH,RM_VECTOR_GENERIC_SPLIT,split-input-vole,vector,FAST,tcp-loopback,bench,3,0,OK,PASS,14,16384,64,32,1,302.247,448.229,448.229,"max(P0,P1)_same_phase",173.101,75.916,173.101,12.277,12.246,12.277,621.3299999999999,536.39,0.0,0.0,0.0,67144049,229617,67373392,128.50454711914062,67178544,195122,,0,0,0,0,0,0,"tcp_two_process; p0_noisy_vole_receiver; real_libOTe_NoisyVole_split_input_length_2t; F=array<u64,M>; G=u64; vector_fixed_prime_setup; local_expand; tcp_two_process; p1_noisy_vole_sender; real_libOTe_NoisyVole_split_input_length_2t; F=array<u64,M>; G=u64; vector_fixed_prime_setup; local_expand",emulated TCP network
2026-07-26T08:32:23.752160+00:00,56a80d12dc147c6f4d9452798d88f387cd1c778b,RMVOLE_NET_BENCH,RM_VECTOR_GENERIC_SPLIT,split-input-vole,vector,FAST,tcp-loopback,bench,4,0,OK,PASS,14,16384,64,32,1,302.528,447.759,447.759,"max(P0,P1)_same_phase",177.141,75.908,177.141,12.267,12.203999999999999,12.267,624.9,535.871,0.0,0.0,0.0,67144049,229617,67373392,128.50454711914062,67178544,195122,,0,0,0,0,0,0,"tcp_two_process; p0_noisy_vole_receiver; real_libOTe_NoisyVole_split_input_length_2t; F=array<u64,M>; G=u64; vector_fixed_prime_setup; local_expand; tcp_two_process; p1_noisy_vole_sender; real_libOTe_NoisyVole_split_input_length_2t; F=array<u64,M>; G=u64; vector_fixed_prime_setup; local_expand",emulated TCP network
2026-07-26T08:32:24.556228+00:00,56a80d12dc147c6f4d9452798d88f387cd1c778b,RMVOLE_NET_BENCH,RM_VECTOR_GENERIC_SPLIT,split-input-vole,vector,FAST,tcp-loopback,bench,5,0,OK,PASS,14,16384,64,32,1,303.321,448.514,448.514,"max(P0,P1)_same_phase",176.351,76.63499999999999,176.351,12.274000000000001,12.199,12.274000000000001,624.865,537.3480000000001,0.0,0.0,0.0,67144049,229617,67373392,128.50454711914062,67178544,195122,,0,0,0,0,0,0,"tcp_two_process; p0_noisy_vole_receiver; real_libOTe_NoisyVole_split_input_length_2t; F=array<u64,M>; G=u64; vector_fixed_prime_setup; local_expand; tcp_two_process; p1_noisy_vole_sender; real_libOTe_NoisyVole_split_input_length_2t; F=array<u64,M>; G=u64; vector_fixed_prime_setup; local_expand",emulated TCP network
2026-07-26T08:32:25.360175+00:00,56a80d12dc147c6f4d9452798d88f387cd1c778b,RMVOLE_NET_BENCH,RM_VECTOR_GENERIC_SPLIT,split-input-vole,vector,FAST,tcp-loopback,bench,6,0,OK,PASS,14,16384,64,32,1,304.653,450.157,450.157,"max(P0,P1)_same_phase",179.674,76.981,179.674,12.271,12.179,12.271,629.831,539.317,0.0,0.0,0.0,67144049,229617,67373392,128.50454711914062,67178544,195122,,0,0,0,0,0,0,"tcp_two_process; p0_noisy_vole_receiver; real_libOTe_NoisyVole_split_input_length_2t; F=array<u64,M>; G=u64; vector_fixed_prime_setup; local_expand; tcp_two_process; p1_noisy_vole_sender; real_libOTe_NoisyVole_split_input_length_2t; F=array<u64,M>; G=u64; vector_fixed_prime_setup; local_expand",emulated TCP network
2026-07-26T08:32:26.164352+00:00,56a80d12dc147c6f4d9452798d88f387cd1c778b,RMVOLE_NET_BENCH,RM_VECTOR_GENERIC_SPLIT,split-input-vole,vector,FAST,tcp-loopback,bench,7,0,OK,PASS,14,16384,64,32,1,303.318,449.274,449.274,"max(P0,P1)_same_phase",176.41299999999998,77.16099999999999,176.41299999999998,12.263,12.176,12.263,625.687,538.611,0.0,0.0,0.0,67144049,229617,67373392,128.50454711914062,67178544,195122,,0,0,0,0,0,0,"tcp_two_process; p0_noisy_vole_receiver; real_libOTe_NoisyVole_split_input_length_2t; F=array<u64,M>; G=u64; vector_fixed_prime_setup; local_expand; tcp_two_process; p1_noisy_vole_sender; real_libOTe_NoisyVole_split_input_length_2t; F=array<u64,M>; G=u64; vector_fixed_prime_setup; local_expand",emulated TCP network
2026-07-26T08:32:26.968328+00:00,56a80d12dc147c6f4d9452798d88f387cd1c778b,RMVOLE_NET_BENCH,RM_VECTOR_GENERIC_SPLIT,split-input-vole,vector,FAST,tcp-loopback,bench,8,0,OK,PASS,14,16384,64,32,1,305.88300000000004,451.654,451.654,"max(P0,P1)_same_phase",177.466,77.063,177.466,12.4,12.201,12.4,629.12,540.919,0.0,0.0,0.0,67144049,229617,67373392,128.50454711914062,67178544,195122,,0,0,0,0,0,0,"tcp_two_process; p0_noisy_vole_receiver; real_libOTe_NoisyVole_split_input_length_2t; F=array<u64,M>; G=u64; vector_fixed_prime_setup; local_expand; tcp_two_process; p1_noisy_vole_sender; real_libOTe_NoisyVole_split_input_length_2t; F=array<u64,M>; G=u64; vector_fixed_prime_setup; local_expand",emulated TCP network
2026-07-26T08:32:27.772267+00:00,56a80d12dc147c6f4d9452798d88f387cd1c778b,RMVOLE_NET_BENCH,RM_VECTOR_GENERIC_SPLIT,split-input-vole,vector,FAST,tcp-loopback,bench,9,0,OK,PASS,14,16384,64,32,1,301.951,447.498,447.498,"max(P0,P1)_same_phase",178.038,76.84299999999999,178.038,12.258,12.158999999999999,12.258,625.5360000000001,536.5,0.0,0.0,0.0,67144049,229617,67373392,128.50454711914062,67178544,195122,,0,0,0,0,0,0,"tcp_two_process; p0_noisy_vole_receiver; real_libOTe_NoisyVole_split_input_length_2t; F=array<u64,M>; G=u64; vector_fixed_prime_setup; local_expand; tcp_two_process; p1_noisy_vole_sender; real_libOTe_NoisyVole_split_input_length_2t; F=array<u64,M>; G=u64; vector_fixed_prime_setup; local_expand",emulated TCP network
2026-07-26T08:32:28.175701+00:00,56a80d12dc147c6f4d9452798d88f387cd1c778b,RMVOLE_NET_BENCH,RM_VECTOR_OPT,split-input-coeff-ot,vector,FAST,tcp-loopback,bench,-1,1,OK,PASS,16,65536,64,8,1,32.432,25.371000000000002,32.432,"max(P0,P1)_same_phase",106.509,97.858,106.509,13.924000000000001,13.034,13.924000000000001,138.941,152.866,0.0,0.0,0.0,168625,1323521,1492064,2.84588623046875,1378624,113522,INCLUDING_BASE_OT,7808,1,1,999424,999424,3,tcp_two_process; p0_coeff_bit_ot_receiver; SPLIT_COEFF_OT; one_batched_Kos_chosen_message_OT; vector_fixed_prime_setup; local_expand; tcp_two_process; p1_coeff_bit_ot_sender; SPLIT_COEFF_OT; one_batched_Kos_chosen_message_OT; vector_fixed_prime_setup; local_expand,emulated TCP network
2026-07-26T08:32:28.578993+00:00,56a80d12dc147c6f4d9452798d88f387cd1c778b,RMVOLE_NET_BENCH,RM_VECTOR_OPT,split-input-coeff-ot,vector,FAST,tcp-loopback,bench,0,0,OK,PASS,16,65536,64,8,1,32.266999999999996,25.235,32.266999999999996,"max(P0,P1)_same_phase",103.92,97.744,103.92,13.976,13.192,13.976,136.187,150.16299999999998,0.0,0.0,0.0,168625,1323521,1492064,2.84588623046875,1378624,113522,INCLUDING_BASE_OT,7808,1,1,999424,999424,3,tcp_two_process; p0_coeff_bit_ot_receiver; SPLIT_COEFF_OT; one_batched_Kos_chosen_message_OT; vector_fixed_prime_setup; local_expand; tcp_two_process; p1_coeff_bit_ot_sender; SPLIT_COEFF_OT; one_batched_Kos_chosen_message_OT; vector_fixed_prime_setup; local_expand,emulated TCP network
2026-07-26T08:32:28.982279+00:00,56a80d12dc147c6f4d9452798d88f387cd1c778b,RMVOLE_NET_BENCH,RM_VECTOR_OPT,split-input-coeff-ot,vector,FAST,tcp-loopback,bench,1,0,OK,PASS,16,65536,64,8,1,32.505,25.445,32.505,"max(P0,P1)_same_phase",103.994,98.09,103.994,14.122,13.036000000000001,14.122,136.499,150.622,0.0,0.0,0.0,168625,1323521,1492064,2.84588623046875,1378624,113522,INCLUDING_BASE_OT,7808,1,1,999424,999424,3,tcp_two_process; p0_coeff_bit_ot_receiver; SPLIT_COEFF_OT; one_batched_Kos_chosen_message_OT; vector_fixed_prime_setup; local_expand; tcp_two_process; p1_coeff_bit_ot_sender; SPLIT_COEFF_OT; one_batched_Kos_chosen_message_OT; vector_fixed_prime_setup; local_expand,emulated TCP network
2026-07-26T08:32:29.385563+00:00,56a80d12dc147c6f4d9452798d88f387cd1c778b,RMVOLE_NET_BENCH,RM_VECTOR_OPT,split-input-coeff-ot,vector,FAST,tcp-loopback,bench,2,0,OK,PASS,16,65536,64,8,1,32.204,25.174,32.204,"max(P0,P1)_same_phase",105.347,97.866,105.347,13.795,13.09,13.795,137.551,151.345,0.0,0.0,0.0,168625,1323521,1492064,2.84588623046875,1378624,113522,INCLUDING_BASE_OT,7808,1,1,999424,999424,3,tcp_two_process; p0_coeff_bit_ot_receiver; SPLIT_COEFF_OT; one_batched_Kos_chosen_message_OT; vector_fixed_prime_setup; local_expand; tcp_two_process; p1_coeff_bit_ot_sender; SPLIT_COEFF_OT; one_batched_Kos_chosen_message_OT; vector_fixed_prime_setup; local_expand,emulated TCP network
2026-07-26T08:32:29.788943+00:00,56a80d12dc147c6f4d9452798d88f387cd1c778b,RMVOLE_NET_BENCH,RM_VECTOR_OPT,split-input-coeff-ot,vector,FAST,tcp-loopback,bench,3,0,OK,PASS,16,65536,64,8,1,32.256,25.176000000000002,32.256,"max(P0,P1)_same_phase",105.774,98.314,105.774,13.832,13.082,13.832,138.03,151.862,0.0,0.0,0.0,168625,1323521,1492064,2.84588623046875,1378624,113522,INCLUDING_BASE_OT,7808,1,1,999424,999424,3,tcp_two_process; p0_coeff_bit_ot_receiver; SPLIT_COEFF_OT; one_batched_Kos_chosen_message_OT; vector_fixed_prime_setup; local_expand; tcp_two_process; p1_coeff_bit_ot_sender; SPLIT_COEFF_OT; one_batched_Kos_chosen_message_OT; vector_fixed_prime_setup; local_expand,emulated TCP network
2026-07-26T08:32:30.192403+00:00,56a80d12dc147c6f4d9452798d88f387cd1c778b,RMVOLE_NET_BENCH,RM_VECTOR_OPT,split-input-coeff-ot,vector,FAST,tcp-loopback,bench,4,0,OK,PASS,16,65536,64,8,1,32.256,25.176000000000002,32.256,"max(P0,P1)_same_phase",106.22800000000001,98.111,106.22800000000001,13.783,13.009,13.783,138.484,152.26700000000002,0.0,0.0,0.0,168625,1323521,1492064,2.84588623046875,1378624,113522,INCLUDING_BASE_OT,7808,1,1,999424,999424,3,tcp_two_process; p0_coeff_bit_ot_receiver; SPLIT_COEFF_OT; one_batched_Kos_chosen_message_OT; vector_fixed_prime_setup; local_expand; tcp_two_process; p1_coeff_bit_ot_sender; SPLIT_COEFF_OT; one_batched_Kos_chosen_message_OT; vector_fixed_prime_setup; local_expand,emulated TCP network
2026-07-26T08:32:30.595831+00:00,56a80d12dc147c6f4d9452798d88f387cd1c778b,RMVOLE_NET_BENCH,RM_VECTOR_OPT,split-input-coeff-ot,vector,FAST,tcp-loopback,bench,5,0,OK,PASS,16,65536,64,8,1,32.258,25.191000000000003,32.258,"max(P0,P1)_same_phase",106.534,97.584,106.534,13.85,13.072000000000001,13.85,138.792,152.642,0.0,0.0,0.0,168625,1323521,1492064,2.84588623046875,1378624,113522,INCLUDING_BASE_OT,7808,1,1,999424,999424,3,tcp_two_process; p0_coeff_bit_ot_receiver; SPLIT_COEFF_OT; one_batched_Kos_chosen_message_OT; vector_fixed_prime_setup; local_expand; tcp_two_process; p1_coeff_bit_ot_sender; SPLIT_COEFF_OT; one_batched_Kos_chosen_message_OT; vector_fixed_prime_setup; local_expand,emulated TCP network
2026-07-26T08:32:30.999252+00:00,56a80d12dc147c6f4d9452798d88f387cd1c778b,RMVOLE_NET_BENCH,RM_VECTOR_OPT,split-input-coeff-ot,vector,FAST,tcp-loopback,bench,6,0,OK,PASS,16,65536,64,8,1,32.411,25.349,32.411,"max(P0,P1)_same_phase",103.393,97.668,103.393,13.916,13.058,13.916,135.804,149.72,0.0,0.0,0.0,168625,1323521,1492064,2.84588623046875,1378624,113522,INCLUDING_BASE_OT,7808,1,1,999424,999424,3,tcp_two_process; p0_coeff_bit_ot_receiver; SPLIT_COEFF_OT; one_batched_Kos_chosen_message_OT; vector_fixed_prime_setup; local_expand; tcp_two_process; p1_coeff_bit_ot_sender; SPLIT_COEFF_OT; one_batched_Kos_chosen_message_OT; vector_fixed_prime_setup; local_expand,emulated TCP network
2026-07-26T08:32:31.402584+00:00,56a80d12dc147c6f4d9452798d88f387cd1c778b,RMVOLE_NET_BENCH,RM_VECTOR_OPT,split-input-coeff-ot,vector,FAST,tcp-loopback,bench,7,0,OK,PASS,16,65536,64,8,1,32.28,25.221,32.28,"max(P0,P1)_same_phase",104.15,97.85199999999999,104.15,13.966,13.086,13.966,136.43,150.39600000000002,0.0,0.0,0.0,168625,1323521,1492064,2.84588623046875,1378624,113522,INCLUDING_BASE_OT,7808,1,1,999424,999424,3,tcp_two_process; p0_coeff_bit_ot_receiver; SPLIT_COEFF_OT; one_batched_Kos_chosen_message_OT; vector_fixed_prime_setup; local_expand; tcp_two_process; p1_coeff_bit_ot_sender; SPLIT_COEFF_OT; one_batched_Kos_chosen_message_OT; vector_fixed_prime_setup; local_expand,emulated TCP network
2026-07-26T08:32:31.806000+00:00,56a80d12dc147c6f4d9452798d88f387cd1c778b,RMVOLE_NET_BENCH,RM_VECTOR_OPT,split-input-coeff-ot,vector,FAST,tcp-loopback,bench,8,0,OK,PASS,16,65536,64,8,1,32.217999999999996,25.186,32.217999999999996,"max(P0,P1)_same_phase",104.684,98.14,104.684,14.003,13.29,14.003,136.902,150.905,0.0,0.0,0.0,168625,1323521,1492064,2.84588623046875,1378624,113522,INCLUDING_BASE_OT,7808,1,1,999424,999424,3,tcp_two_process; p0_coeff_bit_ot_receiver; SPLIT_COEFF_OT; one_batched_Kos_chosen_message_OT; vector_fixed_prime_setup; local_expand; tcp_two_process; p1_coeff_bit_ot_sender; SPLIT_COEFF_OT; one_batched_Kos_chosen_message_OT; vector_fixed_prime_setup; local_expand,emulated TCP network
2026-07-26T08:32:32.209698+00:00,56a80d12dc147c6f4d9452798d88f387cd1c778b,RMVOLE_NET_BENCH,RM_VECTOR_OPT,split-input-coeff-ot,vector,FAST,tcp-loopback,bench,9,0,OK,PASS,16,65536,64,8,1,32.431000000000004,25.4,32.431000000000004,"max(P0,P1)_same_phase",104.401,97.98700000000001,104.401,13.972999999999999,13.072000000000001,13.972999999999999,136.832,150.805,0.0,0.0,0.0,168625,1323521,1492064,2.84588623046875,1378624,113522,INCLUDING_BASE_OT,7808,1,1,999424,999424,3,tcp_two_process; p0_coeff_bit_ot_receiver; SPLIT_COEFF_OT; one_batched_Kos_chosen_message_OT; vector_fixed_prime_setup; local_expand; tcp_two_process; p1_coeff_bit_ot_sender; SPLIT_COEFF_OT; one_batched_Kos_chosen_message_OT; vector_fixed_prime_setup; local_expand,emulated TCP network
2026-07-26T08:32:33.063625+00:00,56a80d12dc147c6f4d9452798d88f387cd1c778b,SILENT_SVOLE_TCP,SILENT_SVOLE,,,FAST,tcp-loopback,bench,-1,1,OK,PASS,16,65536,64,8,1,604.4620000000001,565.251,0.0,,0.0,0.0,0.0,0.0,0.0,0.0,604.4620000000001,604.4620000000001,528.027,185.566,0.0,8206032,151672,8357640,15.940933227539062,0,0,,0,0,0,0,0,0,"tcp_two_process; libOTe_SilentVole; semi_honest_128; MultType=ExConv7x24; BaseElem=u64; ExtElem=array<u64,M>; x=c; Z0=a; Z1=-b; tcp_two_process; libOTe_SilentVole; semi_honest_128; MultType=ExConv7x24; BaseElem=u64; ExtElem=array<u64,M>; x=c; Z0=a; Z1=-b",emulated TCP network
2026-07-26T08:32:33.917543+00:00,56a80d12dc147c6f4d9452798d88f387cd1c778b,SILENT_SVOLE_TCP,SILENT_SVOLE,,,FAST,tcp-loopback,bench,0,0,OK,PASS,16,65536,64,8,1,607.395,567.932,0.0,,0.0,0.0,0.0,0.0,0.0,0.0,607.395,607.395,530.394,188.816,0.0,8206032,151672,8357640,15.940933227539062,0,0,,0,0,0,0,0,0,"tcp_two_process; libOTe_SilentVole; semi_honest_128; MultType=ExConv7x24; BaseElem=u64; ExtElem=array<u64,M>; x=c; Z0=a; Z1=-b; tcp_two_process; libOTe_SilentVole; semi_honest_128; MultType=ExConv7x24; BaseElem=u64; ExtElem=array<u64,M>; x=c; Z0=a; Z1=-b",emulated TCP network
2026-07-26T08:32:34.771449+00:00,56a80d12dc147c6f4d9452798d88f387cd1c778b,SILENT_SVOLE_TCP,SILENT_SVOLE,,,FAST,tcp-loopback,bench,1,0,OK,PASS,16,65536,64,8,1,600.866,564.629,0.0,,0.0,0.0,0.0,0.0,0.0,0.0,600.866,600.866,527.404,182.498,0.0,8206032,151672,8357640,15.940933227539062,0,0,,0,0,0,0,0,0,"tcp_two_process; libOTe_SilentVole; semi_honest_128; MultType=ExConv7x24; BaseElem=u64; ExtElem=array<u64,M>; x=c; Z0=a; Z1=-b; tcp_two_process; libOTe_SilentVole; semi_honest_128; MultType=ExConv7x24; BaseElem=u64; ExtElem=array<u64,M>; x=c; Z0=a; Z1=-b",emulated TCP network
2026-07-26T08:32:35.625304+00:00,56a80d12dc147c6f4d9452798d88f387cd1c778b,SILENT_SVOLE_TCP,SILENT_SVOLE,,,FAST,tcp-loopback,bench,2,0,OK,PASS,16,65536,64,8,1,602.879,565.474,0.0,,0.0,0.0,0.0,0.0,0.0,0.0,602.8789999999999,602.879,528.2529999999999,185.248,0.0,8206032,151672,8357640,15.940933227539062,0,0,,0,0,0,0,0,0,"tcp_two_process; libOTe_SilentVole; semi_honest_128; MultType=ExConv7x24; BaseElem=u64; ExtElem=array<u64,M>; x=c; Z0=a; Z1=-b; tcp_two_process; libOTe_SilentVole; semi_honest_128; MultType=ExConv7x24; BaseElem=u64; ExtElem=array<u64,M>; x=c; Z0=a; Z1=-b",emulated TCP network
2026-07-26T08:32:36.479389+00:00,56a80d12dc147c6f4d9452798d88f387cd1c778b,SILENT_SVOLE_TCP,SILENT_SVOLE,,,FAST,tcp-loopback,bench,3,0,OK,PASS,16,65536,64,8,1,600.482,564.924,0.0,,0.0,0.0,0.0,0.0,0.0,0.0,600.482,600.482,527.7579999999999,181.757,0.0,8206032,151672,8357640,15.940933227539062,0,0,,0,0,0,0,0,0,"tcp_two_process; libOTe_SilentVole; semi_honest_128; MultType=ExConv7x24; BaseElem=u64; ExtElem=array<u64,M>; x=c; Z0=a; Z1=-b; tcp_two_process; libOTe_SilentVole; semi_honest_128; MultType=ExConv7x24; BaseElem=u64; ExtElem=array<u64,M>; x=c; Z0=a; Z1=-b",emulated TCP network
2026-07-26T08:32:37.333468+00:00,56a80d12dc147c6f4d9452798d88f387cd1c778b,SILENT_SVOLE_TCP,SILENT_SVOLE,,,FAST,tcp-loopback,bench,4,0,OK,PASS,16,65536,64,8,1,602.854,567.348,0.0,,0.0,0.0,0.0,0.0,0.0,0.0,602.853,602.854,529.489,181.615,0.0,8206032,151672,8357640,15.940933227539062,0,0,,0,0,0,0,0,0,"tcp_two_process; libOTe_SilentVole; semi_honest_128; MultType=ExConv7x24; BaseElem=u64; ExtElem=array<u64,M>; x=c; Z0=a; Z1=-b; tcp_two_process; libOTe_SilentVole; semi_honest_128; MultType=ExConv7x24; BaseElem=u64; ExtElem=array<u64,M>; x=c; Z0=a; Z1=-b",emulated TCP network
2026-07-26T08:32:38.187497+00:00,56a80d12dc147c6f4d9452798d88f387cd1c778b,SILENT_SVOLE_TCP,SILENT_SVOLE,,,FAST,tcp-loopback,bench,5,0,OK,PASS,16,65536,64,8,1,601.326,564.808,0.0,,0.0,0.0,0.0,0.0,0.0,0.0,601.327,601.326,526.981,183.333,0.0,8206032,151672,8357640,15.940933227539062,0,0,,0,0,0,0,0,0,"tcp_two_process; libOTe_SilentVole; semi_honest_128; MultType=ExConv7x24; BaseElem=u64; ExtElem=array<u64,M>; x=c; Z0=a; Z1=-b; tcp_two_process; libOTe_SilentVole; semi_honest_128; MultType=ExConv7x24; BaseElem=u64; ExtElem=array<u64,M>; x=c; Z0=a; Z1=-b",emulated TCP network
2026-07-26T08:32:39.041449+00:00,56a80d12dc147c6f4d9452798d88f387cd1c778b,SILENT_SVOLE_TCP,SILENT_SVOLE,,,FAST,tcp-loopback,bench,6,0,OK,PASS,16,65536,64,8,1,603.092,566.5590000000001,0.0,,0.0,0.0,0.0,0.0,0.0,0.0,603.091,603.092,529.3820000000001,184.231,0.0,8206032,151672,8357640,15.940933227539062,0,0,,0,0,0,0,0,0,"tcp_two_process; libOTe_SilentVole; semi_honest_128; MultType=ExConv7x24; BaseElem=u64; ExtElem=array<u64,M>; x=c; Z0=a; Z1=-b; tcp_two_process; libOTe_SilentVole; semi_honest_128; MultType=ExConv7x24; BaseElem=u64; ExtElem=array<u64,M>; x=c; Z0=a; Z1=-b",emulated TCP network
2026-07-26T08:32:39.895342+00:00,56a80d12dc147c6f4d9452798d88f387cd1c778b,SILENT_SVOLE_TCP,SILENT_SVOLE,,,FAST,tcp-loopback,bench,7,0,OK,PASS,16,65536,64,8,1,600.8599999999999,563.902,0.0,,0.0,0.0,0.0,0.0,0.0,0.0,600.8599999999999,600.8599999999999,526.8340000000001,183.194,0.0,8206032,151672,8357640,15.940933227539062,0,0,,0,0,0,0,0,0,"tcp_two_process; libOTe_SilentVole; semi_honest_128; MultType=ExConv7x24; BaseElem=u64; ExtElem=array<u64,M>; x=c; Z0=a; Z1=-b; tcp_two_process; libOTe_SilentVole; semi_honest_128; MultType=ExConv7x24; BaseElem=u64; ExtElem=array<u64,M>; x=c; Z0=a; Z1=-b",emulated TCP network
2026-07-26T08:32:40.749499+00:00,56a80d12dc147c6f4d9452798d88f387cd1c778b,SILENT_SVOLE_TCP,SILENT_SVOLE,,,FAST,tcp-loopback,bench,8,0,OK,PASS,16,65536,64,8,1,603.394,566.788,0.0,,0.0,0.0,0.0,0.0,0.0,0.0,603.394,603.394,529.0559999999999,185.331,0.0,8206032,151672,8357640,15.940933227539062,0,0,,0,0,0,0,0,0,"tcp_two_process; libOTe_SilentVole; semi_honest_128; MultType=ExConv7x24; BaseElem=u64; ExtElem=array<u64,M>; x=c; Z0=a; Z1=-b; tcp_two_process; libOTe_SilentVole; semi_honest_128; MultType=ExConv7x24; BaseElem=u64; ExtElem=array<u64,M>; x=c; Z0=a; Z1=-b",emulated TCP network
2026-07-26T08:32:41.603403+00:00,56a80d12dc147c6f4d9452798d88f387cd1c778b,SILENT_SVOLE_TCP,SILENT_SVOLE,,,FAST,tcp-loopback,bench,9,0,OK,PASS,16,65536,64,8,1,600.5310000000001,563.689,0.0,,0.0,0.0,0.0,0.0,0.0,0.0,600.5310000000001,600.5310000000001,526.482,182.555,0.0,8206032,151672,8357640,15.940933227539062,0,0,,0,0,0,0,0,0,"tcp_two_process; libOTe_SilentVole; semi_honest_128; MultType=ExConv7x24; BaseElem=u64; ExtElem=array<u64,M>; x=c; Z0=a; Z1=-b; tcp_two_process; libOTe_SilentVole; semi_honest_128; MultType=ExConv7x24; BaseElem=u64; ExtElem=array<u64,M>; x=c; Z0=a; Z1=-b",emulated TCP network
2026-07-26T08:32:42.056752+00:00,56a80d12dc147c6f4d9452798d88f387cd1c778b,RMVOLE_NET_BENCH,RM_VECTOR_GENERIC_SPLIT,split-input-vole,vector,FAST,tcp-loopback,bench,-1,1,OK,PASS,16,65536,64,8,1,47.562,61.303999999999995,61.303999999999995,"max(P0,P1)_same_phase",109.25500000000001,89.209,109.25500000000001,14.077,13.311,14.077,170.559,170.89499999999998,0.0,0.0,0.0,4238001,87281,4325200,8.249664306640625,4211760,113522,,0,0,0,0,0,0,"tcp_two_process; p0_noisy_vole_receiver; real_libOTe_NoisyVole_split_input_length_2t; F=array<u64,M>; G=u64; vector_fixed_prime_setup; local_expand; tcp_two_process; p1_noisy_vole_sender; real_libOTe_NoisyVole_split_input_length_2t; F=array<u64,M>; G=u64; vector_fixed_prime_setup; local_expand",emulated TCP network
2026-07-26T08:32:42.510080+00:00,56a80d12dc147c6f4d9452798d88f387cd1c778b,RMVOLE_NET_BENCH,RM_VECTOR_GENERIC_SPLIT,split-input-vole,vector,FAST,tcp-loopback,bench,0,0,OK,PASS,16,65536,64,8,1,48.254,62.162,62.162,"max(P0,P1)_same_phase",113.715,89.77,113.715,13.844999999999999,13.055000000000001,13.844999999999999,175.877,175.814,0.0,0.0,0.0,4238001,87281,4325200,8.249664306640625,4211760,113522,,0,0,0,0,0,0,"tcp_two_process; p0_noisy_vole_receiver; real_libOTe_NoisyVole_split_input_length_2t; F=array<u64,M>; G=u64; vector_fixed_prime_setup; local_expand; tcp_two_process; p1_noisy_vole_sender; real_libOTe_NoisyVole_split_input_length_2t; F=array<u64,M>; G=u64; vector_fixed_prime_setup; local_expand",emulated TCP network
2026-07-26T08:32:42.963468+00:00,56a80d12dc147c6f4d9452798d88f387cd1c778b,RMVOLE_NET_BENCH,RM_VECTOR_GENERIC_SPLIT,split-input-vole,vector,FAST,tcp-loopback,bench,1,0,OK,PASS,16,65536,64,8,1,47.574,61.295,61.295,"max(P0,P1)_same_phase",113.175,89.366,113.175,13.786,12.994,13.786,174.47,174.535,0.0,0.0,0.0,4238001,87281,4325200,8.249664306640625,4211760,113522,,0,0,0,0,0,0,"tcp_two_process; p0_noisy_vole_receiver; real_libOTe_NoisyVole_split_input_length_2t; F=array<u64,M>; G=u64; vector_fixed_prime_setup; local_expand; tcp_two_process; p1_noisy_vole_sender; real_libOTe_NoisyVole_split_input_length_2t; F=array<u64,M>; G=u64; vector_fixed_prime_setup; local_expand",emulated TCP network
2026-07-26T08:32:43.416775+00:00,56a80d12dc147c6f4d9452798d88f387cd1c778b,RMVOLE_NET_BENCH,RM_VECTOR_GENERIC_SPLIT,split-input-vole,vector,FAST,tcp-loopback,bench,2,0,OK,PASS,16,65536,64,8,1,47.514,61.42100000000001,61.42100000000001,"max(P0,P1)_same_phase",116.355,89.484,116.355,13.775,12.985,13.775,177.776,177.644,0.0,0.0,0.0,4238001,87281,4325200,8.249664306640625,4211760,113522,,0,0,0,0,0,0,"tcp_two_process; p0_noisy_vole_receiver; real_libOTe_NoisyVole_split_input_length_2t; F=array<u64,M>; G=u64; vector_fixed_prime_setup; local_expand; tcp_two_process; p1_noisy_vole_sender; real_libOTe_NoisyVole_split_input_length_2t; F=array<u64,M>; G=u64; vector_fixed_prime_setup; local_expand",emulated TCP network
2026-07-26T08:32:43.870198+00:00,56a80d12dc147c6f4d9452798d88f387cd1c778b,RMVOLE_NET_BENCH,RM_VECTOR_GENERIC_SPLIT,split-input-vole,vector,FAST,tcp-loopback,bench,3,0,OK,PASS,16,65536,64,8,1,47.805,61.812,61.812,"max(P0,P1)_same_phase",110.386,89.032,110.386,13.853000000000002,12.932,13.853000000000002,172.19799999999998,172.044,0.0,0.0,0.0,4238001,87281,4325200,8.249664306640625,4211760,113522,,0,0,0,0,0,0,"tcp_two_process; p0_noisy_vole_receiver; real_libOTe_NoisyVole_split_input_length_2t; F=array<u64,M>; G=u64; vector_fixed_prime_setup; local_expand; tcp_two_process; p1_noisy_vole_sender; real_libOTe_NoisyVole_split_input_length_2t; F=array<u64,M>; G=u64; vector_fixed_prime_setup; local_expand",emulated TCP network
2026-07-26T08:32:44.323829+00:00,56a80d12dc147c6f4d9452798d88f387cd1c778b,RMVOLE_NET_BENCH,RM_VECTOR_GENERIC_SPLIT,split-input-vole,vector,FAST,tcp-loopback,bench,4,0,OK,PASS,16,65536,64,8,1,47.58,61.681,61.681,"max(P0,P1)_same_phase",116.756,89.362,116.756,13.716000000000001,12.909,13.716000000000001,178.437,178.052,0.0,0.0,0.0,4238001,87281,4325200,8.249664306640625,4211760,113522,,0,0,0,0,0,0,"tcp_two_process; p0_noisy_vole_receiver; real_libOTe_NoisyVole_split_input_length_2t; F=array<u64,M>; G=u64; vector_fixed_prime_setup; local_expand; tcp_two_process; p1_noisy_vole_sender; real_libOTe_NoisyVole_split_input_length_2t; F=array<u64,M>; G=u64; vector_fixed_prime_setup; local_expand",emulated TCP network
2026-07-26T08:32:44.777173+00:00,56a80d12dc147c6f4d9452798d88f387cd1c778b,RMVOLE_NET_BENCH,RM_VECTOR_GENERIC_SPLIT,split-input-vole,vector,FAST,tcp-loopback,bench,5,0,OK,PASS,16,65536,64,8,1,47.847,61.955000000000005,61.955000000000005,"max(P0,P1)_same_phase",115.68100000000001,89.412,115.68100000000001,13.745999999999999,13.065999999999999,13.745999999999999,177.63600000000002,177.27499999999998,0.0,0.0,0.0,4238001,87281,4325200,8.249664306640625,4211760,113522,,0,0,0,0,0,0,"tcp_two_process; p0_noisy_vole_receiver; real_libOTe_NoisyVole_split_input_length_2t; F=array<u64,M>; G=u64; vector_fixed_prime_setup; local_expand; tcp_two_process; p1_noisy_vole_sender; real_libOTe_NoisyVole_split_input_length_2t; F=array<u64,M>; G=u64; vector_fixed_prime_setup; local_expand",emulated TCP network
2026-07-26T08:32:45.230531+00:00,56a80d12dc147c6f4d9452798d88f387cd1c778b,RMVOLE_NET_BENCH,RM_VECTOR_GENERIC_SPLIT,split-input-vole,vector,FAST,tcp-loopback,bench,6,0,OK,PASS,16,65536,64,8,1,47.845,62.001,62.001,"max(P0,P1)_same_phase",109.946,89.919,109.946,13.809,12.97,13.809,171.947,171.601,0.0,0.0,0.0,4238001,87281,4325200,8.249664306640625,4211760,113522,,0,0,0,0,0,0,"tcp_two_process; p0_noisy_vole_receiver; real_libOTe_NoisyVole_split_input_length_2t; F=array<u64,M>; G=u64; vector_fixed_prime_setup; local_expand; tcp_two_process; p1_noisy_vole_sender; real_libOTe_NoisyVole_split_input_length_2t; F=array<u64,M>; G=u64; vector_fixed_prime_setup; local_expand",emulated TCP network
2026-07-26T08:32:45.683864+00:00,56a80d12dc147c6f4d9452798d88f387cd1c778b,RMVOLE_NET_BENCH,RM_VECTOR_GENERIC_SPLIT,split-input-vole,vector,FAST,tcp-loopback,bench,7,0,OK,PASS,16,65536,64,8,1,47.362,61.41,61.41,"max(P0,P1)_same_phase",113.663,89.24300000000001,113.663,13.775,12.928,13.775,175.07299999999998,174.8,0.0,0.0,0.0,4238001,87281,4325200,8.249664306640625,4211760,113522,,0,0,0,0,0,0,"tcp_two_process; p0_noisy_vole_receiver; real_libOTe_NoisyVole_split_input_length_2t; F=array<u64,M>; G=u64; vector_fixed_prime_setup; local_expand; tcp_two_process; p1_noisy_vole_sender; real_libOTe_NoisyVole_split_input_length_2t; F=array<u64,M>; G=u64; vector_fixed_prime_setup; local_expand",emulated TCP network
2026-07-26T08:32:46.137406+00:00,56a80d12dc147c6f4d9452798d88f387cd1c778b,RMVOLE_NET_BENCH,RM_VECTOR_GENERIC_SPLIT,split-input-vole,vector,FAST,tcp-loopback,bench,8,0,OK,PASS,16,65536,64,8,1,47.683,61.591,61.591,"max(P0,P1)_same_phase",111.24000000000001,89.342,111.24000000000001,13.939,13.064,13.939,172.83100000000002,172.863,0.0,0.0,0.0,4238001,87281,4325200,8.249664306640625,4211760,113522,,0,0,0,0,0,0,"tcp_two_process; p0_noisy_vole_receiver; real_libOTe_NoisyVole_split_input_length_2t; F=array<u64,M>; G=u64; vector_fixed_prime_setup; local_expand; tcp_two_process; p1_noisy_vole_sender; real_libOTe_NoisyVole_split_input_length_2t; F=array<u64,M>; G=u64; vector_fixed_prime_setup; local_expand",emulated TCP network
2026-07-26T08:32:46.590739+00:00,56a80d12dc147c6f4d9452798d88f387cd1c778b,RMVOLE_NET_BENCH,RM_VECTOR_GENERIC_SPLIT,split-input-vole,vector,FAST,tcp-loopback,bench,9,0,OK,PASS,16,65536,64,8,1,48.287,62.423,62.423,"max(P0,P1)_same_phase",113.701,88.984,113.701,13.786,12.925,13.786,176.124,175.77300000000002,0.0,0.0,0.0,4238001,87281,4325200,8.249664306640625,4211760,113522,,0,0,0,0,0,0,"tcp_two_process; p0_noisy_vole_receiver; real_libOTe_NoisyVole_split_input_length_2t; F=array<u64,M>; G=u64; vector_fixed_prime_setup; local_expand; tcp_two_process; p1_noisy_vole_sender; real_libOTe_NoisyVole_split_input_length_2t; F=array<u64,M>; G=u64; vector_fixed_prime_setup; local_expand",emulated TCP network
2026-07-26T08:32:47.044128+00:00,56a80d12dc147c6f4d9452798d88f387cd1c778b,RMVOLE_NET_BENCH,RM_VECTOR_OPT,split-input-coeff-ot,vector,FAST,tcp-loopback,bench,-1,1,OK,PASS,16,65536,64,16,1,35.222,27.746,35.222,"max(P0,P1)_same_phase",122.404,116.012,122.404,26.682000000000002,25.51,26.682000000000002,157.626,184.308,0.0,0.0,0.0,168689,2355713,2524256,2.407318115234375,2378048,146354,INCLUDING_BASE_OT,7808,1,1,1998848,1998848,3,tcp_two_process; p0_coeff_bit_ot_receiver; SPLIT_COEFF_OT; one_batched_Kos_chosen_message_OT; vector_fixed_prime_setup; local_expand; tcp_two_process; p1_coeff_bit_ot_sender; SPLIT_COEFF_OT; one_batched_Kos_chosen_message_OT; vector_fixed_prime_setup; local_expand,emulated TCP network
2026-07-26T08:32:47.497667+00:00,56a80d12dc147c6f4d9452798d88f387cd1c778b,RMVOLE_NET_BENCH,RM_VECTOR_OPT,split-input-coeff-ot,vector,FAST,tcp-loopback,bench,0,0,OK,PASS,16,65536,64,16,1,35.416000000000004,27.921000000000003,35.416000000000004,"max(P0,P1)_same_phase",116.658,110.143,116.658,28.388,25.415,28.388,152.074,180.46200000000002,0.0,0.0,0.0,168689,2355713,2524256,2.407318115234375,2378048,146354,INCLUDING_BASE_OT,7808,1,1,1998848,1998848,3,tcp_two_process; p0_coeff_bit_ot_receiver; SPLIT_COEFF_OT; one_batched_Kos_chosen_message_OT; vector_fixed_prime_setup; local_expand; tcp_two_process; p1_coeff_bit_ot_sender; SPLIT_COEFF_OT; one_batched_Kos_chosen_message_OT; vector_fixed_prime_setup; local_expand,emulated TCP network
2026-07-26T08:32:47.951154+00:00,56a80d12dc147c6f4d9452798d88f387cd1c778b,RMVOLE_NET_BENCH,RM_VECTOR_OPT,split-input-coeff-ot,vector,FAST,tcp-loopback,bench,1,0,OK,PASS,16,65536,64,16,1,35.238,27.79,35.238,"max(P0,P1)_same_phase",118.995,115.365,118.995,26.569,25.238,26.569,154.233,180.802,0.0,0.0,0.0,168689,2355713,2524256,2.407318115234375,2378048,146354,INCLUDING_BASE_OT,7808,1,1,1998848,1998848,3,tcp_two_process; p0_coeff_bit_ot_receiver; SPLIT_COEFF_OT; one_batched_Kos_chosen_message_OT; vector_fixed_prime_setup; local_expand; tcp_two_process; p1_coeff_bit_ot_sender; SPLIT_COEFF_OT; one_batched_Kos_chosen_message_OT; vector_fixed_prime_setup; local_expand,emulated TCP network
2026-07-26T08:32:48.404831+00:00,56a80d12dc147c6f4d9452798d88f387cd1c778b,RMVOLE_NET_BENCH,RM_VECTOR_OPT,split-input-coeff-ot,vector,FAST,tcp-loopback,bench,2,0,OK,PASS,16,65536,64,16,1,35.254,27.764,35.254,"max(P0,P1)_same_phase",119.70100000000001,112.64699999999999,119.70100000000001,26.529,25.408,26.529,154.955,181.484,0.0,0.0,0.0,168689,2355713,2524256,2.407318115234375,2378048,146354,INCLUDING_BASE_OT,7808,1,1,1998848,1998848,3,tcp_two_process; p0_coeff_bit_ot_receiver; SPLIT_COEFF_OT; one_batched_Kos_chosen_message_OT; vector_fixed_prime_setup; local_expand; tcp_two_process; p1_coeff_bit_ot_sender; SPLIT_COEFF_OT; one_batched_Kos_chosen_message_OT; vector_fixed_prime_setup; local_expand,emulated TCP network
2026-07-26T08:32:48.858462+00:00,56a80d12dc147c6f4d9452798d88f387cd1c778b,RMVOLE_NET_BENCH,RM_VECTOR_OPT,split-input-coeff-ot,vector,FAST,tcp-loopback,bench,3,0,OK,PASS,16,65536,64,16,1,35.448,27.976,35.448,"max(P0,P1)_same_phase",122.808,115.407,122.808,26.866,26.607,26.866,158.256,185.122,0.0,0.0,0.0,168689,2355713,2524256,2.407318115234375,2378048,146354,INCLUDING_BASE_OT,7808,1,1,1998848,1998848,3,tcp_two_process; p0_coeff_bit_ot_receiver; SPLIT_COEFF_OT; one_batched_Kos_chosen_message_OT; vector_fixed_prime_setup; local_expand; tcp_two_process; p1_coeff_bit_ot_sender; SPLIT_COEFF_OT; one_batched_Kos_chosen_message_OT; vector_fixed_prime_setup; local_expand,emulated TCP network
2026-07-26T08:32:49.311885+00:00,56a80d12dc147c6f4d9452798d88f387cd1c778b,RMVOLE_NET_BENCH,RM_VECTOR_OPT,split-input-coeff-ot,vector,FAST,tcp-loopback,bench,4,0,OK,PASS,16,65536,64,16,1,35.354,27.865000000000002,35.354,"max(P0,P1)_same_phase",117.649,110.928,117.649,26.919999999999998,25.288999999999998,26.919999999999998,153.003,179.924,0.0,0.0,0.0,168689,2355713,2524256,2.407318115234375,2378048,146354,INCLUDING_BASE_OT,7808,1,1,1998848,1998848,3,tcp_two_process; p0_coeff_bit_ot_receiver; SPLIT_COEFF_OT; one_batched_Kos_chosen_message_OT; vector_fixed_prime_setup; local_expand; tcp_two_process; p1_coeff_bit_ot_sender; SPLIT_COEFF_OT; one_batched_Kos_chosen_message_OT; vector_fixed_prime_setup; local_expand,emulated TCP network
2026-07-26T08:32:49.765359+00:00,56a80d12dc147c6f4d9452798d88f387cd1c778b,RMVOLE_NET_BENCH,RM_VECTOR_OPT,split-input-coeff-ot,vector,FAST,tcp-loopback,bench,5,0,OK,PASS,16,65536,64,16,1,35.284000000000006,27.794,35.284000000000006,"max(P0,P1)_same_phase",116.84700000000001,114.26899999999999,116.84700000000001,26.528,25.279,26.528,152.13100000000003,178.65900000000002,0.0,0.0,0.0,168689,2355713,2524256,2.407318115234375,2378048,146354,INCLUDING_BASE_OT,7808,1,1,1998848,1998848,3,tcp_two_process; p0_coeff_bit_ot_receiver; SPLIT_COEFF_OT; one_batched_Kos_chosen_message_OT; vector_fixed_prime_setup; local_expand; tcp_two_process; p1_coeff_bit_ot_sender; SPLIT_COEFF_OT; one_batched_Kos_chosen_message_OT; vector_fixed_prime_setup; local_expand,emulated TCP network
2026-07-26T08:32:50.218861+00:00,56a80d12dc147c6f4d9452798d88f387cd1c778b,RMVOLE_NET_BENCH,RM_VECTOR_OPT,split-input-coeff-ot,vector,FAST,tcp-loopback,bench,6,0,OK,PASS,16,65536,64,16,1,35.399,27.918,35.399,"max(P0,P1)_same_phase",114.643,111.572,114.643,26.677,25.228,26.677,150.042,176.719,0.0,0.0,0.0,168689,2355713,2524256,2.407318115234375,2378048,146354,INCLUDING_BASE_OT,7808,1,1,1998848,1998848,3,tcp_two_process; p0_coeff_bit_ot_receiver; SPLIT_COEFF_OT; one_batched_Kos_chosen_message_OT; vector_fixed_prime_setup; local_expand; tcp_two_process; p1_coeff_bit_ot_sender; SPLIT_COEFF_OT; one_batched_Kos_chosen_message_OT; vector_fixed_prime_setup; local_expand,emulated TCP network
2026-07-26T08:32:50.672275+00:00,56a80d12dc147c6f4d9452798d88f387cd1c778b,RMVOLE_NET_BENCH,RM_VECTOR_OPT,split-input-coeff-ot,vector,FAST,tcp-loopback,bench,7,0,OK,PASS,16,65536,64,16,1,35.229000000000006,27.761999999999997,35.229000000000006,"max(P0,P1)_same_phase",121.25,115.146,121.25,26.623,25.184,26.623,156.479,183.10199999999998,0.0,0.0,0.0,168689,2355713,2524256,2.407318115234375,2378048,146354,INCLUDING_BASE_OT,7808,1,1,1998848,1998848,3,tcp_two_process; p0_coeff_bit_ot_receiver; SPLIT_COEFF_OT; one_batched_Kos_chosen_message_OT; vector_fixed_prime_setup; local_expand; tcp_two_process; p1_coeff_bit_ot_sender; SPLIT_COEFF_OT; one_batched_Kos_chosen_message_OT; vector_fixed_prime_setup; local_expand,emulated TCP network
2026-07-26T08:32:51.125741+00:00,56a80d12dc147c6f4d9452798d88f387cd1c778b,RMVOLE_NET_BENCH,RM_VECTOR_OPT,split-input-coeff-ot,vector,FAST,tcp-loopback,bench,8,0,OK,PASS,16,65536,64,16,1,35.179,27.697,35.179,"max(P0,P1)_same_phase",116.259,110.208,116.259,26.707,25.332,26.707,151.438,178.145,0.0,0.0,0.0,168689,2355713,2524256,2.407318115234375,2378048,146354,INCLUDING_BASE_OT,7808,1,1,1998848,1998848,3,tcp_two_process; p0_coeff_bit_ot_receiver; SPLIT_COEFF_OT; one_batched_Kos_chosen_message_OT; vector_fixed_prime_setup; local_expand; tcp_two_process; p1_coeff_bit_ot_sender; SPLIT_COEFF_OT; one_batched_Kos_chosen_message_OT; vector_fixed_prime_setup; local_expand,emulated TCP network
2026-07-26T08:32:51.579120+00:00,56a80d12dc147c6f4d9452798d88f387cd1c778b,RMVOLE_NET_BENCH,RM_VECTOR_OPT,split-input-coeff-ot,vector,FAST,tcp-loopback,bench,9,0,OK,PASS,16,65536,64,16,1,35.159000000000006,27.682,35.159000000000006,"max(P0,P1)_same_phase",119.21600000000001,112.52,119.21600000000001,26.568,25.35,26.568,154.375,180.944,0.0,0.0,0.0,168689,2355713,2524256,2.407318115234375,2378048,146354,INCLUDING_BASE_OT,7808,1,1,1998848,1998848,3,tcp_two_process; p0_coeff_bit_ot_receiver; SPLIT_COEFF_OT; one_batched_Kos_chosen_message_OT; vector_fixed_prime_setup; local_expand; tcp_two_process; p1_coeff_bit_ot_sender; SPLIT_COEFF_OT; one_batched_Kos_chosen_message_OT; vector_fixed_prime_setup; local_expand,emulated TCP network
2026-07-26T08:32:52.583287+00:00,56a80d12dc147c6f4d9452798d88f387cd1c778b,SILENT_SVOLE_TCP,SILENT_SVOLE,,,FAST,tcp-loopback,bench,-1,1,OK,PASS,16,65536,64,16,1,764.688,730.5120000000001,0.0,,0.0,0.0,0.0,0.0,0.0,0.0,764.6890000000001,764.688,663.0899999999999,188.767,0.0,32585488,231544,32816904,31.29663848876953,0,0,,0,0,0,0,0,0,"tcp_two_process; libOTe_SilentVole; semi_honest_128; MultType=ExConv7x24; BaseElem=u64; ExtElem=array<u64,M>; x=c; Z0=a; Z1=-b; tcp_two_process; libOTe_SilentVole; semi_honest_128; MultType=ExConv7x24; BaseElem=u64; ExtElem=array<u64,M>; x=c; Z0=a; Z1=-b",emulated TCP network
2026-07-26T08:32:53.587625+00:00,56a80d12dc147c6f4d9452798d88f387cd1c778b,SILENT_SVOLE_TCP,SILENT_SVOLE,,,FAST,tcp-loopback,bench,0,0,OK,PASS,16,65536,64,16,1,767.1179999999999,732.285,0.0,,0.0,0.0,0.0,0.0,0.0,0.0,767.1170000000001,767.1179999999999,665.567,190.133,0.0,32585488,231544,32816904,31.29663848876953,0,0,,0,0,0,0,0,0,"tcp_two_process; libOTe_SilentVole; semi_honest_128; MultType=ExConv7x24; BaseElem=u64; ExtElem=array<u64,M>; x=c; Z0=a; Z1=-b; tcp_two_process; libOTe_SilentVole; semi_honest_128; MultType=ExConv7x24; BaseElem=u64; ExtElem=array<u64,M>; x=c; Z0=a; Z1=-b",emulated TCP network
2026-07-26T08:32:54.591926+00:00,56a80d12dc147c6f4d9452798d88f387cd1c778b,SILENT_SVOLE_TCP,SILENT_SVOLE,,,FAST,tcp-loopback,bench,1,0,OK,PASS,16,65536,64,16,1,767.4870000000001,732.8710000000001,0.0,,0.0,0.0,0.0,0.0,0.0,0.0,767.4870000000001,767.4870000000001,665.653,190.463,0.0,32585488,231544,32816904,31.29663848876953,0,0,,0,0,0,0,0,0,"tcp_two_process; libOTe_SilentVole; semi_honest_128; MultType=ExConv7x24; BaseElem=u64; ExtElem=array<u64,M>; x=c; Z0=a; Z1=-b; tcp_two_process; libOTe_SilentVole; semi_honest_128; MultType=ExConv7x24; BaseElem=u64; ExtElem=array<u64,M>; x=c; Z0=a; Z1=-b",emulated TCP network
2026-07-26T08:32:55.596122+00:00,56a80d12dc147c6f4d9452798d88f387cd1c778b,SILENT_SVOLE_TCP,SILENT_SVOLE,,,FAST,tcp-loopback,bench,2,0,OK,PASS,16,65536,64,16,1,766.765,732.371,0.0,,0.0,0.0,0.0,0.0,0.0,0.0,766.765,766.765,665.802,190.199,0.0,32585488,231544,32816904,31.29663848876953,0,0,,0,0,0,0,0,0,"tcp_two_process; libOTe_SilentVole; semi_honest_128; MultType=ExConv7x24; BaseElem=u64; ExtElem=array<u64,M>; x=c; Z0=a; Z1=-b; tcp_two_process; libOTe_SilentVole; semi_honest_128; MultType=ExConv7x24; BaseElem=u64; ExtElem=array<u64,M>; x=c; Z0=a; Z1=-b",emulated TCP network
2026-07-26T08:32:56.600218+00:00,56a80d12dc147c6f4d9452798d88f387cd1c778b,SILENT_SVOLE_TCP,SILENT_SVOLE,,,FAST,tcp-loopback,bench,3,0,OK,PASS,16,65536,64,16,1,766.904,734.525,0.0,,0.0,0.0,0.0,0.0,0.0,0.0,766.9050000000001,766.904,667.31,188.918,0.0,32585488,231544,32816904,31.29663848876953,0,0,,0,0,0,0,0,0,"tcp_two_process; libOTe_SilentVole; semi_honest_128; MultType=ExConv7x24; BaseElem=u64; ExtElem=array<u64,M>; x=c; Z0=a; Z1=-b; tcp_two_process; libOTe_SilentVole; semi_honest_128; MultType=ExConv7x24; BaseElem=u64; ExtElem=array<u64,M>; x=c; Z0=a; Z1=-b",emulated TCP network
2026-07-26T08:32:57.604433+00:00,56a80d12dc147c6f4d9452798d88f387cd1c778b,SILENT_SVOLE_TCP,SILENT_SVOLE,,,FAST,tcp-loopback,bench,4,0,OK,PASS,16,65536,64,16,1,766.225,732.77,0.0,,0.0,0.0,0.0,0.0,0.0,0.0,766.225,766.225,666.1510000000001,189.35299999999998,0.0,32585488,231544,32816904,31.29663848876953,0,0,,0,0,0,0,0,0,"tcp_two_process; libOTe_SilentVole; semi_honest_128; MultType=ExConv7x24; BaseElem=u64; ExtElem=array<u64,M>; x=c; Z0=a; Z1=-b; tcp_two_process; libOTe_SilentVole; semi_honest_128; MultType=ExConv7x24; BaseElem=u64; ExtElem=array<u64,M>; x=c; Z0=a; Z1=-b",emulated TCP network
2026-07-26T08:32:58.608572+00:00,56a80d12dc147c6f4d9452798d88f387cd1c778b,SILENT_SVOLE_TCP,SILENT_SVOLE,,,FAST,tcp-loopback,bench,5,0,OK,PASS,16,65536,64,16,1,771.331,732.464,0.0,,0.0,0.0,0.0,0.0,0.0,0.0,771.332,771.331,664.219,193.39999999999998,0.0,32585488,231544,32816904,31.29663848876953,0,0,,0,0,0,0,0,0,"tcp_two_process; libOTe_SilentVole; semi_honest_128; MultType=ExConv7x24; BaseElem=u64; ExtElem=array<u64,M>; x=c; Z0=a; Z1=-b; tcp_two_process; libOTe_SilentVole; semi_honest_128; MultType=ExConv7x24; BaseElem=u64; ExtElem=array<u64,M>; x=c; Z0=a; Z1=-b",emulated TCP network
2026-07-26T08:32:59.612856+00:00,56a80d12dc147c6f4d9452798d88f387cd1c778b,SILENT_SVOLE_TCP,SILENT_SVOLE,,,FAST,tcp-loopback,bench,6,0,OK,PASS,16,65536,64,16,1,766.925,732.6329999999999,0.0,,0.0,0.0,0.0,0.0,0.0,0.0,766.925,766.925,665.577,190.31699999999998,0.0,32585488,231544,32816904,31.29663848876953,0,0,,0,0,0,0,0,0,"tcp_two_process; libOTe_SilentVole; semi_honest_128; MultType=ExConv7x24; BaseElem=u64; ExtElem=array<u64,M>; x=c; Z0=a; Z1=-b; tcp_two_process; libOTe_SilentVole; semi_honest_128; MultType=ExConv7x24; BaseElem=u64; ExtElem=array<u64,M>; x=c; Z0=a; Z1=-b",emulated TCP network
2026-07-26T08:33:00.617078+00:00,56a80d12dc147c6f4d9452798d88f387cd1c778b,SILENT_SVOLE_TCP,SILENT_SVOLE,,,FAST,tcp-loopback,bench,7,0,OK,PASS,16,65536,64,16,1,766.6650000000001,733.8789999999999,0.0,,0.0,0.0,0.0,0.0,0.0,0.0,766.6650000000001,766.6650000000001,665.57,190.666,0.0,32585488,231544,32816904,31.29663848876953,0,0,,0,0,0,0,0,0,"tcp_two_process; libOTe_SilentVole; semi_honest_128; MultType=ExConv7x24; BaseElem=u64; ExtElem=array<u64,M>; x=c; Z0=a; Z1=-b; tcp_two_process; libOTe_SilentVole; semi_honest_128; MultType=ExConv7x24; BaseElem=u64; ExtElem=array<u64,M>; x=c; Z0=a; Z1=-b",emulated TCP network
2026-07-26T08:33:01.621288+00:00,56a80d12dc147c6f4d9452798d88f387cd1c778b,SILENT_SVOLE_TCP,SILENT_SVOLE,,,FAST,tcp-loopback,bench,8,0,OK,PASS,16,65536,64,16,1,770.282,728.2370000000001,0.0,,0.0,0.0,0.0,0.0,0.0,0.0,770.282,770.282,661.663,194.542,0.0,32585488,231544,32816904,31.29663848876953,0,0,,0,0,0,0,0,0,"tcp_two_process; libOTe_SilentVole; semi_honest_128; MultType=ExConv7x24; BaseElem=u64; ExtElem=array<u64,M>; x=c; Z0=a; Z1=-b; tcp_two_process; libOTe_SilentVole; semi_honest_128; MultType=ExConv7x24; BaseElem=u64; ExtElem=array<u64,M>; x=c; Z0=a; Z1=-b",emulated TCP network
2026-07-26T08:33:02.625550+00:00,56a80d12dc147c6f4d9452798d88f387cd1c778b,SILENT_SVOLE_TCP,SILENT_SVOLE,,,FAST,tcp-loopback,bench,9,0,OK,PASS,16,65536,64,16,1,767.361,729.318,0.0,,0.0,0.0,0.0,0.0,0.0,0.0,767.361,767.361,661.19,191.87199999999999,0.0,32585488,231544,32816904,31.29663848876953,0,0,,0,0,0,0,0,0,"tcp_two_process; libOTe_SilentVole; semi_honest_128; MultType=ExConv7x24; BaseElem=u64; ExtElem=array<u64,M>; x=c; Z0=a; Z1=-b; tcp_two_process; libOTe_SilentVole; semi_honest_128; MultType=ExConv7x24; BaseElem=u64; ExtElem=array<u64,M>; x=c; Z0=a; Z1=-b",emulated TCP network
2026-07-26T08:33:03.229224+00:00,56a80d12dc147c6f4d9452798d88f387cd1c778b,RMVOLE_NET_BENCH,RM_VECTOR_GENERIC_SPLIT,split-input-vole,vector,FAST,tcp-loopback,bench,-1,1,OK,PASS,16,65536,64,16,1,124.65700000000001,175.072,175.072,"max(P0,P1)_same_phase",155.74099999999999,105.40299999999999,155.74099999999999,26.523999999999997,25.533,26.523999999999997,330.813,306.92199999999997,0.0,0.0,0.0,16820977,137457,16958288,16.172683715820312,16812080,146354,,0,0,0,0,0,0,"tcp_two_process; p0_noisy_vole_receiver; real_libOTe_NoisyVole_split_input_length_2t; F=array<u64,M>; G=u64; vector_fixed_prime_setup; local_expand; tcp_two_process; p1_noisy_vole_sender; real_libOTe_NoisyVole_split_input_length_2t; F=array<u64,M>; G=u64; vector_fixed_prime_setup; local_expand",emulated TCP network
2026-07-26T08:33:03.833092+00:00,56a80d12dc147c6f4d9452798d88f387cd1c778b,RMVOLE_NET_BENCH,RM_VECTOR_GENERIC_SPLIT,split-input-vole,vector,FAST,tcp-loopback,bench,0,0,OK,PASS,16,65536,64,16,1,124.632,175.31199999999998,175.31199999999998,"max(P0,P1)_same_phase",156.189,107.296,156.189,26.865,25.763,26.865,331.501,308.37199999999996,0.0,0.0,0.0,16820977,137457,16958288,16.172683715820312,16812080,146354,,0,0,0,0,0,0,"tcp_two_process; p0_noisy_vole_receiver; real_libOTe_NoisyVole_split_input_length_2t; F=array<u64,M>; G=u64; vector_fixed_prime_setup; local_expand; tcp_two_process; p1_noisy_vole_sender; real_libOTe_NoisyVole_split_input_length_2t; F=array<u64,M>; G=u64; vector_fixed_prime_setup; local_expand",emulated TCP network
2026-07-26T08:33:04.436873+00:00,56a80d12dc147c6f4d9452798d88f387cd1c778b,RMVOLE_NET_BENCH,RM_VECTOR_GENERIC_SPLIT,split-input-vole,vector,FAST,tcp-loopback,bench,1,0,OK,PASS,16,65536,64,16,1,125.089,174.904,174.904,"max(P0,P1)_same_phase",151.881,102.556,151.881,26.46,25.615,26.46,326.78499999999997,303.42999999999995,0.0,0.0,0.0,16820977,137457,16958288,16.172683715820312,16812080,146354,,0,0,0,0,0,0,"tcp_two_process; p0_noisy_vole_receiver; real_libOTe_NoisyVole_split_input_length_2t; F=array<u64,M>; G=u64; vector_fixed_prime_setup; local_expand; tcp_two_process; p1_noisy_vole_sender; real_libOTe_NoisyVole_split_input_length_2t; F=array<u64,M>; G=u64; vector_fixed_prime_setup; local_expand",emulated TCP network
2026-07-26T08:33:05.040812+00:00,56a80d12dc147c6f4d9452798d88f387cd1c778b,RMVOLE_NET_BENCH,RM_VECTOR_GENERIC_SPLIT,split-input-vole,vector,FAST,tcp-loopback,bench,2,0,OK,PASS,16,65536,64,16,1,124.903,174.954,174.954,"max(P0,P1)_same_phase",152.127,102.524,152.127,26.666,25.561,26.666,327.081,303.697,0.0,0.0,0.0,16820977,137457,16958288,16.172683715820312,16812080,146354,,0,0,0,0,0,0,"tcp_two_process; p0_noisy_vole_receiver; real_libOTe_NoisyVole_split_input_length_2t; F=array<u64,M>; G=u64; vector_fixed_prime_setup; local_expand; tcp_two_process; p1_noisy_vole_sender; real_libOTe_NoisyVole_split_input_length_2t; F=array<u64,M>; G=u64; vector_fixed_prime_setup; local_expand",emulated TCP network
2026-07-26T08:33:05.644550+00:00,56a80d12dc147c6f4d9452798d88f387cd1c778b,RMVOLE_NET_BENCH,RM_VECTOR_GENERIC_SPLIT,split-input-vole,vector,FAST,tcp-loopback,bench,3,0,OK,PASS,16,65536,64,16,1,124.377,174.431,174.431,"max(P0,P1)_same_phase",153.014,104.287,153.014,26.477,25.500999999999998,26.477,327.44500000000005,304.21999999999997,0.0,0.0,0.0,16820977,137457,16958288,16.172683715820312,16812080,146354,,0,0,0,0,0,0,"tcp_two_process; p0_noisy_vole_receiver; real_libOTe_NoisyVole_split_input_length_2t; F=array<u64,M>; G=u64; vector_fixed_prime_setup; local_expand; tcp_two_process; p1_noisy_vole_sender; real_libOTe_NoisyVole_split_input_length_2t; F=array<u64,M>; G=u64; vector_fixed_prime_setup; local_expand",emulated TCP network
2026-07-26T08:33:06.248294+00:00,56a80d12dc147c6f4d9452798d88f387cd1c778b,RMVOLE_NET_BENCH,RM_VECTOR_GENERIC_SPLIT,split-input-vole,vector,FAST,tcp-loopback,bench,4,0,OK,PASS,16,65536,64,16,1,124.35000000000001,174.745,174.745,"max(P0,P1)_same_phase",153.941,103.615,153.941,26.446,25.494,26.446,328.68600000000004,304.73699999999997,0.0,0.0,0.0,16820977,137457,16958288,16.172683715820312,16812080,146354,,0,0,0,0,0,0,"tcp_two_process; p0_noisy_vole_receiver; real_libOTe_NoisyVole_split_input_length_2t; F=array<u64,M>; G=u64; vector_fixed_prime_setup; local_expand; tcp_two_process; p1_noisy_vole_sender; real_libOTe_NoisyVole_split_input_length_2t; F=array<u64,M>; G=u64; vector_fixed_prime_setup; local_expand",emulated TCP network
2026-07-26T08:33:06.852008+00:00,56a80d12dc147c6f4d9452798d88f387cd1c778b,RMVOLE_NET_BENCH,RM_VECTOR_GENERIC_SPLIT,split-input-vole,vector,FAST,tcp-loopback,bench,5,0,OK,PASS,16,65536,64,16,1,124.942,175.69299999999998,175.69299999999998,"max(P0,P1)_same_phase",152.10899999999998,102.415,152.10899999999998,26.537000000000003,25.571,26.537000000000003,327.80199999999996,303.679,0.0,0.0,0.0,16820977,137457,16958288,16.172683715820312,16812080,146354,,0,0,0,0,0,0,"tcp_two_process; p0_noisy_vole_receiver; real_libOTe_NoisyVole_split_input_length_2t; F=array<u64,M>; G=u64; vector_fixed_prime_setup; local_expand; tcp_two_process; p1_noisy_vole_sender; real_libOTe_NoisyVole_split_input_length_2t; F=array<u64,M>; G=u64; vector_fixed_prime_setup; local_expand",emulated TCP network
2026-07-26T08:33:07.455697+00:00,56a80d12dc147c6f4d9452798d88f387cd1c778b,RMVOLE_NET_BENCH,RM_VECTOR_GENERIC_SPLIT,split-input-vole,vector,FAST,tcp-loopback,bench,6,0,OK,PASS,16,65536,64,16,1,124.663,174.72899999999998,174.72899999999998,"max(P0,P1)_same_phase",153.659,104.50800000000001,153.659,26.586,25.506,26.586,328.388,304.907,0.0,0.0,0.0,16820977,137457,16958288,16.172683715820312,16812080,146354,,0,0,0,0,0,0,"tcp_two_process; p0_noisy_vole_receiver; real_libOTe_NoisyVole_split_input_length_2t; F=array<u64,M>; G=u64; vector_fixed_prime_setup; local_expand; tcp_two_process; p1_noisy_vole_sender; real_libOTe_NoisyVole_split_input_length_2t; F=array<u64,M>; G=u64; vector_fixed_prime_setup; local_expand",emulated TCP network
2026-07-26T08:33:08.059340+00:00,56a80d12dc147c6f4d9452798d88f387cd1c778b,RMVOLE_NET_BENCH,RM_VECTOR_GENERIC_SPLIT,split-input-vole,vector,FAST,tcp-loopback,bench,7,0,OK,PASS,16,65536,64,16,1,124.977,175.22,175.22,"max(P0,P1)_same_phase",153.031,104.586,153.031,26.634,25.644,26.634,328.251,305.45099999999996,0.0,0.0,0.0,16820977,137457,16958288,16.172683715820312,16812080,146354,,0,0,0,0,0,0,"tcp_two_process; p0_noisy_vole_receiver; real_libOTe_NoisyVole_split_input_length_2t; F=array<u64,M>; G=u64; vector_fixed_prime_setup; local_expand; tcp_two_process; p1_noisy_vole_sender; real_libOTe_NoisyVole_split_input_length_2t; F=array<u64,M>; G=u64; vector_fixed_prime_setup; local_expand",emulated TCP network
2026-07-26T08:33:08.663026+00:00,56a80d12dc147c6f4d9452798d88f387cd1c778b,RMVOLE_NET_BENCH,RM_VECTOR_GENERIC_SPLIT,split-input-vole,vector,FAST,tcp-loopback,bench,8,0,OK,PASS,16,65536,64,16,1,124.94800000000001,175.096,175.096,"max(P0,P1)_same_phase",146.29,100.983,146.29,26.495,25.366,26.495,321.38599999999997,301.44599999999997,0.0,0.0,0.0,16820977,137457,16958288,16.172683715820312,16812080,146354,,0,0,0,0,0,0,"tcp_two_process; p0_noisy_vole_receiver; real_libOTe_NoisyVole_split_input_length_2t; F=array<u64,M>; G=u64; vector_fixed_prime_setup; local_expand; tcp_two_process; p1_noisy_vole_sender; real_libOTe_NoisyVole_split_input_length_2t; F=array<u64,M>; G=u64; vector_fixed_prime_setup; local_expand",emulated TCP network
2026-07-26T08:33:09.267011+00:00,56a80d12dc147c6f4d9452798d88f387cd1c778b,RMVOLE_NET_BENCH,RM_VECTOR_GENERIC_SPLIT,split-input-vole,vector,FAST,tcp-loopback,bench,9,0,OK,PASS,16,65536,64,16,1,124.567,174.83,174.83,"max(P0,P1)_same_phase",145.872,100.88900000000001,145.872,26.463,25.442,26.463,320.702,301.161,0.0,0.0,0.0,16820977,137457,16958288,16.172683715820312,16812080,146354,,0,0,0,0,0,0,"tcp_two_process; p0_noisy_vole_receiver; real_libOTe_NoisyVole_split_input_length_2t; F=array<u64,M>; G=u64; vector_fixed_prime_setup; local_expand; tcp_two_process; p1_noisy_vole_sender; real_libOTe_NoisyVole_split_input_length_2t; F=array<u64,M>; G=u64; vector_fixed_prime_setup; local_expand",emulated TCP network
2026-07-26T08:33:09.820741+00:00,56a80d12dc147c6f4d9452798d88f387cd1c778b,RMVOLE_NET_BENCH,RM_VECTOR_OPT,split-input-coeff-ot,vector,FAST,tcp-loopback,bench,-1,1,OK,PASS,16,65536,64,32,1,40.922,33.083,40.922,"max(P0,P1)_same_phase",134.78699999999998,129.821,134.78699999999998,52.629000000000005,51.452,52.629000000000005,175.70899999999997,228.339,0.0,0.0,0.0,168817,4420097,4588640,2.1880340576171875,4376896,212018,INCLUDING_BASE_OT,7808,1,1,3997696,3997696,3,tcp_two_process; p0_coeff_bit_ot_receiver; SPLIT_COEFF_OT; one_batched_Kos_chosen_message_OT; vector_fixed_prime_setup; local_expand; tcp_two_process; p1_coeff_bit_ot_sender; SPLIT_COEFF_OT; one_batched_Kos_chosen_message_OT; vector_fixed_prime_setup; local_expand,emulated TCP network
2026-07-26T08:33:10.374466+00:00,56a80d12dc147c6f4d9452798d88f387cd1c778b,RMVOLE_NET_BENCH,RM_VECTOR_OPT,split-input-coeff-ot,vector,FAST,tcp-loopback,bench,0,0,OK,PASS,16,65536,64,32,1,40.912,33.099999999999994,40.912,"max(P0,P1)_same_phase",136.236,134.52800000000002,136.236,52.969,51.449000000000005,52.969,177.148,230.11599999999999,0.0,0.0,0.0,168817,4420097,4588640,2.1880340576171875,4376896,212018,INCLUDING_BASE_OT,7808,1,1,3997696,3997696,3,tcp_two_process; p0_coeff_bit_ot_receiver; SPLIT_COEFF_OT; one_batched_Kos_chosen_message_OT; vector_fixed_prime_setup; local_expand; tcp_two_process; p1_coeff_bit_ot_sender; SPLIT_COEFF_OT; one_batched_Kos_chosen_message_OT; vector_fixed_prime_setup; local_expand,emulated TCP network
2026-07-26T08:33:10.928114+00:00,56a80d12dc147c6f4d9452798d88f387cd1c778b,RMVOLE_NET_BENCH,RM_VECTOR_OPT,split-input-coeff-ot,vector,FAST,tcp-loopback,bench,1,0,OK,PASS,16,65536,64,32,1,41.043000000000006,33.230000000000004,41.043000000000006,"max(P0,P1)_same_phase",140.099,135.113,140.099,52.712,52.248999999999995,52.712,181.142,233.853,0.0,0.0,0.0,168817,4420097,4588640,2.1880340576171875,4376896,212018,INCLUDING_BASE_OT,7808,1,1,3997696,3997696,3,tcp_two_process; p0_coeff_bit_ot_receiver; SPLIT_COEFF_OT; one_batched_Kos_chosen_message_OT; vector_fixed_prime_setup; local_expand; tcp_two_process; p1_coeff_bit_ot_sender; SPLIT_COEFF_OT; one_batched_Kos_chosen_message_OT; vector_fixed_prime_setup; local_expand,emulated TCP network
2026-07-26T08:33:11.481783+00:00,56a80d12dc147c6f4d9452798d88f387cd1c778b,RMVOLE_NET_BENCH,RM_VECTOR_OPT,split-input-coeff-ot,vector,FAST,tcp-loopback,bench,2,0,OK,PASS,16,65536,64,32,1,40.923,32.844,40.923,"max(P0,P1)_same_phase",133.221,132.545,133.221,52.849,51.408,52.849,174.144,226.993,0.0,0.0,0.0,168817,4420097,4588640,2.1880340576171875,4376896,212018,INCLUDING_BASE_OT,7808,1,1,3997696,3997696,3,tcp_two_process; p0_coeff_bit_ot_receiver; SPLIT_COEFF_OT; one_batched_Kos_chosen_message_OT; vector_fixed_prime_setup; local_expand; tcp_two_process; p1_coeff_bit_ot_sender; SPLIT_COEFF_OT; one_batched_Kos_chosen_message_OT; vector_fixed_prime_setup; local_expand,emulated TCP network
2026-07-26T08:33:12.035544+00:00,56a80d12dc147c6f4d9452798d88f387cd1c778b,RMVOLE_NET_BENCH,RM_VECTOR_OPT,split-input-coeff-ot,vector,FAST,tcp-loopback,bench,3,0,OK,PASS,16,65536,64,32,1,40.974999999999994,33.113,40.974999999999994,"max(P0,P1)_same_phase",137.776,134.442,137.776,53.129000000000005,51.6,53.129000000000005,178.751,231.88,0.0,0.0,0.0,168817,4420097,4588640,2.1880340576171875,4376896,212018,INCLUDING_BASE_OT,7808,1,1,3997696,3997696,3,tcp_two_process; p0_coeff_bit_ot_receiver; SPLIT_COEFF_OT; one_batched_Kos_chosen_message_OT; vector_fixed_prime_setup; local_expand; tcp_two_process; p1_coeff_bit_ot_sender; SPLIT_COEFF_OT; one_batched_Kos_chosen_message_OT; vector_fixed_prime_setup; local_expand,emulated TCP network
2026-07-26T08:33:12.589203+00:00,56a80d12dc147c6f4d9452798d88f387cd1c778b,RMVOLE_NET_BENCH,RM_VECTOR_OPT,split-input-coeff-ot,vector,FAST,tcp-loopback,bench,4,0,OK,PASS,16,65536,64,32,1,40.825,32.584,40.825,"max(P0,P1)_same_phase",134.299,130.25,134.299,52.552,51.132,52.552,175.12400000000002,227.67499999999998,0.0,0.0,0.0,168817,4420097,4588640,2.1880340576171875,4376896,212018,INCLUDING_BASE_OT,7808,1,1,3997696,3997696,3,tcp_two_process; p0_coeff_bit_ot_receiver; SPLIT_COEFF_OT; one_batched_Kos_chosen_message_OT; vector_fixed_prime_setup; local_expand; tcp_two_process; p1_coeff_bit_ot_sender; SPLIT_COEFF_OT; one_batched_Kos_chosen_message_OT; vector_fixed_prime_setup; local_expand,emulated TCP network
2026-07-26T08:33:13.142699+00:00,56a80d12dc147c6f4d9452798d88f387cd1c778b,RMVOLE_NET_BENCH,RM_VECTOR_OPT,split-input-coeff-ot,vector,FAST,tcp-loopback,bench,5,0,OK,PASS,16,65536,64,32,1,41.065,33.248,41.065,"max(P0,P1)_same_phase",137.587,134.006,137.587,52.748999999999995,51.778,52.748999999999995,178.652,231.40099999999998,0.0,0.0,0.0,168817,4420097,4588640,2.1880340576171875,4376896,212018,INCLUDING_BASE_OT,7808,1,1,3997696,3997696,3,tcp_two_process; p0_coeff_bit_ot_receiver; SPLIT_COEFF_OT; one_batched_Kos_chosen_message_OT; vector_fixed_prime_setup; local_expand; tcp_two_process; p1_coeff_bit_ot_sender; SPLIT_COEFF_OT; one_batched_Kos_chosen_message_OT; vector_fixed_prime_setup; local_expand,emulated TCP network
2026-07-26T08:33:13.696388+00:00,56a80d12dc147c6f4d9452798d88f387cd1c778b,RMVOLE_NET_BENCH,RM_VECTOR_OPT,split-input-coeff-ot,vector,FAST,tcp-loopback,bench,6,0,OK,PASS,16,65536,64,32,1,41.251000000000005,33.365,41.251000000000005,"max(P0,P1)_same_phase",143.516,135.06799999999998,143.516,52.873000000000005,51.606,52.873000000000005,184.767,237.64,0.0,0.0,0.0,168817,4420097,4588640,2.1880340576171875,4376896,212018,INCLUDING_BASE_OT,7808,1,1,3997696,3997696,3,tcp_two_process; p0_coeff_bit_ot_receiver; SPLIT_COEFF_OT; one_batched_Kos_chosen_message_OT; vector_fixed_prime_setup; local_expand; tcp_two_process; p1_coeff_bit_ot_sender; SPLIT_COEFF_OT; one_batched_Kos_chosen_message_OT; vector_fixed_prime_setup; local_expand,emulated TCP network
2026-07-26T08:33:14.250314+00:00,56a80d12dc147c6f4d9452798d88f387cd1c778b,RMVOLE_NET_BENCH,RM_VECTOR_OPT,split-input-coeff-ot,vector,FAST,tcp-loopback,bench,7,0,OK,PASS,16,65536,64,32,1,41.018,33.230000000000004,41.018,"max(P0,P1)_same_phase",136.198,135.556,136.198,52.558,51.66,52.558,177.216,229.775,0.0,0.0,0.0,168817,4420097,4588640,2.1880340576171875,4376896,212018,INCLUDING_BASE_OT,7808,1,1,3997696,3997696,3,tcp_two_process; p0_coeff_bit_ot_receiver; SPLIT_COEFF_OT; one_batched_Kos_chosen_message_OT; vector_fixed_prime_setup; local_expand; tcp_two_process; p1_coeff_bit_ot_sender; SPLIT_COEFF_OT; one_batched_Kos_chosen_message_OT; vector_fixed_prime_setup; local_expand,emulated TCP network
2026-07-26T08:33:14.804028+00:00,56a80d12dc147c6f4d9452798d88f387cd1c778b,RMVOLE_NET_BENCH,RM_VECTOR_OPT,split-input-coeff-ot,vector,FAST,tcp-loopback,bench,8,0,OK,PASS,16,65536,64,32,1,41.084,33.211,41.084,"max(P0,P1)_same_phase",138.67,130.73399999999998,138.67,52.684000000000005,51.318000000000005,52.684000000000005,179.754,232.437,0.0,0.0,0.0,168817,4420097,4588640,2.1880340576171875,4376896,212018,INCLUDING_BASE_OT,7808,1,1,3997696,3997696,3,tcp_two_process; p0_coeff_bit_ot_receiver; SPLIT_COEFF_OT; one_batched_Kos_chosen_message_OT; vector_fixed_prime_setup; local_expand; tcp_two_process; p1_coeff_bit_ot_sender; SPLIT_COEFF_OT; one_batched_Kos_chosen_message_OT; vector_fixed_prime_setup; local_expand,emulated TCP network
2026-07-26T08:33:15.357890+00:00,56a80d12dc147c6f4d9452798d88f387cd1c778b,RMVOLE_NET_BENCH,RM_VECTOR_OPT,split-input-coeff-ot,vector,FAST,tcp-loopback,bench,9,0,OK,PASS,16,65536,64,32,1,40.844,32.733,40.844,"max(P0,P1)_same_phase",136.35,135.43,136.35,52.57,51.454,52.57,177.194,229.764,0.0,0.0,0.0,168817,4420097,4588640,2.1880340576171875,4376896,212018,INCLUDING_BASE_OT,7808,1,1,3997696,3997696,3,tcp_two_process; p0_coeff_bit_ot_receiver; SPLIT_COEFF_OT; one_batched_Kos_chosen_message_OT; vector_fixed_prime_setup; local_expand; tcp_two_process; p1_coeff_bit_ot_sender; SPLIT_COEFF_OT; one_batched_Kos_chosen_message_OT; vector_fixed_prime_setup; local_expand,emulated TCP network
2026-07-26T08:33:16.912977+00:00,56a80d12dc147c6f4d9452798d88f387cd1c778b,SILENT_SVOLE_TCP,SILENT_SVOLE,,,FAST,tcp-loopback,bench,-1,1,OK,PASS,16,65536,64,32,1,1330.0149999999999,1289.477,0.0,,0.0,0.0,0.0,0.0,0.0,0.0,1330.0149999999999,1330.0149999999999,1208.213,392.928,0.0,130103184,391288,130494216,62.224491119384766,0,0,,0,0,0,0,0,0,"tcp_two_process; libOTe_SilentVole; semi_honest_128; MultType=ExConv7x24; BaseElem=u64; ExtElem=array<u64,M>; x=c; Z0=a; Z1=-b; tcp_two_process; libOTe_SilentVole; semi_honest_128; MultType=ExConv7x24; BaseElem=u64; ExtElem=array<u64,M>; x=c; Z0=a; Z1=-b",emulated TCP network
2026-07-26T08:33:18.469000+00:00,56a80d12dc147c6f4d9452798d88f387cd1c778b,SILENT_SVOLE_TCP,SILENT_SVOLE,,,FAST,tcp-loopback,bench,0,0,OK,PASS,16,65536,64,32,1,1335.0010000000002,1294.906,0.0,,0.0,0.0,0.0,0.0,0.0,0.0,1335.0,1335.0010000000002,1211.5149999999999,396.04200000000003,0.0,130103184,391288,130494216,62.224491119384766,0,0,,0,0,0,0,0,0,"tcp_two_process; libOTe_SilentVole; semi_honest_128; MultType=ExConv7x24; BaseElem=u64; ExtElem=array<u64,M>; x=c; Z0=a; Z1=-b; tcp_two_process; libOTe_SilentVole; semi_honest_128; MultType=ExConv7x24; BaseElem=u64; ExtElem=array<u64,M>; x=c; Z0=a; Z1=-b",emulated TCP network
2026-07-26T08:33:20.024879+00:00,56a80d12dc147c6f4d9452798d88f387cd1c778b,SILENT_SVOLE_TCP,SILENT_SVOLE,,,FAST,tcp-loopback,bench,1,0,OK,PASS,16,65536,64,32,1,1335.5710000000001,1296.0179999999998,0.0,,0.0,0.0,0.0,0.0,0.0,0.0,1335.5710000000001,1335.5710000000001,1213.077,394.367,0.0,130103184,391288,130494216,62.224491119384766,0,0,,0,0,0,0,0,0,"tcp_two_process; libOTe_SilentVole; semi_honest_128; MultType=ExConv7x24; BaseElem=u64; ExtElem=array<u64,M>; x=c; Z0=a; Z1=-b; tcp_two_process; libOTe_SilentVole; semi_honest_128; MultType=ExConv7x24; BaseElem=u64; ExtElem=array<u64,M>; x=c; Z0=a; Z1=-b",emulated TCP network
2026-07-26T08:33:21.580905+00:00,56a80d12dc147c6f4d9452798d88f387cd1c778b,SILENT_SVOLE_TCP,SILENT_SVOLE,,,FAST,tcp-loopback,bench,2,0,OK,PASS,16,65536,64,32,1,1331.923,1294.754,0.0,,0.0,0.0,0.0,0.0,0.0,0.0,1331.923,1331.923,1211.307,392.298,0.0,130103184,391288,130494216,62.224491119384766,0,0,,0,0,0,0,0,0,"tcp_two_process; libOTe_SilentVole; semi_honest_128; MultType=ExConv7x24; BaseElem=u64; ExtElem=array<u64,M>; x=c; Z0=a; Z1=-b; tcp_two_process; libOTe_SilentVole; semi_honest_128; MultType=ExConv7x24; BaseElem=u64; ExtElem=array<u64,M>; x=c; Z0=a; Z1=-b",emulated TCP network
2026-07-26T08:33:23.136767+00:00,56a80d12dc147c6f4d9452798d88f387cd1c778b,SILENT_SVOLE_TCP,SILENT_SVOLE,,,FAST,tcp-loopback,bench,3,0,OK,PASS,16,65536,64,32,1,1334.889,1295.1209999999999,0.0,,0.0,0.0,0.0,0.0,0.0,0.0,1334.889,1334.889,1210.9650000000001,395.002,0.0,130103184,391288,130494216,62.224491119384766,0,0,,0,0,0,0,0,0,"tcp_two_process; libOTe_SilentVole; semi_honest_128; MultType=ExConv7x24; BaseElem=u64; ExtElem=array<u64,M>; x=c; Z0=a; Z1=-b; tcp_two_process; libOTe_SilentVole; semi_honest_128; MultType=ExConv7x24; BaseElem=u64; ExtElem=array<u64,M>; x=c; Z0=a; Z1=-b",emulated TCP network
2026-07-26T08:33:24.692594+00:00,56a80d12dc147c6f4d9452798d88f387cd1c778b,SILENT_SVOLE_TCP,SILENT_SVOLE,,,FAST,tcp-loopback,bench,4,0,OK,PASS,16,65536,64,32,1,1336.0320000000002,1296.9299999999998,0.0,,0.0,0.0,0.0,0.0,0.0,0.0,1336.0320000000002,1336.0320000000002,1213.564,394.14500000000004,0.0,130103184,391288,130494216,62.224491119384766,0,0,,0,0,0,0,0,0,"tcp_two_process; libOTe_SilentVole; semi_honest_128; MultType=ExConv7x24; BaseElem=u64; ExtElem=array<u64,M>; x=c; Z0=a; Z1=-b; tcp_two_process; libOTe_SilentVole; semi_honest_128; MultType=ExConv7x24; BaseElem=u64; ExtElem=array<u64,M>; x=c; Z0=a; Z1=-b",emulated TCP network
2026-07-26T08:33:26.248495+00:00,56a80d12dc147c6f4d9452798d88f387cd1c778b,SILENT_SVOLE_TCP,SILENT_SVOLE,,,FAST,tcp-loopback,bench,5,0,OK,PASS,16,65536,64,32,1,1336.295,1297.334,0.0,,0.0,0.0,0.0,0.0,0.0,0.0,1336.295,1336.295,1213.3210000000001,394.45799999999997,0.0,130103184,391288,130494216,62.224491119384766,0,0,,0,0,0,0,0,0,"tcp_two_process; libOTe_SilentVole; semi_honest_128; MultType=ExConv7x24; BaseElem=u64; ExtElem=array<u64,M>; x=c; Z0=a; Z1=-b; tcp_two_process; libOTe_SilentVole; semi_honest_128; MultType=ExConv7x24; BaseElem=u64; ExtElem=array<u64,M>; x=c; Z0=a; Z1=-b",emulated TCP network
2026-07-26T08:33:27.804202+00:00,56a80d12dc147c6f4d9452798d88f387cd1c778b,SILENT_SVOLE_TCP,SILENT_SVOLE,,,FAST,tcp-loopback,bench,6,0,OK,PASS,16,65536,64,32,1,1336.202,1290.981,0.0,,0.0,0.0,0.0,0.0,0.0,0.0,1336.201,1336.202,1208.349,394.288,0.0,130103184,391288,130494216,62.224491119384766,0,0,,0,0,0,0,0,0,"tcp_two_process; libOTe_SilentVole; semi_honest_128; MultType=ExConv7x24; BaseElem=u64; ExtElem=array<u64,M>; x=c; Z0=a; Z1=-b; tcp_two_process; libOTe_SilentVole; semi_honest_128; MultType=ExConv7x24; BaseElem=u64; ExtElem=array<u64,M>; x=c; Z0=a; Z1=-b",emulated TCP network
2026-07-26T08:33:29.360110+00:00,56a80d12dc147c6f4d9452798d88f387cd1c778b,SILENT_SVOLE_TCP,SILENT_SVOLE,,,FAST,tcp-loopback,bench,7,0,OK,PASS,16,65536,64,32,1,1333.5330000000001,1299.689,0.0,,0.0,0.0,0.0,0.0,0.0,0.0,1333.5330000000001,1333.5330000000001,1214.296,393.858,0.0,130103184,391288,130494216,62.224491119384766,0,0,,0,0,0,0,0,0,"tcp_two_process; libOTe_SilentVole; semi_honest_128; MultType=ExConv7x24; BaseElem=u64; ExtElem=array<u64,M>; x=c; Z0=a; Z1=-b; tcp_two_process; libOTe_SilentVole; semi_honest_128; MultType=ExConv7x24; BaseElem=u64; ExtElem=array<u64,M>; x=c; Z0=a; Z1=-b",emulated TCP network
2026-07-26T08:33:30.915929+00:00,56a80d12dc147c6f4d9452798d88f387cd1c778b,SILENT_SVOLE_TCP,SILENT_SVOLE,,,FAST,tcp-loopback,bench,8,0,OK,PASS,16,65536,64,32,1,1336.8660000000002,1302.208,0.0,,0.0,0.0,0.0,0.0,0.0,0.0,1336.8660000000002,1336.8660000000002,1218.0230000000001,395.498,0.0,130103184,391288,130494216,62.224491119384766,0,0,,0,0,0,0,0,0,"tcp_two_process; libOTe_SilentVole; semi_honest_128; MultType=ExConv7x24; BaseElem=u64; ExtElem=array<u64,M>; x=c; Z0=a; Z1=-b; tcp_two_process; libOTe_SilentVole; semi_honest_128; MultType=ExConv7x24; BaseElem=u64; ExtElem=array<u64,M>; x=c; Z0=a; Z1=-b",emulated TCP network
2026-07-26T08:33:32.471882+00:00,56a80d12dc147c6f4d9452798d88f387cd1c778b,SILENT_SVOLE_TCP,SILENT_SVOLE,,,FAST,tcp-loopback,bench,9,0,OK,PASS,16,65536,64,32,1,1331.623,1294.772,0.0,,0.0,0.0,0.0,0.0,0.0,0.0,1331.624,1331.623,1212.377,392.792,0.0,130103184,391288,130494216,62.224491119384766,0,0,,0,0,0,0,0,0,"tcp_two_process; libOTe_SilentVole; semi_honest_128; MultType=ExConv7x24; BaseElem=u64; ExtElem=array<u64,M>; x=c; Z0=a; Z1=-b; tcp_two_process; libOTe_SilentVole; semi_honest_128; MultType=ExConv7x24; BaseElem=u64; ExtElem=array<u64,M>; x=c; Z0=a; Z1=-b",emulated TCP network
2026-07-26T08:33:33.426715+00:00,56a80d12dc147c6f4d9452798d88f387cd1c778b,RMVOLE_NET_BENCH,RM_VECTOR_GENERIC_SPLIT,split-input-vole,vector,FAST,tcp-loopback,bench,-1,1,OK,PASS,16,65536,64,32,1,303.471,449.355,449.355,"max(P0,P1)_same_phase",227.465,125.941,227.465,53.125,51.897999999999996,53.125,676.82,627.193,0.0,0.0,0.0,67152753,237809,67390288,32.134193420410156,67178544,212018,,0,0,0,0,0,0,"tcp_two_process; p0_noisy_vole_receiver; real_libOTe_NoisyVole_split_input_length_2t; F=array<u64,M>; G=u64; vector_fixed_prime_setup; local_expand; tcp_two_process; p1_noisy_vole_sender; real_libOTe_NoisyVole_split_input_length_2t; F=array<u64,M>; G=u64; vector_fixed_prime_setup; local_expand",emulated TCP network
2026-07-26T08:33:34.381402+00:00,56a80d12dc147c6f4d9452798d88f387cd1c778b,RMVOLE_NET_BENCH,RM_VECTOR_GENERIC_SPLIT,split-input-vole,vector,FAST,tcp-loopback,bench,0,0,OK,PASS,16,65536,64,32,1,303.917,449.357,449.357,"max(P0,P1)_same_phase",235.656,130.889,235.656,53.47,51.763999999999996,53.47,685.013,632.009,0.0,0.0,0.0,67152753,237809,67390288,32.134193420410156,67178544,212018,,0,0,0,0,0,0,"tcp_two_process; p0_noisy_vole_receiver; real_libOTe_NoisyVole_split_input_length_2t; F=array<u64,M>; G=u64; vector_fixed_prime_setup; local_expand; tcp_two_process; p1_noisy_vole_sender; real_libOTe_NoisyVole_split_input_length_2t; F=array<u64,M>; G=u64; vector_fixed_prime_setup; local_expand",emulated TCP network
2026-07-26T08:33:35.336217+00:00,56a80d12dc147c6f4d9452798d88f387cd1c778b,RMVOLE_NET_BENCH,RM_VECTOR_GENERIC_SPLIT,split-input-vole,vector,FAST,tcp-loopback,bench,1,0,OK,PASS,16,65536,64,32,1,304.86999999999995,451.452,451.452,"max(P0,P1)_same_phase",231.995,129.942,231.995,52.861,51.826,52.861,683.447,633.22,0.0,0.0,0.0,67152753,237809,67390288,32.134193420410156,67178544,212018,,0,0,0,0,0,0,"tcp_two_process; p0_noisy_vole_receiver; real_libOTe_NoisyVole_split_input_length_2t; F=array<u64,M>; G=u64; vector_fixed_prime_setup; local_expand; tcp_two_process; p1_noisy_vole_sender; real_libOTe_NoisyVole_split_input_length_2t; F=array<u64,M>; G=u64; vector_fixed_prime_setup; local_expand",emulated TCP network
2026-07-26T08:33:36.291142+00:00,56a80d12dc147c6f4d9452798d88f387cd1c778b,RMVOLE_NET_BENCH,RM_VECTOR_GENERIC_SPLIT,split-input-vole,vector,FAST,tcp-loopback,bench,2,0,OK,PASS,16,65536,64,32,1,303.68899999999996,451.452,451.452,"max(P0,P1)_same_phase",236.423,132.269,236.423,52.759,51.793,52.759,687.875,635.514,0.0,0.0,0.0,67152753,237809,67390288,32.134193420410156,67178544,212018,,0,0,0,0,0,0,"tcp_two_process; p0_noisy_vole_receiver; real_libOTe_NoisyVole_split_input_length_2t; F=array<u64,M>; G=u64; vector_fixed_prime_setup; local_expand; tcp_two_process; p1_noisy_vole_sender; real_libOTe_NoisyVole_split_input_length_2t; F=array<u64,M>; G=u64; vector_fixed_prime_setup; local_expand",emulated TCP network
2026-07-26T08:33:37.246053+00:00,56a80d12dc147c6f4d9452798d88f387cd1c778b,RMVOLE_NET_BENCH,RM_VECTOR_GENERIC_SPLIT,split-input-vole,vector,FAST,tcp-loopback,bench,3,0,OK,PASS,16,65536,64,32,1,303.606,450.90999999999997,450.90999999999997,"max(P0,P1)_same_phase",234.108,130.548,234.108,52.859,51.808,52.859,685.018,633.266,0.0,0.0,0.0,67152753,237809,67390288,32.134193420410156,67178544,212018,,0,0,0,0,0,0,"tcp_two_process; p0_noisy_vole_receiver; real_libOTe_NoisyVole_split_input_length_2t; F=array<u64,M>; G=u64; vector_fixed_prime_setup; local_expand; tcp_two_process; p1_noisy_vole_sender; real_libOTe_NoisyVole_split_input_length_2t; F=array<u64,M>; G=u64; vector_fixed_prime_setup; local_expand",emulated TCP network
2026-07-26T08:33:38.201055+00:00,56a80d12dc147c6f4d9452798d88f387cd1c778b,RMVOLE_NET_BENCH,RM_VECTOR_GENERIC_SPLIT,split-input-vole,vector,FAST,tcp-loopback,bench,4,0,OK,PASS,16,65536,64,32,1,304.19,451.77,451.77,"max(P0,P1)_same_phase",235.144,130.552,235.144,52.985,51.966,52.985,686.914,634.289,0.0,0.0,0.0,67152753,237809,67390288,32.134193420410156,67178544,212018,,0,0,0,0,0,0,"tcp_two_process; p0_noisy_vole_receiver; real_libOTe_NoisyVole_split_input_length_2t; F=array<u64,M>; G=u64; vector_fixed_prime_setup; local_expand; tcp_two_process; p1_noisy_vole_sender; real_libOTe_NoisyVole_split_input_length_2t; F=array<u64,M>; G=u64; vector_fixed_prime_setup; local_expand",emulated TCP network
2026-07-26T08:33:39.156038+00:00,56a80d12dc147c6f4d9452798d88f387cd1c778b,RMVOLE_NET_BENCH,RM_VECTOR_GENERIC_SPLIT,split-input-vole,vector,FAST,tcp-loopback,bench,5,0,OK,PASS,16,65536,64,32,1,303.92900000000003,451.12600000000003,451.12600000000003,"max(P0,P1)_same_phase",236.707,132.575,236.707,52.752,51.979,52.752,687.8330000000001,635.6800000000001,0.0,0.0,0.0,67152753,237809,67390288,32.134193420410156,67178544,212018,,0,0,0,0,0,0,"tcp_two_process; p0_noisy_vole_receiver; real_libOTe_NoisyVole_split_input_length_2t; F=array<u64,M>; G=u64; vector_fixed_prime_setup; local_expand; tcp_two_process; p1_noisy_vole_sender; real_libOTe_NoisyVole_split_input_length_2t; F=array<u64,M>; G=u64; vector_fixed_prime_setup; local_expand",emulated TCP network
2026-07-26T08:33:40.111048+00:00,56a80d12dc147c6f4d9452798d88f387cd1c778b,RMVOLE_NET_BENCH,RM_VECTOR_GENERIC_SPLIT,split-input-vole,vector,FAST,tcp-loopback,bench,6,0,OK,PASS,16,65536,64,32,1,304.09000000000003,450.975,450.975,"max(P0,P1)_same_phase",233.766,129.442,233.766,52.76,52.074000000000005,52.76,684.741,632.491,0.0,0.0,0.0,67152753,237809,67390288,32.134193420410156,67178544,212018,,0,0,0,0,0,0,"tcp_two_process; p0_noisy_vole_receiver; real_libOTe_NoisyVole_split_input_length_2t; F=array<u64,M>; G=u64; vector_fixed_prime_setup; local_expand; tcp_two_process; p1_noisy_vole_sender; real_libOTe_NoisyVole_split_input_length_2t; F=array<u64,M>; G=u64; vector_fixed_prime_setup; local_expand",emulated TCP network
2026-07-26T08:33:41.065940+00:00,56a80d12dc147c6f4d9452798d88f387cd1c778b,RMVOLE_NET_BENCH,RM_VECTOR_GENERIC_SPLIT,split-input-vole,vector,FAST,tcp-loopback,bench,7,0,OK,PASS,16,65536,64,32,1,303.935,451.928,451.928,"max(P0,P1)_same_phase",233.608,130.225,233.608,52.803000000000004,51.81,52.803000000000004,685.5360000000001,633.9630000000001,0.0,0.0,0.0,67152753,237809,67390288,32.134193420410156,67178544,212018,,0,0,0,0,0,0,"tcp_two_process; p0_noisy_vole_receiver; real_libOTe_NoisyVole_split_input_length_2t; F=array<u64,M>; G=u64; vector_fixed_prime_setup; local_expand; tcp_two_process; p1_noisy_vole_sender; real_libOTe_NoisyVole_split_input_length_2t; F=array<u64,M>; G=u64; vector_fixed_prime_setup; local_expand",emulated TCP network
2026-07-26T08:33:42.020992+00:00,56a80d12dc147c6f4d9452798d88f387cd1c778b,RMVOLE_NET_BENCH,RM_VECTOR_GENERIC_SPLIT,split-input-vole,vector,FAST,tcp-loopback,bench,8,0,OK,PASS,16,65536,64,32,1,305.21999999999997,454.20899999999995,454.20899999999995,"max(P0,P1)_same_phase",236.47000000000003,131.462,236.47000000000003,53.008,52.037,53.008,690.679,637.7080000000001,0.0,0.0,0.0,67152753,237809,67390288,32.134193420410156,67178544,212018,,0,0,0,0,0,0,"tcp_two_process; p0_noisy_vole_receiver; real_libOTe_NoisyVole_split_input_length_2t; F=array<u64,M>; G=u64; vector_fixed_prime_setup; local_expand; tcp_two_process; p1_noisy_vole_sender; real_libOTe_NoisyVole_split_input_length_2t; F=array<u64,M>; G=u64; vector_fixed_prime_setup; local_expand",emulated TCP network
2026-07-26T08:33:42.976257+00:00,56a80d12dc147c6f4d9452798d88f387cd1c778b,RMVOLE_NET_BENCH,RM_VECTOR_GENERIC_SPLIT,split-input-vole,vector,FAST,tcp-loopback,bench,9,0,OK,PASS,16,65536,64,32,1,301.62,448.31300000000005,448.31300000000005,"max(P0,P1)_same_phase",231.443,126.92500000000001,231.443,76.646,54.156000000000006,76.646,679.7560000000001,629.393,0.0,0.0,0.0,67152753,237809,67390288,32.134193420410156,67178544,212018,,0,0,0,0,0,0,"tcp_two_process; p0_noisy_vole_receiver; real_libOTe_NoisyVole_split_input_length_2t; F=array<u64,M>; G=u64; vector_fixed_prime_setup; local_expand; tcp_two_process; p1_noisy_vole_sender; real_libOTe_NoisyVole_split_input_length_2t; F=array<u64,M>; G=u64; vector_fixed_prime_setup; local_expand",emulated TCP network
2026-07-26T08:33:43.683702+00:00,56a80d12dc147c6f4d9452798d88f387cd1c778b,RMVOLE_NET_BENCH,RM_VECTOR_OPT,split-input-coeff-ot,vector,FAST,tcp-loopback,bench,-1,1,OK,PASS,18,262144,64,8,1,33.678,26.747,33.678,"max(P0,P1)_same_phase",171.96900000000002,163.602,171.96900000000002,76.197,71.412,76.197,205.64700000000002,281.844,0.0,0.0,0.0,177329,1331713,1508960,0.7195281982421875,1378624,130418,INCLUDING_BASE_OT,7808,1,1,999424,999424,3,tcp_two_process; p0_coeff_bit_ot_receiver; SPLIT_COEFF_OT; one_batched_Kos_chosen_message_OT; vector_fixed_prime_setup; local_expand; tcp_two_process; p1_coeff_bit_ot_sender; SPLIT_COEFF_OT; one_batched_Kos_chosen_message_OT; vector_fixed_prime_setup; local_expand,emulated TCP network
2026-07-26T08:33:44.440712+00:00,56a80d12dc147c6f4d9452798d88f387cd1c778b,RMVOLE_NET_BENCH,RM_VECTOR_OPT,split-input-coeff-ot,vector,FAST,tcp-loopback,bench,0,0,OK,PASS,18,262144,64,8,1,38.93,32.275,38.93,"max(P0,P1)_same_phase",225.573,213.30599999999998,225.573,103.427,70.532,103.427,264.503,367.92900000000003,0.0,0.0,0.0,177329,1331713,1508960,0.7195281982421875,1378624,130418,INCLUDING_BASE_OT,7808,1,1,999424,999424,3,tcp_two_process; p0_coeff_bit_ot_receiver; SPLIT_COEFF_OT; one_batched_Kos_chosen_message_OT; vector_fixed_prime_setup; local_expand; tcp_two_process; p1_coeff_bit_ot_sender; SPLIT_COEFF_OT; one_batched_Kos_chosen_message_OT; vector_fixed_prime_setup; local_expand,emulated TCP network
2026-07-26T08:33:45.045698+00:00,56a80d12dc147c6f4d9452798d88f387cd1c778b,RMVOLE_NET_BENCH,RM_VECTOR_OPT,split-input-coeff-ot,vector,FAST,tcp-loopback,bench,1,0,OK,PASS,18,262144,64,8,1,33.179,26.188,33.179,"max(P0,P1)_same_phase",162.265,159.123,162.265,71.22399999999999,66.27199999999999,71.22399999999999,195.444,266.669,0.0,0.0,0.0,177329,1331713,1508960,0.7195281982421875,1378624,130418,INCLUDING_BASE_OT,7808,1,1,999424,999424,3,tcp_two_process; p0_coeff_bit_ot_receiver; SPLIT_COEFF_OT; one_batched_Kos_chosen_message_OT; vector_fixed_prime_setup; local_expand; tcp_two_process; p1_coeff_bit_ot_sender; SPLIT_COEFF_OT; one_batched_Kos_chosen_message_OT; vector_fixed_prime_setup; local_expand,emulated TCP network
2026-07-26T08:33:45.649770+00:00,56a80d12dc147c6f4d9452798d88f387cd1c778b,RMVOLE_NET_BENCH,RM_VECTOR_OPT,split-input-coeff-ot,vector,FAST,tcp-loopback,bench,2,0,OK,PASS,18,262144,64,8,1,32.233,25.206,32.233,"max(P0,P1)_same_phase",164.442,158.198,164.442,70.88,66.01799999999999,70.88,196.675,267.55600000000004,0.0,0.0,0.0,177329,1331713,1508960,0.7195281982421875,1378624,130418,INCLUDING_BASE_OT,7808,1,1,999424,999424,3,tcp_two_process; p0_coeff_bit_ot_receiver; SPLIT_COEFF_OT; one_batched_Kos_chosen_message_OT; vector_fixed_prime_setup; local_expand; tcp_two_process; p1_coeff_bit_ot_sender; SPLIT_COEFF_OT; one_batched_Kos_chosen_message_OT; vector_fixed_prime_setup; local_expand,emulated TCP network
2026-07-26T08:33:46.254094+00:00,56a80d12dc147c6f4d9452798d88f387cd1c778b,RMVOLE_NET_BENCH,RM_VECTOR_OPT,split-input-coeff-ot,vector,FAST,tcp-loopback,bench,3,0,OK,PASS,18,262144,64,8,1,32.378,25.269,32.378,"max(P0,P1)_same_phase",158.90699999999998,150.941,158.90699999999998,70.013,65.028,70.013,191.28499999999997,261.297,0.0,0.0,0.0,177329,1331713,1508960,0.7195281982421875,1378624,130418,INCLUDING_BASE_OT,7808,1,1,999424,999424,3,tcp_two_process; p0_coeff_bit_ot_receiver; SPLIT_COEFF_OT; one_batched_Kos_chosen_message_OT; vector_fixed_prime_setup; local_expand; tcp_two_process; p1_coeff_bit_ot_sender; SPLIT_COEFF_OT; one_batched_Kos_chosen_message_OT; vector_fixed_prime_setup; local_expand,emulated TCP network
2026-07-26T08:33:46.857967+00:00,56a80d12dc147c6f4d9452798d88f387cd1c778b,RMVOLE_NET_BENCH,RM_VECTOR_OPT,split-input-coeff-ot,vector,FAST,tcp-loopback,bench,4,0,OK,PASS,18,262144,64,8,1,32.118,25.087000000000003,32.118,"max(P0,P1)_same_phase",153.89600000000002,149.865,153.89600000000002,70.89,65.493,70.89,186.014,256.904,0.0,0.0,0.0,177329,1331713,1508960,0.7195281982421875,1378624,130418,INCLUDING_BASE_OT,7808,1,1,999424,999424,3,tcp_two_process; p0_coeff_bit_ot_receiver; SPLIT_COEFF_OT; one_batched_Kos_chosen_message_OT; vector_fixed_prime_setup; local_expand; tcp_two_process; p1_coeff_bit_ot_sender; SPLIT_COEFF_OT; one_batched_Kos_chosen_message_OT; vector_fixed_prime_setup; local_expand,emulated TCP network
2026-07-26T08:33:47.462061+00:00,56a80d12dc147c6f4d9452798d88f387cd1c778b,RMVOLE_NET_BENCH,RM_VECTOR_OPT,split-input-coeff-ot,vector,FAST,tcp-loopback,bench,5,0,OK,PASS,18,262144,64,8,1,32.192,25.153,32.192,"max(P0,P1)_same_phase",161.973,156.102,161.973,70.173,65.33,70.173,194.16500000000002,264.338,0.0,0.0,0.0,177329,1331713,1508960,0.7195281982421875,1378624,130418,INCLUDING_BASE_OT,7808,1,1,999424,999424,3,tcp_two_process; p0_coeff_bit_ot_receiver; SPLIT_COEFF_OT; one_batched_Kos_chosen_message_OT; vector_fixed_prime_setup; local_expand; tcp_two_process; p1_coeff_bit_ot_sender; SPLIT_COEFF_OT; one_batched_Kos_chosen_message_OT; vector_fixed_prime_setup; local_expand,emulated TCP network
2026-07-26T08:33:48.065888+00:00,56a80d12dc147c6f4d9452798d88f387cd1c778b,RMVOLE_NET_BENCH,RM_VECTOR_OPT,split-input-coeff-ot,vector,FAST,tcp-loopback,bench,6,0,OK,PASS,18,262144,64,8,1,32.239999999999995,25.218999999999998,32.239999999999995,"max(P0,P1)_same_phase",162.09699999999998,157.821,162.09699999999998,71.05499999999999,65.621,71.05499999999999,194.337,265.39099999999996,0.0,0.0,0.0,177329,1331713,1508960,0.7195281982421875,1378624,130418,INCLUDING_BASE_OT,7808,1,1,999424,999424,3,tcp_two_process; p0_coeff_bit_ot_receiver; SPLIT_COEFF_OT; one_batched_Kos_chosen_message_OT; vector_fixed_prime_setup; local_expand; tcp_two_process; p1_coeff_bit_ot_sender; SPLIT_COEFF_OT; one_batched_Kos_chosen_message_OT; vector_fixed_prime_setup; local_expand,emulated TCP network
2026-07-26T08:33:48.669588+00:00,56a80d12dc147c6f4d9452798d88f387cd1c778b,RMVOLE_NET_BENCH,RM_VECTOR_OPT,split-input-coeff-ot,vector,FAST,tcp-loopback,bench,7,0,OK,PASS,18,262144,64,8,1,32.059999999999995,25.034,32.059999999999995,"max(P0,P1)_same_phase",159.145,154.834,159.145,70.52,66.244,70.52,191.205,261.72499999999997,0.0,0.0,0.0,177329,1331713,1508960,0.7195281982421875,1378624,130418,INCLUDING_BASE_OT,7808,1,1,999424,999424,3,tcp_two_process; p0_coeff_bit_ot_receiver; SPLIT_COEFF_OT; one_batched_Kos_chosen_message_OT; vector_fixed_prime_setup; local_expand; tcp_two_process; p1_coeff_bit_ot_sender; SPLIT_COEFF_OT; one_batched_Kos_chosen_message_OT; vector_fixed_prime_setup; local_expand,emulated TCP network
2026-07-26T08:33:49.273288+00:00,56a80d12dc147c6f4d9452798d88f387cd1c778b,RMVOLE_NET_BENCH,RM_VECTOR_OPT,split-input-coeff-ot,vector,FAST,tcp-loopback,bench,8,0,OK,PASS,18,262144,64,8,1,32.28,25.267999999999997,32.28,"max(P0,P1)_same_phase",160.086,154.745,160.086,70.345,66.087,70.345,192.366,262.71099999999996,0.0,0.0,0.0,177329,1331713,1508960,0.7195281982421875,1378624,130418,INCLUDING_BASE_OT,7808,1,1,999424,999424,3,tcp_two_process; p0_coeff_bit_ot_receiver; SPLIT_COEFF_OT; one_batched_Kos_chosen_message_OT; vector_fixed_prime_setup; local_expand; tcp_two_process; p1_coeff_bit_ot_sender; SPLIT_COEFF_OT; one_batched_Kos_chosen_message_OT; vector_fixed_prime_setup; local_expand,emulated TCP network
2026-07-26T08:33:49.877137+00:00,56a80d12dc147c6f4d9452798d88f387cd1c778b,RMVOLE_NET_BENCH,RM_VECTOR_OPT,split-input-coeff-ot,vector,FAST,tcp-loopback,bench,9,0,OK,PASS,18,262144,64,8,1,32.438,25.282,32.438,"max(P0,P1)_same_phase",158.56400000000002,152.18599999999998,158.56400000000002,70.272,65.79,70.272,191.002,261.27299999999997,0.0,0.0,0.0,177329,1331713,1508960,0.7195281982421875,1378624,130418,INCLUDING_BASE_OT,7808,1,1,999424,999424,3,tcp_two_process; p0_coeff_bit_ot_receiver; SPLIT_COEFF_OT; one_batched_Kos_chosen_message_OT; vector_fixed_prime_setup; local_expand; tcp_two_process; p1_coeff_bit_ot_sender; SPLIT_COEFF_OT; one_batched_Kos_chosen_message_OT; vector_fixed_prime_setup; local_expand,emulated TCP network
2026-07-26T08:33:50.981624+00:00,56a80d12dc147c6f4d9452798d88f387cd1c778b,SILENT_SVOLE_TCP,SILENT_SVOLE,,,FAST,tcp-loopback,bench,-1,1,OK,PASS,18,262144,64,8,1,877.7040000000001,804.086,0.0,,0.0,0.0,0.0,0.0,0.0,0.0,877.7049999999999,877.7040000000001,625.22,395.683,0.0,8221904,167544,8389384,4.000370025634766,0,0,,0,0,0,0,0,0,"tcp_two_process; libOTe_SilentVole; semi_honest_128; MultType=ExConv7x24; BaseElem=u64; ExtElem=array<u64,M>; x=c; Z0=a; Z1=-b; tcp_two_process; libOTe_SilentVole; semi_honest_128; MultType=ExConv7x24; BaseElem=u64; ExtElem=array<u64,M>; x=c; Z0=a; Z1=-b",emulated TCP network
2026-07-26T08:33:52.085939+00:00,56a80d12dc147c6f4d9452798d88f387cd1c778b,SILENT_SVOLE_TCP,SILENT_SVOLE,,,FAST,tcp-loopback,bench,0,0,OK,PASS,18,262144,64,8,1,878.054,807.114,0.0,,0.0,0.0,0.0,0.0,0.0,0.0,878.054,878.054,624.962,396.10200000000003,0.0,8221904,167544,8389384,4.000370025634766,0,0,,0,0,0,0,0,0,"tcp_two_process; libOTe_SilentVole; semi_honest_128; MultType=ExConv7x24; BaseElem=u64; ExtElem=array<u64,M>; x=c; Z0=a; Z1=-b; tcp_two_process; libOTe_SilentVole; semi_honest_128; MultType=ExConv7x24; BaseElem=u64; ExtElem=array<u64,M>; x=c; Z0=a; Z1=-b",emulated TCP network
2026-07-26T08:33:53.190294+00:00,56a80d12dc147c6f4d9452798d88f387cd1c778b,SILENT_SVOLE_TCP,SILENT_SVOLE,,,FAST,tcp-loopback,bench,1,0,OK,PASS,18,262144,64,8,1,877.258,805.883,0.0,,0.0,0.0,0.0,0.0,0.0,0.0,877.258,877.258,627.4340000000001,394.67600000000004,0.0,8221904,167544,8389384,4.000370025634766,0,0,,0,0,0,0,0,0,"tcp_two_process; libOTe_SilentVole; semi_honest_128; MultType=ExConv7x24; BaseElem=u64; ExtElem=array<u64,M>; x=c; Z0=a; Z1=-b; tcp_two_process; libOTe_SilentVole; semi_honest_128; MultType=ExConv7x24; BaseElem=u64; ExtElem=array<u64,M>; x=c; Z0=a; Z1=-b",emulated TCP network
2026-07-26T08:33:54.294684+00:00,56a80d12dc147c6f4d9452798d88f387cd1c778b,SILENT_SVOLE_TCP,SILENT_SVOLE,,,FAST,tcp-loopback,bench,2,0,OK,PASS,18,262144,64,8,1,877.464,806.7189999999999,0.0,,0.0,0.0,0.0,0.0,0.0,0.0,877.464,877.464,627.1949999999999,395.14,0.0,8221904,167544,8389384,4.000370025634766,0,0,,0,0,0,0,0,0,"tcp_two_process; libOTe_SilentVole; semi_honest_128; MultType=ExConv7x24; BaseElem=u64; ExtElem=array<u64,M>; x=c; Z0=a; Z1=-b; tcp_two_process; libOTe_SilentVole; semi_honest_128; MultType=ExConv7x24; BaseElem=u64; ExtElem=array<u64,M>; x=c; Z0=a; Z1=-b",emulated TCP network
2026-07-26T08:33:55.399045+00:00,56a80d12dc147c6f4d9452798d88f387cd1c778b,SILENT_SVOLE_TCP,SILENT_SVOLE,,,FAST,tcp-loopback,bench,3,0,OK,PASS,18,262144,64,8,1,880.006,802.877,0.0,,0.0,0.0,0.0,0.0,0.0,0.0,880.0060000000001,880.006,625.0250000000001,395.994,0.0,8221904,167544,8389384,4.000370025634766,0,0,,0,0,0,0,0,0,"tcp_two_process; libOTe_SilentVole; semi_honest_128; MultType=ExConv7x24; BaseElem=u64; ExtElem=array<u64,M>; x=c; Z0=a; Z1=-b; tcp_two_process; libOTe_SilentVole; semi_honest_128; MultType=ExConv7x24; BaseElem=u64; ExtElem=array<u64,M>; x=c; Z0=a; Z1=-b",emulated TCP network
2026-07-26T08:33:56.503477+00:00,56a80d12dc147c6f4d9452798d88f387cd1c778b,SILENT_SVOLE_TCP,SILENT_SVOLE,,,FAST,tcp-loopback,bench,4,0,OK,PASS,18,262144,64,8,1,880.0120000000001,808.824,0.0,,0.0,0.0,0.0,0.0,0.0,0.0,880.013,880.0120000000001,629.075,397.00600000000003,0.0,8221904,167544,8389384,4.000370025634766,0,0,,0,0,0,0,0,0,"tcp_two_process; libOTe_SilentVole; semi_honest_128; MultType=ExConv7x24; BaseElem=u64; ExtElem=array<u64,M>; x=c; Z0=a; Z1=-b; tcp_two_process; libOTe_SilentVole; semi_honest_128; MultType=ExConv7x24; BaseElem=u64; ExtElem=array<u64,M>; x=c; Z0=a; Z1=-b",emulated TCP network
2026-07-26T08:33:57.607983+00:00,56a80d12dc147c6f4d9452798d88f387cd1c778b,SILENT_SVOLE_TCP,SILENT_SVOLE,,,FAST,tcp-loopback,bench,5,0,OK,PASS,18,262144,64,8,1,879.9,810.114,0.0,,0.0,0.0,0.0,0.0,0.0,0.0,879.9,879.9,630.673,395.596,0.0,8221904,167544,8389384,4.000370025634766,0,0,,0,0,0,0,0,0,"tcp_two_process; libOTe_SilentVole; semi_honest_128; MultType=ExConv7x24; BaseElem=u64; ExtElem=array<u64,M>; x=c; Z0=a; Z1=-b; tcp_two_process; libOTe_SilentVole; semi_honest_128; MultType=ExConv7x24; BaseElem=u64; ExtElem=array<u64,M>; x=c; Z0=a; Z1=-b",emulated TCP network
2026-07-26T08:33:58.712477+00:00,56a80d12dc147c6f4d9452798d88f387cd1c778b,SILENT_SVOLE_TCP,SILENT_SVOLE,,,FAST,tcp-loopback,bench,6,0,OK,PASS,18,262144,64,8,1,878.7810000000001,807.3580000000001,0.0,,0.0,0.0,0.0,0.0,0.0,0.0,878.78,878.7810000000001,628.471,396.472,0.0,8221904,167544,8389384,4.000370025634766,0,0,,0,0,0,0,0,0,"tcp_two_process; libOTe_SilentVole; semi_honest_128; MultType=ExConv7x24; BaseElem=u64; ExtElem=array<u64,M>; x=c; Z0=a; Z1=-b; tcp_two_process; libOTe_SilentVole; semi_honest_128; MultType=ExConv7x24; BaseElem=u64; ExtElem=array<u64,M>; x=c; Z0=a; Z1=-b",emulated TCP network
2026-07-26T08:33:59.816892+00:00,56a80d12dc147c6f4d9452798d88f387cd1c778b,SILENT_SVOLE_TCP,SILENT_SVOLE,,,FAST,tcp-loopback,bench,7,0,OK,PASS,18,262144,64,8,1,880.302,811.67,0.0,,0.0,0.0,0.0,0.0,0.0,0.0,880.302,880.302,629.73,397.309,0.0,8221904,167544,8389384,4.000370025634766,0,0,,0,0,0,0,0,0,"tcp_two_process; libOTe_SilentVole; semi_honest_128; MultType=ExConv7x24; BaseElem=u64; ExtElem=array<u64,M>; x=c; Z0=a; Z1=-b; tcp_two_process; libOTe_SilentVole; semi_honest_128; MultType=ExConv7x24; BaseElem=u64; ExtElem=array<u64,M>; x=c; Z0=a; Z1=-b",emulated TCP network
2026-07-26T08:34:00.921351+00:00,56a80d12dc147c6f4d9452798d88f387cd1c778b,SILENT_SVOLE_TCP,SILENT_SVOLE,,,FAST,tcp-loopback,bench,8,0,OK,PASS,18,262144,64,8,1,878.155,803.168,0.0,,0.0,0.0,0.0,0.0,0.0,0.0,878.155,878.155,624.797,396.092,0.0,8221904,167544,8389384,4.000370025634766,0,0,,0,0,0,0,0,0,"tcp_two_process; libOTe_SilentVole; semi_honest_128; MultType=ExConv7x24; BaseElem=u64; ExtElem=array<u64,M>; x=c; Z0=a; Z1=-b; tcp_two_process; libOTe_SilentVole; semi_honest_128; MultType=ExConv7x24; BaseElem=u64; ExtElem=array<u64,M>; x=c; Z0=a; Z1=-b",emulated TCP network
2026-07-26T08:34:02.025706+00:00,56a80d12dc147c6f4d9452798d88f387cd1c778b,SILENT_SVOLE_TCP,SILENT_SVOLE,,,FAST,tcp-loopback,bench,9,0,OK,PASS,18,262144,64,8,1,878.362,806.942,0.0,,0.0,0.0,0.0,0.0,0.0,0.0,878.362,878.362,625.8000000000001,396.81699999999995,0.0,8221904,167544,8389384,4.000370025634766,0,0,,0,0,0,0,0,0,"tcp_two_process; libOTe_SilentVole; semi_honest_128; MultType=ExConv7x24; BaseElem=u64; ExtElem=array<u64,M>; x=c; Z0=a; Z1=-b; tcp_two_process; libOTe_SilentVole; semi_honest_128; MultType=ExConv7x24; BaseElem=u64; ExtElem=array<u64,M>; x=c; Z0=a; Z1=-b",emulated TCP network
2026-07-26T08:34:02.679625+00:00,56a80d12dc147c6f4d9452798d88f387cd1c778b,RMVOLE_NET_BENCH,RM_VECTOR_GENERIC_SPLIT,split-input-vole,vector,FAST,tcp-loopback,bench,-1,1,OK,PASS,18,262144,64,8,1,47.442,61.735,61.735,"max(P0,P1)_same_phase",170.476,145.90900000000002,170.476,70.522,65.795,70.522,232.211,288.44100000000003,0.0,0.0,0.0,4246705,95473,4342096,2.0704727172851562,4211760,130418,,0,0,0,0,0,0,"tcp_two_process; p0_noisy_vole_receiver; real_libOTe_NoisyVole_split_input_length_2t; F=array<u64,M>; G=u64; vector_fixed_prime_setup; local_expand; tcp_two_process; p1_noisy_vole_sender; real_libOTe_NoisyVole_split_input_length_2t; F=array<u64,M>; G=u64; vector_fixed_prime_setup; local_expand",emulated TCP network
2026-07-26T08:34:03.333382+00:00,56a80d12dc147c6f4d9452798d88f387cd1c778b,RMVOLE_NET_BENCH,RM_VECTOR_GENERIC_SPLIT,split-input-vole,vector,FAST,tcp-loopback,bench,0,0,OK,PASS,18,262144,64,8,1,48.625,62.934000000000005,62.934000000000005,"max(P0,P1)_same_phase",167.118,146.679,167.118,70.339,65.47200000000001,70.339,230.052,286.082,0.0,0.0,0.0,4246705,95473,4342096,2.0704727172851562,4211760,130418,,0,0,0,0,0,0,"tcp_two_process; p0_noisy_vole_receiver; real_libOTe_NoisyVole_split_input_length_2t; F=array<u64,M>; G=u64; vector_fixed_prime_setup; local_expand; tcp_two_process; p1_noisy_vole_sender; real_libOTe_NoisyVole_split_input_length_2t; F=array<u64,M>; G=u64; vector_fixed_prime_setup; local_expand",emulated TCP network
2026-07-26T08:34:03.987221+00:00,56a80d12dc147c6f4d9452798d88f387cd1c778b,RMVOLE_NET_BENCH,RM_VECTOR_GENERIC_SPLIT,split-input-vole,vector,FAST,tcp-loopback,bench,1,0,OK,PASS,18,262144,64,8,1,47.494,61.811,61.811,"max(P0,P1)_same_phase",170.493,145.989,170.493,70.589,65.429,70.589,232.304,288.57500000000005,0.0,0.0,0.0,4246705,95473,4342096,2.0704727172851562,4211760,130418,,0,0,0,0,0,0,"tcp_two_process; p0_noisy_vole_receiver; real_libOTe_NoisyVole_split_input_length_2t; F=array<u64,M>; G=u64; vector_fixed_prime_setup; local_expand; tcp_two_process; p1_noisy_vole_sender; real_libOTe_NoisyVole_split_input_length_2t; F=array<u64,M>; G=u64; vector_fixed_prime_setup; local_expand",emulated TCP network
2026-07-26T08:34:04.641048+00:00,56a80d12dc147c6f4d9452798d88f387cd1c778b,RMVOLE_NET_BENCH,RM_VECTOR_GENERIC_SPLIT,split-input-vole,vector,FAST,tcp-loopback,bench,2,0,OK,PASS,18,262144,64,8,1,47.523999999999994,62.056,62.056,"max(P0,P1)_same_phase",172.1,144.94099999999997,172.1,70.79599999999999,65.213,70.79599999999999,234.156,290.42,0.0,0.0,0.0,4246705,95473,4342096,2.0704727172851562,4211760,130418,,0,0,0,0,0,0,"tcp_two_process; p0_noisy_vole_receiver; real_libOTe_NoisyVole_split_input_length_2t; F=array<u64,M>; G=u64; vector_fixed_prime_setup; local_expand; tcp_two_process; p1_noisy_vole_sender; real_libOTe_NoisyVole_split_input_length_2t; F=array<u64,M>; G=u64; vector_fixed_prime_setup; local_expand",emulated TCP network
2026-07-26T08:34:05.294810+00:00,56a80d12dc147c6f4d9452798d88f387cd1c778b,RMVOLE_NET_BENCH,RM_VECTOR_GENERIC_SPLIT,split-input-vole,vector,FAST,tcp-loopback,bench,3,0,OK,PASS,18,262144,64,8,1,47.543,61.872,61.872,"max(P0,P1)_same_phase",170.344,146.07500000000002,170.344,70.324,65.15400000000001,70.324,232.216,288.211,0.0,0.0,0.0,4246705,95473,4342096,2.0704727172851562,4211760,130418,,0,0,0,0,0,0,"tcp_two_process; p0_noisy_vole_receiver; real_libOTe_NoisyVole_split_input_length_2t; F=array<u64,M>; G=u64; vector_fixed_prime_setup; local_expand; tcp_two_process; p1_noisy_vole_sender; real_libOTe_NoisyVole_split_input_length_2t; F=array<u64,M>; G=u64; vector_fixed_prime_setup; local_expand",emulated TCP network
2026-07-26T08:34:05.948564+00:00,56a80d12dc147c6f4d9452798d88f387cd1c778b,RMVOLE_NET_BENCH,RM_VECTOR_GENERIC_SPLIT,split-input-vole,vector,FAST,tcp-loopback,bench,4,0,OK,PASS,18,262144,64,8,1,47.402,61.801,61.801,"max(P0,P1)_same_phase",172.353,147.484,172.353,70.75099999999999,65.213,70.75099999999999,234.154,290.506,0.0,0.0,0.0,4246705,95473,4342096,2.0704727172851562,4211760,130418,,0,0,0,0,0,0,"tcp_two_process; p0_noisy_vole_receiver; real_libOTe_NoisyVole_split_input_length_2t; F=array<u64,M>; G=u64; vector_fixed_prime_setup; local_expand; tcp_two_process; p1_noisy_vole_sender; real_libOTe_NoisyVole_split_input_length_2t; F=array<u64,M>; G=u64; vector_fixed_prime_setup; local_expand",emulated TCP network
2026-07-26T08:34:06.602323+00:00,56a80d12dc147c6f4d9452798d88f387cd1c778b,RMVOLE_NET_BENCH,RM_VECTOR_GENERIC_SPLIT,split-input-vole,vector,FAST,tcp-loopback,bench,5,0,OK,PASS,18,262144,64,8,1,47.579,62.087999999999994,62.087999999999994,"max(P0,P1)_same_phase",170.877,146.142,170.877,71.31899999999999,65.009,71.31899999999999,232.965,289.77599999999995,0.0,0.0,0.0,4246705,95473,4342096,2.0704727172851562,4211760,130418,,0,0,0,0,0,0,"tcp_two_process; p0_noisy_vole_receiver; real_libOTe_NoisyVole_split_input_length_2t; F=array<u64,M>; G=u64; vector_fixed_prime_setup; local_expand; tcp_two_process; p1_noisy_vole_sender; real_libOTe_NoisyVole_split_input_length_2t; F=array<u64,M>; G=u64; vector_fixed_prime_setup; local_expand",emulated TCP network
2026-07-26T08:34:07.256115+00:00,56a80d12dc147c6f4d9452798d88f387cd1c778b,RMVOLE_NET_BENCH,RM_VECTOR_GENERIC_SPLIT,split-input-vole,vector,FAST,tcp-loopback,bench,6,0,OK,PASS,18,262144,64,8,1,47.805,62.064,62.064,"max(P0,P1)_same_phase",172.88500000000002,146.718,172.88500000000002,69.98899999999999,65.14200000000001,69.98899999999999,234.949,290.67900000000003,0.0,0.0,0.0,4246705,95473,4342096,2.0704727172851562,4211760,130418,,0,0,0,0,0,0,"tcp_two_process; p0_noisy_vole_receiver; real_libOTe_NoisyVole_split_input_length_2t; F=array<u64,M>; G=u64; vector_fixed_prime_setup; local_expand; tcp_two_process; p1_noisy_vole_sender; real_libOTe_NoisyVole_split_input_length_2t; F=array<u64,M>; G=u64; vector_fixed_prime_setup; local_expand",emulated TCP network
2026-07-26T08:34:07.909879+00:00,56a80d12dc147c6f4d9452798d88f387cd1c778b,RMVOLE_NET_BENCH,RM_VECTOR_GENERIC_SPLIT,split-input-vole,vector,FAST,tcp-loopback,bench,7,0,OK,PASS,18,262144,64,8,1,47.359,61.644,61.644,"max(P0,P1)_same_phase",171.471,147.416,171.471,70.466,65.423,70.466,233.115,289.297,0.0,0.0,0.0,4246705,95473,4342096,2.0704727172851562,4211760,130418,,0,0,0,0,0,0,"tcp_two_process; p0_noisy_vole_receiver; real_libOTe_NoisyVole_split_input_length_2t; F=array<u64,M>; G=u64; vector_fixed_prime_setup; local_expand; tcp_two_process; p1_noisy_vole_sender; real_libOTe_NoisyVole_split_input_length_2t; F=array<u64,M>; G=u64; vector_fixed_prime_setup; local_expand",emulated TCP network
2026-07-26T08:34:08.563698+00:00,56a80d12dc147c6f4d9452798d88f387cd1c778b,RMVOLE_NET_BENCH,RM_VECTOR_GENERIC_SPLIT,split-input-vole,vector,FAST,tcp-loopback,bench,8,0,OK,PASS,18,262144,64,8,1,47.461999999999996,61.887,61.887,"max(P0,P1)_same_phase",173.737,149.444,173.737,70.771,65.511,70.771,235.624,291.97,0.0,0.0,0.0,4246705,95473,4342096,2.0704727172851562,4211760,130418,,0,0,0,0,0,0,"tcp_two_process; p0_noisy_vole_receiver; real_libOTe_NoisyVole_split_input_length_2t; F=array<u64,M>; G=u64; vector_fixed_prime_setup; local_expand; tcp_two_process; p1_noisy_vole_sender; real_libOTe_NoisyVole_split_input_length_2t; F=array<u64,M>; G=u64; vector_fixed_prime_setup; local_expand",emulated TCP network
2026-07-26T08:34:09.217462+00:00,56a80d12dc147c6f4d9452798d88f387cd1c778b,RMVOLE_NET_BENCH,RM_VECTOR_GENERIC_SPLIT,split-input-vole,vector,FAST,tcp-loopback,bench,9,0,OK,PASS,18,262144,64,8,1,47.861000000000004,62.519000000000005,62.519000000000005,"max(P0,P1)_same_phase",171.863,147.21300000000002,171.863,70.657,65.46000000000001,70.657,234.382,290.381,0.0,0.0,0.0,4246705,95473,4342096,2.0704727172851562,4211760,130418,,0,0,0,0,0,0,"tcp_two_process; p0_noisy_vole_receiver; real_libOTe_NoisyVole_split_input_length_2t; F=array<u64,M>; G=u64; vector_fixed_prime_setup; local_expand; tcp_two_process; p1_noisy_vole_sender; real_libOTe_NoisyVole_split_input_length_2t; F=array<u64,M>; G=u64; vector_fixed_prime_setup; local_expand",emulated TCP network
2026-07-26T08:34:10.021595+00:00,56a80d12dc147c6f4d9452798d88f387cd1c778b,RMVOLE_NET_BENCH,RM_VECTOR_OPT,split-input-coeff-ot,vector,FAST,tcp-loopback,bench,-1,1,OK,PASS,18,262144,64,16,1,35.385,27.862000000000002,35.385,"max(P0,P1)_same_phase",200.31799999999998,199.155,200.31799999999998,149.271,143.421,149.271,235.70299999999997,384.974,0.0,0.0,0.0,177393,2363905,2541152,0.6058578491210938,2378048,163250,INCLUDING_BASE_OT,7808,1,1,1998848,1998848,3,tcp_two_process; p0_coeff_bit_ot_receiver; SPLIT_COEFF_OT; one_batched_Kos_chosen_message_OT; vector_fixed_prime_setup; local_expand; tcp_two_process; p1_coeff_bit_ot_sender; SPLIT_COEFF_OT; one_batched_Kos_chosen_message_OT; vector_fixed_prime_setup; local_expand,emulated TCP network
2026-07-26T08:34:10.825733+00:00,56a80d12dc147c6f4d9452798d88f387cd1c778b,RMVOLE_NET_BENCH,RM_VECTOR_OPT,split-input-coeff-ot,vector,FAST,tcp-loopback,bench,0,0,OK,PASS,18,262144,64,16,1,35.306,27.858,35.306,"max(P0,P1)_same_phase",200.891,192.37699999999998,200.891,150.17600000000002,143.906,150.17600000000002,236.197,386.37300000000005,0.0,0.0,0.0,177393,2363905,2541152,0.6058578491210938,2378048,163250,INCLUDING_BASE_OT,7808,1,1,1998848,1998848,3,tcp_two_process; p0_coeff_bit_ot_receiver; SPLIT_COEFF_OT; one_batched_Kos_chosen_message_OT; vector_fixed_prime_setup; local_expand; tcp_two_process; p1_coeff_bit_ot_sender; SPLIT_COEFF_OT; one_batched_Kos_chosen_message_OT; vector_fixed_prime_setup; local_expand,emulated TCP network
2026-07-26T08:34:11.629965+00:00,56a80d12dc147c6f4d9452798d88f387cd1c778b,RMVOLE_NET_BENCH,RM_VECTOR_OPT,split-input-coeff-ot,vector,FAST,tcp-loopback,bench,1,0,OK,PASS,18,262144,64,16,1,35.321,27.749,35.321,"max(P0,P1)_same_phase",200.97799999999998,195.83700000000002,200.97799999999998,149.487,143.90900000000002,149.487,236.29899999999998,385.786,0.0,0.0,0.0,177393,2363905,2541152,0.6058578491210938,2378048,163250,INCLUDING_BASE_OT,7808,1,1,1998848,1998848,3,tcp_two_process; p0_coeff_bit_ot_receiver; SPLIT_COEFF_OT; one_batched_Kos_chosen_message_OT; vector_fixed_prime_setup; local_expand; tcp_two_process; p1_coeff_bit_ot_sender; SPLIT_COEFF_OT; one_batched_Kos_chosen_message_OT; vector_fixed_prime_setup; local_expand,emulated TCP network
2026-07-26T08:34:12.434353+00:00,56a80d12dc147c6f4d9452798d88f387cd1c778b,RMVOLE_NET_BENCH,RM_VECTOR_OPT,split-input-coeff-ot,vector,FAST,tcp-loopback,bench,2,0,OK,PASS,18,262144,64,16,1,35.763999999999996,28.305,35.763999999999996,"max(P0,P1)_same_phase",206.937,199.67399999999998,206.937,149.90300000000002,144.347,149.90300000000002,242.70100000000002,392.604,0.0,0.0,0.0,177393,2363905,2541152,0.6058578491210938,2378048,163250,INCLUDING_BASE_OT,7808,1,1,1998848,1998848,3,tcp_two_process; p0_coeff_bit_ot_receiver; SPLIT_COEFF_OT; one_batched_Kos_chosen_message_OT; vector_fixed_prime_setup; local_expand; tcp_two_process; p1_coeff_bit_ot_sender; SPLIT_COEFF_OT; one_batched_Kos_chosen_message_OT; vector_fixed_prime_setup; local_expand,emulated TCP network
2026-07-26T08:34:13.238531+00:00,56a80d12dc147c6f4d9452798d88f387cd1c778b,RMVOLE_NET_BENCH,RM_VECTOR_OPT,split-input-coeff-ot,vector,FAST,tcp-loopback,bench,3,0,OK,PASS,18,262144,64,16,1,35.399,27.927,35.399,"max(P0,P1)_same_phase",204.239,195.554,204.239,148.591,143.595,148.591,239.638,388.229,0.0,0.0,0.0,177393,2363905,2541152,0.6058578491210938,2378048,163250,INCLUDING_BASE_OT,7808,1,1,1998848,1998848,3,tcp_two_process; p0_coeff_bit_ot_receiver; SPLIT_COEFF_OT; one_batched_Kos_chosen_message_OT; vector_fixed_prime_setup; local_expand; tcp_two_process; p1_coeff_bit_ot_sender; SPLIT_COEFF_OT; one_batched_Kos_chosen_message_OT; vector_fixed_prime_setup; local_expand,emulated TCP network
2026-07-26T08:34:14.042778+00:00,56a80d12dc147c6f4d9452798d88f387cd1c778b,RMVOLE_NET_BENCH,RM_VECTOR_OPT,split-input-coeff-ot,vector,FAST,tcp-loopback,bench,4,0,OK,PASS,18,262144,64,16,1,35.195,27.75,35.195,"max(P0,P1)_same_phase",204.405,196.295,204.405,149.097,145.869,149.097,239.6,388.698,0.0,0.0,0.0,177393,2363905,2541152,0.6058578491210938,2378048,163250,INCLUDING_BASE_OT,7808,1,1,1998848,1998848,3,tcp_two_process; p0_coeff_bit_ot_receiver; SPLIT_COEFF_OT; one_batched_Kos_chosen_message_OT; vector_fixed_prime_setup; local_expand; tcp_two_process; p1_coeff_bit_ot_sender; SPLIT_COEFF_OT; one_batched_Kos_chosen_message_OT; vector_fixed_prime_setup; local_expand,emulated TCP network
2026-07-26T08:34:14.847035+00:00,56a80d12dc147c6f4d9452798d88f387cd1c778b,RMVOLE_NET_BENCH,RM_VECTOR_OPT,split-input-coeff-ot,vector,FAST,tcp-loopback,bench,5,0,OK,PASS,18,262144,64,16,1,35.183,27.727,35.183,"max(P0,P1)_same_phase",199.942,195.52,199.942,149.057,143.793,149.057,235.125,384.182,0.0,0.0,0.0,177393,2363905,2541152,0.6058578491210938,2378048,163250,INCLUDING_BASE_OT,7808,1,1,1998848,1998848,3,tcp_two_process; p0_coeff_bit_ot_receiver; SPLIT_COEFF_OT; one_batched_Kos_chosen_message_OT; vector_fixed_prime_setup; local_expand; tcp_two_process; p1_coeff_bit_ot_sender; SPLIT_COEFF_OT; one_batched_Kos_chosen_message_OT; vector_fixed_prime_setup; local_expand,emulated TCP network
2026-07-26T08:34:15.651329+00:00,56a80d12dc147c6f4d9452798d88f387cd1c778b,RMVOLE_NET_BENCH,RM_VECTOR_OPT,split-input-coeff-ot,vector,FAST,tcp-loopback,bench,6,0,OK,PASS,18,262144,64,16,1,35.306,27.762999999999998,35.306,"max(P0,P1)_same_phase",199.55200000000002,194.583,199.55200000000002,148.656,143.94199999999998,148.656,234.858,383.514,0.0,0.0,0.0,177393,2363905,2541152,0.6058578491210938,2378048,163250,INCLUDING_BASE_OT,7808,1,1,1998848,1998848,3,tcp_two_process; p0_coeff_bit_ot_receiver; SPLIT_COEFF_OT; one_batched_Kos_chosen_message_OT; vector_fixed_prime_setup; local_expand; tcp_two_process; p1_coeff_bit_ot_sender; SPLIT_COEFF_OT; one_batched_Kos_chosen_message_OT; vector_fixed_prime_setup; local_expand,emulated TCP network
2026-07-26T08:34:16.455524+00:00,56a80d12dc147c6f4d9452798d88f387cd1c778b,RMVOLE_NET_BENCH,RM_VECTOR_OPT,split-input-coeff-ot,vector,FAST,tcp-loopback,bench,7,0,OK,PASS,18,262144,64,16,1,35.657000000000004,28.13,35.657000000000004,"max(P0,P1)_same_phase",208.014,197.836,208.014,148.785,143.246,148.785,243.67100000000002,392.456,0.0,0.0,0.0,177393,2363905,2541152,0.6058578491210938,2378048,163250,INCLUDING_BASE_OT,7808,1,1,1998848,1998848,3,tcp_two_process; p0_coeff_bit_ot_receiver; SPLIT_COEFF_OT; one_batched_Kos_chosen_message_OT; vector_fixed_prime_setup; local_expand; tcp_two_process; p1_coeff_bit_ot_sender; SPLIT_COEFF_OT; one_batched_Kos_chosen_message_OT; vector_fixed_prime_setup; local_expand,emulated TCP network
2026-07-26T08:34:17.259793+00:00,56a80d12dc147c6f4d9452798d88f387cd1c778b,RMVOLE_NET_BENCH,RM_VECTOR_OPT,split-input-coeff-ot,vector,FAST,tcp-loopback,bench,8,0,OK,PASS,18,262144,64,16,1,35.263000000000005,27.730999999999998,35.263000000000005,"max(P0,P1)_same_phase",199.137,194.445,199.137,149.504,143.85600000000002,149.504,234.4,383.903,0.0,0.0,0.0,177393,2363905,2541152,0.6058578491210938,2378048,163250,INCLUDING_BASE_OT,7808,1,1,1998848,1998848,3,tcp_two_process; p0_coeff_bit_ot_receiver; SPLIT_COEFF_OT; one_batched_Kos_chosen_message_OT; vector_fixed_prime_setup; local_expand; tcp_two_process; p1_coeff_bit_ot_sender; SPLIT_COEFF_OT; one_batched_Kos_chosen_message_OT; vector_fixed_prime_setup; local_expand,emulated TCP network
2026-07-26T08:34:18.063828+00:00,56a80d12dc147c6f4d9452798d88f387cd1c778b,RMVOLE_NET_BENCH,RM_VECTOR_OPT,split-input-coeff-ot,vector,FAST,tcp-loopback,bench,9,0,OK,PASS,18,262144,64,16,1,35.175,27.75,35.175,"max(P0,P1)_same_phase",210.94899999999998,197.90099999999998,210.94899999999998,149.21300000000002,144.685,149.21300000000002,246.12399999999997,395.337,0.0,0.0,0.0,177393,2363905,2541152,0.6058578491210938,2378048,163250,INCLUDING_BASE_OT,7808,1,1,1998848,1998848,3,tcp_two_process; p0_coeff_bit_ot_receiver; SPLIT_COEFF_OT; one_batched_Kos_chosen_message_OT; vector_fixed_prime_setup; local_expand; tcp_two_process; p1_coeff_bit_ot_sender; SPLIT_COEFF_OT; one_batched_Kos_chosen_message_OT; vector_fixed_prime_setup; local_expand,emulated TCP network
2026-07-26T08:34:19.468597+00:00,56a80d12dc147c6f4d9452798d88f387cd1c778b,SILENT_SVOLE_TCP,SILENT_SVOLE,,,FAST,tcp-loopback,bench,-1,1,OK,PASS,18,262144,64,16,1,1191.751,1117.161,0.0,,0.0,0.0,0.0,0.0,0.0,0.0,1191.751,1191.751,745.7510000000001,552.215,0.0,32601360,247416,32848648,7.831727981567383,0,0,,0,0,0,0,0,0,"tcp_two_process; libOTe_SilentVole; semi_honest_128; MultType=ExConv7x24; BaseElem=u64; ExtElem=array<u64,M>; x=c; Z0=a; Z1=-b; tcp_two_process; libOTe_SilentVole; semi_honest_128; MultType=ExConv7x24; BaseElem=u64; ExtElem=array<u64,M>; x=c; Z0=a; Z1=-b",emulated TCP network
2026-07-26T08:34:20.873355+00:00,56a80d12dc147c6f4d9452798d88f387cd1c778b,SILENT_SVOLE_TCP,SILENT_SVOLE,,,FAST,tcp-loopback,bench,0,0,OK,PASS,18,262144,64,16,1,1190.816,1121.4820000000002,0.0,,0.0,0.0,0.0,0.0,0.0,0.0,1190.816,1190.816,746.728,551.1160000000001,0.0,32601360,247416,32848648,7.831727981567383,0,0,,0,0,0,0,0,0,"tcp_two_process; libOTe_SilentVole; semi_honest_128; MultType=ExConv7x24; BaseElem=u64; ExtElem=array<u64,M>; x=c; Z0=a; Z1=-b; tcp_two_process; libOTe_SilentVole; semi_honest_128; MultType=ExConv7x24; BaseElem=u64; ExtElem=array<u64,M>; x=c; Z0=a; Z1=-b",emulated TCP network
2026-07-26T08:34:22.278144+00:00,56a80d12dc147c6f4d9452798d88f387cd1c778b,SILENT_SVOLE_TCP,SILENT_SVOLE,,,FAST,tcp-loopback,bench,1,0,OK,PASS,18,262144,64,16,1,1186.364,1107.355,0.0,,0.0,0.0,0.0,0.0,0.0,0.0,1186.363,1186.364,738.3779999999999,545.4989999999999,0.0,32601360,247416,32848648,7.831727981567383,0,0,,0,0,0,0,0,0,"tcp_two_process; libOTe_SilentVole; semi_honest_128; MultType=ExConv7x24; BaseElem=u64; ExtElem=array<u64,M>; x=c; Z0=a; Z1=-b; tcp_two_process; libOTe_SilentVole; semi_honest_128; MultType=ExConv7x24; BaseElem=u64; ExtElem=array<u64,M>; x=c; Z0=a; Z1=-b",emulated TCP network
2026-07-26T08:34:23.683110+00:00,56a80d12dc147c6f4d9452798d88f387cd1c778b,SILENT_SVOLE_TCP,SILENT_SVOLE,,,FAST,tcp-loopback,bench,2,0,OK,PASS,18,262144,64,16,1,1188.29,1108.2730000000001,0.0,,0.0,0.0,0.0,0.0,0.0,0.0,1188.289,1188.29,741.213,547.453,0.0,32601360,247416,32848648,7.831727981567383,0,0,,0,0,0,0,0,0,"tcp_two_process; libOTe_SilentVole; semi_honest_128; MultType=ExConv7x24; BaseElem=u64; ExtElem=array<u64,M>; x=c; Z0=a; Z1=-b; tcp_two_process; libOTe_SilentVole; semi_honest_128; MultType=ExConv7x24; BaseElem=u64; ExtElem=array<u64,M>; x=c; Z0=a; Z1=-b",emulated TCP network
2026-07-26T08:34:25.138048+00:00,56a80d12dc147c6f4d9452798d88f387cd1c778b,SILENT_SVOLE_TCP,SILENT_SVOLE,,,FAST,tcp-loopback,bench,3,0,OK,PASS,18,262144,64,16,1,1198.8799999999999,1128.266,0.0,,0.0,0.0,0.0,0.0,0.0,0.0,1198.8799999999999,1198.8799999999999,745.199,556.766,0.0,32601360,247416,32848648,7.831727981567383,0,0,,0,0,0,0,0,0,"tcp_two_process; libOTe_SilentVole; semi_honest_128; MultType=ExConv7x24; BaseElem=u64; ExtElem=array<u64,M>; x=c; Z0=a; Z1=-b; tcp_two_process; libOTe_SilentVole; semi_honest_128; MultType=ExConv7x24; BaseElem=u64; ExtElem=array<u64,M>; x=c; Z0=a; Z1=-b",emulated TCP network
2026-07-26T08:34:26.542849+00:00,56a80d12dc147c6f4d9452798d88f387cd1c778b,SILENT_SVOLE_TCP,SILENT_SVOLE,,,FAST,tcp-loopback,bench,4,0,OK,PASS,18,262144,64,16,1,1188.761,1113.6509999999998,0.0,,0.0,0.0,0.0,0.0,0.0,0.0,1188.761,1188.761,744.126,548.398,0.0,32601360,247416,32848648,7.831727981567383,0,0,,0,0,0,0,0,0,"tcp_two_process; libOTe_SilentVole; semi_honest_128; MultType=ExConv7x24; BaseElem=u64; ExtElem=array<u64,M>; x=c; Z0=a; Z1=-b; tcp_two_process; libOTe_SilentVole; semi_honest_128; MultType=ExConv7x24; BaseElem=u64; ExtElem=array<u64,M>; x=c; Z0=a; Z1=-b",emulated TCP network
2026-07-26T08:34:27.997735+00:00,56a80d12dc147c6f4d9452798d88f387cd1c778b,SILENT_SVOLE_TCP,SILENT_SVOLE,,,FAST,tcp-loopback,bench,5,0,OK,PASS,18,262144,64,16,1,1197.787,1107.4740000000002,0.0,,0.0,0.0,0.0,0.0,0.0,0.0,1197.787,1197.787,744.9200000000001,556.643,0.0,32601360,247416,32848648,7.831727981567383,0,0,,0,0,0,0,0,0,"tcp_two_process; libOTe_SilentVole; semi_honest_128; MultType=ExConv7x24; BaseElem=u64; ExtElem=array<u64,M>; x=c; Z0=a; Z1=-b; tcp_two_process; libOTe_SilentVole; semi_honest_128; MultType=ExConv7x24; BaseElem=u64; ExtElem=array<u64,M>; x=c; Z0=a; Z1=-b",emulated TCP network
2026-07-26T08:34:29.402489+00:00,56a80d12dc147c6f4d9452798d88f387cd1c778b,SILENT_SVOLE_TCP,SILENT_SVOLE,,,FAST,tcp-loopback,bench,6,0,OK,PASS,18,262144,64,16,1,1186.752,1115.163,0.0,,0.0,0.0,0.0,0.0,0.0,0.0,1186.752,1186.752,743.548,547.008,0.0,32601360,247416,32848648,7.831727981567383,0,0,,0,0,0,0,0,0,"tcp_two_process; libOTe_SilentVole; semi_honest_128; MultType=ExConv7x24; BaseElem=u64; ExtElem=array<u64,M>; x=c; Z0=a; Z1=-b; tcp_two_process; libOTe_SilentVole; semi_honest_128; MultType=ExConv7x24; BaseElem=u64; ExtElem=array<u64,M>; x=c; Z0=a; Z1=-b",emulated TCP network
2026-07-26T08:34:30.807307+00:00,56a80d12dc147c6f4d9452798d88f387cd1c778b,SILENT_SVOLE_TCP,SILENT_SVOLE,,,FAST,tcp-loopback,bench,7,0,OK,PASS,18,262144,64,16,1,1188.641,1114.531,0.0,,0.0,0.0,0.0,0.0,0.0,0.0,1188.641,1188.641,745.3340000000001,547.708,0.0,32601360,247416,32848648,7.831727981567383,0,0,,0,0,0,0,0,0,"tcp_two_process; libOTe_SilentVole; semi_honest_128; MultType=ExConv7x24; BaseElem=u64; ExtElem=array<u64,M>; x=c; Z0=a; Z1=-b; tcp_two_process; libOTe_SilentVole; semi_honest_128; MultType=ExConv7x24; BaseElem=u64; ExtElem=array<u64,M>; x=c; Z0=a; Z1=-b",emulated TCP network
2026-07-26T08:34:32.212300+00:00,56a80d12dc147c6f4d9452798d88f387cd1c778b,SILENT_SVOLE_TCP,SILENT_SVOLE,,,FAST,tcp-loopback,bench,8,0,OK,PASS,18,262144,64,16,1,1185.529,1115.656,0.0,,0.0,0.0,0.0,0.0,0.0,0.0,1185.5289999999998,1185.529,747.558,544.9979999999999,0.0,32601360,247416,32848648,7.831727981567383,0,0,,0,0,0,0,0,0,"tcp_two_process; libOTe_SilentVole; semi_honest_128; MultType=ExConv7x24; BaseElem=u64; ExtElem=array<u64,M>; x=c; Z0=a; Z1=-b; tcp_two_process; libOTe_SilentVole; semi_honest_128; MultType=ExConv7x24; BaseElem=u64; ExtElem=array<u64,M>; x=c; Z0=a; Z1=-b",emulated TCP network
2026-07-26T08:34:33.667232+00:00,56a80d12dc147c6f4d9452798d88f387cd1c778b,SILENT_SVOLE_TCP,SILENT_SVOLE,,,FAST,tcp-loopback,bench,9,0,OK,PASS,18,262144,64,16,1,1194.548,1113.415,0.0,,0.0,0.0,0.0,0.0,0.0,0.0,1194.5480000000002,1194.548,746.54,554.216,0.0,32601360,247416,32848648,7.831727981567383,0,0,,0,0,0,0,0,0,"tcp_two_process; libOTe_SilentVole; semi_honest_128; MultType=ExConv7x24; BaseElem=u64; ExtElem=array<u64,M>; x=c; Z0=a; Z1=-b; tcp_two_process; libOTe_SilentVole; semi_honest_128; MultType=ExConv7x24; BaseElem=u64; ExtElem=array<u64,M>; x=c; Z0=a; Z1=-b",emulated TCP network
2026-07-26T08:34:34.621892+00:00,56a80d12dc147c6f4d9452798d88f387cd1c778b,RMVOLE_NET_BENCH,RM_VECTOR_GENERIC_SPLIT,split-input-vole,vector,FAST,tcp-loopback,bench,-1,1,OK,PASS,18,262144,64,16,1,124.426,175.136,175.136,"max(P0,P1)_same_phase",232.304,187.781,232.304,149.19299999999998,144.46800000000002,149.19299999999998,407.44,507.385,0.0,0.0,0.0,16829681,145649,16975184,4.047199249267578,16812080,163250,,0,0,0,0,0,0,"tcp_two_process; p0_noisy_vole_receiver; real_libOTe_NoisyVole_split_input_length_2t; F=array<u64,M>; G=u64; vector_fixed_prime_setup; local_expand; tcp_two_process; p1_noisy_vole_sender; real_libOTe_NoisyVole_split_input_length_2t; F=array<u64,M>; G=u64; vector_fixed_prime_setup; local_expand",emulated TCP network
2026-07-26T08:34:35.576556+00:00,56a80d12dc147c6f4d9452798d88f387cd1c778b,RMVOLE_NET_BENCH,RM_VECTOR_GENERIC_SPLIT,split-input-vole,vector,FAST,tcp-loopback,bench,0,0,OK,PASS,18,262144,64,16,1,124.84,175.71300000000002,175.71300000000002,"max(P0,P1)_same_phase",244.13000000000002,189.611,244.13000000000002,149.368,143.981,149.368,419.8430000000001,518.3370000000001,0.0,0.0,0.0,16829681,145649,16975184,4.047199249267578,16812080,163250,,0,0,0,0,0,0,"tcp_two_process; p0_noisy_vole_receiver; real_libOTe_NoisyVole_split_input_length_2t; F=array<u64,M>; G=u64; vector_fixed_prime_setup; local_expand; tcp_two_process; p1_noisy_vole_sender; real_libOTe_NoisyVole_split_input_length_2t; F=array<u64,M>; G=u64; vector_fixed_prime_setup; local_expand",emulated TCP network
2026-07-26T08:34:36.530879+00:00,56a80d12dc147c6f4d9452798d88f387cd1c778b,RMVOLE_NET_BENCH,RM_VECTOR_GENERIC_SPLIT,split-input-vole,vector,FAST,tcp-loopback,bench,1,0,OK,PASS,18,262144,64,16,1,124.516,175.475,175.475,"max(P0,P1)_same_phase",232.471,187.391,232.471,149.953,145.047,149.953,407.946,507.91299999999995,0.0,0.0,0.0,16829681,145649,16975184,4.047199249267578,16812080,163250,,0,0,0,0,0,0,"tcp_two_process; p0_noisy_vole_receiver; real_libOTe_NoisyVole_split_input_length_2t; F=array<u64,M>; G=u64; vector_fixed_prime_setup; local_expand; tcp_two_process; p1_noisy_vole_sender; real_libOTe_NoisyVole_split_input_length_2t; F=array<u64,M>; G=u64; vector_fixed_prime_setup; local_expand",emulated TCP network
2026-07-26T08:34:37.485400+00:00,56a80d12dc147c6f4d9452798d88f387cd1c778b,RMVOLE_NET_BENCH,RM_VECTOR_GENERIC_SPLIT,split-input-vole,vector,FAST,tcp-loopback,bench,2,0,OK,PASS,18,262144,64,16,1,124.941,175.966,175.966,"max(P0,P1)_same_phase",232.93,188.788,232.93,148.99599999999998,144.49200000000002,148.99599999999998,408.896,509.247,0.0,0.0,0.0,16829681,145649,16975184,4.047199249267578,16812080,163250,,0,0,0,0,0,0,"tcp_two_process; p0_noisy_vole_receiver; real_libOTe_NoisyVole_split_input_length_2t; F=array<u64,M>; G=u64; vector_fixed_prime_setup; local_expand; tcp_two_process; p1_noisy_vole_sender; real_libOTe_NoisyVole_split_input_length_2t; F=array<u64,M>; G=u64; vector_fixed_prime_setup; local_expand",emulated TCP network
2026-07-26T08:34:38.440002+00:00,56a80d12dc147c6f4d9452798d88f387cd1c778b,RMVOLE_NET_BENCH,RM_VECTOR_GENERIC_SPLIT,split-input-vole,vector,FAST,tcp-loopback,bench,3,0,OK,PASS,18,262144,64,16,1,124.667,175.996,175.996,"max(P0,P1)_same_phase",231.767,186.15599999999998,231.767,149.631,144.008,149.631,407.76300000000003,506.1600000000001,0.0,0.0,0.0,16829681,145649,16975184,4.047199249267578,16812080,163250,,0,0,0,0,0,0,"tcp_two_process; p0_noisy_vole_receiver; real_libOTe_NoisyVole_split_input_length_2t; F=array<u64,M>; G=u64; vector_fixed_prime_setup; local_expand; tcp_two_process; p1_noisy_vole_sender; real_libOTe_NoisyVole_split_input_length_2t; F=array<u64,M>; G=u64; vector_fixed_prime_setup; local_expand",emulated TCP network
2026-07-26T08:34:39.394696+00:00,56a80d12dc147c6f4d9452798d88f387cd1c778b,RMVOLE_NET_BENCH,RM_VECTOR_GENERIC_SPLIT,split-input-vole,vector,FAST,tcp-loopback,bench,4,0,OK,PASS,18,262144,64,16,1,124.735,176.006,176.006,"max(P0,P1)_same_phase",235.899,185.938,235.899,148.46200000000002,143.92,148.46200000000002,411.905,509.096,0.0,0.0,0.0,16829681,145649,16975184,4.047199249267578,16812080,163250,,0,0,0,0,0,0,"tcp_two_process; p0_noisy_vole_receiver; real_libOTe_NoisyVole_split_input_length_2t; F=array<u64,M>; G=u64; vector_fixed_prime_setup; local_expand; tcp_two_process; p1_noisy_vole_sender; real_libOTe_NoisyVole_split_input_length_2t; F=array<u64,M>; G=u64; vector_fixed_prime_setup; local_expand",emulated TCP network
2026-07-26T08:34:40.348908+00:00,56a80d12dc147c6f4d9452798d88f387cd1c778b,RMVOLE_NET_BENCH,RM_VECTOR_GENERIC_SPLIT,split-input-vole,vector,FAST,tcp-loopback,bench,5,0,OK,PASS,18,262144,64,16,1,124.935,176.156,176.156,"max(P0,P1)_same_phase",239.754,188.6,239.754,149.29899999999998,143.80200000000002,149.29899999999998,415.90999999999997,513.988,0.0,0.0,0.0,16829681,145649,16975184,4.047199249267578,16812080,163250,,0,0,0,0,0,0,"tcp_two_process; p0_noisy_vole_receiver; real_libOTe_NoisyVole_split_input_length_2t; F=array<u64,M>; G=u64; vector_fixed_prime_setup; local_expand; tcp_two_process; p1_noisy_vole_sender; real_libOTe_NoisyVole_split_input_length_2t; F=array<u64,M>; G=u64; vector_fixed_prime_setup; local_expand",emulated TCP network
2026-07-26T08:34:41.303290+00:00,56a80d12dc147c6f4d9452798d88f387cd1c778b,RMVOLE_NET_BENCH,RM_VECTOR_GENERIC_SPLIT,split-input-vole,vector,FAST,tcp-loopback,bench,6,0,OK,PASS,18,262144,64,16,1,126.51899999999999,178.207,178.207,"max(P0,P1)_same_phase",239.395,191.56500000000003,239.395,149.25,144.572,149.25,417.602,515.164,0.0,0.0,0.0,16829681,145649,16975184,4.047199249267578,16812080,163250,,0,0,0,0,0,0,"tcp_two_process; p0_noisy_vole_receiver; real_libOTe_NoisyVole_split_input_length_2t; F=array<u64,M>; G=u64; vector_fixed_prime_setup; local_expand; tcp_two_process; p1_noisy_vole_sender; real_libOTe_NoisyVole_split_input_length_2t; F=array<u64,M>; G=u64; vector_fixed_prime_setup; local_expand",emulated TCP network
2026-07-26T08:34:42.257632+00:00,56a80d12dc147c6f4d9452798d88f387cd1c778b,RMVOLE_NET_BENCH,RM_VECTOR_GENERIC_SPLIT,split-input-vole,vector,FAST,tcp-loopback,bench,7,0,OK,PASS,18,262144,64,16,1,125.21799999999999,176.12900000000002,176.12900000000002,"max(P0,P1)_same_phase",232.784,188.507,232.784,149.503,146.678,149.503,408.913,511.314,0.0,0.0,0.0,16829681,145649,16975184,4.047199249267578,16812080,163250,,0,0,0,0,0,0,"tcp_two_process; p0_noisy_vole_receiver; real_libOTe_NoisyVole_split_input_length_2t; F=array<u64,M>; G=u64; vector_fixed_prime_setup; local_expand; tcp_two_process; p1_noisy_vole_sender; real_libOTe_NoisyVole_split_input_length_2t; F=array<u64,M>; G=u64; vector_fixed_prime_setup; local_expand",emulated TCP network
2026-07-26T08:34:43.211950+00:00,56a80d12dc147c6f4d9452798d88f387cd1c778b,RMVOLE_NET_BENCH,RM_VECTOR_GENERIC_SPLIT,split-input-vole,vector,FAST,tcp-loopback,bench,8,0,OK,PASS,18,262144,64,16,1,125.20800000000001,176.174,176.174,"max(P0,P1)_same_phase",236.73,186.138,236.73,148.251,143.832,148.251,412.904,510.19000000000005,0.0,0.0,0.0,16829681,145649,16975184,4.047199249267578,16812080,163250,,0,0,0,0,0,0,"tcp_two_process; p0_noisy_vole_receiver; real_libOTe_NoisyVole_split_input_length_2t; F=array<u64,M>; G=u64; vector_fixed_prime_setup; local_expand; tcp_two_process; p1_noisy_vole_sender; real_libOTe_NoisyVole_split_input_length_2t; F=array<u64,M>; G=u64; vector_fixed_prime_setup; local_expand",emulated TCP network
2026-07-26T08:34:44.166363+00:00,56a80d12dc147c6f4d9452798d88f387cd1c778b,RMVOLE_NET_BENCH,RM_VECTOR_GENERIC_SPLIT,split-input-vole,vector,FAST,tcp-loopback,bench,9,0,OK,PASS,18,262144,64,16,1,124.64500000000001,175.975,175.975,"max(P0,P1)_same_phase",238.165,187.805,238.165,149.029,144.084,149.029,414.14,511.83900000000006,0.0,0.0,0.0,16829681,145649,16975184,4.047199249267578,16812080,163250,,0,0,0,0,0,0,"tcp_two_process; p0_noisy_vole_receiver; real_libOTe_NoisyVole_split_input_length_2t; F=array<u64,M>; G=u64; vector_fixed_prime_setup; local_expand; tcp_two_process; p1_noisy_vole_sender; real_libOTe_NoisyVole_split_input_length_2t; F=array<u64,M>; G=u64; vector_fixed_prime_setup; local_expand",emulated TCP network
2026-07-26T08:34:45.321350+00:00,56a80d12dc147c6f4d9452798d88f387cd1c778b,RMVOLE_NET_BENCH,RM_VECTOR_OPT,split-input-coeff-ot,vector,FAST,tcp-loopback,bench,-1,1,OK,PASS,18,262144,64,32,1,41.019,32.736000000000004,41.019,"max(P0,P1)_same_phase",295.137,279.52700000000004,295.137,296.769,290.611,296.769,336.156,632.9240000000001,0.0,0.0,0.0,177521,4428289,4605536,0.5490226745605469,4376896,228914,INCLUDING_BASE_OT,7808,1,1,3997696,3997696,3,tcp_two_process; p0_coeff_bit_ot_receiver; SPLIT_COEFF_OT; one_batched_Kos_chosen_message_OT; vector_fixed_prime_setup; local_expand; tcp_two_process; p1_coeff_bit_ot_sender; SPLIT_COEFF_OT; one_batched_Kos_chosen_message_OT; vector_fixed_prime_setup; local_expand,emulated TCP network
2026-07-26T08:34:46.478580+00:00,56a80d12dc147c6f4d9452798d88f387cd1c778b,RMVOLE_NET_BENCH,RM_VECTOR_OPT,split-input-coeff-ot,vector,FAST,tcp-loopback,bench,0,0,OK,PASS,18,262144,64,32,1,40.897000000000006,33.096000000000004,40.897000000000006,"max(P0,P1)_same_phase",280.128,273.716,280.128,295.53499999999997,287.659,295.53499999999997,321.025,616.559,0.0,0.0,0.0,177521,4428289,4605536,0.5490226745605469,4376896,228914,INCLUDING_BASE_OT,7808,1,1,3997696,3997696,3,tcp_two_process; p0_coeff_bit_ot_receiver; SPLIT_COEFF_OT; one_batched_Kos_chosen_message_OT; vector_fixed_prime_setup; local_expand; tcp_two_process; p1_coeff_bit_ot_sender; SPLIT_COEFF_OT; one_batched_Kos_chosen_message_OT; vector_fixed_prime_setup; local_expand,emulated TCP network
2026-07-26T08:34:47.634009+00:00,56a80d12dc147c6f4d9452798d88f387cd1c778b,RMVOLE_NET_BENCH,RM_VECTOR_OPT,split-input-coeff-ot,vector,FAST,tcp-loopback,bench,1,0,OK,PASS,18,262144,64,32,1,41.102,33.452000000000005,41.102,"max(P0,P1)_same_phase",278.165,270.307,278.165,296.794,288.431,296.794,319.267,616.062,0.0,0.0,0.0,177521,4428289,4605536,0.5490226745605469,4376896,228914,INCLUDING_BASE_OT,7808,1,1,3997696,3997696,3,tcp_two_process; p0_coeff_bit_ot_receiver; SPLIT_COEFF_OT; one_batched_Kos_chosen_message_OT; vector_fixed_prime_setup; local_expand; tcp_two_process; p1_coeff_bit_ot_sender; SPLIT_COEFF_OT; one_batched_Kos_chosen_message_OT; vector_fixed_prime_setup; local_expand,emulated TCP network
2026-07-26T08:34:48.793367+00:00,56a80d12dc147c6f4d9452798d88f387cd1c778b,RMVOLE_NET_BENCH,RM_VECTOR_OPT,split-input-coeff-ot,vector,FAST,tcp-loopback,bench,2,0,OK,PASS,18,262144,64,32,1,40.785000000000004,32.542,40.785000000000004,"max(P0,P1)_same_phase",277.475,270.371,277.475,333.75,317.07099999999997,333.75,318.26000000000005,652.01,0.0,0.0,0.0,177521,4428289,4605536,0.5490226745605469,4376896,228914,INCLUDING_BASE_OT,7808,1,1,3997696,3997696,3,tcp_two_process; p0_coeff_bit_ot_receiver; SPLIT_COEFF_OT; one_batched_Kos_chosen_message_OT; vector_fixed_prime_setup; local_expand; tcp_two_process; p1_coeff_bit_ot_sender; SPLIT_COEFF_OT; one_batched_Kos_chosen_message_OT; vector_fixed_prime_setup; local_expand,emulated TCP network
2026-07-26T08:34:50.049443+00:00,56a80d12dc147c6f4d9452798d88f387cd1c778b,RMVOLE_NET_BENCH,RM_VECTOR_OPT,split-input-coeff-ot,vector,FAST,tcp-loopback,bench,3,0,OK,PASS,18,262144,64,32,1,52.863,44.751,52.863,"max(P0,P1)_same_phase",291.507,291.248,291.507,296.98400000000004,285.308,296.98400000000004,344.37,641.3539999999999,0.0,0.0,0.0,177521,4428289,4605536,0.5490226745605469,4376896,228914,INCLUDING_BASE_OT,7808,1,1,3997696,3997696,3,tcp_two_process; p0_coeff_bit_ot_receiver; SPLIT_COEFF_OT; one_batched_Kos_chosen_message_OT; vector_fixed_prime_setup; local_expand; tcp_two_process; p1_coeff_bit_ot_sender; SPLIT_COEFF_OT; one_batched_Kos_chosen_message_OT; vector_fixed_prime_setup; local_expand,emulated TCP network
2026-07-26T08:34:51.204858+00:00,56a80d12dc147c6f4d9452798d88f387cd1c778b,RMVOLE_NET_BENCH,RM_VECTOR_OPT,split-input-coeff-ot,vector,FAST,tcp-loopback,bench,4,0,OK,PASS,18,262144,64,32,1,40.84,32.555,40.84,"max(P0,P1)_same_phase",275.357,274.533,275.357,295.131,285.77200000000005,295.131,316.197,611.328,0.0,0.0,0.0,177521,4428289,4605536,0.5490226745605469,4376896,228914,INCLUDING_BASE_OT,7808,1,1,3997696,3997696,3,tcp_two_process; p0_coeff_bit_ot_receiver; SPLIT_COEFF_OT; one_batched_Kos_chosen_message_OT; vector_fixed_prime_setup; local_expand; tcp_two_process; p1_coeff_bit_ot_sender; SPLIT_COEFF_OT; one_batched_Kos_chosen_message_OT; vector_fixed_prime_setup; local_expand,emulated TCP network
2026-07-26T08:34:52.359940+00:00,56a80d12dc147c6f4d9452798d88f387cd1c778b,RMVOLE_NET_BENCH,RM_VECTOR_OPT,split-input-coeff-ot,vector,FAST,tcp-loopback,bench,5,0,OK,PASS,18,262144,64,32,1,40.82,32.727,40.82,"max(P0,P1)_same_phase",280.383,274.97700000000003,280.383,294.35499999999996,284.957,294.35499999999996,321.203,615.558,0.0,0.0,0.0,177521,4428289,4605536,0.5490226745605469,4376896,228914,INCLUDING_BASE_OT,7808,1,1,3997696,3997696,3,tcp_two_process; p0_coeff_bit_ot_receiver; SPLIT_COEFF_OT; one_batched_Kos_chosen_message_OT; vector_fixed_prime_setup; local_expand; tcp_two_process; p1_coeff_bit_ot_sender; SPLIT_COEFF_OT; one_batched_Kos_chosen_message_OT; vector_fixed_prime_setup; local_expand,emulated TCP network
2026-07-26T08:34:53.464813+00:00,56a80d12dc147c6f4d9452798d88f387cd1c778b,RMVOLE_NET_BENCH,RM_VECTOR_OPT,split-input-coeff-ot,vector,FAST,tcp-loopback,bench,6,0,OK,PASS,18,262144,64,32,1,41.089,33.162,41.089,"max(P0,P1)_same_phase",273.281,270.835,273.281,293.562,288.972,293.562,314.37,607.931,0.0,0.0,0.0,177521,4428289,4605536,0.5490226745605469,4376896,228914,INCLUDING_BASE_OT,7808,1,1,3997696,3997696,3,tcp_two_process; p0_coeff_bit_ot_receiver; SPLIT_COEFF_OT; one_batched_Kos_chosen_message_OT; vector_fixed_prime_setup; local_expand; tcp_two_process; p1_coeff_bit_ot_sender; SPLIT_COEFF_OT; one_batched_Kos_chosen_message_OT; vector_fixed_prime_setup; local_expand,emulated TCP network
2026-07-26T08:34:54.619706+00:00,56a80d12dc147c6f4d9452798d88f387cd1c778b,RMVOLE_NET_BENCH,RM_VECTOR_OPT,split-input-coeff-ot,vector,FAST,tcp-loopback,bench,7,0,OK,PASS,18,262144,64,32,1,40.969,33.407,40.969,"max(P0,P1)_same_phase",283.014,274.31,283.014,294.25600000000003,284.174,294.25600000000003,323.983,618.239,0.0,0.0,0.0,177521,4428289,4605536,0.5490226745605469,4376896,228914,INCLUDING_BASE_OT,7808,1,1,3997696,3997696,3,tcp_two_process; p0_coeff_bit_ot_receiver; SPLIT_COEFF_OT; one_batched_Kos_chosen_message_OT; vector_fixed_prime_setup; local_expand; tcp_two_process; p1_coeff_bit_ot_sender; SPLIT_COEFF_OT; one_batched_Kos_chosen_message_OT; vector_fixed_prime_setup; local_expand,emulated TCP network
2026-07-26T08:34:55.774469+00:00,56a80d12dc147c6f4d9452798d88f387cd1c778b,RMVOLE_NET_BENCH,RM_VECTOR_OPT,split-input-coeff-ot,vector,FAST,tcp-loopback,bench,8,0,OK,PASS,18,262144,64,32,1,40.79,32.992,40.79,"max(P0,P1)_same_phase",277.447,270.16499999999996,277.447,294.12899999999996,287.28700000000003,294.12899999999996,318.237,612.366,0.0,0.0,0.0,177521,4428289,4605536,0.5490226745605469,4376896,228914,INCLUDING_BASE_OT,7808,1,1,3997696,3997696,3,tcp_two_process; p0_coeff_bit_ot_receiver; SPLIT_COEFF_OT; one_batched_Kos_chosen_message_OT; vector_fixed_prime_setup; local_expand; tcp_two_process; p1_coeff_bit_ot_sender; SPLIT_COEFF_OT; one_batched_Kos_chosen_message_OT; vector_fixed_prime_setup; local_expand,emulated TCP network
2026-07-26T08:34:56.929564+00:00,56a80d12dc147c6f4d9452798d88f387cd1c778b,RMVOLE_NET_BENCH,RM_VECTOR_OPT,split-input-coeff-ot,vector,FAST,tcp-loopback,bench,9,0,OK,PASS,18,262144,64,32,1,40.966,32.682,40.966,"max(P0,P1)_same_phase",274.764,273.385,274.764,299.517,294.31600000000003,299.517,315.73,615.247,0.0,0.0,0.0,177521,4428289,4605536,0.5490226745605469,4376896,228914,INCLUDING_BASE_OT,7808,1,1,3997696,3997696,3,tcp_two_process; p0_coeff_bit_ot_receiver; SPLIT_COEFF_OT; one_batched_Kos_chosen_message_OT; vector_fixed_prime_setup; local_expand; tcp_two_process; p1_coeff_bit_ot_sender; SPLIT_COEFF_OT; one_batched_Kos_chosen_message_OT; vector_fixed_prime_setup; local_expand,emulated TCP network
2026-07-26T08:34:59.087912+00:00,56a80d12dc147c6f4d9452798d88f387cd1c778b,SILENT_SVOLE_TCP,SILENT_SVOLE,,,FAST,tcp-loopback,bench,-1,1,OK,PASS,18,262144,64,32,1,1897.252,1827.509,0.0,,0.0,0.0,0.0,0.0,0.0,0.0,1897.252,1897.252,1358.2549999999999,831.495,0.0,130119056,407160,130525960,15.559906959533691,0,0,,0,0,0,0,0,0,"tcp_two_process; libOTe_SilentVole; semi_honest_128; MultType=ExConv7x24; BaseElem=u64; ExtElem=array<u64,M>; x=c; Z0=a; Z1=-b; tcp_two_process; libOTe_SilentVole; semi_honest_128; MultType=ExConv7x24; BaseElem=u64; ExtElem=array<u64,M>; x=c; Z0=a; Z1=-b",emulated TCP network
2026-07-26T08:35:01.143718+00:00,56a80d12dc147c6f4d9452798d88f387cd1c778b,SILENT_SVOLE_TCP,SILENT_SVOLE,,,FAST,tcp-loopback,bench,0,0,OK,PASS,18,262144,64,32,1,1815.457,1739.239,0.0,,0.0,0.0,0.0,0.0,0.0,0.0,1815.456,1815.457,1281.9560000000001,806.603,0.0,130119056,407160,130525960,15.559906959533691,0,0,,0,0,0,0,0,0,"tcp_two_process; libOTe_SilentVole; semi_honest_128; MultType=ExConv7x24; BaseElem=u64; ExtElem=array<u64,M>; x=c; Z0=a; Z1=-b; tcp_two_process; libOTe_SilentVole; semi_honest_128; MultType=ExConv7x24; BaseElem=u64; ExtElem=array<u64,M>; x=c; Z0=a; Z1=-b",emulated TCP network
2026-07-26T08:35:03.199455+00:00,56a80d12dc147c6f4d9452798d88f387cd1c778b,SILENT_SVOLE_TCP,SILENT_SVOLE,,,FAST,tcp-loopback,bench,1,0,OK,PASS,18,262144,64,32,1,1841.748,1748.772,0.0,,0.0,0.0,0.0,0.0,0.0,0.0,1841.748,1841.748,1288.4180000000001,835.0840000000001,0.0,130119056,407160,130525960,15.559906959533691,0,0,,0,0,0,0,0,0,"tcp_two_process; libOTe_SilentVole; semi_honest_128; MultType=ExConv7x24; BaseElem=u64; ExtElem=array<u64,M>; x=c; Z0=a; Z1=-b; tcp_two_process; libOTe_SilentVole; semi_honest_128; MultType=ExConv7x24; BaseElem=u64; ExtElem=array<u64,M>; x=c; Z0=a; Z1=-b",emulated TCP network
2026-07-26T08:35:05.305194+00:00,56a80d12dc147c6f4d9452798d88f387cd1c778b,SILENT_SVOLE_TCP,SILENT_SVOLE,,,FAST,tcp-loopback,bench,2,0,OK,PASS,18,262144,64,32,1,1846.619,1746.125,0.0,,0.0,0.0,0.0,0.0,0.0,0.0,1846.62,1846.619,1287.913,840.3119999999999,0.0,130119056,407160,130525960,15.559906959533691,0,0,,0,0,0,0,0,0,"tcp_two_process; libOTe_SilentVole; semi_honest_128; MultType=ExConv7x24; BaseElem=u64; ExtElem=array<u64,M>; x=c; Z0=a; Z1=-b; tcp_two_process; libOTe_SilentVole; semi_honest_128; MultType=ExConv7x24; BaseElem=u64; ExtElem=array<u64,M>; x=c; Z0=a; Z1=-b",emulated TCP network
2026-07-26T08:35:07.360722+00:00,56a80d12dc147c6f4d9452798d88f387cd1c778b,SILENT_SVOLE_TCP,SILENT_SVOLE,,,FAST,tcp-loopback,bench,3,0,OK,PASS,18,262144,64,32,1,1815.462,1744.501,0.0,,0.0,0.0,0.0,0.0,0.0,0.0,1815.462,1815.462,1285.674,808.168,0.0,130119056,407160,130525960,15.559906959533691,0,0,,0,0,0,0,0,0,"tcp_two_process; libOTe_SilentVole; semi_honest_128; MultType=ExConv7x24; BaseElem=u64; ExtElem=array<u64,M>; x=c; Z0=a; Z1=-b; tcp_two_process; libOTe_SilentVole; semi_honest_128; MultType=ExConv7x24; BaseElem=u64; ExtElem=array<u64,M>; x=c; Z0=a; Z1=-b",emulated TCP network
2026-07-26T08:35:09.466370+00:00,56a80d12dc147c6f4d9452798d88f387cd1c778b,SILENT_SVOLE_TCP,SILENT_SVOLE,,,FAST,tcp-loopback,bench,4,0,OK,PASS,18,262144,64,32,1,1845.38,1750.362,0.0,,0.0,0.0,0.0,0.0,0.0,0.0,1845.38,1845.38,1291.138,836.783,0.0,130119056,407160,130525960,15.559906959533691,0,0,,0,0,0,0,0,0,"tcp_two_process; libOTe_SilentVole; semi_honest_128; MultType=ExConv7x24; BaseElem=u64; ExtElem=array<u64,M>; x=c; Z0=a; Z1=-b; tcp_two_process; libOTe_SilentVole; semi_honest_128; MultType=ExConv7x24; BaseElem=u64; ExtElem=array<u64,M>; x=c; Z0=a; Z1=-b",emulated TCP network
2026-07-26T08:35:11.521938+00:00,56a80d12dc147c6f4d9452798d88f387cd1c778b,SILENT_SVOLE_TCP,SILENT_SVOLE,,,FAST,tcp-loopback,bench,5,0,OK,PASS,18,262144,64,32,1,1825.2060000000001,1747.329,0.0,,0.0,0.0,0.0,0.0,0.0,0.0,1825.205,1825.2060000000001,1289.899,816.052,0.0,130119056,407160,130525960,15.559906959533691,0,0,,0,0,0,0,0,0,"tcp_two_process; libOTe_SilentVole; semi_honest_128; MultType=ExConv7x24; BaseElem=u64; ExtElem=array<u64,M>; x=c; Z0=a; Z1=-b; tcp_two_process; libOTe_SilentVole; semi_honest_128; MultType=ExConv7x24; BaseElem=u64; ExtElem=array<u64,M>; x=c; Z0=a; Z1=-b",emulated TCP network
2026-07-26T08:35:13.577441+00:00,56a80d12dc147c6f4d9452798d88f387cd1c778b,SILENT_SVOLE_TCP,SILENT_SVOLE,,,FAST,tcp-loopback,bench,6,0,OK,PASS,18,262144,64,32,1,1822.139,1752.456,0.0,,0.0,0.0,0.0,0.0,0.0,0.0,1822.1380000000001,1822.139,1291.242,812.97,0.0,130119056,407160,130525960,15.559906959533691,0,0,,0,0,0,0,0,0,"tcp_two_process; libOTe_SilentVole; semi_honest_128; MultType=ExConv7x24; BaseElem=u64; ExtElem=array<u64,M>; x=c; Z0=a; Z1=-b; tcp_two_process; libOTe_SilentVole; semi_honest_128; MultType=ExConv7x24; BaseElem=u64; ExtElem=array<u64,M>; x=c; Z0=a; Z1=-b",emulated TCP network
2026-07-26T08:35:15.632980+00:00,56a80d12dc147c6f4d9452798d88f387cd1c778b,SILENT_SVOLE_TCP,SILENT_SVOLE,,,FAST,tcp-loopback,bench,7,0,OK,PASS,18,262144,64,32,1,1819.691,1746.14,0.0,,0.0,0.0,0.0,0.0,0.0,0.0,1819.6910000000003,1819.691,1289.405,809.6640000000001,0.0,130119056,407160,130525960,15.559906959533691,0,0,,0,0,0,0,0,0,"tcp_two_process; libOTe_SilentVole; semi_honest_128; MultType=ExConv7x24; BaseElem=u64; ExtElem=array<u64,M>; x=c; Z0=a; Z1=-b; tcp_two_process; libOTe_SilentVole; semi_honest_128; MultType=ExConv7x24; BaseElem=u64; ExtElem=array<u64,M>; x=c; Z0=a; Z1=-b",emulated TCP network
2026-07-26T08:35:17.738578+00:00,56a80d12dc147c6f4d9452798d88f387cd1c778b,SILENT_SVOLE_TCP,SILENT_SVOLE,,,FAST,tcp-loopback,bench,8,0,OK,PASS,18,262144,64,32,1,1849.95,1742.2640000000001,0.0,,0.0,0.0,0.0,0.0,0.0,0.0,1849.9500000000003,1849.95,1286.5059999999999,842.731,0.0,130119056,407160,130525960,15.559906959533691,0,0,,0,0,0,0,0,0,"tcp_two_process; libOTe_SilentVole; semi_honest_128; MultType=ExConv7x24; BaseElem=u64; ExtElem=array<u64,M>; x=c; Z0=a; Z1=-b; tcp_two_process; libOTe_SilentVole; semi_honest_128; MultType=ExConv7x24; BaseElem=u64; ExtElem=array<u64,M>; x=c; Z0=a; Z1=-b",emulated TCP network
2026-07-26T08:35:19.844336+00:00,56a80d12dc147c6f4d9452798d88f387cd1c778b,SILENT_SVOLE_TCP,SILENT_SVOLE,,,FAST,tcp-loopback,bench,9,0,OK,PASS,18,262144,64,32,1,1845.6699999999998,1749.855,0.0,,0.0,0.0,0.0,0.0,0.0,0.0,1845.6699999999998,1845.6699999999998,1289.5339999999999,835.04,0.0,130119056,407160,130525960,15.559906959533691,0,0,,0,0,0,0,0,0,"tcp_two_process; libOTe_SilentVole; semi_honest_128; MultType=ExConv7x24; BaseElem=u64; ExtElem=array<u64,M>; x=c; Z0=a; Z1=-b; tcp_two_process; libOTe_SilentVole; semi_honest_128; MultType=ExConv7x24; BaseElem=u64; ExtElem=array<u64,M>; x=c; Z0=a; Z1=-b",emulated TCP network
2026-07-26T08:35:21.399516+00:00,56a80d12dc147c6f4d9452798d88f387cd1c778b,RMVOLE_NET_BENCH,RM_VECTOR_GENERIC_SPLIT,split-input-vole,vector,FAST,tcp-loopback,bench,-1,1,OK,PASS,18,262144,64,32,1,303.755,449.349,449.349,"max(P0,P1)_same_phase",362.673,266.866,362.673,293.39300000000003,284.68,293.39300000000003,812.0219999999999,1000.8950000000001,0.0,0.0,0.0,67161457,246001,67407184,8.035562515258789,67178544,228914,,0,0,0,0,0,0,"tcp_two_process; p0_noisy_vole_receiver; real_libOTe_NoisyVole_split_input_length_2t; F=array<u64,M>; G=u64; vector_fixed_prime_setup; local_expand; tcp_two_process; p1_noisy_vole_sender; real_libOTe_NoisyVole_split_input_length_2t; F=array<u64,M>; G=u64; vector_fixed_prime_setup; local_expand",emulated TCP network
2026-07-26T08:35:22.954710+00:00,56a80d12dc147c6f4d9452798d88f387cd1c778b,RMVOLE_NET_BENCH,RM_VECTOR_GENERIC_SPLIT,split-input-vole,vector,FAST,tcp-loopback,bench,0,0,OK,PASS,18,262144,64,32,1,302.02099999999996,447.57099999999997,447.57099999999997,"max(P0,P1)_same_phase",363.24,267.195,363.24,293.65200000000004,285.951,293.65200000000004,810.8109999999999,1000.7170000000001,0.0,0.0,0.0,67161457,246001,67407184,8.035562515258789,67178544,228914,,0,0,0,0,0,0,"tcp_two_process; p0_noisy_vole_receiver; real_libOTe_NoisyVole_split_input_length_2t; F=array<u64,M>; G=u64; vector_fixed_prime_setup; local_expand; tcp_two_process; p1_noisy_vole_sender; real_libOTe_NoisyVole_split_input_length_2t; F=array<u64,M>; G=u64; vector_fixed_prime_setup; local_expand",emulated TCP network
2026-07-26T08:35:24.509849+00:00,56a80d12dc147c6f4d9452798d88f387cd1c778b,RMVOLE_NET_BENCH,RM_VECTOR_GENERIC_SPLIT,split-input-vole,vector,FAST,tcp-loopback,bench,1,0,OK,PASS,18,262144,64,32,1,305.514,451.308,451.308,"max(P0,P1)_same_phase",366.53000000000003,267.658,366.53000000000003,292.874,286.235,292.874,817.838,1005.2019999999999,0.0,0.0,0.0,67161457,246001,67407184,8.035562515258789,67178544,228914,,0,0,0,0,0,0,"tcp_two_process; p0_noisy_vole_receiver; real_libOTe_NoisyVole_split_input_length_2t; F=array<u64,M>; G=u64; vector_fixed_prime_setup; local_expand; tcp_two_process; p1_noisy_vole_sender; real_libOTe_NoisyVole_split_input_length_2t; F=array<u64,M>; G=u64; vector_fixed_prime_setup; local_expand",emulated TCP network
2026-07-26T08:35:26.064948+00:00,56a80d12dc147c6f4d9452798d88f387cd1c778b,RMVOLE_NET_BENCH,RM_VECTOR_GENERIC_SPLIT,split-input-vole,vector,FAST,tcp-loopback,bench,2,0,OK,PASS,18,262144,64,32,1,301.911,447.124,447.124,"max(P0,P1)_same_phase",371.68899999999996,275.646,371.68899999999996,293.327,284.66700000000003,293.327,818.813,1007.4369999999999,0.0,0.0,0.0,67161457,246001,67407184,8.035562515258789,67178544,228914,,0,0,0,0,0,0,"tcp_two_process; p0_noisy_vole_receiver; real_libOTe_NoisyVole_split_input_length_2t; F=array<u64,M>; G=u64; vector_fixed_prime_setup; local_expand; tcp_two_process; p1_noisy_vole_sender; real_libOTe_NoisyVole_split_input_length_2t; F=array<u64,M>; G=u64; vector_fixed_prime_setup; local_expand",emulated TCP network
2026-07-26T08:35:27.619896+00:00,56a80d12dc147c6f4d9452798d88f387cd1c778b,RMVOLE_NET_BENCH,RM_VECTOR_GENERIC_SPLIT,split-input-vole,vector,FAST,tcp-loopback,bench,3,0,OK,PASS,18,262144,64,32,1,302.187,448.308,448.308,"max(P0,P1)_same_phase",361.91200000000003,264.407,361.91200000000003,293.254,284.136,293.254,810.22,996.851,0.0,0.0,0.0,67161457,246001,67407184,8.035562515258789,67178544,228914,,0,0,0,0,0,0,"tcp_two_process; p0_noisy_vole_receiver; real_libOTe_NoisyVole_split_input_length_2t; F=array<u64,M>; G=u64; vector_fixed_prime_setup; local_expand; tcp_two_process; p1_noisy_vole_sender; real_libOTe_NoisyVole_split_input_length_2t; F=array<u64,M>; G=u64; vector_fixed_prime_setup; local_expand",emulated TCP network
2026-07-26T08:35:29.174963+00:00,56a80d12dc147c6f4d9452798d88f387cd1c778b,RMVOLE_NET_BENCH,RM_VECTOR_GENERIC_SPLIT,split-input-vole,vector,FAST,tcp-loopback,bench,4,0,OK,PASS,18,262144,64,32,1,301.91,447.644,447.644,"max(P0,P1)_same_phase",363.846,266.63100000000003,363.846,294.074,286.873,294.074,811.49,1001.1479999999999,0.0,0.0,0.0,67161457,246001,67407184,8.035562515258789,67178544,228914,,0,0,0,0,0,0,"tcp_two_process; p0_noisy_vole_receiver; real_libOTe_NoisyVole_split_input_length_2t; F=array<u64,M>; G=u64; vector_fixed_prime_setup; local_expand; tcp_two_process; p1_noisy_vole_sender; real_libOTe_NoisyVole_split_input_length_2t; F=array<u64,M>; G=u64; vector_fixed_prime_setup; local_expand",emulated TCP network
2026-07-26T08:35:30.730178+00:00,56a80d12dc147c6f4d9452798d88f387cd1c778b,RMVOLE_NET_BENCH,RM_VECTOR_GENERIC_SPLIT,split-input-vole,vector,FAST,tcp-loopback,bench,5,0,OK,PASS,18,262144,64,32,1,304.641,449.99,449.99,"max(P0,P1)_same_phase",362.918,263.166,362.918,292.887,283.057,292.887,812.908,996.214,0.0,0.0,0.0,67161457,246001,67407184,8.035562515258789,67178544,228914,,0,0,0,0,0,0,"tcp_two_process; p0_noisy_vole_receiver; real_libOTe_NoisyVole_split_input_length_2t; F=array<u64,M>; G=u64; vector_fixed_prime_setup; local_expand; tcp_two_process; p1_noisy_vole_sender; real_libOTe_NoisyVole_split_input_length_2t; F=array<u64,M>; G=u64; vector_fixed_prime_setup; local_expand",emulated TCP network
2026-07-26T08:35:32.285240+00:00,56a80d12dc147c6f4d9452798d88f387cd1c778b,RMVOLE_NET_BENCH,RM_VECTOR_GENERIC_SPLIT,split-input-vole,vector,FAST,tcp-loopback,bench,6,0,OK,PASS,18,262144,64,32,1,301.99,447.565,447.565,"max(P0,P1)_same_phase",363.183,264.23,363.183,293.01800000000003,284.43800000000005,293.01800000000003,810.748,996.2330000000001,0.0,0.0,0.0,67161457,246001,67407184,8.035562515258789,67178544,228914,,0,0,0,0,0,0,"tcp_two_process; p0_noisy_vole_receiver; real_libOTe_NoisyVole_split_input_length_2t; F=array<u64,M>; G=u64; vector_fixed_prime_setup; local_expand; tcp_two_process; p1_noisy_vole_sender; real_libOTe_NoisyVole_split_input_length_2t; F=array<u64,M>; G=u64; vector_fixed_prime_setup; local_expand",emulated TCP network
2026-07-26T08:35:33.840163+00:00,56a80d12dc147c6f4d9452798d88f387cd1c778b,RMVOLE_NET_BENCH,RM_VECTOR_GENERIC_SPLIT,split-input-vole,vector,FAST,tcp-loopback,bench,7,0,OK,PASS,18,262144,64,32,1,301.349,446.395,446.395,"max(P0,P1)_same_phase",359.82399999999996,262.986,359.82399999999996,291.922,283.839,291.922,806.2189999999999,993.2189999999999,0.0,0.0,0.0,67161457,246001,67407184,8.035562515258789,67178544,228914,,0,0,0,0,0,0,"tcp_two_process; p0_noisy_vole_receiver; real_libOTe_NoisyVole_split_input_length_2t; F=array<u64,M>; G=u64; vector_fixed_prime_setup; local_expand; tcp_two_process; p1_noisy_vole_sender; real_libOTe_NoisyVole_split_input_length_2t; F=array<u64,M>; G=u64; vector_fixed_prime_setup; local_expand",emulated TCP network
2026-07-26T08:35:35.395103+00:00,56a80d12dc147c6f4d9452798d88f387cd1c778b,RMVOLE_NET_BENCH,RM_VECTOR_GENERIC_SPLIT,split-input-vole,vector,FAST,tcp-loopback,bench,8,0,OK,PASS,18,262144,64,32,1,303.585,449.389,449.389,"max(P0,P1)_same_phase",368.575,269.16200000000003,368.575,292.651,284.46700000000004,292.651,817.9639999999999,1003.0179999999999,0.0,0.0,0.0,67161457,246001,67407184,8.035562515258789,67178544,228914,,0,0,0,0,0,0,"tcp_two_process; p0_noisy_vole_receiver; real_libOTe_NoisyVole_split_input_length_2t; F=array<u64,M>; G=u64; vector_fixed_prime_setup; local_expand; tcp_two_process; p1_noisy_vole_sender; real_libOTe_NoisyVole_split_input_length_2t; F=array<u64,M>; G=u64; vector_fixed_prime_setup; local_expand",emulated TCP network
2026-07-26T08:35:36.949993+00:00,56a80d12dc147c6f4d9452798d88f387cd1c778b,RMVOLE_NET_BENCH,RM_VECTOR_GENERIC_SPLIT,split-input-vole,vector,FAST,tcp-loopback,bench,9,0,OK,PASS,18,262144,64,32,1,301.789,446.795,446.795,"max(P0,P1)_same_phase",366.11199999999997,265.887,366.11199999999997,292.798,284.47299999999996,292.798,812.9069999999999,997.155,0.0,0.0,0.0,67161457,246001,67407184,8.035562515258789,67178544,228914,,0,0,0,0,0,0,"tcp_two_process; p0_noisy_vole_receiver; real_libOTe_NoisyVole_split_input_length_2t; F=array<u64,M>; G=u64; vector_fixed_prime_setup; local_expand; tcp_two_process; p1_noisy_vole_sender; real_libOTe_NoisyVole_split_input_length_2t; F=array<u64,M>; G=u64; vector_fixed_prime_setup; local_expand",emulated TCP network
2026-07-26T08:35:38.354950+00:00,56a80d12dc147c6f4d9452798d88f387cd1c778b,RMVOLE_NET_BENCH,RM_VECTOR_OPT,split-input-coeff-ot,vector,FAST,tcp-loopback,bench,-1,1,OK,PASS,20,1048576,64,8,1,32.378,25.191000000000003,32.378,"max(P0,P1)_same_phase",309.106,305.46000000000004,309.106,337.033,315.85999999999996,337.033,341.484,678.517,0.0,0.0,0.0,186033,1339905,1525856,0.18189620971679688,1378624,147314,INCLUDING_BASE_OT,7808,1,1,999424,999424,3,tcp_two_process; p0_coeff_bit_ot_receiver; SPLIT_COEFF_OT; one_batched_Kos_chosen_message_OT; vector_fixed_prime_setup; local_expand; tcp_two_process; p1_coeff_bit_ot_sender; SPLIT_COEFF_OT; one_batched_Kos_chosen_message_OT; vector_fixed_prime_setup; local_expand,emulated TCP network
2026-07-26T08:35:39.810151+00:00,56a80d12dc147c6f4d9452798d88f387cd1c778b,RMVOLE_NET_BENCH,RM_VECTOR_OPT,split-input-coeff-ot,vector,FAST,tcp-loopback,bench,0,0,OK,PASS,20,1048576,64,8,1,32.658,25.52,32.658,"max(P0,P1)_same_phase",340.307,337.181,340.307,339.384,318.667,339.384,372.96500000000003,712.349,0.0,0.0,0.0,186033,1339905,1525856,0.18189620971679688,1378624,147314,INCLUDING_BASE_OT,7808,1,1,999424,999424,3,tcp_two_process; p0_coeff_bit_ot_receiver; SPLIT_COEFF_OT; one_batched_Kos_chosen_message_OT; vector_fixed_prime_setup; local_expand; tcp_two_process; p1_coeff_bit_ot_sender; SPLIT_COEFF_OT; one_batched_Kos_chosen_message_OT; vector_fixed_prime_setup; local_expand,emulated TCP network
2026-07-26T08:35:41.215456+00:00,56a80d12dc147c6f4d9452798d88f387cd1c778b,RMVOLE_NET_BENCH,RM_VECTOR_OPT,split-input-coeff-ot,vector,FAST,tcp-loopback,bench,1,0,OK,PASS,20,1048576,64,8,1,32.685,25.518,32.685,"max(P0,P1)_same_phase",310.458,306.99399999999997,310.458,338.30199999999996,314.822,338.30199999999996,343.14300000000003,681.4449999999999,0.0,0.0,0.0,186033,1339905,1525856,0.18189620971679688,1378624,147314,INCLUDING_BASE_OT,7808,1,1,999424,999424,3,tcp_two_process; p0_coeff_bit_ot_receiver; SPLIT_COEFF_OT; one_batched_Kos_chosen_message_OT; vector_fixed_prime_setup; local_expand; tcp_two_process; p1_coeff_bit_ot_sender; SPLIT_COEFF_OT; one_batched_Kos_chosen_message_OT; vector_fixed_prime_setup; local_expand,emulated TCP network
2026-07-26T08:35:42.620663+00:00,56a80d12dc147c6f4d9452798d88f387cd1c778b,RMVOLE_NET_BENCH,RM_VECTOR_OPT,split-input-coeff-ot,vector,FAST,tcp-loopback,bench,2,0,OK,PASS,20,1048576,64,8,1,32.442,25.426000000000002,32.442,"max(P0,P1)_same_phase",308.634,307.151,308.634,340.639,315.70500000000004,340.639,341.076,681.7149999999999,0.0,0.0,0.0,186033,1339905,1525856,0.18189620971679688,1378624,147314,INCLUDING_BASE_OT,7808,1,1,999424,999424,3,tcp_two_process; p0_coeff_bit_ot_receiver; SPLIT_COEFF_OT; one_batched_Kos_chosen_message_OT; vector_fixed_prime_setup; local_expand; tcp_two_process; p1_coeff_bit_ot_sender; SPLIT_COEFF_OT; one_batched_Kos_chosen_message_OT; vector_fixed_prime_setup; local_expand,emulated TCP network
2026-07-26T08:35:44.132115+00:00,56a80d12dc147c6f4d9452798d88f387cd1c778b,RMVOLE_NET_BENCH,RM_VECTOR_OPT,split-input-coeff-ot,vector,FAST,tcp-loopback,bench,3,0,OK,PASS,20,1048576,64,8,1,36.679,27.374,36.679,"max(P0,P1)_same_phase",367.299,360.325,367.299,402.187,381.224,402.187,403.97799999999995,806.165,0.0,0.0,0.0,186033,1339905,1525856,0.18189620971679688,1378624,147314,INCLUDING_BASE_OT,7808,1,1,999424,999424,3,tcp_two_process; p0_coeff_bit_ot_receiver; SPLIT_COEFF_OT; one_batched_Kos_chosen_message_OT; vector_fixed_prime_setup; local_expand; tcp_two_process; p1_coeff_bit_ot_sender; SPLIT_COEFF_OT; one_batched_Kos_chosen_message_OT; vector_fixed_prime_setup; local_expand,emulated TCP network
2026-07-26T08:35:45.537650+00:00,56a80d12dc147c6f4d9452798d88f387cd1c778b,RMVOLE_NET_BENCH,RM_VECTOR_OPT,split-input-coeff-ot,vector,FAST,tcp-loopback,bench,4,0,OK,PASS,20,1048576,64,8,1,32.612,25.36,32.612,"max(P0,P1)_same_phase",309.11,306.97799999999995,309.11,338.362,317.463,338.362,341.72200000000004,680.085,0.0,0.0,0.0,186033,1339905,1525856,0.18189620971679688,1378624,147314,INCLUDING_BASE_OT,7808,1,1,999424,999424,3,tcp_two_process; p0_coeff_bit_ot_receiver; SPLIT_COEFF_OT; one_batched_Kos_chosen_message_OT; vector_fixed_prime_setup; local_expand; tcp_two_process; p1_coeff_bit_ot_sender; SPLIT_COEFF_OT; one_batched_Kos_chosen_message_OT; vector_fixed_prime_setup; local_expand,emulated TCP network
2026-07-26T08:35:46.942709+00:00,56a80d12dc147c6f4d9452798d88f387cd1c778b,RMVOLE_NET_BENCH,RM_VECTOR_OPT,split-input-coeff-ot,vector,FAST,tcp-loopback,bench,5,0,OK,PASS,20,1048576,64,8,1,32.253,25.228,32.253,"max(P0,P1)_same_phase",310.052,306.017,310.052,337.895,315.826,337.895,342.305,680.2,0.0,0.0,0.0,186033,1339905,1525856,0.18189620971679688,1378624,147314,INCLUDING_BASE_OT,7808,1,1,999424,999424,3,tcp_two_process; p0_coeff_bit_ot_receiver; SPLIT_COEFF_OT; one_batched_Kos_chosen_message_OT; vector_fixed_prime_setup; local_expand; tcp_two_process; p1_coeff_bit_ot_sender; SPLIT_COEFF_OT; one_batched_Kos_chosen_message_OT; vector_fixed_prime_setup; local_expand,emulated TCP network
2026-07-26T08:35:48.347774+00:00,56a80d12dc147c6f4d9452798d88f387cd1c778b,RMVOLE_NET_BENCH,RM_VECTOR_OPT,split-input-coeff-ot,vector,FAST,tcp-loopback,bench,6,0,OK,PASS,20,1048576,64,8,1,32.394,25.26,32.394,"max(P0,P1)_same_phase",307.517,304.716,307.517,337.2,314.985,337.2,339.911,677.111,0.0,0.0,0.0,186033,1339905,1525856,0.18189620971679688,1378624,147314,INCLUDING_BASE_OT,7808,1,1,999424,999424,3,tcp_two_process; p0_coeff_bit_ot_receiver; SPLIT_COEFF_OT; one_batched_Kos_chosen_message_OT; vector_fixed_prime_setup; local_expand; tcp_two_process; p1_coeff_bit_ot_sender; SPLIT_COEFF_OT; one_batched_Kos_chosen_message_OT; vector_fixed_prime_setup; local_expand,emulated TCP network
2026-07-26T08:35:49.752830+00:00,56a80d12dc147c6f4d9452798d88f387cd1c778b,RMVOLE_NET_BENCH,RM_VECTOR_OPT,split-input-coeff-ot,vector,FAST,tcp-loopback,bench,7,0,OK,PASS,20,1048576,64,8,1,32.25,25.215,32.25,"max(P0,P1)_same_phase",307.879,305.918,307.879,337.792,315.821,337.792,340.129,677.921,0.0,0.0,0.0,186033,1339905,1525856,0.18189620971679688,1378624,147314,INCLUDING_BASE_OT,7808,1,1,999424,999424,3,tcp_two_process; p0_coeff_bit_ot_receiver; SPLIT_COEFF_OT; one_batched_Kos_chosen_message_OT; vector_fixed_prime_setup; local_expand; tcp_two_process; p1_coeff_bit_ot_sender; SPLIT_COEFF_OT; one_batched_Kos_chosen_message_OT; vector_fixed_prime_setup; local_expand,emulated TCP network
2026-07-26T08:35:51.157916+00:00,56a80d12dc147c6f4d9452798d88f387cd1c778b,RMVOLE_NET_BENCH,RM_VECTOR_OPT,split-input-coeff-ot,vector,FAST,tcp-loopback,bench,8,0,OK,PASS,20,1048576,64,8,1,32.418,25.288999999999998,32.418,"max(P0,P1)_same_phase",310.302,306.99,310.302,337.858,314.967,337.858,342.72,680.578,0.0,0.0,0.0,186033,1339905,1525856,0.18189620971679688,1378624,147314,INCLUDING_BASE_OT,7808,1,1,999424,999424,3,tcp_two_process; p0_coeff_bit_ot_receiver; SPLIT_COEFF_OT; one_batched_Kos_chosen_message_OT; vector_fixed_prime_setup; local_expand; tcp_two_process; p1_coeff_bit_ot_sender; SPLIT_COEFF_OT; one_batched_Kos_chosen_message_OT; vector_fixed_prime_setup; local_expand,emulated TCP network
2026-07-26T08:35:52.563008+00:00,56a80d12dc147c6f4d9452798d88f387cd1c778b,RMVOLE_NET_BENCH,RM_VECTOR_OPT,split-input-coeff-ot,vector,FAST,tcp-loopback,bench,9,0,OK,PASS,20,1048576,64,8,1,32.525,25.461000000000002,32.525,"max(P0,P1)_same_phase",308.999,305.987,308.999,337.697,315.473,337.697,341.524,679.221,0.0,0.0,0.0,186033,1339905,1525856,0.18189620971679688,1378624,147314,INCLUDING_BASE_OT,7808,1,1,999424,999424,3,tcp_two_process; p0_coeff_bit_ot_receiver; SPLIT_COEFF_OT; one_batched_Kos_chosen_message_OT; vector_fixed_prime_setup; local_expand; tcp_two_process; p1_coeff_bit_ot_sender; SPLIT_COEFF_OT; one_batched_Kos_chosen_message_OT; vector_fixed_prime_setup; local_expand,emulated TCP network
2026-07-26T08:35:54.819450+00:00,56a80d12dc147c6f4d9452798d88f387cd1c778b,SILENT_SVOLE_TCP,SILENT_SVOLE,,,FAST,tcp-loopback,bench,-1,1,OK,PASS,20,1048576,64,8,1,1990.616,1704.242,0.0,,0.0,0.0,0.0,0.0,0.0,0.0,1990.616,1990.616,715.9929999999999,1444.108,0.0,8237776,183416,8421128,1.0038766860961914,0,0,,0,0,0,0,0,0,"tcp_two_process; libOTe_SilentVole; semi_honest_128; MultType=ExConv7x24; BaseElem=u64; ExtElem=array<u64,M>; x=c; Z0=a; Z1=-b; tcp_two_process; libOTe_SilentVole; semi_honest_128; MultType=ExConv7x24; BaseElem=u64; ExtElem=array<u64,M>; x=c; Z0=a; Z1=-b",emulated TCP network
2026-07-26T08:35:57.025646+00:00,56a80d12dc147c6f4d9452798d88f387cd1c778b,SILENT_SVOLE_TCP,SILENT_SVOLE,,,FAST,tcp-loopback,bench,0,0,OK,PASS,20,1048576,64,8,1,1972.137,1707.553,0.0,,0.0,0.0,0.0,0.0,0.0,0.0,1972.137,1972.137,717.449,1425.0810000000001,0.0,8237776,183416,8421128,1.0038766860961914,0,0,,0,0,0,0,0,0,"tcp_two_process; libOTe_SilentVole; semi_honest_128; MultType=ExConv7x24; BaseElem=u64; ExtElem=array<u64,M>; x=c; Z0=a; Z1=-b; tcp_two_process; libOTe_SilentVole; semi_honest_128; MultType=ExConv7x24; BaseElem=u64; ExtElem=array<u64,M>; x=c; Z0=a; Z1=-b",emulated TCP network
2026-07-26T08:35:59.231850+00:00,56a80d12dc147c6f4d9452798d88f387cd1c778b,SILENT_SVOLE_TCP,SILENT_SVOLE,,,FAST,tcp-loopback,bench,1,0,OK,PASS,20,1048576,64,8,1,1963.268,1716.972,0.0,,0.0,0.0,0.0,0.0,0.0,0.0,1963.268,1963.268,729.6120000000001,1417.4180000000001,0.0,8237776,183416,8421128,1.0038766860961914,0,0,,0,0,0,0,0,0,"tcp_two_process; libOTe_SilentVole; semi_honest_128; MultType=ExConv7x24; BaseElem=u64; ExtElem=array<u64,M>; x=c; Z0=a; Z1=-b; tcp_two_process; libOTe_SilentVole; semi_honest_128; MultType=ExConv7x24; BaseElem=u64; ExtElem=array<u64,M>; x=c; Z0=a; Z1=-b",emulated TCP network
2026-07-26T08:36:01.438017+00:00,56a80d12dc147c6f4d9452798d88f387cd1c778b,SILENT_SVOLE_TCP,SILENT_SVOLE,,,FAST,tcp-loopback,bench,2,0,OK,PASS,20,1048576,64,8,1,1967.948,1726.713,0.0,,0.0,0.0,0.0,0.0,0.0,0.0,1967.948,1967.948,729.875,1420.307,0.0,8237776,183416,8421128,1.0038766860961914,0,0,,0,0,0,0,0,0,"tcp_two_process; libOTe_SilentVole; semi_honest_128; MultType=ExConv7x24; BaseElem=u64; ExtElem=array<u64,M>; x=c; Z0=a; Z1=-b; tcp_two_process; libOTe_SilentVole; semi_honest_128; MultType=ExConv7x24; BaseElem=u64; ExtElem=array<u64,M>; x=c; Z0=a; Z1=-b",emulated TCP network
2026-07-26T08:36:03.644413+00:00,56a80d12dc147c6f4d9452798d88f387cd1c778b,SILENT_SVOLE_TCP,SILENT_SVOLE,,,FAST,tcp-loopback,bench,3,0,OK,PASS,20,1048576,64,8,1,1962.715,1710.903,0.0,,0.0,0.0,0.0,0.0,0.0,0.0,1962.7140000000002,1962.715,731.6740000000001,1416.232,0.0,8237776,183416,8421128,1.0038766860961914,0,0,,0,0,0,0,0,0,"tcp_two_process; libOTe_SilentVole; semi_honest_128; MultType=ExConv7x24; BaseElem=u64; ExtElem=array<u64,M>; x=c; Z0=a; Z1=-b; tcp_two_process; libOTe_SilentVole; semi_honest_128; MultType=ExConv7x24; BaseElem=u64; ExtElem=array<u64,M>; x=c; Z0=a; Z1=-b",emulated TCP network
2026-07-26T08:36:05.850813+00:00,56a80d12dc147c6f4d9452798d88f387cd1c778b,SILENT_SVOLE_TCP,SILENT_SVOLE,,,FAST,tcp-loopback,bench,4,0,OK,PASS,20,1048576,64,8,1,1968.817,1714.724,0.0,,0.0,0.0,0.0,0.0,0.0,0.0,1968.817,1968.817,728.902,1423.252,0.0,8237776,183416,8421128,1.0038766860961914,0,0,,0,0,0,0,0,0,"tcp_two_process; libOTe_SilentVole; semi_honest_128; MultType=ExConv7x24; BaseElem=u64; ExtElem=array<u64,M>; x=c; Z0=a; Z1=-b; tcp_two_process; libOTe_SilentVole; semi_honest_128; MultType=ExConv7x24; BaseElem=u64; ExtElem=array<u64,M>; x=c; Z0=a; Z1=-b",emulated TCP network
2026-07-26T08:36:08.057077+00:00,56a80d12dc147c6f4d9452798d88f387cd1c778b,SILENT_SVOLE_TCP,SILENT_SVOLE,,,FAST,tcp-loopback,bench,5,0,OK,PASS,20,1048576,64,8,1,1964.126,1703.691,0.0,,0.0,0.0,0.0,0.0,0.0,0.0,1964.126,1964.126,714.7620000000001,1418.906,0.0,8237776,183416,8421128,1.0038766860961914,0,0,,0,0,0,0,0,0,"tcp_two_process; libOTe_SilentVole; semi_honest_128; MultType=ExConv7x24; BaseElem=u64; ExtElem=array<u64,M>; x=c; Z0=a; Z1=-b; tcp_two_process; libOTe_SilentVole; semi_honest_128; MultType=ExConv7x24; BaseElem=u64; ExtElem=array<u64,M>; x=c; Z0=a; Z1=-b",emulated TCP network
2026-07-26T08:36:10.313402+00:00,56a80d12dc147c6f4d9452798d88f387cd1c778b,SILENT_SVOLE_TCP,SILENT_SVOLE,,,FAST,tcp-loopback,bench,6,0,OK,PASS,20,1048576,64,8,1,1992.918,1719.497,0.0,,0.0,0.0,0.0,0.0,0.0,0.0,1992.917,1992.918,730.7529999999999,1445.779,0.0,8237776,183416,8421128,1.0038766860961914,0,0,,0,0,0,0,0,0,"tcp_two_process; libOTe_SilentVole; semi_honest_128; MultType=ExConv7x24; BaseElem=u64; ExtElem=array<u64,M>; x=c; Z0=a; Z1=-b; tcp_two_process; libOTe_SilentVole; semi_honest_128; MultType=ExConv7x24; BaseElem=u64; ExtElem=array<u64,M>; x=c; Z0=a; Z1=-b",emulated TCP network
2026-07-26T08:36:12.569677+00:00,56a80d12dc147c6f4d9452798d88f387cd1c778b,SILENT_SVOLE_TCP,SILENT_SVOLE,,,FAST,tcp-loopback,bench,7,0,OK,PASS,20,1048576,64,8,1,1987.442,1711.535,0.0,,0.0,0.0,0.0,0.0,0.0,0.0,1987.4420000000002,1987.442,728.7529999999999,1441.127,0.0,8237776,183416,8421128,1.0038766860961914,0,0,,0,0,0,0,0,0,"tcp_two_process; libOTe_SilentVole; semi_honest_128; MultType=ExConv7x24; BaseElem=u64; ExtElem=array<u64,M>; x=c; Z0=a; Z1=-b; tcp_two_process; libOTe_SilentVole; semi_honest_128; MultType=ExConv7x24; BaseElem=u64; ExtElem=array<u64,M>; x=c; Z0=a; Z1=-b",emulated TCP network
2026-07-26T08:36:14.775914+00:00,56a80d12dc147c6f4d9452798d88f387cd1c778b,SILENT_SVOLE_TCP,SILENT_SVOLE,,,FAST,tcp-loopback,bench,8,0,OK,PASS,20,1048576,64,8,1,1960.784,1716.112,0.0,,0.0,0.0,0.0,0.0,0.0,0.0,1960.7839999999999,1960.784,731.091,1414.089,0.0,8237776,183416,8421128,1.0038766860961914,0,0,,0,0,0,0,0,0,"tcp_two_process; libOTe_SilentVole; semi_honest_128; MultType=ExConv7x24; BaseElem=u64; ExtElem=array<u64,M>; x=c; Z0=a; Z1=-b; tcp_two_process; libOTe_SilentVole; semi_honest_128; MultType=ExConv7x24; BaseElem=u64; ExtElem=array<u64,M>; x=c; Z0=a; Z1=-b",emulated TCP network
2026-07-26T08:36:17.032395+00:00,56a80d12dc147c6f4d9452798d88f387cd1c778b,SILENT_SVOLE_TCP,SILENT_SVOLE,,,FAST,tcp-loopback,bench,9,0,OK,PASS,20,1048576,64,8,1,1992.229,1709.87,0.0,,0.0,0.0,0.0,0.0,0.0,0.0,1992.229,1992.229,717.327,1446.085,0.0,8237776,183416,8421128,1.0038766860961914,0,0,,0,0,0,0,0,0,"tcp_two_process; libOTe_SilentVole; semi_honest_128; MultType=ExConv7x24; BaseElem=u64; ExtElem=array<u64,M>; x=c; Z0=a; Z1=-b; tcp_two_process; libOTe_SilentVole; semi_honest_128; MultType=ExConv7x24; BaseElem=u64; ExtElem=array<u64,M>; x=c; Z0=a; Z1=-b",emulated TCP network
2026-07-26T08:36:18.437505+00:00,56a80d12dc147c6f4d9452798d88f387cd1c778b,RMVOLE_NET_BENCH,RM_VECTOR_GENERIC_SPLIT,split-input-vole,vector,FAST,tcp-loopback,bench,-1,1,OK,PASS,20,1048576,64,8,1,47.433,61.434999999999995,61.434999999999995,"max(P0,P1)_same_phase",317.426,295.13,317.426,335.057,314.732,335.057,378.861,699.9159999999999,0.0,0.0,0.0,4255409,103665,4358992,0.5196323394775391,4211760,147314,,0,0,0,0,0,0,"tcp_two_process; p0_noisy_vole_receiver; real_libOTe_NoisyVole_split_input_length_2t; F=array<u64,M>; G=u64; vector_fixed_prime_setup; local_expand; tcp_two_process; p1_noisy_vole_sender; real_libOTe_NoisyVole_split_input_length_2t; F=array<u64,M>; G=u64; vector_fixed_prime_setup; local_expand",emulated TCP network
2026-07-26T08:36:19.842625+00:00,56a80d12dc147c6f4d9452798d88f387cd1c778b,RMVOLE_NET_BENCH,RM_VECTOR_GENERIC_SPLIT,split-input-vole,vector,FAST,tcp-loopback,bench,0,0,OK,PASS,20,1048576,64,8,1,47.824,61.741,61.741,"max(P0,P1)_same_phase",318.935,296.937,318.935,335.952,315.803,335.952,380.676,702.711,0.0,0.0,0.0,4255409,103665,4358992,0.5196323394775391,4211760,147314,,0,0,0,0,0,0,"tcp_two_process; p0_noisy_vole_receiver; real_libOTe_NoisyVole_split_input_length_2t; F=array<u64,M>; G=u64; vector_fixed_prime_setup; local_expand; tcp_two_process; p1_noisy_vole_sender; real_libOTe_NoisyVole_split_input_length_2t; F=array<u64,M>; G=u64; vector_fixed_prime_setup; local_expand",emulated TCP network
2026-07-26T08:36:21.247970+00:00,56a80d12dc147c6f4d9452798d88f387cd1c778b,RMVOLE_NET_BENCH,RM_VECTOR_GENERIC_SPLIT,split-input-vole,vector,FAST,tcp-loopback,bench,1,0,OK,PASS,20,1048576,64,8,1,47.584,61.587999999999994,61.587999999999994,"max(P0,P1)_same_phase",319.175,296.345,319.175,337.129,316.26300000000003,337.129,380.76300000000003,703.8879999999999,0.0,0.0,0.0,4255409,103665,4358992,0.5196323394775391,4211760,147314,,0,0,0,0,0,0,"tcp_two_process; p0_noisy_vole_receiver; real_libOTe_NoisyVole_split_input_length_2t; F=array<u64,M>; G=u64; vector_fixed_prime_setup; local_expand; tcp_two_process; p1_noisy_vole_sender; real_libOTe_NoisyVole_split_input_length_2t; F=array<u64,M>; G=u64; vector_fixed_prime_setup; local_expand",emulated TCP network
2026-07-26T08:36:22.653057+00:00,56a80d12dc147c6f4d9452798d88f387cd1c778b,RMVOLE_NET_BENCH,RM_VECTOR_GENERIC_SPLIT,split-input-vole,vector,FAST,tcp-loopback,bench,2,0,OK,PASS,20,1048576,64,8,1,47.398,61.281,61.281,"max(P0,P1)_same_phase",321.13599999999997,299.56300000000005,321.13599999999997,335.589,314.803,335.589,382.417,704.1220000000001,0.0,0.0,0.0,4255409,103665,4358992,0.5196323394775391,4211760,147314,,0,0,0,0,0,0,"tcp_two_process; p0_noisy_vole_receiver; real_libOTe_NoisyVole_split_input_length_2t; F=array<u64,M>; G=u64; vector_fixed_prime_setup; local_expand; tcp_two_process; p1_noisy_vole_sender; real_libOTe_NoisyVole_split_input_length_2t; F=array<u64,M>; G=u64; vector_fixed_prime_setup; local_expand",emulated TCP network
2026-07-26T08:36:24.058313+00:00,56a80d12dc147c6f4d9452798d88f387cd1c778b,RMVOLE_NET_BENCH,RM_VECTOR_GENERIC_SPLIT,split-input-vole,vector,FAST,tcp-loopback,bench,3,0,OK,PASS,20,1048576,64,8,1,47.57,61.573,61.573,"max(P0,P1)_same_phase",320.395,297.485,320.395,337.228,316.836,337.228,381.96799999999996,705.193,0.0,0.0,0.0,4255409,103665,4358992,0.5196323394775391,4211760,147314,,0,0,0,0,0,0,"tcp_two_process; p0_noisy_vole_receiver; real_libOTe_NoisyVole_split_input_length_2t; F=array<u64,M>; G=u64; vector_fixed_prime_setup; local_expand; tcp_two_process; p1_noisy_vole_sender; real_libOTe_NoisyVole_split_input_length_2t; F=array<u64,M>; G=u64; vector_fixed_prime_setup; local_expand",emulated TCP network
2026-07-26T08:36:25.463568+00:00,56a80d12dc147c6f4d9452798d88f387cd1c778b,RMVOLE_NET_BENCH,RM_VECTOR_GENERIC_SPLIT,split-input-vole,vector,FAST,tcp-loopback,bench,4,0,OK,PASS,20,1048576,64,8,1,47.752,61.702,61.702,"max(P0,P1)_same_phase",315.603,297.106,315.603,336.171,314.077,336.171,377.305,699.526,0.0,0.0,0.0,4255409,103665,4358992,0.5196323394775391,4211760,147314,,0,0,0,0,0,0,"tcp_two_process; p0_noisy_vole_receiver; real_libOTe_NoisyVole_split_input_length_2t; F=array<u64,M>; G=u64; vector_fixed_prime_setup; local_expand; tcp_two_process; p1_noisy_vole_sender; real_libOTe_NoisyVole_split_input_length_2t; F=array<u64,M>; G=u64; vector_fixed_prime_setup; local_expand",emulated TCP network
2026-07-26T08:36:26.868521+00:00,56a80d12dc147c6f4d9452798d88f387cd1c778b,RMVOLE_NET_BENCH,RM_VECTOR_GENERIC_SPLIT,split-input-vole,vector,FAST,tcp-loopback,bench,5,0,OK,PASS,20,1048576,64,8,1,47.59,61.552,61.552,"max(P0,P1)_same_phase",330.286,295.125,330.286,337.787,315.436,337.787,391.838,715.663,0.0,0.0,0.0,4255409,103665,4358992,0.5196323394775391,4211760,147314,,0,0,0,0,0,0,"tcp_two_process; p0_noisy_vole_receiver; real_libOTe_NoisyVole_split_input_length_2t; F=array<u64,M>; G=u64; vector_fixed_prime_setup; local_expand; tcp_two_process; p1_noisy_vole_sender; real_libOTe_NoisyVole_split_input_length_2t; F=array<u64,M>; G=u64; vector_fixed_prime_setup; local_expand",emulated TCP network
2026-07-26T08:36:28.273520+00:00,56a80d12dc147c6f4d9452798d88f387cd1c778b,RMVOLE_NET_BENCH,RM_VECTOR_GENERIC_SPLIT,split-input-vole,vector,FAST,tcp-loopback,bench,6,0,OK,PASS,20,1048576,64,8,1,47.957,61.902,61.902,"max(P0,P1)_same_phase",314.92199999999997,296.725,314.92199999999997,337.144,315.488,337.144,376.82399999999996,700.022,0.0,0.0,0.0,4255409,103665,4358992,0.5196323394775391,4211760,147314,,0,0,0,0,0,0,"tcp_two_process; p0_noisy_vole_receiver; real_libOTe_NoisyVole_split_input_length_2t; F=array<u64,M>; G=u64; vector_fixed_prime_setup; local_expand; tcp_two_process; p1_noisy_vole_sender; real_libOTe_NoisyVole_split_input_length_2t; F=array<u64,M>; G=u64; vector_fixed_prime_setup; local_expand",emulated TCP network
2026-07-26T08:36:29.678868+00:00,56a80d12dc147c6f4d9452798d88f387cd1c778b,RMVOLE_NET_BENCH,RM_VECTOR_GENERIC_SPLIT,split-input-vole,vector,FAST,tcp-loopback,bench,7,0,OK,PASS,20,1048576,64,8,1,47.842999999999996,61.737,61.737,"max(P0,P1)_same_phase",329.67999999999995,295.85699999999997,329.67999999999995,338.551,316.337,338.551,391.417,716.073,0.0,0.0,0.0,4255409,103665,4358992,0.5196323394775391,4211760,147314,,0,0,0,0,0,0,"tcp_two_process; p0_noisy_vole_receiver; real_libOTe_NoisyVole_split_input_length_2t; F=array<u64,M>; G=u64; vector_fixed_prime_setup; local_expand; tcp_two_process; p1_noisy_vole_sender; real_libOTe_NoisyVole_split_input_length_2t; F=array<u64,M>; G=u64; vector_fixed_prime_setup; local_expand",emulated TCP network
2026-07-26T08:36:31.083983+00:00,56a80d12dc147c6f4d9452798d88f387cd1c778b,RMVOLE_NET_BENCH,RM_VECTOR_GENERIC_SPLIT,split-input-vole,vector,FAST,tcp-loopback,bench,8,0,OK,PASS,20,1048576,64,8,1,47.864,61.932,61.932,"max(P0,P1)_same_phase",332.314,297.86,332.314,338.789,318.151,338.789,394.24600000000004,718.967,0.0,0.0,0.0,4255409,103665,4358992,0.5196323394775391,4211760,147314,,0,0,0,0,0,0,"tcp_two_process; p0_noisy_vole_receiver; real_libOTe_NoisyVole_split_input_length_2t; F=array<u64,M>; G=u64; vector_fixed_prime_setup; local_expand; tcp_two_process; p1_noisy_vole_sender; real_libOTe_NoisyVole_split_input_length_2t; F=array<u64,M>; G=u64; vector_fixed_prime_setup; local_expand",emulated TCP network
2026-07-26T08:36:32.489376+00:00,56a80d12dc147c6f4d9452798d88f387cd1c778b,RMVOLE_NET_BENCH,RM_VECTOR_GENERIC_SPLIT,split-input-vole,vector,FAST,tcp-loopback,bench,9,0,OK,PASS,20,1048576,64,8,1,47.419000000000004,61.352,61.352,"max(P0,P1)_same_phase",315.839,297.271,315.839,337.03499999999997,314.539,337.03499999999997,377.191,700.292,0.0,0.0,0.0,4255409,103665,4358992,0.5196323394775391,4211760,147314,,0,0,0,0,0,0,"tcp_two_process; p0_noisy_vole_receiver; real_libOTe_NoisyVole_split_input_length_2t; F=array<u64,M>; G=u64; vector_fixed_prime_setup; local_expand; tcp_two_process; p1_noisy_vole_sender; real_libOTe_NoisyVole_split_input_length_2t; F=array<u64,M>; G=u64; vector_fixed_prime_setup; local_expand",emulated TCP network
2026-07-26T08:36:34.695701+00:00,56a80d12dc147c6f4d9452798d88f387cd1c778b,RMVOLE_NET_BENCH,RM_VECTOR_OPT,split-input-coeff-ot,vector,FAST,tcp-loopback,bench,-1,1,OK,PASS,20,1048576,64,16,1,35.447,27.991,35.447,"max(P0,P1)_same_phase",494.247,480.549,494.247,697.978,690.067,697.978,529.694,1227.672,0.0,0.0,0.0,186097,2372097,2558048,0.15247154235839844,2378048,180146,INCLUDING_BASE_OT,7808,1,1,1998848,1998848,3,tcp_two_process; p0_coeff_bit_ot_receiver; SPLIT_COEFF_OT; one_batched_Kos_chosen_message_OT; vector_fixed_prime_setup; local_expand; tcp_two_process; p1_coeff_bit_ot_sender; SPLIT_COEFF_OT; one_batched_Kos_chosen_message_OT; vector_fixed_prime_setup; local_expand,emulated TCP network
2026-07-26T08:36:36.901912+00:00,56a80d12dc147c6f4d9452798d88f387cd1c778b,RMVOLE_NET_BENCH,RM_VECTOR_OPT,split-input-coeff-ot,vector,FAST,tcp-loopback,bench,0,0,OK,PASS,20,1048576,64,16,1,35.332,27.836,35.332,"max(P0,P1)_same_phase",493.635,480.132,493.635,699.851,692.678,699.851,528.967,1228.818,0.0,0.0,0.0,186097,2372097,2558048,0.15247154235839844,2378048,180146,INCLUDING_BASE_OT,7808,1,1,1998848,1998848,3,tcp_two_process; p0_coeff_bit_ot_receiver; SPLIT_COEFF_OT; one_batched_Kos_chosen_message_OT; vector_fixed_prime_setup; local_expand; tcp_two_process; p1_coeff_bit_ot_sender; SPLIT_COEFF_OT; one_batched_Kos_chosen_message_OT; vector_fixed_prime_setup; local_expand,emulated TCP network
2026-07-26T08:36:39.108348+00:00,56a80d12dc147c6f4d9452798d88f387cd1c778b,RMVOLE_NET_BENCH,RM_VECTOR_OPT,split-input-coeff-ot,vector,FAST,tcp-loopback,bench,1,0,OK,PASS,20,1048576,64,16,1,35.632,28.171000000000003,35.632,"max(P0,P1)_same_phase",493.621,479.84900000000005,493.621,702.195,689.397,702.195,529.2529999999999,1231.447,0.0,0.0,0.0,186097,2372097,2558048,0.15247154235839844,2378048,180146,INCLUDING_BASE_OT,7808,1,1,1998848,1998848,3,tcp_two_process; p0_coeff_bit_ot_receiver; SPLIT_COEFF_OT; one_batched_Kos_chosen_message_OT; vector_fixed_prime_setup; local_expand; tcp_two_process; p1_coeff_bit_ot_sender; SPLIT_COEFF_OT; one_batched_Kos_chosen_message_OT; vector_fixed_prime_setup; local_expand,emulated TCP network
2026-07-26T08:36:41.314674+00:00,56a80d12dc147c6f4d9452798d88f387cd1c778b,RMVOLE_NET_BENCH,RM_VECTOR_OPT,split-input-coeff-ot,vector,FAST,tcp-loopback,bench,2,0,OK,PASS,20,1048576,64,16,1,35.552,27.985,35.552,"max(P0,P1)_same_phase",494.553,480.713,494.553,698.606,687.028,698.606,530.105,1228.711,0.0,0.0,0.0,186097,2372097,2558048,0.15247154235839844,2378048,180146,INCLUDING_BASE_OT,7808,1,1,1998848,1998848,3,tcp_two_process; p0_coeff_bit_ot_receiver; SPLIT_COEFF_OT; one_batched_Kos_chosen_message_OT; vector_fixed_prime_setup; local_expand; tcp_two_process; p1_coeff_bit_ot_sender; SPLIT_COEFF_OT; one_batched_Kos_chosen_message_OT; vector_fixed_prime_setup; local_expand,emulated TCP network
2026-07-26T08:36:43.520923+00:00,56a80d12dc147c6f4d9452798d88f387cd1c778b,RMVOLE_NET_BENCH,RM_VECTOR_OPT,split-input-coeff-ot,vector,FAST,tcp-loopback,bench,3,0,OK,PASS,20,1048576,64,16,1,35.375,27.934,35.375,"max(P0,P1)_same_phase",493.925,481.00100000000003,493.925,696.52,688.183,696.52,529.3,1225.82,0.0,0.0,0.0,186097,2372097,2558048,0.15247154235839844,2378048,180146,INCLUDING_BASE_OT,7808,1,1,1998848,1998848,3,tcp_two_process; p0_coeff_bit_ot_receiver; SPLIT_COEFF_OT; one_batched_Kos_chosen_message_OT; vector_fixed_prime_setup; local_expand; tcp_two_process; p1_coeff_bit_ot_sender; SPLIT_COEFF_OT; one_batched_Kos_chosen_message_OT; vector_fixed_prime_setup; local_expand,emulated TCP network
2026-07-26T08:36:45.727226+00:00,56a80d12dc147c6f4d9452798d88f387cd1c778b,RMVOLE_NET_BENCH,RM_VECTOR_OPT,split-input-coeff-ot,vector,FAST,tcp-loopback,bench,4,0,OK,PASS,20,1048576,64,16,1,35.332,27.885,35.332,"max(P0,P1)_same_phase",500.64799999999997,487.44599999999997,500.64799999999997,697.364,684.431,697.364,535.98,1233.344,0.0,0.0,0.0,186097,2372097,2558048,0.15247154235839844,2378048,180146,INCLUDING_BASE_OT,7808,1,1,1998848,1998848,3,tcp_two_process; p0_coeff_bit_ot_receiver; SPLIT_COEFF_OT; one_batched_Kos_chosen_message_OT; vector_fixed_prime_setup; local_expand; tcp_two_process; p1_coeff_bit_ot_sender; SPLIT_COEFF_OT; one_batched_Kos_chosen_message_OT; vector_fixed_prime_setup; local_expand,emulated TCP network
2026-07-26T08:36:47.933629+00:00,56a80d12dc147c6f4d9452798d88f387cd1c778b,RMVOLE_NET_BENCH,RM_VECTOR_OPT,split-input-coeff-ot,vector,FAST,tcp-loopback,bench,5,0,OK,PASS,20,1048576,64,16,1,35.288,27.838,35.288,"max(P0,P1)_same_phase",494.188,480.983,494.188,696.677,683.626,696.677,529.476,1226.153,0.0,0.0,0.0,186097,2372097,2558048,0.15247154235839844,2378048,180146,INCLUDING_BASE_OT,7808,1,1,1998848,1998848,3,tcp_two_process; p0_coeff_bit_ot_receiver; SPLIT_COEFF_OT; one_batched_Kos_chosen_message_OT; vector_fixed_prime_setup; local_expand; tcp_two_process; p1_coeff_bit_ot_sender; SPLIT_COEFF_OT; one_batched_Kos_chosen_message_OT; vector_fixed_prime_setup; local_expand,emulated TCP network
2026-07-26T08:36:50.139697+00:00,56a80d12dc147c6f4d9452798d88f387cd1c778b,RMVOLE_NET_BENCH,RM_VECTOR_OPT,split-input-coeff-ot,vector,FAST,tcp-loopback,bench,6,0,OK,PASS,20,1048576,64,16,1,35.478,28.018,35.478,"max(P0,P1)_same_phase",493.199,479.029,493.199,697.984,686.824,697.984,528.677,1226.6619999999998,0.0,0.0,0.0,186097,2372097,2558048,0.15247154235839844,2378048,180146,INCLUDING_BASE_OT,7808,1,1,1998848,1998848,3,tcp_two_process; p0_coeff_bit_ot_receiver; SPLIT_COEFF_OT; one_batched_Kos_chosen_message_OT; vector_fixed_prime_setup; local_expand; tcp_two_process; p1_coeff_bit_ot_sender; SPLIT_COEFF_OT; one_batched_Kos_chosen_message_OT; vector_fixed_prime_setup; local_expand,emulated TCP network
2026-07-26T08:36:52.345938+00:00,56a80d12dc147c6f4d9452798d88f387cd1c778b,RMVOLE_NET_BENCH,RM_VECTOR_OPT,split-input-coeff-ot,vector,FAST,tcp-loopback,bench,7,0,OK,PASS,20,1048576,64,16,1,35.58,28.133,35.58,"max(P0,P1)_same_phase",491.889,478.677,491.889,698.2969999999999,685.253,698.2969999999999,527.469,1225.765,0.0,0.0,0.0,186097,2372097,2558048,0.15247154235839844,2378048,180146,INCLUDING_BASE_OT,7808,1,1,1998848,1998848,3,tcp_two_process; p0_coeff_bit_ot_receiver; SPLIT_COEFF_OT; one_batched_Kos_chosen_message_OT; vector_fixed_prime_setup; local_expand; tcp_two_process; p1_coeff_bit_ot_sender; SPLIT_COEFF_OT; one_batched_Kos_chosen_message_OT; vector_fixed_prime_setup; local_expand,emulated TCP network
2026-07-26T08:36:54.552347+00:00,56a80d12dc147c6f4d9452798d88f387cd1c778b,RMVOLE_NET_BENCH,RM_VECTOR_OPT,split-input-coeff-ot,vector,FAST,tcp-loopback,bench,8,0,OK,PASS,20,1048576,64,16,1,35.311,27.865000000000002,35.311,"max(P0,P1)_same_phase",490.799,477.381,490.799,698.707,685.828,698.707,526.11,1224.817,0.0,0.0,0.0,186097,2372097,2558048,0.15247154235839844,2378048,180146,INCLUDING_BASE_OT,7808,1,1,1998848,1998848,3,tcp_two_process; p0_coeff_bit_ot_receiver; SPLIT_COEFF_OT; one_batched_Kos_chosen_message_OT; vector_fixed_prime_setup; local_expand; tcp_two_process; p1_coeff_bit_ot_sender; SPLIT_COEFF_OT; one_batched_Kos_chosen_message_OT; vector_fixed_prime_setup; local_expand,emulated TCP network
2026-07-26T08:36:56.758692+00:00,56a80d12dc147c6f4d9452798d88f387cd1c778b,RMVOLE_NET_BENCH,RM_VECTOR_OPT,split-input-coeff-ot,vector,FAST,tcp-loopback,bench,9,0,OK,PASS,20,1048576,64,16,1,35.603,28.177,35.603,"max(P0,P1)_same_phase",492.43199999999996,478.223,492.43199999999996,696.163,683.0659999999999,696.163,528.035,1224.1979999999999,0.0,0.0,0.0,186097,2372097,2558048,0.15247154235839844,2378048,180146,INCLUDING_BASE_OT,7808,1,1,1998848,1998848,3,tcp_two_process; p0_coeff_bit_ot_receiver; SPLIT_COEFF_OT; one_batched_Kos_chosen_message_OT; vector_fixed_prime_setup; local_expand; tcp_two_process; p1_coeff_bit_ot_sender; SPLIT_COEFF_OT; one_batched_Kos_chosen_message_OT; vector_fixed_prime_setup; local_expand,emulated TCP network
2026-07-26T08:36:59.966390+00:00,56a80d12dc147c6f4d9452798d88f387cd1c778b,SILENT_SVOLE_TCP,SILENT_SVOLE,,,FAST,tcp-loopback,bench,-1,1,OK,PASS,20,1048576,64,16,1,2978.634,2721.77,0.0,,0.0,0.0,0.0,0.0,0.0,0.0,2978.634,2978.634,832.948,2273.279,0.0,32617232,263288,32880392,1.9598240852355957,0,0,,0,0,0,0,0,0,"tcp_two_process; libOTe_SilentVole; semi_honest_128; MultType=ExConv7x24; BaseElem=u64; ExtElem=array<u64,M>; x=c; Z0=a; Z1=-b; tcp_two_process; libOTe_SilentVole; semi_honest_128; MultType=ExConv7x24; BaseElem=u64; ExtElem=array<u64,M>; x=c; Z0=a; Z1=-b",emulated TCP network
2026-07-26T08:37:03.174207+00:00,56a80d12dc147c6f4d9452798d88f387cd1c778b,SILENT_SVOLE_TCP,SILENT_SVOLE,,,FAST,tcp-loopback,bench,0,0,OK,PASS,20,1048576,64,16,1,2976.823,2722.306,0.0,,0.0,0.0,0.0,0.0,0.0,0.0,2976.8219999999997,2976.823,834.41,2271.384,0.0,32617232,263288,32880392,1.9598240852355957,0,0,,0,0,0,0,0,0,"tcp_two_process; libOTe_SilentVole; semi_honest_128; MultType=ExConv7x24; BaseElem=u64; ExtElem=array<u64,M>; x=c; Z0=a; Z1=-b; tcp_two_process; libOTe_SilentVole; semi_honest_128; MultType=ExConv7x24; BaseElem=u64; ExtElem=array<u64,M>; x=c; Z0=a; Z1=-b",emulated TCP network
2026-07-26T08:37:06.381927+00:00,56a80d12dc147c6f4d9452798d88f387cd1c778b,SILENT_SVOLE_TCP,SILENT_SVOLE,,,FAST,tcp-loopback,bench,1,0,OK,PASS,20,1048576,64,16,1,2980.884,2738.917,0.0,,0.0,0.0,0.0,0.0,0.0,0.0,2980.884,2980.884,849.493,2274.289,0.0,32617232,263288,32880392,1.9598240852355957,0,0,,0,0,0,0,0,0,"tcp_two_process; libOTe_SilentVole; semi_honest_128; MultType=ExConv7x24; BaseElem=u64; ExtElem=array<u64,M>; x=c; Z0=a; Z1=-b; tcp_two_process; libOTe_SilentVole; semi_honest_128; MultType=ExConv7x24; BaseElem=u64; ExtElem=array<u64,M>; x=c; Z0=a; Z1=-b",emulated TCP network
2026-07-26T08:37:09.639565+00:00,56a80d12dc147c6f4d9452798d88f387cd1c778b,SILENT_SVOLE_TCP,SILENT_SVOLE,,,FAST,tcp-loopback,bench,2,0,OK,PASS,20,1048576,64,16,1,2987.527,2735.697,0.0,,0.0,0.0,0.0,0.0,0.0,0.0,2987.526,2987.527,845.36,2282.493,0.0,32617232,263288,32880392,1.9598240852355957,0,0,,0,0,0,0,0,0,"tcp_two_process; libOTe_SilentVole; semi_honest_128; MultType=ExConv7x24; BaseElem=u64; ExtElem=array<u64,M>; x=c; Z0=a; Z1=-b; tcp_two_process; libOTe_SilentVole; semi_honest_128; MultType=ExConv7x24; BaseElem=u64; ExtElem=array<u64,M>; x=c; Z0=a; Z1=-b",emulated TCP network
2026-07-26T08:37:12.847311+00:00,56a80d12dc147c6f4d9452798d88f387cd1c778b,SILENT_SVOLE_TCP,SILENT_SVOLE,,,FAST,tcp-loopback,bench,3,0,OK,PASS,20,1048576,64,16,1,2980.2889999999998,2732.759,0.0,,0.0,0.0,0.0,0.0,0.0,0.0,2980.288,2980.2889999999998,844.702,2272.995,0.0,32617232,263288,32880392,1.9598240852355957,0,0,,0,0,0,0,0,0,"tcp_two_process; libOTe_SilentVole; semi_honest_128; MultType=ExConv7x24; BaseElem=u64; ExtElem=array<u64,M>; x=c; Z0=a; Z1=-b; tcp_two_process; libOTe_SilentVole; semi_honest_128; MultType=ExConv7x24; BaseElem=u64; ExtElem=array<u64,M>; x=c; Z0=a; Z1=-b",emulated TCP network
2026-07-26T08:37:16.054973+00:00,56a80d12dc147c6f4d9452798d88f387cd1c778b,SILENT_SVOLE_TCP,SILENT_SVOLE,,,FAST,tcp-loopback,bench,4,0,OK,PASS,20,1048576,64,16,1,2979.321,2722.95,0.0,,0.0,0.0,0.0,0.0,0.0,0.0,2979.3209999999995,2979.321,832.05,2274.0119999999997,0.0,32617232,263288,32880392,1.9598240852355957,0,0,,0,0,0,0,0,0,"tcp_two_process; libOTe_SilentVole; semi_honest_128; MultType=ExConv7x24; BaseElem=u64; ExtElem=array<u64,M>; x=c; Z0=a; Z1=-b; tcp_two_process; libOTe_SilentVole; semi_honest_128; MultType=ExConv7x24; BaseElem=u64; ExtElem=array<u64,M>; x=c; Z0=a; Z1=-b",emulated TCP network
2026-07-26T08:37:19.262589+00:00,56a80d12dc147c6f4d9452798d88f387cd1c778b,SILENT_SVOLE_TCP,SILENT_SVOLE,,,FAST,tcp-loopback,bench,5,0,OK,PASS,20,1048576,64,16,1,2975.977,2717.901,0.0,,0.0,0.0,0.0,0.0,0.0,0.0,2975.977,2975.977,832.339,2271.413,0.0,32617232,263288,32880392,1.9598240852355957,0,0,,0,0,0,0,0,0,"tcp_two_process; libOTe_SilentVole; semi_honest_128; MultType=ExConv7x24; BaseElem=u64; ExtElem=array<u64,M>; x=c; Z0=a; Z1=-b; tcp_two_process; libOTe_SilentVole; semi_honest_128; MultType=ExConv7x24; BaseElem=u64; ExtElem=array<u64,M>; x=c; Z0=a; Z1=-b",emulated TCP network
2026-07-26T08:37:22.470054+00:00,56a80d12dc147c6f4d9452798d88f387cd1c778b,SILENT_SVOLE_TCP,SILENT_SVOLE,,,FAST,tcp-loopback,bench,6,0,OK,PASS,20,1048576,64,16,1,2975.897,2735.6760000000004,0.0,,0.0,0.0,0.0,0.0,0.0,0.0,2975.8970000000004,2975.897,845.705,2269.327,0.0,32617232,263288,32880392,1.9598240852355957,0,0,,0,0,0,0,0,0,"tcp_two_process; libOTe_SilentVole; semi_honest_128; MultType=ExConv7x24; BaseElem=u64; ExtElem=array<u64,M>; x=c; Z0=a; Z1=-b; tcp_two_process; libOTe_SilentVole; semi_honest_128; MultType=ExConv7x24; BaseElem=u64; ExtElem=array<u64,M>; x=c; Z0=a; Z1=-b",emulated TCP network
2026-07-26T08:37:25.677642+00:00,56a80d12dc147c6f4d9452798d88f387cd1c778b,SILENT_SVOLE_TCP,SILENT_SVOLE,,,FAST,tcp-loopback,bench,7,0,OK,PASS,20,1048576,64,16,1,2978.297,2736.334,0.0,,0.0,0.0,0.0,0.0,0.0,0.0,2978.297,2978.297,849.81,2272.922,0.0,32617232,263288,32880392,1.9598240852355957,0,0,,0,0,0,0,0,0,"tcp_two_process; libOTe_SilentVole; semi_honest_128; MultType=ExConv7x24; BaseElem=u64; ExtElem=array<u64,M>; x=c; Z0=a; Z1=-b; tcp_two_process; libOTe_SilentVole; semi_honest_128; MultType=ExConv7x24; BaseElem=u64; ExtElem=array<u64,M>; x=c; Z0=a; Z1=-b",emulated TCP network
2026-07-26T08:37:28.935699+00:00,56a80d12dc147c6f4d9452798d88f387cd1c778b,SILENT_SVOLE_TCP,SILENT_SVOLE,,,FAST,tcp-loopback,bench,8,0,OK,PASS,20,1048576,64,16,1,2987.144,2748.7599999999998,0.0,,0.0,0.0,0.0,0.0,0.0,0.0,2987.144,2987.144,851.17,2280.576,0.0,32617232,263288,32880392,1.9598240852355957,0,0,,0,0,0,0,0,0,"tcp_two_process; libOTe_SilentVole; semi_honest_128; MultType=ExConv7x24; BaseElem=u64; ExtElem=array<u64,M>; x=c; Z0=a; Z1=-b; tcp_two_process; libOTe_SilentVole; semi_honest_128; MultType=ExConv7x24; BaseElem=u64; ExtElem=array<u64,M>; x=c; Z0=a; Z1=-b",emulated TCP network
2026-07-26T08:37:32.143124+00:00,56a80d12dc147c6f4d9452798d88f387cd1c778b,SILENT_SVOLE_TCP,SILENT_SVOLE,,,FAST,tcp-loopback,bench,9,0,OK,PASS,20,1048576,64,16,1,2976.55,2724.795,0.0,,0.0,0.0,0.0,0.0,0.0,0.0,2976.5499999999997,2976.55,834.784,2271.3869999999997,0.0,32617232,263288,32880392,1.9598240852355957,0,0,,0,0,0,0,0,0,"tcp_two_process; libOTe_SilentVole; semi_honest_128; MultType=ExConv7x24; BaseElem=u64; ExtElem=array<u64,M>; x=c; Z0=a; Z1=-b; tcp_two_process; libOTe_SilentVole; semi_honest_128; MultType=ExConv7x24; BaseElem=u64; ExtElem=array<u64,M>; x=c; Z0=a; Z1=-b",emulated TCP network
2026-07-26T08:37:34.449645+00:00,56a80d12dc147c6f4d9452798d88f387cd1c778b,RMVOLE_NET_BENCH,RM_VECTOR_GENERIC_SPLIT,split-input-vole,vector,FAST,tcp-loopback,bench,-1,1,OK,PASS,20,1048576,64,16,1,124.208,174.461,174.461,"max(P0,P1)_same_phase",510.354,460.119,510.354,689.9269999999999,683.543,689.9269999999999,684.815,1324.489,0.0,0.0,0.0,16838385,153841,16992080,1.0128068923950195,16812080,180146,,0,0,0,0,0,0,"tcp_two_process; p0_noisy_vole_receiver; real_libOTe_NoisyVole_split_input_length_2t; F=array<u64,M>; G=u64; vector_fixed_prime_setup; local_expand; tcp_two_process; p1_noisy_vole_sender; real_libOTe_NoisyVole_split_input_length_2t; F=array<u64,M>; G=u64; vector_fixed_prime_setup; local_expand",emulated TCP network
2026-07-26T08:37:36.756213+00:00,56a80d12dc147c6f4d9452798d88f387cd1c778b,RMVOLE_NET_BENCH,RM_VECTOR_GENERIC_SPLIT,split-input-vole,vector,FAST,tcp-loopback,bench,0,0,OK,PASS,20,1048576,64,16,1,124.16099999999999,174.827,174.827,"max(P0,P1)_same_phase",513.5690000000001,461.949,513.5690000000001,689.969,681.77,689.969,688.3960000000001,1327.699,0.0,0.0,0.0,16838385,153841,16992080,1.0128068923950195,16812080,180146,,0,0,0,0,0,0,"tcp_two_process; p0_noisy_vole_receiver; real_libOTe_NoisyVole_split_input_length_2t; F=array<u64,M>; G=u64; vector_fixed_prime_setup; local_expand; tcp_two_process; p1_noisy_vole_sender; real_libOTe_NoisyVole_split_input_length_2t; F=array<u64,M>; G=u64; vector_fixed_prime_setup; local_expand",emulated TCP network
2026-07-26T08:37:39.062609+00:00,56a80d12dc147c6f4d9452798d88f387cd1c778b,RMVOLE_NET_BENCH,RM_VECTOR_GENERIC_SPLIT,split-input-vole,vector,FAST,tcp-loopback,bench,1,0,OK,PASS,20,1048576,64,16,1,124.628,174.827,174.827,"max(P0,P1)_same_phase",513.7890000000001,461.168,513.7890000000001,690.318,684.184,690.318,688.6160000000001,1328.7340000000002,0.0,0.0,0.0,16838385,153841,16992080,1.0128068923950195,16812080,180146,,0,0,0,0,0,0,"tcp_two_process; p0_noisy_vole_receiver; real_libOTe_NoisyVole_split_input_length_2t; F=array<u64,M>; G=u64; vector_fixed_prime_setup; local_expand; tcp_two_process; p1_noisy_vole_sender; real_libOTe_NoisyVole_split_input_length_2t; F=array<u64,M>; G=u64; vector_fixed_prime_setup; local_expand",emulated TCP network
2026-07-26T08:37:41.368962+00:00,56a80d12dc147c6f4d9452798d88f387cd1c778b,RMVOLE_NET_BENCH,RM_VECTOR_GENERIC_SPLIT,split-input-vole,vector,FAST,tcp-loopback,bench,2,0,OK,PASS,20,1048576,64,16,1,125.07399999999998,175.368,175.368,"max(P0,P1)_same_phase",523.605,460.652,523.605,690.558,679.921,690.558,698.973,1339.236,0.0,0.0,0.0,16838385,153841,16992080,1.0128068923950195,16812080,180146,,0,0,0,0,0,0,"tcp_two_process; p0_noisy_vole_receiver; real_libOTe_NoisyVole_split_input_length_2t; F=array<u64,M>; G=u64; vector_fixed_prime_setup; local_expand; tcp_two_process; p1_noisy_vole_sender; real_libOTe_NoisyVole_split_input_length_2t; F=array<u64,M>; G=u64; vector_fixed_prime_setup; local_expand",emulated TCP network
2026-07-26T08:37:43.675514+00:00,56a80d12dc147c6f4d9452798d88f387cd1c778b,RMVOLE_NET_BENCH,RM_VECTOR_GENERIC_SPLIT,split-input-vole,vector,FAST,tcp-loopback,bench,3,0,OK,PASS,20,1048576,64,16,1,124.759,175.429,175.429,"max(P0,P1)_same_phase",512.2959999999999,460.392,512.2959999999999,692.0889999999999,681.852,692.0889999999999,687.7249999999999,1329.144,0.0,0.0,0.0,16838385,153841,16992080,1.0128068923950195,16812080,180146,,0,0,0,0,0,0,"tcp_two_process; p0_noisy_vole_receiver; real_libOTe_NoisyVole_split_input_length_2t; F=array<u64,M>; G=u64; vector_fixed_prime_setup; local_expand; tcp_two_process; p1_noisy_vole_sender; real_libOTe_NoisyVole_split_input_length_2t; F=array<u64,M>; G=u64; vector_fixed_prime_setup; local_expand",emulated TCP network
2026-07-26T08:37:45.982188+00:00,56a80d12dc147c6f4d9452798d88f387cd1c778b,RMVOLE_NET_BENCH,RM_VECTOR_GENERIC_SPLIT,split-input-vole,vector,FAST,tcp-loopback,bench,4,0,OK,PASS,20,1048576,64,16,1,124.523,174.245,174.245,"max(P0,P1)_same_phase",523.162,459.883,523.162,692.514,680.827,692.514,697.407,1340.1989999999998,0.0,0.0,0.0,16838385,153841,16992080,1.0128068923950195,16812080,180146,,0,0,0,0,0,0,"tcp_two_process; p0_noisy_vole_receiver; real_libOTe_NoisyVole_split_input_length_2t; F=array<u64,M>; G=u64; vector_fixed_prime_setup; local_expand; tcp_two_process; p1_noisy_vole_sender; real_libOTe_NoisyVole_split_input_length_2t; F=array<u64,M>; G=u64; vector_fixed_prime_setup; local_expand",emulated TCP network
2026-07-26T08:37:48.288691+00:00,56a80d12dc147c6f4d9452798d88f387cd1c778b,RMVOLE_NET_BENCH,RM_VECTOR_GENERIC_SPLIT,split-input-vole,vector,FAST,tcp-loopback,bench,5,0,OK,PASS,20,1048576,64,16,1,125.14500000000001,175.821,175.821,"max(P0,P1)_same_phase",514.025,461.303,514.025,689.359,680.373,689.359,689.846,1328.529,0.0,0.0,0.0,16838385,153841,16992080,1.0128068923950195,16812080,180146,,0,0,0,0,0,0,"tcp_two_process; p0_noisy_vole_receiver; real_libOTe_NoisyVole_split_input_length_2t; F=array<u64,M>; G=u64; vector_fixed_prime_setup; local_expand; tcp_two_process; p1_noisy_vole_sender; real_libOTe_NoisyVole_split_input_length_2t; F=array<u64,M>; G=u64; vector_fixed_prime_setup; local_expand",emulated TCP network
2026-07-26T08:37:50.595160+00:00,56a80d12dc147c6f4d9452798d88f387cd1c778b,RMVOLE_NET_BENCH,RM_VECTOR_GENERIC_SPLIT,split-input-vole,vector,FAST,tcp-loopback,bench,6,0,OK,PASS,20,1048576,64,16,1,124.507,174.828,174.828,"max(P0,P1)_same_phase",512.9789999999999,461.147,512.9789999999999,692.4630000000001,684.427,692.4630000000001,687.8069999999999,1329.949,0.0,0.0,0.0,16838385,153841,16992080,1.0128068923950195,16812080,180146,,0,0,0,0,0,0,"tcp_two_process; p0_noisy_vole_receiver; real_libOTe_NoisyVole_split_input_length_2t; F=array<u64,M>; G=u64; vector_fixed_prime_setup; local_expand; tcp_two_process; p1_noisy_vole_sender; real_libOTe_NoisyVole_split_input_length_2t; F=array<u64,M>; G=u64; vector_fixed_prime_setup; local_expand",emulated TCP network
2026-07-26T08:37:52.901662+00:00,56a80d12dc147c6f4d9452798d88f387cd1c778b,RMVOLE_NET_BENCH,RM_VECTOR_GENERIC_SPLIT,split-input-vole,vector,FAST,tcp-loopback,bench,7,0,OK,PASS,20,1048576,64,16,1,124.831,175.411,175.411,"max(P0,P1)_same_phase",524.9639999999999,461.238,524.9639999999999,692.506,684.326,692.506,700.375,1342.3,0.0,0.0,0.0,16838385,153841,16992080,1.0128068923950195,16812080,180146,,0,0,0,0,0,0,"tcp_two_process; p0_noisy_vole_receiver; real_libOTe_NoisyVole_split_input_length_2t; F=array<u64,M>; G=u64; vector_fixed_prime_setup; local_expand; tcp_two_process; p1_noisy_vole_sender; real_libOTe_NoisyVole_split_input_length_2t; F=array<u64,M>; G=u64; vector_fixed_prime_setup; local_expand",emulated TCP network
2026-07-26T08:37:55.208121+00:00,56a80d12dc147c6f4d9452798d88f387cd1c778b,RMVOLE_NET_BENCH,RM_VECTOR_GENERIC_SPLIT,split-input-vole,vector,FAST,tcp-loopback,bench,8,0,OK,PASS,20,1048576,64,16,1,124.417,174.604,174.604,"max(P0,P1)_same_phase",512.111,461.236,512.111,690.628,684.8570000000001,690.628,686.715,1327.156,0.0,0.0,0.0,16838385,153841,16992080,1.0128068923950195,16812080,180146,,0,0,0,0,0,0,"tcp_two_process; p0_noisy_vole_receiver; real_libOTe_NoisyVole_split_input_length_2t; F=array<u64,M>; G=u64; vector_fixed_prime_setup; local_expand; tcp_two_process; p1_noisy_vole_sender; real_libOTe_NoisyVole_split_input_length_2t; F=array<u64,M>; G=u64; vector_fixed_prime_setup; local_expand",emulated TCP network
2026-07-26T08:37:57.514515+00:00,56a80d12dc147c6f4d9452798d88f387cd1c778b,RMVOLE_NET_BENCH,RM_VECTOR_GENERIC_SPLIT,split-input-vole,vector,FAST,tcp-loopback,bench,9,0,OK,PASS,20,1048576,64,16,1,124.815,175.475,175.475,"max(P0,P1)_same_phase",513.872,462.22999999999996,513.872,688.945,687.173,688.945,689.347,1327.6319999999998,0.0,0.0,0.0,16838385,153841,16992080,1.0128068923950195,16812080,180146,,0,0,0,0,0,0,"tcp_two_process; p0_noisy_vole_receiver; real_libOTe_NoisyVole_split_input_length_2t; F=array<u64,M>; G=u64; vector_fixed_prime_setup; local_expand; tcp_two_process; p1_noisy_vole_sender; real_libOTe_NoisyVole_split_input_length_2t; F=array<u64,M>; G=u64; vector_fixed_prime_setup; local_expand",emulated TCP network
2026-07-26T08:38:01.373085+00:00,56a80d12dc147c6f4d9452798d88f387cd1c778b,RMVOLE_NET_BENCH,RM_VECTOR_OPT,split-input-coeff-ot,vector,FAST,tcp-loopback,bench,-1,1,OK,PASS,20,1048576,64,32,1,40.93,33.254,40.93,"max(P0,P1)_same_phase",874.8000000000001,789.526,874.8000000000001,1470.374,1466.595,1470.374,915.73,2386.104,0.0,0.0,0.0,186225,4436481,4622432,0.13775920867919922,4376896,245810,INCLUDING_BASE_OT,7808,1,1,3997696,3997696,3,tcp_two_process; p0_coeff_bit_ot_receiver; SPLIT_COEFF_OT; one_batched_Kos_chosen_message_OT; vector_fixed_prime_setup; local_expand; tcp_two_process; p1_coeff_bit_ot_sender; SPLIT_COEFF_OT; one_batched_Kos_chosen_message_OT; vector_fixed_prime_setup; local_expand,emulated TCP network
2026-07-26T08:38:05.231582+00:00,56a80d12dc147c6f4d9452798d88f387cd1c778b,RMVOLE_NET_BENCH,RM_VECTOR_OPT,split-input-coeff-ot,vector,FAST,tcp-loopback,bench,0,0,OK,PASS,20,1048576,64,32,1,40.883,33.233,40.883,"max(P0,P1)_same_phase",873.8829999999999,790.141,873.8829999999999,1452.4859999999999,1466.718,1466.718,914.766,2367.252,0.0,0.0,0.0,186225,4436481,4622432,0.13775920867919922,4376896,245810,INCLUDING_BASE_OT,7808,1,1,3997696,3997696,3,tcp_two_process; p0_coeff_bit_ot_receiver; SPLIT_COEFF_OT; one_batched_Kos_chosen_message_OT; vector_fixed_prime_setup; local_expand; tcp_two_process; p1_coeff_bit_ot_sender; SPLIT_COEFF_OT; one_batched_Kos_chosen_message_OT; vector_fixed_prime_setup; local_expand,emulated TCP network
2026-07-26T08:38:09.090186+00:00,56a80d12dc147c6f4d9452798d88f387cd1c778b,RMVOLE_NET_BENCH,RM_VECTOR_OPT,split-input-coeff-ot,vector,FAST,tcp-loopback,bench,1,0,OK,PASS,20,1048576,64,32,1,40.799,32.982,40.799,"max(P0,P1)_same_phase",871.8580000000001,797.644,871.8580000000001,1462.057,1479.018,1479.018,912.657,2374.715,0.0,0.0,0.0,186225,4436481,4622432,0.13775920867919922,4376896,245810,INCLUDING_BASE_OT,7808,1,1,3997696,3997696,3,tcp_two_process; p0_coeff_bit_ot_receiver; SPLIT_COEFF_OT; one_batched_Kos_chosen_message_OT; vector_fixed_prime_setup; local_expand; tcp_two_process; p1_coeff_bit_ot_sender; SPLIT_COEFF_OT; one_batched_Kos_chosen_message_OT; vector_fixed_prime_setup; local_expand,emulated TCP network
2026-07-26T08:38:12.948708+00:00,56a80d12dc147c6f4d9452798d88f387cd1c778b,RMVOLE_NET_BENCH,RM_VECTOR_OPT,split-input-coeff-ot,vector,FAST,tcp-loopback,bench,2,0,OK,PASS,20,1048576,64,32,1,40.938,32.711,40.938,"max(P0,P1)_same_phase",877.4309999999999,796.082,877.4309999999999,1448.0539999999999,1463.3590000000002,1463.3590000000002,918.3689999999999,2366.424,0.0,0.0,0.0,186225,4436481,4622432,0.13775920867919922,4376896,245810,INCLUDING_BASE_OT,7808,1,1,3997696,3997696,3,tcp_two_process; p0_coeff_bit_ot_receiver; SPLIT_COEFF_OT; one_batched_Kos_chosen_message_OT; vector_fixed_prime_setup; local_expand; tcp_two_process; p1_coeff_bit_ot_sender; SPLIT_COEFF_OT; one_batched_Kos_chosen_message_OT; vector_fixed_prime_setup; local_expand,emulated TCP network
2026-07-26T08:38:16.807624+00:00,56a80d12dc147c6f4d9452798d88f387cd1c778b,RMVOLE_NET_BENCH,RM_VECTOR_OPT,split-input-coeff-ot,vector,FAST,tcp-loopback,bench,3,0,OK,PASS,20,1048576,64,32,1,41.101,33.249,41.101,"max(P0,P1)_same_phase",873.418,796.282,873.418,1470.897,1463.0590000000002,1470.897,914.519,2385.417,0.0,0.0,0.0,186225,4436481,4622432,0.13775920867919922,4376896,245810,INCLUDING_BASE_OT,7808,1,1,3997696,3997696,3,tcp_two_process; p0_coeff_bit_ot_receiver; SPLIT_COEFF_OT; one_batched_Kos_chosen_message_OT; vector_fixed_prime_setup; local_expand; tcp_two_process; p1_coeff_bit_ot_sender; SPLIT_COEFF_OT; one_batched_Kos_chosen_message_OT; vector_fixed_prime_setup; local_expand,emulated TCP network
2026-07-26T08:38:20.666257+00:00,56a80d12dc147c6f4d9452798d88f387cd1c778b,RMVOLE_NET_BENCH,RM_VECTOR_OPT,split-input-coeff-ot,vector,FAST,tcp-loopback,bench,4,0,OK,PASS,20,1048576,64,32,1,40.967999999999996,33.109,40.967999999999996,"max(P0,P1)_same_phase",873.0179999999999,795.593,873.0179999999999,1473.856,1470.1029999999998,1473.856,913.9859999999999,2387.842,0.0,0.0,0.0,186225,4436481,4622432,0.13775920867919922,4376896,245810,INCLUDING_BASE_OT,7808,1,1,3997696,3997696,3,tcp_two_process; p0_coeff_bit_ot_receiver; SPLIT_COEFF_OT; one_batched_Kos_chosen_message_OT; vector_fixed_prime_setup; local_expand; tcp_two_process; p1_coeff_bit_ot_sender; SPLIT_COEFF_OT; one_batched_Kos_chosen_message_OT; vector_fixed_prime_setup; local_expand,emulated TCP network
2026-07-26T08:38:24.525004+00:00,56a80d12dc147c6f4d9452798d88f387cd1c778b,RMVOLE_NET_BENCH,RM_VECTOR_OPT,split-input-coeff-ot,vector,FAST,tcp-loopback,bench,5,0,OK,PASS,20,1048576,64,32,1,40.867,32.618,40.867,"max(P0,P1)_same_phase",876.991,794.652,876.991,1449.1080000000002,1465.2,1465.2,917.858,2366.9660000000003,0.0,0.0,0.0,186225,4436481,4622432,0.13775920867919922,4376896,245810,INCLUDING_BASE_OT,7808,1,1,3997696,3997696,3,tcp_two_process; p0_coeff_bit_ot_receiver; SPLIT_COEFF_OT; one_batched_Kos_chosen_message_OT; vector_fixed_prime_setup; local_expand; tcp_two_process; p1_coeff_bit_ot_sender; SPLIT_COEFF_OT; one_batched_Kos_chosen_message_OT; vector_fixed_prime_setup; local_expand,emulated TCP network
2026-07-26T08:38:28.333743+00:00,56a80d12dc147c6f4d9452798d88f387cd1c778b,RMVOLE_NET_BENCH,RM_VECTOR_OPT,split-input-coeff-ot,vector,FAST,tcp-loopback,bench,6,0,OK,PASS,20,1048576,64,32,1,40.875,32.727,40.875,"max(P0,P1)_same_phase",874.579,790.323,874.579,1451.6960000000001,1439.26,1451.6960000000001,915.454,2367.15,0.0,0.0,0.0,186225,4436481,4622432,0.13775920867919922,4376896,245810,INCLUDING_BASE_OT,7808,1,1,3997696,3997696,3,tcp_two_process; p0_coeff_bit_ot_receiver; SPLIT_COEFF_OT; one_batched_Kos_chosen_message_OT; vector_fixed_prime_setup; local_expand; tcp_two_process; p1_coeff_bit_ot_sender; SPLIT_COEFF_OT; one_batched_Kos_chosen_message_OT; vector_fixed_prime_setup; local_expand,emulated TCP network
2026-07-26T08:38:32.142496+00:00,56a80d12dc147c6f4d9452798d88f387cd1c778b,RMVOLE_NET_BENCH,RM_VECTOR_OPT,split-input-coeff-ot,vector,FAST,tcp-loopback,bench,7,0,OK,PASS,20,1048576,64,32,1,40.875,33.339,40.875,"max(P0,P1)_same_phase",874.0909999999999,795.597,874.0909999999999,1450.253,1463.894,1463.894,914.9659999999999,2365.218,0.0,0.0,0.0,186225,4436481,4622432,0.13775920867919922,4376896,245810,INCLUDING_BASE_OT,7808,1,1,3997696,3997696,3,tcp_two_process; p0_coeff_bit_ot_receiver; SPLIT_COEFF_OT; one_batched_Kos_chosen_message_OT; vector_fixed_prime_setup; local_expand; tcp_two_process; p1_coeff_bit_ot_sender; SPLIT_COEFF_OT; one_batched_Kos_chosen_message_OT; vector_fixed_prime_setup; local_expand,emulated TCP network
2026-07-26T08:38:36.001320+00:00,56a80d12dc147c6f4d9452798d88f387cd1c778b,RMVOLE_NET_BENCH,RM_VECTOR_OPT,split-input-coeff-ot,vector,FAST,tcp-loopback,bench,8,0,OK,PASS,20,1048576,64,32,1,40.836999999999996,32.979,40.836999999999996,"max(P0,P1)_same_phase",875.893,789.193,875.893,1450.617,1444.944,1450.617,916.73,2367.347,0.0,0.0,0.0,186225,4436481,4622432,0.13775920867919922,4376896,245810,INCLUDING_BASE_OT,7808,1,1,3997696,3997696,3,tcp_two_process; p0_coeff_bit_ot_receiver; SPLIT_COEFF_OT; one_batched_Kos_chosen_message_OT; vector_fixed_prime_setup; local_expand; tcp_two_process; p1_coeff_bit_ot_sender; SPLIT_COEFF_OT; one_batched_Kos_chosen_message_OT; vector_fixed_prime_setup; local_expand,emulated TCP network
2026-07-26T08:38:39.859991+00:00,56a80d12dc147c6f4d9452798d88f387cd1c778b,RMVOLE_NET_BENCH,RM_VECTOR_OPT,split-input-coeff-ot,vector,FAST,tcp-loopback,bench,9,0,OK,PASS,20,1048576,64,32,1,41.113,33.256,41.113,"max(P0,P1)_same_phase",873.257,791.0840000000001,873.257,1470.224,1464.721,1470.224,914.3699999999999,2384.5930000000003,0.0,0.0,0.0,186225,4436481,4622432,0.13775920867919922,4376896,245810,INCLUDING_BASE_OT,7808,1,1,3997696,3997696,3,tcp_two_process; p0_coeff_bit_ot_receiver; SPLIT_COEFF_OT; one_batched_Kos_chosen_message_OT; vector_fixed_prime_setup; local_expand; tcp_two_process; p1_coeff_bit_ot_sender; SPLIT_COEFF_OT; one_batched_Kos_chosen_message_OT; vector_fixed_prime_setup; local_expand,emulated TCP network
2026-07-26T08:38:44.119000+00:00,56a80d12dc147c6f4d9452798d88f387cd1c778b,SILENT_SVOLE_TCP,SILENT_SVOLE,,,FAST,tcp-loopback,bench,-1,1,OK,PASS,20,1048576,64,32,1,4006.0919999999996,3716.1240000000003,0.0,,0.0,0.0,0.0,0.0,0.0,0.0,4006.0909999999994,4006.0919999999996,1348.505,2936.487,0.0,130134928,423032,130557704,3.890922784805298,0,0,,0,0,0,0,0,0,"tcp_two_process; libOTe_SilentVole; semi_honest_128; MultType=ExConv7x24; BaseElem=u64; ExtElem=array<u64,M>; x=c; Z0=a; Z1=-b; tcp_two_process; libOTe_SilentVole; semi_honest_128; MultType=ExConv7x24; BaseElem=u64; ExtElem=array<u64,M>; x=c; Z0=a; Z1=-b",emulated TCP network
2026-07-26T08:38:48.378187+00:00,56a80d12dc147c6f4d9452798d88f387cd1c778b,SILENT_SVOLE_TCP,SILENT_SVOLE,,,FAST,tcp-loopback,bench,0,0,OK,PASS,20,1048576,64,32,1,4022.189,3809.667,0.0,,0.0,0.0,0.0,0.0,0.0,0.0,4022.189,4022.189,1348.868,2952.677,0.0,130134928,423032,130557704,3.890922784805298,0,0,,0,0,0,0,0,0,"tcp_two_process; libOTe_SilentVole; semi_honest_128; MultType=ExConv7x24; BaseElem=u64; ExtElem=array<u64,M>; x=c; Z0=a; Z1=-b; tcp_two_process; libOTe_SilentVole; semi_honest_128; MultType=ExConv7x24; BaseElem=u64; ExtElem=array<u64,M>; x=c; Z0=a; Z1=-b",emulated TCP network
2026-07-26T08:38:52.637230+00:00,56a80d12dc147c6f4d9452798d88f387cd1c778b,SILENT_SVOLE_TCP,SILENT_SVOLE,,,FAST,tcp-loopback,bench,1,0,OK,PASS,20,1048576,64,32,1,4020.81,3783.9,0.0,,0.0,0.0,0.0,0.0,0.0,0.0,4020.811,4020.81,1363.1960000000001,2951.552,0.0,130134928,423032,130557704,3.890922784805298,0,0,,0,0,0,0,0,0,"tcp_two_process; libOTe_SilentVole; semi_honest_128; MultType=ExConv7x24; BaseElem=u64; ExtElem=array<u64,M>; x=c; Z0=a; Z1=-b; tcp_two_process; libOTe_SilentVole; semi_honest_128; MultType=ExConv7x24; BaseElem=u64; ExtElem=array<u64,M>; x=c; Z0=a; Z1=-b",emulated TCP network
2026-07-26T08:38:56.896829+00:00,56a80d12dc147c6f4d9452798d88f387cd1c778b,SILENT_SVOLE_TCP,SILENT_SVOLE,,,FAST,tcp-loopback,bench,2,0,OK,PASS,20,1048576,64,32,1,4001.683,3731.585,0.0,,0.0,0.0,0.0,0.0,0.0,0.0,4001.683,4001.683,1364.328,2930.265,0.0,130134928,423032,130557704,3.890922784805298,0,0,,0,0,0,0,0,0,"tcp_two_process; libOTe_SilentVole; semi_honest_128; MultType=ExConv7x24; BaseElem=u64; ExtElem=array<u64,M>; x=c; Z0=a; Z1=-b; tcp_two_process; libOTe_SilentVole; semi_honest_128; MultType=ExConv7x24; BaseElem=u64; ExtElem=array<u64,M>; x=c; Z0=a; Z1=-b",emulated TCP network
2026-07-26T08:39:01.205921+00:00,56a80d12dc147c6f4d9452798d88f387cd1c778b,SILENT_SVOLE_TCP,SILENT_SVOLE,,,FAST,tcp-loopback,bench,3,0,OK,PASS,20,1048576,64,32,1,4030.2,3790.758,0.0,,0.0,0.0,0.0,0.0,0.0,0.0,4030.1989999999996,4030.2,1365.882,2957.265,0.0,130134928,423032,130557704,3.890922784805298,0,0,,0,0,0,0,0,0,"tcp_two_process; libOTe_SilentVole; semi_honest_128; MultType=ExConv7x24; BaseElem=u64; ExtElem=array<u64,M>; x=c; Z0=a; Z1=-b; tcp_two_process; libOTe_SilentVole; semi_honest_128; MultType=ExConv7x24; BaseElem=u64; ExtElem=array<u64,M>; x=c; Z0=a; Z1=-b",emulated TCP network
2026-07-26T08:39:05.465152+00:00,56a80d12dc147c6f4d9452798d88f387cd1c778b,SILENT_SVOLE_TCP,SILENT_SVOLE,,,FAST,tcp-loopback,bench,4,0,OK,PASS,20,1048576,64,32,1,4023.829,3812.147,0.0,,0.0,0.0,0.0,0.0,0.0,0.0,4023.829,4023.829,1365.263,2950.8489999999997,0.0,130134928,423032,130557704,3.890922784805298,0,0,,0,0,0,0,0,0,"tcp_two_process; libOTe_SilentVole; semi_honest_128; MultType=ExConv7x24; BaseElem=u64; ExtElem=array<u64,M>; x=c; Z0=a; Z1=-b; tcp_two_process; libOTe_SilentVole; semi_honest_128; MultType=ExConv7x24; BaseElem=u64; ExtElem=array<u64,M>; x=c; Z0=a; Z1=-b",emulated TCP network
2026-07-26T08:39:09.724499+00:00,56a80d12dc147c6f4d9452798d88f387cd1c778b,SILENT_SVOLE_TCP,SILENT_SVOLE,,,FAST,tcp-loopback,bench,5,0,OK,PASS,20,1048576,64,32,1,3987.29,3813.186,0.0,,0.0,0.0,0.0,0.0,0.0,0.0,3987.29,3987.29,1361.307,2918.765,0.0,130134928,423032,130557704,3.890922784805298,0,0,,0,0,0,0,0,0,"tcp_two_process; libOTe_SilentVole; semi_honest_128; MultType=ExConv7x24; BaseElem=u64; ExtElem=array<u64,M>; x=c; Z0=a; Z1=-b; tcp_two_process; libOTe_SilentVole; semi_honest_128; MultType=ExConv7x24; BaseElem=u64; ExtElem=array<u64,M>; x=c; Z0=a; Z1=-b",emulated TCP network
2026-07-26T08:39:13.983878+00:00,56a80d12dc147c6f4d9452798d88f387cd1c778b,SILENT_SVOLE_TCP,SILENT_SVOLE,,,FAST,tcp-loopback,bench,6,0,OK,PASS,20,1048576,64,32,1,4001.9600000000005,3842.958,0.0,,0.0,0.0,0.0,0.0,0.0,0.0,4001.9600000000005,4001.9600000000005,1362.775,2931.436,0.0,130134928,423032,130557704,3.890922784805298,0,0,,0,0,0,0,0,0,"tcp_two_process; libOTe_SilentVole; semi_honest_128; MultType=ExConv7x24; BaseElem=u64; ExtElem=array<u64,M>; x=c; Z0=a; Z1=-b; tcp_two_process; libOTe_SilentVole; semi_honest_128; MultType=ExConv7x24; BaseElem=u64; ExtElem=array<u64,M>; x=c; Z0=a; Z1=-b",emulated TCP network
2026-07-26T08:39:18.243059+00:00,56a80d12dc147c6f4d9452798d88f387cd1c778b,SILENT_SVOLE_TCP,SILENT_SVOLE,,,FAST,tcp-loopback,bench,7,0,OK,PASS,20,1048576,64,32,1,4019.5,3848.786,0.0,,0.0,0.0,0.0,0.0,0.0,0.0,4019.499,4019.5,1351.3500000000001,2949.0789999999997,0.0,130134928,423032,130557704,3.890922784805298,0,0,,0,0,0,0,0,0,"tcp_two_process; libOTe_SilentVole; semi_honest_128; MultType=ExConv7x24; BaseElem=u64; ExtElem=array<u64,M>; x=c; Z0=a; Z1=-b; tcp_two_process; libOTe_SilentVole; semi_honest_128; MultType=ExConv7x24; BaseElem=u64; ExtElem=array<u64,M>; x=c; Z0=a; Z1=-b",emulated TCP network
2026-07-26T08:39:22.502177+00:00,56a80d12dc147c6f4d9452798d88f387cd1c778b,SILENT_SVOLE_TCP,SILENT_SVOLE,,,FAST,tcp-loopback,bench,8,0,OK,PASS,20,1048576,64,32,1,4011.4710000000005,3764.635,0.0,,0.0,0.0,0.0,0.0,0.0,0.0,4011.4710000000005,4011.4710000000005,1348.036,2941.865,0.0,130134928,423032,130557704,3.890922784805298,0,0,,0,0,0,0,0,0,"tcp_two_process; libOTe_SilentVole; semi_honest_128; MultType=ExConv7x24; BaseElem=u64; ExtElem=array<u64,M>; x=c; Z0=a; Z1=-b; tcp_two_process; libOTe_SilentVole; semi_honest_128; MultType=ExConv7x24; BaseElem=u64; ExtElem=array<u64,M>; x=c; Z0=a; Z1=-b",emulated TCP network
2026-07-26T08:39:26.761386+00:00,56a80d12dc147c6f4d9452798d88f387cd1c778b,SILENT_SVOLE_TCP,SILENT_SVOLE,,,FAST,tcp-loopback,bench,9,0,OK,PASS,20,1048576,64,32,1,3985.947,3780.979,0.0,,0.0,0.0,0.0,0.0,0.0,0.0,3985.9460000000004,3985.947,1364.222,2915.374,0.0,130134928,423032,130557704,3.890922784805298,0,0,,0,0,0,0,0,0,"tcp_two_process; libOTe_SilentVole; semi_honest_128; MultType=ExConv7x24; BaseElem=u64; ExtElem=array<u64,M>; x=c; Z0=a; Z1=-b; tcp_two_process; libOTe_SilentVole; semi_honest_128; MultType=ExConv7x24; BaseElem=u64; ExtElem=array<u64,M>; x=c; Z0=a; Z1=-b",emulated TCP network
2026-07-26T08:39:30.970798+00:00,56a80d12dc147c6f4d9452798d88f387cd1c778b,RMVOLE_NET_BENCH,RM_VECTOR_GENERIC_SPLIT,split-input-vole,vector,FAST,tcp-loopback,bench,-1,1,OK,PASS,20,1048576,64,32,1,302.31,448.095,448.095,"max(P0,P1)_same_phase",952.74,787.014,952.74,1463.333,1449.724,1463.333,1400.835,2718.3830000000003,0.0,0.0,0.0,67170161,254193,67424080,2.0093941688537598,67178544,245810,,0,0,0,0,0,0,"tcp_two_process; p0_noisy_vole_receiver; real_libOTe_NoisyVole_split_input_length_2t; F=array<u64,M>; G=u64; vector_fixed_prime_setup; local_expand; tcp_two_process; p1_noisy_vole_sender; real_libOTe_NoisyVole_split_input_length_2t; F=array<u64,M>; G=u64; vector_fixed_prime_setup; local_expand",emulated TCP network
2026-07-26T08:39:35.180311+00:00,56a80d12dc147c6f4d9452798d88f387cd1c778b,RMVOLE_NET_BENCH,RM_VECTOR_GENERIC_SPLIT,split-input-vole,vector,FAST,tcp-loopback,bench,0,0,OK,PASS,20,1048576,64,32,1,302.209,448.33299999999997,448.33299999999997,"max(P0,P1)_same_phase",942.6139999999999,781.377,942.6139999999999,1465.505,1456.0059999999999,1465.505,1390.947,2710.3269999999998,0.0,0.0,0.0,67170161,254193,67424080,2.0093941688537598,67178544,245810,,0,0,0,0,0,0,"tcp_two_process; p0_noisy_vole_receiver; real_libOTe_NoisyVole_split_input_length_2t; F=array<u64,M>; G=u64; vector_fixed_prime_setup; local_expand; tcp_two_process; p1_noisy_vole_sender; real_libOTe_NoisyVole_split_input_length_2t; F=array<u64,M>; G=u64; vector_fixed_prime_setup; local_expand",emulated TCP network
2026-07-26T08:39:39.389687+00:00,56a80d12dc147c6f4d9452798d88f387cd1c778b,RMVOLE_NET_BENCH,RM_VECTOR_GENERIC_SPLIT,split-input-vole,vector,FAST,tcp-loopback,bench,1,0,OK,PASS,20,1048576,64,32,1,301.878,447.88800000000003,447.88800000000003,"max(P0,P1)_same_phase",948.8299999999999,785.7769999999999,948.8299999999999,1459.173,1449.767,1459.173,1396.7179999999998,2709.8810000000003,0.0,0.0,0.0,67170161,254193,67424080,2.0093941688537598,67178544,245810,,0,0,0,0,0,0,"tcp_two_process; p0_noisy_vole_receiver; real_libOTe_NoisyVole_split_input_length_2t; F=array<u64,M>; G=u64; vector_fixed_prime_setup; local_expand; tcp_two_process; p1_noisy_vole_sender; real_libOTe_NoisyVole_split_input_length_2t; F=array<u64,M>; G=u64; vector_fixed_prime_setup; local_expand",emulated TCP network
2026-07-26T08:39:43.599207+00:00,56a80d12dc147c6f4d9452798d88f387cd1c778b,RMVOLE_NET_BENCH,RM_VECTOR_GENERIC_SPLIT,split-input-vole,vector,FAST,tcp-loopback,bench,2,0,OK,PASS,20,1048576,64,32,1,302.99199999999996,448.358,448.358,"max(P0,P1)_same_phase",945.2620000000001,786.2710000000001,945.2620000000001,1458.682,1450.972,1458.682,1393.6200000000001,2706.935,0.0,0.0,0.0,67170161,254193,67424080,2.0093941688537598,67178544,245810,,0,0,0,0,0,0,"tcp_two_process; p0_noisy_vole_receiver; real_libOTe_NoisyVole_split_input_length_2t; F=array<u64,M>; G=u64; vector_fixed_prime_setup; local_expand; tcp_two_process; p1_noisy_vole_sender; real_libOTe_NoisyVole_split_input_length_2t; F=array<u64,M>; G=u64; vector_fixed_prime_setup; local_expand",emulated TCP network
2026-07-26T08:39:47.808598+00:00,56a80d12dc147c6f4d9452798d88f387cd1c778b,RMVOLE_NET_BENCH,RM_VECTOR_GENERIC_SPLIT,split-input-vole,vector,FAST,tcp-loopback,bench,3,0,OK,PASS,20,1048576,64,32,1,303.23699999999997,448.484,448.484,"max(P0,P1)_same_phase",940.087,788.852,940.087,1457.558,1465.06,1465.06,1388.571,2702.3959999999997,0.0,0.0,0.0,67170161,254193,67424080,2.0093941688537598,67178544,245810,,0,0,0,0,0,0,"tcp_two_process; p0_noisy_vole_receiver; real_libOTe_NoisyVole_split_input_length_2t; F=array<u64,M>; G=u64; vector_fixed_prime_setup; local_expand; tcp_two_process; p1_noisy_vole_sender; real_libOTe_NoisyVole_split_input_length_2t; F=array<u64,M>; G=u64; vector_fixed_prime_setup; local_expand",emulated TCP network
2026-07-26T08:39:52.017672+00:00,56a80d12dc147c6f4d9452798d88f387cd1c778b,RMVOLE_NET_BENCH,RM_VECTOR_GENERIC_SPLIT,split-input-vole,vector,FAST,tcp-loopback,bench,4,0,OK,PASS,20,1048576,64,32,1,301.86,447.212,447.212,"max(P0,P1)_same_phase",947.4820000000001,794.279,947.4820000000001,1460.7440000000001,1466.169,1466.169,1394.694,2710.086,0.0,0.0,0.0,67170161,254193,67424080,2.0093941688537598,67178544,245810,,0,0,0,0,0,0,"tcp_two_process; p0_noisy_vole_receiver; real_libOTe_NoisyVole_split_input_length_2t; F=array<u64,M>; G=u64; vector_fixed_prime_setup; local_expand; tcp_two_process; p1_noisy_vole_sender; real_libOTe_NoisyVole_split_input_length_2t; F=array<u64,M>; G=u64; vector_fixed_prime_setup; local_expand",emulated TCP network
2026-07-26T08:39:56.226856+00:00,56a80d12dc147c6f4d9452798d88f387cd1c778b,RMVOLE_NET_BENCH,RM_VECTOR_GENERIC_SPLIT,split-input-vole,vector,FAST,tcp-loopback,bench,5,0,OK,PASS,20,1048576,64,32,1,302.44300000000004,447.616,447.616,"max(P0,P1)_same_phase",936.8330000000001,788.275,936.8330000000001,1456.905,1464.784,1464.784,1384.449,2700.6749999999997,0.0,0.0,0.0,67170161,254193,67424080,2.0093941688537598,67178544,245810,,0,0,0,0,0,0,"tcp_two_process; p0_noisy_vole_receiver; real_libOTe_NoisyVole_split_input_length_2t; F=array<u64,M>; G=u64; vector_fixed_prime_setup; local_expand; tcp_two_process; p1_noisy_vole_sender; real_libOTe_NoisyVole_split_input_length_2t; F=array<u64,M>; G=u64; vector_fixed_prime_setup; local_expand",emulated TCP network
2026-07-26T08:40:00.435873+00:00,56a80d12dc147c6f4d9452798d88f387cd1c778b,RMVOLE_NET_BENCH,RM_VECTOR_GENERIC_SPLIT,split-input-vole,vector,FAST,tcp-loopback,bench,6,0,OK,PASS,20,1048576,64,32,1,301.601,446.687,446.687,"max(P0,P1)_same_phase",940.495,783.5210000000001,940.495,1463.6480000000001,1447.473,1463.6480000000001,1387.182,2705.744,0.0,0.0,0.0,67170161,254193,67424080,2.0093941688537598,67178544,245810,,0,0,0,0,0,0,"tcp_two_process; p0_noisy_vole_receiver; real_libOTe_NoisyVole_split_input_length_2t; F=array<u64,M>; G=u64; vector_fixed_prime_setup; local_expand; tcp_two_process; p1_noisy_vole_sender; real_libOTe_NoisyVole_split_input_length_2t; F=array<u64,M>; G=u64; vector_fixed_prime_setup; local_expand",emulated TCP network
2026-07-26T08:40:04.645004+00:00,56a80d12dc147c6f4d9452798d88f387cd1c778b,RMVOLE_NET_BENCH,RM_VECTOR_GENERIC_SPLIT,split-input-vole,vector,FAST,tcp-loopback,bench,7,0,OK,PASS,20,1048576,64,32,1,302.865,448.90000000000003,448.90000000000003,"max(P0,P1)_same_phase",941.505,789.237,941.505,1462.517,1466.357,1466.357,1390.405,2706.887,0.0,0.0,0.0,67170161,254193,67424080,2.0093941688537598,67178544,245810,,0,0,0,0,0,0,"tcp_two_process; p0_noisy_vole_receiver; real_libOTe_NoisyVole_split_input_length_2t; F=array<u64,M>; G=u64; vector_fixed_prime_setup; local_expand; tcp_two_process; p1_noisy_vole_sender; real_libOTe_NoisyVole_split_input_length_2t; F=array<u64,M>; G=u64; vector_fixed_prime_setup; local_expand",emulated TCP network
2026-07-26T08:40:08.854195+00:00,56a80d12dc147c6f4d9452798d88f387cd1c778b,RMVOLE_NET_BENCH,RM_VECTOR_GENERIC_SPLIT,split-input-vole,vector,FAST,tcp-loopback,bench,8,0,OK,PASS,20,1048576,64,32,1,301.517,447.207,447.207,"max(P0,P1)_same_phase",941.8530000000001,781.2,941.8530000000001,1461.853,1452.953,1461.853,1389.06,2705.223,0.0,0.0,0.0,67170161,254193,67424080,2.0093941688537598,67178544,245810,,0,0,0,0,0,0,"tcp_two_process; p0_noisy_vole_receiver; real_libOTe_NoisyVole_split_input_length_2t; F=array<u64,M>; G=u64; vector_fixed_prime_setup; local_expand; tcp_two_process; p1_noisy_vole_sender; real_libOTe_NoisyVole_split_input_length_2t; F=array<u64,M>; G=u64; vector_fixed_prime_setup; local_expand",emulated TCP network
2026-07-26T08:40:13.063471+00:00,56a80d12dc147c6f4d9452798d88f387cd1c778b,RMVOLE_NET_BENCH,RM_VECTOR_GENERIC_SPLIT,split-input-vole,vector,FAST,tcp-loopback,bench,9,0,OK,PASS,20,1048576,64,32,1,301.993,447.752,447.752,"max(P0,P1)_same_phase",943.722,782.001,943.722,1463.531,1446.886,1463.531,1391.474,2709.2459999999996,0.0,0.0,0.0,67170161,254193,67424080,2.0093941688537598,67178544,245810,,0,0,0,0,0,0,"tcp_two_process; p0_noisy_vole_receiver; real_libOTe_NoisyVole_split_input_length_2t; F=array<u64,M>; G=u64; vector_fixed_prime_setup; local_expand; tcp_two_process; p1_noisy_vole_sender; real_libOTe_NoisyVole_split_input_length_2t; F=array<u64,M>; G=u64; vector_fixed_prime_setup; local_expand",emulated TCP network
2026-07-26T08:00:45.290084+00:00,56a80d12dc147c6f4d9452798d88f387cd1c778b,RMVOLE_NET_BENCH,RM_VECTOR_OPT,split-input-coeff-ot,vector,WAN100,tcp-loopback,bench,-1,1,OK,PASS,14,16384,64,8,1,519.458,254.66499999999996,519.458,"max(P0,P1)_same_phase",269.276,528.062,528.062,3.286,3.042,3.286,1047.52,792.019,0.0,0.0,0.0,159921,1315329,1475168,11.254638671875,1378624,96626,INCLUDING_BASE_OT,7808,1,1,999424,999424,3,tcp_two_process; p0_coeff_bit_ot_receiver; SPLIT_COEFF_OT; one_batched_Kos_chosen_message_OT; vector_fixed_prime_setup; local_expand; tcp_two_process; p1_coeff_bit_ot_sender; SPLIT_COEFF_OT; one_batched_Kos_chosen_message_OT; vector_fixed_prime_setup; local_expand,emulated TCP network
2026-07-26T08:00:46.444496+00:00,56a80d12dc147c6f4d9452798d88f387cd1c778b,RMVOLE_NET_BENCH,RM_VECTOR_OPT,split-input-coeff-ot,vector,WAN100,tcp-loopback,bench,0,0,OK,PASS,14,16384,64,8,1,519.401,254.67800000000003,519.401,"max(P0,P1)_same_phase",269.04200000000003,527.756,527.756,3.2070000000000003,3.04,3.2070000000000003,1047.157,791.65,0.0,0.0,0.0,159921,1315329,1475168,11.254638671875,1378624,96626,INCLUDING_BASE_OT,7808,1,1,999424,999424,3,tcp_two_process; p0_coeff_bit_ot_receiver; SPLIT_COEFF_OT; one_batched_Kos_chosen_message_OT; vector_fixed_prime_setup; local_expand; tcp_two_process; p1_coeff_bit_ot_sender; SPLIT_COEFF_OT; one_batched_Kos_chosen_message_OT; vector_fixed_prime_setup; local_expand,emulated TCP network
2026-07-26T08:00:47.599029+00:00,56a80d12dc147c6f4d9452798d88f387cd1c778b,RMVOLE_NET_BENCH,RM_VECTOR_OPT,split-input-coeff-ot,vector,WAN100,tcp-loopback,bench,1,0,OK,PASS,14,16384,64,8,1,519.451,254.694,519.451,"max(P0,P1)_same_phase",271.279,529.4689999999999,529.4689999999999,3.214,3.568,3.568,1048.92,793.944,0.0,0.0,0.0,159921,1315329,1475168,11.254638671875,1378624,96626,INCLUDING_BASE_OT,7808,1,1,999424,999424,3,tcp_two_process; p0_coeff_bit_ot_receiver; SPLIT_COEFF_OT; one_batched_Kos_chosen_message_OT; vector_fixed_prime_setup; local_expand; tcp_two_process; p1_coeff_bit_ot_sender; SPLIT_COEFF_OT; one_batched_Kos_chosen_message_OT; vector_fixed_prime_setup; local_expand,emulated TCP network
2026-07-26T08:00:48.753381+00:00,56a80d12dc147c6f4d9452798d88f387cd1c778b,RMVOLE_NET_BENCH,RM_VECTOR_OPT,split-input-coeff-ot,vector,WAN100,tcp-loopback,bench,2,0,OK,PASS,14,16384,64,8,1,519.34,254.566,519.34,"max(P0,P1)_same_phase",269.471,528.2710000000001,528.2710000000001,3.212,3.0460000000000003,3.212,1047.611,792.023,0.0,0.0,0.0,159921,1315329,1475168,11.254638671875,1378624,96626,INCLUDING_BASE_OT,7808,1,1,999424,999424,3,tcp_two_process; p0_coeff_bit_ot_receiver; SPLIT_COEFF_OT; one_batched_Kos_chosen_message_OT; vector_fixed_prime_setup; local_expand; tcp_two_process; p1_coeff_bit_ot_sender; SPLIT_COEFF_OT; one_batched_Kos_chosen_message_OT; vector_fixed_prime_setup; local_expand,emulated TCP network
2026-07-26T08:00:49.907772+00:00,56a80d12dc147c6f4d9452798d88f387cd1c778b,RMVOLE_NET_BENCH,RM_VECTOR_OPT,split-input-coeff-ot,vector,WAN100,tcp-loopback,bench,3,0,OK,PASS,14,16384,64,8,1,519.509,254.73800000000003,519.509,"max(P0,P1)_same_phase",268.837,527.655,527.655,3.21,3.023,3.21,1047.164,791.5550000000001,0.0,0.0,0.0,159921,1315329,1475168,11.254638671875,1378624,96626,INCLUDING_BASE_OT,7808,1,1,999424,999424,3,tcp_two_process; p0_coeff_bit_ot_receiver; SPLIT_COEFF_OT; one_batched_Kos_chosen_message_OT; vector_fixed_prime_setup; local_expand; tcp_two_process; p1_coeff_bit_ot_sender; SPLIT_COEFF_OT; one_batched_Kos_chosen_message_OT; vector_fixed_prime_setup; local_expand,emulated TCP network
2026-07-26T08:00:51.062104+00:00,56a80d12dc147c6f4d9452798d88f387cd1c778b,RMVOLE_NET_BENCH,RM_VECTOR_OPT,split-input-coeff-ot,vector,WAN100,tcp-loopback,bench,4,0,OK,PASS,14,16384,64,8,1,519.3389999999999,254.554,519.3389999999999,"max(P0,P1)_same_phase",269.229,528.066,528.066,3.2399999999999998,3.0509999999999997,3.2399999999999998,1047.405,791.808,0.0,0.0,0.0,159921,1315329,1475168,11.254638671875,1378624,96626,INCLUDING_BASE_OT,7808,1,1,999424,999424,3,tcp_two_process; p0_coeff_bit_ot_receiver; SPLIT_COEFF_OT; one_batched_Kos_chosen_message_OT; vector_fixed_prime_setup; local_expand; tcp_two_process; p1_coeff_bit_ot_sender; SPLIT_COEFF_OT; one_batched_Kos_chosen_message_OT; vector_fixed_prime_setup; local_expand,emulated TCP network
2026-07-26T08:00:52.817203+00:00,56a80d12dc147c6f4d9452798d88f387cd1c778b,SILENT_SVOLE_TCP,SILENT_SVOLE,,,WAN100,tcp-loopback,bench,-1,1,OK,PASS,14,16384,64,8,1,1461.8709999999999,1275.923,0.0,,0.0,0.0,0.0,0.0,0.0,0.0,1461.871,1461.8709999999999,1267.074,1107.2930000000001,0.0,8190160,135800,8325896,63.52154541015625,0,0,,0,0,0,0,0,0,"tcp_two_process; libOTe_SilentVole; semi_honest_128; MultType=ExConv7x24; BaseElem=u64; ExtElem=array<u64,M>; x=c; Z0=a; Z1=-b; tcp_two_process; libOTe_SilentVole; semi_honest_128; MultType=ExConv7x24; BaseElem=u64; ExtElem=array<u64,M>; x=c; Z0=a; Z1=-b",emulated TCP network
2026-07-26T08:00:54.572230+00:00,56a80d12dc147c6f4d9452798d88f387cd1c778b,SILENT_SVOLE_TCP,SILENT_SVOLE,,,WAN100,tcp-loopback,bench,0,0,OK,PASS,14,16384,64,8,1,1464.1200000000001,1280.818,0.0,,0.0,0.0,0.0,0.0,0.0,0.0,1464.1200000000001,1464.1200000000001,1271.9830000000002,1107.104,0.0,8190160,135800,8325896,63.52154541015625,0,0,,0,0,0,0,0,0,"tcp_two_process; libOTe_SilentVole; semi_honest_128; MultType=ExConv7x24; BaseElem=u64; ExtElem=array<u64,M>; x=c; Z0=a; Z1=-b; tcp_two_process; libOTe_SilentVole; semi_honest_128; MultType=ExConv7x24; BaseElem=u64; ExtElem=array<u64,M>; x=c; Z0=a; Z1=-b",emulated TCP network
2026-07-26T08:00:56.327611+00:00,56a80d12dc147c6f4d9452798d88f387cd1c778b,SILENT_SVOLE_TCP,SILENT_SVOLE,,,WAN100,tcp-loopback,bench,1,0,OK,PASS,14,16384,64,8,1,1461.436,1278.1599999999999,0.0,,0.0,0.0,0.0,0.0,0.0,0.0,1461.435,1461.436,1269.1190000000001,1104.625,0.0,8190160,135800,8325896,63.52154541015625,0,0,,0,0,0,0,0,0,"tcp_two_process; libOTe_SilentVole; semi_honest_128; MultType=ExConv7x24; BaseElem=u64; ExtElem=array<u64,M>; x=c; Z0=a; Z1=-b; tcp_two_process; libOTe_SilentVole; semi_honest_128; MultType=ExConv7x24; BaseElem=u64; ExtElem=array<u64,M>; x=c; Z0=a; Z1=-b",emulated TCP network
2026-07-26T08:00:58.082907+00:00,56a80d12dc147c6f4d9452798d88f387cd1c778b,SILENT_SVOLE_TCP,SILENT_SVOLE,,,WAN100,tcp-loopback,bench,2,0,OK,PASS,14,16384,64,8,1,1461.644,1277.348,0.0,,0.0,0.0,0.0,0.0,0.0,0.0,1461.644,1461.644,1268.6850000000002,1105.9099999999999,0.0,8190160,135800,8325896,63.52154541015625,0,0,,0,0,0,0,0,0,"tcp_two_process; libOTe_SilentVole; semi_honest_128; MultType=ExConv7x24; BaseElem=u64; ExtElem=array<u64,M>; x=c; Z0=a; Z1=-b; tcp_two_process; libOTe_SilentVole; semi_honest_128; MultType=ExConv7x24; BaseElem=u64; ExtElem=array<u64,M>; x=c; Z0=a; Z1=-b",emulated TCP network
2026-07-26T08:00:59.838099+00:00,56a80d12dc147c6f4d9452798d88f387cd1c778b,SILENT_SVOLE_TCP,SILENT_SVOLE,,,WAN100,tcp-loopback,bench,3,0,OK,PASS,14,16384,64,8,1,1465.267,1279.689,0.0,,0.0,0.0,0.0,0.0,0.0,0.0,1465.268,1465.267,1270.991,1106.742,0.0,8190160,135800,8325896,63.52154541015625,0,0,,0,0,0,0,0,0,"tcp_two_process; libOTe_SilentVole; semi_honest_128; MultType=ExConv7x24; BaseElem=u64; ExtElem=array<u64,M>; x=c; Z0=a; Z1=-b; tcp_two_process; libOTe_SilentVole; semi_honest_128; MultType=ExConv7x24; BaseElem=u64; ExtElem=array<u64,M>; x=c; Z0=a; Z1=-b",emulated TCP network
2026-07-26T08:01:01.593101+00:00,56a80d12dc147c6f4d9452798d88f387cd1c778b,SILENT_SVOLE_TCP,SILENT_SVOLE,,,WAN100,tcp-loopback,bench,4,0,OK,PASS,14,16384,64,8,1,1460.9589999999998,1274.532,0.0,,0.0,0.0,0.0,0.0,0.0,0.0,1460.959,1460.9589999999998,1265.805,1106.756,0.0,8190160,135800,8325896,63.52154541015625,0,0,,0,0,0,0,0,0,"tcp_two_process; libOTe_SilentVole; semi_honest_128; MultType=ExConv7x24; BaseElem=u64; ExtElem=array<u64,M>; x=c; Z0=a; Z1=-b; tcp_two_process; libOTe_SilentVole; semi_honest_128; MultType=ExConv7x24; BaseElem=u64; ExtElem=array<u64,M>; x=c; Z0=a; Z1=-b",emulated TCP network
2026-07-26T08:01:02.947741+00:00,56a80d12dc147c6f4d9452798d88f387cd1c778b,RMVOLE_NET_BENCH,RM_VECTOR_GENERIC_SPLIT,split-input-vole,vector,WAN100,tcp-loopback,bench,-1,1,OK,PASS,14,16384,64,8,1,128.25300000000001,743.266,743.266,"max(P0,P1)_same_phase",506.856,261.81399999999996,506.856,3.328,3.063,3.328,1250.1219999999998,1008.142,0.0,0.0,0.0,4229297,79089,4308304,32.8697509765625,4211760,96626,,0,0,0,0,0,0,"tcp_two_process; p0_noisy_vole_receiver; real_libOTe_NoisyVole_split_input_length_2t; F=array<u64,M>; G=u64; vector_fixed_prime_setup; local_expand; tcp_two_process; p1_noisy_vole_sender; real_libOTe_NoisyVole_split_input_length_2t; F=array<u64,M>; G=u64; vector_fixed_prime_setup; local_expand",emulated TCP network
2026-07-26T08:01:04.302170+00:00,56a80d12dc147c6f4d9452798d88f387cd1c778b,RMVOLE_NET_BENCH,RM_VECTOR_GENERIC_SPLIT,split-input-vole,vector,WAN100,tcp-loopback,bench,0,0,OK,PASS,14,16384,64,8,1,127.11900000000001,742.225,742.225,"max(P0,P1)_same_phase",506.2219999999999,261.399,506.2219999999999,3.282,3.033,3.282,1248.447,1006.656,0.0,0.0,0.0,4229297,79089,4308304,32.8697509765625,4211760,96626,,0,0,0,0,0,0,"tcp_two_process; p0_noisy_vole_receiver; real_libOTe_NoisyVole_split_input_length_2t; F=array<u64,M>; G=u64; vector_fixed_prime_setup; local_expand; tcp_two_process; p1_noisy_vole_sender; real_libOTe_NoisyVole_split_input_length_2t; F=array<u64,M>; G=u64; vector_fixed_prime_setup; local_expand",emulated TCP network
2026-07-26T08:01:05.656646+00:00,56a80d12dc147c6f4d9452798d88f387cd1c778b,RMVOLE_NET_BENCH,RM_VECTOR_GENERIC_SPLIT,split-input-vole,vector,WAN100,tcp-loopback,bench,1,0,OK,PASS,14,16384,64,8,1,126.923,740.718,740.718,"max(P0,P1)_same_phase",505.467,261.783,505.467,3.313,3.028,3.313,1246.185,1005.5289999999999,0.0,0.0,0.0,4229297,79089,4308304,32.8697509765625,4211760,96626,,0,0,0,0,0,0,"tcp_two_process; p0_noisy_vole_receiver; real_libOTe_NoisyVole_split_input_length_2t; F=array<u64,M>; G=u64; vector_fixed_prime_setup; local_expand; tcp_two_process; p1_noisy_vole_sender; real_libOTe_NoisyVole_split_input_length_2t; F=array<u64,M>; G=u64; vector_fixed_prime_setup; local_expand",emulated TCP network
2026-07-26T08:01:07.011082+00:00,56a80d12dc147c6f4d9452798d88f387cd1c778b,RMVOLE_NET_BENCH,RM_VECTOR_GENERIC_SPLIT,split-input-vole,vector,WAN100,tcp-loopback,bench,2,0,OK,PASS,14,16384,64,8,1,126.53500000000001,741.541,741.541,"max(P0,P1)_same_phase",506.579,261.54699999999997,506.579,3.328,3.034,3.328,1248.1200000000001,1006.122,0.0,0.0,0.0,4229297,79089,4308304,32.8697509765625,4211760,96626,,0,0,0,0,0,0,"tcp_two_process; p0_noisy_vole_receiver; real_libOTe_NoisyVole_split_input_length_2t; F=array<u64,M>; G=u64; vector_fixed_prime_setup; local_expand; tcp_two_process; p1_noisy_vole_sender; real_libOTe_NoisyVole_split_input_length_2t; F=array<u64,M>; G=u64; vector_fixed_prime_setup; local_expand",emulated TCP network
2026-07-26T08:01:08.365563+00:00,56a80d12dc147c6f4d9452798d88f387cd1c778b,RMVOLE_NET_BENCH,RM_VECTOR_GENERIC_SPLIT,split-input-vole,vector,WAN100,tcp-loopback,bench,3,0,OK,PASS,14,16384,64,8,1,126.70500000000001,741.7620000000001,741.7620000000001,"max(P0,P1)_same_phase",506.633,261.666,506.633,3.286,3.032,3.286,1248.395,1006.459,0.0,0.0,0.0,4229297,79089,4308304,32.8697509765625,4211760,96626,,0,0,0,0,0,0,"tcp_two_process; p0_noisy_vole_receiver; real_libOTe_NoisyVole_split_input_length_2t; F=array<u64,M>; G=u64; vector_fixed_prime_setup; local_expand; tcp_two_process; p1_noisy_vole_sender; real_libOTe_NoisyVole_split_input_length_2t; F=array<u64,M>; G=u64; vector_fixed_prime_setup; local_expand",emulated TCP network
2026-07-26T08:01:09.720350+00:00,56a80d12dc147c6f4d9452798d88f387cd1c778b,RMVOLE_NET_BENCH,RM_VECTOR_GENERIC_SPLIT,split-input-vole,vector,WAN100,tcp-loopback,bench,4,0,OK,PASS,14,16384,64,8,1,126.888,742.02,742.02,"max(P0,P1)_same_phase",506.9630000000001,261.915,506.9630000000001,3.297,3.042,3.297,1248.9830000000002,1006.977,0.0,0.0,0.0,4229297,79089,4308304,32.8697509765625,4211760,96626,,0,0,0,0,0,0,"tcp_two_process; p0_noisy_vole_receiver; real_libOTe_NoisyVole_split_input_length_2t; F=array<u64,M>; G=u64; vector_fixed_prime_setup; local_expand; tcp_two_process; p1_noisy_vole_sender; real_libOTe_NoisyVole_split_input_length_2t; F=array<u64,M>; G=u64; vector_fixed_prime_setup; local_expand",emulated TCP network
2026-07-26T08:01:10.974869+00:00,56a80d12dc147c6f4d9452798d88f387cd1c778b,RMVOLE_NET_BENCH,RM_VECTOR_OPT,split-input-coeff-ot,vector,WAN100,tcp-loopback,bench,-1,1,OK,PASS,14,16384,64,16,1,620.524,256.595,620.524,"max(P0,P1)_same_phase",278.13100000000003,630.911,630.911,6.227,6.002000000000001,6.227,1251.435,904.882,0.0,0.0,0.0,159985,2347521,2507360,9.5648193359375,2378048,129458,INCLUDING_BASE_OT,7808,1,1,1998848,1998848,3,tcp_two_process; p0_coeff_bit_ot_receiver; SPLIT_COEFF_OT; one_batched_Kos_chosen_message_OT; vector_fixed_prime_setup; local_expand; tcp_two_process; p1_coeff_bit_ot_sender; SPLIT_COEFF_OT; one_batched_Kos_chosen_message_OT; vector_fixed_prime_setup; local_expand,emulated TCP network
2026-07-26T08:01:12.229560+00:00,56a80d12dc147c6f4d9452798d88f387cd1c778b,RMVOLE_NET_BENCH,RM_VECTOR_OPT,split-input-coeff-ot,vector,WAN100,tcp-loopback,bench,0,0,OK,PASS,14,16384,64,16,1,620.435,256.466,620.435,"max(P0,P1)_same_phase",277.999,630.922,630.922,6.165,5.944,6.165,1251.357,904.598,0.0,0.0,0.0,159985,2347521,2507360,9.5648193359375,2378048,129458,INCLUDING_BASE_OT,7808,1,1,1998848,1998848,3,tcp_two_process; p0_coeff_bit_ot_receiver; SPLIT_COEFF_OT; one_batched_Kos_chosen_message_OT; vector_fixed_prime_setup; local_expand; tcp_two_process; p1_coeff_bit_ot_sender; SPLIT_COEFF_OT; one_batched_Kos_chosen_message_OT; vector_fixed_prime_setup; local_expand,emulated TCP network
2026-07-26T08:01:13.484074+00:00,56a80d12dc147c6f4d9452798d88f387cd1c778b,RMVOLE_NET_BENCH,RM_VECTOR_OPT,split-input-coeff-ot,vector,WAN100,tcp-loopback,bench,1,0,OK,PASS,14,16384,64,16,1,620.567,256.504,620.567,"max(P0,P1)_same_phase",278.473,631.5509999999999,631.5509999999999,6.186999999999999,5.955,6.186999999999999,1252.118,905.2280000000001,0.0,0.0,0.0,159985,2347521,2507360,9.5648193359375,2378048,129458,INCLUDING_BASE_OT,7808,1,1,1998848,1998848,3,tcp_two_process; p0_coeff_bit_ot_receiver; SPLIT_COEFF_OT; one_batched_Kos_chosen_message_OT; vector_fixed_prime_setup; local_expand; tcp_two_process; p1_coeff_bit_ot_sender; SPLIT_COEFF_OT; one_batched_Kos_chosen_message_OT; vector_fixed_prime_setup; local_expand,emulated TCP network
2026-07-26T08:01:14.738507+00:00,56a80d12dc147c6f4d9452798d88f387cd1c778b,RMVOLE_NET_BENCH,RM_VECTOR_OPT,split-input-coeff-ot,vector,WAN100,tcp-loopback,bench,2,0,OK,PASS,14,16384,64,16,1,620.436,256.39,620.436,"max(P0,P1)_same_phase",278.158,631.125,631.125,6.2620000000000005,5.989000000000001,6.2620000000000005,1251.5610000000001,904.856,0.0,0.0,0.0,159985,2347521,2507360,9.5648193359375,2378048,129458,INCLUDING_BASE_OT,7808,1,1,1998848,1998848,3,tcp_two_process; p0_coeff_bit_ot_receiver; SPLIT_COEFF_OT; one_batched_Kos_chosen_message_OT; vector_fixed_prime_setup; local_expand; tcp_two_process; p1_coeff_bit_ot_sender; SPLIT_COEFF_OT; one_batched_Kos_chosen_message_OT; vector_fixed_prime_setup; local_expand,emulated TCP network
2026-07-26T08:01:15.992925+00:00,56a80d12dc147c6f4d9452798d88f387cd1c778b,RMVOLE_NET_BENCH,RM_VECTOR_OPT,split-input-coeff-ot,vector,WAN100,tcp-loopback,bench,3,0,OK,PASS,14,16384,64,16,1,620.4340000000001,256.45,620.4340000000001,"max(P0,P1)_same_phase",278.353,631.1909999999999,631.1909999999999,6.195,5.984999999999999,6.195,1251.625,904.982,0.0,0.0,0.0,159985,2347521,2507360,9.5648193359375,2378048,129458,INCLUDING_BASE_OT,7808,1,1,1998848,1998848,3,tcp_two_process; p0_coeff_bit_ot_receiver; SPLIT_COEFF_OT; one_batched_Kos_chosen_message_OT; vector_fixed_prime_setup; local_expand; tcp_two_process; p1_coeff_bit_ot_sender; SPLIT_COEFF_OT; one_batched_Kos_chosen_message_OT; vector_fixed_prime_setup; local_expand,emulated TCP network
2026-07-26T08:01:17.247315+00:00,56a80d12dc147c6f4d9452798d88f387cd1c778b,RMVOLE_NET_BENCH,RM_VECTOR_OPT,split-input-coeff-ot,vector,WAN100,tcp-loopback,bench,4,0,OK,PASS,14,16384,64,16,1,620.494,256.52799999999996,620.494,"max(P0,P1)_same_phase",278.40999999999997,631.268,631.268,6.253,5.954,6.253,1251.7620000000002,905.157,0.0,0.0,0.0,159985,2347521,2507360,9.5648193359375,2378048,129458,INCLUDING_BASE_OT,7808,1,1,1998848,1998848,3,tcp_two_process; p0_coeff_bit_ot_receiver; SPLIT_COEFF_OT; one_batched_Kos_chosen_message_OT; vector_fixed_prime_setup; local_expand; tcp_two_process; p1_coeff_bit_ot_sender; SPLIT_COEFF_OT; one_batched_Kos_chosen_message_OT; vector_fixed_prime_setup; local_expand,emulated TCP network
2026-07-26T08:01:20.554352+00:00,56a80d12dc147c6f4d9452798d88f387cd1c778b,SILENT_SVOLE_TCP,SILENT_SVOLE,,,WAN100,tcp-loopback,bench,-1,1,OK,PASS,14,16384,64,16,1,3004.848,2812.641,0.0,,0.0,0.0,0.0,0.0,0.0,0.0,3004.848,3004.848,2796.835,2489.737,0.0,32569616,215672,32785160,125.06546020507812,0,0,,0,0,0,0,0,0,"tcp_two_process; libOTe_SilentVole; semi_honest_128; MultType=ExConv7x24; BaseElem=u64; ExtElem=array<u64,M>; x=c; Z0=a; Z1=-b; tcp_two_process; libOTe_SilentVole; semi_honest_128; MultType=ExConv7x24; BaseElem=u64; ExtElem=array<u64,M>; x=c; Z0=a; Z1=-b",emulated TCP network
2026-07-26T08:01:23.861393+00:00,56a80d12dc147c6f4d9452798d88f387cd1c778b,SILENT_SVOLE_TCP,SILENT_SVOLE,,,WAN100,tcp-loopback,bench,0,0,OK,PASS,14,16384,64,16,1,3037.959,2846.285,0.0,,0.0,0.0,0.0,0.0,0.0,0.0,3037.959,3037.959,2830.089,2524.888,0.0,32569616,215672,32785160,125.06546020507812,0,0,,0,0,0,0,0,0,"tcp_two_process; libOTe_SilentVole; semi_honest_128; MultType=ExConv7x24; BaseElem=u64; ExtElem=array<u64,M>; x=c; Z0=a; Z1=-b; tcp_two_process; libOTe_SilentVole; semi_honest_128; MultType=ExConv7x24; BaseElem=u64; ExtElem=array<u64,M>; x=c; Z0=a; Z1=-b",emulated TCP network
2026-07-26T08:01:27.068290+00:00,56a80d12dc147c6f4d9452798d88f387cd1c778b,SILENT_SVOLE_TCP,SILENT_SVOLE,,,WAN100,tcp-loopback,bench,1,0,OK,PASS,14,16384,64,16,1,2918.9669999999996,2731.166,0.0,,0.0,0.0,0.0,0.0,0.0,0.0,2918.967,2918.9669999999996,2715.21,2403.518,0.0,32569616,215672,32785160,125.06546020507812,0,0,,0,0,0,0,0,0,"tcp_two_process; libOTe_SilentVole; semi_honest_128; MultType=ExConv7x24; BaseElem=u64; ExtElem=array<u64,M>; x=c; Z0=a; Z1=-b; tcp_two_process; libOTe_SilentVole; semi_honest_128; MultType=ExConv7x24; BaseElem=u64; ExtElem=array<u64,M>; x=c; Z0=a; Z1=-b",emulated TCP network
2026-07-26T08:01:30.275072+00:00,56a80d12dc147c6f4d9452798d88f387cd1c778b,SILENT_SVOLE_TCP,SILENT_SVOLE,,,WAN100,tcp-loopback,bench,2,0,OK,PASS,14,16384,64,16,1,2920.422,2731.549,0.0,,0.0,0.0,0.0,0.0,0.0,0.0,2920.4220000000005,2920.422,2715.534,2406.416,0.0,32569616,215672,32785160,125.06546020507812,0,0,,0,0,0,0,0,0,"tcp_two_process; libOTe_SilentVole; semi_honest_128; MultType=ExConv7x24; BaseElem=u64; ExtElem=array<u64,M>; x=c; Z0=a; Z1=-b; tcp_two_process; libOTe_SilentVole; semi_honest_128; MultType=ExConv7x24; BaseElem=u64; ExtElem=array<u64,M>; x=c; Z0=a; Z1=-b",emulated TCP network
2026-07-26T08:01:33.582149+00:00,56a80d12dc147c6f4d9452798d88f387cd1c778b,SILENT_SVOLE_TCP,SILENT_SVOLE,,,WAN100,tcp-loopback,bench,3,0,OK,PASS,14,16384,64,16,1,3017.396,2825.153,0.0,,0.0,0.0,0.0,0.0,0.0,0.0,3017.3949999999995,3017.396,2808.995,2503.2169999999996,0.0,32569616,215672,32785160,125.06546020507812,0,0,,0,0,0,0,0,0,"tcp_two_process; libOTe_SilentVole; semi_honest_128; MultType=ExConv7x24; BaseElem=u64; ExtElem=array<u64,M>; x=c; Z0=a; Z1=-b; tcp_two_process; libOTe_SilentVole; semi_honest_128; MultType=ExConv7x24; BaseElem=u64; ExtElem=array<u64,M>; x=c; Z0=a; Z1=-b",emulated TCP network
2026-07-26T08:01:36.839547+00:00,56a80d12dc147c6f4d9452798d88f387cd1c778b,SILENT_SVOLE_TCP,SILENT_SVOLE,,,WAN100,tcp-loopback,bench,4,0,OK,PASS,14,16384,64,16,1,2981.639,2791.6,0.0,,0.0,0.0,0.0,0.0,0.0,0.0,2981.638,2981.639,2775.342,2467.748,0.0,32569616,215672,32785160,125.06546020507812,0,0,,0,0,0,0,0,0,"tcp_two_process; libOTe_SilentVole; semi_honest_128; MultType=ExConv7x24; BaseElem=u64; ExtElem=array<u64,M>; x=c; Z0=a; Z1=-b; tcp_two_process; libOTe_SilentVole; semi_honest_128; MultType=ExConv7x24; BaseElem=u64; ExtElem=array<u64,M>; x=c; Z0=a; Z1=-b",emulated TCP network
2026-07-26T08:01:39.095557+00:00,56a80d12dc147c6f4d9452798d88f387cd1c778b,RMVOLE_NET_BENCH,RM_VECTOR_GENERIC_SPLIT,split-input-vole,vector,WAN100,tcp-loopback,bench,-1,1,OK,PASS,14,16384,64,16,1,204.937,1607.591,1607.591,"max(P0,P1)_same_phase",546.336,259.472,546.336,6.263,5.976,6.263,2153.9269999999997,1873.038,0.0,0.0,0.0,16812273,129265,16941392,64.62628173828125,16812080,129458,,0,0,0,0,0,0,"tcp_two_process; p0_noisy_vole_receiver; real_libOTe_NoisyVole_split_input_length_2t; F=array<u64,M>; G=u64; vector_fixed_prime_setup; local_expand; tcp_two_process; p1_noisy_vole_sender; real_libOTe_NoisyVole_split_input_length_2t; F=array<u64,M>; G=u64; vector_fixed_prime_setup; local_expand",emulated TCP network
2026-07-26T08:01:41.301300+00:00,56a80d12dc147c6f4d9452798d88f387cd1c778b,RMVOLE_NET_BENCH,RM_VECTOR_GENERIC_SPLIT,split-input-vole,vector,WAN100,tcp-loopback,bench,0,0,OK,PASS,14,16384,64,16,1,205.332,1584.2369999999999,1584.2369999999999,"max(P0,P1)_same_phase",521.807,259.5,521.807,6.287,5.955,6.287,2106.044,1849.6919999999998,0.0,0.0,0.0,16812273,129265,16941392,64.62628173828125,16812080,129458,,0,0,0,0,0,0,"tcp_two_process; p0_noisy_vole_receiver; real_libOTe_NoisyVole_split_input_length_2t; F=array<u64,M>; G=u64; vector_fixed_prime_setup; local_expand; tcp_two_process; p1_noisy_vole_sender; real_libOTe_NoisyVole_split_input_length_2t; F=array<u64,M>; G=u64; vector_fixed_prime_setup; local_expand",emulated TCP network
2026-07-26T08:01:43.506954+00:00,56a80d12dc147c6f4d9452798d88f387cd1c778b,RMVOLE_NET_BENCH,RM_VECTOR_GENERIC_SPLIT,split-input-vole,vector,WAN100,tcp-loopback,bench,1,0,OK,PASS,14,16384,64,16,1,205.209,1591.1390000000001,1591.1390000000001,"max(P0,P1)_same_phase",528.988,259.59,528.988,6.266,5.9959999999999996,6.266,2120.1270000000004,1856.726,0.0,0.0,0.0,16812273,129265,16941392,64.62628173828125,16812080,129458,,0,0,0,0,0,0,"tcp_two_process; p0_noisy_vole_receiver; real_libOTe_NoisyVole_split_input_length_2t; F=array<u64,M>; G=u64; vector_fixed_prime_setup; local_expand; tcp_two_process; p1_noisy_vole_sender; real_libOTe_NoisyVole_split_input_length_2t; F=array<u64,M>; G=u64; vector_fixed_prime_setup; local_expand",emulated TCP network
2026-07-26T08:01:45.712570+00:00,56a80d12dc147c6f4d9452798d88f387cd1c778b,RMVOLE_NET_BENCH,RM_VECTOR_GENERIC_SPLIT,split-input-vole,vector,WAN100,tcp-loopback,bench,2,0,OK,PASS,14,16384,64,16,1,204.56,1593.9840000000002,1593.9840000000002,"max(P0,P1)_same_phase",532.535,259.717,532.535,6.275,5.949000000000001,6.275,2126.5190000000002,1859.6490000000001,0.0,0.0,0.0,16812273,129265,16941392,64.62628173828125,16812080,129458,,0,0,0,0,0,0,"tcp_two_process; p0_noisy_vole_receiver; real_libOTe_NoisyVole_split_input_length_2t; F=array<u64,M>; G=u64; vector_fixed_prime_setup; local_expand; tcp_two_process; p1_noisy_vole_sender; real_libOTe_NoisyVole_split_input_length_2t; F=array<u64,M>; G=u64; vector_fixed_prime_setup; local_expand",emulated TCP network
2026-07-26T08:01:47.918264+00:00,56a80d12dc147c6f4d9452798d88f387cd1c778b,RMVOLE_NET_BENCH,RM_VECTOR_GENERIC_SPLIT,split-input-vole,vector,WAN100,tcp-loopback,bench,3,0,OK,PASS,14,16384,64,16,1,204.601,1571.5079999999998,1571.5079999999998,"max(P0,P1)_same_phase",510.135,259.487,510.135,6.234,5.9670000000000005,6.234,2081.643,1836.962,0.0,0.0,0.0,16812273,129265,16941392,64.62628173828125,16812080,129458,,0,0,0,0,0,0,"tcp_two_process; p0_noisy_vole_receiver; real_libOTe_NoisyVole_split_input_length_2t; F=array<u64,M>; G=u64; vector_fixed_prime_setup; local_expand; tcp_two_process; p1_noisy_vole_sender; real_libOTe_NoisyVole_split_input_length_2t; F=array<u64,M>; G=u64; vector_fixed_prime_setup; local_expand",emulated TCP network
2026-07-26T08:01:50.124131+00:00,56a80d12dc147c6f4d9452798d88f387cd1c778b,RMVOLE_NET_BENCH,RM_VECTOR_GENERIC_SPLIT,split-input-vole,vector,WAN100,tcp-loopback,bench,4,0,OK,PASS,14,16384,64,16,1,205.57600000000002,1554.9679999999998,1554.9679999999998,"max(P0,P1)_same_phase",510.807,259.35999999999996,510.807,6.269,5.983,6.269,2065.7749999999996,1820.311,0.0,0.0,0.0,16812273,129265,16941392,64.62628173828125,16812080,129458,,0,0,0,0,0,0,"tcp_two_process; p0_noisy_vole_receiver; real_libOTe_NoisyVole_split_input_length_2t; F=array<u64,M>; G=u64; vector_fixed_prime_setup; local_expand; tcp_two_process; p1_noisy_vole_sender; real_libOTe_NoisyVole_split_input_length_2t; F=array<u64,M>; G=u64; vector_fixed_prime_setup; local_expand",emulated TCP network
2026-07-26T08:01:51.478923+00:00,56a80d12dc147c6f4d9452798d88f387cd1c778b,RMVOLE_NET_BENCH,RM_VECTOR_OPT,split-input-coeff-ot,vector,WAN100,tcp-loopback,bench,-1,1,OK,PASS,14,16384,64,32,1,727.313,553.433,727.313,"max(P0,P1)_same_phase",249.405,408.873,408.873,12.318000000000001,12.208,12.318000000000001,1136.186,989.0360000000001,0.0,0.0,0.0,160113,4411905,4571744,8.71990966796875,4376896,195122,INCLUDING_BASE_OT,7808,1,1,3997696,3997696,3,tcp_two_process; p0_coeff_bit_ot_receiver; SPLIT_COEFF_OT; one_batched_Kos_chosen_message_OT; vector_fixed_prime_setup; local_expand; tcp_two_process; p1_coeff_bit_ot_sender; SPLIT_COEFF_OT; one_batched_Kos_chosen_message_OT; vector_fixed_prime_setup; local_expand,emulated TCP network
2026-07-26T08:01:52.833875+00:00,56a80d12dc147c6f4d9452798d88f387cd1c778b,RMVOLE_NET_BENCH,RM_VECTOR_OPT,split-input-coeff-ot,vector,WAN100,tcp-loopback,bench,0,0,OK,PASS,14,16384,64,32,1,727.129,554.312,727.129,"max(P0,P1)_same_phase",249.59,408.221,408.221,12.292000000000002,12.09,12.292000000000002,1135.35,989.01,0.0,0.0,0.0,160113,4411905,4571744,8.71990966796875,4376896,195122,INCLUDING_BASE_OT,7808,1,1,3997696,3997696,3,tcp_two_process; p0_coeff_bit_ot_receiver; SPLIT_COEFF_OT; one_batched_Kos_chosen_message_OT; vector_fixed_prime_setup; local_expand; tcp_two_process; p1_coeff_bit_ot_sender; SPLIT_COEFF_OT; one_batched_Kos_chosen_message_OT; vector_fixed_prime_setup; local_expand,emulated TCP network
2026-07-26T08:01:54.188485+00:00,56a80d12dc147c6f4d9452798d88f387cd1c778b,RMVOLE_NET_BENCH,RM_VECTOR_OPT,split-input-coeff-ot,vector,WAN100,tcp-loopback,bench,1,0,OK,PASS,14,16384,64,32,1,726.928,553.168,726.928,"max(P0,P1)_same_phase",250.021,407.83799999999997,407.83799999999997,12.273,12.128,12.273,1134.766,989.2220000000001,0.0,0.0,0.0,160113,4411905,4571744,8.71990966796875,4376896,195122,INCLUDING_BASE_OT,7808,1,1,3997696,3997696,3,tcp_two_process; p0_coeff_bit_ot_receiver; SPLIT_COEFF_OT; one_batched_Kos_chosen_message_OT; vector_fixed_prime_setup; local_expand; tcp_two_process; p1_coeff_bit_ot_sender; SPLIT_COEFF_OT; one_batched_Kos_chosen_message_OT; vector_fixed_prime_setup; local_expand,emulated TCP network
2026-07-26T08:01:55.543214+00:00,56a80d12dc147c6f4d9452798d88f387cd1c778b,RMVOLE_NET_BENCH,RM_VECTOR_OPT,split-input-coeff-ot,vector,WAN100,tcp-loopback,bench,2,0,OK,PASS,14,16384,64,32,1,726.968,553.2,726.968,"max(P0,P1)_same_phase",247.977,407.942,407.942,12.306,12.125,12.306,1134.9099999999999,987.251,0.0,0.0,0.0,160113,4411905,4571744,8.71990966796875,4376896,195122,INCLUDING_BASE_OT,7808,1,1,3997696,3997696,3,tcp_two_process; p0_coeff_bit_ot_receiver; SPLIT_COEFF_OT; one_batched_Kos_chosen_message_OT; vector_fixed_prime_setup; local_expand; tcp_two_process; p1_coeff_bit_ot_sender; SPLIT_COEFF_OT; one_batched_Kos_chosen_message_OT; vector_fixed_prime_setup; local_expand,emulated TCP network
2026-07-26T08:01:56.897913+00:00,56a80d12dc147c6f4d9452798d88f387cd1c778b,RMVOLE_NET_BENCH,RM_VECTOR_OPT,split-input-coeff-ot,vector,WAN100,tcp-loopback,bench,3,0,OK,PASS,14,16384,64,32,1,727.155,553.235,727.155,"max(P0,P1)_same_phase",249.696,408.697,408.697,12.279,12.057,12.279,1135.8519999999999,989.13,0.0,0.0,0.0,160113,4411905,4571744,8.71990966796875,4376896,195122,INCLUDING_BASE_OT,7808,1,1,3997696,3997696,3,tcp_two_process; p0_coeff_bit_ot_receiver; SPLIT_COEFF_OT; one_batched_Kos_chosen_message_OT; vector_fixed_prime_setup; local_expand; tcp_two_process; p1_coeff_bit_ot_sender; SPLIT_COEFF_OT; one_batched_Kos_chosen_message_OT; vector_fixed_prime_setup; local_expand,emulated TCP network
2026-07-26T08:01:58.252520+00:00,56a80d12dc147c6f4d9452798d88f387cd1c778b,RMVOLE_NET_BENCH,RM_VECTOR_OPT,split-input-coeff-ot,vector,WAN100,tcp-loopback,bench,4,0,OK,PASS,14,16384,64,32,1,726.914,553.1080000000001,726.914,"max(P0,P1)_same_phase",250.19000000000003,407.926,407.926,12.255,12.038,12.255,1134.84,989.359,0.0,0.0,0.0,160113,4411905,4571744,8.71990966796875,4376896,195122,INCLUDING_BASE_OT,7808,1,1,3997696,3997696,3,tcp_two_process; p0_coeff_bit_ot_receiver; SPLIT_COEFF_OT; one_batched_Kos_chosen_message_OT; vector_fixed_prime_setup; local_expand; tcp_two_process; p1_coeff_bit_ot_sender; SPLIT_COEFF_OT; one_batched_Kos_chosen_message_OT; vector_fixed_prime_setup; local_expand,emulated TCP network
2026-07-26T08:02:07.717860+00:00,56a80d12dc147c6f4d9452798d88f387cd1c778b,SILENT_SVOLE_TCP,SILENT_SVOLE,,,WAN100,tcp-loopback,bench,-1,1,OK,PASS,14,16384,64,32,1,9188.662,9076.751,0.0,,0.0,0.0,0.0,0.0,0.0,0.0,9188.662999999999,9188.662,9057.497,8090.833999999999,0.0,130087312,375416,130462472,248.83741760253906,0,0,,0,0,0,0,0,0,"tcp_two_process; libOTe_SilentVole; semi_honest_128; MultType=ExConv7x24; BaseElem=u64; ExtElem=array<u64,M>; x=c; Z0=a; Z1=-b; tcp_two_process; libOTe_SilentVole; semi_honest_128; MultType=ExConv7x24; BaseElem=u64; ExtElem=array<u64,M>; x=c; Z0=a; Z1=-b",emulated TCP network
2026-07-26T08:02:17.683482+00:00,56a80d12dc147c6f4d9452798d88f387cd1c778b,SILENT_SVOLE_TCP,SILENT_SVOLE,,,WAN100,tcp-loopback,bench,0,0,OK,PASS,14,16384,64,32,1,9655.285,9541.650000000001,0.0,,0.0,0.0,0.0,0.0,0.0,0.0,9655.285,9655.285,9522.489,8549.838,0.0,130087312,375416,130462472,248.83741760253906,0,0,,0,0,0,0,0,0,"tcp_two_process; libOTe_SilentVole; semi_honest_128; MultType=ExConv7x24; BaseElem=u64; ExtElem=array<u64,M>; x=c; Z0=a; Z1=-b; tcp_two_process; libOTe_SilentVole; semi_honest_128; MultType=ExConv7x24; BaseElem=u64; ExtElem=array<u64,M>; x=c; Z0=a; Z1=-b",emulated TCP network
2026-07-26T08:02:27.349000+00:00,56a80d12dc147c6f4d9452798d88f387cd1c778b,SILENT_SVOLE_TCP,SILENT_SVOLE,,,WAN100,tcp-loopback,bench,1,0,OK,PASS,14,16384,64,32,1,9369.962,9255.599,0.0,,0.0,0.0,0.0,0.0,0.0,0.0,9369.962999999998,9369.962,9236.338,8268.631,0.0,130087312,375416,130462472,248.83741760253906,0,0,,0,0,0,0,0,0,"tcp_two_process; libOTe_SilentVole; semi_honest_128; MultType=ExConv7x24; BaseElem=u64; ExtElem=array<u64,M>; x=c; Z0=a; Z1=-b; tcp_two_process; libOTe_SilentVole; semi_honest_128; MultType=ExConv7x24; BaseElem=u64; ExtElem=array<u64,M>; x=c; Z0=a; Z1=-b",emulated TCP network
2026-07-26T08:02:36.914227+00:00,56a80d12dc147c6f4d9452798d88f387cd1c778b,SILENT_SVOLE_TCP,SILENT_SVOLE,,,WAN100,tcp-loopback,bench,2,0,OK,PASS,14,16384,64,32,1,9268.367,9157.346,0.0,,0.0,0.0,0.0,0.0,0.0,0.0,9268.367,9268.367,9138.118,8167.372,0.0,130087312,375416,130462472,248.83741760253906,0,0,,0,0,0,0,0,0,"tcp_two_process; libOTe_SilentVole; semi_honest_128; MultType=ExConv7x24; BaseElem=u64; ExtElem=array<u64,M>; x=c; Z0=a; Z1=-b; tcp_two_process; libOTe_SilentVole; semi_honest_128; MultType=ExConv7x24; BaseElem=u64; ExtElem=array<u64,M>; x=c; Z0=a; Z1=-b",emulated TCP network
2026-07-26T08:02:46.429860+00:00,56a80d12dc147c6f4d9452798d88f387cd1c778b,SILENT_SVOLE_TCP,SILENT_SVOLE,,,WAN100,tcp-loopback,bench,3,0,OK,PASS,14,16384,64,32,1,9235.005,9121.207999999999,0.0,,0.0,0.0,0.0,0.0,0.0,0.0,9235.005000000001,9235.005,9102.036,8130.9710000000005,0.0,130087312,375416,130462472,248.83741760253906,0,0,,0,0,0,0,0,0,"tcp_two_process; libOTe_SilentVole; semi_honest_128; MultType=ExConv7x24; BaseElem=u64; ExtElem=array<u64,M>; x=c; Z0=a; Z1=-b; tcp_two_process; libOTe_SilentVole; semi_honest_128; MultType=ExConv7x24; BaseElem=u64; ExtElem=array<u64,M>; x=c; Z0=a; Z1=-b",emulated TCP network
2026-07-26T08:02:56.295226+00:00,56a80d12dc147c6f4d9452798d88f387cd1c778b,SILENT_SVOLE_TCP,SILENT_SVOLE,,,WAN100,tcp-loopback,bench,4,0,OK,PASS,14,16384,64,32,1,9551.666000000001,9435.985,0.0,,0.0,0.0,0.0,0.0,0.0,0.0,9551.666,9551.666000000001,9416.664,8448.758,0.0,130087312,375416,130462472,248.83741760253906,0,0,,0,0,0,0,0,0,"tcp_two_process; libOTe_SilentVole; semi_honest_128; MultType=ExConv7x24; BaseElem=u64; ExtElem=array<u64,M>; x=c; Z0=a; Z1=-b; tcp_two_process; libOTe_SilentVole; semi_honest_128; MultType=ExConv7x24; BaseElem=u64; ExtElem=array<u64,M>; x=c; Z0=a; Z1=-b",emulated TCP network
2026-07-26T08:03:01.705007+00:00,56a80d12dc147c6f4d9452798d88f387cd1c778b,RMVOLE_NET_BENCH,RM_VECTOR_GENERIC_SPLIT,split-input-vole,vector,WAN100,tcp-loopback,bench,-1,1,OK,PASS,14,16384,64,32,1,383.778,4732.904,4732.904,"max(P0,P1)_same_phase",510.483,261.277,510.483,12.272,12.222,12.272,5243.387000000001,5006.402999999999,0.0,0.0,0.0,67144049,229617,67373392,128.50454711914062,67178544,195122,,0,0,0,0,0,0,"tcp_two_process; p0_noisy_vole_receiver; real_libOTe_NoisyVole_split_input_length_2t; F=array<u64,M>; G=u64; vector_fixed_prime_setup; local_expand; tcp_two_process; p1_noisy_vole_sender; real_libOTe_NoisyVole_split_input_length_2t; F=array<u64,M>; G=u64; vector_fixed_prime_setup; local_expand",emulated TCP network
2026-07-26T08:03:07.114970+00:00,56a80d12dc147c6f4d9452798d88f387cd1c778b,RMVOLE_NET_BENCH,RM_VECTOR_GENERIC_SPLIT,split-input-vole,vector,WAN100,tcp-loopback,bench,0,0,OK,PASS,14,16384,64,32,1,382.63599999999997,4746.52,4746.52,"max(P0,P1)_same_phase",645.375,260.147,645.375,12.266,12.212,12.266,5391.895,5018.879,0.0,0.0,0.0,67144049,229617,67373392,128.50454711914062,67178544,195122,,0,0,0,0,0,0,"tcp_two_process; p0_noisy_vole_receiver; real_libOTe_NoisyVole_split_input_length_2t; F=array<u64,M>; G=u64; vector_fixed_prime_setup; local_expand; tcp_two_process; p1_noisy_vole_sender; real_libOTe_NoisyVole_split_input_length_2t; F=array<u64,M>; G=u64; vector_fixed_prime_setup; local_expand",emulated TCP network
2026-07-26T08:03:12.525185+00:00,56a80d12dc147c6f4d9452798d88f387cd1c778b,RMVOLE_NET_BENCH,RM_VECTOR_GENERIC_SPLIT,split-input-vole,vector,WAN100,tcp-loopback,bench,1,0,OK,PASS,14,16384,64,32,1,382.32300000000004,4747.466,4747.466,"max(P0,P1)_same_phase",550.823,260.893,550.823,12.353,12.326,12.353,5298.289000000001,5020.684,0.0,0.0,0.0,67144049,229617,67373392,128.50454711914062,67178544,195122,,0,0,0,0,0,0,"tcp_two_process; p0_noisy_vole_receiver; real_libOTe_NoisyVole_split_input_length_2t; F=array<u64,M>; G=u64; vector_fixed_prime_setup; local_expand; tcp_two_process; p1_noisy_vole_sender; real_libOTe_NoisyVole_split_input_length_2t; F=array<u64,M>; G=u64; vector_fixed_prime_setup; local_expand",emulated TCP network
2026-07-26T08:03:17.885433+00:00,56a80d12dc147c6f4d9452798d88f387cd1c778b,RMVOLE_NET_BENCH,RM_VECTOR_GENERIC_SPLIT,split-input-vole,vector,WAN100,tcp-loopback,bench,2,0,OK,PASS,14,16384,64,32,1,383.03999999999996,4700.661,4700.661,"max(P0,P1)_same_phase",582.392,259.699,582.392,12.256,12.172,12.256,5283.053,4972.532,0.0,0.0,0.0,67144049,229617,67373392,128.50454711914062,67178544,195122,,0,0,0,0,0,0,"tcp_two_process; p0_noisy_vole_receiver; real_libOTe_NoisyVole_split_input_length_2t; F=array<u64,M>; G=u64; vector_fixed_prime_setup; local_expand; tcp_two_process; p1_noisy_vole_sender; real_libOTe_NoisyVole_split_input_length_2t; F=array<u64,M>; G=u64; vector_fixed_prime_setup; local_expand",emulated TCP network
2026-07-26T08:03:23.245717+00:00,56a80d12dc147c6f4d9452798d88f387cd1c778b,RMVOLE_NET_BENCH,RM_VECTOR_GENERIC_SPLIT,split-input-vole,vector,WAN100,tcp-loopback,bench,3,0,OK,PASS,14,16384,64,32,1,383.453,4659.971,4659.971,"max(P0,P1)_same_phase",559.651,261.668,559.651,12.344000000000001,12.149999999999999,12.344000000000001,5219.621999999999,4933.79,0.0,0.0,0.0,67144049,229617,67373392,128.50454711914062,67178544,195122,,0,0,0,0,0,0,"tcp_two_process; p0_noisy_vole_receiver; real_libOTe_NoisyVole_split_input_length_2t; F=array<u64,M>; G=u64; vector_fixed_prime_setup; local_expand; tcp_two_process; p1_noisy_vole_sender; real_libOTe_NoisyVole_split_input_length_2t; F=array<u64,M>; G=u64; vector_fixed_prime_setup; local_expand",emulated TCP network
2026-07-26T08:03:28.605701+00:00,56a80d12dc147c6f4d9452798d88f387cd1c778b,RMVOLE_NET_BENCH,RM_VECTOR_GENERIC_SPLIT,split-input-vole,vector,WAN100,tcp-loopback,bench,4,0,OK,PASS,14,16384,64,32,1,382.351,4703.945,4703.945,"max(P0,P1)_same_phase",587.062,260.31,587.062,12.247,12.209,12.247,5291.007,4976.464,0.0,0.0,0.0,67144049,229617,67373392,128.50454711914062,67178544,195122,,0,0,0,0,0,0,"tcp_two_process; p0_noisy_vole_receiver; real_libOTe_NoisyVole_split_input_length_2t; F=array<u64,M>; G=u64; vector_fixed_prime_setup; local_expand; tcp_two_process; p1_noisy_vole_sender; real_libOTe_NoisyVole_split_input_length_2t; F=array<u64,M>; G=u64; vector_fixed_prime_setup; local_expand",emulated TCP network
2026-07-26T08:03:29.910623+00:00,56a80d12dc147c6f4d9452798d88f387cd1c778b,RMVOLE_NET_BENCH,RM_VECTOR_OPT,split-input-coeff-ot,vector,WAN100,tcp-loopback,bench,-1,1,OK,PASS,18,262144,64,8,1,473.058,254.505,473.058,"max(P0,P1)_same_phase",319.76500000000004,524.3670000000001,524.3670000000001,71.267,65.938,71.267,997.4250000000001,864.09,0.0,0.0,0.0,177329,1331713,1508960,0.7195281982421875,1378624,130418,INCLUDING_BASE_OT,7808,1,1,999424,999424,3,tcp_two_process; p0_coeff_bit_ot_receiver; SPLIT_COEFF_OT; one_batched_Kos_chosen_message_OT; vector_fixed_prime_setup; local_expand; tcp_two_process; p1_coeff_bit_ot_sender; SPLIT_COEFF_OT; one_batched_Kos_chosen_message_OT; vector_fixed_prime_setup; local_expand,emulated TCP network
2026-07-26T08:03:31.216253+00:00,56a80d12dc147c6f4d9452798d88f387cd1c778b,RMVOLE_NET_BENCH,RM_VECTOR_OPT,split-input-coeff-ot,vector,WAN100,tcp-loopback,bench,0,0,OK,PASS,18,262144,64,8,1,473.096,254.53300000000002,473.096,"max(P0,P1)_same_phase",317.56600000000003,527.2170000000001,527.2170000000001,70.92,66.89,70.92,1000.3130000000001,861.583,0.0,0.0,0.0,177329,1331713,1508960,0.7195281982421875,1378624,130418,INCLUDING_BASE_OT,7808,1,1,999424,999424,3,tcp_two_process; p0_coeff_bit_ot_receiver; SPLIT_COEFF_OT; one_batched_Kos_chosen_message_OT; vector_fixed_prime_setup; local_expand; tcp_two_process; p1_coeff_bit_ot_sender; SPLIT_COEFF_OT; one_batched_Kos_chosen_message_OT; vector_fixed_prime_setup; local_expand,emulated TCP network
2026-07-26T08:03:32.521920+00:00,56a80d12dc147c6f4d9452798d88f387cd1c778b,RMVOLE_NET_BENCH,RM_VECTOR_OPT,split-input-coeff-ot,vector,WAN100,tcp-loopback,bench,1,0,OK,PASS,18,262144,64,8,1,473.203,254.76,473.203,"max(P0,P1)_same_phase",314.751,524.302,524.302,70.29100000000001,65.178,70.29100000000001,997.505,858.245,0.0,0.0,0.0,177329,1331713,1508960,0.7195281982421875,1378624,130418,INCLUDING_BASE_OT,7808,1,1,999424,999424,3,tcp_two_process; p0_coeff_bit_ot_receiver; SPLIT_COEFF_OT; one_batched_Kos_chosen_message_OT; vector_fixed_prime_setup; local_expand; tcp_two_process; p1_coeff_bit_ot_sender; SPLIT_COEFF_OT; one_batched_Kos_chosen_message_OT; vector_fixed_prime_setup; local_expand,emulated TCP network
2026-07-26T08:03:33.826487+00:00,56a80d12dc147c6f4d9452798d88f387cd1c778b,RMVOLE_NET_BENCH,RM_VECTOR_OPT,split-input-coeff-ot,vector,WAN100,tcp-loopback,bench,2,0,OK,PASS,18,262144,64,8,1,473.293,254.70399999999998,473.293,"max(P0,P1)_same_phase",322.23,527.969,527.969,70.51599999999999,65.063,70.51599999999999,1001.2620000000001,866.0400000000001,0.0,0.0,0.0,177329,1331713,1508960,0.7195281982421875,1378624,130418,INCLUDING_BASE_OT,7808,1,1,999424,999424,3,tcp_two_process; p0_coeff_bit_ot_receiver; SPLIT_COEFF_OT; one_batched_Kos_chosen_message_OT; vector_fixed_prime_setup; local_expand; tcp_two_process; p1_coeff_bit_ot_sender; SPLIT_COEFF_OT; one_batched_Kos_chosen_message_OT; vector_fixed_prime_setup; local_expand,emulated TCP network
2026-07-26T08:03:35.131220+00:00,56a80d12dc147c6f4d9452798d88f387cd1c778b,RMVOLE_NET_BENCH,RM_VECTOR_OPT,split-input-coeff-ot,vector,WAN100,tcp-loopback,bench,3,0,OK,PASS,18,262144,64,8,1,473.03299999999996,254.438,473.03299999999996,"max(P0,P1)_same_phase",316.965,526.208,526.208,70.748,65.599,70.748,999.241,860.745,0.0,0.0,0.0,177329,1331713,1508960,0.7195281982421875,1378624,130418,INCLUDING_BASE_OT,7808,1,1,999424,999424,3,tcp_two_process; p0_coeff_bit_ot_receiver; SPLIT_COEFF_OT; one_batched_Kos_chosen_message_OT; vector_fixed_prime_setup; local_expand; tcp_two_process; p1_coeff_bit_ot_sender; SPLIT_COEFF_OT; one_batched_Kos_chosen_message_OT; vector_fixed_prime_setup; local_expand,emulated TCP network
2026-07-26T08:03:36.435692+00:00,56a80d12dc147c6f4d9452798d88f387cd1c778b,RMVOLE_NET_BENCH,RM_VECTOR_OPT,split-input-coeff-ot,vector,WAN100,tcp-loopback,bench,4,0,OK,PASS,18,262144,64,8,1,472.951,254.426,472.951,"max(P0,P1)_same_phase",321.893,526.79,526.79,70.23899999999999,65.343,70.23899999999999,999.741,865.084,0.0,0.0,0.0,177329,1331713,1508960,0.7195281982421875,1378624,130418,INCLUDING_BASE_OT,7808,1,1,999424,999424,3,tcp_two_process; p0_coeff_bit_ot_receiver; SPLIT_COEFF_OT; one_batched_Kos_chosen_message_OT; vector_fixed_prime_setup; local_expand; tcp_two_process; p1_coeff_bit_ot_sender; SPLIT_COEFF_OT; one_batched_Kos_chosen_message_OT; vector_fixed_prime_setup; local_expand,emulated TCP network
2026-07-26T08:03:38.341209+00:00,56a80d12dc147c6f4d9452798d88f387cd1c778b,SILENT_SVOLE_TCP,SILENT_SVOLE,,,WAN100,tcp-loopback,bench,-1,1,OK,PASS,18,262144,64,8,1,1586.889,1336.042,0.0,,0.0,0.0,0.0,0.0,0.0,0.0,1586.889,1586.889,1160.639,1105.742,0.0,8221904,167544,8389384,4.000370025634766,0,0,,0,0,0,0,0,0,"tcp_two_process; libOTe_SilentVole; semi_honest_128; MultType=ExConv7x24; BaseElem=u64; ExtElem=array<u64,M>; x=c; Z0=a; Z1=-b; tcp_two_process; libOTe_SilentVole; semi_honest_128; MultType=ExConv7x24; BaseElem=u64; ExtElem=array<u64,M>; x=c; Z0=a; Z1=-b",emulated TCP network
2026-07-26T08:03:40.196482+00:00,56a80d12dc147c6f4d9452798d88f387cd1c778b,SILENT_SVOLE_TCP,SILENT_SVOLE,,,WAN100,tcp-loopback,bench,0,0,OK,PASS,18,262144,64,8,1,1577.275,1337.524,0.0,,0.0,0.0,0.0,0.0,0.0,0.0,1577.275,1577.275,1163.4930000000002,1089.871,0.0,8221904,167544,8389384,4.000370025634766,0,0,,0,0,0,0,0,0,"tcp_two_process; libOTe_SilentVole; semi_honest_128; MultType=ExConv7x24; BaseElem=u64; ExtElem=array<u64,M>; x=c; Z0=a; Z1=-b; tcp_two_process; libOTe_SilentVole; semi_honest_128; MultType=ExConv7x24; BaseElem=u64; ExtElem=array<u64,M>; x=c; Z0=a; Z1=-b",emulated TCP network
2026-07-26T08:03:42.051844+00:00,56a80d12dc147c6f4d9452798d88f387cd1c778b,SILENT_SVOLE_TCP,SILENT_SVOLE,,,WAN100,tcp-loopback,bench,1,0,OK,PASS,18,262144,64,8,1,1580.067,1333.808,0.0,,0.0,0.0,0.0,0.0,0.0,0.0,1580.0669999999998,1580.067,1160.507,1098.415,0.0,8221904,167544,8389384,4.000370025634766,0,0,,0,0,0,0,0,0,"tcp_two_process; libOTe_SilentVole; semi_honest_128; MultType=ExConv7x24; BaseElem=u64; ExtElem=array<u64,M>; x=c; Z0=a; Z1=-b; tcp_two_process; libOTe_SilentVole; semi_honest_128; MultType=ExConv7x24; BaseElem=u64; ExtElem=array<u64,M>; x=c; Z0=a; Z1=-b",emulated TCP network
2026-07-26T08:03:43.957155+00:00,56a80d12dc147c6f4d9452798d88f387cd1c778b,SILENT_SVOLE_TCP,SILENT_SVOLE,,,WAN100,tcp-loopback,bench,2,0,OK,PASS,18,262144,64,8,1,1588.0890000000002,1335.386,0.0,,0.0,0.0,0.0,0.0,0.0,0.0,1588.089,1588.0890000000002,1161.29,1105.808,0.0,8221904,167544,8389384,4.000370025634766,0,0,,0,0,0,0,0,0,"tcp_two_process; libOTe_SilentVole; semi_honest_128; MultType=ExConv7x24; BaseElem=u64; ExtElem=array<u64,M>; x=c; Z0=a; Z1=-b; tcp_two_process; libOTe_SilentVole; semi_honest_128; MultType=ExConv7x24; BaseElem=u64; ExtElem=array<u64,M>; x=c; Z0=a; Z1=-b",emulated TCP network
2026-07-26T08:03:45.812289+00:00,56a80d12dc147c6f4d9452798d88f387cd1c778b,SILENT_SVOLE_TCP,SILENT_SVOLE,,,WAN100,tcp-loopback,bench,3,0,OK,PASS,18,262144,64,8,1,1578.308,1339.209,0.0,,0.0,0.0,0.0,0.0,0.0,0.0,1578.308,1578.308,1161.927,1096.438,0.0,8221904,167544,8389384,4.000370025634766,0,0,,0,0,0,0,0,0,"tcp_two_process; libOTe_SilentVole; semi_honest_128; MultType=ExConv7x24; BaseElem=u64; ExtElem=array<u64,M>; x=c; Z0=a; Z1=-b; tcp_two_process; libOTe_SilentVole; semi_honest_128; MultType=ExConv7x24; BaseElem=u64; ExtElem=array<u64,M>; x=c; Z0=a; Z1=-b",emulated TCP network
2026-07-26T08:03:47.667552+00:00,56a80d12dc147c6f4d9452798d88f387cd1c778b,SILENT_SVOLE_TCP,SILENT_SVOLE,,,WAN100,tcp-loopback,bench,4,0,OK,PASS,18,262144,64,8,1,1583.112,1336.175,0.0,,0.0,0.0,0.0,0.0,0.0,0.0,1583.113,1583.112,1160.282,1101.8680000000002,0.0,8221904,167544,8389384,4.000370025634766,0,0,,0,0,0,0,0,0,"tcp_two_process; libOTe_SilentVole; semi_honest_128; MultType=ExConv7x24; BaseElem=u64; ExtElem=array<u64,M>; x=c; Z0=a; Z1=-b; tcp_two_process; libOTe_SilentVole; semi_honest_128; MultType=ExConv7x24; BaseElem=u64; ExtElem=array<u64,M>; x=c; Z0=a; Z1=-b",emulated TCP network
2026-07-26T08:03:49.172390+00:00,56a80d12dc147c6f4d9452798d88f387cd1c778b,RMVOLE_NET_BENCH,RM_VECTOR_GENERIC_SPLIT,split-input-vole,vector,WAN100,tcp-loopback,bench,-1,1,OK,PASS,18,262144,64,8,1,126.693,646.887,646.887,"max(P0,P1)_same_phase",585.704,330.74399999999997,585.704,70.588,65.04400000000001,70.588,1232.591,1042.675,0.0,0.0,0.0,4246705,95473,4342096,2.0704727172851562,4211760,130418,,0,0,0,0,0,0,"tcp_two_process; p0_noisy_vole_receiver; real_libOTe_NoisyVole_split_input_length_2t; F=array<u64,M>; G=u64; vector_fixed_prime_setup; local_expand; tcp_two_process; p1_noisy_vole_sender; real_libOTe_NoisyVole_split_input_length_2t; F=array<u64,M>; G=u64; vector_fixed_prime_setup; local_expand",emulated TCP network
2026-07-26T08:03:50.677445+00:00,56a80d12dc147c6f4d9452798d88f387cd1c778b,RMVOLE_NET_BENCH,RM_VECTOR_GENERIC_SPLIT,split-input-vole,vector,WAN100,tcp-loopback,bench,0,0,OK,PASS,18,262144,64,8,1,126.69,646.7850000000001,646.7850000000001,"max(P0,P1)_same_phase",583.491,328.617,583.491,71.002,65.318,71.002,1230.276,1040.721,0.0,0.0,0.0,4246705,95473,4342096,2.0704727172851562,4211760,130418,,0,0,0,0,0,0,"tcp_two_process; p0_noisy_vole_receiver; real_libOTe_NoisyVole_split_input_length_2t; F=array<u64,M>; G=u64; vector_fixed_prime_setup; local_expand; tcp_two_process; p1_noisy_vole_sender; real_libOTe_NoisyVole_split_input_length_2t; F=array<u64,M>; G=u64; vector_fixed_prime_setup; local_expand",emulated TCP network
2026-07-26T08:03:52.182527+00:00,56a80d12dc147c6f4d9452798d88f387cd1c778b,RMVOLE_NET_BENCH,RM_VECTOR_GENERIC_SPLIT,split-input-vole,vector,WAN100,tcp-loopback,bench,1,0,OK,PASS,18,262144,64,8,1,126.573,646.802,646.802,"max(P0,P1)_same_phase",586.4390000000001,331.50800000000004,586.4390000000001,70.20800000000001,65.418,70.20800000000001,1233.241,1043.728,0.0,0.0,0.0,4246705,95473,4342096,2.0704727172851562,4211760,130418,,0,0,0,0,0,0,"tcp_two_process; p0_noisy_vole_receiver; real_libOTe_NoisyVole_split_input_length_2t; F=array<u64,M>; G=u64; vector_fixed_prime_setup; local_expand; tcp_two_process; p1_noisy_vole_sender; real_libOTe_NoisyVole_split_input_length_2t; F=array<u64,M>; G=u64; vector_fixed_prime_setup; local_expand",emulated TCP network
2026-07-26T08:03:53.687807+00:00,56a80d12dc147c6f4d9452798d88f387cd1c778b,RMVOLE_NET_BENCH,RM_VECTOR_GENERIC_SPLIT,split-input-vole,vector,WAN100,tcp-loopback,bench,2,0,OK,PASS,18,262144,64,8,1,126.627,647.992,647.992,"max(P0,P1)_same_phase",584.957,328.613,584.957,70.695,65.261,70.695,1232.949,1041.8670000000002,0.0,0.0,0.0,4246705,95473,4342096,2.0704727172851562,4211760,130418,,0,0,0,0,0,0,"tcp_two_process; p0_noisy_vole_receiver; real_libOTe_NoisyVole_split_input_length_2t; F=array<u64,M>; G=u64; vector_fixed_prime_setup; local_expand; tcp_two_process; p1_noisy_vole_sender; real_libOTe_NoisyVole_split_input_length_2t; F=array<u64,M>; G=u64; vector_fixed_prime_setup; local_expand",emulated TCP network
2026-07-26T08:03:55.192662+00:00,56a80d12dc147c6f4d9452798d88f387cd1c778b,RMVOLE_NET_BENCH,RM_VECTOR_GENERIC_SPLIT,split-input-vole,vector,WAN100,tcp-loopback,bench,3,0,OK,PASS,18,262144,64,8,1,126.487,646.4250000000001,646.4250000000001,"max(P0,P1)_same_phase",584.855,330.40799999999996,584.855,70.387,65.398,70.387,1231.2800000000002,1042.231,0.0,0.0,0.0,4246705,95473,4342096,2.0704727172851562,4211760,130418,,0,0,0,0,0,0,"tcp_two_process; p0_noisy_vole_receiver; real_libOTe_NoisyVole_split_input_length_2t; F=array<u64,M>; G=u64; vector_fixed_prime_setup; local_expand; tcp_two_process; p1_noisy_vole_sender; real_libOTe_NoisyVole_split_input_length_2t; F=array<u64,M>; G=u64; vector_fixed_prime_setup; local_expand",emulated TCP network
2026-07-26T08:03:56.697855+00:00,56a80d12dc147c6f4d9452798d88f387cd1c778b,RMVOLE_NET_BENCH,RM_VECTOR_GENERIC_SPLIT,split-input-vole,vector,WAN100,tcp-loopback,bench,4,0,OK,PASS,18,262144,64,8,1,126.717,646.741,646.741,"max(P0,P1)_same_phase",584.468,329.286,584.468,70.661,65.072,70.661,1231.2089999999998,1041.099,0.0,0.0,0.0,4246705,95473,4342096,2.0704727172851562,4211760,130418,,0,0,0,0,0,0,"tcp_two_process; p0_noisy_vole_receiver; real_libOTe_NoisyVole_split_input_length_2t; F=array<u64,M>; G=u64; vector_fixed_prime_setup; local_expand; tcp_two_process; p1_noisy_vole_sender; real_libOTe_NoisyVole_split_input_length_2t; F=array<u64,M>; G=u64; vector_fixed_prime_setup; local_expand",emulated TCP network
2026-07-26T08:03:58.303272+00:00,56a80d12dc147c6f4d9452798d88f387cd1c778b,RMVOLE_NET_BENCH,RM_VECTOR_OPT,split-input-coeff-ot,vector,WAN100,tcp-loopback,bench,-1,1,OK,PASS,18,262144,64,16,1,570.924,256.364,570.924,"max(P0,P1)_same_phase",364.459,665.802,665.802,149.99599999999998,144.524,149.99599999999998,1236.726,1085.3790000000001,0.0,0.0,0.0,177393,2363905,2541152,0.6058578491210938,2378048,163250,INCLUDING_BASE_OT,7808,1,1,1998848,1998848,3,tcp_two_process; p0_coeff_bit_ot_receiver; SPLIT_COEFF_OT; one_batched_Kos_chosen_message_OT; vector_fixed_prime_setup; local_expand; tcp_two_process; p1_coeff_bit_ot_sender; SPLIT_COEFF_OT; one_batched_Kos_chosen_message_OT; vector_fixed_prime_setup; local_expand,emulated TCP network
2026-07-26T08:03:59.908604+00:00,56a80d12dc147c6f4d9452798d88f387cd1c778b,RMVOLE_NET_BENCH,RM_VECTOR_OPT,split-input-coeff-ot,vector,WAN100,tcp-loopback,bench,0,0,OK,PASS,18,262144,64,16,1,571.042,256.424,571.042,"max(P0,P1)_same_phase",355.248,664.377,664.377,149.828,145.22,149.828,1235.4189999999999,1076.1190000000001,0.0,0.0,0.0,177393,2363905,2541152,0.6058578491210938,2378048,163250,INCLUDING_BASE_OT,7808,1,1,1998848,1998848,3,tcp_two_process; p0_coeff_bit_ot_receiver; SPLIT_COEFF_OT; one_batched_Kos_chosen_message_OT; vector_fixed_prime_setup; local_expand; tcp_two_process; p1_coeff_bit_ot_sender; SPLIT_COEFF_OT; one_batched_Kos_chosen_message_OT; vector_fixed_prime_setup; local_expand,emulated TCP network
2026-07-26T08:04:01.513737+00:00,56a80d12dc147c6f4d9452798d88f387cd1c778b,RMVOLE_NET_BENCH,RM_VECTOR_OPT,split-input-coeff-ot,vector,WAN100,tcp-loopback,bench,1,0,OK,PASS,18,262144,64,16,1,571.144,256.45099999999996,571.144,"max(P0,P1)_same_phase",361.349,662.691,662.691,149.68300000000002,145.43,149.68300000000002,1233.835,1082.176,0.0,0.0,0.0,177393,2363905,2541152,0.6058578491210938,2378048,163250,INCLUDING_BASE_OT,7808,1,1,1998848,1998848,3,tcp_two_process; p0_coeff_bit_ot_receiver; SPLIT_COEFF_OT; one_batched_Kos_chosen_message_OT; vector_fixed_prime_setup; local_expand; tcp_two_process; p1_coeff_bit_ot_sender; SPLIT_COEFF_OT; one_batched_Kos_chosen_message_OT; vector_fixed_prime_setup; local_expand,emulated TCP network
2026-07-26T08:04:03.119050+00:00,56a80d12dc147c6f4d9452798d88f387cd1c778b,RMVOLE_NET_BENCH,RM_VECTOR_OPT,split-input-coeff-ot,vector,WAN100,tcp-loopback,bench,2,0,OK,PASS,18,262144,64,16,1,570.958,256.359,570.958,"max(P0,P1)_same_phase",367.57800000000003,665.3240000000001,665.3240000000001,149.43200000000002,144.227,149.43200000000002,1236.2820000000002,1087.968,0.0,0.0,0.0,177393,2363905,2541152,0.6058578491210938,2378048,163250,INCLUDING_BASE_OT,7808,1,1,1998848,1998848,3,tcp_two_process; p0_coeff_bit_ot_receiver; SPLIT_COEFF_OT; one_batched_Kos_chosen_message_OT; vector_fixed_prime_setup; local_expand; tcp_two_process; p1_coeff_bit_ot_sender; SPLIT_COEFF_OT; one_batched_Kos_chosen_message_OT; vector_fixed_prime_setup; local_expand,emulated TCP network
2026-07-26T08:04:04.724116+00:00,56a80d12dc147c6f4d9452798d88f387cd1c778b,RMVOLE_NET_BENCH,RM_VECTOR_OPT,split-input-coeff-ot,vector,WAN100,tcp-loopback,bench,3,0,OK,PASS,18,262144,64,16,1,571.086,256.496,571.086,"max(P0,P1)_same_phase",366.39300000000003,663.885,663.885,149.168,144.097,149.168,1234.971,1086.647,0.0,0.0,0.0,177393,2363905,2541152,0.6058578491210938,2378048,163250,INCLUDING_BASE_OT,7808,1,1,1998848,1998848,3,tcp_two_process; p0_coeff_bit_ot_receiver; SPLIT_COEFF_OT; one_batched_Kos_chosen_message_OT; vector_fixed_prime_setup; local_expand; tcp_two_process; p1_coeff_bit_ot_sender; SPLIT_COEFF_OT; one_batched_Kos_chosen_message_OT; vector_fixed_prime_setup; local_expand,emulated TCP network
2026-07-26T08:04:06.329168+00:00,56a80d12dc147c6f4d9452798d88f387cd1c778b,RMVOLE_NET_BENCH,RM_VECTOR_OPT,split-input-coeff-ot,vector,WAN100,tcp-loopback,bench,4,0,OK,PASS,18,262144,64,16,1,570.972,256.387,570.972,"max(P0,P1)_same_phase",365.62899999999996,664.23,664.23,148.978,143.906,148.978,1235.202,1085.5790000000002,0.0,0.0,0.0,177393,2363905,2541152,0.6058578491210938,2378048,163250,INCLUDING_BASE_OT,7808,1,1,1998848,1998848,3,tcp_two_process; p0_coeff_bit_ot_receiver; SPLIT_COEFF_OT; one_batched_Kos_chosen_message_OT; vector_fixed_prime_setup; local_expand; tcp_two_process; p1_coeff_bit_ot_sender; SPLIT_COEFF_OT; one_batched_Kos_chosen_message_OT; vector_fixed_prime_setup; local_expand,emulated TCP network
2026-07-26T08:04:10.187267+00:00,56a80d12dc147c6f4d9452798d88f387cd1c778b,SILENT_SVOLE_TCP,SILENT_SVOLE,,,WAN100,tcp-loopback,bench,-1,1,OK,PASS,18,262144,64,16,1,3543.809,3277.377,0.0,,0.0,0.0,0.0,0.0,0.0,0.0,3543.8099999999995,3543.809,2942.738,2903.593,0.0,32601360,247416,32848648,7.831727981567383,0,0,,0,0,0,0,0,0,"tcp_two_process; libOTe_SilentVole; semi_honest_128; MultType=ExConv7x24; BaseElem=u64; ExtElem=array<u64,M>; x=c; Z0=a; Z1=-b; tcp_two_process; libOTe_SilentVole; semi_honest_128; MultType=ExConv7x24; BaseElem=u64; ExtElem=array<u64,M>; x=c; Z0=a; Z1=-b",emulated TCP network
2026-07-26T08:04:13.995223+00:00,56a80d12dc147c6f4d9452798d88f387cd1c778b,SILENT_SVOLE_TCP,SILENT_SVOLE,,,WAN100,tcp-loopback,bench,0,0,OK,PASS,18,262144,64,16,1,3522.398,3247.976,0.0,,0.0,0.0,0.0,0.0,0.0,0.0,3522.398,3522.398,2913.843,2880.633,0.0,32601360,247416,32848648,7.831727981567383,0,0,,0,0,0,0,0,0,"tcp_two_process; libOTe_SilentVole; semi_honest_128; MultType=ExConv7x24; BaseElem=u64; ExtElem=array<u64,M>; x=c; Z0=a; Z1=-b; tcp_two_process; libOTe_SilentVole; semi_honest_128; MultType=ExConv7x24; BaseElem=u64; ExtElem=array<u64,M>; x=c; Z0=a; Z1=-b",emulated TCP network
2026-07-26T08:04:17.803070+00:00,56a80d12dc147c6f4d9452798d88f387cd1c778b,SILENT_SVOLE_TCP,SILENT_SVOLE,,,WAN100,tcp-loopback,bench,1,0,OK,PASS,18,262144,64,16,1,3527.97,3256.574,0.0,,0.0,0.0,0.0,0.0,0.0,0.0,3527.97,3527.97,2921.127,2887.0789999999997,0.0,32601360,247416,32848648,7.831727981567383,0,0,,0,0,0,0,0,0,"tcp_two_process; libOTe_SilentVole; semi_honest_128; MultType=ExConv7x24; BaseElem=u64; ExtElem=array<u64,M>; x=c; Z0=a; Z1=-b; tcp_two_process; libOTe_SilentVole; semi_honest_128; MultType=ExConv7x24; BaseElem=u64; ExtElem=array<u64,M>; x=c; Z0=a; Z1=-b",emulated TCP network
2026-07-26T08:04:21.611067+00:00,56a80d12dc147c6f4d9452798d88f387cd1c778b,SILENT_SVOLE_TCP,SILENT_SVOLE,,,WAN100,tcp-loopback,bench,2,0,OK,PASS,18,262144,64,16,1,3532.352,3252.799,0.0,,0.0,0.0,0.0,0.0,0.0,0.0,3532.352,3532.352,2921.222,2890.685,0.0,32601360,247416,32848648,7.831727981567383,0,0,,0,0,0,0,0,0,"tcp_two_process; libOTe_SilentVole; semi_honest_128; MultType=ExConv7x24; BaseElem=u64; ExtElem=array<u64,M>; x=c; Z0=a; Z1=-b; tcp_two_process; libOTe_SilentVole; semi_honest_128; MultType=ExConv7x24; BaseElem=u64; ExtElem=array<u64,M>; x=c; Z0=a; Z1=-b",emulated TCP network
2026-07-26T08:04:25.418966+00:00,56a80d12dc147c6f4d9452798d88f387cd1c778b,SILENT_SVOLE_TCP,SILENT_SVOLE,,,WAN100,tcp-loopback,bench,3,0,OK,PASS,18,262144,64,16,1,3519.065,3254.714,0.0,,0.0,0.0,0.0,0.0,0.0,0.0,3519.0650000000005,3519.065,2920.5480000000002,2877.969,0.0,32601360,247416,32848648,7.831727981567383,0,0,,0,0,0,0,0,0,"tcp_two_process; libOTe_SilentVole; semi_honest_128; MultType=ExConv7x24; BaseElem=u64; ExtElem=array<u64,M>; x=c; Z0=a; Z1=-b; tcp_two_process; libOTe_SilentVole; semi_honest_128; MultType=ExConv7x24; BaseElem=u64; ExtElem=array<u64,M>; x=c; Z0=a; Z1=-b",emulated TCP network
2026-07-26T08:04:29.226989+00:00,56a80d12dc147c6f4d9452798d88f387cd1c778b,SILENT_SVOLE_TCP,SILENT_SVOLE,,,WAN100,tcp-loopback,bench,4,0,OK,PASS,18,262144,64,16,1,3524.825,3254.069,0.0,,0.0,0.0,0.0,0.0,0.0,0.0,3524.825,3524.825,2920.051,2884.296,0.0,32601360,247416,32848648,7.831727981567383,0,0,,0,0,0,0,0,0,"tcp_two_process; libOTe_SilentVole; semi_honest_128; MultType=ExConv7x24; BaseElem=u64; ExtElem=array<u64,M>; x=c; Z0=a; Z1=-b; tcp_two_process; libOTe_SilentVole; semi_honest_128; MultType=ExConv7x24; BaseElem=u64; ExtElem=array<u64,M>; x=c; Z0=a; Z1=-b",emulated TCP network
2026-07-26T08:04:31.783247+00:00,56a80d12dc147c6f4d9452798d88f387cd1c778b,RMVOLE_NET_BENCH,RM_VECTOR_GENERIC_SPLIT,split-input-vole,vector,WAN100,tcp-loopback,bench,-1,1,OK,PASS,18,262144,64,16,1,204.46,1527.358,1527.358,"max(P0,P1)_same_phase",642.289,353.971,642.289,150.16899999999998,145.425,150.16899999999998,2169.647,2026.754,0.0,0.0,0.0,16829681,145649,16975184,4.047199249267578,16812080,163250,,0,0,0,0,0,0,"tcp_two_process; p0_noisy_vole_receiver; real_libOTe_NoisyVole_split_input_length_2t; F=array<u64,M>; G=u64; vector_fixed_prime_setup; local_expand; tcp_two_process; p1_noisy_vole_sender; real_libOTe_NoisyVole_split_input_length_2t; F=array<u64,M>; G=u64; vector_fixed_prime_setup; local_expand",emulated TCP network
2026-07-26T08:04:34.339631+00:00,56a80d12dc147c6f4d9452798d88f387cd1c778b,RMVOLE_NET_BENCH,RM_VECTOR_GENERIC_SPLIT,split-input-vole,vector,WAN100,tcp-loopback,bench,0,0,OK,PASS,18,262144,64,16,1,204.233,1527.044,1527.044,"max(P0,P1)_same_phase",642.51,354.979,642.51,149.218,144.69799999999998,149.218,2169.554,2026.72,0.0,0.0,0.0,16829681,145649,16975184,4.047199249267578,16812080,163250,,0,0,0,0,0,0,"tcp_two_process; p0_noisy_vole_receiver; real_libOTe_NoisyVole_split_input_length_2t; F=array<u64,M>; G=u64; vector_fixed_prime_setup; local_expand; tcp_two_process; p1_noisy_vole_sender; real_libOTe_NoisyVole_split_input_length_2t; F=array<u64,M>; G=u64; vector_fixed_prime_setup; local_expand",emulated TCP network
2026-07-26T08:04:36.896090+00:00,56a80d12dc147c6f4d9452798d88f387cd1c778b,RMVOLE_NET_BENCH,RM_VECTOR_GENERIC_SPLIT,split-input-vole,vector,WAN100,tcp-loopback,bench,1,0,OK,PASS,18,262144,64,16,1,204.841,1527.812,1527.812,"max(P0,P1)_same_phase",516.418,356.378,516.418,149.538,144.61499999999998,149.538,2044.23,2028.8059999999998,0.0,0.0,0.0,16829681,145649,16975184,4.047199249267578,16812080,163250,,0,0,0,0,0,0,"tcp_two_process; p0_noisy_vole_receiver; real_libOTe_NoisyVole_split_input_length_2t; F=array<u64,M>; G=u64; vector_fixed_prime_setup; local_expand; tcp_two_process; p1_noisy_vole_sender; real_libOTe_NoisyVole_split_input_length_2t; F=array<u64,M>; G=u64; vector_fixed_prime_setup; local_expand",emulated TCP network
2026-07-26T08:04:39.502658+00:00,56a80d12dc147c6f4d9452798d88f387cd1c778b,RMVOLE_NET_BENCH,RM_VECTOR_GENERIC_SPLIT,split-input-vole,vector,WAN100,tcp-loopback,bench,2,0,OK,PASS,18,262144,64,16,1,205.071,1550.0620000000001,1550.0620000000001,"max(P0,P1)_same_phase",633.839,353.596,633.839,149.17,144.63400000000001,149.17,2183.9010000000003,2048.292,0.0,0.0,0.0,16829681,145649,16975184,4.047199249267578,16812080,163250,,0,0,0,0,0,0,"tcp_two_process; p0_noisy_vole_receiver; real_libOTe_NoisyVole_split_input_length_2t; F=array<u64,M>; G=u64; vector_fixed_prime_setup; local_expand; tcp_two_process; p1_noisy_vole_sender; real_libOTe_NoisyVole_split_input_length_2t; F=array<u64,M>; G=u64; vector_fixed_prime_setup; local_expand",emulated TCP network
2026-07-26T08:04:42.059179+00:00,56a80d12dc147c6f4d9452798d88f387cd1c778b,RMVOLE_NET_BENCH,RM_VECTOR_GENERIC_SPLIT,split-input-vole,vector,WAN100,tcp-loopback,bench,3,0,OK,PASS,18,262144,64,16,1,204.397,1527.093,1527.093,"max(P0,P1)_same_phase",641.893,354.18899999999996,641.893,149.40800000000002,144.76,149.40800000000002,2168.986,2026.0410000000002,0.0,0.0,0.0,16829681,145649,16975184,4.047199249267578,16812080,163250,,0,0,0,0,0,0,"tcp_two_process; p0_noisy_vole_receiver; real_libOTe_NoisyVole_split_input_length_2t; F=array<u64,M>; G=u64; vector_fixed_prime_setup; local_expand; tcp_two_process; p1_noisy_vole_sender; real_libOTe_NoisyVole_split_input_length_2t; F=array<u64,M>; G=u64; vector_fixed_prime_setup; local_expand",emulated TCP network
2026-07-26T08:04:44.665613+00:00,56a80d12dc147c6f4d9452798d88f387cd1c778b,RMVOLE_NET_BENCH,RM_VECTOR_GENERIC_SPLIT,split-input-vole,vector,WAN100,tcp-loopback,bench,4,0,OK,PASS,18,262144,64,16,1,204.54500000000002,1573.258,1573.258,"max(P0,P1)_same_phase",643.456,355.47499999999997,643.456,149.56900000000002,145.506,149.56900000000002,2216.714,2074.238,0.0,0.0,0.0,16829681,145649,16975184,4.047199249267578,16812080,163250,,0,0,0,0,0,0,"tcp_two_process; p0_noisy_vole_receiver; real_libOTe_NoisyVole_split_input_length_2t; F=array<u64,M>; G=u64; vector_fixed_prime_setup; local_expand; tcp_two_process; p1_noisy_vole_sender; real_libOTe_NoisyVole_split_input_length_2t; F=array<u64,M>; G=u64; vector_fixed_prime_setup; local_expand",emulated TCP network
2026-07-26T08:04:46.721238+00:00,56a80d12dc147c6f4d9452798d88f387cd1c778b,RMVOLE_NET_BENCH,RM_VECTOR_OPT,split-input-coeff-ot,vector,WAN100,tcp-loopback,bench,-1,1,OK,PASS,18,262144,64,32,1,710.468,588.6510000000001,710.468,"max(P0,P1)_same_phase",439.454,542.585,542.585,292.997,283.839,292.997,1253.0529999999999,1442.919,0.0,0.0,0.0,177521,4428289,4605536,0.5490226745605469,4376896,228914,INCLUDING_BASE_OT,7808,1,1,3997696,3997696,3,tcp_two_process; p0_coeff_bit_ot_receiver; SPLIT_COEFF_OT; one_batched_Kos_chosen_message_OT; vector_fixed_prime_setup; local_expand; tcp_two_process; p1_coeff_bit_ot_sender; SPLIT_COEFF_OT; one_batched_Kos_chosen_message_OT; vector_fixed_prime_setup; local_expand,emulated TCP network
2026-07-26T08:04:48.776725+00:00,56a80d12dc147c6f4d9452798d88f387cd1c778b,RMVOLE_NET_BENCH,RM_VECTOR_OPT,split-input-coeff-ot,vector,WAN100,tcp-loopback,bench,0,0,OK,PASS,18,262144,64,32,1,707.024,585.1070000000001,707.024,"max(P0,P1)_same_phase",442.338,546.0429999999999,546.0429999999999,293.202,286.096,293.202,1253.067,1442.5639999999999,0.0,0.0,0.0,177521,4428289,4605536,0.5490226745605469,4376896,228914,INCLUDING_BASE_OT,7808,1,1,3997696,3997696,3,tcp_two_process; p0_coeff_bit_ot_receiver; SPLIT_COEFF_OT; one_batched_Kos_chosen_message_OT; vector_fixed_prime_setup; local_expand; tcp_two_process; p1_coeff_bit_ot_sender; SPLIT_COEFF_OT; one_batched_Kos_chosen_message_OT; vector_fixed_prime_setup; local_expand,emulated TCP network
2026-07-26T08:04:50.832487+00:00,56a80d12dc147c6f4d9452798d88f387cd1c778b,RMVOLE_NET_BENCH,RM_VECTOR_OPT,split-input-coeff-ot,vector,WAN100,tcp-loopback,bench,1,0,OK,PASS,18,262144,64,32,1,707.015,585.068,707.015,"max(P0,P1)_same_phase",435.062,546.768,546.768,292.954,286.894,292.954,1253.783,1435.031,0.0,0.0,0.0,177521,4428289,4605536,0.5490226745605469,4376896,228914,INCLUDING_BASE_OT,7808,1,1,3997696,3997696,3,tcp_two_process; p0_coeff_bit_ot_receiver; SPLIT_COEFF_OT; one_batched_Kos_chosen_message_OT; vector_fixed_prime_setup; local_expand; tcp_two_process; p1_coeff_bit_ot_sender; SPLIT_COEFF_OT; one_batched_Kos_chosen_message_OT; vector_fixed_prime_setup; local_expand,emulated TCP network
2026-07-26T08:04:52.888437+00:00,56a80d12dc147c6f4d9452798d88f387cd1c778b,RMVOLE_NET_BENCH,RM_VECTOR_OPT,split-input-coeff-ot,vector,WAN100,tcp-loopback,bench,2,0,OK,PASS,18,262144,64,32,1,707.024,585.093,707.024,"max(P0,P1)_same_phase",435.724,547.788,547.788,294.153,286.48699999999997,294.153,1254.812,1436.9019999999998,0.0,0.0,0.0,177521,4428289,4605536,0.5490226745605469,4376896,228914,INCLUDING_BASE_OT,7808,1,1,3997696,3997696,3,tcp_two_process; p0_coeff_bit_ot_receiver; SPLIT_COEFF_OT; one_batched_Kos_chosen_message_OT; vector_fixed_prime_setup; local_expand; tcp_two_process; p1_coeff_bit_ot_sender; SPLIT_COEFF_OT; one_batched_Kos_chosen_message_OT; vector_fixed_prime_setup; local_expand,emulated TCP network
2026-07-26T08:04:54.944226+00:00,56a80d12dc147c6f4d9452798d88f387cd1c778b,RMVOLE_NET_BENCH,RM_VECTOR_OPT,split-input-coeff-ot,vector,WAN100,tcp-loopback,bench,3,0,OK,PASS,18,262144,64,32,1,707.1220000000001,585.341,707.1220000000001,"max(P0,P1)_same_phase",441.286,548.372,548.372,292.786,284.31899999999996,292.786,1255.4940000000001,1441.1940000000002,0.0,0.0,0.0,177521,4428289,4605536,0.5490226745605469,4376896,228914,INCLUDING_BASE_OT,7808,1,1,3997696,3997696,3,tcp_two_process; p0_coeff_bit_ot_receiver; SPLIT_COEFF_OT; one_batched_Kos_chosen_message_OT; vector_fixed_prime_setup; local_expand; tcp_two_process; p1_coeff_bit_ot_sender; SPLIT_COEFF_OT; one_batched_Kos_chosen_message_OT; vector_fixed_prime_setup; local_expand,emulated TCP network
2026-07-26T08:04:56.999943+00:00,56a80d12dc147c6f4d9452798d88f387cd1c778b,RMVOLE_NET_BENCH,RM_VECTOR_OPT,split-input-coeff-ot,vector,WAN100,tcp-loopback,bench,4,0,OK,PASS,18,262144,64,32,1,706.893,585.028,706.893,"max(P0,P1)_same_phase",442.28499999999997,547.0129999999999,547.0129999999999,292.619,287.224,292.619,1253.906,1441.797,0.0,0.0,0.0,177521,4428289,4605536,0.5490226745605469,4376896,228914,INCLUDING_BASE_OT,7808,1,1,3997696,3997696,3,tcp_two_process; p0_coeff_bit_ot_receiver; SPLIT_COEFF_OT; one_batched_Kos_chosen_message_OT; vector_fixed_prime_setup; local_expand; tcp_two_process; p1_coeff_bit_ot_sender; SPLIT_COEFF_OT; one_batched_Kos_chosen_message_OT; vector_fixed_prime_setup; local_expand,emulated TCP network
2026-07-26T08:05:07.566625+00:00,56a80d12dc147c6f4d9452798d88f387cd1c778b,SILENT_SVOLE_TCP,SILENT_SVOLE,,,WAN100,tcp-loopback,bench,-1,1,OK,PASS,18,262144,64,32,1,10244.125,10093.617999999999,0.0,,0.0,0.0,0.0,0.0,0.0,0.0,10244.125,10244.125,9641.09,9237.481000000002,0.0,130119056,407160,130525960,15.559906959533691,0,0,,0,0,0,0,0,0,"tcp_two_process; libOTe_SilentVole; semi_honest_128; MultType=ExConv7x24; BaseElem=u64; ExtElem=array<u64,M>; x=c; Z0=a; Z1=-b; tcp_two_process; libOTe_SilentVole; semi_honest_128; MultType=ExConv7x24; BaseElem=u64; ExtElem=array<u64,M>; x=c; Z0=a; Z1=-b",emulated TCP network
2026-07-26T08:05:18.133574+00:00,56a80d12dc147c6f4d9452798d88f387cd1c778b,SILENT_SVOLE_TCP,SILENT_SVOLE,,,WAN100,tcp-loopback,bench,0,0,OK,PASS,18,262144,64,32,1,10275.299,10116.489,0.0,,0.0,0.0,0.0,0.0,0.0,0.0,10275.299,10275.299,9662.086000000001,9263.099,0.0,130119056,407160,130525960,15.559906959533691,0,0,,0,0,0,0,0,0,"tcp_two_process; libOTe_SilentVole; semi_honest_128; MultType=ExConv7x24; BaseElem=u64; ExtElem=array<u64,M>; x=c; Z0=a; Z1=-b; tcp_two_process; libOTe_SilentVole; semi_honest_128; MultType=ExConv7x24; BaseElem=u64; ExtElem=array<u64,M>; x=c; Z0=a; Z1=-b",emulated TCP network
2026-07-26T08:05:28.700351+00:00,56a80d12dc147c6f4d9452798d88f387cd1c778b,SILENT_SVOLE_TCP,SILENT_SVOLE,,,WAN100,tcp-loopback,bench,1,0,OK,PASS,18,262144,64,32,1,10249.844,10095.991,0.0,,0.0,0.0,0.0,0.0,0.0,0.0,10249.844,10249.844,9642.818,9240.893,0.0,130119056,407160,130525960,15.559906959533691,0,0,,0,0,0,0,0,0,"tcp_two_process; libOTe_SilentVole; semi_honest_128; MultType=ExConv7x24; BaseElem=u64; ExtElem=array<u64,M>; x=c; Z0=a; Z1=-b; tcp_two_process; libOTe_SilentVole; semi_honest_128; MultType=ExConv7x24; BaseElem=u64; ExtElem=array<u64,M>; x=c; Z0=a; Z1=-b",emulated TCP network
2026-07-26T08:05:39.267225+00:00,56a80d12dc147c6f4d9452798d88f387cd1c778b,SILENT_SVOLE_TCP,SILENT_SVOLE,,,WAN100,tcp-loopback,bench,2,0,OK,PASS,18,262144,64,32,1,10248.658000000001,10093.773000000001,0.0,,0.0,0.0,0.0,0.0,0.0,0.0,10248.658000000001,10248.658000000001,9643.682,9238.545,0.0,130119056,407160,130525960,15.559906959533691,0,0,,0,0,0,0,0,0,"tcp_two_process; libOTe_SilentVole; semi_honest_128; MultType=ExConv7x24; BaseElem=u64; ExtElem=array<u64,M>; x=c; Z0=a; Z1=-b; tcp_two_process; libOTe_SilentVole; semi_honest_128; MultType=ExConv7x24; BaseElem=u64; ExtElem=array<u64,M>; x=c; Z0=a; Z1=-b",emulated TCP network
2026-07-26T08:05:49.833807+00:00,56a80d12dc147c6f4d9452798d88f387cd1c778b,SILENT_SVOLE_TCP,SILENT_SVOLE,,,WAN100,tcp-loopback,bench,3,0,OK,PASS,18,262144,64,32,1,10246.818,10100.355,0.0,,0.0,0.0,0.0,0.0,0.0,0.0,10246.817000000001,10246.818,9639.669,9240.196,0.0,130119056,407160,130525960,15.559906959533691,0,0,,0,0,0,0,0,0,"tcp_two_process; libOTe_SilentVole; semi_honest_128; MultType=ExConv7x24; BaseElem=u64; ExtElem=array<u64,M>; x=c; Z0=a; Z1=-b; tcp_two_process; libOTe_SilentVole; semi_honest_128; MultType=ExConv7x24; BaseElem=u64; ExtElem=array<u64,M>; x=c; Z0=a; Z1=-b",emulated TCP network
2026-07-26T08:06:00.400303+00:00,56a80d12dc147c6f4d9452798d88f387cd1c778b,SILENT_SVOLE_TCP,SILENT_SVOLE,,,WAN100,tcp-loopback,bench,4,0,OK,PASS,18,262144,64,32,1,10244.555,10089.565999999999,0.0,,0.0,0.0,0.0,0.0,0.0,0.0,10244.555,10244.555,9637.841999999999,9238.425,0.0,130119056,407160,130525960,15.559906959533691,0,0,,0,0,0,0,0,0,"tcp_two_process; libOTe_SilentVole; semi_honest_128; MultType=ExConv7x24; BaseElem=u64; ExtElem=array<u64,M>; x=c; Z0=a; Z1=-b; tcp_two_process; libOTe_SilentVole; semi_honest_128; MultType=ExConv7x24; BaseElem=u64; ExtElem=array<u64,M>; x=c; Z0=a; Z1=-b",emulated TCP network
2026-07-26T08:06:06.461307+00:00,56a80d12dc147c6f4d9452798d88f387cd1c778b,RMVOLE_NET_BENCH,RM_VECTOR_GENERIC_SPLIT,split-input-vole,vector,WAN100,tcp-loopback,bench,-1,1,OK,PASS,18,262144,64,32,1,380.08,4706.689,4706.689,"max(P0,P1)_same_phase",695.375,407.918,695.375,292.26000000000005,287.012,292.26000000000005,5402.064,5401.618,0.0,0.0,0.0,67161457,246001,67407184,8.035562515258789,67178544,228914,,0,0,0,0,0,0,"tcp_two_process; p0_noisy_vole_receiver; real_libOTe_NoisyVole_split_input_length_2t; F=array<u64,M>; G=u64; vector_fixed_prime_setup; local_expand; tcp_two_process; p1_noisy_vole_sender; real_libOTe_NoisyVole_split_input_length_2t; F=array<u64,M>; G=u64; vector_fixed_prime_setup; local_expand",emulated TCP network
2026-07-26T08:06:12.522284+00:00,56a80d12dc147c6f4d9452798d88f387cd1c778b,RMVOLE_NET_BENCH,RM_VECTOR_GENERIC_SPLIT,split-input-vole,vector,WAN100,tcp-loopback,bench,0,0,OK,PASS,18,262144,64,32,1,379.98900000000003,4714.750999999999,4714.750999999999,"max(P0,P1)_same_phase",637.987,412.15000000000003,637.987,291.36400000000003,286.775,291.36400000000003,5352.737999999999,5413.6759999999995,0.0,0.0,0.0,67161457,246001,67407184,8.035562515258789,67178544,228914,,0,0,0,0,0,0,"tcp_two_process; p0_noisy_vole_receiver; real_libOTe_NoisyVole_split_input_length_2t; F=array<u64,M>; G=u64; vector_fixed_prime_setup; local_expand; tcp_two_process; p1_noisy_vole_sender; real_libOTe_NoisyVole_split_input_length_2t; F=array<u64,M>; G=u64; vector_fixed_prime_setup; local_expand",emulated TCP network
2026-07-26T08:06:18.583152+00:00,56a80d12dc147c6f4d9452798d88f387cd1c778b,RMVOLE_NET_BENCH,RM_VECTOR_GENERIC_SPLIT,split-input-vole,vector,WAN100,tcp-loopback,bench,1,0,OK,PASS,18,262144,64,32,1,380.19399999999996,4704.363,4704.363,"max(P0,P1)_same_phase",568.23,405.704,568.23,293.029,286.439,293.029,5272.593000000001,5396.505999999999,0.0,0.0,0.0,67161457,246001,67407184,8.035562515258789,67178544,228914,,0,0,0,0,0,0,"tcp_two_process; p0_noisy_vole_receiver; real_libOTe_NoisyVole_split_input_length_2t; F=array<u64,M>; G=u64; vector_fixed_prime_setup; local_expand; tcp_two_process; p1_noisy_vole_sender; real_libOTe_NoisyVole_split_input_length_2t; F=array<u64,M>; G=u64; vector_fixed_prime_setup; local_expand",emulated TCP network
2026-07-26T08:06:24.643988+00:00,56a80d12dc147c6f4d9452798d88f387cd1c778b,RMVOLE_NET_BENCH,RM_VECTOR_GENERIC_SPLIT,split-input-vole,vector,WAN100,tcp-loopback,bench,2,0,OK,PASS,18,262144,64,32,1,379.895,4699.951,4699.951,"max(P0,P1)_same_phase",692.98,405.44,692.98,291.76099999999997,285.80400000000003,291.76099999999997,5392.9310000000005,5391.195,0.0,0.0,0.0,67161457,246001,67407184,8.035562515258789,67178544,228914,,0,0,0,0,0,0,"tcp_two_process; p0_noisy_vole_receiver; real_libOTe_NoisyVole_split_input_length_2t; F=array<u64,M>; G=u64; vector_fixed_prime_setup; local_expand; tcp_two_process; p1_noisy_vole_sender; real_libOTe_NoisyVole_split_input_length_2t; F=array<u64,M>; G=u64; vector_fixed_prime_setup; local_expand",emulated TCP network
2026-07-26T08:06:30.654669+00:00,56a80d12dc147c6f4d9452798d88f387cd1c778b,RMVOLE_NET_BENCH,RM_VECTOR_GENERIC_SPLIT,split-input-vole,vector,WAN100,tcp-loopback,bench,3,0,OK,PASS,18,262144,64,32,1,379.367,4695.444,4695.444,"max(P0,P1)_same_phase",692.6560000000001,405.3,692.6560000000001,292.0,285.82,292.0,5388.1,5386.563,0.0,0.0,0.0,67161457,246001,67407184,8.035562515258789,67178544,228914,,0,0,0,0,0,0,"tcp_two_process; p0_noisy_vole_receiver; real_libOTe_NoisyVole_split_input_length_2t; F=array<u64,M>; G=u64; vector_fixed_prime_setup; local_expand; tcp_two_process; p1_noisy_vole_sender; real_libOTe_NoisyVole_split_input_length_2t; F=array<u64,M>; G=u64; vector_fixed_prime_setup; local_expand",emulated TCP network
2026-07-26T08:06:36.766203+00:00,56a80d12dc147c6f4d9452798d88f387cd1c778b,RMVOLE_NET_BENCH,RM_VECTOR_GENERIC_SPLIT,split-input-vole,vector,WAN100,tcp-loopback,bench,4,0,OK,PASS,18,262144,64,32,1,379.413,4738.794000000001,4738.794000000001,"max(P0,P1)_same_phase",712.4970000000001,417.933,712.4970000000001,292.176,285.42699999999996,292.176,5451.291000000001,5442.154,0.0,0.0,0.0,67161457,246001,67407184,8.035562515258789,67178544,228914,,0,0,0,0,0,0,"tcp_two_process; p0_noisy_vole_receiver; real_libOTe_NoisyVole_split_input_length_2t; F=array<u64,M>; G=u64; vector_fixed_prime_setup; local_expand; tcp_two_process; p1_noisy_vole_sender; real_libOTe_NoisyVole_split_input_length_2t; F=array<u64,M>; G=u64; vector_fixed_prime_setup; local_expand",emulated TCP network
2026-07-26T08:06:38.872117+00:00,56a80d12dc147c6f4d9452798d88f387cd1c778b,RMVOLE_NET_BENCH,RM_VECTOR_OPT,split-input-coeff-ot,vector,WAN100,tcp-loopback,bench,-1,1,OK,PASS,20,1048576,64,8,1,473.16200000000003,254.602,473.16200000000003,"max(P0,P1)_same_phase",466.916,677.1610000000001,677.1610000000001,338.66200000000003,313.851,338.66200000000003,1150.323,1278.74,0.0,0.0,0.0,186033,1339905,1525856,0.18189620971679688,1378624,147314,INCLUDING_BASE_OT,7808,1,1,999424,999424,3,tcp_two_process; p0_coeff_bit_ot_receiver; SPLIT_COEFF_OT; one_batched_Kos_chosen_message_OT; vector_fixed_prime_setup; local_expand; tcp_two_process; p1_coeff_bit_ot_sender; SPLIT_COEFF_OT; one_batched_Kos_chosen_message_OT; vector_fixed_prime_setup; local_expand,emulated TCP network
2026-07-26T08:06:40.978064+00:00,56a80d12dc147c6f4d9452798d88f387cd1c778b,RMVOLE_NET_BENCH,RM_VECTOR_OPT,split-input-coeff-ot,vector,WAN100,tcp-loopback,bench,0,0,OK,PASS,20,1048576,64,8,1,473.192,254.57200000000003,473.192,"max(P0,P1)_same_phase",459.712,670.218,670.218,338.787,314.68600000000004,338.787,1143.4099999999999,1271.6909999999998,0.0,0.0,0.0,186033,1339905,1525856,0.18189620971679688,1378624,147314,INCLUDING_BASE_OT,7808,1,1,999424,999424,3,tcp_two_process; p0_coeff_bit_ot_receiver; SPLIT_COEFF_OT; one_batched_Kos_chosen_message_OT; vector_fixed_prime_setup; local_expand; tcp_two_process; p1_coeff_bit_ot_sender; SPLIT_COEFF_OT; one_batched_Kos_chosen_message_OT; vector_fixed_prime_setup; local_expand,emulated TCP network
2026-07-26T08:06:43.033826+00:00,56a80d12dc147c6f4d9452798d88f387cd1c778b,RMVOLE_NET_BENCH,RM_VECTOR_OPT,split-input-coeff-ot,vector,WAN100,tcp-loopback,bench,1,0,OK,PASS,20,1048576,64,8,1,473.23900000000003,254.691,473.23900000000003,"max(P0,P1)_same_phase",459.686,669.9209999999999,669.9209999999999,338.008,313.44899999999996,338.008,1143.1599999999999,1270.933,0.0,0.0,0.0,186033,1339905,1525856,0.18189620971679688,1378624,147314,INCLUDING_BASE_OT,7808,1,1,999424,999424,3,tcp_two_process; p0_coeff_bit_ot_receiver; SPLIT_COEFF_OT; one_batched_Kos_chosen_message_OT; vector_fixed_prime_setup; local_expand; tcp_two_process; p1_coeff_bit_ot_sender; SPLIT_COEFF_OT; one_batched_Kos_chosen_message_OT; vector_fixed_prime_setup; local_expand,emulated TCP network
2026-07-26T08:06:45.089434+00:00,56a80d12dc147c6f4d9452798d88f387cd1c778b,RMVOLE_NET_BENCH,RM_VECTOR_OPT,split-input-coeff-ot,vector,WAN100,tcp-loopback,bench,2,0,OK,PASS,20,1048576,64,8,1,473.195,254.64199999999997,473.195,"max(P0,P1)_same_phase",459.099,669.9209999999999,669.9209999999999,337.795,313.564,337.795,1143.116,1270.09,0.0,0.0,0.0,186033,1339905,1525856,0.18189620971679688,1378624,147314,INCLUDING_BASE_OT,7808,1,1,999424,999424,3,tcp_two_process; p0_coeff_bit_ot_receiver; SPLIT_COEFF_OT; one_batched_Kos_chosen_message_OT; vector_fixed_prime_setup; local_expand; tcp_two_process; p1_coeff_bit_ot_sender; SPLIT_COEFF_OT; one_batched_Kos_chosen_message_OT; vector_fixed_prime_setup; local_expand,emulated TCP network
2026-07-26T08:06:47.145155+00:00,56a80d12dc147c6f4d9452798d88f387cd1c778b,RMVOLE_NET_BENCH,RM_VECTOR_OPT,split-input-coeff-ot,vector,WAN100,tcp-loopback,bench,3,0,OK,PASS,20,1048576,64,8,1,473.143,254.585,473.143,"max(P0,P1)_same_phase",459.12399999999997,669.5600000000001,669.5600000000001,337.707,313.605,337.707,1142.703,1269.973,0.0,0.0,0.0,186033,1339905,1525856,0.18189620971679688,1378624,147314,INCLUDING_BASE_OT,7808,1,1,999424,999424,3,tcp_two_process; p0_coeff_bit_ot_receiver; SPLIT_COEFF_OT; one_batched_Kos_chosen_message_OT; vector_fixed_prime_setup; local_expand; tcp_two_process; p1_coeff_bit_ot_sender; SPLIT_COEFF_OT; one_batched_Kos_chosen_message_OT; vector_fixed_prime_setup; local_expand,emulated TCP network
2026-07-26T08:06:49.200696+00:00,56a80d12dc147c6f4d9452798d88f387cd1c778b,RMVOLE_NET_BENCH,RM_VECTOR_OPT,split-input-coeff-ot,vector,WAN100,tcp-loopback,bench,4,0,OK,PASS,20,1048576,64,8,1,473.076,254.52200000000002,473.076,"max(P0,P1)_same_phase",460.832,669.778,669.778,337.7,314.147,337.7,1142.854,1271.607,0.0,0.0,0.0,186033,1339905,1525856,0.18189620971679688,1378624,147314,INCLUDING_BASE_OT,7808,1,1,999424,999424,3,tcp_two_process; p0_coeff_bit_ot_receiver; SPLIT_COEFF_OT; one_batched_Kos_chosen_message_OT; vector_fixed_prime_setup; local_expand; tcp_two_process; p1_coeff_bit_ot_sender; SPLIT_COEFF_OT; one_batched_Kos_chosen_message_OT; vector_fixed_prime_setup; local_expand,emulated TCP network
2026-07-26T08:06:52.057492+00:00,56a80d12dc147c6f4d9452798d88f387cd1c778b,SILENT_SVOLE_TCP,SILENT_SVOLE,,,WAN100,tcp-loopback,bench,-1,1,OK,PASS,20,1048576,64,8,1,2533.283,2205.509,0.0,,0.0,0.0,0.0,0.0,0.0,0.0,2533.283,2533.283,1234.718,1988.0610000000001,0.0,8237776,183416,8421128,1.0038766860961914,0,0,,0,0,0,0,0,0,"tcp_two_process; libOTe_SilentVole; semi_honest_128; MultType=ExConv7x24; BaseElem=u64; ExtElem=array<u64,M>; x=c; Z0=a; Z1=-b; tcp_two_process; libOTe_SilentVole; semi_honest_128; MultType=ExConv7x24; BaseElem=u64; ExtElem=array<u64,M>; x=c; Z0=a; Z1=-b",emulated TCP network
2026-07-26T08:06:54.914272+00:00,56a80d12dc147c6f4d9452798d88f387cd1c778b,SILENT_SVOLE_TCP,SILENT_SVOLE,,,WAN100,tcp-loopback,bench,0,0,OK,PASS,20,1048576,64,8,1,2571.404,2224.2099999999996,0.0,,0.0,0.0,0.0,0.0,0.0,0.0,2571.404,2571.404,1252.2340000000002,2025.975,0.0,8237776,183416,8421128,1.0038766860961914,0,0,,0,0,0,0,0,0,"tcp_two_process; libOTe_SilentVole; semi_honest_128; MultType=ExConv7x24; BaseElem=u64; ExtElem=array<u64,M>; x=c; Z0=a; Z1=-b; tcp_two_process; libOTe_SilentVole; semi_honest_128; MultType=ExConv7x24; BaseElem=u64; ExtElem=array<u64,M>; x=c; Z0=a; Z1=-b",emulated TCP network
2026-07-26T08:06:57.770894+00:00,56a80d12dc147c6f4d9452798d88f387cd1c778b,SILENT_SVOLE_TCP,SILENT_SVOLE,,,WAN100,tcp-loopback,bench,1,0,OK,PASS,20,1048576,64,8,1,2546.426,2224.643,0.0,,0.0,0.0,0.0,0.0,0.0,0.0,2546.426,2546.426,1251.504,2002.144,0.0,8237776,183416,8421128,1.0038766860961914,0,0,,0,0,0,0,0,0,"tcp_two_process; libOTe_SilentVole; semi_honest_128; MultType=ExConv7x24; BaseElem=u64; ExtElem=array<u64,M>; x=c; Z0=a; Z1=-b; tcp_two_process; libOTe_SilentVole; semi_honest_128; MultType=ExConv7x24; BaseElem=u64; ExtElem=array<u64,M>; x=c; Z0=a; Z1=-b",emulated TCP network
2026-07-26T08:07:00.627345+00:00,56a80d12dc147c6f4d9452798d88f387cd1c778b,SILENT_SVOLE_TCP,SILENT_SVOLE,,,WAN100,tcp-loopback,bench,2,0,OK,PASS,20,1048576,64,8,1,2551.9159999999997,2228.172,0.0,,0.0,0.0,0.0,0.0,0.0,0.0,2551.9159999999997,2551.9159999999997,1257.221,2006.567,0.0,8237776,183416,8421128,1.0038766860961914,0,0,,0,0,0,0,0,0,"tcp_two_process; libOTe_SilentVole; semi_honest_128; MultType=ExConv7x24; BaseElem=u64; ExtElem=array<u64,M>; x=c; Z0=a; Z1=-b; tcp_two_process; libOTe_SilentVole; semi_honest_128; MultType=ExConv7x24; BaseElem=u64; ExtElem=array<u64,M>; x=c; Z0=a; Z1=-b",emulated TCP network
2026-07-26T08:07:03.483730+00:00,56a80d12dc147c6f4d9452798d88f387cd1c778b,SILENT_SVOLE_TCP,SILENT_SVOLE,,,WAN100,tcp-loopback,bench,3,0,OK,PASS,20,1048576,64,8,1,2563.7400000000002,2239.36,0.0,,0.0,0.0,0.0,0.0,0.0,0.0,2563.7400000000002,2563.7400000000002,1257.182,2018.5810000000001,0.0,8237776,183416,8421128,1.0038766860961914,0,0,,0,0,0,0,0,0,"tcp_two_process; libOTe_SilentVole; semi_honest_128; MultType=ExConv7x24; BaseElem=u64; ExtElem=array<u64,M>; x=c; Z0=a; Z1=-b; tcp_two_process; libOTe_SilentVole; semi_honest_128; MultType=ExConv7x24; BaseElem=u64; ExtElem=array<u64,M>; x=c; Z0=a; Z1=-b",emulated TCP network
2026-07-26T08:07:06.340302+00:00,56a80d12dc147c6f4d9452798d88f387cd1c778b,SILENT_SVOLE_TCP,SILENT_SVOLE,,,WAN100,tcp-loopback,bench,4,0,OK,PASS,20,1048576,64,8,1,2549.651,2212.7819999999997,0.0,,0.0,0.0,0.0,0.0,0.0,0.0,2549.651,2549.651,1242.001,2004.165,0.0,8237776,183416,8421128,1.0038766860961914,0,0,,0,0,0,0,0,0,"tcp_two_process; libOTe_SilentVole; semi_honest_128; MultType=ExConv7x24; BaseElem=u64; ExtElem=array<u64,M>; x=c; Z0=a; Z1=-b; tcp_two_process; libOTe_SilentVole; semi_honest_128; MultType=ExConv7x24; BaseElem=u64; ExtElem=array<u64,M>; x=c; Z0=a; Z1=-b",emulated TCP network
2026-07-26T08:07:08.596057+00:00,56a80d12dc147c6f4d9452798d88f387cd1c778b,RMVOLE_NET_BENCH,RM_VECTOR_GENERIC_SPLIT,split-input-vole,vector,WAN100,tcp-loopback,bench,-1,1,OK,PASS,20,1048576,64,8,1,126.35099999999998,646.46,646.46,"max(P0,P1)_same_phase",703.991,446.882,703.991,335.294,316.639,335.294,1350.451,1409.981,0.0,0.0,0.0,4255409,103665,4358992,0.5196323394775391,4211760,147314,,0,0,0,0,0,0,"tcp_two_process; p0_noisy_vole_receiver; real_libOTe_NoisyVole_split_input_length_2t; F=array<u64,M>; G=u64; vector_fixed_prime_setup; local_expand; tcp_two_process; p1_noisy_vole_sender; real_libOTe_NoisyVole_split_input_length_2t; F=array<u64,M>; G=u64; vector_fixed_prime_setup; local_expand",emulated TCP network
2026-07-26T08:07:10.851901+00:00,56a80d12dc147c6f4d9452798d88f387cd1c778b,RMVOLE_NET_BENCH,RM_VECTOR_GENERIC_SPLIT,split-input-vole,vector,WAN100,tcp-loopback,bench,0,0,OK,PASS,20,1048576,64,8,1,126.48499999999999,646.952,646.952,"max(P0,P1)_same_phase",699.256,448.90200000000004,699.256,337.509,314.276,337.509,1346.208,1410.13,0.0,0.0,0.0,4255409,103665,4358992,0.5196323394775391,4211760,147314,,0,0,0,0,0,0,"tcp_two_process; p0_noisy_vole_receiver; real_libOTe_NoisyVole_split_input_length_2t; F=array<u64,M>; G=u64; vector_fixed_prime_setup; local_expand; tcp_two_process; p1_noisy_vole_sender; real_libOTe_NoisyVole_split_input_length_2t; F=array<u64,M>; G=u64; vector_fixed_prime_setup; local_expand",emulated TCP network
2026-07-26T08:07:13.107885+00:00,56a80d12dc147c6f4d9452798d88f387cd1c778b,RMVOLE_NET_BENCH,RM_VECTOR_GENERIC_SPLIT,split-input-vole,vector,WAN100,tcp-loopback,bench,1,0,OK,PASS,20,1048576,64,8,1,126.394,646.715,646.715,"max(P0,P1)_same_phase",705.865,447.582,705.865,335.167,317.525,335.167,1352.58,1411.822,0.0,0.0,0.0,4255409,103665,4358992,0.5196323394775391,4211760,147314,,0,0,0,0,0,0,"tcp_two_process; p0_noisy_vole_receiver; real_libOTe_NoisyVole_split_input_length_2t; F=array<u64,M>; G=u64; vector_fixed_prime_setup; local_expand; tcp_two_process; p1_noisy_vole_sender; real_libOTe_NoisyVole_split_input_length_2t; F=array<u64,M>; G=u64; vector_fixed_prime_setup; local_expand",emulated TCP network
2026-07-26T08:07:15.363636+00:00,56a80d12dc147c6f4d9452798d88f387cd1c778b,RMVOLE_NET_BENCH,RM_VECTOR_GENERIC_SPLIT,split-input-vole,vector,WAN100,tcp-loopback,bench,2,0,OK,PASS,20,1048576,64,8,1,126.614,646.7479999999999,646.7479999999999,"max(P0,P1)_same_phase",697.499,447.809,697.499,337.039,313.91200000000003,337.039,1344.2469999999998,1408.469,0.0,0.0,0.0,4255409,103665,4358992,0.5196323394775391,4211760,147314,,0,0,0,0,0,0,"tcp_two_process; p0_noisy_vole_receiver; real_libOTe_NoisyVole_split_input_length_2t; F=array<u64,M>; G=u64; vector_fixed_prime_setup; local_expand; tcp_two_process; p1_noisy_vole_sender; real_libOTe_NoisyVole_split_input_length_2t; F=array<u64,M>; G=u64; vector_fixed_prime_setup; local_expand",emulated TCP network
2026-07-26T08:07:17.619618+00:00,56a80d12dc147c6f4d9452798d88f387cd1c778b,RMVOLE_NET_BENCH,RM_VECTOR_GENERIC_SPLIT,split-input-vole,vector,WAN100,tcp-loopback,bench,3,0,OK,PASS,20,1048576,64,8,1,126.267,646.467,646.467,"max(P0,P1)_same_phase",703.7139999999999,448.627,703.7139999999999,334.881,314.31,334.881,1350.181,1409.404,0.0,0.0,0.0,4255409,103665,4358992,0.5196323394775391,4211760,147314,,0,0,0,0,0,0,"tcp_two_process; p0_noisy_vole_receiver; real_libOTe_NoisyVole_split_input_length_2t; F=array<u64,M>; G=u64; vector_fixed_prime_setup; local_expand; tcp_two_process; p1_noisy_vole_sender; real_libOTe_NoisyVole_split_input_length_2t; F=array<u64,M>; G=u64; vector_fixed_prime_setup; local_expand",emulated TCP network
2026-07-26T08:07:19.875521+00:00,56a80d12dc147c6f4d9452798d88f387cd1c778b,RMVOLE_NET_BENCH,RM_VECTOR_GENERIC_SPLIT,split-input-vole,vector,WAN100,tcp-loopback,bench,4,0,OK,PASS,20,1048576,64,8,1,126.329,646.673,646.673,"max(P0,P1)_same_phase",705.956,448.149,705.956,334.431,316.7,334.431,1352.629,1411.521,0.0,0.0,0.0,4255409,103665,4358992,0.5196323394775391,4211760,147314,,0,0,0,0,0,0,"tcp_two_process; p0_noisy_vole_receiver; real_libOTe_NoisyVole_split_input_length_2t; F=array<u64,M>; G=u64; vector_fixed_prime_setup; local_expand; tcp_two_process; p1_noisy_vole_sender; real_libOTe_NoisyVole_split_input_length_2t; F=array<u64,M>; G=u64; vector_fixed_prime_setup; local_expand",emulated TCP network
2026-07-26T08:07:22.832436+00:00,56a80d12dc147c6f4d9452798d88f387cd1c778b,RMVOLE_NET_BENCH,RM_VECTOR_OPT,split-input-coeff-ot,vector,WAN100,tcp-loopback,bench,-1,1,OK,PASS,20,1048576,64,16,1,550.9849999999999,256.353,550.9849999999999,"max(P0,P1)_same_phase",654.655,927.1819999999999,927.1819999999999,696.774,684.543,696.774,1478.167,1902.414,0.0,0.0,0.0,186097,2372097,2558048,0.15247154235839844,2378048,180146,INCLUDING_BASE_OT,7808,1,1,1998848,1998848,3,tcp_two_process; p0_coeff_bit_ot_receiver; SPLIT_COEFF_OT; one_batched_Kos_chosen_message_OT; vector_fixed_prime_setup; local_expand; tcp_two_process; p1_coeff_bit_ot_sender; SPLIT_COEFF_OT; one_batched_Kos_chosen_message_OT; vector_fixed_prime_setup; local_expand,emulated TCP network
2026-07-26T08:07:25.789424+00:00,56a80d12dc147c6f4d9452798d88f387cd1c778b,RMVOLE_NET_BENCH,RM_VECTOR_OPT,split-input-coeff-ot,vector,WAN100,tcp-loopback,bench,0,0,OK,PASS,20,1048576,64,16,1,551.085,256.465,551.085,"max(P0,P1)_same_phase",654.149,927.605,927.605,697.97,687.509,697.97,1478.69,1903.204,0.0,0.0,0.0,186097,2372097,2558048,0.15247154235839844,2378048,180146,INCLUDING_BASE_OT,7808,1,1,1998848,1998848,3,tcp_two_process; p0_coeff_bit_ot_receiver; SPLIT_COEFF_OT; one_batched_Kos_chosen_message_OT; vector_fixed_prime_setup; local_expand; tcp_two_process; p1_coeff_bit_ot_sender; SPLIT_COEFF_OT; one_batched_Kos_chosen_message_OT; vector_fixed_prime_setup; local_expand,emulated TCP network
2026-07-26T08:07:28.746398+00:00,56a80d12dc147c6f4d9452798d88f387cd1c778b,RMVOLE_NET_BENCH,RM_VECTOR_OPT,split-input-coeff-ot,vector,WAN100,tcp-loopback,bench,1,0,OK,PASS,20,1048576,64,16,1,550.9540000000001,256.356,550.9540000000001,"max(P0,P1)_same_phase",653.67,926.688,926.688,696.861,685.102,696.861,1477.642,1901.486,0.0,0.0,0.0,186097,2372097,2558048,0.15247154235839844,2378048,180146,INCLUDING_BASE_OT,7808,1,1,1998848,1998848,3,tcp_two_process; p0_coeff_bit_ot_receiver; SPLIT_COEFF_OT; one_batched_Kos_chosen_message_OT; vector_fixed_prime_setup; local_expand; tcp_two_process; p1_coeff_bit_ot_sender; SPLIT_COEFF_OT; one_batched_Kos_chosen_message_OT; vector_fixed_prime_setup; local_expand,emulated TCP network
2026-07-26T08:07:31.703584+00:00,56a80d12dc147c6f4d9452798d88f387cd1c778b,RMVOLE_NET_BENCH,RM_VECTOR_OPT,split-input-coeff-ot,vector,WAN100,tcp-loopback,bench,2,0,OK,PASS,20,1048576,64,16,1,551.072,256.41,551.072,"max(P0,P1)_same_phase",654.2940000000001,926.8779999999999,926.8779999999999,700.2669999999999,690.2620000000001,700.2669999999999,1477.9499999999998,1905.6329999999998,0.0,0.0,0.0,186097,2372097,2558048,0.15247154235839844,2378048,180146,INCLUDING_BASE_OT,7808,1,1,1998848,1998848,3,tcp_two_process; p0_coeff_bit_ot_receiver; SPLIT_COEFF_OT; one_batched_Kos_chosen_message_OT; vector_fixed_prime_setup; local_expand; tcp_two_process; p1_coeff_bit_ot_sender; SPLIT_COEFF_OT; one_batched_Kos_chosen_message_OT; vector_fixed_prime_setup; local_expand,emulated TCP network
2026-07-26T08:07:34.660637+00:00,56a80d12dc147c6f4d9452798d88f387cd1c778b,RMVOLE_NET_BENCH,RM_VECTOR_OPT,split-input-coeff-ot,vector,WAN100,tcp-loopback,bench,3,0,OK,PASS,20,1048576,64,16,1,551.48,256.77,551.48,"max(P0,P1)_same_phase",655.949,928.505,928.505,696.8879999999999,686.597,696.8879999999999,1479.9850000000001,1904.317,0.0,0.0,0.0,186097,2372097,2558048,0.15247154235839844,2378048,180146,INCLUDING_BASE_OT,7808,1,1,1998848,1998848,3,tcp_two_process; p0_coeff_bit_ot_receiver; SPLIT_COEFF_OT; one_batched_Kos_chosen_message_OT; vector_fixed_prime_setup; local_expand; tcp_two_process; p1_coeff_bit_ot_sender; SPLIT_COEFF_OT; one_batched_Kos_chosen_message_OT; vector_fixed_prime_setup; local_expand,emulated TCP network
2026-07-26T08:07:37.617677+00:00,56a80d12dc147c6f4d9452798d88f387cd1c778b,RMVOLE_NET_BENCH,RM_VECTOR_OPT,split-input-coeff-ot,vector,WAN100,tcp-loopback,bench,4,0,OK,PASS,20,1048576,64,16,1,551.038,256.435,551.038,"max(P0,P1)_same_phase",653.995,926.5179999999999,926.5179999999999,699.1619999999999,691.641,699.1619999999999,1477.556,1904.194,0.0,0.0,0.0,186097,2372097,2558048,0.15247154235839844,2378048,180146,INCLUDING_BASE_OT,7808,1,1,1998848,1998848,3,tcp_two_process; p0_coeff_bit_ot_receiver; SPLIT_COEFF_OT; one_batched_Kos_chosen_message_OT; vector_fixed_prime_setup; local_expand; tcp_two_process; p1_coeff_bit_ot_sender; SPLIT_COEFF_OT; one_batched_Kos_chosen_message_OT; vector_fixed_prime_setup; local_expand,emulated TCP network
2026-07-26T08:07:43.077878+00:00,56a80d12dc147c6f4d9452798d88f387cd1c778b,SILENT_SVOLE_TCP,SILENT_SVOLE,,,WAN100,tcp-loopback,bench,-1,1,OK,PASS,20,1048576,64,16,1,5157.421,4873.197,0.0,,0.0,0.0,0.0,0.0,0.0,0.0,5157.420999999999,5157.421,2972.053,4452.004,0.0,32617232,263288,32880392,1.9598240852355957,0,0,,0,0,0,0,0,0,"tcp_two_process; libOTe_SilentVole; semi_honest_128; MultType=ExConv7x24; BaseElem=u64; ExtElem=array<u64,M>; x=c; Z0=a; Z1=-b; tcp_two_process; libOTe_SilentVole; semi_honest_128; MultType=ExConv7x24; BaseElem=u64; ExtElem=array<u64,M>; x=c; Z0=a; Z1=-b",emulated TCP network
2026-07-26T08:07:48.537704+00:00,56a80d12dc147c6f4d9452798d88f387cd1c778b,SILENT_SVOLE_TCP,SILENT_SVOLE,,,WAN100,tcp-loopback,bench,0,0,OK,PASS,20,1048576,64,16,1,5132.17,4849.514,0.0,,0.0,0.0,0.0,0.0,0.0,0.0,5132.171,5132.17,2954.032,4427.704000000001,0.0,32617232,263288,32880392,1.9598240852355957,0,0,,0,0,0,0,0,0,"tcp_two_process; libOTe_SilentVole; semi_honest_128; MultType=ExConv7x24; BaseElem=u64; ExtElem=array<u64,M>; x=c; Z0=a; Z1=-b; tcp_two_process; libOTe_SilentVole; semi_honest_128; MultType=ExConv7x24; BaseElem=u64; ExtElem=array<u64,M>; x=c; Z0=a; Z1=-b",emulated TCP network
2026-07-26T08:07:53.997691+00:00,56a80d12dc147c6f4d9452798d88f387cd1c778b,SILENT_SVOLE_TCP,SILENT_SVOLE,,,WAN100,tcp-loopback,bench,1,0,OK,PASS,20,1048576,64,16,1,5137.012000000001,4851.67,0.0,,0.0,0.0,0.0,0.0,0.0,0.0,5137.012000000001,5137.012000000001,2949.449,4432.213,0.0,32617232,263288,32880392,1.9598240852355957,0,0,,0,0,0,0,0,0,"tcp_two_process; libOTe_SilentVole; semi_honest_128; MultType=ExConv7x24; BaseElem=u64; ExtElem=array<u64,M>; x=c; Z0=a; Z1=-b; tcp_two_process; libOTe_SilentVole; semi_honest_128; MultType=ExConv7x24; BaseElem=u64; ExtElem=array<u64,M>; x=c; Z0=a; Z1=-b",emulated TCP network
2026-07-26T08:07:59.457665+00:00,56a80d12dc147c6f4d9452798d88f387cd1c778b,SILENT_SVOLE_TCP,SILENT_SVOLE,,,WAN100,tcp-loopback,bench,2,0,OK,PASS,20,1048576,64,16,1,5150.684,4870.795,0.0,,0.0,0.0,0.0,0.0,0.0,0.0,5150.684,5150.684,2971.123,4445.1179999999995,0.0,32617232,263288,32880392,1.9598240852355957,0,0,,0,0,0,0,0,0,"tcp_two_process; libOTe_SilentVole; semi_honest_128; MultType=ExConv7x24; BaseElem=u64; ExtElem=array<u64,M>; x=c; Z0=a; Z1=-b; tcp_two_process; libOTe_SilentVole; semi_honest_128; MultType=ExConv7x24; BaseElem=u64; ExtElem=array<u64,M>; x=c; Z0=a; Z1=-b",emulated TCP network
2026-07-26T08:08:04.917577+00:00,56a80d12dc147c6f4d9452798d88f387cd1c778b,SILENT_SVOLE_TCP,SILENT_SVOLE,,,WAN100,tcp-loopback,bench,3,0,OK,PASS,20,1048576,64,16,1,5140.380999999999,4856.903,0.0,,0.0,0.0,0.0,0.0,0.0,0.0,5140.379999999999,5140.380999999999,2950.1110000000003,4435.889999999999,0.0,32617232,263288,32880392,1.9598240852355957,0,0,,0,0,0,0,0,0,"tcp_two_process; libOTe_SilentVole; semi_honest_128; MultType=ExConv7x24; BaseElem=u64; ExtElem=array<u64,M>; x=c; Z0=a; Z1=-b; tcp_two_process; libOTe_SilentVole; semi_honest_128; MultType=ExConv7x24; BaseElem=u64; ExtElem=array<u64,M>; x=c; Z0=a; Z1=-b",emulated TCP network
2026-07-26T08:08:10.377571+00:00,56a80d12dc147c6f4d9452798d88f387cd1c778b,SILENT_SVOLE_TCP,SILENT_SVOLE,,,WAN100,tcp-loopback,bench,4,0,OK,PASS,20,1048576,64,16,1,5148.9310000000005,4871.054,0.0,,0.0,0.0,0.0,0.0,0.0,0.0,5148.931,5148.9310000000005,2966.428,4443.2029999999995,0.0,32617232,263288,32880392,1.9598240852355957,0,0,,0,0,0,0,0,0,"tcp_two_process; libOTe_SilentVole; semi_honest_128; MultType=ExConv7x24; BaseElem=u64; ExtElem=array<u64,M>; x=c; Z0=a; Z1=-b; tcp_two_process; libOTe_SilentVole; semi_honest_128; MultType=ExConv7x24; BaseElem=u64; ExtElem=array<u64,M>; x=c; Z0=a; Z1=-b",emulated TCP network
2026-07-26T08:08:14.285856+00:00,56a80d12dc147c6f4d9452798d88f387cd1c778b,RMVOLE_NET_BENCH,RM_VECTOR_GENERIC_SPLIT,split-input-vole,vector,WAN100,tcp-loopback,bench,-1,1,OK,PASS,20,1048576,64,16,1,203.91500000000002,1516.5169999999998,1516.5169999999998,"max(P0,P1)_same_phase",882.73,619.836,882.73,689.723,687.217,689.723,2399.247,2823.57,0.0,0.0,0.0,16838385,153841,16992080,1.0128068923950195,16812080,180146,,0,0,0,0,0,0,"tcp_two_process; p0_noisy_vole_receiver; real_libOTe_NoisyVole_split_input_length_2t; F=array<u64,M>; G=u64; vector_fixed_prime_setup; local_expand; tcp_two_process; p1_noisy_vole_sender; real_libOTe_NoisyVole_split_input_length_2t; F=array<u64,M>; G=u64; vector_fixed_prime_setup; local_expand",emulated TCP network
2026-07-26T08:08:18.243868+00:00,56a80d12dc147c6f4d9452798d88f387cd1c778b,RMVOLE_NET_BENCH,RM_VECTOR_GENERIC_SPLIT,split-input-vole,vector,WAN100,tcp-loopback,bench,0,0,OK,PASS,20,1048576,64,16,1,203.95,1548.587,1548.587,"max(P0,P1)_same_phase",905.614,617.063,905.614,691.2669999999999,682.4599999999999,691.2669999999999,2454.201,2848.11,0.0,0.0,0.0,16838385,153841,16992080,1.0128068923950195,16812080,180146,,0,0,0,0,0,0,"tcp_two_process; p0_noisy_vole_receiver; real_libOTe_NoisyVole_split_input_length_2t; F=array<u64,M>; G=u64; vector_fixed_prime_setup; local_expand; tcp_two_process; p1_noisy_vole_sender; real_libOTe_NoisyVole_split_input_length_2t; F=array<u64,M>; G=u64; vector_fixed_prime_setup; local_expand",emulated TCP network
2026-07-26T08:08:22.201973+00:00,56a80d12dc147c6f4d9452798d88f387cd1c778b,RMVOLE_NET_BENCH,RM_VECTOR_GENERIC_SPLIT,split-input-vole,vector,WAN100,tcp-loopback,bench,1,0,OK,PASS,20,1048576,64,16,1,204.095,1548.7759999999998,1548.7759999999998,"max(P0,P1)_same_phase",898.706,618.163,898.706,690.163,683.543,690.163,2447.482,2850.4809999999998,0.0,0.0,0.0,16838385,153841,16992080,1.0128068923950195,16812080,180146,,0,0,0,0,0,0,"tcp_two_process; p0_noisy_vole_receiver; real_libOTe_NoisyVole_split_input_length_2t; F=array<u64,M>; G=u64; vector_fixed_prime_setup; local_expand; tcp_two_process; p1_noisy_vole_sender; real_libOTe_NoisyVole_split_input_length_2t; F=array<u64,M>; G=u64; vector_fixed_prime_setup; local_expand",emulated TCP network
2026-07-26T08:08:26.160400+00:00,56a80d12dc147c6f4d9452798d88f387cd1c778b,RMVOLE_NET_BENCH,RM_VECTOR_GENERIC_SPLIT,split-input-vole,vector,WAN100,tcp-loopback,bench,2,0,OK,PASS,20,1048576,64,16,1,204.253,1549.378,1549.378,"max(P0,P1)_same_phase",904.3520000000001,617.719,904.3520000000001,696.2819999999999,686.013,696.2819999999999,2453.73,2853.109,0.0,0.0,0.0,16838385,153841,16992080,1.0128068923950195,16812080,180146,,0,0,0,0,0,0,"tcp_two_process; p0_noisy_vole_receiver; real_libOTe_NoisyVole_split_input_length_2t; F=array<u64,M>; G=u64; vector_fixed_prime_setup; local_expand; tcp_two_process; p1_noisy_vole_sender; real_libOTe_NoisyVole_split_input_length_2t; F=array<u64,M>; G=u64; vector_fixed_prime_setup; local_expand",emulated TCP network
2026-07-26T08:08:30.118659+00:00,56a80d12dc147c6f4d9452798d88f387cd1c778b,RMVOLE_NET_BENCH,RM_VECTOR_GENERIC_SPLIT,split-input-vole,vector,WAN100,tcp-loopback,bench,3,0,OK,PASS,20,1048576,64,16,1,203.743,1548.107,1548.107,"max(P0,P1)_same_phase",906.051,619.253,906.051,692.3979999999999,683.736,692.3979999999999,2454.158,2851.097,0.0,0.0,0.0,16838385,153841,16992080,1.0128068923950195,16812080,180146,,0,0,0,0,0,0,"tcp_two_process; p0_noisy_vole_receiver; real_libOTe_NoisyVole_split_input_length_2t; F=array<u64,M>; G=u64; vector_fixed_prime_setup; local_expand; tcp_two_process; p1_noisy_vole_sender; real_libOTe_NoisyVole_split_input_length_2t; F=array<u64,M>; G=u64; vector_fixed_prime_setup; local_expand",emulated TCP network
2026-07-26T08:08:34.076711+00:00,56a80d12dc147c6f4d9452798d88f387cd1c778b,RMVOLE_NET_BENCH,RM_VECTOR_GENERIC_SPLIT,split-input-vole,vector,WAN100,tcp-loopback,bench,4,0,OK,PASS,20,1048576,64,16,1,204.42499999999998,1549.006,1549.006,"max(P0,P1)_same_phase",905.435,619.257,905.435,688.411,683.9,688.411,2454.441,2852.163,0.0,0.0,0.0,16838385,153841,16992080,1.0128068923950195,16812080,180146,,0,0,0,0,0,0,"tcp_two_process; p0_noisy_vole_receiver; real_libOTe_NoisyVole_split_input_length_2t; F=array<u64,M>; G=u64; vector_fixed_prime_setup; local_expand; tcp_two_process; p1_noisy_vole_sender; real_libOTe_NoisyVole_split_input_length_2t; F=array<u64,M>; G=u64; vector_fixed_prime_setup; local_expand",emulated TCP network
2026-07-26T08:08:38.835935+00:00,56a80d12dc147c6f4d9452798d88f387cd1c778b,RMVOLE_NET_BENCH,RM_VECTOR_OPT,split-input-coeff-ot,vector,WAN100,tcp-loopback,bench,-1,1,OK,PASS,20,1048576,64,32,1,707.7639999999999,585.921,707.7639999999999,"max(P0,P1)_same_phase",1035.3680000000002,1060.9630000000002,1060.9630000000002,1445.4340000000002,1446.2630000000001,1446.2630000000001,1768.727,3188.566,0.0,0.0,0.0,186225,4436481,4622432,0.13775920867919922,4376896,245810,INCLUDING_BASE_OT,7808,1,1,3997696,3997696,3,tcp_two_process; p0_coeff_bit_ot_receiver; SPLIT_COEFF_OT; one_batched_Kos_chosen_message_OT; vector_fixed_prime_setup; local_expand; tcp_two_process; p1_coeff_bit_ot_sender; SPLIT_COEFF_OT; one_batched_Kos_chosen_message_OT; vector_fixed_prime_setup; local_expand,emulated TCP network
2026-07-26T08:08:43.595194+00:00,56a80d12dc147c6f4d9452798d88f387cd1c778b,RMVOLE_NET_BENCH,RM_VECTOR_OPT,split-input-coeff-ot,vector,WAN100,tcp-loopback,bench,0,0,OK,PASS,20,1048576,64,32,1,707.082,585.1460000000001,707.082,"max(P0,P1)_same_phase",1035.857,1065.69,1065.69,1445.0210000000002,1444.565,1445.0210000000002,1772.772,3187.96,0.0,0.0,0.0,186225,4436481,4622432,0.13775920867919922,4376896,245810,INCLUDING_BASE_OT,7808,1,1,3997696,3997696,3,tcp_two_process; p0_coeff_bit_ot_receiver; SPLIT_COEFF_OT; one_batched_Kos_chosen_message_OT; vector_fixed_prime_setup; local_expand; tcp_two_process; p1_coeff_bit_ot_sender; SPLIT_COEFF_OT; one_batched_Kos_chosen_message_OT; vector_fixed_prime_setup; local_expand,emulated TCP network
2026-07-26T08:08:48.354519+00:00,56a80d12dc147c6f4d9452798d88f387cd1c778b,RMVOLE_NET_BENCH,RM_VECTOR_OPT,split-input-coeff-ot,vector,WAN100,tcp-loopback,bench,1,0,OK,PASS,20,1048576,64,32,1,706.927,584.9590000000001,706.927,"max(P0,P1)_same_phase",1032.1419999999998,1065.384,1065.384,1448.732,1442.991,1448.732,1772.3110000000001,3187.802,0.0,0.0,0.0,186225,4436481,4622432,0.13775920867919922,4376896,245810,INCLUDING_BASE_OT,7808,1,1,3997696,3997696,3,tcp_two_process; p0_coeff_bit_ot_receiver; SPLIT_COEFF_OT; one_batched_Kos_chosen_message_OT; vector_fixed_prime_setup; local_expand; tcp_two_process; p1_coeff_bit_ot_sender; SPLIT_COEFF_OT; one_batched_Kos_chosen_message_OT; vector_fixed_prime_setup; local_expand,emulated TCP network
2026-07-26T08:08:53.113912+00:00,56a80d12dc147c6f4d9452798d88f387cd1c778b,RMVOLE_NET_BENCH,RM_VECTOR_OPT,split-input-coeff-ot,vector,WAN100,tcp-loopback,bench,2,0,OK,PASS,20,1048576,64,32,1,708.8689999999999,587.059,708.8689999999999,"max(P0,P1)_same_phase",1035.078,1059.388,1059.388,1446.574,1446.3010000000002,1446.574,1768.2569999999998,3190.52,0.0,0.0,0.0,186225,4436481,4622432,0.13775920867919922,4376896,245810,INCLUDING_BASE_OT,7808,1,1,3997696,3997696,3,tcp_two_process; p0_coeff_bit_ot_receiver; SPLIT_COEFF_OT; one_batched_Kos_chosen_message_OT; vector_fixed_prime_setup; local_expand; tcp_two_process; p1_coeff_bit_ot_sender; SPLIT_COEFF_OT; one_batched_Kos_chosen_message_OT; vector_fixed_prime_setup; local_expand,emulated TCP network
2026-07-26T08:08:57.873550+00:00,56a80d12dc147c6f4d9452798d88f387cd1c778b,RMVOLE_NET_BENCH,RM_VECTOR_OPT,split-input-coeff-ot,vector,WAN100,tcp-loopback,bench,3,0,OK,PASS,20,1048576,64,32,1,707.114,585.116,707.114,"max(P0,P1)_same_phase",1036.859,1067.0049999999999,1067.0049999999999,1467.305,1457.931,1467.305,1774.119,3211.2780000000002,0.0,0.0,0.0,186225,4436481,4622432,0.13775920867919922,4376896,245810,INCLUDING_BASE_OT,7808,1,1,3997696,3997696,3,tcp_two_process; p0_coeff_bit_ot_receiver; SPLIT_COEFF_OT; one_batched_Kos_chosen_message_OT; vector_fixed_prime_setup; local_expand; tcp_two_process; p1_coeff_bit_ot_sender; SPLIT_COEFF_OT; one_batched_Kos_chosen_message_OT; vector_fixed_prime_setup; local_expand,emulated TCP network
2026-07-26T08:09:02.633038+00:00,56a80d12dc147c6f4d9452798d88f387cd1c778b,RMVOLE_NET_BENCH,RM_VECTOR_OPT,split-input-coeff-ot,vector,WAN100,tcp-loopback,bench,4,0,OK,PASS,20,1048576,64,32,1,715.84,590.225,715.84,"max(P0,P1)_same_phase",1033.615,1063.428,1063.428,1452.1360000000002,1449.011,1452.1360000000002,1779.268,3201.591,0.0,0.0,0.0,186225,4436481,4622432,0.13775920867919922,4376896,245810,INCLUDING_BASE_OT,7808,1,1,3997696,3997696,3,tcp_two_process; p0_coeff_bit_ot_receiver; SPLIT_COEFF_OT; one_batched_Kos_chosen_message_OT; vector_fixed_prime_setup; local_expand; tcp_two_process; p1_coeff_bit_ot_sender; SPLIT_COEFF_OT; one_batched_Kos_chosen_message_OT; vector_fixed_prime_setup; local_expand,emulated TCP network
2026-07-26T08:09:15.102255+00:00,56a80d12dc147c6f4d9452798d88f387cd1c778b,SILENT_SVOLE_TCP,SILENT_SVOLE,,,WAN100,tcp-loopback,bench,-1,1,OK,PASS,20,1048576,64,32,1,12136.627,11891.679,0.0,,0.0,0.0,0.0,0.0,0.0,0.0,12136.627,12136.627,9452.201000000001,11064.902,0.0,130134928,423032,130557704,3.890922784805298,0,0,,0,0,0,0,0,0,"tcp_two_process; libOTe_SilentVole; semi_honest_128; MultType=ExConv7x24; BaseElem=u64; ExtElem=array<u64,M>; x=c; Z0=a; Z1=-b; tcp_two_process; libOTe_SilentVole; semi_honest_128; MultType=ExConv7x24; BaseElem=u64; ExtElem=array<u64,M>; x=c; Z0=a; Z1=-b",emulated TCP network
2026-07-26T08:09:27.471744+00:00,56a80d12dc147c6f4d9452798d88f387cd1c778b,SILENT_SVOLE_TCP,SILENT_SVOLE,,,WAN100,tcp-loopback,bench,0,0,OK,PASS,20,1048576,64,32,1,12065.276000000002,11818.564999999999,0.0,,0.0,0.0,0.0,0.0,0.0,0.0,12065.276,12065.276000000002,9397.893,10994.840999999999,0.0,130134928,423032,130557704,3.890922784805298,0,0,,0,0,0,0,0,0,"tcp_two_process; libOTe_SilentVole; semi_honest_128; MultType=ExConv7x24; BaseElem=u64; ExtElem=array<u64,M>; x=c; Z0=a; Z1=-b; tcp_two_process; libOTe_SilentVole; semi_honest_128; MultType=ExConv7x24; BaseElem=u64; ExtElem=array<u64,M>; x=c; Z0=a; Z1=-b",emulated TCP network
2026-07-26T08:09:39.641378+00:00,56a80d12dc147c6f4d9452798d88f387cd1c778b,SILENT_SVOLE_TCP,SILENT_SVOLE,,,WAN100,tcp-loopback,bench,1,0,OK,PASS,20,1048576,64,32,1,11832.303,11587.681,0.0,,0.0,0.0,0.0,0.0,0.0,0.0,11832.302,11832.303,9198.145,10761.418000000001,0.0,130134928,423032,130557704,3.890922784805298,0,0,,0,0,0,0,0,0,"tcp_two_process; libOTe_SilentVole; semi_honest_128; MultType=ExConv7x24; BaseElem=u64; ExtElem=array<u64,M>; x=c; Z0=a; Z1=-b; tcp_two_process; libOTe_SilentVole; semi_honest_128; MultType=ExConv7x24; BaseElem=u64; ExtElem=array<u64,M>; x=c; Z0=a; Z1=-b",emulated TCP network
2026-07-26T08:09:52.161386+00:00,56a80d12dc147c6f4d9452798d88f387cd1c778b,SILENT_SVOLE_TCP,SILENT_SVOLE,,,WAN100,tcp-loopback,bench,2,0,OK,PASS,20,1048576,64,32,1,12195.516,11974.451000000001,0.0,,0.0,0.0,0.0,0.0,0.0,0.0,12195.517,12195.516,9540.565,11124.689,0.0,130134928,423032,130557704,3.890922784805298,0,0,,0,0,0,0,0,0,"tcp_two_process; libOTe_SilentVole; semi_honest_128; MultType=ExConv7x24; BaseElem=u64; ExtElem=array<u64,M>; x=c; Z0=a; Z1=-b; tcp_two_process; libOTe_SilentVole; semi_honest_128; MultType=ExConv7x24; BaseElem=u64; ExtElem=array<u64,M>; x=c; Z0=a; Z1=-b",emulated TCP network
2026-07-26T08:10:04.580482+00:00,56a80d12dc147c6f4d9452798d88f387cd1c778b,SILENT_SVOLE_TCP,SILENT_SVOLE,,,WAN100,tcp-loopback,bench,3,0,OK,PASS,20,1048576,64,32,1,12095.264000000001,11812.215,0.0,,0.0,0.0,0.0,0.0,0.0,0.0,12095.264000000001,12095.264000000001,9362.99,11023.186000000002,0.0,130134928,423032,130557704,3.890922784805298,0,0,,0,0,0,0,0,0,"tcp_two_process; libOTe_SilentVole; semi_honest_128; MultType=ExConv7x24; BaseElem=u64; ExtElem=array<u64,M>; x=c; Z0=a; Z1=-b; tcp_two_process; libOTe_SilentVole; semi_honest_128; MultType=ExConv7x24; BaseElem=u64; ExtElem=array<u64,M>; x=c; Z0=a; Z1=-b",emulated TCP network
2026-07-26T08:10:17.150738+00:00,56a80d12dc147c6f4d9452798d88f387cd1c778b,SILENT_SVOLE_TCP,SILENT_SVOLE,,,WAN100,tcp-loopback,bench,4,0,OK,PASS,20,1048576,64,32,1,12262.275000000001,12127.800000000001,0.0,,0.0,0.0,0.0,0.0,0.0,0.0,12262.275,12262.275000000001,9581.481,11191.794,0.0,130134928,423032,130557704,3.890922784805298,0,0,,0,0,0,0,0,0,"tcp_two_process; libOTe_SilentVole; semi_honest_128; MultType=ExConv7x24; BaseElem=u64; ExtElem=array<u64,M>; x=c; Z0=a; Z1=-b; tcp_two_process; libOTe_SilentVole; semi_honest_128; MultType=ExConv7x24; BaseElem=u64; ExtElem=array<u64,M>; x=c; Z0=a; Z1=-b",emulated TCP network
2026-07-26T08:10:25.915408+00:00,56a80d12dc147c6f4d9452798d88f387cd1c778b,RMVOLE_NET_BENCH,RM_VECTOR_GENERIC_SPLIT,split-input-vole,vector,WAN100,tcp-loopback,bench,-1,1,OK,PASS,20,1048576,64,32,1,379.57099999999997,4756.515,4756.515,"max(P0,P1)_same_phase",1280.994,937.6949999999999,1280.994,1461.391,1447.551,1461.391,6037.509,7141.7609999999995,0.0,0.0,0.0,67170161,254193,67424080,2.0093941688537598,67178544,245810,,0,0,0,0,0,0,"tcp_two_process; p0_noisy_vole_receiver; real_libOTe_NoisyVole_split_input_length_2t; F=array<u64,M>; G=u64; vector_fixed_prime_setup; local_expand; tcp_two_process; p1_noisy_vole_sender; real_libOTe_NoisyVole_split_input_length_2t; F=array<u64,M>; G=u64; vector_fixed_prime_setup; local_expand",emulated TCP network
2026-07-26T08:10:34.580332+00:00,56a80d12dc147c6f4d9452798d88f387cd1c778b,RMVOLE_NET_BENCH,RM_VECTOR_GENERIC_SPLIT,split-input-vole,vector,WAN100,tcp-loopback,bench,0,0,OK,PASS,20,1048576,64,32,1,379.658,4659.934,4659.934,"max(P0,P1)_same_phase",1202.504,939.4559999999999,1202.504,1455.004,1441.106,1455.004,5862.438,7040.495,0.0,0.0,0.0,67170161,254193,67424080,2.0093941688537598,67178544,245810,,0,0,0,0,0,0,"tcp_two_process; p0_noisy_vole_receiver; real_libOTe_NoisyVole_split_input_length_2t; F=array<u64,M>; G=u64; vector_fixed_prime_setup; local_expand; tcp_two_process; p1_noisy_vole_sender; real_libOTe_NoisyVole_split_input_length_2t; F=array<u64,M>; G=u64; vector_fixed_prime_setup; local_expand",emulated TCP network
2026-07-26T08:10:43.645637+00:00,56a80d12dc147c6f4d9452798d88f387cd1c778b,RMVOLE_NET_BENCH,RM_VECTOR_GENERIC_SPLIT,split-input-vole,vector,WAN100,tcp-loopback,bench,1,0,OK,PASS,20,1048576,64,32,1,379.828,5067.822999999999,5067.822999999999,"max(P0,P1)_same_phase",1217.954,934.8689999999999,1217.954,1454.674,1456.958,1456.958,6285.776999999999,7459.65,0.0,0.0,0.0,67170161,254193,67424080,2.0093941688537598,67178544,245810,,0,0,0,0,0,0,"tcp_two_process; p0_noisy_vole_receiver; real_libOTe_NoisyVole_split_input_length_2t; F=array<u64,M>; G=u64; vector_fixed_prime_setup; local_expand; tcp_two_process; p1_noisy_vole_sender; real_libOTe_NoisyVole_split_input_length_2t; F=array<u64,M>; G=u64; vector_fixed_prime_setup; local_expand",emulated TCP network
2026-07-26T08:10:52.360780+00:00,56a80d12dc147c6f4d9452798d88f387cd1c778b,RMVOLE_NET_BENCH,RM_VECTOR_GENERIC_SPLIT,split-input-vole,vector,WAN100,tcp-loopback,bench,2,0,OK,PASS,20,1048576,64,32,1,380.172,4699.611,4699.611,"max(P0,P1)_same_phase",1276.031,927.649,1276.031,1454.016,1446.5520000000001,1454.016,5975.642,7073.812,0.0,0.0,0.0,67170161,254193,67424080,2.0093941688537598,67178544,245810,,0,0,0,0,0,0,"tcp_two_process; p0_noisy_vole_receiver; real_libOTe_NoisyVole_split_input_length_2t; F=array<u64,M>; G=u64; vector_fixed_prime_setup; local_expand; tcp_two_process; p1_noisy_vole_sender; real_libOTe_NoisyVole_split_input_length_2t; F=array<u64,M>; G=u64; vector_fixed_prime_setup; local_expand",emulated TCP network
2026-07-26T08:11:01.125738+00:00,56a80d12dc147c6f4d9452798d88f387cd1c778b,RMVOLE_NET_BENCH,RM_VECTOR_GENERIC_SPLIT,split-input-vole,vector,WAN100,tcp-loopback,bench,3,0,OK,PASS,20,1048576,64,32,1,379.534,4709.272999999999,4709.272999999999,"max(P0,P1)_same_phase",1181.637,931.487,1181.637,1460.98,1454.8980000000001,1460.98,5890.909999999999,7095.657,0.0,0.0,0.0,67170161,254193,67424080,2.0093941688537598,67178544,245810,,0,0,0,0,0,0,"tcp_two_process; p0_noisy_vole_receiver; real_libOTe_NoisyVole_split_input_length_2t; F=array<u64,M>; G=u64; vector_fixed_prime_setup; local_expand; tcp_two_process; p1_noisy_vole_sender; real_libOTe_NoisyVole_split_input_length_2t; F=array<u64,M>; G=u64; vector_fixed_prime_setup; local_expand",emulated TCP network
2026-07-26T08:11:09.840298+00:00,56a80d12dc147c6f4d9452798d88f387cd1c778b,RMVOLE_NET_BENCH,RM_VECTOR_GENERIC_SPLIT,split-input-vole,vector,WAN100,tcp-loopback,bench,4,0,OK,PASS,20,1048576,64,32,1,379.612,4694.858,4694.858,"max(P0,P1)_same_phase",1281.2079999999999,939.005,1281.2079999999999,1461.832,1448.218,1461.832,5976.066,7082.080999999999,0.0,0.0,0.0,67170161,254193,67424080,2.0093941688537598,67178544,245810,,0,0,0,0,0,0,"tcp_two_process; p0_noisy_vole_receiver; real_libOTe_NoisyVole_split_input_length_2t; F=array<u64,M>; G=u64; vector_fixed_prime_setup; local_expand; tcp_two_process; p1_noisy_vole_sender; real_libOTe_NoisyVole_split_input_length_2t; F=array<u64,M>; G=u64; vector_fixed_prime_setup; local_expand",emulated TCP network
2026-07-26T08:11:22.091983+00:00,56a80d12dc147c6f4d9452798d88f387cd1c778b,RMVOLE_NET_BENCH,RM_VECTOR_OPT,split-input-coeff-ot,vector,WAN10,tcp-loopback,bench,-1,1,OK,PASS,14,16384,64,8,1,1257.019,315.61499999999995,1257.019,"max(P0,P1)_same_phase",288.923,1205.219,1205.219,3.231,3.019,3.231,2462.2380000000003,1549.172,0.0,0.0,0.0,159921,1315329,1475168,11.254638671875,1378624,96626,INCLUDING_BASE_OT,7808,1,1,999424,999424,3,tcp_two_process; p0_coeff_bit_ot_receiver; SPLIT_COEFF_OT; one_batched_Kos_chosen_message_OT; vector_fixed_prime_setup; local_expand; tcp_two_process; p1_coeff_bit_ot_sender; SPLIT_COEFF_OT; one_batched_Kos_chosen_message_OT; vector_fixed_prime_setup; local_expand,emulated TCP network
2026-07-26T08:11:23.997177+00:00,56a80d12dc147c6f4d9452798d88f387cd1c778b,RMVOLE_NET_BENCH,RM_VECTOR_OPT,split-input-coeff-ot,vector,WAN10,tcp-loopback,bench,0,0,OK,PASS,14,16384,64,8,1,1256.75,315.45,1256.75,"max(P0,P1)_same_phase",288.49399999999997,1204.636,1204.636,3.2169999999999996,3.043,3.2169999999999996,2461.386,1548.462,0.0,0.0,0.0,159921,1315329,1475168,11.254638671875,1378624,96626,INCLUDING_BASE_OT,7808,1,1,999424,999424,3,tcp_two_process; p0_coeff_bit_ot_receiver; SPLIT_COEFF_OT; one_batched_Kos_chosen_message_OT; vector_fixed_prime_setup; local_expand; tcp_two_process; p1_coeff_bit_ot_sender; SPLIT_COEFF_OT; one_batched_Kos_chosen_message_OT; vector_fixed_prime_setup; local_expand,emulated TCP network
2026-07-26T08:11:25.902534+00:00,56a80d12dc147c6f4d9452798d88f387cd1c778b,RMVOLE_NET_BENCH,RM_VECTOR_OPT,split-input-coeff-ot,vector,WAN10,tcp-loopback,bench,1,0,OK,PASS,14,16384,64,8,1,1257.2179999999998,315.48199999999997,1257.2179999999998,"max(P0,P1)_same_phase",288.174,1204.777,1204.777,3.23,3.042,3.23,2461.995,1548.6219999999998,0.0,0.0,0.0,159921,1315329,1475168,11.254638671875,1378624,96626,INCLUDING_BASE_OT,7808,1,1,999424,999424,3,tcp_two_process; p0_coeff_bit_ot_receiver; SPLIT_COEFF_OT; one_batched_Kos_chosen_message_OT; vector_fixed_prime_setup; local_expand; tcp_two_process; p1_coeff_bit_ot_sender; SPLIT_COEFF_OT; one_batched_Kos_chosen_message_OT; vector_fixed_prime_setup; local_expand,emulated TCP network
2026-07-26T08:11:27.807902+00:00,56a80d12dc147c6f4d9452798d88f387cd1c778b,RMVOLE_NET_BENCH,RM_VECTOR_OPT,split-input-coeff-ot,vector,WAN10,tcp-loopback,bench,2,0,OK,PASS,14,16384,64,8,1,1261.365,315.937,1261.365,"max(P0,P1)_same_phase",288.203,1208.4859999999999,1208.4859999999999,3.234,3.0469999999999997,3.234,2469.8509999999997,1552.802,0.0,0.0,0.0,159921,1315329,1475168,11.254638671875,1378624,96626,INCLUDING_BASE_OT,7808,1,1,999424,999424,3,tcp_two_process; p0_coeff_bit_ot_receiver; SPLIT_COEFF_OT; one_batched_Kos_chosen_message_OT; vector_fixed_prime_setup; local_expand; tcp_two_process; p1_coeff_bit_ot_sender; SPLIT_COEFF_OT; one_batched_Kos_chosen_message_OT; vector_fixed_prime_setup; local_expand,emulated TCP network
2026-07-26T08:11:29.713330+00:00,56a80d12dc147c6f4d9452798d88f387cd1c778b,RMVOLE_NET_BENCH,RM_VECTOR_OPT,split-input-coeff-ot,vector,WAN10,tcp-loopback,bench,3,0,OK,PASS,14,16384,64,8,1,1257.662,316.472,1257.662,"max(P0,P1)_same_phase",288.351,1204.31,1204.31,3.2880000000000003,3.068,3.2880000000000003,2461.9719999999998,1549.301,0.0,0.0,0.0,159921,1315329,1475168,11.254638671875,1378624,96626,INCLUDING_BASE_OT,7808,1,1,999424,999424,3,tcp_two_process; p0_coeff_bit_ot_receiver; SPLIT_COEFF_OT; one_batched_Kos_chosen_message_OT; vector_fixed_prime_setup; local_expand; tcp_two_process; p1_coeff_bit_ot_sender; SPLIT_COEFF_OT; one_batched_Kos_chosen_message_OT; vector_fixed_prime_setup; local_expand,emulated TCP network
2026-07-26T08:11:31.718859+00:00,56a80d12dc147c6f4d9452798d88f387cd1c778b,RMVOLE_NET_BENCH,RM_VECTOR_OPT,split-input-coeff-ot,vector,WAN10,tcp-loopback,bench,4,0,OK,PASS,14,16384,64,8,1,1393.565,328.558,1393.565,"max(P0,P1)_same_phase",288.288,1328.162,1328.162,3.225,3.045,3.225,2721.727,1685.078,0.0,0.0,0.0,159921,1315329,1475168,11.254638671875,1378624,96626,INCLUDING_BASE_OT,7808,1,1,999424,999424,3,tcp_two_process; p0_coeff_bit_ot_receiver; SPLIT_COEFF_OT; one_batched_Kos_chosen_message_OT; vector_fixed_prime_setup; local_expand; tcp_two_process; p1_coeff_bit_ot_sender; SPLIT_COEFF_OT; one_batched_Kos_chosen_message_OT; vector_fixed_prime_setup; local_expand,emulated TCP network
2026-07-26T08:11:38.330509+00:00,56a80d12dc147c6f4d9452798d88f387cd1c778b,SILENT_SVOLE_TCP,SILENT_SVOLE,,,WAN10,tcp-loopback,bench,-1,1,OK,PASS,14,16384,64,8,1,6333.004,6077.317,0.0,,0.0,0.0,0.0,0.0,0.0,0.0,6333.004,6333.004,6068.25,5978.789,0.0,8190160,135800,8325896,63.52154541015625,0,0,,0,0,0,0,0,0,"tcp_two_process; libOTe_SilentVole; semi_honest_128; MultType=ExConv7x24; BaseElem=u64; ExtElem=array<u64,M>; x=c; Z0=a; Z1=-b; tcp_two_process; libOTe_SilentVole; semi_honest_128; MultType=ExConv7x24; BaseElem=u64; ExtElem=array<u64,M>; x=c; Z0=a; Z1=-b",emulated TCP network
2026-07-26T08:11:44.792242+00:00,56a80d12dc147c6f4d9452798d88f387cd1c778b,SILENT_SVOLE_TCP,SILENT_SVOLE,,,WAN10,tcp-loopback,bench,0,0,OK,PASS,14,16384,64,8,1,6192.393,5964.5,0.0,,0.0,0.0,0.0,0.0,0.0,0.0,6192.394,6192.393,5955.6849999999995,5837.841,0.0,8190160,135800,8325896,63.52154541015625,0,0,,0,0,0,0,0,0,"tcp_two_process; libOTe_SilentVole; semi_honest_128; MultType=ExConv7x24; BaseElem=u64; ExtElem=array<u64,M>; x=c; Z0=a; Z1=-b; tcp_two_process; libOTe_SilentVole; semi_honest_128; MultType=ExConv7x24; BaseElem=u64; ExtElem=array<u64,M>; x=c; Z0=a; Z1=-b",emulated TCP network
2026-07-26T08:11:51.253412+00:00,56a80d12dc147c6f4d9452798d88f387cd1c778b,SILENT_SVOLE_TCP,SILENT_SVOLE,,,WAN10,tcp-loopback,bench,1,0,OK,PASS,14,16384,64,8,1,6193.042,5966.65,0.0,,0.0,0.0,0.0,0.0,0.0,0.0,6193.0419999999995,6193.042,5957.7390000000005,5838.302,0.0,8190160,135800,8325896,63.52154541015625,0,0,,0,0,0,0,0,0,"tcp_two_process; libOTe_SilentVole; semi_honest_128; MultType=ExConv7x24; BaseElem=u64; ExtElem=array<u64,M>; x=c; Z0=a; Z1=-b; tcp_two_process; libOTe_SilentVole; semi_honest_128; MultType=ExConv7x24; BaseElem=u64; ExtElem=array<u64,M>; x=c; Z0=a; Z1=-b",emulated TCP network
2026-07-26T08:11:57.714633+00:00,56a80d12dc147c6f4d9452798d88f387cd1c778b,SILENT_SVOLE_TCP,SILENT_SVOLE,,,WAN10,tcp-loopback,bench,2,0,OK,PASS,14,16384,64,8,1,6190.722,5961.719999999999,0.0,,0.0,0.0,0.0,0.0,0.0,0.0,6190.721,6190.722,5952.924,5836.138,0.0,8190160,135800,8325896,63.52154541015625,0,0,,0,0,0,0,0,0,"tcp_two_process; libOTe_SilentVole; semi_honest_128; MultType=ExConv7x24; BaseElem=u64; ExtElem=array<u64,M>; x=c; Z0=a; Z1=-b; tcp_two_process; libOTe_SilentVole; semi_honest_128; MultType=ExConv7x24; BaseElem=u64; ExtElem=array<u64,M>; x=c; Z0=a; Z1=-b",emulated TCP network
2026-07-26T08:12:04.175539+00:00,56a80d12dc147c6f4d9452798d88f387cd1c778b,SILENT_SVOLE_TCP,SILENT_SVOLE,,,WAN10,tcp-loopback,bench,3,0,OK,PASS,14,16384,64,8,1,6192.068,5964.223,0.0,,0.0,0.0,0.0,0.0,0.0,0.0,6192.068,6192.068,5955.366,5836.65,0.0,8190160,135800,8325896,63.52154541015625,0,0,,0,0,0,0,0,0,"tcp_two_process; libOTe_SilentVole; semi_honest_128; MultType=ExConv7x24; BaseElem=u64; ExtElem=array<u64,M>; x=c; Z0=a; Z1=-b; tcp_two_process; libOTe_SilentVole; semi_honest_128; MultType=ExConv7x24; BaseElem=u64; ExtElem=array<u64,M>; x=c; Z0=a; Z1=-b",emulated TCP network
2026-07-26T08:12:10.686822+00:00,56a80d12dc147c6f4d9452798d88f387cd1c778b,SILENT_SVOLE_TCP,SILENT_SVOLE,,,WAN10,tcp-loopback,bench,4,0,OK,PASS,14,16384,64,8,1,6242.618,5977.938,0.0,,0.0,0.0,0.0,0.0,0.0,0.0,6242.618,6242.618,5968.902,5888.103,0.0,8190160,135800,8325896,63.52154541015625,0,0,,0,0,0,0,0,0,"tcp_two_process; libOTe_SilentVole; semi_honest_128; MultType=ExConv7x24; BaseElem=u64; ExtElem=array<u64,M>; x=c; Z0=a; Z1=-b; tcp_two_process; libOTe_SilentVole; semi_honest_128; MultType=ExConv7x24; BaseElem=u64; ExtElem=array<u64,M>; x=c; Z0=a; Z1=-b",emulated TCP network
2026-07-26T08:12:14.594821+00:00,56a80d12dc147c6f4d9452798d88f387cd1c778b,RMVOLE_NET_BENCH,RM_VECTOR_GENERIC_SPLIT,split-input-vole,vector,WAN10,tcp-loopback,bench,-1,1,OK,PASS,14,16384,64,8,1,137.004,3185.6,3185.6,"max(P0,P1)_same_phase",2123.231,318.46200000000005,2123.231,3.312,3.117,3.312,5308.831,3507.1789999999996,0.0,0.0,0.0,4229297,79089,4308304,32.8697509765625,4211760,96626,,0,0,0,0,0,0,"tcp_two_process; p0_noisy_vole_receiver; real_libOTe_NoisyVole_split_input_length_2t; F=array<u64,M>; G=u64; vector_fixed_prime_setup; local_expand; tcp_two_process; p1_noisy_vole_sender; real_libOTe_NoisyVole_split_input_length_2t; F=array<u64,M>; G=u64; vector_fixed_prime_setup; local_expand",emulated TCP network
2026-07-26T08:12:18.452755+00:00,56a80d12dc147c6f4d9452798d88f387cd1c778b,RMVOLE_NET_BENCH,RM_VECTOR_GENERIC_SPLIT,split-input-vole,vector,WAN10,tcp-loopback,bench,0,0,OK,PASS,14,16384,64,8,1,137.15099999999998,3186.083,3186.083,"max(P0,P1)_same_phase",2105.615,290.912,2105.615,3.292,3.029,3.292,5291.698,3480.024,0.0,0.0,0.0,4229297,79089,4308304,32.8697509765625,4211760,96626,,0,0,0,0,0,0,"tcp_two_process; p0_noisy_vole_receiver; real_libOTe_NoisyVole_split_input_length_2t; F=array<u64,M>; G=u64; vector_fixed_prime_setup; local_expand; tcp_two_process; p1_noisy_vole_sender; real_libOTe_NoisyVole_split_input_length_2t; F=array<u64,M>; G=u64; vector_fixed_prime_setup; local_expand",emulated TCP network
2026-07-26T08:12:22.460873+00:00,56a80d12dc147c6f4d9452798d88f387cd1c778b,RMVOLE_NET_BENCH,RM_VECTOR_GENERIC_SPLIT,split-input-vole,vector,WAN10,tcp-loopback,bench,1,0,OK,PASS,14,16384,64,8,1,137.399,3267.854,3267.854,"max(P0,P1)_same_phase",2234.422,375.504,2234.422,3.368,3.1029999999999998,3.368,5502.276,3646.46,0.0,0.0,0.0,4229297,79089,4308304,32.8697509765625,4211760,96626,,0,0,0,0,0,0,"tcp_two_process; p0_noisy_vole_receiver; real_libOTe_NoisyVole_split_input_length_2t; F=array<u64,M>; G=u64; vector_fixed_prime_setup; local_expand; tcp_two_process; p1_noisy_vole_sender; real_libOTe_NoisyVole_split_input_length_2t; F=array<u64,M>; G=u64; vector_fixed_prime_setup; local_expand",emulated TCP network
2026-07-26T08:12:26.268496+00:00,56a80d12dc147c6f4d9452798d88f387cd1c778b,RMVOLE_NET_BENCH,RM_VECTOR_GENERIC_SPLIT,split-input-vole,vector,WAN10,tcp-loopback,bench,2,0,OK,PASS,14,16384,64,8,1,137.25699999999998,3130.051,3130.051,"max(P0,P1)_same_phase",2044.895,285.253,2044.895,3.306,3.025,3.306,5174.946,3418.3289999999997,0.0,0.0,0.0,4229297,79089,4308304,32.8697509765625,4211760,96626,,0,0,0,0,0,0,"tcp_two_process; p0_noisy_vole_receiver; real_libOTe_NoisyVole_split_input_length_2t; F=array<u64,M>; G=u64; vector_fixed_prime_setup; local_expand; tcp_two_process; p1_noisy_vole_sender; real_libOTe_NoisyVole_split_input_length_2t; F=array<u64,M>; G=u64; vector_fixed_prime_setup; local_expand",emulated TCP network
2026-07-26T08:12:30.126405+00:00,56a80d12dc147c6f4d9452798d88f387cd1c778b,RMVOLE_NET_BENCH,RM_VECTOR_GENERIC_SPLIT,split-input-vole,vector,WAN10,tcp-loopback,bench,3,0,OK,PASS,14,16384,64,8,1,137.20499999999998,3182.71,3182.71,"max(P0,P1)_same_phase",2101.8289999999997,309.70300000000003,2101.8289999999997,3.373,3.0660000000000003,3.373,5284.539,3495.479,0.0,0.0,0.0,4229297,79089,4308304,32.8697509765625,4211760,96626,,0,0,0,0,0,0,"tcp_two_process; p0_noisy_vole_receiver; real_libOTe_NoisyVole_split_input_length_2t; F=array<u64,M>; G=u64; vector_fixed_prime_setup; local_expand; tcp_two_process; p1_noisy_vole_sender; real_libOTe_NoisyVole_split_input_length_2t; F=array<u64,M>; G=u64; vector_fixed_prime_setup; local_expand",emulated TCP network
2026-07-26T08:12:33.984487+00:00,56a80d12dc147c6f4d9452798d88f387cd1c778b,RMVOLE_NET_BENCH,RM_VECTOR_GENERIC_SPLIT,split-input-vole,vector,WAN10,tcp-loopback,bench,4,0,OK,PASS,14,16384,64,8,1,137.185,3182.642,3182.642,"max(P0,P1)_same_phase",2064.07,285.266,2064.07,3.311,3.0460000000000003,3.311,5246.7119999999995,3470.9539999999997,0.0,0.0,0.0,4229297,79089,4308304,32.8697509765625,4211760,96626,,0,0,0,0,0,0,"tcp_two_process; p0_noisy_vole_receiver; real_libOTe_NoisyVole_split_input_length_2t; F=array<u64,M>; G=u64; vector_fixed_prime_setup; local_expand; tcp_two_process; p1_noisy_vole_sender; real_libOTe_NoisyVole_split_input_length_2t; F=array<u64,M>; G=u64; vector_fixed_prime_setup; local_expand",emulated TCP network
2026-07-26T08:12:36.590731+00:00,56a80d12dc147c6f4d9452798d88f387cd1c778b,RMVOLE_NET_BENCH,RM_VECTOR_OPT,split-input-coeff-ot,vector,WAN10,tcp-loopback,bench,-1,1,OK,PASS,14,16384,64,16,1,1925.729,317.334,1925.729,"max(P0,P1)_same_phase",318.247,1886.137,1886.137,6.221,5.984,6.221,3811.866,2250.197,0.0,0.0,0.0,159985,2347521,2507360,9.5648193359375,2378048,129458,INCLUDING_BASE_OT,7808,1,1,1998848,1998848,3,tcp_two_process; p0_coeff_bit_ot_receiver; SPLIT_COEFF_OT; one_batched_Kos_chosen_message_OT; vector_fixed_prime_setup; local_expand; tcp_two_process; p1_coeff_bit_ot_sender; SPLIT_COEFF_OT; one_batched_Kos_chosen_message_OT; vector_fixed_prime_setup; local_expand,emulated TCP network
2026-07-26T08:12:39.197100+00:00,56a80d12dc147c6f4d9452798d88f387cd1c778b,RMVOLE_NET_BENCH,RM_VECTOR_OPT,split-input-coeff-ot,vector,WAN10,tcp-loopback,bench,0,0,OK,PASS,14,16384,64,16,1,1925.8200000000002,317.479,1925.8200000000002,"max(P0,P1)_same_phase",317.77,1885.753,1885.753,6.193,5.916,6.193,3811.5730000000003,2249.783,0.0,0.0,0.0,159985,2347521,2507360,9.5648193359375,2378048,129458,INCLUDING_BASE_OT,7808,1,1,1998848,1998848,3,tcp_two_process; p0_coeff_bit_ot_receiver; SPLIT_COEFF_OT; one_batched_Kos_chosen_message_OT; vector_fixed_prime_setup; local_expand; tcp_two_process; p1_coeff_bit_ot_sender; SPLIT_COEFF_OT; one_batched_Kos_chosen_message_OT; vector_fixed_prime_setup; local_expand,emulated TCP network
2026-07-26T08:12:41.803388+00:00,56a80d12dc147c6f4d9452798d88f387cd1c778b,RMVOLE_NET_BENCH,RM_VECTOR_OPT,split-input-coeff-ot,vector,WAN10,tcp-loopback,bench,1,0,OK,PASS,14,16384,64,16,1,1925.718,317.39099999999996,1925.718,"max(P0,P1)_same_phase",317.954,1885.827,1885.827,6.175,5.969,6.175,3811.545,2249.8469999999998,0.0,0.0,0.0,159985,2347521,2507360,9.5648193359375,2378048,129458,INCLUDING_BASE_OT,7808,1,1,1998848,1998848,3,tcp_two_process; p0_coeff_bit_ot_receiver; SPLIT_COEFF_OT; one_batched_Kos_chosen_message_OT; vector_fixed_prime_setup; local_expand; tcp_two_process; p1_coeff_bit_ot_sender; SPLIT_COEFF_OT; one_batched_Kos_chosen_message_OT; vector_fixed_prime_setup; local_expand,emulated TCP network
2026-07-26T08:12:44.409560+00:00,56a80d12dc147c6f4d9452798d88f387cd1c778b,RMVOLE_NET_BENCH,RM_VECTOR_OPT,split-input-coeff-ot,vector,WAN10,tcp-loopback,bench,2,0,OK,PASS,14,16384,64,16,1,1925.755,317.22299999999996,1925.755,"max(P0,P1)_same_phase",317.72299999999996,1885.941,1885.941,6.1850000000000005,5.953,6.1850000000000005,3811.696,2249.663,0.0,0.0,0.0,159985,2347521,2507360,9.5648193359375,2378048,129458,INCLUDING_BASE_OT,7808,1,1,1998848,1998848,3,tcp_two_process; p0_coeff_bit_ot_receiver; SPLIT_COEFF_OT; one_batched_Kos_chosen_message_OT; vector_fixed_prime_setup; local_expand; tcp_two_process; p1_coeff_bit_ot_sender; SPLIT_COEFF_OT; one_batched_Kos_chosen_message_OT; vector_fixed_prime_setup; local_expand,emulated TCP network
2026-07-26T08:12:47.115883+00:00,56a80d12dc147c6f4d9452798d88f387cd1c778b,RMVOLE_NET_BENCH,RM_VECTOR_OPT,split-input-coeff-ot,vector,WAN10,tcp-loopback,bench,3,0,OK,PASS,14,16384,64,16,1,2018.24,317.464,2018.24,"max(P0,P1)_same_phase",317.974,1978.3310000000001,1978.3310000000001,6.289999999999999,5.989000000000001,6.289999999999999,3996.571,2342.504,0.0,0.0,0.0,159985,2347521,2507360,9.5648193359375,2378048,129458,INCLUDING_BASE_OT,7808,1,1,1998848,1998848,3,tcp_two_process; p0_coeff_bit_ot_receiver; SPLIT_COEFF_OT; one_batched_Kos_chosen_message_OT; vector_fixed_prime_setup; local_expand; tcp_two_process; p1_coeff_bit_ot_sender; SPLIT_COEFF_OT; one_batched_Kos_chosen_message_OT; vector_fixed_prime_setup; local_expand,emulated TCP network
2026-07-26T08:12:49.722098+00:00,56a80d12dc147c6f4d9452798d88f387cd1c778b,RMVOLE_NET_BENCH,RM_VECTOR_OPT,split-input-coeff-ot,vector,WAN10,tcp-loopback,bench,4,0,OK,PASS,14,16384,64,16,1,1925.866,317.882,1925.866,"max(P0,P1)_same_phase",317.867,1885.444,1885.444,6.223,5.959,6.223,3811.31,2249.955,0.0,0.0,0.0,159985,2347521,2507360,9.5648193359375,2378048,129458,INCLUDING_BASE_OT,7808,1,1,1998848,1998848,3,tcp_two_process; p0_coeff_bit_ot_receiver; SPLIT_COEFF_OT; one_batched_Kos_chosen_message_OT; vector_fixed_prime_setup; local_expand; tcp_two_process; p1_coeff_bit_ot_sender; SPLIT_COEFF_OT; one_batched_Kos_chosen_message_OT; vector_fixed_prime_setup; local_expand,emulated TCP network
2026-07-26T08:13:12.855656+00:00,56a80d12dc147c6f4d9452798d88f387cd1c778b,SILENT_SVOLE_TCP,SILENT_SVOLE,,,WAN10,tcp-loopback,bench,-1,1,OK,PASS,14,16384,64,16,1,22820.117,22490.45,0.0,,0.0,0.0,0.0,0.0,0.0,0.0,22820.117,22820.117,22474.152000000002,22300.452,0.0,32569616,215672,32785160,125.06546020507812,0,0,,0,0,0,0,0,0,"tcp_two_process; libOTe_SilentVole; semi_honest_128; MultType=ExConv7x24; BaseElem=u64; ExtElem=array<u64,M>; x=c; Z0=a; Z1=-b; tcp_two_process; libOTe_SilentVole; semi_honest_128; MultType=ExConv7x24; BaseElem=u64; ExtElem=array<u64,M>; x=c; Z0=a; Z1=-b",emulated TCP network
2026-07-26T08:13:36.089132+00:00,56a80d12dc147c6f4d9452798d88f387cd1c778b,SILENT_SVOLE_TCP,SILENT_SVOLE,,,WAN10,tcp-loopback,bench,0,0,OK,PASS,14,16384,64,16,1,22927.654,22642.992,0.0,,0.0,0.0,0.0,0.0,0.0,0.0,22927.654,22927.654,22626.832,22414.235999999997,0.0,32569616,215672,32785160,125.06546020507812,0,0,,0,0,0,0,0,0,"tcp_two_process; libOTe_SilentVole; semi_honest_128; MultType=ExConv7x24; BaseElem=u64; ExtElem=array<u64,M>; x=c; Z0=a; Z1=-b; tcp_two_process; libOTe_SilentVole; semi_honest_128; MultType=ExConv7x24; BaseElem=u64; ExtElem=array<u64,M>; x=c; Z0=a; Z1=-b",emulated TCP network
2026-07-26T08:13:59.172156+00:00,56a80d12dc147c6f4d9452798d88f387cd1c778b,SILENT_SVOLE_TCP,SILENT_SVOLE,,,WAN10,tcp-loopback,bench,1,0,OK,PASS,14,16384,64,16,1,22778.210000000003,22493.244000000002,0.0,,0.0,0.0,0.0,0.0,0.0,0.0,22778.209,22778.210000000003,22477.029000000002,22258.496,0.0,32569616,215672,32785160,125.06546020507812,0,0,,0,0,0,0,0,0,"tcp_two_process; libOTe_SilentVole; semi_honest_128; MultType=ExConv7x24; BaseElem=u64; ExtElem=array<u64,M>; x=c; Z0=a; Z1=-b; tcp_two_process; libOTe_SilentVole; semi_honest_128; MultType=ExConv7x24; BaseElem=u64; ExtElem=array<u64,M>; x=c; Z0=a; Z1=-b",emulated TCP network
2026-07-26T08:14:22.405920+00:00,56a80d12dc147c6f4d9452798d88f387cd1c778b,SILENT_SVOLE_TCP,SILENT_SVOLE,,,WAN10,tcp-loopback,bench,2,0,OK,PASS,14,16384,64,16,1,22905.625,22619.828999999998,0.0,,0.0,0.0,0.0,0.0,0.0,0.0,22905.625,22905.625,22603.457,22392.34,0.0,32569616,215672,32785160,125.06546020507812,0,0,,0,0,0,0,0,0,"tcp_two_process; libOTe_SilentVole; semi_honest_128; MultType=ExConv7x24; BaseElem=u64; ExtElem=array<u64,M>; x=c; Z0=a; Z1=-b; tcp_two_process; libOTe_SilentVole; semi_honest_128; MultType=ExConv7x24; BaseElem=u64; ExtElem=array<u64,M>; x=c; Z0=a; Z1=-b",emulated TCP network
2026-07-26T08:14:45.639773+00:00,56a80d12dc147c6f4d9452798d88f387cd1c778b,SILENT_SVOLE_TCP,SILENT_SVOLE,,,WAN10,tcp-loopback,bench,3,0,OK,PASS,14,16384,64,16,1,22927.485,22467.925,0.0,,0.0,0.0,0.0,0.0,0.0,0.0,22927.484,22927.485,22451.684,22414.88,0.0,32569616,215672,32785160,125.06546020507812,0,0,,0,0,0,0,0,0,"tcp_two_process; libOTe_SilentVole; semi_honest_128; MultType=ExConv7x24; BaseElem=u64; ExtElem=array<u64,M>; x=c; Z0=a; Z1=-b; tcp_two_process; libOTe_SilentVole; semi_honest_128; MultType=ExConv7x24; BaseElem=u64; ExtElem=array<u64,M>; x=c; Z0=a; Z1=-b",emulated TCP network
2026-07-26T08:15:09.073632+00:00,56a80d12dc147c6f4d9452798d88f387cd1c778b,SILENT_SVOLE_TCP,SILENT_SVOLE,,,WAN10,tcp-loopback,bench,4,0,OK,PASS,14,16384,64,16,1,23128.479,22825.147999999997,0.0,,0.0,0.0,0.0,0.0,0.0,0.0,23128.479,23128.479,22808.976000000002,22614.835,0.0,32569616,215672,32785160,125.06546020507812,0,0,,0,0,0,0,0,0,"tcp_two_process; libOTe_SilentVole; semi_honest_128; MultType=ExConv7x24; BaseElem=u64; ExtElem=array<u64,M>; x=c; Z0=a; Z1=-b; tcp_two_process; libOTe_SilentVole; semi_honest_128; MultType=ExConv7x24; BaseElem=u64; ExtElem=array<u64,M>; x=c; Z0=a; Z1=-b",emulated TCP network
2026-07-26T08:15:21.493131+00:00,56a80d12dc147c6f4d9452798d88f387cd1c778b,RMVOLE_NET_BENCH,RM_VECTOR_GENERIC_SPLIT,split-input-vole,vector,WAN10,tcp-loopback,bench,-1,1,OK,PASS,14,16384,64,16,1,224.903,11782.503999999999,11782.503999999999,"max(P0,P1)_same_phase",2007.6719999999998,241.356,2007.6719999999998,6.316999999999999,6.113,6.316999999999999,13790.176,12029.974,0.0,0.0,0.0,16812273,129265,16941392,64.62628173828125,16812080,129458,,0,0,0,0,0,0,"tcp_two_process; p0_noisy_vole_receiver; real_libOTe_NoisyVole_split_input_length_2t; F=array<u64,M>; G=u64; vector_fixed_prime_setup; local_expand; tcp_two_process; p1_noisy_vole_sender; real_libOTe_NoisyVole_split_input_length_2t; F=array<u64,M>; G=u64; vector_fixed_prime_setup; local_expand",emulated TCP network
2026-07-26T08:15:33.862268+00:00,56a80d12dc147c6f4d9452798d88f387cd1c778b,RMVOLE_NET_BENCH,RM_VECTOR_GENERIC_SPLIT,split-input-vole,vector,WAN10,tcp-loopback,bench,0,0,OK,PASS,14,16384,64,16,1,224.443,11687.453,11687.453,"max(P0,P1)_same_phase",2048.8970000000004,262.731,2048.8970000000004,6.283,5.976999999999999,6.283,13736.35,11956.162,0.0,0.0,0.0,16812273,129265,16941392,64.62628173828125,16812080,129458,,0,0,0,0,0,0,"tcp_two_process; p0_noisy_vole_receiver; real_libOTe_NoisyVole_split_input_length_2t; F=array<u64,M>; G=u64; vector_fixed_prime_setup; local_expand; tcp_two_process; p1_noisy_vole_sender; real_libOTe_NoisyVole_split_input_length_2t; F=array<u64,M>; G=u64; vector_fixed_prime_setup; local_expand",emulated TCP network
2026-07-26T08:15:46.230815+00:00,56a80d12dc147c6f4d9452798d88f387cd1c778b,RMVOLE_NET_BENCH,RM_VECTOR_GENERIC_SPLIT,split-input-vole,vector,WAN10,tcp-loopback,bench,1,0,OK,PASS,14,16384,64,16,1,225.048,11688.492,11688.492,"max(P0,P1)_same_phase",2003.5280000000002,261.60299999999995,2003.5280000000002,6.252,5.999,6.252,13692.02,11956.094000000001,0.0,0.0,0.0,16812273,129265,16941392,64.62628173828125,16812080,129458,,0,0,0,0,0,0,"tcp_two_process; p0_noisy_vole_receiver; real_libOTe_NoisyVole_split_input_length_2t; F=array<u64,M>; G=u64; vector_fixed_prime_setup; local_expand; tcp_two_process; p1_noisy_vole_sender; real_libOTe_NoisyVole_split_input_length_2t; F=array<u64,M>; G=u64; vector_fixed_prime_setup; local_expand",emulated TCP network
2026-07-26T08:15:58.749462+00:00,56a80d12dc147c6f4d9452798d88f387cd1c778b,RMVOLE_NET_BENCH,RM_VECTOR_GENERIC_SPLIT,split-input-vole,vector,WAN10,tcp-loopback,bench,2,0,OK,PASS,14,16384,64,16,1,224.629,11766.887999999999,11766.887999999999,"max(P0,P1)_same_phase",2420.938,374.485,2420.938,6.261,6.096,6.261,14187.826,12147.468,0.0,0.0,0.0,16812273,129265,16941392,64.62628173828125,16812080,129458,,0,0,0,0,0,0,"tcp_two_process; p0_noisy_vole_receiver; real_libOTe_NoisyVole_split_input_length_2t; F=array<u64,M>; G=u64; vector_fixed_prime_setup; local_expand; tcp_two_process; p1_noisy_vole_sender; real_libOTe_NoisyVole_split_input_length_2t; F=array<u64,M>; G=u64; vector_fixed_prime_setup; local_expand",emulated TCP network
2026-07-26T08:16:11.268975+00:00,56a80d12dc147c6f4d9452798d88f387cd1c778b,RMVOLE_NET_BENCH,RM_VECTOR_GENERIC_SPLIT,split-input-vole,vector,WAN10,tcp-loopback,bench,3,0,OK,PASS,14,16384,64,16,1,225.303,11823.579,11823.579,"max(P0,P1)_same_phase",2180.2670000000003,306.786,2180.2670000000003,6.307,5.995,6.307,14003.846,12136.36,0.0,0.0,0.0,16812273,129265,16941392,64.62628173828125,16812080,129458,,0,0,0,0,0,0,"tcp_two_process; p0_noisy_vole_receiver; real_libOTe_NoisyVole_split_input_length_2t; F=array<u64,M>; G=u64; vector_fixed_prime_setup; local_expand; tcp_two_process; p1_noisy_vole_sender; real_libOTe_NoisyVole_split_input_length_2t; F=array<u64,M>; G=u64; vector_fixed_prime_setup; local_expand",emulated TCP network
2026-07-26T08:16:23.638198+00:00,56a80d12dc147c6f4d9452798d88f387cd1c778b,RMVOLE_NET_BENCH,RM_VECTOR_GENERIC_SPLIT,split-input-vole,vector,WAN10,tcp-loopback,bench,4,0,OK,PASS,14,16384,64,16,1,224.885,11724.916000000001,11724.916000000001,"max(P0,P1)_same_phase",1979.876,263.25300000000004,1979.876,6.223,5.962000000000001,6.223,13704.792000000001,11994.131,0.0,0.0,0.0,16812273,129265,16941392,64.62628173828125,16812080,129458,,0,0,0,0,0,0,"tcp_two_process; p0_noisy_vole_receiver; real_libOTe_NoisyVole_split_input_length_2t; F=array<u64,M>; G=u64; vector_fixed_prime_setup; local_expand; tcp_two_process; p1_noisy_vole_sender; real_libOTe_NoisyVole_split_input_length_2t; F=array<u64,M>; G=u64; vector_fixed_prime_setup; local_expand",emulated TCP network
2026-07-26T08:16:25.794058+00:00,56a80d12dc147c6f4d9452798d88f387cd1c778b,RMVOLE_NET_BENCH,RM_VECTOR_OPT,split-input-coeff-ot,vector,WAN10,tcp-loopback,bench,-1,1,OK,PASS,18,262144,64,8,1,1256.0359999999998,315.436,1256.0359999999998,"max(P0,P1)_same_phase",365.653,1287.403,1287.403,70.104,65.368,70.104,2543.439,1691.7930000000001,0.0,0.0,0.0,177329,1331713,1508960,0.7195281982421875,1378624,130418,INCLUDING_BASE_OT,7808,1,1,999424,999424,3,tcp_two_process; p0_coeff_bit_ot_receiver; SPLIT_COEFF_OT; one_batched_Kos_chosen_message_OT; vector_fixed_prime_setup; local_expand; tcp_two_process; p1_coeff_bit_ot_sender; SPLIT_COEFF_OT; one_batched_Kos_chosen_message_OT; vector_fixed_prime_setup; local_expand,emulated TCP network
2026-07-26T08:16:27.949831+00:00,56a80d12dc147c6f4d9452798d88f387cd1c778b,RMVOLE_NET_BENCH,RM_VECTOR_OPT,split-input-coeff-ot,vector,WAN10,tcp-loopback,bench,0,0,OK,PASS,18,262144,64,8,1,1256.168,315.41700000000003,1256.168,"max(P0,P1)_same_phase",365.709,1284.973,1284.973,70.081,65.217,70.081,2541.1409999999996,1691.9569999999999,0.0,0.0,0.0,177329,1331713,1508960,0.7195281982421875,1378624,130418,INCLUDING_BASE_OT,7808,1,1,999424,999424,3,tcp_two_process; p0_coeff_bit_ot_receiver; SPLIT_COEFF_OT; one_batched_Kos_chosen_message_OT; vector_fixed_prime_setup; local_expand; tcp_two_process; p1_coeff_bit_ot_sender; SPLIT_COEFF_OT; one_batched_Kos_chosen_message_OT; vector_fixed_prime_setup; local_expand,emulated TCP network
2026-07-26T08:16:30.105623+00:00,56a80d12dc147c6f4d9452798d88f387cd1c778b,RMVOLE_NET_BENCH,RM_VECTOR_OPT,split-input-coeff-ot,vector,WAN10,tcp-loopback,bench,1,0,OK,PASS,18,262144,64,8,1,1256.001,315.41200000000003,1256.001,"max(P0,P1)_same_phase",365.423,1284.6709999999998,1284.6709999999998,70.40100000000001,65.652,70.40100000000001,2540.6719999999996,1691.826,0.0,0.0,0.0,177329,1331713,1508960,0.7195281982421875,1378624,130418,INCLUDING_BASE_OT,7808,1,1,999424,999424,3,tcp_two_process; p0_coeff_bit_ot_receiver; SPLIT_COEFF_OT; one_batched_Kos_chosen_message_OT; vector_fixed_prime_setup; local_expand; tcp_two_process; p1_coeff_bit_ot_sender; SPLIT_COEFF_OT; one_batched_Kos_chosen_message_OT; vector_fixed_prime_setup; local_expand,emulated TCP network
2026-07-26T08:16:32.261587+00:00,56a80d12dc147c6f4d9452798d88f387cd1c778b,RMVOLE_NET_BENCH,RM_VECTOR_OPT,split-input-coeff-ot,vector,WAN10,tcp-loopback,bench,2,0,OK,PASS,18,262144,64,8,1,1256.133,315.538,1256.133,"max(P0,P1)_same_phase",365.83500000000004,1287.2559999999999,1287.2559999999999,70.062,65.273,70.062,2543.389,1692.03,0.0,0.0,0.0,177329,1331713,1508960,0.7195281982421875,1378624,130418,INCLUDING_BASE_OT,7808,1,1,999424,999424,3,tcp_two_process; p0_coeff_bit_ot_receiver; SPLIT_COEFF_OT; one_batched_Kos_chosen_message_OT; vector_fixed_prime_setup; local_expand; tcp_two_process; p1_coeff_bit_ot_sender; SPLIT_COEFF_OT; one_batched_Kos_chosen_message_OT; vector_fixed_prime_setup; local_expand,emulated TCP network
2026-07-26T08:16:34.417424+00:00,56a80d12dc147c6f4d9452798d88f387cd1c778b,RMVOLE_NET_BENCH,RM_VECTOR_OPT,split-input-coeff-ot,vector,WAN10,tcp-loopback,bench,3,0,OK,PASS,18,262144,64,8,1,1255.999,315.42900000000003,1255.999,"max(P0,P1)_same_phase",363.103,1284.546,1284.546,70.12899999999999,65.622,70.12899999999999,2540.545,1689.231,0.0,0.0,0.0,177329,1331713,1508960,0.7195281982421875,1378624,130418,INCLUDING_BASE_OT,7808,1,1,999424,999424,3,tcp_two_process; p0_coeff_bit_ot_receiver; SPLIT_COEFF_OT; one_batched_Kos_chosen_message_OT; vector_fixed_prime_setup; local_expand; tcp_two_process; p1_coeff_bit_ot_sender; SPLIT_COEFF_OT; one_batched_Kos_chosen_message_OT; vector_fixed_prime_setup; local_expand,emulated TCP network
2026-07-26T08:16:36.573200+00:00,56a80d12dc147c6f4d9452798d88f387cd1c778b,RMVOLE_NET_BENCH,RM_VECTOR_OPT,split-input-coeff-ot,vector,WAN10,tcp-loopback,bench,4,0,OK,PASS,18,262144,64,8,1,1256.054,315.43399999999997,1256.054,"max(P0,P1)_same_phase",363.35499999999996,1285.077,1285.077,70.321,65.42,70.321,2541.1310000000003,1689.73,0.0,0.0,0.0,177329,1331713,1508960,0.7195281982421875,1378624,130418,INCLUDING_BASE_OT,7808,1,1,999424,999424,3,tcp_two_process; p0_coeff_bit_ot_receiver; SPLIT_COEFF_OT; one_batched_Kos_chosen_message_OT; vector_fixed_prime_setup; local_expand; tcp_two_process; p1_coeff_bit_ot_sender; SPLIT_COEFF_OT; one_batched_Kos_chosen_message_OT; vector_fixed_prime_setup; local_expand,emulated TCP network
2026-07-26T08:16:43.284893+00:00,56a80d12dc147c6f4d9452798d88f387cd1c778b,SILENT_SVOLE_TCP,SILENT_SVOLE,,,WAN10,tcp-loopback,bench,-1,1,OK,PASS,18,262144,64,8,1,6433.43,6157.307000000001,0.0,,0.0,0.0,0.0,0.0,0.0,0.0,6433.428999999999,6433.43,5983.468,5951.731,0.0,8221904,167544,8389384,4.000370025634766,0,0,,0,0,0,0,0,0,"tcp_two_process; libOTe_SilentVole; semi_honest_128; MultType=ExConv7x24; BaseElem=u64; ExtElem=array<u64,M>; x=c; Z0=a; Z1=-b; tcp_two_process; libOTe_SilentVole; semi_honest_128; MultType=ExConv7x24; BaseElem=u64; ExtElem=array<u64,M>; x=c; Z0=a; Z1=-b",emulated TCP network
2026-07-26T08:16:50.146710+00:00,56a80d12dc147c6f4d9452798d88f387cd1c778b,SILENT_SVOLE_TCP,SILENT_SVOLE,,,WAN10,tcp-loopback,bench,0,0,OK,PASS,18,262144,64,8,1,6581.179999999999,6288.457,0.0,,0.0,0.0,0.0,0.0,0.0,0.0,6581.179999999999,6581.179999999999,6108.514999999999,6098.6050000000005,0.0,8221904,167544,8389384,4.000370025634766,0,0,,0,0,0,0,0,0,"tcp_two_process; libOTe_SilentVole; semi_honest_128; MultType=ExConv7x24; BaseElem=u64; ExtElem=array<u64,M>; x=c; Z0=a; Z1=-b; tcp_two_process; libOTe_SilentVole; semi_honest_128; MultType=ExConv7x24; BaseElem=u64; ExtElem=array<u64,M>; x=c; Z0=a; Z1=-b",emulated TCP network
2026-07-26T08:16:56.908372+00:00,56a80d12dc147c6f4d9452798d88f387cd1c778b,SILENT_SVOLE_TCP,SILENT_SVOLE,,,WAN10,tcp-loopback,bench,1,0,OK,PASS,18,262144,64,8,1,6442.851,6166.713,0.0,,0.0,0.0,0.0,0.0,0.0,0.0,6442.852,6442.851,5991.497,5962.436000000001,0.0,8221904,167544,8389384,4.000370025634766,0,0,,0,0,0,0,0,0,"tcp_two_process; libOTe_SilentVole; semi_honest_128; MultType=ExConv7x24; BaseElem=u64; ExtElem=array<u64,M>; x=c; Z0=a; Z1=-b; tcp_two_process; libOTe_SilentVole; semi_honest_128; MultType=ExConv7x24; BaseElem=u64; ExtElem=array<u64,M>; x=c; Z0=a; Z1=-b",emulated TCP network
2026-07-26T08:17:03.620120+00:00,56a80d12dc147c6f4d9452798d88f387cd1c778b,SILENT_SVOLE_TCP,SILENT_SVOLE,,,WAN10,tcp-loopback,bench,2,0,OK,PASS,18,262144,64,8,1,6434.801,6160.273,0.0,,0.0,0.0,0.0,0.0,0.0,0.0,6434.801,6434.801,5987.129000000001,5952.111000000001,0.0,8221904,167544,8389384,4.000370025634766,0,0,,0,0,0,0,0,0,"tcp_two_process; libOTe_SilentVole; semi_honest_128; MultType=ExConv7x24; BaseElem=u64; ExtElem=array<u64,M>; x=c; Z0=a; Z1=-b; tcp_two_process; libOTe_SilentVole; semi_honest_128; MultType=ExConv7x24; BaseElem=u64; ExtElem=array<u64,M>; x=c; Z0=a; Z1=-b",emulated TCP network
2026-07-26T08:17:10.331778+00:00,56a80d12dc147c6f4d9452798d88f387cd1c778b,SILENT_SVOLE_TCP,SILENT_SVOLE,,,WAN10,tcp-loopback,bench,3,0,OK,PASS,18,262144,64,8,1,6436.559,6162.847,0.0,,0.0,0.0,0.0,0.0,0.0,0.0,6436.559000000001,6436.559,5986.7080000000005,5953.738,0.0,8221904,167544,8389384,4.000370025634766,0,0,,0,0,0,0,0,0,"tcp_two_process; libOTe_SilentVole; semi_honest_128; MultType=ExConv7x24; BaseElem=u64; ExtElem=array<u64,M>; x=c; Z0=a; Z1=-b; tcp_two_process; libOTe_SilentVole; semi_honest_128; MultType=ExConv7x24; BaseElem=u64; ExtElem=array<u64,M>; x=c; Z0=a; Z1=-b",emulated TCP network
2026-07-26T08:17:17.043950+00:00,56a80d12dc147c6f4d9452798d88f387cd1c778b,SILENT_SVOLE_TCP,SILENT_SVOLE,,,WAN10,tcp-loopback,bench,4,0,OK,PASS,18,262144,64,8,1,6435.392,6161.0,0.0,,0.0,0.0,0.0,0.0,0.0,0.0,6435.392999999999,6435.392,5986.932000000001,5952.532999999999,0.0,8221904,167544,8389384,4.000370025634766,0,0,,0,0,0,0,0,0,"tcp_two_process; libOTe_SilentVole; semi_honest_128; MultType=ExConv7x24; BaseElem=u64; ExtElem=array<u64,M>; x=c; Z0=a; Z1=-b; tcp_two_process; libOTe_SilentVole; semi_honest_128; MultType=ExConv7x24; BaseElem=u64; ExtElem=array<u64,M>; x=c; Z0=a; Z1=-b",emulated TCP network
2026-07-26T08:17:21.102588+00:00,56a80d12dc147c6f4d9452798d88f387cd1c778b,RMVOLE_NET_BENCH,RM_VECTOR_GENERIC_SPLIT,split-input-vole,vector,WAN10,tcp-loopback,bench,-1,1,OK,PASS,18,262144,64,8,1,137.159,3129.998,3129.998,"max(P0,P1)_same_phase",2235.995,371.789,2235.995,70.551,65.205,70.551,5365.993,3566.9919999999997,0.0,0.0,0.0,4246705,95473,4342096,2.0704727172851562,4211760,130418,,0,0,0,0,0,0,"tcp_two_process; p0_noisy_vole_receiver; real_libOTe_NoisyVole_split_input_length_2t; F=array<u64,M>; G=u64; vector_fixed_prime_setup; local_expand; tcp_two_process; p1_noisy_vole_sender; real_libOTe_NoisyVole_split_input_length_2t; F=array<u64,M>; G=u64; vector_fixed_prime_setup; local_expand",emulated TCP network
2026-07-26T08:17:25.210910+00:00,56a80d12dc147c6f4d9452798d88f387cd1c778b,RMVOLE_NET_BENCH,RM_VECTOR_GENERIC_SPLIT,split-input-vole,vector,WAN10,tcp-loopback,bench,0,0,OK,PASS,18,262144,64,8,1,137.05700000000002,3169.676,3169.676,"max(P0,P1)_same_phase",2284.439,384.218,2284.439,71.299,65.439,71.299,5454.115,3619.333,0.0,0.0,0.0,4246705,95473,4342096,2.0704727172851562,4211760,130418,,0,0,0,0,0,0,"tcp_two_process; p0_noisy_vole_receiver; real_libOTe_NoisyVole_split_input_length_2t; F=array<u64,M>; G=u64; vector_fixed_prime_setup; local_expand; tcp_two_process; p1_noisy_vole_sender; real_libOTe_NoisyVole_split_input_length_2t; F=array<u64,M>; G=u64; vector_fixed_prime_setup; local_expand",emulated TCP network
2026-07-26T08:17:29.319312+00:00,56a80d12dc147c6f4d9452798d88f387cd1c778b,RMVOLE_NET_BENCH,RM_VECTOR_GENERIC_SPLIT,split-input-vole,vector,WAN10,tcp-loopback,bench,1,0,OK,PASS,18,262144,64,8,1,137.005,3166.471,3166.471,"max(P0,P1)_same_phase",2278.829,373.795,2278.829,70.84400000000001,64.91900000000001,70.84400000000001,5445.3,3605.185,0.0,0.0,0.0,4246705,95473,4342096,2.0704727172851562,4211760,130418,,0,0,0,0,0,0,"tcp_two_process; p0_noisy_vole_receiver; real_libOTe_NoisyVole_split_input_length_2t; F=array<u64,M>; G=u64; vector_fixed_prime_setup; local_expand; tcp_two_process; p1_noisy_vole_sender; real_libOTe_NoisyVole_split_input_length_2t; F=array<u64,M>; G=u64; vector_fixed_prime_setup; local_expand",emulated TCP network
2026-07-26T08:17:33.428315+00:00,56a80d12dc147c6f4d9452798d88f387cd1c778b,RMVOLE_NET_BENCH,RM_VECTOR_GENERIC_SPLIT,split-input-vole,vector,WAN10,tcp-loopback,bench,2,0,OK,PASS,18,262144,64,8,1,137.118,3165.079,3165.079,"max(P0,P1)_same_phase",2305.3740000000003,409.764,2305.3740000000003,71.10600000000001,65.441,71.10600000000001,5470.453,3640.2839999999997,0.0,0.0,0.0,4246705,95473,4342096,2.0704727172851562,4211760,130418,,0,0,0,0,0,0,"tcp_two_process; p0_noisy_vole_receiver; real_libOTe_NoisyVole_split_input_length_2t; F=array<u64,M>; G=u64; vector_fixed_prime_setup; local_expand; tcp_two_process; p1_noisy_vole_sender; real_libOTe_NoisyVole_split_input_length_2t; F=array<u64,M>; G=u64; vector_fixed_prime_setup; local_expand",emulated TCP network
2026-07-26T08:17:37.487448+00:00,56a80d12dc147c6f4d9452798d88f387cd1c778b,RMVOLE_NET_BENCH,RM_VECTOR_GENERIC_SPLIT,split-input-vole,vector,WAN10,tcp-loopback,bench,3,0,OK,PASS,18,262144,64,8,1,137.234,3168.755,3168.755,"max(P0,P1)_same_phase",2269.0950000000003,368.81,2269.0950000000003,70.70700000000001,65.834,70.70700000000001,5437.85,3603.399,0.0,0.0,0.0,4246705,95473,4342096,2.0704727172851562,4211760,130418,,0,0,0,0,0,0,"tcp_two_process; p0_noisy_vole_receiver; real_libOTe_NoisyVole_split_input_length_2t; F=array<u64,M>; G=u64; vector_fixed_prime_setup; local_expand; tcp_two_process; p1_noisy_vole_sender; real_libOTe_NoisyVole_split_input_length_2t; F=array<u64,M>; G=u64; vector_fixed_prime_setup; local_expand",emulated TCP network
2026-07-26T08:17:41.546316+00:00,56a80d12dc147c6f4d9452798d88f387cd1c778b,RMVOLE_NET_BENCH,RM_VECTOR_GENERIC_SPLIT,split-input-vole,vector,WAN10,tcp-loopback,bench,4,0,OK,PASS,18,262144,64,8,1,137.02,3129.705,3129.705,"max(P0,P1)_same_phase",2231.594,367.258,2231.594,70.924,65.373,70.924,5361.299,3562.335,0.0,0.0,0.0,4246705,95473,4342096,2.0704727172851562,4211760,130418,,0,0,0,0,0,0,"tcp_two_process; p0_noisy_vole_receiver; real_libOTe_NoisyVole_split_input_length_2t; F=array<u64,M>; G=u64; vector_fixed_prime_setup; local_expand; tcp_two_process; p1_noisy_vole_sender; real_libOTe_NoisyVole_split_input_length_2t; F=array<u64,M>; G=u64; vector_fixed_prime_setup; local_expand",emulated TCP network
2026-07-26T08:17:44.553089+00:00,56a80d12dc147c6f4d9452798d88f387cd1c778b,RMVOLE_NET_BENCH,RM_VECTOR_OPT,split-input-coeff-ot,vector,WAN10,tcp-loopback,bench,-1,1,OK,PASS,18,262144,64,16,1,1925.998,317.338,1925.998,"max(P0,P1)_same_phase",401.623,1994.672,1994.672,147.833,142.566,147.833,3920.67,2475.4550000000004,0.0,0.0,0.0,177393,2363905,2541152,0.6058578491210938,2378048,163250,INCLUDING_BASE_OT,7808,1,1,1998848,1998848,3,tcp_two_process; p0_coeff_bit_ot_receiver; SPLIT_COEFF_OT; one_batched_Kos_chosen_message_OT; vector_fixed_prime_setup; local_expand; tcp_two_process; p1_coeff_bit_ot_sender; SPLIT_COEFF_OT; one_batched_Kos_chosen_message_OT; vector_fixed_prime_setup; local_expand,emulated TCP network
2026-07-26T08:17:47.660452+00:00,56a80d12dc147c6f4d9452798d88f387cd1c778b,RMVOLE_NET_BENCH,RM_VECTOR_OPT,split-input-coeff-ot,vector,WAN10,tcp-loopback,bench,0,0,OK,PASS,18,262144,64,16,1,2033.6889999999999,317.361,2033.6889999999999,"max(P0,P1)_same_phase",402.582,2098.437,2098.437,147.101,142.66799999999998,147.101,4132.126,2583.371,0.0,0.0,0.0,177393,2363905,2541152,0.6058578491210938,2378048,163250,INCLUDING_BASE_OT,7808,1,1,1998848,1998848,3,tcp_two_process; p0_coeff_bit_ot_receiver; SPLIT_COEFF_OT; one_batched_Kos_chosen_message_OT; vector_fixed_prime_setup; local_expand; tcp_two_process; p1_coeff_bit_ot_sender; SPLIT_COEFF_OT; one_batched_Kos_chosen_message_OT; vector_fixed_prime_setup; local_expand,emulated TCP network
2026-07-26T08:17:50.667537+00:00,56a80d12dc147c6f4d9452798d88f387cd1c778b,RMVOLE_NET_BENCH,RM_VECTOR_OPT,split-input-coeff-ot,vector,WAN10,tcp-loopback,bench,1,0,OK,PASS,18,262144,64,16,1,1925.703,317.2,1925.703,"max(P0,P1)_same_phase",403.325,1988.941,1988.941,147.61599999999999,142.999,147.61599999999999,3914.6440000000002,2476.643,0.0,0.0,0.0,177393,2363905,2541152,0.6058578491210938,2378048,163250,INCLUDING_BASE_OT,7808,1,1,1998848,1998848,3,tcp_two_process; p0_coeff_bit_ot_receiver; SPLIT_COEFF_OT; one_batched_Kos_chosen_message_OT; vector_fixed_prime_setup; local_expand; tcp_two_process; p1_coeff_bit_ot_sender; SPLIT_COEFF_OT; one_batched_Kos_chosen_message_OT; vector_fixed_prime_setup; local_expand,emulated TCP network
2026-07-26T08:17:53.674504+00:00,56a80d12dc147c6f4d9452798d88f387cd1c778b,RMVOLE_NET_BENCH,RM_VECTOR_OPT,split-input-coeff-ot,vector,WAN10,tcp-loopback,bench,2,0,OK,PASS,18,262144,64,16,1,1926.408,317.396,1926.408,"max(P0,P1)_same_phase",406.13,1987.5320000000002,1987.5320000000002,146.74,143.235,146.74,3913.94,2479.278,0.0,0.0,0.0,177393,2363905,2541152,0.6058578491210938,2378048,163250,INCLUDING_BASE_OT,7808,1,1,1998848,1998848,3,tcp_two_process; p0_coeff_bit_ot_receiver; SPLIT_COEFF_OT; one_batched_Kos_chosen_message_OT; vector_fixed_prime_setup; local_expand; tcp_two_process; p1_coeff_bit_ot_sender; SPLIT_COEFF_OT; one_batched_Kos_chosen_message_OT; vector_fixed_prime_setup; local_expand,emulated TCP network
2026-07-26T08:17:56.681326+00:00,56a80d12dc147c6f4d9452798d88f387cd1c778b,RMVOLE_NET_BENCH,RM_VECTOR_OPT,split-input-coeff-ot,vector,WAN10,tcp-loopback,bench,3,0,OK,PASS,18,262144,64,16,1,1925.5230000000001,317.152,1925.5230000000001,"max(P0,P1)_same_phase",400.92499999999995,1987.387,1987.387,147.869,143.192,147.869,3912.91,2474.317,0.0,0.0,0.0,177393,2363905,2541152,0.6058578491210938,2378048,163250,INCLUDING_BASE_OT,7808,1,1,1998848,1998848,3,tcp_two_process; p0_coeff_bit_ot_receiver; SPLIT_COEFF_OT; one_batched_Kos_chosen_message_OT; vector_fixed_prime_setup; local_expand; tcp_two_process; p1_coeff_bit_ot_sender; SPLIT_COEFF_OT; one_batched_Kos_chosen_message_OT; vector_fixed_prime_setup; local_expand,emulated TCP network
2026-07-26T08:17:59.688559+00:00,56a80d12dc147c6f4d9452798d88f387cd1c778b,RMVOLE_NET_BENCH,RM_VECTOR_OPT,split-input-coeff-ot,vector,WAN10,tcp-loopback,bench,4,0,OK,PASS,18,262144,64,16,1,1925.7839999999999,317.173,1925.7839999999999,"max(P0,P1)_same_phase",401.752,1987.974,1987.974,147.014,143.364,147.014,3913.758,2474.549,0.0,0.0,0.0,177393,2363905,2541152,0.6058578491210938,2378048,163250,INCLUDING_BASE_OT,7808,1,1,1998848,1998848,3,tcp_two_process; p0_coeff_bit_ot_receiver; SPLIT_COEFF_OT; one_batched_Kos_chosen_message_OT; vector_fixed_prime_setup; local_expand; tcp_two_process; p1_coeff_bit_ot_sender; SPLIT_COEFF_OT; one_batched_Kos_chosen_message_OT; vector_fixed_prime_setup; local_expand,emulated TCP network
2026-07-26T08:18:23.324878+00:00,56a80d12dc147c6f4d9452798d88f387cd1c778b,SILENT_SVOLE_TCP,SILENT_SVOLE,,,WAN10,tcp-loopback,bench,-1,1,OK,PASS,18,262144,64,16,1,23332.89,23089.214,0.0,,0.0,0.0,0.0,0.0,0.0,0.0,23332.890000000003,23332.89,22753.796000000002,22691.465,0.0,32601360,247416,32848648,7.831727981567383,0,0,,0,0,0,0,0,0,"tcp_two_process; libOTe_SilentVole; semi_honest_128; MultType=ExConv7x24; BaseElem=u64; ExtElem=array<u64,M>; x=c; Z0=a; Z1=-b; tcp_two_process; libOTe_SilentVole; semi_honest_128; MultType=ExConv7x24; BaseElem=u64; ExtElem=array<u64,M>; x=c; Z0=a; Z1=-b",emulated TCP network
2026-07-26T08:18:47.361729+00:00,56a80d12dc147c6f4d9452798d88f387cd1c778b,SILENT_SVOLE_TCP,SILENT_SVOLE,,,WAN10,tcp-loopback,bench,0,0,OK,PASS,18,262144,64,16,1,23701.508,23454.046000000002,0.0,,0.0,0.0,0.0,0.0,0.0,0.0,23701.509000000002,23701.508,23119.378,23059.642,0.0,32601360,247416,32848648,7.831727981567383,0,0,,0,0,0,0,0,0,"tcp_two_process; libOTe_SilentVole; semi_honest_128; MultType=ExConv7x24; BaseElem=u64; ExtElem=array<u64,M>; x=c; Z0=a; Z1=-b; tcp_two_process; libOTe_SilentVole; semi_honest_128; MultType=ExConv7x24; BaseElem=u64; ExtElem=array<u64,M>; x=c; Z0=a; Z1=-b",emulated TCP network
2026-07-26T08:19:10.997200+00:00,56a80d12dc147c6f4d9452798d88f387cd1c778b,SILENT_SVOLE_TCP,SILENT_SVOLE,,,WAN10,tcp-loopback,bench,1,0,OK,PASS,18,262144,64,16,1,23344.602,23073.746,0.0,,0.0,0.0,0.0,0.0,0.0,0.0,23344.602,23344.602,22743.503,22703.729,0.0,32601360,247416,32848648,7.831727981567383,0,0,,0,0,0,0,0,0,"tcp_two_process; libOTe_SilentVole; semi_honest_128; MultType=ExConv7x24; BaseElem=u64; ExtElem=array<u64,M>; x=c; Z0=a; Z1=-b; tcp_two_process; libOTe_SilentVole; semi_honest_128; MultType=ExConv7x24; BaseElem=u64; ExtElem=array<u64,M>; x=c; Z0=a; Z1=-b",emulated TCP network
2026-07-26T08:19:34.582345+00:00,56a80d12dc147c6f4d9452798d88f387cd1c778b,SILENT_SVOLE_TCP,SILENT_SVOLE,,,WAN10,tcp-loopback,bench,2,0,OK,PASS,18,262144,64,16,1,23303.172,23059.332000000002,0.0,,0.0,0.0,0.0,0.0,0.0,0.0,23303.172,23303.172,22716.701,22662.212,0.0,32601360,247416,32848648,7.831727981567383,0,0,,0,0,0,0,0,0,"tcp_two_process; libOTe_SilentVole; semi_honest_128; MultType=ExConv7x24; BaseElem=u64; ExtElem=array<u64,M>; x=c; Z0=a; Z1=-b; tcp_two_process; libOTe_SilentVole; semi_honest_128; MultType=ExConv7x24; BaseElem=u64; ExtElem=array<u64,M>; x=c; Z0=a; Z1=-b",emulated TCP network
2026-07-26T08:19:58.217711+00:00,56a80d12dc147c6f4d9452798d88f387cd1c778b,SILENT_SVOLE_TCP,SILENT_SVOLE,,,WAN10,tcp-loopback,bench,3,0,OK,PASS,18,262144,64,16,1,23347.151,22961.067,0.0,,0.0,0.0,0.0,0.0,0.0,0.0,23347.151,23347.151,22640.878,22706.453,0.0,32601360,247416,32848648,7.831727981567383,0,0,,0,0,0,0,0,0,"tcp_two_process; libOTe_SilentVole; semi_honest_128; MultType=ExConv7x24; BaseElem=u64; ExtElem=array<u64,M>; x=c; Z0=a; Z1=-b; tcp_two_process; libOTe_SilentVole; semi_honest_128; MultType=ExConv7x24; BaseElem=u64; ExtElem=array<u64,M>; x=c; Z0=a; Z1=-b",emulated TCP network
2026-07-26T08:20:22.055838+00:00,56a80d12dc147c6f4d9452798d88f387cd1c778b,SILENT_SVOLE_TCP,SILENT_SVOLE,,,WAN10,tcp-loopback,bench,4,0,OK,PASS,18,262144,64,16,1,23564.912,23235.798,0.0,,0.0,0.0,0.0,0.0,0.0,0.0,23564.912,23564.912,22896.234,22923.481,0.0,32601360,247416,32848648,7.831727981567383,0,0,,0,0,0,0,0,0,"tcp_two_process; libOTe_SilentVole; semi_honest_128; MultType=ExConv7x24; BaseElem=u64; ExtElem=array<u64,M>; x=c; Z0=a; Z1=-b; tcp_two_process; libOTe_SilentVole; semi_honest_128; MultType=ExConv7x24; BaseElem=u64; ExtElem=array<u64,M>; x=c; Z0=a; Z1=-b",emulated TCP network
2026-07-26T08:20:34.875727+00:00,56a80d12dc147c6f4d9452798d88f387cd1c778b,RMVOLE_NET_BENCH,RM_VECTOR_GENERIC_SPLIT,split-input-vole,vector,WAN10,tcp-loopback,bench,-1,1,OK,PASS,18,262144,64,16,1,225.357,11743.145999999999,11743.145999999999,"max(P0,P1)_same_phase",1343.919,384.58500000000004,1343.919,147.394,144.455,147.394,13087.064999999999,12272.186,0.0,0.0,0.0,16829681,145649,16975184,4.047199249267578,16812080,163250,,0,0,0,0,0,0,"tcp_two_process; p0_noisy_vole_receiver; real_libOTe_NoisyVole_split_input_length_2t; F=array<u64,M>; G=u64; vector_fixed_prime_setup; local_expand; tcp_two_process; p1_noisy_vole_sender; real_libOTe_NoisyVole_split_input_length_2t; F=array<u64,M>; G=u64; vector_fixed_prime_setup; local_expand",emulated TCP network
2026-07-26T08:20:47.645254+00:00,56a80d12dc147c6f4d9452798d88f387cd1c778b,RMVOLE_NET_BENCH,RM_VECTOR_GENERIC_SPLIT,split-input-vole,vector,WAN10,tcp-loopback,bench,0,0,OK,PASS,18,262144,64,16,1,224.08800000000002,11697.957,11697.957,"max(P0,P1)_same_phase",1224.121,372.072,1224.121,147.778,143.331,147.778,12922.078000000001,12213.36,0.0,0.0,0.0,16829681,145649,16975184,4.047199249267578,16812080,163250,,0,0,0,0,0,0,"tcp_two_process; p0_noisy_vole_receiver; real_libOTe_NoisyVole_split_input_length_2t; F=array<u64,M>; G=u64; vector_fixed_prime_setup; local_expand; tcp_two_process; p1_noisy_vole_sender; real_libOTe_NoisyVole_split_input_length_2t; F=array<u64,M>; G=u64; vector_fixed_prime_setup; local_expand",emulated TCP network
2026-07-26T08:21:00.365239+00:00,56a80d12dc147c6f4d9452798d88f387cd1c778b,RMVOLE_NET_BENCH,RM_VECTOR_GENERIC_SPLIT,split-input-vole,vector,WAN10,tcp-loopback,bench,1,0,OK,PASS,18,262144,64,16,1,224.02700000000002,11647.741999999998,11647.741999999998,"max(P0,P1)_same_phase",1214.464,369.734,1214.464,146.861,143.47299999999998,146.861,12862.205999999998,12160.948,0.0,0.0,0.0,16829681,145649,16975184,4.047199249267578,16812080,163250,,0,0,0,0,0,0,"tcp_two_process; p0_noisy_vole_receiver; real_libOTe_NoisyVole_split_input_length_2t; F=array<u64,M>; G=u64; vector_fixed_prime_setup; local_expand; tcp_two_process; p1_noisy_vole_sender; real_libOTe_NoisyVole_split_input_length_2t; F=array<u64,M>; G=u64; vector_fixed_prime_setup; local_expand",emulated TCP network
2026-07-26T08:21:13.185464+00:00,56a80d12dc147c6f4d9452798d88f387cd1c778b,RMVOLE_NET_BENCH,RM_VECTOR_GENERIC_SPLIT,split-input-vole,vector,WAN10,tcp-loopback,bench,2,0,OK,PASS,18,262144,64,16,1,223.727,11700.082999999999,11700.082999999999,"max(P0,P1)_same_phase",2503.7090000000003,444.123,2503.7090000000003,147.899,143.675,147.899,14203.792,12287.881000000001,0.0,0.0,0.0,16829681,145649,16975184,4.047199249267578,16812080,163250,,0,0,0,0,0,0,"tcp_two_process; p0_noisy_vole_receiver; real_libOTe_NoisyVole_split_input_length_2t; F=array<u64,M>; G=u64; vector_fixed_prime_setup; local_expand; tcp_two_process; p1_noisy_vole_sender; real_libOTe_NoisyVole_split_input_length_2t; F=array<u64,M>; G=u64; vector_fixed_prime_setup; local_expand",emulated TCP network
2026-07-26T08:21:26.055367+00:00,56a80d12dc147c6f4d9452798d88f387cd1c778b,RMVOLE_NET_BENCH,RM_VECTOR_GENERIC_SPLIT,split-input-vole,vector,WAN10,tcp-loopback,bench,3,0,OK,PASS,18,262144,64,16,1,224.516,11793.654999999999,11793.654999999999,"max(P0,P1)_same_phase",2601.861,379.289,2601.861,147.18,144.452,147.18,14395.516,12317.394999999999,0.0,0.0,0.0,16829681,145649,16975184,4.047199249267578,16812080,163250,,0,0,0,0,0,0,"tcp_two_process; p0_noisy_vole_receiver; real_libOTe_NoisyVole_split_input_length_2t; F=array<u64,M>; G=u64; vector_fixed_prime_setup; local_expand; tcp_two_process; p1_noisy_vole_sender; real_libOTe_NoisyVole_split_input_length_2t; F=array<u64,M>; G=u64; vector_fixed_prime_setup; local_expand",emulated TCP network
2026-07-26T08:21:38.725348+00:00,56a80d12dc147c6f4d9452798d88f387cd1c778b,RMVOLE_NET_BENCH,RM_VECTOR_GENERIC_SPLIT,split-input-vole,vector,WAN10,tcp-loopback,bench,4,0,OK,PASS,18,262144,64,16,1,223.997,11648.263,11648.263,"max(P0,P1)_same_phase",1168.525,365.465,1168.525,147.2,143.684,147.2,12816.788,12157.411,0.0,0.0,0.0,16829681,145649,16975184,4.047199249267578,16812080,163250,,0,0,0,0,0,0,"tcp_two_process; p0_noisy_vole_receiver; real_libOTe_NoisyVole_split_input_length_2t; F=array<u64,M>; G=u64; vector_fixed_prime_setup; local_expand; tcp_two_process; p1_noisy_vole_sender; real_libOTe_NoisyVole_split_input_length_2t; F=array<u64,M>; G=u64; vector_fixed_prime_setup; local_expand",emulated TCP network
2026-07-26T08:21:41.632649+00:00,56a80d12dc147c6f4d9452798d88f387cd1c778b,RMVOLE_NET_BENCH,RM_VECTOR_OPT,split-input-coeff-ot,vector,WAN10,tcp-loopback,bench,-1,1,OK,PASS,20,1048576,64,8,1,1256.173,315.678,1256.173,"max(P0,P1)_same_phase",504.736,1433.108,1433.108,337.046,314.605,337.046,2689.281,2097.955,0.0,0.0,0.0,186033,1339905,1525856,0.18189620971679688,1378624,147314,INCLUDING_BASE_OT,7808,1,1,999424,999424,3,tcp_two_process; p0_coeff_bit_ot_receiver; SPLIT_COEFF_OT; one_batched_Kos_chosen_message_OT; vector_fixed_prime_setup; local_expand; tcp_two_process; p1_coeff_bit_ot_sender; SPLIT_COEFF_OT; one_batched_Kos_chosen_message_OT; vector_fixed_prime_setup; local_expand,emulated TCP network
2026-07-26T08:21:44.540189+00:00,56a80d12dc147c6f4d9452798d88f387cd1c778b,RMVOLE_NET_BENCH,RM_VECTOR_OPT,split-input-coeff-ot,vector,WAN10,tcp-loopback,bench,0,0,OK,PASS,20,1048576,64,8,1,1256.208,315.676,1256.208,"max(P0,P1)_same_phase",510.50399999999996,1431.64,1431.64,338.40500000000003,318.684,338.40500000000003,2687.848,2105.118,0.0,0.0,0.0,186033,1339905,1525856,0.18189620971679688,1378624,147314,INCLUDING_BASE_OT,7808,1,1,999424,999424,3,tcp_two_process; p0_coeff_bit_ot_receiver; SPLIT_COEFF_OT; one_batched_Kos_chosen_message_OT; vector_fixed_prime_setup; local_expand; tcp_two_process; p1_coeff_bit_ot_sender; SPLIT_COEFF_OT; one_batched_Kos_chosen_message_OT; vector_fixed_prime_setup; local_expand,emulated TCP network
2026-07-26T08:21:47.497226+00:00,56a80d12dc147c6f4d9452798d88f387cd1c778b,RMVOLE_NET_BENCH,RM_VECTOR_OPT,split-input-coeff-ot,vector,WAN10,tcp-loopback,bench,1,0,OK,PASS,20,1048576,64,8,1,1315.045,351.702,1315.045,"max(P0,P1)_same_phase",508.57099999999997,1454.4840000000002,1454.4840000000002,337.111,316.689,337.111,2769.5290000000005,2160.727,0.0,0.0,0.0,186033,1339905,1525856,0.18189620971679688,1378624,147314,INCLUDING_BASE_OT,7808,1,1,999424,999424,3,tcp_two_process; p0_coeff_bit_ot_receiver; SPLIT_COEFF_OT; one_batched_Kos_chosen_message_OT; vector_fixed_prime_setup; local_expand; tcp_two_process; p1_coeff_bit_ot_sender; SPLIT_COEFF_OT; one_batched_Kos_chosen_message_OT; vector_fixed_prime_setup; local_expand,emulated TCP network
2026-07-26T08:21:50.404031+00:00,56a80d12dc147c6f4d9452798d88f387cd1c778b,RMVOLE_NET_BENCH,RM_VECTOR_OPT,split-input-coeff-ot,vector,WAN10,tcp-loopback,bench,2,0,OK,PASS,20,1048576,64,8,1,1256.097,315.501,1256.097,"max(P0,P1)_same_phase",512.002,1433.141,1433.141,336.728,317.979,336.728,2689.2380000000003,2104.8269999999998,0.0,0.0,0.0,186033,1339905,1525856,0.18189620971679688,1378624,147314,INCLUDING_BASE_OT,7808,1,1,999424,999424,3,tcp_two_process; p0_coeff_bit_ot_receiver; SPLIT_COEFF_OT; one_batched_Kos_chosen_message_OT; vector_fixed_prime_setup; local_expand; tcp_two_process; p1_coeff_bit_ot_sender; SPLIT_COEFF_OT; one_batched_Kos_chosen_message_OT; vector_fixed_prime_setup; local_expand,emulated TCP network
2026-07-26T08:21:53.311249+00:00,56a80d12dc147c6f4d9452798d88f387cd1c778b,RMVOLE_NET_BENCH,RM_VECTOR_OPT,split-input-coeff-ot,vector,WAN10,tcp-loopback,bench,3,0,OK,PASS,20,1048576,64,8,1,1256.238,315.472,1256.238,"max(P0,P1)_same_phase",518.5490000000001,1440.92,1440.92,339.426,318.301,339.426,2697.1580000000004,2114.2129999999997,0.0,0.0,0.0,186033,1339905,1525856,0.18189620971679688,1378624,147314,INCLUDING_BASE_OT,7808,1,1,999424,999424,3,tcp_two_process; p0_coeff_bit_ot_receiver; SPLIT_COEFF_OT; one_batched_Kos_chosen_message_OT; vector_fixed_prime_setup; local_expand; tcp_two_process; p1_coeff_bit_ot_sender; SPLIT_COEFF_OT; one_batched_Kos_chosen_message_OT; vector_fixed_prime_setup; local_expand,emulated TCP network
2026-07-26T08:21:56.318577+00:00,56a80d12dc147c6f4d9452798d88f387cd1c778b,RMVOLE_NET_BENCH,RM_VECTOR_OPT,split-input-coeff-ot,vector,WAN10,tcp-loopback,bench,4,0,OK,PASS,20,1048576,64,8,1,1256.1009999999999,315.592,1256.1009999999999,"max(P0,P1)_same_phase",509.49699999999996,1430.5159999999998,1430.5159999999998,337.57599999999996,318.233,337.57599999999996,2686.6169999999997,2103.174,0.0,0.0,0.0,186033,1339905,1525856,0.18189620971679688,1378624,147314,INCLUDING_BASE_OT,7808,1,1,999424,999424,3,tcp_two_process; p0_coeff_bit_ot_receiver; SPLIT_COEFF_OT; one_batched_Kos_chosen_message_OT; vector_fixed_prime_setup; local_expand; tcp_two_process; p1_coeff_bit_ot_sender; SPLIT_COEFF_OT; one_batched_Kos_chosen_message_OT; vector_fixed_prime_setup; local_expand,emulated TCP network
2026-07-26T08:22:04.031828+00:00,56a80d12dc147c6f4d9452798d88f387cd1c778b,SILENT_SVOLE_TCP,SILENT_SVOLE,,,WAN10,tcp-loopback,bench,-1,1,OK,PASS,20,1048576,64,8,1,7428.947,7034.514,0.0,,0.0,0.0,0.0,0.0,0.0,0.0,7428.947,7428.947,6082.868,6883.9839999999995,0.0,8237776,183416,8421128,1.0038766860961914,0,0,,0,0,0,0,0,0,"tcp_two_process; libOTe_SilentVole; semi_honest_128; MultType=ExConv7x24; BaseElem=u64; ExtElem=array<u64,M>; x=c; Z0=a; Z1=-b; tcp_two_process; libOTe_SilentVole; semi_honest_128; MultType=ExConv7x24; BaseElem=u64; ExtElem=array<u64,M>; x=c; Z0=a; Z1=-b",emulated TCP network
2026-07-26T08:22:11.795042+00:00,56a80d12dc147c6f4d9452798d88f387cd1c778b,SILENT_SVOLE_TCP,SILENT_SVOLE,,,WAN10,tcp-loopback,bench,0,0,OK,PASS,20,1048576,64,8,1,7451.695,7019.5109999999995,0.0,,0.0,0.0,0.0,0.0,0.0,0.0,7451.695,7451.695,6063.8949999999995,6904.757,0.0,8237776,183416,8421128,1.0038766860961914,0,0,,0,0,0,0,0,0,"tcp_two_process; libOTe_SilentVole; semi_honest_128; MultType=ExConv7x24; BaseElem=u64; ExtElem=array<u64,M>; x=c; Z0=a; Z1=-b; tcp_two_process; libOTe_SilentVole; semi_honest_128; MultType=ExConv7x24; BaseElem=u64; ExtElem=array<u64,M>; x=c; Z0=a; Z1=-b",emulated TCP network
2026-07-26T08:22:19.508368+00:00,56a80d12dc147c6f4d9452798d88f387cd1c778b,SILENT_SVOLE_TCP,SILENT_SVOLE,,,WAN10,tcp-loopback,bench,1,0,OK,PASS,20,1048576,64,8,1,7418.499,7017.951,0.0,,0.0,0.0,0.0,0.0,0.0,0.0,7418.499,7418.499,6063.148,6871.630999999999,0.0,8237776,183416,8421128,1.0038766860961914,0,0,,0,0,0,0,0,0,"tcp_two_process; libOTe_SilentVole; semi_honest_128; MultType=ExConv7x24; BaseElem=u64; ExtElem=array<u64,M>; x=c; Z0=a; Z1=-b; tcp_two_process; libOTe_SilentVole; semi_honest_128; MultType=ExConv7x24; BaseElem=u64; ExtElem=array<u64,M>; x=c; Z0=a; Z1=-b",emulated TCP network
2026-07-26T08:22:27.221180+00:00,56a80d12dc147c6f4d9452798d88f387cd1c778b,SILENT_SVOLE_TCP,SILENT_SVOLE,,,WAN10,tcp-loopback,bench,2,0,OK,PASS,20,1048576,64,8,1,7403.436,6991.034,0.0,,0.0,0.0,0.0,0.0,0.0,0.0,7403.435,7403.436,6042.349999999999,6857.97,0.0,8237776,183416,8421128,1.0038766860961914,0,0,,0,0,0,0,0,0,"tcp_two_process; libOTe_SilentVole; semi_honest_128; MultType=ExConv7x24; BaseElem=u64; ExtElem=array<u64,M>; x=c; Z0=a; Z1=-b; tcp_two_process; libOTe_SilentVole; semi_honest_128; MultType=ExConv7x24; BaseElem=u64; ExtElem=array<u64,M>; x=c; Z0=a; Z1=-b",emulated TCP network
2026-07-26T08:22:34.933568+00:00,56a80d12dc147c6f4d9452798d88f387cd1c778b,SILENT_SVOLE_TCP,SILENT_SVOLE,,,WAN10,tcp-loopback,bench,3,0,OK,PASS,20,1048576,64,8,1,7412.793,7004.732,0.0,,0.0,0.0,0.0,0.0,0.0,0.0,7412.793000000001,7412.793,6053.924999999999,6868.115000000001,0.0,8237776,183416,8421128,1.0038766860961914,0,0,,0,0,0,0,0,0,"tcp_two_process; libOTe_SilentVole; semi_honest_128; MultType=ExConv7x24; BaseElem=u64; ExtElem=array<u64,M>; x=c; Z0=a; Z1=-b; tcp_two_process; libOTe_SilentVole; semi_honest_128; MultType=ExConv7x24; BaseElem=u64; ExtElem=array<u64,M>; x=c; Z0=a; Z1=-b",emulated TCP network
2026-07-26T08:22:42.696457+00:00,56a80d12dc147c6f4d9452798d88f387cd1c778b,SILENT_SVOLE_TCP,SILENT_SVOLE,,,WAN10,tcp-loopback,bench,4,0,OK,PASS,20,1048576,64,8,1,7452.154,7052.813,0.0,,0.0,0.0,0.0,0.0,0.0,0.0,7452.1539999999995,7452.154,6104.693,6907.391,0.0,8237776,183416,8421128,1.0038766860961914,0,0,,0,0,0,0,0,0,"tcp_two_process; libOTe_SilentVole; semi_honest_128; MultType=ExConv7x24; BaseElem=u64; ExtElem=array<u64,M>; x=c; Z0=a; Z1=-b; tcp_two_process; libOTe_SilentVole; semi_honest_128; MultType=ExConv7x24; BaseElem=u64; ExtElem=array<u64,M>; x=c; Z0=a; Z1=-b",emulated TCP network
2026-07-26T08:22:47.505590+00:00,56a80d12dc147c6f4d9452798d88f387cd1c778b,RMVOLE_NET_BENCH,RM_VECTOR_GENERIC_SPLIT,split-input-vole,vector,WAN10,tcp-loopback,bench,-1,1,OK,PASS,20,1048576,64,8,1,136.83200000000002,3174.312,3174.312,"max(P0,P1)_same_phase",2389.616,487.45500000000004,2389.616,335.546,315.346,335.546,5563.928,3977.1130000000003,0.0,0.0,0.0,4255409,103665,4358992,0.5196323394775391,4211760,147314,,0,0,0,0,0,0,"tcp_two_process; p0_noisy_vole_receiver; real_libOTe_NoisyVole_split_input_length_2t; F=array<u64,M>; G=u64; vector_fixed_prime_setup; local_expand; tcp_two_process; p1_noisy_vole_sender; real_libOTe_NoisyVole_split_input_length_2t; F=array<u64,M>; G=u64; vector_fixed_prime_setup; local_expand",emulated TCP network
2026-07-26T08:22:52.264717+00:00,56a80d12dc147c6f4d9452798d88f387cd1c778b,RMVOLE_NET_BENCH,RM_VECTOR_GENERIC_SPLIT,split-input-vole,vector,WAN10,tcp-loopback,bench,0,0,OK,PASS,20,1048576,64,8,1,137.16500000000002,3129.7000000000003,3129.7000000000003,"max(P0,P1)_same_phase",2349.6389999999997,494.168,2349.6389999999997,334.31699999999995,313.61,334.31699999999995,5479.339,3937.478,0.0,0.0,0.0,4255409,103665,4358992,0.5196323394775391,4211760,147314,,0,0,0,0,0,0,"tcp_two_process; p0_noisy_vole_receiver; real_libOTe_NoisyVole_split_input_length_2t; F=array<u64,M>; G=u64; vector_fixed_prime_setup; local_expand; tcp_two_process; p1_noisy_vole_sender; real_libOTe_NoisyVole_split_input_length_2t; F=array<u64,M>; G=u64; vector_fixed_prime_setup; local_expand",emulated TCP network
2026-07-26T08:22:57.023718+00:00,56a80d12dc147c6f4d9452798d88f387cd1c778b,RMVOLE_NET_BENCH,RM_VECTOR_GENERIC_SPLIT,split-input-vole,vector,WAN10,tcp-loopback,bench,1,0,OK,PASS,20,1048576,64,8,1,137.06099999999998,3129.6490000000003,3129.6490000000003,"max(P0,P1)_same_phase",2343.2219999999998,486.456,2343.2219999999998,335.163,315.094,335.163,5472.871,3931.199,0.0,0.0,0.0,4255409,103665,4358992,0.5196323394775391,4211760,147314,,0,0,0,0,0,0,"tcp_two_process; p0_noisy_vole_receiver; real_libOTe_NoisyVole_split_input_length_2t; F=array<u64,M>; G=u64; vector_fixed_prime_setup; local_expand; tcp_two_process; p1_noisy_vole_sender; real_libOTe_NoisyVole_split_input_length_2t; F=array<u64,M>; G=u64; vector_fixed_prime_setup; local_expand",emulated TCP network
2026-07-26T08:23:01.782812+00:00,56a80d12dc147c6f4d9452798d88f387cd1c778b,RMVOLE_NET_BENCH,RM_VECTOR_GENERIC_SPLIT,split-input-vole,vector,WAN10,tcp-loopback,bench,2,0,OK,PASS,20,1048576,64,8,1,137.29,3130.0099999999998,3130.0099999999998,"max(P0,P1)_same_phase",2350.011,493.905,2350.011,334.856,313.512,334.856,5480.021,3937.426,0.0,0.0,0.0,4255409,103665,4358992,0.5196323394775391,4211760,147314,,0,0,0,0,0,0,"tcp_two_process; p0_noisy_vole_receiver; real_libOTe_NoisyVole_split_input_length_2t; F=array<u64,M>; G=u64; vector_fixed_prime_setup; local_expand; tcp_two_process; p1_noisy_vole_sender; real_libOTe_NoisyVole_split_input_length_2t; F=array<u64,M>; G=u64; vector_fixed_prime_setup; local_expand",emulated TCP network
2026-07-26T08:23:06.542304+00:00,56a80d12dc147c6f4d9452798d88f387cd1c778b,RMVOLE_NET_BENCH,RM_VECTOR_GENERIC_SPLIT,split-input-vole,vector,WAN10,tcp-loopback,bench,3,0,OK,PASS,20,1048576,64,8,1,137.36100000000002,3129.9610000000002,3129.9610000000002,"max(P0,P1)_same_phase",2343.8430000000003,488.936,2343.8430000000003,335.16400000000004,313.992,335.16400000000004,5473.804,3932.8880000000004,0.0,0.0,0.0,4255409,103665,4358992,0.5196323394775391,4211760,147314,,0,0,0,0,0,0,"tcp_two_process; p0_noisy_vole_receiver; real_libOTe_NoisyVole_split_input_length_2t; F=array<u64,M>; G=u64; vector_fixed_prime_setup; local_expand; tcp_two_process; p1_noisy_vole_sender; real_libOTe_NoisyVole_split_input_length_2t; F=array<u64,M>; G=u64; vector_fixed_prime_setup; local_expand",emulated TCP network
2026-07-26T08:23:11.301710+00:00,56a80d12dc147c6f4d9452798d88f387cd1c778b,RMVOLE_NET_BENCH,RM_VECTOR_GENERIC_SPLIT,split-input-vole,vector,WAN10,tcp-loopback,bench,4,0,OK,PASS,20,1048576,64,8,1,136.80700000000002,3129.4900000000002,3129.4900000000002,"max(P0,P1)_same_phase",2344.393,487.678,2344.393,334.881,313.99899999999997,334.881,5473.883,3931.167,0.0,0.0,0.0,4255409,103665,4358992,0.5196323394775391,4211760,147314,,0,0,0,0,0,0,"tcp_two_process; p0_noisy_vole_receiver; real_libOTe_NoisyVole_split_input_length_2t; F=array<u64,M>; G=u64; vector_fixed_prime_setup; local_expand; tcp_two_process; p1_noisy_vole_sender; real_libOTe_NoisyVole_split_input_length_2t; F=array<u64,M>; G=u64; vector_fixed_prime_setup; local_expand",emulated TCP network
2026-07-26T08:23:15.810866+00:00,56a80d12dc147c6f4d9452798d88f387cd1c778b,RMVOLE_NET_BENCH,RM_VECTOR_OPT,split-input-coeff-ot,vector,WAN10,tcp-loopback,bench,-1,1,OK,PASS,20,1048576,64,16,1,1930.234,317.538,1930.234,"max(P0,P1)_same_phase",834.836,2421.067,2421.067,695.5179999999999,685.0469999999999,695.5179999999999,4351.3009999999995,3460.588,0.0,0.0,0.0,186097,2372097,2558048,0.15247154235839844,2378048,180146,INCLUDING_BASE_OT,7808,1,1,1998848,1998848,3,tcp_two_process; p0_coeff_bit_ot_receiver; SPLIT_COEFF_OT; one_batched_Kos_chosen_message_OT; vector_fixed_prime_setup; local_expand; tcp_two_process; p1_coeff_bit_ot_sender; SPLIT_COEFF_OT; one_batched_Kos_chosen_message_OT; vector_fixed_prime_setup; local_expand,emulated TCP network
2026-07-26T08:23:20.219854+00:00,56a80d12dc147c6f4d9452798d88f387cd1c778b,RMVOLE_NET_BENCH,RM_VECTOR_OPT,split-input-coeff-ot,vector,WAN10,tcp-loopback,bench,0,0,OK,PASS,20,1048576,64,16,1,1925.797,317.369,1925.797,"max(P0,P1)_same_phase",704.5930000000001,2282.664,2282.664,698.571,684.942,698.571,4208.461,3328.9610000000002,0.0,0.0,0.0,186097,2372097,2558048,0.15247154235839844,2378048,180146,INCLUDING_BASE_OT,7808,1,1,1998848,1998848,3,tcp_two_process; p0_coeff_bit_ot_receiver; SPLIT_COEFF_OT; one_batched_Kos_chosen_message_OT; vector_fixed_prime_setup; local_expand; tcp_two_process; p1_coeff_bit_ot_sender; SPLIT_COEFF_OT; one_batched_Kos_chosen_message_OT; vector_fixed_prime_setup; local_expand,emulated TCP network
2026-07-26T08:23:24.679652+00:00,56a80d12dc147c6f4d9452798d88f387cd1c778b,RMVOLE_NET_BENCH,RM_VECTOR_OPT,split-input-coeff-ot,vector,WAN10,tcp-loopback,bench,1,0,OK,PASS,20,1048576,64,16,1,1983.7830000000001,318.193,1983.7830000000001,"max(P0,P1)_same_phase",705.605,2344.477,2344.477,698.123,683.8779999999999,698.123,4328.26,3387.512,0.0,0.0,0.0,186097,2372097,2558048,0.15247154235839844,2378048,180146,INCLUDING_BASE_OT,7808,1,1,1998848,1998848,3,tcp_two_process; p0_coeff_bit_ot_receiver; SPLIT_COEFF_OT; one_batched_Kos_chosen_message_OT; vector_fixed_prime_setup; local_expand; tcp_two_process; p1_coeff_bit_ot_sender; SPLIT_COEFF_OT; one_batched_Kos_chosen_message_OT; vector_fixed_prime_setup; local_expand,emulated TCP network
2026-07-26T08:23:29.138647+00:00,56a80d12dc147c6f4d9452798d88f387cd1c778b,RMVOLE_NET_BENCH,RM_VECTOR_OPT,split-input-coeff-ot,vector,WAN10,tcp-loopback,bench,2,0,OK,PASS,20,1048576,64,16,1,2004.3959999999997,317.28299999999996,2004.3959999999997,"max(P0,P1)_same_phase",716.631,2378.628,2378.628,699.637,696.376,699.637,4383.023999999999,3420.6639999999998,0.0,0.0,0.0,186097,2372097,2558048,0.15247154235839844,2378048,180146,INCLUDING_BASE_OT,7808,1,1,1998848,1998848,3,tcp_two_process; p0_coeff_bit_ot_receiver; SPLIT_COEFF_OT; one_batched_Kos_chosen_message_OT; vector_fixed_prime_setup; local_expand; tcp_two_process; p1_coeff_bit_ot_sender; SPLIT_COEFF_OT; one_batched_Kos_chosen_message_OT; vector_fixed_prime_setup; local_expand,emulated TCP network
2026-07-26T08:23:33.497714+00:00,56a80d12dc147c6f4d9452798d88f387cd1c778b,RMVOLE_NET_BENCH,RM_VECTOR_OPT,split-input-coeff-ot,vector,WAN10,tcp-loopback,bench,3,0,OK,PASS,20,1048576,64,16,1,1925.982,317.45099999999996,1925.982,"max(P0,P1)_same_phase",700.1500000000001,2282.5299999999997,2282.5299999999997,695.104,684.781,695.104,4208.512,3321.236,0.0,0.0,0.0,186097,2372097,2558048,0.15247154235839844,2378048,180146,INCLUDING_BASE_OT,7808,1,1,1998848,1998848,3,tcp_two_process; p0_coeff_bit_ot_receiver; SPLIT_COEFF_OT; one_batched_Kos_chosen_message_OT; vector_fixed_prime_setup; local_expand; tcp_two_process; p1_coeff_bit_ot_sender; SPLIT_COEFF_OT; one_batched_Kos_chosen_message_OT; vector_fixed_prime_setup; local_expand,emulated TCP network
2026-07-26T08:23:37.906916+00:00,56a80d12dc147c6f4d9452798d88f387cd1c778b,RMVOLE_NET_BENCH,RM_VECTOR_OPT,split-input-coeff-ot,vector,WAN10,tcp-loopback,bench,4,0,OK,PASS,20,1048576,64,16,1,1925.78,317.42900000000003,1925.78,"max(P0,P1)_same_phase",704.249,2287.5480000000002,2287.5480000000002,695.775,683.769,695.775,4213.328,3325.804,0.0,0.0,0.0,186097,2372097,2558048,0.15247154235839844,2378048,180146,INCLUDING_BASE_OT,7808,1,1,1998848,1998848,3,tcp_two_process; p0_coeff_bit_ot_receiver; SPLIT_COEFF_OT; one_batched_Kos_chosen_message_OT; vector_fixed_prime_setup; local_expand; tcp_two_process; p1_coeff_bit_ot_sender; SPLIT_COEFF_OT; one_batched_Kos_chosen_message_OT; vector_fixed_prime_setup; local_expand,emulated TCP network
2026-07-26T08:24:03.192677+00:00,56a80d12dc147c6f4d9452798d88f387cd1c778b,SILENT_SVOLE_TCP,SILENT_SVOLE,,,WAN10,tcp-loopback,bench,-1,1,OK,PASS,20,1048576,64,16,1,24995.966,24690.788999999997,0.0,,0.0,0.0,0.0,0.0,0.0,0.0,24995.965,24995.966,22807.951,24291.575,0.0,32617232,263288,32880392,1.9598240852355957,0,0,,0,0,0,0,0,0,"tcp_two_process; libOTe_SilentVole; semi_honest_128; MultType=ExConv7x24; BaseElem=u64; ExtElem=array<u64,M>; x=c; Z0=a; Z1=-b; tcp_two_process; libOTe_SilentVole; semi_honest_128; MultType=ExConv7x24; BaseElem=u64; ExtElem=array<u64,M>; x=c; Z0=a; Z1=-b",emulated TCP network
2026-07-26T08:24:28.429038+00:00,56a80d12dc147c6f4d9452798d88f387cd1c778b,SILENT_SVOLE_TCP,SILENT_SVOLE,,,WAN10,tcp-loopback,bench,0,0,OK,PASS,20,1048576,64,16,1,24903.962,24613.563,0.0,,0.0,0.0,0.0,0.0,0.0,0.0,24903.962,24903.962,22729.737,24197.896,0.0,32617232,263288,32880392,1.9598240852355957,0,0,,0,0,0,0,0,0,"tcp_two_process; libOTe_SilentVole; semi_honest_128; MultType=ExConv7x24; BaseElem=u64; ExtElem=array<u64,M>; x=c; Z0=a; Z1=-b; tcp_two_process; libOTe_SilentVole; semi_honest_128; MultType=ExConv7x24; BaseElem=u64; ExtElem=array<u64,M>; x=c; Z0=a; Z1=-b",emulated TCP network
2026-07-26T08:24:53.565077+00:00,56a80d12dc147c6f4d9452798d88f387cd1c778b,SILENT_SVOLE_TCP,SILENT_SVOLE,,,WAN10,tcp-loopback,bench,1,0,OK,PASS,20,1048576,64,16,1,24817.942,24497.682999999997,0.0,,0.0,0.0,0.0,0.0,0.0,0.0,24817.942000000003,24817.942,22609.881,24113.503,0.0,32617232,263288,32880392,1.9598240852355957,0,0,,0,0,0,0,0,0,"tcp_two_process; libOTe_SilentVole; semi_honest_128; MultType=ExConv7x24; BaseElem=u64; ExtElem=array<u64,M>; x=c; Z0=a; Z1=-b; tcp_two_process; libOTe_SilentVole; semi_honest_128; MultType=ExConv7x24; BaseElem=u64; ExtElem=array<u64,M>; x=c; Z0=a; Z1=-b",emulated TCP network
2026-07-26T08:25:18.851605+00:00,56a80d12dc147c6f4d9452798d88f387cd1c778b,SILENT_SVOLE_TCP,SILENT_SVOLE,,,WAN10,tcp-loopback,bench,2,0,OK,PASS,20,1048576,64,16,1,25001.739,24720.592,0.0,,0.0,0.0,0.0,0.0,0.0,0.0,25001.739,25001.739,22834.168999999998,24297.125,0.0,32617232,263288,32880392,1.9598240852355957,0,0,,0,0,0,0,0,0,"tcp_two_process; libOTe_SilentVole; semi_honest_128; MultType=ExConv7x24; BaseElem=u64; ExtElem=array<u64,M>; x=c; Z0=a; Z1=-b; tcp_two_process; libOTe_SilentVole; semi_honest_128; MultType=ExConv7x24; BaseElem=u64; ExtElem=array<u64,M>; x=c; Z0=a; Z1=-b",emulated TCP network
2026-07-26T08:25:44.187669+00:00,56a80d12dc147c6f4d9452798d88f387cd1c778b,SILENT_SVOLE_TCP,SILENT_SVOLE,,,WAN10,tcp-loopback,bench,3,0,OK,PASS,20,1048576,64,16,1,25016.791,24534.777,0.0,,0.0,0.0,0.0,0.0,0.0,0.0,25016.789999999997,25016.791,22665.601,24310.67,0.0,32617232,263288,32880392,1.9598240852355957,0,0,,0,0,0,0,0,0,"tcp_two_process; libOTe_SilentVole; semi_honest_128; MultType=ExConv7x24; BaseElem=u64; ExtElem=array<u64,M>; x=c; Z0=a; Z1=-b; tcp_two_process; libOTe_SilentVole; semi_honest_128; MultType=ExConv7x24; BaseElem=u64; ExtElem=array<u64,M>; x=c; Z0=a; Z1=-b",emulated TCP network
2026-07-26T08:26:09.524195+00:00,56a80d12dc147c6f4d9452798d88f387cd1c778b,SILENT_SVOLE_TCP,SILENT_SVOLE,,,WAN10,tcp-loopback,bench,4,0,OK,PASS,20,1048576,64,16,1,25035.969,24741.917999999998,0.0,,0.0,0.0,0.0,0.0,0.0,0.0,25035.967999999997,25035.969,22856.577999999998,24330.628999999997,0.0,32617232,263288,32880392,1.9598240852355957,0,0,,0,0,0,0,0,0,"tcp_two_process; libOTe_SilentVole; semi_honest_128; MultType=ExConv7x24; BaseElem=u64; ExtElem=array<u64,M>; x=c; Z0=a; Z1=-b; tcp_two_process; libOTe_SilentVole; semi_honest_128; MultType=ExConv7x24; BaseElem=u64; ExtElem=array<u64,M>; x=c; Z0=a; Z1=-b",emulated TCP network
2026-07-26T08:26:23.646423+00:00,56a80d12dc147c6f4d9452798d88f387cd1c778b,RMVOLE_NET_BENCH,RM_VECTOR_GENERIC_SPLIT,split-input-vole,vector,WAN10,tcp-loopback,bench,-1,1,OK,PASS,20,1048576,64,16,1,224.165,11715.887999999999,11715.887999999999,"max(P0,P1)_same_phase",1459.996,631.205,1459.996,687.499,680.156,687.499,13175.883999999998,13027.249,0.0,0.0,0.0,16838385,153841,16992080,1.0128068923950195,16812080,180146,,0,0,0,0,0,0,"tcp_two_process; p0_noisy_vole_receiver; real_libOTe_NoisyVole_split_input_length_2t; F=array<u64,M>; G=u64; vector_fixed_prime_setup; local_expand; tcp_two_process; p1_noisy_vole_sender; real_libOTe_NoisyVole_split_input_length_2t; F=array<u64,M>; G=u64; vector_fixed_prime_setup; local_expand",emulated TCP network
2026-07-26T08:26:37.718085+00:00,56a80d12dc147c6f4d9452798d88f387cd1c778b,RMVOLE_NET_BENCH,RM_VECTOR_GENERIC_SPLIT,split-input-vole,vector,WAN10,tcp-loopback,bench,0,0,OK,PASS,20,1048576,64,16,1,224.411,11648.222,11648.222,"max(P0,P1)_same_phase",1517.327,627.699,1517.327,691.199,683.257,691.199,13165.548999999999,12959.177,0.0,0.0,0.0,16838385,153841,16992080,1.0128068923950195,16812080,180146,,0,0,0,0,0,0,"tcp_two_process; p0_noisy_vole_receiver; real_libOTe_NoisyVole_split_input_length_2t; F=array<u64,M>; G=u64; vector_fixed_prime_setup; local_expand; tcp_two_process; p1_noisy_vole_sender; real_libOTe_NoisyVole_split_input_length_2t; F=array<u64,M>; G=u64; vector_fixed_prime_setup; local_expand",emulated TCP network
2026-07-26T08:26:51.939776+00:00,56a80d12dc147c6f4d9452798d88f387cd1c778b,RMVOLE_NET_BENCH,RM_VECTOR_GENERIC_SPLIT,split-input-vole,vector,WAN10,tcp-loopback,bench,1,0,OK,PASS,20,1048576,64,16,1,223.862,11698.111,11698.111,"max(P0,P1)_same_phase",2976.8360000000002,773.15,2976.8360000000002,691.193,681.849,691.193,14674.947,13153.11,0.0,0.0,0.0,16838385,153841,16992080,1.0128068923950195,16812080,180146,,0,0,0,0,0,0,"tcp_two_process; p0_noisy_vole_receiver; real_libOTe_NoisyVole_split_input_length_2t; F=array<u64,M>; G=u64; vector_fixed_prime_setup; local_expand; tcp_two_process; p1_noisy_vole_sender; real_libOTe_NoisyVole_split_input_length_2t; F=array<u64,M>; G=u64; vector_fixed_prime_setup; local_expand",emulated TCP network
2026-07-26T08:27:06.161212+00:00,56a80d12dc147c6f4d9452798d88f387cd1c778b,RMVOLE_NET_BENCH,RM_VECTOR_GENERIC_SPLIT,split-input-vole,vector,WAN10,tcp-loopback,bench,2,0,OK,PASS,20,1048576,64,16,1,223.885,11804.143,11804.143,"max(P0,P1)_same_phase",2651.136,624.275,2651.136,690.71,681.048,690.71,14455.279,13109.465999999999,0.0,0.0,0.0,16838385,153841,16992080,1.0128068923950195,16812080,180146,,0,0,0,0,0,0,"tcp_two_process; p0_noisy_vole_receiver; real_libOTe_NoisyVole_split_input_length_2t; F=array<u64,M>; G=u64; vector_fixed_prime_setup; local_expand; tcp_two_process; p1_noisy_vole_sender; real_libOTe_NoisyVole_split_input_length_2t; F=array<u64,M>; G=u64; vector_fixed_prime_setup; local_expand",emulated TCP network
2026-07-26T08:27:20.232783+00:00,56a80d12dc147c6f4d9452798d88f387cd1c778b,RMVOLE_NET_BENCH,RM_VECTOR_GENERIC_SPLIT,split-input-vole,vector,WAN10,tcp-loopback,bench,3,0,OK,PASS,20,1048576,64,16,1,223.82,11648.075,11648.075,"max(P0,P1)_same_phase",1441.4009999999998,635.205,1441.4009999999998,689.023,682.1239999999999,689.023,13089.476,12965.403999999999,0.0,0.0,0.0,16838385,153841,16992080,1.0128068923950195,16812080,180146,,0,0,0,0,0,0,"tcp_two_process; p0_noisy_vole_receiver; real_libOTe_NoisyVole_split_input_length_2t; F=array<u64,M>; G=u64; vector_fixed_prime_setup; local_expand; tcp_two_process; p1_noisy_vole_sender; real_libOTe_NoisyVole_split_input_length_2t; F=array<u64,M>; G=u64; vector_fixed_prime_setup; local_expand",emulated TCP network
2026-07-26T08:27:34.454503+00:00,56a80d12dc147c6f4d9452798d88f387cd1c778b,RMVOLE_NET_BENCH,RM_VECTOR_GENERIC_SPLIT,split-input-vole,vector,WAN10,tcp-loopback,bench,4,0,OK,PASS,20,1048576,64,16,1,224.09799999999998,11649.336,11649.336,"max(P0,P1)_same_phase",1581.9209999999998,657.6220000000001,1581.9209999999998,687.3470000000001,677.121,687.3470000000001,13231.257,12984.078,0.0,0.0,0.0,16838385,153841,16992080,1.0128068923950195,16812080,180146,,0,0,0,0,0,0,"tcp_two_process; p0_noisy_vole_receiver; real_libOTe_NoisyVole_split_input_length_2t; F=array<u64,M>; G=u64; vector_fixed_prime_setup; local_expand; tcp_two_process; p1_noisy_vole_sender; real_libOTe_NoisyVole_split_input_length_2t; F=array<u64,M>; G=u64; vector_fixed_prime_setup; local_expand",emulated TCP network
