timestamp,benchmark_source_commit,tag,method,setup_mode,backend,network_profile,network,mode,trial_index,warmup,status,correctness,logN,N,t,m,reps,p0_split_input_setup_ms,p1_split_input_setup_ms,split_input_phase_wall_ms,split_input_phase_wall_definition,p0_pprf_setup_ms,p1_pprf_setup_ms,pprf_key_setup_wall_ms,p0_expand_ms,p1_expand_ms,expand_wall_ms,setup_wall_ms,total_wall_ms,base_correlation_setup_ms,silent_extension_ms,local_output_mapping_ms,p0_bytes_sent,p1_bytes_sent,total_comm_bytes,bytes_per_rm_vole_coordinate,split_input_bytes,pprf_bytes,split_input_base_ot_mode,coeff_ot_encrypted_pair_count,coeff_ot_encrypted_payload_send_calls,coeff_ot_encrypted_payload_flush_count,coeff_ot_encrypted_payload_bytes,coeff_ot_encrypted_payload_bytes_per_send,coeff_ot_protocol_round_count,notes
2026-07-26T07:48:12.804559+00:00,56a80d12dc147c6f4d9452798d88f387cd1c778b,RMVOLE_NET_BENCH,RM_VECTOR_OPT,split-input-coeff-ot,vector,LOCAL_TCP,tcp-loopback,bench,-1,1,OK,PASS,12,4096,64,8,1,31.002,24.242,31.002,"max(P0,P1)_same_phase",47.036,52.649,52.649,0.714,0.742,0.742,83.651,78.75200000000001,0.0,0.0,0.0,151217,1307137,1458272,44.5029296875,1378624,79730,INCLUDING_BASE_OT,7808,1,1,999424,999424,3,tcp_two_process; p0_coeff_bit_ot_receiver; SPLIT_COEFF_OT; one_batched_Kos_chosen_message_OT; vector_fixed_prime_setup; local_expand; tcp_two_process; p1_coeff_bit_ot_sender; SPLIT_COEFF_OT; one_batched_Kos_chosen_message_OT; vector_fixed_prime_setup; local_expand
2026-07-26T07:48:13.107447+00:00,56a80d12dc147c6f4d9452798d88f387cd1c778b,RMVOLE_NET_BENCH,RM_VECTOR_OPT,split-input-coeff-ot,vector,LOCAL_TCP,tcp-loopback,bench,0,0,OK,PASS,12,4096,64,8,1,30.825000000000003,24.046000000000003,30.825000000000003,"max(P0,P1)_same_phase",47.051,52.73,52.73,0.695,0.7200000000000001,0.7200000000000001,83.555,78.57000000000001,0.0,0.0,0.0,151217,1307137,1458272,44.5029296875,1378624,79730,INCLUDING_BASE_OT,7808,1,1,999424,999424,3,tcp_two_process; p0_coeff_bit_ot_receiver; SPLIT_COEFF_OT; one_batched_Kos_chosen_message_OT; vector_fixed_prime_setup; local_expand; tcp_two_process; p1_coeff_bit_ot_sender; SPLIT_COEFF_OT; one_batched_Kos_chosen_message_OT; vector_fixed_prime_setup; local_expand
2026-07-26T07:48:13.410093+00:00,56a80d12dc147c6f4d9452798d88f387cd1c778b,RMVOLE_NET_BENCH,RM_VECTOR_OPT,split-input-coeff-ot,vector,LOCAL_TCP,tcp-loopback,bench,1,0,OK,PASS,12,4096,64,8,1,30.553,23.804,30.553,"max(P0,P1)_same_phase",46.809000000000005,52.425,52.425,0.708,0.751,0.751,82.978,78.071,0.0,0.0,0.0,151217,1307137,1458272,44.5029296875,1378624,79730,INCLUDING_BASE_OT,7808,1,1,999424,999424,3,tcp_two_process; p0_coeff_bit_ot_receiver; SPLIT_COEFF_OT; one_batched_Kos_chosen_message_OT; vector_fixed_prime_setup; local_expand; tcp_two_process; p1_coeff_bit_ot_sender; SPLIT_COEFF_OT; one_batched_Kos_chosen_message_OT; vector_fixed_prime_setup; local_expand
2026-07-26T07:48:13.712692+00:00,56a80d12dc147c6f4d9452798d88f387cd1c778b,RMVOLE_NET_BENCH,RM_VECTOR_OPT,split-input-coeff-ot,vector,LOCAL_TCP,tcp-loopback,bench,2,0,OK,PASS,12,4096,64,8,1,30.62,23.819,30.62,"max(P0,P1)_same_phase",46.713,52.403999999999996,52.403999999999996,0.737,0.73,0.737,83.024,78.071,0.0,0.0,0.0,151217,1307137,1458272,44.5029296875,1378624,79730,INCLUDING_BASE_OT,7808,1,1,999424,999424,3,tcp_two_process; p0_coeff_bit_ot_receiver; SPLIT_COEFF_OT; one_batched_Kos_chosen_message_OT; vector_fixed_prime_setup; local_expand; tcp_two_process; p1_coeff_bit_ot_sender; SPLIT_COEFF_OT; one_batched_Kos_chosen_message_OT; vector_fixed_prime_setup; local_expand
2026-07-26T07:48:14.015316+00:00,56a80d12dc147c6f4d9452798d88f387cd1c778b,RMVOLE_NET_BENCH,RM_VECTOR_OPT,split-input-coeff-ot,vector,LOCAL_TCP,tcp-loopback,bench,3,0,OK,PASS,12,4096,64,8,1,30.649,23.916,30.649,"max(P0,P1)_same_phase",47.003,52.632,52.632,0.705,0.728,0.728,83.281,78.356,0.0,0.0,0.0,151217,1307137,1458272,44.5029296875,1378624,79730,INCLUDING_BASE_OT,7808,1,1,999424,999424,3,tcp_two_process; p0_coeff_bit_ot_receiver; SPLIT_COEFF_OT; one_batched_Kos_chosen_message_OT; vector_fixed_prime_setup; local_expand; tcp_two_process; p1_coeff_bit_ot_sender; SPLIT_COEFF_OT; one_batched_Kos_chosen_message_OT; vector_fixed_prime_setup; local_expand
2026-07-26T07:48:14.318145+00:00,56a80d12dc147c6f4d9452798d88f387cd1c778b,RMVOLE_NET_BENCH,RM_VECTOR_OPT,split-input-coeff-ot,vector,LOCAL_TCP,tcp-loopback,bench,4,0,OK,PASS,12,4096,64,8,1,30.841,24.087,30.841,"max(P0,P1)_same_phase",46.696,52.308,52.308,0.712,0.73,0.73,83.149,78.249,0.0,0.0,0.0,151217,1307137,1458272,44.5029296875,1378624,79730,INCLUDING_BASE_OT,7808,1,1,999424,999424,3,tcp_two_process; p0_coeff_bit_ot_receiver; SPLIT_COEFF_OT; one_batched_Kos_chosen_message_OT; vector_fixed_prime_setup; local_expand; tcp_two_process; p1_coeff_bit_ot_sender; SPLIT_COEFF_OT; one_batched_Kos_chosen_message_OT; vector_fixed_prime_setup; local_expand
2026-07-26T07:48:14.621102+00:00,56a80d12dc147c6f4d9452798d88f387cd1c778b,RMVOLE_NET_BENCH,RM_VECTOR_OPT,split-input-coeff-ot,vector,LOCAL_TCP,tcp-loopback,bench,5,0,OK,PASS,12,4096,64,8,1,30.858,24.102999999999998,30.858,"max(P0,P1)_same_phase",47.004999999999995,52.617999999999995,52.617999999999995,0.712,0.757,0.757,83.476,78.575,0.0,0.0,0.0,151217,1307137,1458272,44.5029296875,1378624,79730,INCLUDING_BASE_OT,7808,1,1,999424,999424,3,tcp_two_process; p0_coeff_bit_ot_receiver; SPLIT_COEFF_OT; one_batched_Kos_chosen_message_OT; vector_fixed_prime_setup; local_expand; tcp_two_process; p1_coeff_bit_ot_sender; SPLIT_COEFF_OT; one_batched_Kos_chosen_message_OT; vector_fixed_prime_setup; local_expand
2026-07-26T07:48:14.924251+00:00,56a80d12dc147c6f4d9452798d88f387cd1c778b,RMVOLE_NET_BENCH,RM_VECTOR_OPT,split-input-coeff-ot,vector,LOCAL_TCP,tcp-loopback,bench,6,0,OK,PASS,12,4096,64,8,1,31.173,24.343,31.173,"max(P0,P1)_same_phase",46.78,52.484,52.484,0.708,0.741,0.741,83.657,78.661,0.0,0.0,0.0,151217,1307137,1458272,44.5029296875,1378624,79730,INCLUDING_BASE_OT,7808,1,1,999424,999424,3,tcp_two_process; p0_coeff_bit_ot_receiver; SPLIT_COEFF_OT; one_batched_Kos_chosen_message_OT; vector_fixed_prime_setup; local_expand; tcp_two_process; p1_coeff_bit_ot_sender; SPLIT_COEFF_OT; one_batched_Kos_chosen_message_OT; vector_fixed_prime_setup; local_expand
2026-07-26T07:48:15.227161+00:00,56a80d12dc147c6f4d9452798d88f387cd1c778b,RMVOLE_NET_BENCH,RM_VECTOR_OPT,split-input-coeff-ot,vector,LOCAL_TCP,tcp-loopback,bench,7,0,OK,PASS,12,4096,64,8,1,30.741,23.957,30.741,"max(P0,P1)_same_phase",46.809999999999995,52.476,52.476,0.71,0.719,0.719,83.217,78.261,0.0,0.0,0.0,151217,1307137,1458272,44.5029296875,1378624,79730,INCLUDING_BASE_OT,7808,1,1,999424,999424,3,tcp_two_process; p0_coeff_bit_ot_receiver; SPLIT_COEFF_OT; one_batched_Kos_chosen_message_OT; vector_fixed_prime_setup; local_expand; tcp_two_process; p1_coeff_bit_ot_sender; SPLIT_COEFF_OT; one_batched_Kos_chosen_message_OT; vector_fixed_prime_setup; local_expand
2026-07-26T07:48:15.529886+00:00,56a80d12dc147c6f4d9452798d88f387cd1c778b,RMVOLE_NET_BENCH,RM_VECTOR_OPT,split-input-coeff-ot,vector,LOCAL_TCP,tcp-loopback,bench,8,0,OK,PASS,12,4096,64,8,1,30.726,23.976,30.726,"max(P0,P1)_same_phase",46.812,52.411,52.411,0.712,0.754,0.754,83.137,78.249,0.0,0.0,0.0,151217,1307137,1458272,44.5029296875,1378624,79730,INCLUDING_BASE_OT,7808,1,1,999424,999424,3,tcp_two_process; p0_coeff_bit_ot_receiver; SPLIT_COEFF_OT; one_batched_Kos_chosen_message_OT; vector_fixed_prime_setup; local_expand; tcp_two_process; p1_coeff_bit_ot_sender; SPLIT_COEFF_OT; one_batched_Kos_chosen_message_OT; vector_fixed_prime_setup; local_expand
2026-07-26T07:48:15.832570+00:00,56a80d12dc147c6f4d9452798d88f387cd1c778b,RMVOLE_NET_BENCH,RM_VECTOR_OPT,split-input-coeff-ot,vector,LOCAL_TCP,tcp-loopback,bench,9,0,OK,PASS,12,4096,64,8,1,30.634999999999998,23.899,30.634999999999998,"max(P0,P1)_same_phase",46.813,52.442,52.442,0.7380000000000001,0.732,0.7380000000000001,83.077,78.18700000000001,0.0,0.0,0.0,151217,1307137,1458272,44.5029296875,1378624,79730,INCLUDING_BASE_OT,7808,1,1,999424,999424,3,tcp_two_process; p0_coeff_bit_ot_receiver; SPLIT_COEFF_OT; one_batched_Kos_chosen_message_OT; vector_fixed_prime_setup; local_expand; tcp_two_process; p1_coeff_bit_ot_sender; SPLIT_COEFF_OT; one_batched_Kos_chosen_message_OT; vector_fixed_prime_setup; local_expand
2026-07-26T07:48:16.435795+00:00,56a80d12dc147c6f4d9452798d88f387cd1c778b,SILENT_SVOLE_TCP,SILENT_SVOLE,,,LOCAL_TCP,tcp-loopback,bench,-1,1,OK,PASS,12,4096,64,8,1,349.538,336.581,0.0,,0.0,0.0,0.0,0.0,0.0,0.0,349.538,349.538,334.327,58.117000000000004,0.0,8174288,119928,8294152,253.117431640625,0,0,,0,0,0,0,0,0,"tcp_two_process; libOTe_SilentVole; semi_honest_128; MultType=ExConv7x24; BaseElem=u64; ExtElem=array<u64,M>; x=c; Z0=a; Z1=-b; tcp_two_process; libOTe_SilentVole; semi_honest_128; MultType=ExConv7x24; BaseElem=u64; ExtElem=array<u64,M>; x=c; Z0=a; Z1=-b"
2026-07-26T07:48:17.039364+00:00,56a80d12dc147c6f4d9452798d88f387cd1c778b,SILENT_SVOLE_TCP,SILENT_SVOLE,,,LOCAL_TCP,tcp-loopback,bench,0,0,OK,PASS,12,4096,64,8,1,348.74699999999996,335.689,0.0,,0.0,0.0,0.0,0.0,0.0,0.0,348.746,348.74699999999996,333.48299999999995,57.241,0.0,8174288,119928,8294152,253.117431640625,0,0,,0,0,0,0,0,0,"tcp_two_process; libOTe_SilentVole; semi_honest_128; MultType=ExConv7x24; BaseElem=u64; ExtElem=array<u64,M>; x=c; Z0=a; Z1=-b; tcp_two_process; libOTe_SilentVole; semi_honest_128; MultType=ExConv7x24; BaseElem=u64; ExtElem=array<u64,M>; x=c; Z0=a; Z1=-b"
2026-07-26T07:48:17.642930+00:00,56a80d12dc147c6f4d9452798d88f387cd1c778b,SILENT_SVOLE_TCP,SILENT_SVOLE,,,LOCAL_TCP,tcp-loopback,bench,1,0,OK,PASS,12,4096,64,8,1,348.123,334.639,0.0,,0.0,0.0,0.0,0.0,0.0,0.0,348.123,348.123,332.445,57.788,0.0,8174288,119928,8294152,253.117431640625,0,0,,0,0,0,0,0,0,"tcp_two_process; libOTe_SilentVole; semi_honest_128; MultType=ExConv7x24; BaseElem=u64; ExtElem=array<u64,M>; x=c; Z0=a; Z1=-b; tcp_two_process; libOTe_SilentVole; semi_honest_128; MultType=ExConv7x24; BaseElem=u64; ExtElem=array<u64,M>; x=c; Z0=a; Z1=-b"
2026-07-26T07:48:18.246357+00:00,56a80d12dc147c6f4d9452798d88f387cd1c778b,SILENT_SVOLE_TCP,SILENT_SVOLE,,,LOCAL_TCP,tcp-loopback,bench,2,0,OK,PASS,12,4096,64,8,1,349.027,334.951,0.0,,0.0,0.0,0.0,0.0,0.0,0.0,349.026,349.027,332.756,58.208999999999996,0.0,8174288,119928,8294152,253.117431640625,0,0,,0,0,0,0,0,0,"tcp_two_process; libOTe_SilentVole; semi_honest_128; MultType=ExConv7x24; BaseElem=u64; ExtElem=array<u64,M>; x=c; Z0=a; Z1=-b; tcp_two_process; libOTe_SilentVole; semi_honest_128; MultType=ExConv7x24; BaseElem=u64; ExtElem=array<u64,M>; x=c; Z0=a; Z1=-b"
2026-07-26T07:48:18.849870+00:00,56a80d12dc147c6f4d9452798d88f387cd1c778b,SILENT_SVOLE_TCP,SILENT_SVOLE,,,LOCAL_TCP,tcp-loopback,bench,3,0,OK,PASS,12,4096,64,8,1,348.13899999999995,325.581,0.0,,0.0,0.0,0.0,0.0,0.0,0.0,348.138,348.13899999999995,323.37300000000005,58.205,0.0,8174288,119928,8294152,253.117431640625,0,0,,0,0,0,0,0,0,"tcp_two_process; libOTe_SilentVole; semi_honest_128; MultType=ExConv7x24; BaseElem=u64; ExtElem=array<u64,M>; x=c; Z0=a; Z1=-b; tcp_two_process; libOTe_SilentVole; semi_honest_128; MultType=ExConv7x24; BaseElem=u64; ExtElem=array<u64,M>; x=c; Z0=a; Z1=-b"
2026-07-26T07:48:19.453472+00:00,56a80d12dc147c6f4d9452798d88f387cd1c778b,SILENT_SVOLE_TCP,SILENT_SVOLE,,,LOCAL_TCP,tcp-loopback,bench,4,0,OK,PASS,12,4096,64,8,1,348.71799999999996,333.854,0.0,,0.0,0.0,0.0,0.0,0.0,0.0,348.718,348.71799999999996,331.642,57.742000000000004,0.0,8174288,119928,8294152,253.117431640625,0,0,,0,0,0,0,0,0,"tcp_two_process; libOTe_SilentVole; semi_honest_128; MultType=ExConv7x24; BaseElem=u64; ExtElem=array<u64,M>; x=c; Z0=a; Z1=-b; tcp_two_process; libOTe_SilentVole; semi_honest_128; MultType=ExConv7x24; BaseElem=u64; ExtElem=array<u64,M>; x=c; Z0=a; Z1=-b"
2026-07-26T07:48:20.056865+00:00,56a80d12dc147c6f4d9452798d88f387cd1c778b,SILENT_SVOLE_TCP,SILENT_SVOLE,,,LOCAL_TCP,tcp-loopback,bench,5,0,OK,PASS,12,4096,64,8,1,347.551,335.997,0.0,,0.0,0.0,0.0,0.0,0.0,0.0,347.55199999999996,347.551,333.789,57.901,0.0,8174288,119928,8294152,253.117431640625,0,0,,0,0,0,0,0,0,"tcp_two_process; libOTe_SilentVole; semi_honest_128; MultType=ExConv7x24; BaseElem=u64; ExtElem=array<u64,M>; x=c; Z0=a; Z1=-b; tcp_two_process; libOTe_SilentVole; semi_honest_128; MultType=ExConv7x24; BaseElem=u64; ExtElem=array<u64,M>; x=c; Z0=a; Z1=-b"
2026-07-26T07:48:20.660376+00:00,56a80d12dc147c6f4d9452798d88f387cd1c778b,SILENT_SVOLE_TCP,SILENT_SVOLE,,,LOCAL_TCP,tcp-loopback,bench,6,0,OK,PASS,12,4096,64,8,1,347.86,335.97900000000004,0.0,,0.0,0.0,0.0,0.0,0.0,0.0,347.861,347.86,333.77000000000004,57.573,0.0,8174288,119928,8294152,253.117431640625,0,0,,0,0,0,0,0,0,"tcp_two_process; libOTe_SilentVole; semi_honest_128; MultType=ExConv7x24; BaseElem=u64; ExtElem=array<u64,M>; x=c; Z0=a; Z1=-b; tcp_two_process; libOTe_SilentVole; semi_honest_128; MultType=ExConv7x24; BaseElem=u64; ExtElem=array<u64,M>; x=c; Z0=a; Z1=-b"
2026-07-26T07:48:21.263784+00:00,56a80d12dc147c6f4d9452798d88f387cd1c778b,SILENT_SVOLE_TCP,SILENT_SVOLE,,,LOCAL_TCP,tcp-loopback,bench,7,0,OK,PASS,12,4096,64,8,1,348.773,336.108,0.0,,0.0,0.0,0.0,0.0,0.0,0.0,348.773,348.773,333.878,57.396,0.0,8174288,119928,8294152,253.117431640625,0,0,,0,0,0,0,0,0,"tcp_two_process; libOTe_SilentVole; semi_honest_128; MultType=ExConv7x24; BaseElem=u64; ExtElem=array<u64,M>; x=c; Z0=a; Z1=-b; tcp_two_process; libOTe_SilentVole; semi_honest_128; MultType=ExConv7x24; BaseElem=u64; ExtElem=array<u64,M>; x=c; Z0=a; Z1=-b"
2026-07-26T07:48:21.867291+00:00,56a80d12dc147c6f4d9452798d88f387cd1c778b,SILENT_SVOLE_TCP,SILENT_SVOLE,,,LOCAL_TCP,tcp-loopback,bench,8,0,OK,PASS,12,4096,64,8,1,348.219,330.955,0.0,,0.0,0.0,0.0,0.0,0.0,0.0,348.21799999999996,348.219,328.728,58.054,0.0,8174288,119928,8294152,253.117431640625,0,0,,0,0,0,0,0,0,"tcp_two_process; libOTe_SilentVole; semi_honest_128; MultType=ExConv7x24; BaseElem=u64; ExtElem=array<u64,M>; x=c; Z0=a; Z1=-b; tcp_two_process; libOTe_SilentVole; semi_honest_128; MultType=ExConv7x24; BaseElem=u64; ExtElem=array<u64,M>; x=c; Z0=a; Z1=-b"
2026-07-26T07:48:22.470809+00:00,56a80d12dc147c6f4d9452798d88f387cd1c778b,SILENT_SVOLE_TCP,SILENT_SVOLE,,,LOCAL_TCP,tcp-loopback,bench,9,0,OK,PASS,12,4096,64,8,1,348.186,334.533,0.0,,0.0,0.0,0.0,0.0,0.0,0.0,348.186,348.186,332.334,56.516,0.0,8174288,119928,8294152,253.117431640625,0,0,,0,0,0,0,0,0,"tcp_two_process; libOTe_SilentVole; semi_honest_128; MultType=ExConv7x24; BaseElem=u64; ExtElem=array<u64,M>; x=c; Z0=a; Z1=-b; tcp_two_process; libOTe_SilentVole; semi_honest_128; MultType=ExConv7x24; BaseElem=u64; ExtElem=array<u64,M>; x=c; Z0=a; Z1=-b"
2026-07-26T07:48:22.773849+00:00,56a80d12dc147c6f4d9452798d88f387cd1c778b,RMVOLE_NET_BENCH,RM_VECTOR_OPT,split-input-coeff-ot,vector,LOCAL_TCP,tcp-loopback,bench,-1,1,OK,PASS,12,4096,64,16,1,33.084,26.282,33.084,"max(P0,P1)_same_phase",48.544999999999995,53.39,53.39,1.3840000000000001,1.371,1.3840000000000001,86.474,83.01400000000001,0.0,0.0,0.0,151281,2339329,2490464,38.00146484375,2378048,112562,INCLUDING_BASE_OT,7808,1,1,1998848,1998848,3,tcp_two_process; p0_coeff_bit_ot_receiver; SPLIT_COEFF_OT; one_batched_Kos_chosen_message_OT; vector_fixed_prime_setup; local_expand; tcp_two_process; p1_coeff_bit_ot_sender; SPLIT_COEFF_OT; one_batched_Kos_chosen_message_OT; vector_fixed_prime_setup; local_expand
2026-07-26T07:48:23.076896+00:00,56a80d12dc147c6f4d9452798d88f387cd1c778b,RMVOLE_NET_BENCH,RM_VECTOR_OPT,split-input-coeff-ot,vector,LOCAL_TCP,tcp-loopback,bench,0,0,OK,PASS,12,4096,64,16,1,33.905,27.102999999999998,33.905,"max(P0,P1)_same_phase",48.584,53.415,53.415,1.431,1.383,1.431,87.32,83.92099999999999,0.0,0.0,0.0,151281,2339329,2490464,38.00146484375,2378048,112562,INCLUDING_BASE_OT,7808,1,1,1998848,1998848,3,tcp_two_process; p0_coeff_bit_ot_receiver; SPLIT_COEFF_OT; one_batched_Kos_chosen_message_OT; vector_fixed_prime_setup; local_expand; tcp_two_process; p1_coeff_bit_ot_sender; SPLIT_COEFF_OT; one_batched_Kos_chosen_message_OT; vector_fixed_prime_setup; local_expand
2026-07-26T07:48:23.379769+00:00,56a80d12dc147c6f4d9452798d88f387cd1c778b,RMVOLE_NET_BENCH,RM_VECTOR_OPT,split-input-coeff-ot,vector,LOCAL_TCP,tcp-loopback,bench,1,0,OK,PASS,12,4096,64,16,1,33.165,26.384,33.165,"max(P0,P1)_same_phase",48.601,53.394999999999996,53.394999999999996,1.381,1.3760000000000001,1.381,86.56,83.147,0.0,0.0,0.0,151281,2339329,2490464,38.00146484375,2378048,112562,INCLUDING_BASE_OT,7808,1,1,1998848,1998848,3,tcp_two_process; p0_coeff_bit_ot_receiver; SPLIT_COEFF_OT; one_batched_Kos_chosen_message_OT; vector_fixed_prime_setup; local_expand; tcp_two_process; p1_coeff_bit_ot_sender; SPLIT_COEFF_OT; one_batched_Kos_chosen_message_OT; vector_fixed_prime_setup; local_expand
2026-07-26T07:48:23.682466+00:00,56a80d12dc147c6f4d9452798d88f387cd1c778b,RMVOLE_NET_BENCH,RM_VECTOR_OPT,split-input-coeff-ot,vector,LOCAL_TCP,tcp-loopback,bench,2,0,OK,PASS,12,4096,64,16,1,33.153,26.348,33.153,"max(P0,P1)_same_phase",48.747,53.592,53.592,1.409,1.3719999999999999,1.409,86.745,83.30799999999999,0.0,0.0,0.0,151281,2339329,2490464,38.00146484375,2378048,112562,INCLUDING_BASE_OT,7808,1,1,1998848,1998848,3,tcp_two_process; p0_coeff_bit_ot_receiver; SPLIT_COEFF_OT; one_batched_Kos_chosen_message_OT; vector_fixed_prime_setup; local_expand; tcp_two_process; p1_coeff_bit_ot_sender; SPLIT_COEFF_OT; one_batched_Kos_chosen_message_OT; vector_fixed_prime_setup; local_expand
2026-07-26T07:48:23.985164+00:00,56a80d12dc147c6f4d9452798d88f387cd1c778b,RMVOLE_NET_BENCH,RM_VECTOR_OPT,split-input-coeff-ot,vector,LOCAL_TCP,tcp-loopback,bench,3,0,OK,PASS,12,4096,64,16,1,33.219,26.331,33.219,"max(P0,P1)_same_phase",48.557,53.458999999999996,53.458999999999996,1.377,1.385,1.385,86.678,83.15400000000001,0.0,0.0,0.0,151281,2339329,2490464,38.00146484375,2378048,112562,INCLUDING_BASE_OT,7808,1,1,1998848,1998848,3,tcp_two_process; p0_coeff_bit_ot_receiver; SPLIT_COEFF_OT; one_batched_Kos_chosen_message_OT; vector_fixed_prime_setup; local_expand; tcp_two_process; p1_coeff_bit_ot_sender; SPLIT_COEFF_OT; one_batched_Kos_chosen_message_OT; vector_fixed_prime_setup; local_expand
2026-07-26T07:48:24.287996+00:00,56a80d12dc147c6f4d9452798d88f387cd1c778b,RMVOLE_NET_BENCH,RM_VECTOR_OPT,split-input-coeff-ot,vector,LOCAL_TCP,tcp-loopback,bench,4,0,OK,PASS,12,4096,64,16,1,33.63,26.82,33.63,"max(P0,P1)_same_phase",48.668000000000006,53.492,53.492,1.391,1.392,1.392,87.122,83.69,0.0,0.0,0.0,151281,2339329,2490464,38.00146484375,2378048,112562,INCLUDING_BASE_OT,7808,1,1,1998848,1998848,3,tcp_two_process; p0_coeff_bit_ot_receiver; SPLIT_COEFF_OT; one_batched_Kos_chosen_message_OT; vector_fixed_prime_setup; local_expand; tcp_two_process; p1_coeff_bit_ot_sender; SPLIT_COEFF_OT; one_batched_Kos_chosen_message_OT; vector_fixed_prime_setup; local_expand
2026-07-26T07:48:24.590745+00:00,56a80d12dc147c6f4d9452798d88f387cd1c778b,RMVOLE_NET_BENCH,RM_VECTOR_OPT,split-input-coeff-ot,vector,LOCAL_TCP,tcp-loopback,bench,5,0,OK,PASS,12,4096,64,16,1,33.181000000000004,26.362,33.181000000000004,"max(P0,P1)_same_phase",48.54,53.379000000000005,53.379000000000005,1.418,1.385,1.418,86.56,83.138,0.0,0.0,0.0,151281,2339329,2490464,38.00146484375,2378048,112562,INCLUDING_BASE_OT,7808,1,1,1998848,1998848,3,tcp_two_process; p0_coeff_bit_ot_receiver; SPLIT_COEFF_OT; one_batched_Kos_chosen_message_OT; vector_fixed_prime_setup; local_expand; tcp_two_process; p1_coeff_bit_ot_sender; SPLIT_COEFF_OT; one_batched_Kos_chosen_message_OT; vector_fixed_prime_setup; local_expand
2026-07-26T07:48:24.893889+00:00,56a80d12dc147c6f4d9452798d88f387cd1c778b,RMVOLE_NET_BENCH,RM_VECTOR_OPT,split-input-coeff-ot,vector,LOCAL_TCP,tcp-loopback,bench,6,0,OK,PASS,12,4096,64,16,1,33.717,26.931,33.717,"max(P0,P1)_same_phase",48.477,53.297,53.297,1.4469999999999998,1.392,1.4469999999999998,87.014,83.64099999999999,0.0,0.0,0.0,151281,2339329,2490464,38.00146484375,2378048,112562,INCLUDING_BASE_OT,7808,1,1,1998848,1998848,3,tcp_two_process; p0_coeff_bit_ot_receiver; SPLIT_COEFF_OT; one_batched_Kos_chosen_message_OT; vector_fixed_prime_setup; local_expand; tcp_two_process; p1_coeff_bit_ot_sender; SPLIT_COEFF_OT; one_batched_Kos_chosen_message_OT; vector_fixed_prime_setup; local_expand
2026-07-26T07:48:25.197249+00:00,56a80d12dc147c6f4d9452798d88f387cd1c778b,RMVOLE_NET_BENCH,RM_VECTOR_OPT,split-input-coeff-ot,vector,LOCAL_TCP,tcp-loopback,bench,7,0,OK,PASS,12,4096,64,16,1,33.748,26.936999999999998,33.748,"max(P0,P1)_same_phase",49.159,54.019,54.019,1.4040000000000001,1.373,1.4040000000000001,87.767,84.31099999999999,0.0,0.0,0.0,151281,2339329,2490464,38.00146484375,2378048,112562,INCLUDING_BASE_OT,7808,1,1,1998848,1998848,3,tcp_two_process; p0_coeff_bit_ot_receiver; SPLIT_COEFF_OT; one_batched_Kos_chosen_message_OT; vector_fixed_prime_setup; local_expand; tcp_two_process; p1_coeff_bit_ot_sender; SPLIT_COEFF_OT; one_batched_Kos_chosen_message_OT; vector_fixed_prime_setup; local_expand
2026-07-26T07:48:25.500092+00:00,56a80d12dc147c6f4d9452798d88f387cd1c778b,RMVOLE_NET_BENCH,RM_VECTOR_OPT,split-input-coeff-ot,vector,LOCAL_TCP,tcp-loopback,bench,8,0,OK,PASS,12,4096,64,16,1,33.15,26.346,33.15,"max(P0,P1)_same_phase",48.789,53.602999999999994,53.602999999999994,1.392,1.3960000000000001,1.3960000000000001,86.75299999999999,83.331,0.0,0.0,0.0,151281,2339329,2490464,38.00146484375,2378048,112562,INCLUDING_BASE_OT,7808,1,1,1998848,1998848,3,tcp_two_process; p0_coeff_bit_ot_receiver; SPLIT_COEFF_OT; one_batched_Kos_chosen_message_OT; vector_fixed_prime_setup; local_expand; tcp_two_process; p1_coeff_bit_ot_sender; SPLIT_COEFF_OT; one_batched_Kos_chosen_message_OT; vector_fixed_prime_setup; local_expand
2026-07-26T07:48:25.803440+00:00,56a80d12dc147c6f4d9452798d88f387cd1c778b,RMVOLE_NET_BENCH,RM_VECTOR_OPT,split-input-coeff-ot,vector,LOCAL_TCP,tcp-loopback,bench,9,0,OK,PASS,12,4096,64,16,1,33.891,27.026999999999997,33.891,"max(P0,P1)_same_phase",48.857,53.688,53.688,1.41,1.4120000000000001,1.4120000000000001,87.57900000000001,84.158,0.0,0.0,0.0,151281,2339329,2490464,38.00146484375,2378048,112562,INCLUDING_BASE_OT,7808,1,1,1998848,1998848,3,tcp_two_process; p0_coeff_bit_ot_receiver; SPLIT_COEFF_OT; one_batched_Kos_chosen_message_OT; vector_fixed_prime_setup; local_expand; tcp_two_process; p1_coeff_bit_ot_sender; SPLIT_COEFF_OT; one_batched_Kos_chosen_message_OT; vector_fixed_prime_setup; local_expand
2026-07-26T07:48:26.557580+00:00,56a80d12dc147c6f4d9452798d88f387cd1c778b,SILENT_SVOLE_TCP,SILENT_SVOLE,,,LOCAL_TCP,tcp-loopback,bench,-1,1,OK,PASS,12,4096,64,16,1,541.798,527.269,0.0,,0.0,0.0,0.0,0.0,0.0,0.0,541.798,541.798,523.3449999999999,89.783,0.0,32553744,199800,32753416,499.7774658203125,0,0,,0,0,0,0,0,0,"tcp_two_process; libOTe_SilentVole; semi_honest_128; MultType=ExConv7x24; BaseElem=u64; ExtElem=array<u64,M>; x=c; Z0=a; Z1=-b; tcp_two_process; libOTe_SilentVole; semi_honest_128; MultType=ExConv7x24; BaseElem=u64; ExtElem=array<u64,M>; x=c; Z0=a; Z1=-b"
2026-07-26T07:48:27.311684+00:00,56a80d12dc147c6f4d9452798d88f387cd1c778b,SILENT_SVOLE_TCP,SILENT_SVOLE,,,LOCAL_TCP,tcp-loopback,bench,0,0,OK,PASS,12,4096,64,16,1,539.2529999999999,522.95,0.0,,0.0,0.0,0.0,0.0,0.0,0.0,539.2529999999999,539.2529999999999,519.201,88.664,0.0,32553744,199800,32753416,499.7774658203125,0,0,,0,0,0,0,0,0,"tcp_two_process; libOTe_SilentVole; semi_honest_128; MultType=ExConv7x24; BaseElem=u64; ExtElem=array<u64,M>; x=c; Z0=a; Z1=-b; tcp_two_process; libOTe_SilentVole; semi_honest_128; MultType=ExConv7x24; BaseElem=u64; ExtElem=array<u64,M>; x=c; Z0=a; Z1=-b"
2026-07-26T07:48:28.065595+00:00,56a80d12dc147c6f4d9452798d88f387cd1c778b,SILENT_SVOLE_TCP,SILENT_SVOLE,,,LOCAL_TCP,tcp-loopback,bench,1,0,OK,PASS,12,4096,64,16,1,539.158,524.5020000000001,0.0,,0.0,0.0,0.0,0.0,0.0,0.0,539.158,539.158,520.617,89.34599999999999,0.0,32553744,199800,32753416,499.7774658203125,0,0,,0,0,0,0,0,0,"tcp_two_process; libOTe_SilentVole; semi_honest_128; MultType=ExConv7x24; BaseElem=u64; ExtElem=array<u64,M>; x=c; Z0=a; Z1=-b; tcp_two_process; libOTe_SilentVole; semi_honest_128; MultType=ExConv7x24; BaseElem=u64; ExtElem=array<u64,M>; x=c; Z0=a; Z1=-b"
2026-07-26T07:48:28.819513+00:00,56a80d12dc147c6f4d9452798d88f387cd1c778b,SILENT_SVOLE_TCP,SILENT_SVOLE,,,LOCAL_TCP,tcp-loopback,bench,2,0,OK,PASS,12,4096,64,16,1,538.355,521.676,0.0,,0.0,0.0,0.0,0.0,0.0,0.0,538.355,538.355,517.909,88.649,0.0,32553744,199800,32753416,499.7774658203125,0,0,,0,0,0,0,0,0,"tcp_two_process; libOTe_SilentVole; semi_honest_128; MultType=ExConv7x24; BaseElem=u64; ExtElem=array<u64,M>; x=c; Z0=a; Z1=-b; tcp_two_process; libOTe_SilentVole; semi_honest_128; MultType=ExConv7x24; BaseElem=u64; ExtElem=array<u64,M>; x=c; Z0=a; Z1=-b"
2026-07-26T07:48:29.573395+00:00,56a80d12dc147c6f4d9452798d88f387cd1c778b,SILENT_SVOLE_TCP,SILENT_SVOLE,,,LOCAL_TCP,tcp-loopback,bench,3,0,OK,PASS,12,4096,64,16,1,538.582,523.563,0.0,,0.0,0.0,0.0,0.0,0.0,0.0,538.582,538.582,519.8040000000001,88.404,0.0,32553744,199800,32753416,499.7774658203125,0,0,,0,0,0,0,0,0,"tcp_two_process; libOTe_SilentVole; semi_honest_128; MultType=ExConv7x24; BaseElem=u64; ExtElem=array<u64,M>; x=c; Z0=a; Z1=-b; tcp_two_process; libOTe_SilentVole; semi_honest_128; MultType=ExConv7x24; BaseElem=u64; ExtElem=array<u64,M>; x=c; Z0=a; Z1=-b"
2026-07-26T07:48:30.327329+00:00,56a80d12dc147c6f4d9452798d88f387cd1c778b,SILENT_SVOLE_TCP,SILENT_SVOLE,,,LOCAL_TCP,tcp-loopback,bench,4,0,OK,PASS,12,4096,64,16,1,538.708,521.854,0.0,,0.0,0.0,0.0,0.0,0.0,0.0,538.708,538.708,518.097,88.607,0.0,32553744,199800,32753416,499.7774658203125,0,0,,0,0,0,0,0,0,"tcp_two_process; libOTe_SilentVole; semi_honest_128; MultType=ExConv7x24; BaseElem=u64; ExtElem=array<u64,M>; x=c; Z0=a; Z1=-b; tcp_two_process; libOTe_SilentVole; semi_honest_128; MultType=ExConv7x24; BaseElem=u64; ExtElem=array<u64,M>; x=c; Z0=a; Z1=-b"
2026-07-26T07:48:31.081199+00:00,56a80d12dc147c6f4d9452798d88f387cd1c778b,SILENT_SVOLE_TCP,SILENT_SVOLE,,,LOCAL_TCP,tcp-loopback,bench,5,0,OK,PASS,12,4096,64,16,1,539.143,524.105,0.0,,0.0,0.0,0.0,0.0,0.0,0.0,539.143,539.143,520.332,88.848,0.0,32553744,199800,32753416,499.7774658203125,0,0,,0,0,0,0,0,0,"tcp_two_process; libOTe_SilentVole; semi_honest_128; MultType=ExConv7x24; BaseElem=u64; ExtElem=array<u64,M>; x=c; Z0=a; Z1=-b; tcp_two_process; libOTe_SilentVole; semi_honest_128; MultType=ExConv7x24; BaseElem=u64; ExtElem=array<u64,M>; x=c; Z0=a; Z1=-b"
2026-07-26T07:48:31.835254+00:00,56a80d12dc147c6f4d9452798d88f387cd1c778b,SILENT_SVOLE_TCP,SILENT_SVOLE,,,LOCAL_TCP,tcp-loopback,bench,6,0,OK,PASS,12,4096,64,16,1,538.004,521.342,0.0,,0.0,0.0,0.0,0.0,0.0,0.0,538.004,538.004,517.5640000000001,88.662,0.0,32553744,199800,32753416,499.7774658203125,0,0,,0,0,0,0,0,0,"tcp_two_process; libOTe_SilentVole; semi_honest_128; MultType=ExConv7x24; BaseElem=u64; ExtElem=array<u64,M>; x=c; Z0=a; Z1=-b; tcp_two_process; libOTe_SilentVole; semi_honest_128; MultType=ExConv7x24; BaseElem=u64; ExtElem=array<u64,M>; x=c; Z0=a; Z1=-b"
2026-07-26T07:48:32.589111+00:00,56a80d12dc147c6f4d9452798d88f387cd1c778b,SILENT_SVOLE_TCP,SILENT_SVOLE,,,LOCAL_TCP,tcp-loopback,bench,7,0,OK,PASS,12,4096,64,16,1,538.002,522.703,0.0,,0.0,0.0,0.0,0.0,0.0,0.0,538.002,538.002,518.869,88.92,0.0,32553744,199800,32753416,499.7774658203125,0,0,,0,0,0,0,0,0,"tcp_two_process; libOTe_SilentVole; semi_honest_128; MultType=ExConv7x24; BaseElem=u64; ExtElem=array<u64,M>; x=c; Z0=a; Z1=-b; tcp_two_process; libOTe_SilentVole; semi_honest_128; MultType=ExConv7x24; BaseElem=u64; ExtElem=array<u64,M>; x=c; Z0=a; Z1=-b"
2026-07-26T07:48:33.343053+00:00,56a80d12dc147c6f4d9452798d88f387cd1c778b,SILENT_SVOLE_TCP,SILENT_SVOLE,,,LOCAL_TCP,tcp-loopback,bench,8,0,OK,PASS,12,4096,64,16,1,538.415,525.054,0.0,,0.0,0.0,0.0,0.0,0.0,0.0,538.415,538.415,521.2860000000001,88.972,0.0,32553744,199800,32753416,499.7774658203125,0,0,,0,0,0,0,0,0,"tcp_two_process; libOTe_SilentVole; semi_honest_128; MultType=ExConv7x24; BaseElem=u64; ExtElem=array<u64,M>; x=c; Z0=a; Z1=-b; tcp_two_process; libOTe_SilentVole; semi_honest_128; MultType=ExConv7x24; BaseElem=u64; ExtElem=array<u64,M>; x=c; Z0=a; Z1=-b"
2026-07-26T07:48:34.096938+00:00,56a80d12dc147c6f4d9452798d88f387cd1c778b,SILENT_SVOLE_TCP,SILENT_SVOLE,,,LOCAL_TCP,tcp-loopback,bench,9,0,OK,PASS,12,4096,64,16,1,537.134,517.846,0.0,,0.0,0.0,0.0,0.0,0.0,0.0,537.134,537.134,514.1,88.432,0.0,32553744,199800,32753416,499.7774658203125,0,0,,0,0,0,0,0,0,"tcp_two_process; libOTe_SilentVole; semi_honest_128; MultType=ExConv7x24; BaseElem=u64; ExtElem=array<u64,M>; x=c; Z0=a; Z1=-b; tcp_two_process; libOTe_SilentVole; semi_honest_128; MultType=ExConv7x24; BaseElem=u64; ExtElem=array<u64,M>; x=c; Z0=a; Z1=-b"
2026-07-26T07:48:34.450289+00:00,56a80d12dc147c6f4d9452798d88f387cd1c778b,RMVOLE_NET_BENCH,RM_VECTOR_OPT,split-input-coeff-ot,vector,LOCAL_TCP,tcp-loopback,bench,-1,1,OK,PASS,12,4096,64,32,1,38.087,30.993,38.087,"max(P0,P1)_same_phase",52.164,55.438,55.438,2.7560000000000002,2.699,2.7560000000000002,93.525,93.006,0.0,0.0,0.0,151409,4403713,4554848,34.750732421875,4376896,178226,INCLUDING_BASE_OT,7808,1,1,3997696,3997696,3,tcp_two_process; p0_coeff_bit_ot_receiver; SPLIT_COEFF_OT; one_batched_Kos_chosen_message_OT; vector_fixed_prime_setup; local_expand; tcp_two_process; p1_coeff_bit_ot_sender; SPLIT_COEFF_OT; one_batched_Kos_chosen_message_OT; vector_fixed_prime_setup; local_expand
2026-07-26T07:48:34.803390+00:00,56a80d12dc147c6f4d9452798d88f387cd1c778b,RMVOLE_NET_BENCH,RM_VECTOR_OPT,split-input-coeff-ot,vector,LOCAL_TCP,tcp-loopback,bench,0,0,OK,PASS,12,4096,64,32,1,38.368,31.281000000000002,38.368,"max(P0,P1)_same_phase",52.282000000000004,55.432,55.432,2.8240000000000003,2.762,2.8240000000000003,93.80000000000001,93.474,0.0,0.0,0.0,151409,4403713,4554848,34.750732421875,4376896,178226,INCLUDING_BASE_OT,7808,1,1,3997696,3997696,3,tcp_two_process; p0_coeff_bit_ot_receiver; SPLIT_COEFF_OT; one_batched_Kos_chosen_message_OT; vector_fixed_prime_setup; local_expand; tcp_two_process; p1_coeff_bit_ot_sender; SPLIT_COEFF_OT; one_batched_Kos_chosen_message_OT; vector_fixed_prime_setup; local_expand
2026-07-26T07:48:35.156601+00:00,56a80d12dc147c6f4d9452798d88f387cd1c778b,RMVOLE_NET_BENCH,RM_VECTOR_OPT,split-input-coeff-ot,vector,LOCAL_TCP,tcp-loopback,bench,1,0,OK,PASS,12,4096,64,32,1,38.328,31.21,38.328,"max(P0,P1)_same_phase",52.192,55.405,55.405,2.813,2.7279999999999998,2.813,93.733,93.333,0.0,0.0,0.0,151409,4403713,4554848,34.750732421875,4376896,178226,INCLUDING_BASE_OT,7808,1,1,3997696,3997696,3,tcp_two_process; p0_coeff_bit_ot_receiver; SPLIT_COEFF_OT; one_batched_Kos_chosen_message_OT; vector_fixed_prime_setup; local_expand; tcp_two_process; p1_coeff_bit_ot_sender; SPLIT_COEFF_OT; one_batched_Kos_chosen_message_OT; vector_fixed_prime_setup; local_expand
2026-07-26T07:48:35.509998+00:00,56a80d12dc147c6f4d9452798d88f387cd1c778b,RMVOLE_NET_BENCH,RM_VECTOR_OPT,split-input-coeff-ot,vector,LOCAL_TCP,tcp-loopback,bench,2,0,OK,PASS,12,4096,64,32,1,38.494,31.409,38.494,"max(P0,P1)_same_phase",52.217,55.426,55.426,2.814,2.751,2.814,93.92,93.526,0.0,0.0,0.0,151409,4403713,4554848,34.750732421875,4376896,178226,INCLUDING_BASE_OT,7808,1,1,3997696,3997696,3,tcp_two_process; p0_coeff_bit_ot_receiver; SPLIT_COEFF_OT; one_batched_Kos_chosen_message_OT; vector_fixed_prime_setup; local_expand; tcp_two_process; p1_coeff_bit_ot_sender; SPLIT_COEFF_OT; one_batched_Kos_chosen_message_OT; vector_fixed_prime_setup; local_expand
2026-07-26T07:48:35.863084+00:00,56a80d12dc147c6f4d9452798d88f387cd1c778b,RMVOLE_NET_BENCH,RM_VECTOR_OPT,split-input-coeff-ot,vector,LOCAL_TCP,tcp-loopback,bench,3,0,OK,PASS,12,4096,64,32,1,38.039,30.906,38.039,"max(P0,P1)_same_phase",52.12,55.379999999999995,55.379999999999995,2.774,2.7369999999999997,2.774,93.419,92.933,0.0,0.0,0.0,151409,4403713,4554848,34.750732421875,4376896,178226,INCLUDING_BASE_OT,7808,1,1,3997696,3997696,3,tcp_two_process; p0_coeff_bit_ot_receiver; SPLIT_COEFF_OT; one_batched_Kos_chosen_message_OT; vector_fixed_prime_setup; local_expand; tcp_two_process; p1_coeff_bit_ot_sender; SPLIT_COEFF_OT; one_batched_Kos_chosen_message_OT; vector_fixed_prime_setup; local_expand
2026-07-26T07:48:36.216046+00:00,56a80d12dc147c6f4d9452798d88f387cd1c778b,RMVOLE_NET_BENCH,RM_VECTOR_OPT,split-input-coeff-ot,vector,LOCAL_TCP,tcp-loopback,bench,4,0,OK,PASS,12,4096,64,32,1,37.974000000000004,30.875,37.974000000000004,"max(P0,P1)_same_phase",52.172000000000004,55.358,55.358,2.8609999999999998,2.805,2.8609999999999998,93.332,93.007,0.0,0.0,0.0,151409,4403713,4554848,34.750732421875,4376896,178226,INCLUDING_BASE_OT,7808,1,1,3997696,3997696,3,tcp_two_process; p0_coeff_bit_ot_receiver; SPLIT_COEFF_OT; one_batched_Kos_chosen_message_OT; vector_fixed_prime_setup; local_expand; tcp_two_process; p1_coeff_bit_ot_sender; SPLIT_COEFF_OT; one_batched_Kos_chosen_message_OT; vector_fixed_prime_setup; local_expand
2026-07-26T07:48:36.568993+00:00,56a80d12dc147c6f4d9452798d88f387cd1c778b,RMVOLE_NET_BENCH,RM_VECTOR_OPT,split-input-coeff-ot,vector,LOCAL_TCP,tcp-loopback,bench,5,0,OK,PASS,12,4096,64,32,1,38.14,31.005000000000003,38.14,"max(P0,P1)_same_phase",52.23,55.514,55.514,2.803,2.7399999999999998,2.803,93.654,93.173,0.0,0.0,0.0,151409,4403713,4554848,34.750732421875,4376896,178226,INCLUDING_BASE_OT,7808,1,1,3997696,3997696,3,tcp_two_process; p0_coeff_bit_ot_receiver; SPLIT_COEFF_OT; one_batched_Kos_chosen_message_OT; vector_fixed_prime_setup; local_expand; tcp_two_process; p1_coeff_bit_ot_sender; SPLIT_COEFF_OT; one_batched_Kos_chosen_message_OT; vector_fixed_prime_setup; local_expand
2026-07-26T07:48:36.922167+00:00,56a80d12dc147c6f4d9452798d88f387cd1c778b,RMVOLE_NET_BENCH,RM_VECTOR_OPT,split-input-coeff-ot,vector,LOCAL_TCP,tcp-loopback,bench,6,0,OK,PASS,12,4096,64,32,1,38.396,31.331999999999997,38.396,"max(P0,P1)_same_phase",52.263,55.424,55.424,2.784,2.7430000000000003,2.784,93.82,93.443,0.0,0.0,0.0,151409,4403713,4554848,34.750732421875,4376896,178226,INCLUDING_BASE_OT,7808,1,1,3997696,3997696,3,tcp_two_process; p0_coeff_bit_ot_receiver; SPLIT_COEFF_OT; one_batched_Kos_chosen_message_OT; vector_fixed_prime_setup; local_expand; tcp_two_process; p1_coeff_bit_ot_sender; SPLIT_COEFF_OT; one_batched_Kos_chosen_message_OT; vector_fixed_prime_setup; local_expand
2026-07-26T07:48:37.275269+00:00,56a80d12dc147c6f4d9452798d88f387cd1c778b,RMVOLE_NET_BENCH,RM_VECTOR_OPT,split-input-coeff-ot,vector,LOCAL_TCP,tcp-loopback,bench,7,0,OK,PASS,12,4096,64,32,1,38.192,31.086,38.192,"max(P0,P1)_same_phase",52.13,55.377,55.377,2.7590000000000003,2.719,2.7590000000000003,93.569,93.08,0.0,0.0,0.0,151409,4403713,4554848,34.750732421875,4376896,178226,INCLUDING_BASE_OT,7808,1,1,3997696,3997696,3,tcp_two_process; p0_coeff_bit_ot_receiver; SPLIT_COEFF_OT; one_batched_Kos_chosen_message_OT; vector_fixed_prime_setup; local_expand; tcp_two_process; p1_coeff_bit_ot_sender; SPLIT_COEFF_OT; one_batched_Kos_chosen_message_OT; vector_fixed_prime_setup; local_expand
2026-07-26T07:48:37.628572+00:00,56a80d12dc147c6f4d9452798d88f387cd1c778b,RMVOLE_NET_BENCH,RM_VECTOR_OPT,split-input-coeff-ot,vector,LOCAL_TCP,tcp-loopback,bench,8,0,OK,PASS,12,4096,64,32,1,38.466,31.377000000000002,38.466,"max(P0,P1)_same_phase",52.193999999999996,55.359,55.359,2.7720000000000002,2.729,2.7720000000000002,93.825,93.431,0.0,0.0,0.0,151409,4403713,4554848,34.750732421875,4376896,178226,INCLUDING_BASE_OT,7808,1,1,3997696,3997696,3,tcp_two_process; p0_coeff_bit_ot_receiver; SPLIT_COEFF_OT; one_batched_Kos_chosen_message_OT; vector_fixed_prime_setup; local_expand; tcp_two_process; p1_coeff_bit_ot_sender; SPLIT_COEFF_OT; one_batched_Kos_chosen_message_OT; vector_fixed_prime_setup; local_expand
2026-07-26T07:48:37.981759+00:00,56a80d12dc147c6f4d9452798d88f387cd1c778b,RMVOLE_NET_BENCH,RM_VECTOR_OPT,split-input-coeff-ot,vector,LOCAL_TCP,tcp-loopback,bench,9,0,OK,PASS,12,4096,64,32,1,38.135000000000005,31.047,38.135000000000005,"max(P0,P1)_same_phase",52.176,55.408,55.408,2.799,2.7520000000000002,2.799,93.543,93.11,0.0,0.0,0.0,151409,4403713,4554848,34.750732421875,4376896,178226,INCLUDING_BASE_OT,7808,1,1,3997696,3997696,3,tcp_two_process; p0_coeff_bit_ot_receiver; SPLIT_COEFF_OT; one_batched_Kos_chosen_message_OT; vector_fixed_prime_setup; local_expand; tcp_two_process; p1_coeff_bit_ot_sender; SPLIT_COEFF_OT; one_batched_Kos_chosen_message_OT; vector_fixed_prime_setup; local_expand
2026-07-26T07:48:39.386285+00:00,56a80d12dc147c6f4d9452798d88f387cd1c778b,SILENT_SVOLE_TCP,SILENT_SVOLE,,,LOCAL_TCP,tcp-loopback,bench,-1,1,OK,PASS,12,4096,64,32,1,1190.386,1172.622,0.0,,0.0,0.0,0.0,0.0,0.0,0.0,1190.386,1190.386,1167.565,234.506,0.0,130071440,359544,130430728,995.1074829101562,0,0,,0,0,0,0,0,0,"tcp_two_process; libOTe_SilentVole; semi_honest_128; MultType=ExConv7x24; BaseElem=u64; ExtElem=array<u64,M>; x=c; Z0=a; Z1=-b; tcp_two_process; libOTe_SilentVole; semi_honest_128; MultType=ExConv7x24; BaseElem=u64; ExtElem=array<u64,M>; x=c; Z0=a; Z1=-b"
2026-07-26T07:48:40.790951+00:00,56a80d12dc147c6f4d9452798d88f387cd1c778b,SILENT_SVOLE_TCP,SILENT_SVOLE,,,LOCAL_TCP,tcp-loopback,bench,0,0,OK,PASS,12,4096,64,32,1,1189.031,1172.113,0.0,,0.0,0.0,0.0,0.0,0.0,0.0,1189.031,1189.031,1167.2769999999998,233.27,0.0,130071440,359544,130430728,995.1074829101562,0,0,,0,0,0,0,0,0,"tcp_two_process; libOTe_SilentVole; semi_honest_128; MultType=ExConv7x24; BaseElem=u64; ExtElem=array<u64,M>; x=c; Z0=a; Z1=-b; tcp_two_process; libOTe_SilentVole; semi_honest_128; MultType=ExConv7x24; BaseElem=u64; ExtElem=array<u64,M>; x=c; Z0=a; Z1=-b"
2026-07-26T07:48:42.195620+00:00,56a80d12dc147c6f4d9452798d88f387cd1c778b,SILENT_SVOLE_TCP,SILENT_SVOLE,,,LOCAL_TCP,tcp-loopback,bench,1,0,OK,PASS,12,4096,64,32,1,1188.937,1172.591,0.0,,0.0,0.0,0.0,0.0,0.0,0.0,1188.936,1188.937,1167.771,234.08300000000003,0.0,130071440,359544,130430728,995.1074829101562,0,0,,0,0,0,0,0,0,"tcp_two_process; libOTe_SilentVole; semi_honest_128; MultType=ExConv7x24; BaseElem=u64; ExtElem=array<u64,M>; x=c; Z0=a; Z1=-b; tcp_two_process; libOTe_SilentVole; semi_honest_128; MultType=ExConv7x24; BaseElem=u64; ExtElem=array<u64,M>; x=c; Z0=a; Z1=-b"
2026-07-26T07:48:43.600494+00:00,56a80d12dc147c6f4d9452798d88f387cd1c778b,SILENT_SVOLE_TCP,SILENT_SVOLE,,,LOCAL_TCP,tcp-loopback,bench,2,0,OK,PASS,12,4096,64,32,1,1189.954,1174.607,0.0,,0.0,0.0,0.0,0.0,0.0,0.0,1189.954,1189.954,1169.624,234.839,0.0,130071440,359544,130430728,995.1074829101562,0,0,,0,0,0,0,0,0,"tcp_two_process; libOTe_SilentVole; semi_honest_128; MultType=ExConv7x24; BaseElem=u64; ExtElem=array<u64,M>; x=c; Z0=a; Z1=-b; tcp_two_process; libOTe_SilentVole; semi_honest_128; MultType=ExConv7x24; BaseElem=u64; ExtElem=array<u64,M>; x=c; Z0=a; Z1=-b"
2026-07-26T07:48:45.005263+00:00,56a80d12dc147c6f4d9452798d88f387cd1c778b,SILENT_SVOLE_TCP,SILENT_SVOLE,,,LOCAL_TCP,tcp-loopback,bench,3,0,OK,PASS,12,4096,64,32,1,1185.4530000000002,1170.826,0.0,,0.0,0.0,0.0,0.0,0.0,0.0,1185.453,1185.4530000000002,1165.83,233.368,0.0,130071440,359544,130430728,995.1074829101562,0,0,,0,0,0,0,0,0,"tcp_two_process; libOTe_SilentVole; semi_honest_128; MultType=ExConv7x24; BaseElem=u64; ExtElem=array<u64,M>; x=c; Z0=a; Z1=-b; tcp_two_process; libOTe_SilentVole; semi_honest_128; MultType=ExConv7x24; BaseElem=u64; ExtElem=array<u64,M>; x=c; Z0=a; Z1=-b"
2026-07-26T07:48:46.410100+00:00,56a80d12dc147c6f4d9452798d88f387cd1c778b,SILENT_SVOLE_TCP,SILENT_SVOLE,,,LOCAL_TCP,tcp-loopback,bench,4,0,OK,PASS,12,4096,64,32,1,1190.7479999999998,1173.0929999999998,0.0,,0.0,0.0,0.0,0.0,0.0,0.0,1190.747,1190.7479999999998,1168.262,233.945,0.0,130071440,359544,130430728,995.1074829101562,0,0,,0,0,0,0,0,0,"tcp_two_process; libOTe_SilentVole; semi_honest_128; MultType=ExConv7x24; BaseElem=u64; ExtElem=array<u64,M>; x=c; Z0=a; Z1=-b; tcp_two_process; libOTe_SilentVole; semi_honest_128; MultType=ExConv7x24; BaseElem=u64; ExtElem=array<u64,M>; x=c; Z0=a; Z1=-b"
2026-07-26T07:48:47.814886+00:00,56a80d12dc147c6f4d9452798d88f387cd1c778b,SILENT_SVOLE_TCP,SILENT_SVOLE,,,LOCAL_TCP,tcp-loopback,bench,5,0,OK,PASS,12,4096,64,32,1,1190.5339999999999,1173.6,0.0,,0.0,0.0,0.0,0.0,0.0,0.0,1190.5339999999999,1190.5339999999999,1168.7099999999998,234.371,0.0,130071440,359544,130430728,995.1074829101562,0,0,,0,0,0,0,0,0,"tcp_two_process; libOTe_SilentVole; semi_honest_128; MultType=ExConv7x24; BaseElem=u64; ExtElem=array<u64,M>; x=c; Z0=a; Z1=-b; tcp_two_process; libOTe_SilentVole; semi_honest_128; MultType=ExConv7x24; BaseElem=u64; ExtElem=array<u64,M>; x=c; Z0=a; Z1=-b"
2026-07-26T07:48:49.219574+00:00,56a80d12dc147c6f4d9452798d88f387cd1c778b,SILENT_SVOLE_TCP,SILENT_SVOLE,,,LOCAL_TCP,tcp-loopback,bench,6,0,OK,PASS,12,4096,64,32,1,1189.581,1173.203,0.0,,0.0,0.0,0.0,0.0,0.0,0.0,1189.581,1189.581,1168.314,233.858,0.0,130071440,359544,130430728,995.1074829101562,0,0,,0,0,0,0,0,0,"tcp_two_process; libOTe_SilentVole; semi_honest_128; MultType=ExConv7x24; BaseElem=u64; ExtElem=array<u64,M>; x=c; Z0=a; Z1=-b; tcp_two_process; libOTe_SilentVole; semi_honest_128; MultType=ExConv7x24; BaseElem=u64; ExtElem=array<u64,M>; x=c; Z0=a; Z1=-b"
2026-07-26T07:48:50.624678+00:00,56a80d12dc147c6f4d9452798d88f387cd1c778b,SILENT_SVOLE_TCP,SILENT_SVOLE,,,LOCAL_TCP,tcp-loopback,bench,7,0,OK,PASS,12,4096,64,32,1,1187.4080000000001,1172.485,0.0,,0.0,0.0,0.0,0.0,0.0,0.0,1187.4080000000001,1187.4080000000001,1167.6519999999998,233.345,0.0,130071440,359544,130430728,995.1074829101562,0,0,,0,0,0,0,0,0,"tcp_two_process; libOTe_SilentVole; semi_honest_128; MultType=ExConv7x24; BaseElem=u64; ExtElem=array<u64,M>; x=c; Z0=a; Z1=-b; tcp_two_process; libOTe_SilentVole; semi_honest_128; MultType=ExConv7x24; BaseElem=u64; ExtElem=array<u64,M>; x=c; Z0=a; Z1=-b"
2026-07-26T07:48:52.029601+00:00,56a80d12dc147c6f4d9452798d88f387cd1c778b,SILENT_SVOLE_TCP,SILENT_SVOLE,,,LOCAL_TCP,tcp-loopback,bench,8,0,OK,PASS,12,4096,64,32,1,1187.414,1173.364,0.0,,0.0,0.0,0.0,0.0,0.0,0.0,1187.414,1187.414,1168.539,233.13400000000001,0.0,130071440,359544,130430728,995.1074829101562,0,0,,0,0,0,0,0,0,"tcp_two_process; libOTe_SilentVole; semi_honest_128; MultType=ExConv7x24; BaseElem=u64; ExtElem=array<u64,M>; x=c; Z0=a; Z1=-b; tcp_two_process; libOTe_SilentVole; semi_honest_128; MultType=ExConv7x24; BaseElem=u64; ExtElem=array<u64,M>; x=c; Z0=a; Z1=-b"
2026-07-26T07:48:53.434283+00:00,56a80d12dc147c6f4d9452798d88f387cd1c778b,SILENT_SVOLE_TCP,SILENT_SVOLE,,,LOCAL_TCP,tcp-loopback,bench,9,0,OK,PASS,12,4096,64,32,1,1193.7649999999999,1176.196,0.0,,0.0,0.0,0.0,0.0,0.0,0.0,1193.766,1193.7649999999999,1171.269,236.404,0.0,130071440,359544,130430728,995.1074829101562,0,0,,0,0,0,0,0,0,"tcp_two_process; libOTe_SilentVole; semi_honest_128; MultType=ExConv7x24; BaseElem=u64; ExtElem=array<u64,M>; x=c; Z0=a; Z1=-b; tcp_two_process; libOTe_SilentVole; semi_honest_128; MultType=ExConv7x24; BaseElem=u64; ExtElem=array<u64,M>; x=c; Z0=a; Z1=-b"
2026-07-26T07:48:53.787704+00:00,56a80d12dc147c6f4d9452798d88f387cd1c778b,RMVOLE_NET_BENCH,RM_VECTOR_OPT,split-input-coeff-ot,vector,LOCAL_TCP,tcp-loopback,bench,-1,1,OK,PASS,14,16384,64,8,1,30.809,24.216,30.809,"max(P0,P1)_same_phase",68.37,70.056,70.056,3.243,3.049,3.243,100.865,102.422,0.0,0.0,0.0,159921,1315329,1475168,11.254638671875,1378624,96626,INCLUDING_BASE_OT,7808,1,1,999424,999424,3,tcp_two_process; p0_coeff_bit_ot_receiver; SPLIT_COEFF_OT; one_batched_Kos_chosen_message_OT; vector_fixed_prime_setup; local_expand; tcp_two_process; p1_coeff_bit_ot_sender; SPLIT_COEFF_OT; one_batched_Kos_chosen_message_OT; vector_fixed_prime_setup; local_expand
2026-07-26T07:48:54.140889+00:00,56a80d12dc147c6f4d9452798d88f387cd1c778b,RMVOLE_NET_BENCH,RM_VECTOR_OPT,split-input-coeff-ot,vector,LOCAL_TCP,tcp-loopback,bench,0,0,OK,PASS,14,16384,64,8,1,30.762999999999998,24.185000000000002,30.762999999999998,"max(P0,P1)_same_phase",68.441,70.24900000000001,70.24900000000001,3.177,2.98,3.177,101.012,102.381,0.0,0.0,0.0,159921,1315329,1475168,11.254638671875,1378624,96626,INCLUDING_BASE_OT,7808,1,1,999424,999424,3,tcp_two_process; p0_coeff_bit_ot_receiver; SPLIT_COEFF_OT; one_batched_Kos_chosen_message_OT; vector_fixed_prime_setup; local_expand; tcp_two_process; p1_coeff_bit_ot_sender; SPLIT_COEFF_OT; one_batched_Kos_chosen_message_OT; vector_fixed_prime_setup; local_expand
2026-07-26T07:48:54.493843+00:00,56a80d12dc147c6f4d9452798d88f387cd1c778b,RMVOLE_NET_BENCH,RM_VECTOR_OPT,split-input-coeff-ot,vector,LOCAL_TCP,tcp-loopback,bench,1,0,OK,PASS,14,16384,64,8,1,30.745,24.188000000000002,30.745,"max(P0,P1)_same_phase",68.682,70.44300000000001,70.44300000000001,3.213,2.985,3.213,101.18800000000002,102.64099999999999,0.0,0.0,0.0,159921,1315329,1475168,11.254638671875,1378624,96626,INCLUDING_BASE_OT,7808,1,1,999424,999424,3,tcp_two_process; p0_coeff_bit_ot_receiver; SPLIT_COEFF_OT; one_batched_Kos_chosen_message_OT; vector_fixed_prime_setup; local_expand; tcp_two_process; p1_coeff_bit_ot_sender; SPLIT_COEFF_OT; one_batched_Kos_chosen_message_OT; vector_fixed_prime_setup; local_expand
2026-07-26T07:48:54.846805+00:00,56a80d12dc147c6f4d9452798d88f387cd1c778b,RMVOLE_NET_BENCH,RM_VECTOR_OPT,split-input-coeff-ot,vector,LOCAL_TCP,tcp-loopback,bench,2,0,OK,PASS,14,16384,64,8,1,30.613999999999997,24.039,30.613999999999997,"max(P0,P1)_same_phase",68.05600000000001,69.866,69.866,3.1740000000000004,2.9949999999999997,3.1740000000000004,100.47999999999999,101.84400000000001,0.0,0.0,0.0,159921,1315329,1475168,11.254638671875,1378624,96626,INCLUDING_BASE_OT,7808,1,1,999424,999424,3,tcp_two_process; p0_coeff_bit_ot_receiver; SPLIT_COEFF_OT; one_batched_Kos_chosen_message_OT; vector_fixed_prime_setup; local_expand; tcp_two_process; p1_coeff_bit_ot_sender; SPLIT_COEFF_OT; one_batched_Kos_chosen_message_OT; vector_fixed_prime_setup; local_expand
2026-07-26T07:48:55.199725+00:00,56a80d12dc147c6f4d9452798d88f387cd1c778b,RMVOLE_NET_BENCH,RM_VECTOR_OPT,split-input-coeff-ot,vector,LOCAL_TCP,tcp-loopback,bench,3,0,OK,PASS,14,16384,64,8,1,30.872,24.298000000000002,30.872,"max(P0,P1)_same_phase",68.22200000000001,70.01,70.01,3.2039999999999997,2.98,3.2039999999999997,100.882,102.298,0.0,0.0,0.0,159921,1315329,1475168,11.254638671875,1378624,96626,INCLUDING_BASE_OT,7808,1,1,999424,999424,3,tcp_two_process; p0_coeff_bit_ot_receiver; SPLIT_COEFF_OT; one_batched_Kos_chosen_message_OT; vector_fixed_prime_setup; local_expand; tcp_two_process; p1_coeff_bit_ot_sender; SPLIT_COEFF_OT; one_batched_Kos_chosen_message_OT; vector_fixed_prime_setup; local_expand
2026-07-26T07:48:55.552700+00:00,56a80d12dc147c6f4d9452798d88f387cd1c778b,RMVOLE_NET_BENCH,RM_VECTOR_OPT,split-input-coeff-ot,vector,LOCAL_TCP,tcp-loopback,bench,4,0,OK,PASS,14,16384,64,8,1,30.647000000000002,24.057,30.647000000000002,"max(P0,P1)_same_phase",68.18599999999999,70.00399999999999,70.00399999999999,3.185,2.979,3.185,100.651,102.017,0.0,0.0,0.0,159921,1315329,1475168,11.254638671875,1378624,96626,INCLUDING_BASE_OT,7808,1,1,999424,999424,3,tcp_two_process; p0_coeff_bit_ot_receiver; SPLIT_COEFF_OT; one_batched_Kos_chosen_message_OT; vector_fixed_prime_setup; local_expand; tcp_two_process; p1_coeff_bit_ot_sender; SPLIT_COEFF_OT; one_batched_Kos_chosen_message_OT; vector_fixed_prime_setup; local_expand
2026-07-26T07:48:55.905778+00:00,56a80d12dc147c6f4d9452798d88f387cd1c778b,RMVOLE_NET_BENCH,RM_VECTOR_OPT,split-input-coeff-ot,vector,LOCAL_TCP,tcp-loopback,bench,5,0,OK,PASS,14,16384,64,8,1,30.974,24.416,30.974,"max(P0,P1)_same_phase",68.23400000000001,69.913,69.913,3.1710000000000003,3.0109999999999997,3.1710000000000003,100.887,102.37899999999999,0.0,0.0,0.0,159921,1315329,1475168,11.254638671875,1378624,96626,INCLUDING_BASE_OT,7808,1,1,999424,999424,3,tcp_two_process; p0_coeff_bit_ot_receiver; SPLIT_COEFF_OT; one_batched_Kos_chosen_message_OT; vector_fixed_prime_setup; local_expand; tcp_two_process; p1_coeff_bit_ot_sender; SPLIT_COEFF_OT; one_batched_Kos_chosen_message_OT; vector_fixed_prime_setup; local_expand
2026-07-26T07:48:56.258907+00:00,56a80d12dc147c6f4d9452798d88f387cd1c778b,RMVOLE_NET_BENCH,RM_VECTOR_OPT,split-input-coeff-ot,vector,LOCAL_TCP,tcp-loopback,bench,6,0,OK,PASS,14,16384,64,8,1,30.698,24.115000000000002,30.698,"max(P0,P1)_same_phase",68.408,70.184,70.184,3.1740000000000004,2.9619999999999997,3.1740000000000004,100.882,102.28,0.0,0.0,0.0,159921,1315329,1475168,11.254638671875,1378624,96626,INCLUDING_BASE_OT,7808,1,1,999424,999424,3,tcp_two_process; p0_coeff_bit_ot_receiver; SPLIT_COEFF_OT; one_batched_Kos_chosen_message_OT; vector_fixed_prime_setup; local_expand; tcp_two_process; p1_coeff_bit_ot_sender; SPLIT_COEFF_OT; one_batched_Kos_chosen_message_OT; vector_fixed_prime_setup; local_expand
2026-07-26T07:48:56.611745+00:00,56a80d12dc147c6f4d9452798d88f387cd1c778b,RMVOLE_NET_BENCH,RM_VECTOR_OPT,split-input-coeff-ot,vector,LOCAL_TCP,tcp-loopback,bench,7,0,OK,PASS,14,16384,64,8,1,30.547,23.959,30.547,"max(P0,P1)_same_phase",68.09700000000001,69.87,69.87,3.199,2.973,3.199,100.417,101.843,0.0,0.0,0.0,159921,1315329,1475168,11.254638671875,1378624,96626,INCLUDING_BASE_OT,7808,1,1,999424,999424,3,tcp_two_process; p0_coeff_bit_ot_receiver; SPLIT_COEFF_OT; one_batched_Kos_chosen_message_OT; vector_fixed_prime_setup; local_expand; tcp_two_process; p1_coeff_bit_ot_sender; SPLIT_COEFF_OT; one_batched_Kos_chosen_message_OT; vector_fixed_prime_setup; local_expand
2026-07-26T07:48:56.964781+00:00,56a80d12dc147c6f4d9452798d88f387cd1c778b,RMVOLE_NET_BENCH,RM_VECTOR_OPT,split-input-coeff-ot,vector,LOCAL_TCP,tcp-loopback,bench,8,0,OK,PASS,14,16384,64,8,1,30.977,24.395,30.977,"max(P0,P1)_same_phase",68.26899999999999,70.044,70.044,3.178,2.98,3.178,101.021,102.424,0.0,0.0,0.0,159921,1315329,1475168,11.254638671875,1378624,96626,INCLUDING_BASE_OT,7808,1,1,999424,999424,3,tcp_two_process; p0_coeff_bit_ot_receiver; SPLIT_COEFF_OT; one_batched_Kos_chosen_message_OT; vector_fixed_prime_setup; local_expand; tcp_two_process; p1_coeff_bit_ot_sender; SPLIT_COEFF_OT; one_batched_Kos_chosen_message_OT; vector_fixed_prime_setup; local_expand
2026-07-26T07:48:57.317707+00:00,56a80d12dc147c6f4d9452798d88f387cd1c778b,RMVOLE_NET_BENCH,RM_VECTOR_OPT,split-input-coeff-ot,vector,LOCAL_TCP,tcp-loopback,bench,9,0,OK,PASS,14,16384,64,8,1,30.662,24.061,30.662,"max(P0,P1)_same_phase",68.40400000000001,70.236,70.236,3.2279999999999998,2.971,3.2279999999999998,100.898,102.294,0.0,0.0,0.0,159921,1315329,1475168,11.254638671875,1378624,96626,INCLUDING_BASE_OT,7808,1,1,999424,999424,3,tcp_two_process; p0_coeff_bit_ot_receiver; SPLIT_COEFF_OT; one_batched_Kos_chosen_message_OT; vector_fixed_prime_setup; local_expand; tcp_two_process; p1_coeff_bit_ot_sender; SPLIT_COEFF_OT; one_batched_Kos_chosen_message_OT; vector_fixed_prime_setup; local_expand
2026-07-26T07:48:58.021168+00:00,56a80d12dc147c6f4d9452798d88f387cd1c778b,SILENT_SVOLE_TCP,SILENT_SVOLE,,,LOCAL_TCP,tcp-loopback,bench,-1,1,OK,PASS,14,16384,64,8,1,459.237,435.38500000000005,0.0,,0.0,0.0,0.0,0.0,0.0,0.0,459.23800000000006,459.237,426.967,104.071,0.0,8190160,135800,8325896,63.52154541015625,0,0,,0,0,0,0,0,0,"tcp_two_process; libOTe_SilentVole; semi_honest_128; MultType=ExConv7x24; BaseElem=u64; ExtElem=array<u64,M>; x=c; Z0=a; Z1=-b; tcp_two_process; libOTe_SilentVole; semi_honest_128; MultType=ExConv7x24; BaseElem=u64; ExtElem=array<u64,M>; x=c; Z0=a; Z1=-b"
2026-07-26T07:48:58.724829+00:00,56a80d12dc147c6f4d9452798d88f387cd1c778b,SILENT_SVOLE_TCP,SILENT_SVOLE,,,LOCAL_TCP,tcp-loopback,bench,0,0,OK,PASS,14,16384,64,8,1,458.895,438.712,0.0,,0.0,0.0,0.0,0.0,0.0,0.0,458.896,458.895,430.36,104.781,0.0,8190160,135800,8325896,63.52154541015625,0,0,,0,0,0,0,0,0,"tcp_two_process; libOTe_SilentVole; semi_honest_128; MultType=ExConv7x24; BaseElem=u64; ExtElem=array<u64,M>; x=c; Z0=a; Z1=-b; tcp_two_process; libOTe_SilentVole; semi_honest_128; MultType=ExConv7x24; BaseElem=u64; ExtElem=array<u64,M>; x=c; Z0=a; Z1=-b"
2026-07-26T07:48:59.428282+00:00,56a80d12dc147c6f4d9452798d88f387cd1c778b,SILENT_SVOLE_TCP,SILENT_SVOLE,,,LOCAL_TCP,tcp-loopback,bench,1,0,OK,PASS,14,16384,64,8,1,459.431,438.546,0.0,,0.0,0.0,0.0,0.0,0.0,0.0,459.43100000000004,459.431,430.196,105.202,0.0,8190160,135800,8325896,63.52154541015625,0,0,,0,0,0,0,0,0,"tcp_two_process; libOTe_SilentVole; semi_honest_128; MultType=ExConv7x24; BaseElem=u64; ExtElem=array<u64,M>; x=c; Z0=a; Z1=-b; tcp_two_process; libOTe_SilentVole; semi_honest_128; MultType=ExConv7x24; BaseElem=u64; ExtElem=array<u64,M>; x=c; Z0=a; Z1=-b"
2026-07-26T07:49:00.131879+00:00,56a80d12dc147c6f4d9452798d88f387cd1c778b,SILENT_SVOLE_TCP,SILENT_SVOLE,,,LOCAL_TCP,tcp-loopback,bench,2,0,OK,PASS,14,16384,64,8,1,458.933,437.699,0.0,,0.0,0.0,0.0,0.0,0.0,0.0,458.933,458.933,429.278,104.622,0.0,8190160,135800,8325896,63.52154541015625,0,0,,0,0,0,0,0,0,"tcp_two_process; libOTe_SilentVole; semi_honest_128; MultType=ExConv7x24; BaseElem=u64; ExtElem=array<u64,M>; x=c; Z0=a; Z1=-b; tcp_two_process; libOTe_SilentVole; semi_honest_128; MultType=ExConv7x24; BaseElem=u64; ExtElem=array<u64,M>; x=c; Z0=a; Z1=-b"
2026-07-26T07:49:00.835593+00:00,56a80d12dc147c6f4d9452798d88f387cd1c778b,SILENT_SVOLE_TCP,SILENT_SVOLE,,,LOCAL_TCP,tcp-loopback,bench,3,0,OK,PASS,14,16384,64,8,1,457.55899999999997,436.2,0.0,,0.0,0.0,0.0,0.0,0.0,0.0,457.55999999999995,457.55899999999997,427.861,104.39800000000001,0.0,8190160,135800,8325896,63.52154541015625,0,0,,0,0,0,0,0,0,"tcp_two_process; libOTe_SilentVole; semi_honest_128; MultType=ExConv7x24; BaseElem=u64; ExtElem=array<u64,M>; x=c; Z0=a; Z1=-b; tcp_two_process; libOTe_SilentVole; semi_honest_128; MultType=ExConv7x24; BaseElem=u64; ExtElem=array<u64,M>; x=c; Z0=a; Z1=-b"
2026-07-26T07:49:01.539083+00:00,56a80d12dc147c6f4d9452798d88f387cd1c778b,SILENT_SVOLE_TCP,SILENT_SVOLE,,,LOCAL_TCP,tcp-loopback,bench,4,0,OK,PASS,14,16384,64,8,1,458.67999999999995,436.705,0.0,,0.0,0.0,0.0,0.0,0.0,0.0,458.67999999999995,458.67999999999995,428.387,104.78899999999999,0.0,8190160,135800,8325896,63.52154541015625,0,0,,0,0,0,0,0,0,"tcp_two_process; libOTe_SilentVole; semi_honest_128; MultType=ExConv7x24; BaseElem=u64; ExtElem=array<u64,M>; x=c; Z0=a; Z1=-b; tcp_two_process; libOTe_SilentVole; semi_honest_128; MultType=ExConv7x24; BaseElem=u64; ExtElem=array<u64,M>; x=c; Z0=a; Z1=-b"
2026-07-26T07:49:02.242647+00:00,56a80d12dc147c6f4d9452798d88f387cd1c778b,SILENT_SVOLE_TCP,SILENT_SVOLE,,,LOCAL_TCP,tcp-loopback,bench,5,0,OK,PASS,14,16384,64,8,1,458.515,436.008,0.0,,0.0,0.0,0.0,0.0,0.0,0.0,458.515,458.515,427.484,104.369,0.0,8190160,135800,8325896,63.52154541015625,0,0,,0,0,0,0,0,0,"tcp_two_process; libOTe_SilentVole; semi_honest_128; MultType=ExConv7x24; BaseElem=u64; ExtElem=array<u64,M>; x=c; Z0=a; Z1=-b; tcp_two_process; libOTe_SilentVole; semi_honest_128; MultType=ExConv7x24; BaseElem=u64; ExtElem=array<u64,M>; x=c; Z0=a; Z1=-b"
2026-07-26T07:49:02.946367+00:00,56a80d12dc147c6f4d9452798d88f387cd1c778b,SILENT_SVOLE_TCP,SILENT_SVOLE,,,LOCAL_TCP,tcp-loopback,bench,6,0,OK,PASS,14,16384,64,8,1,458.298,435.639,0.0,,0.0,0.0,0.0,0.0,0.0,0.0,458.298,458.298,427.242,104.97099999999999,0.0,8190160,135800,8325896,63.52154541015625,0,0,,0,0,0,0,0,0,"tcp_two_process; libOTe_SilentVole; semi_honest_128; MultType=ExConv7x24; BaseElem=u64; ExtElem=array<u64,M>; x=c; Z0=a; Z1=-b; tcp_two_process; libOTe_SilentVole; semi_honest_128; MultType=ExConv7x24; BaseElem=u64; ExtElem=array<u64,M>; x=c; Z0=a; Z1=-b"
2026-07-26T07:49:03.650237+00:00,56a80d12dc147c6f4d9452798d88f387cd1c778b,SILENT_SVOLE_TCP,SILENT_SVOLE,,,LOCAL_TCP,tcp-loopback,bench,7,0,OK,PASS,14,16384,64,8,1,458.588,435.789,0.0,,0.0,0.0,0.0,0.0,0.0,0.0,458.589,458.588,427.442,104.78899999999999,0.0,8190160,135800,8325896,63.52154541015625,0,0,,0,0,0,0,0,0,"tcp_two_process; libOTe_SilentVole; semi_honest_128; MultType=ExConv7x24; BaseElem=u64; ExtElem=array<u64,M>; x=c; Z0=a; Z1=-b; tcp_two_process; libOTe_SilentVole; semi_honest_128; MultType=ExConv7x24; BaseElem=u64; ExtElem=array<u64,M>; x=c; Z0=a; Z1=-b"
2026-07-26T07:49:04.353821+00:00,56a80d12dc147c6f4d9452798d88f387cd1c778b,SILENT_SVOLE_TCP,SILENT_SVOLE,,,LOCAL_TCP,tcp-loopback,bench,8,0,OK,PASS,14,16384,64,8,1,459.648,436.29400000000004,0.0,,0.0,0.0,0.0,0.0,0.0,0.0,459.647,459.648,427.85200000000003,104.87100000000001,0.0,8190160,135800,8325896,63.52154541015625,0,0,,0,0,0,0,0,0,"tcp_two_process; libOTe_SilentVole; semi_honest_128; MultType=ExConv7x24; BaseElem=u64; ExtElem=array<u64,M>; x=c; Z0=a; Z1=-b; tcp_two_process; libOTe_SilentVole; semi_honest_128; MultType=ExConv7x24; BaseElem=u64; ExtElem=array<u64,M>; x=c; Z0=a; Z1=-b"
2026-07-26T07:49:05.057550+00:00,56a80d12dc147c6f4d9452798d88f387cd1c778b,SILENT_SVOLE_TCP,SILENT_SVOLE,,,LOCAL_TCP,tcp-loopback,bench,9,0,OK,PASS,14,16384,64,8,1,459.384,435.98900000000003,0.0,,0.0,0.0,0.0,0.0,0.0,0.0,459.384,459.384,427.642,104.601,0.0,8190160,135800,8325896,63.52154541015625,0,0,,0,0,0,0,0,0,"tcp_two_process; libOTe_SilentVole; semi_honest_128; MultType=ExConv7x24; BaseElem=u64; ExtElem=array<u64,M>; x=c; Z0=a; Z1=-b; tcp_two_process; libOTe_SilentVole; semi_honest_128; MultType=ExConv7x24; BaseElem=u64; ExtElem=array<u64,M>; x=c; Z0=a; Z1=-b"
2026-07-26T07:49:05.410813+00:00,56a80d12dc147c6f4d9452798d88f387cd1c778b,RMVOLE_NET_BENCH,RM_VECTOR_OPT,split-input-coeff-ot,vector,LOCAL_TCP,tcp-loopback,bench,-1,1,OK,PASS,14,16384,64,16,1,33.663,26.904999999999998,33.663,"max(P0,P1)_same_phase",77.86999999999999,74.585,77.86999999999999,6.204999999999999,5.904000000000001,6.204999999999999,111.53299999999999,117.738,0.0,0.0,0.0,159985,2347521,2507360,9.5648193359375,2378048,129458,INCLUDING_BASE_OT,7808,1,1,1998848,1998848,3,tcp_two_process; p0_coeff_bit_ot_receiver; SPLIT_COEFF_OT; one_batched_Kos_chosen_message_OT; vector_fixed_prime_setup; local_expand; tcp_two_process; p1_coeff_bit_ot_sender; SPLIT_COEFF_OT; one_batched_Kos_chosen_message_OT; vector_fixed_prime_setup; local_expand
2026-07-26T07:49:05.764027+00:00,56a80d12dc147c6f4d9452798d88f387cd1c778b,RMVOLE_NET_BENCH,RM_VECTOR_OPT,split-input-coeff-ot,vector,LOCAL_TCP,tcp-loopback,bench,0,0,OK,PASS,14,16384,64,16,1,33.358,26.665000000000003,33.358,"max(P0,P1)_same_phase",77.455,74.19099999999999,77.455,6.19,5.889,6.19,110.81299999999999,117.003,0.0,0.0,0.0,159985,2347521,2507360,9.5648193359375,2378048,129458,INCLUDING_BASE_OT,7808,1,1,1998848,1998848,3,tcp_two_process; p0_coeff_bit_ot_receiver; SPLIT_COEFF_OT; one_batched_Kos_chosen_message_OT; vector_fixed_prime_setup; local_expand; tcp_two_process; p1_coeff_bit_ot_sender; SPLIT_COEFF_OT; one_batched_Kos_chosen_message_OT; vector_fixed_prime_setup; local_expand
2026-07-26T07:49:06.117224+00:00,56a80d12dc147c6f4d9452798d88f387cd1c778b,RMVOLE_NET_BENCH,RM_VECTOR_OPT,split-input-coeff-ot,vector,LOCAL_TCP,tcp-loopback,bench,1,0,OK,PASS,14,16384,64,16,1,33.412,26.732,33.412,"max(P0,P1)_same_phase",78.182,74.63300000000001,78.182,6.156,5.9430000000000005,6.156,111.594,117.74900000000001,0.0,0.0,0.0,159985,2347521,2507360,9.5648193359375,2378048,129458,INCLUDING_BASE_OT,7808,1,1,1998848,1998848,3,tcp_two_process; p0_coeff_bit_ot_receiver; SPLIT_COEFF_OT; one_batched_Kos_chosen_message_OT; vector_fixed_prime_setup; local_expand; tcp_two_process; p1_coeff_bit_ot_sender; SPLIT_COEFF_OT; one_batched_Kos_chosen_message_OT; vector_fixed_prime_setup; local_expand
2026-07-26T07:49:06.470554+00:00,56a80d12dc147c6f4d9452798d88f387cd1c778b,RMVOLE_NET_BENCH,RM_VECTOR_OPT,split-input-coeff-ot,vector,LOCAL_TCP,tcp-loopback,bench,2,0,OK,PASS,14,16384,64,16,1,33.361000000000004,26.683,33.361000000000004,"max(P0,P1)_same_phase",77.28599999999999,73.916,77.28599999999999,6.151,5.886,6.151,110.64699999999999,116.797,0.0,0.0,0.0,159985,2347521,2507360,9.5648193359375,2378048,129458,INCLUDING_BASE_OT,7808,1,1,1998848,1998848,3,tcp_two_process; p0_coeff_bit_ot_receiver; SPLIT_COEFF_OT; one_batched_Kos_chosen_message_OT; vector_fixed_prime_setup; local_expand; tcp_two_process; p1_coeff_bit_ot_sender; SPLIT_COEFF_OT; one_batched_Kos_chosen_message_OT; vector_fixed_prime_setup; local_expand
2026-07-26T07:49:06.823713+00:00,56a80d12dc147c6f4d9452798d88f387cd1c778b,RMVOLE_NET_BENCH,RM_VECTOR_OPT,split-input-coeff-ot,vector,LOCAL_TCP,tcp-loopback,bench,3,0,OK,PASS,14,16384,64,16,1,33.239,26.611,33.239,"max(P0,P1)_same_phase",77.57600000000001,74.16,77.57600000000001,6.143,5.993,6.143,110.815,116.95899999999999,0.0,0.0,0.0,159985,2347521,2507360,9.5648193359375,2378048,129458,INCLUDING_BASE_OT,7808,1,1,1998848,1998848,3,tcp_two_process; p0_coeff_bit_ot_receiver; SPLIT_COEFF_OT; one_batched_Kos_chosen_message_OT; vector_fixed_prime_setup; local_expand; tcp_two_process; p1_coeff_bit_ot_sender; SPLIT_COEFF_OT; one_batched_Kos_chosen_message_OT; vector_fixed_prime_setup; local_expand
2026-07-26T07:49:07.176954+00:00,56a80d12dc147c6f4d9452798d88f387cd1c778b,RMVOLE_NET_BENCH,RM_VECTOR_OPT,split-input-coeff-ot,vector,LOCAL_TCP,tcp-loopback,bench,4,0,OK,PASS,14,16384,64,16,1,33.369,26.723,33.369,"max(P0,P1)_same_phase",77.396,74.03899999999999,77.396,6.146000000000001,5.882,6.146000000000001,110.765,116.912,0.0,0.0,0.0,159985,2347521,2507360,9.5648193359375,2378048,129458,INCLUDING_BASE_OT,7808,1,1,1998848,1998848,3,tcp_two_process; p0_coeff_bit_ot_receiver; SPLIT_COEFF_OT; one_batched_Kos_chosen_message_OT; vector_fixed_prime_setup; local_expand; tcp_two_process; p1_coeff_bit_ot_sender; SPLIT_COEFF_OT; one_batched_Kos_chosen_message_OT; vector_fixed_prime_setup; local_expand
2026-07-26T07:49:07.530518+00:00,56a80d12dc147c6f4d9452798d88f387cd1c778b,RMVOLE_NET_BENCH,RM_VECTOR_OPT,split-input-coeff-ot,vector,LOCAL_TCP,tcp-loopback,bench,5,0,OK,PASS,14,16384,64,16,1,33.573,26.856,33.573,"max(P0,P1)_same_phase",77.438,74.05499999999999,77.438,6.18,5.922000000000001,6.18,111.011,117.191,0.0,0.0,0.0,159985,2347521,2507360,9.5648193359375,2378048,129458,INCLUDING_BASE_OT,7808,1,1,1998848,1998848,3,tcp_two_process; p0_coeff_bit_ot_receiver; SPLIT_COEFF_OT; one_batched_Kos_chosen_message_OT; vector_fixed_prime_setup; local_expand; tcp_two_process; p1_coeff_bit_ot_sender; SPLIT_COEFF_OT; one_batched_Kos_chosen_message_OT; vector_fixed_prime_setup; local_expand
2026-07-26T07:49:07.883976+00:00,56a80d12dc147c6f4d9452798d88f387cd1c778b,RMVOLE_NET_BENCH,RM_VECTOR_OPT,split-input-coeff-ot,vector,LOCAL_TCP,tcp-loopback,bench,6,0,OK,PASS,14,16384,64,16,1,33.415,26.768,33.415,"max(P0,P1)_same_phase",77.818,74.336,77.818,6.178999999999999,5.934,6.178999999999999,111.233,117.412,0.0,0.0,0.0,159985,2347521,2507360,9.5648193359375,2378048,129458,INCLUDING_BASE_OT,7808,1,1,1998848,1998848,3,tcp_two_process; p0_coeff_bit_ot_receiver; SPLIT_COEFF_OT; one_batched_Kos_chosen_message_OT; vector_fixed_prime_setup; local_expand; tcp_two_process; p1_coeff_bit_ot_sender; SPLIT_COEFF_OT; one_batched_Kos_chosen_message_OT; vector_fixed_prime_setup; local_expand
2026-07-26T07:49:08.237676+00:00,56a80d12dc147c6f4d9452798d88f387cd1c778b,RMVOLE_NET_BENCH,RM_VECTOR_OPT,split-input-coeff-ot,vector,LOCAL_TCP,tcp-loopback,bench,7,0,OK,PASS,14,16384,64,16,1,33.385999999999996,26.759,33.385999999999996,"max(P0,P1)_same_phase",77.77499999999999,74.225,77.77499999999999,6.2059999999999995,5.904999999999999,6.2059999999999995,111.16099999999999,117.368,0.0,0.0,0.0,159985,2347521,2507360,9.5648193359375,2378048,129458,INCLUDING_BASE_OT,7808,1,1,1998848,1998848,3,tcp_two_process; p0_coeff_bit_ot_receiver; SPLIT_COEFF_OT; one_batched_Kos_chosen_message_OT; vector_fixed_prime_setup; local_expand; tcp_two_process; p1_coeff_bit_ot_sender; SPLIT_COEFF_OT; one_batched_Kos_chosen_message_OT; vector_fixed_prime_setup; local_expand
2026-07-26T07:49:08.591064+00:00,56a80d12dc147c6f4d9452798d88f387cd1c778b,RMVOLE_NET_BENCH,RM_VECTOR_OPT,split-input-coeff-ot,vector,LOCAL_TCP,tcp-loopback,bench,8,0,OK,PASS,14,16384,64,16,1,33.359,26.702,33.359,"max(P0,P1)_same_phase",77.46000000000001,74.12100000000001,77.46000000000001,6.191000000000001,5.889,6.191000000000001,110.81900000000002,117.01100000000001,0.0,0.0,0.0,159985,2347521,2507360,9.5648193359375,2378048,129458,INCLUDING_BASE_OT,7808,1,1,1998848,1998848,3,tcp_two_process; p0_coeff_bit_ot_receiver; SPLIT_COEFF_OT; one_batched_Kos_chosen_message_OT; vector_fixed_prime_setup; local_expand; tcp_two_process; p1_coeff_bit_ot_sender; SPLIT_COEFF_OT; one_batched_Kos_chosen_message_OT; vector_fixed_prime_setup; local_expand
2026-07-26T07:49:08.944449+00:00,56a80d12dc147c6f4d9452798d88f387cd1c778b,RMVOLE_NET_BENCH,RM_VECTOR_OPT,split-input-coeff-ot,vector,LOCAL_TCP,tcp-loopback,bench,9,0,OK,PASS,14,16384,64,16,1,33.472,26.835,33.472,"max(P0,P1)_same_phase",77.41000000000001,74.048,77.41000000000001,6.114,5.872,6.114,110.882,116.99600000000001,0.0,0.0,0.0,159985,2347521,2507360,9.5648193359375,2378048,129458,INCLUDING_BASE_OT,7808,1,1,1998848,1998848,3,tcp_two_process; p0_coeff_bit_ot_receiver; SPLIT_COEFF_OT; one_batched_Kos_chosen_message_OT; vector_fixed_prime_setup; local_expand; tcp_two_process; p1_coeff_bit_ot_sender; SPLIT_COEFF_OT; one_batched_Kos_chosen_message_OT; vector_fixed_prime_setup; local_expand
2026-07-26T07:49:09.798358+00:00,56a80d12dc147c6f4d9452798d88f387cd1c778b,SILENT_SVOLE_TCP,SILENT_SVOLE,,,LOCAL_TCP,tcp-loopback,bench,-1,1,OK,PASS,14,16384,64,16,1,628.59,600.8860000000001,0.0,,0.0,0.0,0.0,0.0,0.0,0.0,628.59,628.59,585.781,114.259,0.0,32569616,215672,32785160,125.06546020507812,0,0,,0,0,0,0,0,0,"tcp_two_process; libOTe_SilentVole; semi_honest_128; MultType=ExConv7x24; BaseElem=u64; ExtElem=array<u64,M>; x=c; Z0=a; Z1=-b; tcp_two_process; libOTe_SilentVole; semi_honest_128; MultType=ExConv7x24; BaseElem=u64; ExtElem=array<u64,M>; x=c; Z0=a; Z1=-b"
2026-07-26T07:49:10.652509+00:00,56a80d12dc147c6f4d9452798d88f387cd1c778b,SILENT_SVOLE_TCP,SILENT_SVOLE,,,LOCAL_TCP,tcp-loopback,bench,0,0,OK,PASS,14,16384,64,16,1,625.186,598.598,0.0,,0.0,0.0,0.0,0.0,0.0,0.0,625.186,625.186,583.0490000000001,111.83800000000001,0.0,32569616,215672,32785160,125.06546020507812,0,0,,0,0,0,0,0,0,"tcp_two_process; libOTe_SilentVole; semi_honest_128; MultType=ExConv7x24; BaseElem=u64; ExtElem=array<u64,M>; x=c; Z0=a; Z1=-b; tcp_two_process; libOTe_SilentVole; semi_honest_128; MultType=ExConv7x24; BaseElem=u64; ExtElem=array<u64,M>; x=c; Z0=a; Z1=-b"
2026-07-26T07:49:11.506611+00:00,56a80d12dc147c6f4d9452798d88f387cd1c778b,SILENT_SVOLE_TCP,SILENT_SVOLE,,,LOCAL_TCP,tcp-loopback,bench,1,0,OK,PASS,14,16384,64,16,1,627.223,600.3589999999999,0.0,,0.0,0.0,0.0,0.0,0.0,0.0,627.2230000000001,627.223,584.836,114.176,0.0,32569616,215672,32785160,125.06546020507812,0,0,,0,0,0,0,0,0,"tcp_two_process; libOTe_SilentVole; semi_honest_128; MultType=ExConv7x24; BaseElem=u64; ExtElem=array<u64,M>; x=c; Z0=a; Z1=-b; tcp_two_process; libOTe_SilentVole; semi_honest_128; MultType=ExConv7x24; BaseElem=u64; ExtElem=array<u64,M>; x=c; Z0=a; Z1=-b"
2026-07-26T07:49:12.360732+00:00,56a80d12dc147c6f4d9452798d88f387cd1c778b,SILENT_SVOLE_TCP,SILENT_SVOLE,,,LOCAL_TCP,tcp-loopback,bench,2,0,OK,PASS,14,16384,64,16,1,625.0440000000001,598.481,0.0,,0.0,0.0,0.0,0.0,0.0,0.0,625.0440000000001,625.0440000000001,582.924,111.87700000000001,0.0,32569616,215672,32785160,125.06546020507812,0,0,,0,0,0,0,0,0,"tcp_two_process; libOTe_SilentVole; semi_honest_128; MultType=ExConv7x24; BaseElem=u64; ExtElem=array<u64,M>; x=c; Z0=a; Z1=-b; tcp_two_process; libOTe_SilentVole; semi_honest_128; MultType=ExConv7x24; BaseElem=u64; ExtElem=array<u64,M>; x=c; Z0=a; Z1=-b"
2026-07-26T07:49:13.214801+00:00,56a80d12dc147c6f4d9452798d88f387cd1c778b,SILENT_SVOLE_TCP,SILENT_SVOLE,,,LOCAL_TCP,tcp-loopback,bench,3,0,OK,PASS,14,16384,64,16,1,627.078,600.702,0.0,,0.0,0.0,0.0,0.0,0.0,0.0,627.078,627.078,585.1229999999999,113.54400000000001,0.0,32569616,215672,32785160,125.06546020507812,0,0,,0,0,0,0,0,0,"tcp_two_process; libOTe_SilentVole; semi_honest_128; MultType=ExConv7x24; BaseElem=u64; ExtElem=array<u64,M>; x=c; Z0=a; Z1=-b; tcp_two_process; libOTe_SilentVole; semi_honest_128; MultType=ExConv7x24; BaseElem=u64; ExtElem=array<u64,M>; x=c; Z0=a; Z1=-b"
2026-07-26T07:49:14.068794+00:00,56a80d12dc147c6f4d9452798d88f387cd1c778b,SILENT_SVOLE_TCP,SILENT_SVOLE,,,LOCAL_TCP,tcp-loopback,bench,4,0,OK,PASS,14,16384,64,16,1,624.991,598.558,0.0,,0.0,0.0,0.0,0.0,0.0,0.0,624.9899999999999,624.991,583.013,111.656,0.0,32569616,215672,32785160,125.06546020507812,0,0,,0,0,0,0,0,0,"tcp_two_process; libOTe_SilentVole; semi_honest_128; MultType=ExConv7x24; BaseElem=u64; ExtElem=array<u64,M>; x=c; Z0=a; Z1=-b; tcp_two_process; libOTe_SilentVole; semi_honest_128; MultType=ExConv7x24; BaseElem=u64; ExtElem=array<u64,M>; x=c; Z0=a; Z1=-b"
2026-07-26T07:49:14.923092+00:00,56a80d12dc147c6f4d9452798d88f387cd1c778b,SILENT_SVOLE_TCP,SILENT_SVOLE,,,LOCAL_TCP,tcp-loopback,bench,5,0,OK,PASS,14,16384,64,16,1,626.4380000000001,597.855,0.0,,0.0,0.0,0.0,0.0,0.0,0.0,626.4380000000001,626.4380000000001,582.2929999999999,112.391,0.0,32569616,215672,32785160,125.06546020507812,0,0,,0,0,0,0,0,0,"tcp_two_process; libOTe_SilentVole; semi_honest_128; MultType=ExConv7x24; BaseElem=u64; ExtElem=array<u64,M>; x=c; Z0=a; Z1=-b; tcp_two_process; libOTe_SilentVole; semi_honest_128; MultType=ExConv7x24; BaseElem=u64; ExtElem=array<u64,M>; x=c; Z0=a; Z1=-b"
2026-07-26T07:49:15.777086+00:00,56a80d12dc147c6f4d9452798d88f387cd1c778b,SILENT_SVOLE_TCP,SILENT_SVOLE,,,LOCAL_TCP,tcp-loopback,bench,6,0,OK,PASS,14,16384,64,16,1,624.76,599.442,0.0,,0.0,0.0,0.0,0.0,0.0,0.0,624.7600000000001,624.76,583.838,111.307,0.0,32569616,215672,32785160,125.06546020507812,0,0,,0,0,0,0,0,0,"tcp_two_process; libOTe_SilentVole; semi_honest_128; MultType=ExConv7x24; BaseElem=u64; ExtElem=array<u64,M>; x=c; Z0=a; Z1=-b; tcp_two_process; libOTe_SilentVole; semi_honest_128; MultType=ExConv7x24; BaseElem=u64; ExtElem=array<u64,M>; x=c; Z0=a; Z1=-b"
2026-07-26T07:49:16.631140+00:00,56a80d12dc147c6f4d9452798d88f387cd1c778b,SILENT_SVOLE_TCP,SILENT_SVOLE,,,LOCAL_TCP,tcp-loopback,bench,7,0,OK,PASS,14,16384,64,16,1,626.97,601.6669999999999,0.0,,0.0,0.0,0.0,0.0,0.0,0.0,626.9709999999999,626.97,586.1579999999999,113.239,0.0,32569616,215672,32785160,125.06546020507812,0,0,,0,0,0,0,0,0,"tcp_two_process; libOTe_SilentVole; semi_honest_128; MultType=ExConv7x24; BaseElem=u64; ExtElem=array<u64,M>; x=c; Z0=a; Z1=-b; tcp_two_process; libOTe_SilentVole; semi_honest_128; MultType=ExConv7x24; BaseElem=u64; ExtElem=array<u64,M>; x=c; Z0=a; Z1=-b"
2026-07-26T07:49:17.485140+00:00,56a80d12dc147c6f4d9452798d88f387cd1c778b,SILENT_SVOLE_TCP,SILENT_SVOLE,,,LOCAL_TCP,tcp-loopback,bench,8,0,OK,PASS,14,16384,64,16,1,628.5469999999999,599.2819999999999,0.0,,0.0,0.0,0.0,0.0,0.0,0.0,628.5469999999999,628.5469999999999,584.313,113.732,0.0,32569616,215672,32785160,125.06546020507812,0,0,,0,0,0,0,0,0,"tcp_two_process; libOTe_SilentVole; semi_honest_128; MultType=ExConv7x24; BaseElem=u64; ExtElem=array<u64,M>; x=c; Z0=a; Z1=-b; tcp_two_process; libOTe_SilentVole; semi_honest_128; MultType=ExConv7x24; BaseElem=u64; ExtElem=array<u64,M>; x=c; Z0=a; Z1=-b"
2026-07-26T07:49:18.339197+00:00,56a80d12dc147c6f4d9452798d88f387cd1c778b,SILENT_SVOLE_TCP,SILENT_SVOLE,,,LOCAL_TCP,tcp-loopback,bench,9,0,OK,PASS,14,16384,64,16,1,627.245,598.784,0.0,,0.0,0.0,0.0,0.0,0.0,0.0,627.244,627.245,582.884,113.459,0.0,32569616,215672,32785160,125.06546020507812,0,0,,0,0,0,0,0,0,"tcp_two_process; libOTe_SilentVole; semi_honest_128; MultType=ExConv7x24; BaseElem=u64; ExtElem=array<u64,M>; x=c; Z0=a; Z1=-b; tcp_two_process; libOTe_SilentVole; semi_honest_128; MultType=ExConv7x24; BaseElem=u64; ExtElem=array<u64,M>; x=c; Z0=a; Z1=-b"
2026-07-26T07:49:18.742532+00:00,56a80d12dc147c6f4d9452798d88f387cd1c778b,RMVOLE_NET_BENCH,RM_VECTOR_OPT,split-input-coeff-ot,vector,LOCAL_TCP,tcp-loopback,bench,-1,1,OK,PASS,14,16384,64,32,1,38.262,31.343000000000004,38.262,"max(P0,P1)_same_phase",89.88799999999999,80.82000000000001,89.88799999999999,12.236,11.998999999999999,12.236,128.14999999999998,140.38600000000002,0.0,0.0,0.0,160113,4411905,4571744,8.71990966796875,4376896,195122,INCLUDING_BASE_OT,7808,1,1,3997696,3997696,3,tcp_two_process; p0_coeff_bit_ot_receiver; SPLIT_COEFF_OT; one_batched_Kos_chosen_message_OT; vector_fixed_prime_setup; local_expand; tcp_two_process; p1_coeff_bit_ot_sender; SPLIT_COEFF_OT; one_batched_Kos_chosen_message_OT; vector_fixed_prime_setup; local_expand
2026-07-26T07:49:19.145792+00:00,56a80d12dc147c6f4d9452798d88f387cd1c778b,RMVOLE_NET_BENCH,RM_VECTOR_OPT,split-input-coeff-ot,vector,LOCAL_TCP,tcp-loopback,bench,0,0,OK,PASS,14,16384,64,32,1,38.056,31.154,38.056,"max(P0,P1)_same_phase",86.925,81.375,86.925,12.647,12.193000000000001,12.647,124.981,137.62800000000001,0.0,0.0,0.0,160113,4411905,4571744,8.71990966796875,4376896,195122,INCLUDING_BASE_OT,7808,1,1,3997696,3997696,3,tcp_two_process; p0_coeff_bit_ot_receiver; SPLIT_COEFF_OT; one_batched_Kos_chosen_message_OT; vector_fixed_prime_setup; local_expand; tcp_two_process; p1_coeff_bit_ot_sender; SPLIT_COEFF_OT; one_batched_Kos_chosen_message_OT; vector_fixed_prime_setup; local_expand
2026-07-26T07:49:19.549301+00:00,56a80d12dc147c6f4d9452798d88f387cd1c778b,RMVOLE_NET_BENCH,RM_VECTOR_OPT,split-input-coeff-ot,vector,LOCAL_TCP,tcp-loopback,bench,1,0,OK,PASS,14,16384,64,32,1,38.362,31.415,38.362,"max(P0,P1)_same_phase",85.57900000000001,81.086,85.57900000000001,12.283000000000001,12.052,12.283000000000001,123.941,136.22400000000002,0.0,0.0,0.0,160113,4411905,4571744,8.71990966796875,4376896,195122,INCLUDING_BASE_OT,7808,1,1,3997696,3997696,3,tcp_two_process; p0_coeff_bit_ot_receiver; SPLIT_COEFF_OT; one_batched_Kos_chosen_message_OT; vector_fixed_prime_setup; local_expand; tcp_two_process; p1_coeff_bit_ot_sender; SPLIT_COEFF_OT; one_batched_Kos_chosen_message_OT; vector_fixed_prime_setup; local_expand
2026-07-26T07:49:19.952769+00:00,56a80d12dc147c6f4d9452798d88f387cd1c778b,RMVOLE_NET_BENCH,RM_VECTOR_OPT,split-input-coeff-ot,vector,LOCAL_TCP,tcp-loopback,bench,2,0,OK,PASS,14,16384,64,32,1,38.135000000000005,31.217000000000002,38.135000000000005,"max(P0,P1)_same_phase",86.256,80.89699999999999,86.256,12.233,12.031,12.233,124.391,136.624,0.0,0.0,0.0,160113,4411905,4571744,8.71990966796875,4376896,195122,INCLUDING_BASE_OT,7808,1,1,3997696,3997696,3,tcp_two_process; p0_coeff_bit_ot_receiver; SPLIT_COEFF_OT; one_batched_Kos_chosen_message_OT; vector_fixed_prime_setup; local_expand; tcp_two_process; p1_coeff_bit_ot_sender; SPLIT_COEFF_OT; one_batched_Kos_chosen_message_OT; vector_fixed_prime_setup; local_expand
2026-07-26T07:49:20.356079+00:00,56a80d12dc147c6f4d9452798d88f387cd1c778b,RMVOLE_NET_BENCH,RM_VECTOR_OPT,split-input-coeff-ot,vector,LOCAL_TCP,tcp-loopback,bench,3,0,OK,PASS,14,16384,64,32,1,38.257,31.330999999999996,38.257,"max(P0,P1)_same_phase",90.249,81.253,90.249,12.408000000000001,11.993,12.408000000000001,128.506,140.91400000000002,0.0,0.0,0.0,160113,4411905,4571744,8.71990966796875,4376896,195122,INCLUDING_BASE_OT,7808,1,1,3997696,3997696,3,tcp_two_process; p0_coeff_bit_ot_receiver; SPLIT_COEFF_OT; one_batched_Kos_chosen_message_OT; vector_fixed_prime_setup; local_expand; tcp_two_process; p1_coeff_bit_ot_sender; SPLIT_COEFF_OT; one_batched_Kos_chosen_message_OT; vector_fixed_prime_setup; local_expand
2026-07-26T07:49:20.759567+00:00,56a80d12dc147c6f4d9452798d88f387cd1c778b,RMVOLE_NET_BENCH,RM_VECTOR_OPT,split-input-coeff-ot,vector,LOCAL_TCP,tcp-loopback,bench,4,0,OK,PASS,14,16384,64,32,1,38.111,31.191,38.111,"max(P0,P1)_same_phase",90.084,80.87,90.084,12.235,11.988999999999999,12.235,128.195,140.431,0.0,0.0,0.0,160113,4411905,4571744,8.71990966796875,4376896,195122,INCLUDING_BASE_OT,7808,1,1,3997696,3997696,3,tcp_two_process; p0_coeff_bit_ot_receiver; SPLIT_COEFF_OT; one_batched_Kos_chosen_message_OT; vector_fixed_prime_setup; local_expand; tcp_two_process; p1_coeff_bit_ot_sender; SPLIT_COEFF_OT; one_batched_Kos_chosen_message_OT; vector_fixed_prime_setup; local_expand
2026-07-26T07:49:21.162896+00:00,56a80d12dc147c6f4d9452798d88f387cd1c778b,RMVOLE_NET_BENCH,RM_VECTOR_OPT,split-input-coeff-ot,vector,LOCAL_TCP,tcp-loopback,bench,5,0,OK,PASS,14,16384,64,32,1,38.161,31.144000000000002,38.161,"max(P0,P1)_same_phase",86.354,81.557,86.354,12.255,12.019,12.255,124.515,136.77,0.0,0.0,0.0,160113,4411905,4571744,8.71990966796875,4376896,195122,INCLUDING_BASE_OT,7808,1,1,3997696,3997696,3,tcp_two_process; p0_coeff_bit_ot_receiver; SPLIT_COEFF_OT; one_batched_Kos_chosen_message_OT; vector_fixed_prime_setup; local_expand; tcp_two_process; p1_coeff_bit_ot_sender; SPLIT_COEFF_OT; one_batched_Kos_chosen_message_OT; vector_fixed_prime_setup; local_expand
2026-07-26T07:49:21.566273+00:00,56a80d12dc147c6f4d9452798d88f387cd1c778b,RMVOLE_NET_BENCH,RM_VECTOR_OPT,split-input-coeff-ot,vector,LOCAL_TCP,tcp-loopback,bench,6,0,OK,PASS,14,16384,64,32,1,38.126,31.187,38.126,"max(P0,P1)_same_phase",86.158,80.951,86.158,12.269,12.013,12.269,124.28399999999999,136.553,0.0,0.0,0.0,160113,4411905,4571744,8.71990966796875,4376896,195122,INCLUDING_BASE_OT,7808,1,1,3997696,3997696,3,tcp_two_process; p0_coeff_bit_ot_receiver; SPLIT_COEFF_OT; one_batched_Kos_chosen_message_OT; vector_fixed_prime_setup; local_expand; tcp_two_process; p1_coeff_bit_ot_sender; SPLIT_COEFF_OT; one_batched_Kos_chosen_message_OT; vector_fixed_prime_setup; local_expand
2026-07-26T07:49:21.969629+00:00,56a80d12dc147c6f4d9452798d88f387cd1c778b,RMVOLE_NET_BENCH,RM_VECTOR_OPT,split-input-coeff-ot,vector,LOCAL_TCP,tcp-loopback,bench,7,0,OK,PASS,14,16384,64,32,1,38.101000000000006,31.179,38.101000000000006,"max(P0,P1)_same_phase",86.275,80.754,86.275,12.267999999999999,12.021,12.267999999999999,124.376,136.64399999999998,0.0,0.0,0.0,160113,4411905,4571744,8.71990966796875,4376896,195122,INCLUDING_BASE_OT,7808,1,1,3997696,3997696,3,tcp_two_process; p0_coeff_bit_ot_receiver; SPLIT_COEFF_OT; one_batched_Kos_chosen_message_OT; vector_fixed_prime_setup; local_expand; tcp_two_process; p1_coeff_bit_ot_sender; SPLIT_COEFF_OT; one_batched_Kos_chosen_message_OT; vector_fixed_prime_setup; local_expand
2026-07-26T07:49:22.373036+00:00,56a80d12dc147c6f4d9452798d88f387cd1c778b,RMVOLE_NET_BENCH,RM_VECTOR_OPT,split-input-coeff-ot,vector,LOCAL_TCP,tcp-loopback,bench,8,0,OK,PASS,14,16384,64,32,1,38.099000000000004,31.192999999999998,38.099000000000004,"max(P0,P1)_same_phase",86.112,81.375,86.112,12.259,12.005999999999998,12.259,124.211,136.47,0.0,0.0,0.0,160113,4411905,4571744,8.71990966796875,4376896,195122,INCLUDING_BASE_OT,7808,1,1,3997696,3997696,3,tcp_two_process; p0_coeff_bit_ot_receiver; SPLIT_COEFF_OT; one_batched_Kos_chosen_message_OT; vector_fixed_prime_setup; local_expand; tcp_two_process; p1_coeff_bit_ot_sender; SPLIT_COEFF_OT; one_batched_Kos_chosen_message_OT; vector_fixed_prime_setup; local_expand
2026-07-26T07:49:22.776509+00:00,56a80d12dc147c6f4d9452798d88f387cd1c778b,RMVOLE_NET_BENCH,RM_VECTOR_OPT,split-input-coeff-ot,vector,LOCAL_TCP,tcp-loopback,bench,9,0,OK,PASS,14,16384,64,32,1,38.116,31.188,38.116,"max(P0,P1)_same_phase",93.689,80.951,93.689,12.234,11.828,12.234,131.805,144.038,0.0,0.0,0.0,160113,4411905,4571744,8.71990966796875,4376896,195122,INCLUDING_BASE_OT,7808,1,1,3997696,3997696,3,tcp_two_process; p0_coeff_bit_ot_receiver; SPLIT_COEFF_OT; one_batched_Kos_chosen_message_OT; vector_fixed_prime_setup; local_expand; tcp_two_process; p1_coeff_bit_ot_sender; SPLIT_COEFF_OT; one_batched_Kos_chosen_message_OT; vector_fixed_prime_setup; local_expand
2026-07-26T07:49:24.281262+00:00,56a80d12dc147c6f4d9452798d88f387cd1c778b,SILENT_SVOLE_TCP,SILENT_SVOLE,,,LOCAL_TCP,tcp-loopback,bench,-1,1,OK,PASS,14,16384,64,32,1,1278.206,1252.901,0.0,,0.0,0.0,0.0,0.0,0.0,0.0,1278.207,1278.206,1233.659,260.918,0.0,130087312,375416,130462472,248.83741760253906,0,0,,0,0,0,0,0,0,"tcp_two_process; libOTe_SilentVole; semi_honest_128; MultType=ExConv7x24; BaseElem=u64; ExtElem=array<u64,M>; x=c; Z0=a; Z1=-b; tcp_two_process; libOTe_SilentVole; semi_honest_128; MultType=ExConv7x24; BaseElem=u64; ExtElem=array<u64,M>; x=c; Z0=a; Z1=-b"
2026-07-26T07:49:25.786116+00:00,56a80d12dc147c6f4d9452798d88f387cd1c778b,SILENT_SVOLE_TCP,SILENT_SVOLE,,,LOCAL_TCP,tcp-loopback,bench,0,0,OK,PASS,14,16384,64,32,1,1281.163,1252.717,0.0,,0.0,0.0,0.0,0.0,0.0,0.0,1281.1629999999998,1281.163,1233.4750000000001,261.00800000000004,0.0,130087312,375416,130462472,248.83741760253906,0,0,,0,0,0,0,0,0,"tcp_two_process; libOTe_SilentVole; semi_honest_128; MultType=ExConv7x24; BaseElem=u64; ExtElem=array<u64,M>; x=c; Z0=a; Z1=-b; tcp_two_process; libOTe_SilentVole; semi_honest_128; MultType=ExConv7x24; BaseElem=u64; ExtElem=array<u64,M>; x=c; Z0=a; Z1=-b"
2026-07-26T07:49:27.290920+00:00,56a80d12dc147c6f4d9452798d88f387cd1c778b,SILENT_SVOLE_TCP,SILENT_SVOLE,,,LOCAL_TCP,tcp-loopback,bench,1,0,OK,PASS,14,16384,64,32,1,1280.51,1252.522,0.0,,0.0,0.0,0.0,0.0,0.0,0.0,1280.51,1280.51,1233.104,261.272,0.0,130087312,375416,130462472,248.83741760253906,0,0,,0,0,0,0,0,0,"tcp_two_process; libOTe_SilentVole; semi_honest_128; MultType=ExConv7x24; BaseElem=u64; ExtElem=array<u64,M>; x=c; Z0=a; Z1=-b; tcp_two_process; libOTe_SilentVole; semi_honest_128; MultType=ExConv7x24; BaseElem=u64; ExtElem=array<u64,M>; x=c; Z0=a; Z1=-b"
2026-07-26T07:49:28.795719+00:00,56a80d12dc147c6f4d9452798d88f387cd1c778b,SILENT_SVOLE_TCP,SILENT_SVOLE,,,LOCAL_TCP,tcp-loopback,bench,2,0,OK,PASS,14,16384,64,32,1,1279.711,1253.695,0.0,,0.0,0.0,0.0,0.0,0.0,0.0,1279.711,1279.711,1234.3010000000002,259.527,0.0,130087312,375416,130462472,248.83741760253906,0,0,,0,0,0,0,0,0,"tcp_two_process; libOTe_SilentVole; semi_honest_128; MultType=ExConv7x24; BaseElem=u64; ExtElem=array<u64,M>; x=c; Z0=a; Z1=-b; tcp_two_process; libOTe_SilentVole; semi_honest_128; MultType=ExConv7x24; BaseElem=u64; ExtElem=array<u64,M>; x=c; Z0=a; Z1=-b"
2026-07-26T07:49:30.300691+00:00,56a80d12dc147c6f4d9452798d88f387cd1c778b,SILENT_SVOLE_TCP,SILENT_SVOLE,,,LOCAL_TCP,tcp-loopback,bench,3,0,OK,PASS,14,16384,64,32,1,1278.455,1251.255,0.0,,0.0,0.0,0.0,0.0,0.0,0.0,1278.455,1278.455,1231.983,260.26500000000004,0.0,130087312,375416,130462472,248.83741760253906,0,0,,0,0,0,0,0,0,"tcp_two_process; libOTe_SilentVole; semi_honest_128; MultType=ExConv7x24; BaseElem=u64; ExtElem=array<u64,M>; x=c; Z0=a; Z1=-b; tcp_two_process; libOTe_SilentVole; semi_honest_128; MultType=ExConv7x24; BaseElem=u64; ExtElem=array<u64,M>; x=c; Z0=a; Z1=-b"
2026-07-26T07:49:31.805685+00:00,56a80d12dc147c6f4d9452798d88f387cd1c778b,SILENT_SVOLE_TCP,SILENT_SVOLE,,,LOCAL_TCP,tcp-loopback,bench,4,0,OK,PASS,14,16384,64,32,1,1277.843,1252.8319999999999,0.0,,0.0,0.0,0.0,0.0,0.0,0.0,1277.8429999999998,1277.843,1233.3110000000001,260.582,0.0,130087312,375416,130462472,248.83741760253906,0,0,,0,0,0,0,0,0,"tcp_two_process; libOTe_SilentVole; semi_honest_128; MultType=ExConv7x24; BaseElem=u64; ExtElem=array<u64,M>; x=c; Z0=a; Z1=-b; tcp_two_process; libOTe_SilentVole; semi_honest_128; MultType=ExConv7x24; BaseElem=u64; ExtElem=array<u64,M>; x=c; Z0=a; Z1=-b"
2026-07-26T07:49:33.310705+00:00,56a80d12dc147c6f4d9452798d88f387cd1c778b,SILENT_SVOLE_TCP,SILENT_SVOLE,,,LOCAL_TCP,tcp-loopback,bench,5,0,OK,PASS,14,16384,64,32,1,1280.882,1252.7710000000002,0.0,,0.0,0.0,0.0,0.0,0.0,0.0,1280.883,1280.882,1233.1870000000001,261.306,0.0,130087312,375416,130462472,248.83741760253906,0,0,,0,0,0,0,0,0,"tcp_two_process; libOTe_SilentVole; semi_honest_128; MultType=ExConv7x24; BaseElem=u64; ExtElem=array<u64,M>; x=c; Z0=a; Z1=-b; tcp_two_process; libOTe_SilentVole; semi_honest_128; MultType=ExConv7x24; BaseElem=u64; ExtElem=array<u64,M>; x=c; Z0=a; Z1=-b"
2026-07-26T07:49:34.815781+00:00,56a80d12dc147c6f4d9452798d88f387cd1c778b,SILENT_SVOLE_TCP,SILENT_SVOLE,,,LOCAL_TCP,tcp-loopback,bench,6,0,OK,PASS,14,16384,64,32,1,1279.108,1252.458,0.0,,0.0,0.0,0.0,0.0,0.0,0.0,1279.108,1279.108,1233.115,260.911,0.0,130087312,375416,130462472,248.83741760253906,0,0,,0,0,0,0,0,0,"tcp_two_process; libOTe_SilentVole; semi_honest_128; MultType=ExConv7x24; BaseElem=u64; ExtElem=array<u64,M>; x=c; Z0=a; Z1=-b; tcp_two_process; libOTe_SilentVole; semi_honest_128; MultType=ExConv7x24; BaseElem=u64; ExtElem=array<u64,M>; x=c; Z0=a; Z1=-b"
2026-07-26T07:49:36.320595+00:00,56a80d12dc147c6f4d9452798d88f387cd1c778b,SILENT_SVOLE_TCP,SILENT_SVOLE,,,LOCAL_TCP,tcp-loopback,bench,7,0,OK,PASS,14,16384,64,32,1,1278.859,1251.995,0.0,,0.0,0.0,0.0,0.0,0.0,0.0,1278.86,1278.859,1232.615,261.304,0.0,130087312,375416,130462472,248.83741760253906,0,0,,0,0,0,0,0,0,"tcp_two_process; libOTe_SilentVole; semi_honest_128; MultType=ExConv7x24; BaseElem=u64; ExtElem=array<u64,M>; x=c; Z0=a; Z1=-b; tcp_two_process; libOTe_SilentVole; semi_honest_128; MultType=ExConv7x24; BaseElem=u64; ExtElem=array<u64,M>; x=c; Z0=a; Z1=-b"
2026-07-26T07:49:37.825662+00:00,56a80d12dc147c6f4d9452798d88f387cd1c778b,SILENT_SVOLE_TCP,SILENT_SVOLE,,,LOCAL_TCP,tcp-loopback,bench,8,0,OK,PASS,14,16384,64,32,1,1281.833,1251.533,0.0,,0.0,0.0,0.0,0.0,0.0,0.0,1281.832,1281.833,1232.279,261.201,0.0,130087312,375416,130462472,248.83741760253906,0,0,,0,0,0,0,0,0,"tcp_two_process; libOTe_SilentVole; semi_honest_128; MultType=ExConv7x24; BaseElem=u64; ExtElem=array<u64,M>; x=c; Z0=a; Z1=-b; tcp_two_process; libOTe_SilentVole; semi_honest_128; MultType=ExConv7x24; BaseElem=u64; ExtElem=array<u64,M>; x=c; Z0=a; Z1=-b"
2026-07-26T07:49:39.330641+00:00,56a80d12dc147c6f4d9452798d88f387cd1c778b,SILENT_SVOLE_TCP,SILENT_SVOLE,,,LOCAL_TCP,tcp-loopback,bench,9,0,OK,PASS,14,16384,64,32,1,1280.642,1252.415,0.0,,0.0,0.0,0.0,0.0,0.0,0.0,1280.642,1280.642,1233.1049999999998,260.944,0.0,130087312,375416,130462472,248.83741760253906,0,0,,0,0,0,0,0,0,"tcp_two_process; libOTe_SilentVole; semi_honest_128; MultType=ExConv7x24; BaseElem=u64; ExtElem=array<u64,M>; x=c; Z0=a; Z1=-b; tcp_two_process; libOTe_SilentVole; semi_honest_128; MultType=ExConv7x24; BaseElem=u64; ExtElem=array<u64,M>; x=c; Z0=a; Z1=-b"
2026-07-26T07:49:39.734062+00:00,56a80d12dc147c6f4d9452798d88f387cd1c778b,RMVOLE_NET_BENCH,RM_VECTOR_OPT,split-input-coeff-ot,vector,LOCAL_TCP,tcp-loopback,bench,-1,1,OK,PASS,16,65536,64,8,1,30.778,24.184,30.778,"max(P0,P1)_same_phase",102.352,96.264,102.352,13.925999999999998,13.19,13.925999999999998,133.13,147.05599999999998,0.0,0.0,0.0,168625,1323521,1492064,2.84588623046875,1378624,113522,INCLUDING_BASE_OT,7808,1,1,999424,999424,3,tcp_two_process; p0_coeff_bit_ot_receiver; SPLIT_COEFF_OT; one_batched_Kos_chosen_message_OT; vector_fixed_prime_setup; local_expand; tcp_two_process; p1_coeff_bit_ot_sender; SPLIT_COEFF_OT; one_batched_Kos_chosen_message_OT; vector_fixed_prime_setup; local_expand
2026-07-26T07:49:40.137511+00:00,56a80d12dc147c6f4d9452798d88f387cd1c778b,RMVOLE_NET_BENCH,RM_VECTOR_OPT,split-input-coeff-ot,vector,LOCAL_TCP,tcp-loopback,bench,0,0,OK,PASS,16,65536,64,8,1,30.807000000000002,24.184,30.807000000000002,"max(P0,P1)_same_phase",109.766,96.932,109.766,13.897,12.940999999999999,13.897,140.573,154.471,0.0,0.0,0.0,168625,1323521,1492064,2.84588623046875,1378624,113522,INCLUDING_BASE_OT,7808,1,1,999424,999424,3,tcp_two_process; p0_coeff_bit_ot_receiver; SPLIT_COEFF_OT; one_batched_Kos_chosen_message_OT; vector_fixed_prime_setup; local_expand; tcp_two_process; p1_coeff_bit_ot_sender; SPLIT_COEFF_OT; one_batched_Kos_chosen_message_OT; vector_fixed_prime_setup; local_expand
2026-07-26T07:49:40.540937+00:00,56a80d12dc147c6f4d9452798d88f387cd1c778b,RMVOLE_NET_BENCH,RM_VECTOR_OPT,split-input-coeff-ot,vector,LOCAL_TCP,tcp-loopback,bench,1,0,OK,PASS,16,65536,64,8,1,31.042,24.369,31.042,"max(P0,P1)_same_phase",103.02300000000001,96.466,103.02300000000001,13.832,13.027000000000001,13.832,134.065,147.897,0.0,0.0,0.0,168625,1323521,1492064,2.84588623046875,1378624,113522,INCLUDING_BASE_OT,7808,1,1,999424,999424,3,tcp_two_process; p0_coeff_bit_ot_receiver; SPLIT_COEFF_OT; one_batched_Kos_chosen_message_OT; vector_fixed_prime_setup; local_expand; tcp_two_process; p1_coeff_bit_ot_sender; SPLIT_COEFF_OT; one_batched_Kos_chosen_message_OT; vector_fixed_prime_setup; local_expand
2026-07-26T07:49:40.944306+00:00,56a80d12dc147c6f4d9452798d88f387cd1c778b,RMVOLE_NET_BENCH,RM_VECTOR_OPT,split-input-coeff-ot,vector,LOCAL_TCP,tcp-loopback,bench,2,0,OK,PASS,16,65536,64,8,1,30.791,24.201,30.791,"max(P0,P1)_same_phase",104.357,96.054,104.357,13.964,13.213000000000001,13.964,135.148,149.113,0.0,0.0,0.0,168625,1323521,1492064,2.84588623046875,1378624,113522,INCLUDING_BASE_OT,7808,1,1,999424,999424,3,tcp_two_process; p0_coeff_bit_ot_receiver; SPLIT_COEFF_OT; one_batched_Kos_chosen_message_OT; vector_fixed_prime_setup; local_expand; tcp_two_process; p1_coeff_bit_ot_sender; SPLIT_COEFF_OT; one_batched_Kos_chosen_message_OT; vector_fixed_prime_setup; local_expand
2026-07-26T07:49:41.347874+00:00,56a80d12dc147c6f4d9452798d88f387cd1c778b,RMVOLE_NET_BENCH,RM_VECTOR_OPT,split-input-coeff-ot,vector,LOCAL_TCP,tcp-loopback,bench,3,0,OK,PASS,16,65536,64,8,1,31.081999999999997,24.471,31.081999999999997,"max(P0,P1)_same_phase",103.667,96.562,103.667,13.974,13.155,13.974,134.749,148.72299999999998,0.0,0.0,0.0,168625,1323521,1492064,2.84588623046875,1378624,113522,INCLUDING_BASE_OT,7808,1,1,999424,999424,3,tcp_two_process; p0_coeff_bit_ot_receiver; SPLIT_COEFF_OT; one_batched_Kos_chosen_message_OT; vector_fixed_prime_setup; local_expand; tcp_two_process; p1_coeff_bit_ot_sender; SPLIT_COEFF_OT; one_batched_Kos_chosen_message_OT; vector_fixed_prime_setup; local_expand
2026-07-26T07:49:41.751447+00:00,56a80d12dc147c6f4d9452798d88f387cd1c778b,RMVOLE_NET_BENCH,RM_VECTOR_OPT,split-input-coeff-ot,vector,LOCAL_TCP,tcp-loopback,bench,4,0,OK,PASS,16,65536,64,8,1,30.837,24.259,30.837,"max(P0,P1)_same_phase",104.422,96.16199999999999,104.422,13.708,13.065,13.708,135.259,148.96699999999998,0.0,0.0,0.0,168625,1323521,1492064,2.84588623046875,1378624,113522,INCLUDING_BASE_OT,7808,1,1,999424,999424,3,tcp_two_process; p0_coeff_bit_ot_receiver; SPLIT_COEFF_OT; one_batched_Kos_chosen_message_OT; vector_fixed_prime_setup; local_expand; tcp_two_process; p1_coeff_bit_ot_sender; SPLIT_COEFF_OT; one_batched_Kos_chosen_message_OT; vector_fixed_prime_setup; local_expand
2026-07-26T07:49:42.154971+00:00,56a80d12dc147c6f4d9452798d88f387cd1c778b,RMVOLE_NET_BENCH,RM_VECTOR_OPT,split-input-coeff-ot,vector,LOCAL_TCP,tcp-loopback,bench,5,0,OK,PASS,16,65536,64,8,1,30.826,24.247999999999998,30.826,"max(P0,P1)_same_phase",105.197,96.476,105.197,13.847,13.109,13.847,136.023,149.871,0.0,0.0,0.0,168625,1323521,1492064,2.84588623046875,1378624,113522,INCLUDING_BASE_OT,7808,1,1,999424,999424,3,tcp_two_process; p0_coeff_bit_ot_receiver; SPLIT_COEFF_OT; one_batched_Kos_chosen_message_OT; vector_fixed_prime_setup; local_expand; tcp_two_process; p1_coeff_bit_ot_sender; SPLIT_COEFF_OT; one_batched_Kos_chosen_message_OT; vector_fixed_prime_setup; local_expand
2026-07-26T07:49:42.558424+00:00,56a80d12dc147c6f4d9452798d88f387cd1c778b,RMVOLE_NET_BENCH,RM_VECTOR_OPT,split-input-coeff-ot,vector,LOCAL_TCP,tcp-loopback,bench,6,0,OK,PASS,16,65536,64,8,1,31.053,24.36,31.053,"max(P0,P1)_same_phase",105.209,97.37899999999999,105.209,13.749,13.33,13.749,136.262,150.011,0.0,0.0,0.0,168625,1323521,1492064,2.84588623046875,1378624,113522,INCLUDING_BASE_OT,7808,1,1,999424,999424,3,tcp_two_process; p0_coeff_bit_ot_receiver; SPLIT_COEFF_OT; one_batched_Kos_chosen_message_OT; vector_fixed_prime_setup; local_expand; tcp_two_process; p1_coeff_bit_ot_sender; SPLIT_COEFF_OT; one_batched_Kos_chosen_message_OT; vector_fixed_prime_setup; local_expand
2026-07-26T07:49:42.961841+00:00,56a80d12dc147c6f4d9452798d88f387cd1c778b,RMVOLE_NET_BENCH,RM_VECTOR_OPT,split-input-coeff-ot,vector,LOCAL_TCP,tcp-loopback,bench,7,0,OK,PASS,16,65536,64,8,1,30.86,24.262999999999998,30.86,"max(P0,P1)_same_phase",102.398,96.22200000000001,102.398,13.969000000000001,13.189,13.969000000000001,133.25799999999998,147.227,0.0,0.0,0.0,168625,1323521,1492064,2.84588623046875,1378624,113522,INCLUDING_BASE_OT,7808,1,1,999424,999424,3,tcp_two_process; p0_coeff_bit_ot_receiver; SPLIT_COEFF_OT; one_batched_Kos_chosen_message_OT; vector_fixed_prime_setup; local_expand; tcp_two_process; p1_coeff_bit_ot_sender; SPLIT_COEFF_OT; one_batched_Kos_chosen_message_OT; vector_fixed_prime_setup; local_expand
2026-07-26T07:49:43.365400+00:00,56a80d12dc147c6f4d9452798d88f387cd1c778b,RMVOLE_NET_BENCH,RM_VECTOR_OPT,split-input-coeff-ot,vector,LOCAL_TCP,tcp-loopback,bench,8,0,OK,PASS,16,65536,64,8,1,31.154999999999998,24.458000000000002,31.154999999999998,"max(P0,P1)_same_phase",105.53800000000001,96.416,105.53800000000001,13.689,13.014,13.689,136.693,150.38299999999998,0.0,0.0,0.0,168625,1323521,1492064,2.84588623046875,1378624,113522,INCLUDING_BASE_OT,7808,1,1,999424,999424,3,tcp_two_process; p0_coeff_bit_ot_receiver; SPLIT_COEFF_OT; one_batched_Kos_chosen_message_OT; vector_fixed_prime_setup; local_expand; tcp_two_process; p1_coeff_bit_ot_sender; SPLIT_COEFF_OT; one_batched_Kos_chosen_message_OT; vector_fixed_prime_setup; local_expand
2026-07-26T07:49:43.768822+00:00,56a80d12dc147c6f4d9452798d88f387cd1c778b,RMVOLE_NET_BENCH,RM_VECTOR_OPT,split-input-coeff-ot,vector,LOCAL_TCP,tcp-loopback,bench,9,0,OK,PASS,16,65536,64,8,1,30.808,24.189,30.808,"max(P0,P1)_same_phase",103.379,96.321,103.379,13.825000000000001,13.03,13.825000000000001,134.187,148.013,0.0,0.0,0.0,168625,1323521,1492064,2.84588623046875,1378624,113522,INCLUDING_BASE_OT,7808,1,1,999424,999424,3,tcp_two_process; p0_coeff_bit_ot_receiver; SPLIT_COEFF_OT; one_batched_Kos_chosen_message_OT; vector_fixed_prime_setup; local_expand; tcp_two_process; p1_coeff_bit_ot_sender; SPLIT_COEFF_OT; one_batched_Kos_chosen_message_OT; vector_fixed_prime_setup; local_expand
2026-07-26T07:49:44.622841+00:00,56a80d12dc147c6f4d9452798d88f387cd1c778b,SILENT_SVOLE_TCP,SILENT_SVOLE,,,LOCAL_TCP,tcp-loopback,bench,-1,1,OK,PASS,16,65536,64,8,1,597.7479999999999,564.076,0.0,,0.0,0.0,0.0,0.0,0.0,0.0,597.7479999999999,597.7479999999999,526.63,179.698,0.0,8206032,151672,8357640,15.940933227539062,0,0,,0,0,0,0,0,0,"tcp_two_process; libOTe_SilentVole; semi_honest_128; MultType=ExConv7x24; BaseElem=u64; ExtElem=array<u64,M>; x=c; Z0=a; Z1=-b; tcp_two_process; libOTe_SilentVole; semi_honest_128; MultType=ExConv7x24; BaseElem=u64; ExtElem=array<u64,M>; x=c; Z0=a; Z1=-b"
2026-07-26T07:49:45.476875+00:00,56a80d12dc147c6f4d9452798d88f387cd1c778b,SILENT_SVOLE_TCP,SILENT_SVOLE,,,LOCAL_TCP,tcp-loopback,bench,0,0,OK,PASS,16,65536,64,8,1,599.876,563.271,0.0,,0.0,0.0,0.0,0.0,0.0,0.0,599.877,599.876,525.553,180.656,0.0,8206032,151672,8357640,15.940933227539062,0,0,,0,0,0,0,0,0,"tcp_two_process; libOTe_SilentVole; semi_honest_128; MultType=ExConv7x24; BaseElem=u64; ExtElem=array<u64,M>; x=c; Z0=a; Z1=-b; tcp_two_process; libOTe_SilentVole; semi_honest_128; MultType=ExConv7x24; BaseElem=u64; ExtElem=array<u64,M>; x=c; Z0=a; Z1=-b"
2026-07-26T07:49:46.330983+00:00,56a80d12dc147c6f4d9452798d88f387cd1c778b,SILENT_SVOLE_TCP,SILENT_SVOLE,,,LOCAL_TCP,tcp-loopback,bench,1,0,OK,PASS,16,65536,64,8,1,597.7059999999999,564.514,0.0,,0.0,0.0,0.0,0.0,0.0,0.0,597.706,597.7059999999999,527.1139999999999,179.234,0.0,8206032,151672,8357640,15.940933227539062,0,0,,0,0,0,0,0,0,"tcp_two_process; libOTe_SilentVole; semi_honest_128; MultType=ExConv7x24; BaseElem=u64; ExtElem=array<u64,M>; x=c; Z0=a; Z1=-b; tcp_two_process; libOTe_SilentVole; semi_honest_128; MultType=ExConv7x24; BaseElem=u64; ExtElem=array<u64,M>; x=c; Z0=a; Z1=-b"
2026-07-26T07:49:47.185102+00:00,56a80d12dc147c6f4d9452798d88f387cd1c778b,SILENT_SVOLE_TCP,SILENT_SVOLE,,,LOCAL_TCP,tcp-loopback,bench,2,0,OK,PASS,16,65536,64,8,1,600.6590000000001,560.471,0.0,,0.0,0.0,0.0,0.0,0.0,0.0,600.6590000000001,600.6590000000001,521.738,183.01899999999998,0.0,8206032,151672,8357640,15.940933227539062,0,0,,0,0,0,0,0,0,"tcp_two_process; libOTe_SilentVole; semi_honest_128; MultType=ExConv7x24; BaseElem=u64; ExtElem=array<u64,M>; x=c; Z0=a; Z1=-b; tcp_two_process; libOTe_SilentVole; semi_honest_128; MultType=ExConv7x24; BaseElem=u64; ExtElem=array<u64,M>; x=c; Z0=a; Z1=-b"
2026-07-26T07:49:48.039239+00:00,56a80d12dc147c6f4d9452798d88f387cd1c778b,SILENT_SVOLE_TCP,SILENT_SVOLE,,,LOCAL_TCP,tcp-loopback,bench,3,0,OK,PASS,16,65536,64,8,1,601.375,562.9340000000001,0.0,,0.0,0.0,0.0,0.0,0.0,0.0,601.376,601.375,525.1909999999999,182.727,0.0,8206032,151672,8357640,15.940933227539062,0,0,,0,0,0,0,0,0,"tcp_two_process; libOTe_SilentVole; semi_honest_128; MultType=ExConv7x24; BaseElem=u64; ExtElem=array<u64,M>; x=c; Z0=a; Z1=-b; tcp_two_process; libOTe_SilentVole; semi_honest_128; MultType=ExConv7x24; BaseElem=u64; ExtElem=array<u64,M>; x=c; Z0=a; Z1=-b"
2026-07-26T07:49:48.893322+00:00,56a80d12dc147c6f4d9452798d88f387cd1c778b,SILENT_SVOLE_TCP,SILENT_SVOLE,,,LOCAL_TCP,tcp-loopback,bench,4,0,OK,PASS,16,65536,64,8,1,599.395,562.0469999999999,0.0,,0.0,0.0,0.0,0.0,0.0,0.0,599.395,599.395,524.413,181.42,0.0,8206032,151672,8357640,15.940933227539062,0,0,,0,0,0,0,0,0,"tcp_two_process; libOTe_SilentVole; semi_honest_128; MultType=ExConv7x24; BaseElem=u64; ExtElem=array<u64,M>; x=c; Z0=a; Z1=-b; tcp_two_process; libOTe_SilentVole; semi_honest_128; MultType=ExConv7x24; BaseElem=u64; ExtElem=array<u64,M>; x=c; Z0=a; Z1=-b"
2026-07-26T07:49:49.747276+00:00,56a80d12dc147c6f4d9452798d88f387cd1c778b,SILENT_SVOLE_TCP,SILENT_SVOLE,,,LOCAL_TCP,tcp-loopback,bench,5,0,OK,PASS,16,65536,64,8,1,597.076,564.148,0.0,,0.0,0.0,0.0,0.0,0.0,0.0,597.0759999999999,597.076,526.9019999999999,178.166,0.0,8206032,151672,8357640,15.940933227539062,0,0,,0,0,0,0,0,0,"tcp_two_process; libOTe_SilentVole; semi_honest_128; MultType=ExConv7x24; BaseElem=u64; ExtElem=array<u64,M>; x=c; Z0=a; Z1=-b; tcp_two_process; libOTe_SilentVole; semi_honest_128; MultType=ExConv7x24; BaseElem=u64; ExtElem=array<u64,M>; x=c; Z0=a; Z1=-b"
2026-07-26T07:49:50.601296+00:00,56a80d12dc147c6f4d9452798d88f387cd1c778b,SILENT_SVOLE_TCP,SILENT_SVOLE,,,LOCAL_TCP,tcp-loopback,bench,6,0,OK,PASS,16,65536,64,8,1,599.071,561.615,0.0,,0.0,0.0,0.0,0.0,0.0,0.0,599.071,599.071,524.2860000000001,181.351,0.0,8206032,151672,8357640,15.940933227539062,0,0,,0,0,0,0,0,0,"tcp_two_process; libOTe_SilentVole; semi_honest_128; MultType=ExConv7x24; BaseElem=u64; ExtElem=array<u64,M>; x=c; Z0=a; Z1=-b; tcp_two_process; libOTe_SilentVole; semi_honest_128; MultType=ExConv7x24; BaseElem=u64; ExtElem=array<u64,M>; x=c; Z0=a; Z1=-b"
2026-07-26T07:49:51.455225+00:00,56a80d12dc147c6f4d9452798d88f387cd1c778b,SILENT_SVOLE_TCP,SILENT_SVOLE,,,LOCAL_TCP,tcp-loopback,bench,7,0,OK,PASS,16,65536,64,8,1,598.076,564.977,0.0,,0.0,0.0,0.0,0.0,0.0,0.0,598.075,598.076,527.004,179.906,0.0,8206032,151672,8357640,15.940933227539062,0,0,,0,0,0,0,0,0,"tcp_two_process; libOTe_SilentVole; semi_honest_128; MultType=ExConv7x24; BaseElem=u64; ExtElem=array<u64,M>; x=c; Z0=a; Z1=-b; tcp_two_process; libOTe_SilentVole; semi_honest_128; MultType=ExConv7x24; BaseElem=u64; ExtElem=array<u64,M>; x=c; Z0=a; Z1=-b"
2026-07-26T07:49:52.309640+00:00,56a80d12dc147c6f4d9452798d88f387cd1c778b,SILENT_SVOLE_TCP,SILENT_SVOLE,,,LOCAL_TCP,tcp-loopback,bench,8,0,OK,PASS,16,65536,64,8,1,598.755,564.6600000000001,0.0,,0.0,0.0,0.0,0.0,0.0,0.0,598.755,598.755,527.086,180.181,0.0,8206032,151672,8357640,15.940933227539062,0,0,,0,0,0,0,0,0,"tcp_two_process; libOTe_SilentVole; semi_honest_128; MultType=ExConv7x24; BaseElem=u64; ExtElem=array<u64,M>; x=c; Z0=a; Z1=-b; tcp_two_process; libOTe_SilentVole; semi_honest_128; MultType=ExConv7x24; BaseElem=u64; ExtElem=array<u64,M>; x=c; Z0=a; Z1=-b"
2026-07-26T07:49:53.163726+00:00,56a80d12dc147c6f4d9452798d88f387cd1c778b,SILENT_SVOLE_TCP,SILENT_SVOLE,,,LOCAL_TCP,tcp-loopback,bench,9,0,OK,PASS,16,65536,64,8,1,597.187,557.3090000000001,0.0,,0.0,0.0,0.0,0.0,0.0,0.0,597.187,597.187,519.6899999999999,178.649,0.0,8206032,151672,8357640,15.940933227539062,0,0,,0,0,0,0,0,0,"tcp_two_process; libOTe_SilentVole; semi_honest_128; MultType=ExConv7x24; BaseElem=u64; ExtElem=array<u64,M>; x=c; Z0=a; Z1=-b; tcp_two_process; libOTe_SilentVole; semi_honest_128; MultType=ExConv7x24; BaseElem=u64; ExtElem=array<u64,M>; x=c; Z0=a; Z1=-b"
2026-07-26T07:49:53.617542+00:00,56a80d12dc147c6f4d9452798d88f387cd1c778b,RMVOLE_NET_BENCH,RM_VECTOR_OPT,split-input-coeff-ot,vector,LOCAL_TCP,tcp-loopback,bench,-1,1,OK,PASS,16,65536,64,16,1,33.444,26.768,33.444,"max(P0,P1)_same_phase",121.686,115.161,121.686,26.547,25.38,26.547,155.13,181.677,0.0,0.0,0.0,168689,2355713,2524256,2.407318115234375,2378048,146354,INCLUDING_BASE_OT,7808,1,1,1998848,1998848,3,tcp_two_process; p0_coeff_bit_ot_receiver; SPLIT_COEFF_OT; one_batched_Kos_chosen_message_OT; vector_fixed_prime_setup; local_expand; tcp_two_process; p1_coeff_bit_ot_sender; SPLIT_COEFF_OT; one_batched_Kos_chosen_message_OT; vector_fixed_prime_setup; local_expand
2026-07-26T07:49:54.071084+00:00,56a80d12dc147c6f4d9452798d88f387cd1c778b,RMVOLE_NET_BENCH,RM_VECTOR_OPT,split-input-coeff-ot,vector,LOCAL_TCP,tcp-loopback,bench,0,0,OK,PASS,16,65536,64,16,1,33.641,26.839,33.641,"max(P0,P1)_same_phase",120.53999999999999,113.621,120.53999999999999,26.818,25.430999999999997,26.818,154.18099999999998,180.999,0.0,0.0,0.0,168689,2355713,2524256,2.407318115234375,2378048,146354,INCLUDING_BASE_OT,7808,1,1,1998848,1998848,3,tcp_two_process; p0_coeff_bit_ot_receiver; SPLIT_COEFF_OT; one_batched_Kos_chosen_message_OT; vector_fixed_prime_setup; local_expand; tcp_two_process; p1_coeff_bit_ot_sender; SPLIT_COEFF_OT; one_batched_Kos_chosen_message_OT; vector_fixed_prime_setup; local_expand
2026-07-26T07:49:54.524534+00:00,56a80d12dc147c6f4d9452798d88f387cd1c778b,RMVOLE_NET_BENCH,RM_VECTOR_OPT,split-input-coeff-ot,vector,LOCAL_TCP,tcp-loopback,bench,1,0,OK,PASS,16,65536,64,16,1,33.436,26.794999999999998,33.436,"max(P0,P1)_same_phase",123.32700000000001,115.18100000000001,123.32700000000001,26.59,25.471,26.59,156.763,183.35399999999998,0.0,0.0,0.0,168689,2355713,2524256,2.407318115234375,2378048,146354,INCLUDING_BASE_OT,7808,1,1,1998848,1998848,3,tcp_two_process; p0_coeff_bit_ot_receiver; SPLIT_COEFF_OT; one_batched_Kos_chosen_message_OT; vector_fixed_prime_setup; local_expand; tcp_two_process; p1_coeff_bit_ot_sender; SPLIT_COEFF_OT; one_batched_Kos_chosen_message_OT; vector_fixed_prime_setup; local_expand
2026-07-26T07:49:54.978091+00:00,56a80d12dc147c6f4d9452798d88f387cd1c778b,RMVOLE_NET_BENCH,RM_VECTOR_OPT,split-input-coeff-ot,vector,LOCAL_TCP,tcp-loopback,bench,2,0,OK,PASS,16,65536,64,16,1,33.516,26.84,33.516,"max(P0,P1)_same_phase",121.797,114.996,121.797,26.598,25.288,26.598,155.313,181.91,0.0,0.0,0.0,168689,2355713,2524256,2.407318115234375,2378048,146354,INCLUDING_BASE_OT,7808,1,1,1998848,1998848,3,tcp_two_process; p0_coeff_bit_ot_receiver; SPLIT_COEFF_OT; one_batched_Kos_chosen_message_OT; vector_fixed_prime_setup; local_expand; tcp_two_process; p1_coeff_bit_ot_sender; SPLIT_COEFF_OT; one_batched_Kos_chosen_message_OT; vector_fixed_prime_setup; local_expand
2026-07-26T07:49:55.431701+00:00,56a80d12dc147c6f4d9452798d88f387cd1c778b,RMVOLE_NET_BENCH,RM_VECTOR_OPT,split-input-coeff-ot,vector,LOCAL_TCP,tcp-loopback,bench,3,0,OK,PASS,16,65536,64,16,1,33.452999999999996,26.741,33.452999999999996,"max(P0,P1)_same_phase",120.052,113.43499999999999,120.052,26.594,25.548000000000002,26.594,153.505,180.09900000000002,0.0,0.0,0.0,168689,2355713,2524256,2.407318115234375,2378048,146354,INCLUDING_BASE_OT,7808,1,1,1998848,1998848,3,tcp_two_process; p0_coeff_bit_ot_receiver; SPLIT_COEFF_OT; one_batched_Kos_chosen_message_OT; vector_fixed_prime_setup; local_expand; tcp_two_process; p1_coeff_bit_ot_sender; SPLIT_COEFF_OT; one_batched_Kos_chosen_message_OT; vector_fixed_prime_setup; local_expand
2026-07-26T07:49:55.885197+00:00,56a80d12dc147c6f4d9452798d88f387cd1c778b,RMVOLE_NET_BENCH,RM_VECTOR_OPT,split-input-coeff-ot,vector,LOCAL_TCP,tcp-loopback,bench,4,0,OK,PASS,16,65536,64,16,1,33.409,26.759,33.409,"max(P0,P1)_same_phase",118.662,114.939,118.662,26.557000000000002,25.256,26.557000000000002,152.071,178.62800000000001,0.0,0.0,0.0,168689,2355713,2524256,2.407318115234375,2378048,146354,INCLUDING_BASE_OT,7808,1,1,1998848,1998848,3,tcp_two_process; p0_coeff_bit_ot_receiver; SPLIT_COEFF_OT; one_batched_Kos_chosen_message_OT; vector_fixed_prime_setup; local_expand; tcp_two_process; p1_coeff_bit_ot_sender; SPLIT_COEFF_OT; one_batched_Kos_chosen_message_OT; vector_fixed_prime_setup; local_expand
2026-07-26T07:49:56.338566+00:00,56a80d12dc147c6f4d9452798d88f387cd1c778b,RMVOLE_NET_BENCH,RM_VECTOR_OPT,split-input-coeff-ot,vector,LOCAL_TCP,tcp-loopback,bench,5,0,OK,PASS,16,65536,64,16,1,33.635,26.897000000000002,33.635,"max(P0,P1)_same_phase",120.891,114.12899999999999,120.891,26.607,25.482999999999997,26.607,154.526,181.13199999999998,0.0,0.0,0.0,168689,2355713,2524256,2.407318115234375,2378048,146354,INCLUDING_BASE_OT,7808,1,1,1998848,1998848,3,tcp_two_process; p0_coeff_bit_ot_receiver; SPLIT_COEFF_OT; one_batched_Kos_chosen_message_OT; vector_fixed_prime_setup; local_expand; tcp_two_process; p1_coeff_bit_ot_sender; SPLIT_COEFF_OT; one_batched_Kos_chosen_message_OT; vector_fixed_prime_setup; local_expand
2026-07-26T07:49:56.792121+00:00,56a80d12dc147c6f4d9452798d88f387cd1c778b,RMVOLE_NET_BENCH,RM_VECTOR_OPT,split-input-coeff-ot,vector,LOCAL_TCP,tcp-loopback,bench,6,0,OK,PASS,16,65536,64,16,1,33.432,26.768,33.432,"max(P0,P1)_same_phase",119.49799999999999,112.91199999999999,119.49799999999999,26.534,25.239,26.534,152.93,179.465,0.0,0.0,0.0,168689,2355713,2524256,2.407318115234375,2378048,146354,INCLUDING_BASE_OT,7808,1,1,1998848,1998848,3,tcp_two_process; p0_coeff_bit_ot_receiver; SPLIT_COEFF_OT; one_batched_Kos_chosen_message_OT; vector_fixed_prime_setup; local_expand; tcp_two_process; p1_coeff_bit_ot_sender; SPLIT_COEFF_OT; one_batched_Kos_chosen_message_OT; vector_fixed_prime_setup; local_expand
2026-07-26T07:49:57.245715+00:00,56a80d12dc147c6f4d9452798d88f387cd1c778b,RMVOLE_NET_BENCH,RM_VECTOR_OPT,split-input-coeff-ot,vector,LOCAL_TCP,tcp-loopback,bench,7,0,OK,PASS,16,65536,64,16,1,33.416000000000004,26.756999999999998,33.416000000000004,"max(P0,P1)_same_phase",122.211,115.46,122.211,26.769000000000002,25.758,26.769000000000002,155.627,182.39600000000002,0.0,0.0,0.0,168689,2355713,2524256,2.407318115234375,2378048,146354,INCLUDING_BASE_OT,7808,1,1,1998848,1998848,3,tcp_two_process; p0_coeff_bit_ot_receiver; SPLIT_COEFF_OT; one_batched_Kos_chosen_message_OT; vector_fixed_prime_setup; local_expand; tcp_two_process; p1_coeff_bit_ot_sender; SPLIT_COEFF_OT; one_batched_Kos_chosen_message_OT; vector_fixed_prime_setup; local_expand
2026-07-26T07:49:57.699533+00:00,56a80d12dc147c6f4d9452798d88f387cd1c778b,RMVOLE_NET_BENCH,RM_VECTOR_OPT,split-input-coeff-ot,vector,LOCAL_TCP,tcp-loopback,bench,8,0,OK,PASS,16,65536,64,16,1,33.541000000000004,26.876,33.541000000000004,"max(P0,P1)_same_phase",119.375,112.673,119.375,26.720000000000002,25.626,26.720000000000002,152.916,179.636,0.0,0.0,0.0,168689,2355713,2524256,2.407318115234375,2378048,146354,INCLUDING_BASE_OT,7808,1,1,1998848,1998848,3,tcp_two_process; p0_coeff_bit_ot_receiver; SPLIT_COEFF_OT; one_batched_Kos_chosen_message_OT; vector_fixed_prime_setup; local_expand; tcp_two_process; p1_coeff_bit_ot_sender; SPLIT_COEFF_OT; one_batched_Kos_chosen_message_OT; vector_fixed_prime_setup; local_expand
2026-07-26T07:49:58.153077+00:00,56a80d12dc147c6f4d9452798d88f387cd1c778b,RMVOLE_NET_BENCH,RM_VECTOR_OPT,split-input-coeff-ot,vector,LOCAL_TCP,tcp-loopback,bench,9,0,OK,PASS,16,65536,64,16,1,33.384,26.718,33.384,"max(P0,P1)_same_phase",118.631,115.861,118.631,26.630000000000003,25.366,26.630000000000003,152.015,178.645,0.0,0.0,0.0,168689,2355713,2524256,2.407318115234375,2378048,146354,INCLUDING_BASE_OT,7808,1,1,1998848,1998848,3,tcp_two_process; p0_coeff_bit_ot_receiver; SPLIT_COEFF_OT; one_batched_Kos_chosen_message_OT; vector_fixed_prime_setup; local_expand; tcp_two_process; p1_coeff_bit_ot_sender; SPLIT_COEFF_OT; one_batched_Kos_chosen_message_OT; vector_fixed_prime_setup; local_expand
2026-07-26T07:49:59.157355+00:00,56a80d12dc147c6f4d9452798d88f387cd1c778b,SILENT_SVOLE_TCP,SILENT_SVOLE,,,LOCAL_TCP,tcp-loopback,bench,-1,1,OK,PASS,16,65536,64,16,1,750.834,717.231,0.0,,0.0,0.0,0.0,0.0,0.0,0.0,750.834,750.834,649.731,173.646,0.0,32585488,231544,32816904,31.29663848876953,0,0,,0,0,0,0,0,0,"tcp_two_process; libOTe_SilentVole; semi_honest_128; MultType=ExConv7x24; BaseElem=u64; ExtElem=array<u64,M>; x=c; Z0=a; Z1=-b; tcp_two_process; libOTe_SilentVole; semi_honest_128; MultType=ExConv7x24; BaseElem=u64; ExtElem=array<u64,M>; x=c; Z0=a; Z1=-b"
2026-07-26T07:50:00.161600+00:00,56a80d12dc147c6f4d9452798d88f387cd1c778b,SILENT_SVOLE_TCP,SILENT_SVOLE,,,LOCAL_TCP,tcp-loopback,bench,0,0,OK,PASS,16,65536,64,16,1,750.98,718.092,0.0,,0.0,0.0,0.0,0.0,0.0,0.0,750.98,750.98,650.571,173.52300000000002,0.0,32585488,231544,32816904,31.29663848876953,0,0,,0,0,0,0,0,0,"tcp_two_process; libOTe_SilentVole; semi_honest_128; MultType=ExConv7x24; BaseElem=u64; ExtElem=array<u64,M>; x=c; Z0=a; Z1=-b; tcp_two_process; libOTe_SilentVole; semi_honest_128; MultType=ExConv7x24; BaseElem=u64; ExtElem=array<u64,M>; x=c; Z0=a; Z1=-b"
2026-07-26T07:50:01.165934+00:00,56a80d12dc147c6f4d9452798d88f387cd1c778b,SILENT_SVOLE_TCP,SILENT_SVOLE,,,LOCAL_TCP,tcp-loopback,bench,1,0,OK,PASS,16,65536,64,16,1,754.993,715.9100000000001,0.0,,0.0,0.0,0.0,0.0,0.0,0.0,754.9929999999999,754.993,647.962,176.951,0.0,32585488,231544,32816904,31.29663848876953,0,0,,0,0,0,0,0,0,"tcp_two_process; libOTe_SilentVole; semi_honest_128; MultType=ExConv7x24; BaseElem=u64; ExtElem=array<u64,M>; x=c; Z0=a; Z1=-b; tcp_two_process; libOTe_SilentVole; semi_honest_128; MultType=ExConv7x24; BaseElem=u64; ExtElem=array<u64,M>; x=c; Z0=a; Z1=-b"
2026-07-26T07:50:02.170189+00:00,56a80d12dc147c6f4d9452798d88f387cd1c778b,SILENT_SVOLE_TCP,SILENT_SVOLE,,,LOCAL_TCP,tcp-loopback,bench,2,0,OK,PASS,16,65536,64,16,1,753.381,715.4549999999999,0.0,,0.0,0.0,0.0,0.0,0.0,0.0,753.381,753.381,647.809,176.07500000000002,0.0,32585488,231544,32816904,31.29663848876953,0,0,,0,0,0,0,0,0,"tcp_two_process; libOTe_SilentVole; semi_honest_128; MultType=ExConv7x24; BaseElem=u64; ExtElem=array<u64,M>; x=c; Z0=a; Z1=-b; tcp_two_process; libOTe_SilentVole; semi_honest_128; MultType=ExConv7x24; BaseElem=u64; ExtElem=array<u64,M>; x=c; Z0=a; Z1=-b"
2026-07-26T07:50:03.174589+00:00,56a80d12dc147c6f4d9452798d88f387cd1c778b,SILENT_SVOLE_TCP,SILENT_SVOLE,,,LOCAL_TCP,tcp-loopback,bench,3,0,OK,PASS,16,65536,64,16,1,754.5600000000001,716.322,0.0,,0.0,0.0,0.0,0.0,0.0,0.0,754.5600000000002,754.5600000000001,648.069,177.437,0.0,32585488,231544,32816904,31.29663848876953,0,0,,0,0,0,0,0,0,"tcp_two_process; libOTe_SilentVole; semi_honest_128; MultType=ExConv7x24; BaseElem=u64; ExtElem=array<u64,M>; x=c; Z0=a; Z1=-b; tcp_two_process; libOTe_SilentVole; semi_honest_128; MultType=ExConv7x24; BaseElem=u64; ExtElem=array<u64,M>; x=c; Z0=a; Z1=-b"
2026-07-26T07:50:04.179053+00:00,56a80d12dc147c6f4d9452798d88f387cd1c778b,SILENT_SVOLE_TCP,SILENT_SVOLE,,,LOCAL_TCP,tcp-loopback,bench,4,0,OK,PASS,16,65536,64,16,1,752.968,716.179,0.0,,0.0,0.0,0.0,0.0,0.0,0.0,752.968,752.968,648.443,175.577,0.0,32585488,231544,32816904,31.29663848876953,0,0,,0,0,0,0,0,0,"tcp_two_process; libOTe_SilentVole; semi_honest_128; MultType=ExConv7x24; BaseElem=u64; ExtElem=array<u64,M>; x=c; Z0=a; Z1=-b; tcp_two_process; libOTe_SilentVole; semi_honest_128; MultType=ExConv7x24; BaseElem=u64; ExtElem=array<u64,M>; x=c; Z0=a; Z1=-b"
2026-07-26T07:50:05.183243+00:00,56a80d12dc147c6f4d9452798d88f387cd1c778b,SILENT_SVOLE_TCP,SILENT_SVOLE,,,LOCAL_TCP,tcp-loopback,bench,5,0,OK,PASS,16,65536,64,16,1,753.467,716.4979999999999,0.0,,0.0,0.0,0.0,0.0,0.0,0.0,753.467,753.467,648.4720000000001,175.853,0.0,32585488,231544,32816904,31.29663848876953,0,0,,0,0,0,0,0,0,"tcp_two_process; libOTe_SilentVole; semi_honest_128; MultType=ExConv7x24; BaseElem=u64; ExtElem=array<u64,M>; x=c; Z0=a; Z1=-b; tcp_two_process; libOTe_SilentVole; semi_honest_128; MultType=ExConv7x24; BaseElem=u64; ExtElem=array<u64,M>; x=c; Z0=a; Z1=-b"
2026-07-26T07:50:06.187391+00:00,56a80d12dc147c6f4d9452798d88f387cd1c778b,SILENT_SVOLE_TCP,SILENT_SVOLE,,,LOCAL_TCP,tcp-loopback,bench,6,0,OK,PASS,16,65536,64,16,1,752.626,715.168,0.0,,0.0,0.0,0.0,0.0,0.0,0.0,752.626,752.626,647.9169999999999,175.686,0.0,32585488,231544,32816904,31.29663848876953,0,0,,0,0,0,0,0,0,"tcp_two_process; libOTe_SilentVole; semi_honest_128; MultType=ExConv7x24; BaseElem=u64; ExtElem=array<u64,M>; x=c; Z0=a; Z1=-b; tcp_two_process; libOTe_SilentVole; semi_honest_128; MultType=ExConv7x24; BaseElem=u64; ExtElem=array<u64,M>; x=c; Z0=a; Z1=-b"
2026-07-26T07:50:07.191585+00:00,56a80d12dc147c6f4d9452798d88f387cd1c778b,SILENT_SVOLE_TCP,SILENT_SVOLE,,,LOCAL_TCP,tcp-loopback,bench,7,0,OK,PASS,16,65536,64,16,1,751.5880000000001,715.36,0.0,,0.0,0.0,0.0,0.0,0.0,0.0,751.5880000000001,751.5880000000001,647.753,175.38899999999998,0.0,32585488,231544,32816904,31.29663848876953,0,0,,0,0,0,0,0,0,"tcp_two_process; libOTe_SilentVole; semi_honest_128; MultType=ExConv7x24; BaseElem=u64; ExtElem=array<u64,M>; x=c; Z0=a; Z1=-b; tcp_two_process; libOTe_SilentVole; semi_honest_128; MultType=ExConv7x24; BaseElem=u64; ExtElem=array<u64,M>; x=c; Z0=a; Z1=-b"
2026-07-26T07:50:08.195981+00:00,56a80d12dc147c6f4d9452798d88f387cd1c778b,SILENT_SVOLE_TCP,SILENT_SVOLE,,,LOCAL_TCP,tcp-loopback,bench,8,0,OK,PASS,16,65536,64,16,1,752.154,718.097,0.0,,0.0,0.0,0.0,0.0,0.0,0.0,752.153,752.154,650.418,173.58,0.0,32585488,231544,32816904,31.29663848876953,0,0,,0,0,0,0,0,0,"tcp_two_process; libOTe_SilentVole; semi_honest_128; MultType=ExConv7x24; BaseElem=u64; ExtElem=array<u64,M>; x=c; Z0=a; Z1=-b; tcp_two_process; libOTe_SilentVole; semi_honest_128; MultType=ExConv7x24; BaseElem=u64; ExtElem=array<u64,M>; x=c; Z0=a; Z1=-b"
2026-07-26T07:50:09.200227+00:00,56a80d12dc147c6f4d9452798d88f387cd1c778b,SILENT_SVOLE_TCP,SILENT_SVOLE,,,LOCAL_TCP,tcp-loopback,bench,9,0,OK,PASS,16,65536,64,16,1,752.163,717.946,0.0,,0.0,0.0,0.0,0.0,0.0,0.0,752.163,752.163,649.729,174.006,0.0,32585488,231544,32816904,31.29663848876953,0,0,,0,0,0,0,0,0,"tcp_two_process; libOTe_SilentVole; semi_honest_128; MultType=ExConv7x24; BaseElem=u64; ExtElem=array<u64,M>; x=c; Z0=a; Z1=-b; tcp_two_process; libOTe_SilentVole; semi_honest_128; MultType=ExConv7x24; BaseElem=u64; ExtElem=array<u64,M>; x=c; Z0=a; Z1=-b"
2026-07-26T07:50:09.753893+00:00,56a80d12dc147c6f4d9452798d88f387cd1c778b,RMVOLE_NET_BENCH,RM_VECTOR_OPT,split-input-coeff-ot,vector,LOCAL_TCP,tcp-loopback,bench,-1,1,OK,PASS,16,65536,64,32,1,38.229,31.281999999999996,38.229,"max(P0,P1)_same_phase",140.26500000000001,132.805,140.26500000000001,53.246,52.325,53.246,178.49400000000003,231.74,0.0,0.0,0.0,168817,4420097,4588640,2.1880340576171875,4376896,212018,INCLUDING_BASE_OT,7808,1,1,3997696,3997696,3,tcp_two_process; p0_coeff_bit_ot_receiver; SPLIT_COEFF_OT; one_batched_Kos_chosen_message_OT; vector_fixed_prime_setup; local_expand; tcp_two_process; p1_coeff_bit_ot_sender; SPLIT_COEFF_OT; one_batched_Kos_chosen_message_OT; vector_fixed_prime_setup; local_expand
2026-07-26T07:50:10.307640+00:00,56a80d12dc147c6f4d9452798d88f387cd1c778b,RMVOLE_NET_BENCH,RM_VECTOR_OPT,split-input-coeff-ot,vector,LOCAL_TCP,tcp-loopback,bench,0,0,OK,PASS,16,65536,64,32,1,38.452,31.438000000000002,38.452,"max(P0,P1)_same_phase",145.75,136.873,145.75,52.806,51.672000000000004,52.806,184.202,237.007,0.0,0.0,0.0,168817,4420097,4588640,2.1880340576171875,4376896,212018,INCLUDING_BASE_OT,7808,1,1,3997696,3997696,3,tcp_two_process; p0_coeff_bit_ot_receiver; SPLIT_COEFF_OT; one_batched_Kos_chosen_message_OT; vector_fixed_prime_setup; local_expand; tcp_two_process; p1_coeff_bit_ot_sender; SPLIT_COEFF_OT; one_batched_Kos_chosen_message_OT; vector_fixed_prime_setup; local_expand
2026-07-26T07:50:10.861275+00:00,56a80d12dc147c6f4d9452798d88f387cd1c778b,RMVOLE_NET_BENCH,RM_VECTOR_OPT,split-input-coeff-ot,vector,LOCAL_TCP,tcp-loopback,bench,1,0,OK,PASS,16,65536,64,32,1,38.137,31.237000000000002,38.137,"max(P0,P1)_same_phase",140.458,133.17499999999998,140.458,52.641,51.823,52.641,178.595,231.23499999999999,0.0,0.0,0.0,168817,4420097,4588640,2.1880340576171875,4376896,212018,INCLUDING_BASE_OT,7808,1,1,3997696,3997696,3,tcp_two_process; p0_coeff_bit_ot_receiver; SPLIT_COEFF_OT; one_batched_Kos_chosen_message_OT; vector_fixed_prime_setup; local_expand; tcp_two_process; p1_coeff_bit_ot_sender; SPLIT_COEFF_OT; one_batched_Kos_chosen_message_OT; vector_fixed_prime_setup; local_expand
2026-07-26T07:50:11.414950+00:00,56a80d12dc147c6f4d9452798d88f387cd1c778b,RMVOLE_NET_BENCH,RM_VECTOR_OPT,split-input-coeff-ot,vector,LOCAL_TCP,tcp-loopback,bench,2,0,OK,PASS,16,65536,64,32,1,38.165,31.237000000000002,38.165,"max(P0,P1)_same_phase",138.816,133.78300000000002,138.816,52.809000000000005,51.838,52.809000000000005,176.981,229.79,0.0,0.0,0.0,168817,4420097,4588640,2.1880340576171875,4376896,212018,INCLUDING_BASE_OT,7808,1,1,3997696,3997696,3,tcp_two_process; p0_coeff_bit_ot_receiver; SPLIT_COEFF_OT; one_batched_Kos_chosen_message_OT; vector_fixed_prime_setup; local_expand; tcp_two_process; p1_coeff_bit_ot_sender; SPLIT_COEFF_OT; one_batched_Kos_chosen_message_OT; vector_fixed_prime_setup; local_expand
2026-07-26T07:50:11.968673+00:00,56a80d12dc147c6f4d9452798d88f387cd1c778b,RMVOLE_NET_BENCH,RM_VECTOR_OPT,split-input-coeff-ot,vector,LOCAL_TCP,tcp-loopback,bench,3,0,OK,PASS,16,65536,64,32,1,38.3,31.355,38.3,"max(P0,P1)_same_phase",144.68200000000002,135.904,144.68200000000002,52.556,51.681,52.556,182.98200000000003,235.538,0.0,0.0,0.0,168817,4420097,4588640,2.1880340576171875,4376896,212018,INCLUDING_BASE_OT,7808,1,1,3997696,3997696,3,tcp_two_process; p0_coeff_bit_ot_receiver; SPLIT_COEFF_OT; one_batched_Kos_chosen_message_OT; vector_fixed_prime_setup; local_expand; tcp_two_process; p1_coeff_bit_ot_sender; SPLIT_COEFF_OT; one_batched_Kos_chosen_message_OT; vector_fixed_prime_setup; local_expand
2026-07-26T07:50:12.522363+00:00,56a80d12dc147c6f4d9452798d88f387cd1c778b,RMVOLE_NET_BENCH,RM_VECTOR_OPT,split-input-coeff-ot,vector,LOCAL_TCP,tcp-loopback,bench,4,0,OK,PASS,16,65536,64,32,1,38.365,31.439,38.365,"max(P0,P1)_same_phase",142.964,133.868,142.964,52.571,51.638000000000005,52.571,181.329,233.899,0.0,0.0,0.0,168817,4420097,4588640,2.1880340576171875,4376896,212018,INCLUDING_BASE_OT,7808,1,1,3997696,3997696,3,tcp_two_process; p0_coeff_bit_ot_receiver; SPLIT_COEFF_OT; one_batched_Kos_chosen_message_OT; vector_fixed_prime_setup; local_expand; tcp_two_process; p1_coeff_bit_ot_sender; SPLIT_COEFF_OT; one_batched_Kos_chosen_message_OT; vector_fixed_prime_setup; local_expand
2026-07-26T07:50:13.075944+00:00,56a80d12dc147c6f4d9452798d88f387cd1c778b,RMVOLE_NET_BENCH,RM_VECTOR_OPT,split-input-coeff-ot,vector,LOCAL_TCP,tcp-loopback,bench,5,0,OK,PASS,16,65536,64,32,1,38.327,31.424,38.327,"max(P0,P1)_same_phase",145.372,136.982,145.372,52.504000000000005,51.816,52.504000000000005,183.699,236.203,0.0,0.0,0.0,168817,4420097,4588640,2.1880340576171875,4376896,212018,INCLUDING_BASE_OT,7808,1,1,3997696,3997696,3,tcp_two_process; p0_coeff_bit_ot_receiver; SPLIT_COEFF_OT; one_batched_Kos_chosen_message_OT; vector_fixed_prime_setup; local_expand; tcp_two_process; p1_coeff_bit_ot_sender; SPLIT_COEFF_OT; one_batched_Kos_chosen_message_OT; vector_fixed_prime_setup; local_expand
2026-07-26T07:50:13.629498+00:00,56a80d12dc147c6f4d9452798d88f387cd1c778b,RMVOLE_NET_BENCH,RM_VECTOR_OPT,split-input-coeff-ot,vector,LOCAL_TCP,tcp-loopback,bench,6,0,OK,PASS,16,65536,64,32,1,38.135000000000005,31.221,38.135000000000005,"max(P0,P1)_same_phase",140.176,135.403,140.176,52.63,51.379,52.63,178.31099999999998,230.941,0.0,0.0,0.0,168817,4420097,4588640,2.1880340576171875,4376896,212018,INCLUDING_BASE_OT,7808,1,1,3997696,3997696,3,tcp_two_process; p0_coeff_bit_ot_receiver; SPLIT_COEFF_OT; one_batched_Kos_chosen_message_OT; vector_fixed_prime_setup; local_expand; tcp_two_process; p1_coeff_bit_ot_sender; SPLIT_COEFF_OT; one_batched_Kos_chosen_message_OT; vector_fixed_prime_setup; local_expand
2026-07-26T07:50:14.183286+00:00,56a80d12dc147c6f4d9452798d88f387cd1c778b,RMVOLE_NET_BENCH,RM_VECTOR_OPT,split-input-coeff-ot,vector,LOCAL_TCP,tcp-loopback,bench,7,0,OK,PASS,16,65536,64,32,1,38.144,31.212,38.144,"max(P0,P1)_same_phase",137.84099999999998,133.013,137.84099999999998,52.746,51.452999999999996,52.746,175.98499999999999,228.732,0.0,0.0,0.0,168817,4420097,4588640,2.1880340576171875,4376896,212018,INCLUDING_BASE_OT,7808,1,1,3997696,3997696,3,tcp_two_process; p0_coeff_bit_ot_receiver; SPLIT_COEFF_OT; one_batched_Kos_chosen_message_OT; vector_fixed_prime_setup; local_expand; tcp_two_process; p1_coeff_bit_ot_sender; SPLIT_COEFF_OT; one_batched_Kos_chosen_message_OT; vector_fixed_prime_setup; local_expand
2026-07-26T07:50:14.737043+00:00,56a80d12dc147c6f4d9452798d88f387cd1c778b,RMVOLE_NET_BENCH,RM_VECTOR_OPT,split-input-coeff-ot,vector,LOCAL_TCP,tcp-loopback,bench,8,0,OK,PASS,16,65536,64,32,1,38.316,31.274000000000004,38.316,"max(P0,P1)_same_phase",152.559,144.981,152.559,52.946,51.684,52.946,190.875,243.821,0.0,0.0,0.0,168817,4420097,4588640,2.1880340576171875,4376896,212018,INCLUDING_BASE_OT,7808,1,1,3997696,3997696,3,tcp_two_process; p0_coeff_bit_ot_receiver; SPLIT_COEFF_OT; one_batched_Kos_chosen_message_OT; vector_fixed_prime_setup; local_expand; tcp_two_process; p1_coeff_bit_ot_sender; SPLIT_COEFF_OT; one_batched_Kos_chosen_message_OT; vector_fixed_prime_setup; local_expand
2026-07-26T07:50:15.290657+00:00,56a80d12dc147c6f4d9452798d88f387cd1c778b,RMVOLE_NET_BENCH,RM_VECTOR_OPT,split-input-coeff-ot,vector,LOCAL_TCP,tcp-loopback,bench,9,0,OK,PASS,16,65536,64,32,1,38.201,31.257,38.201,"max(P0,P1)_same_phase",143.014,134.22899999999998,143.014,52.517,51.839999999999996,52.517,181.215,233.733,0.0,0.0,0.0,168817,4420097,4588640,2.1880340576171875,4376896,212018,INCLUDING_BASE_OT,7808,1,1,3997696,3997696,3,tcp_two_process; p0_coeff_bit_ot_receiver; SPLIT_COEFF_OT; one_batched_Kos_chosen_message_OT; vector_fixed_prime_setup; local_expand; tcp_two_process; p1_coeff_bit_ot_sender; SPLIT_COEFF_OT; one_batched_Kos_chosen_message_OT; vector_fixed_prime_setup; local_expand
2026-07-26T07:50:16.795665+00:00,56a80d12dc147c6f4d9452798d88f387cd1c778b,SILENT_SVOLE_TCP,SILENT_SVOLE,,,LOCAL_TCP,tcp-loopback,bench,-1,1,OK,PASS,16,65536,64,32,1,1280.781,1244.6109999999999,0.0,,0.0,0.0,0.0,0.0,0.0,0.0,1280.781,1280.781,1159.194,337.89200000000005,0.0,130103184,391288,130494216,62.224491119384766,0,0,,0,0,0,0,0,0,"tcp_two_process; libOTe_SilentVole; semi_honest_128; MultType=ExConv7x24; BaseElem=u64; ExtElem=array<u64,M>; x=c; Z0=a; Z1=-b; tcp_two_process; libOTe_SilentVole; semi_honest_128; MultType=ExConv7x24; BaseElem=u64; ExtElem=array<u64,M>; x=c; Z0=a; Z1=-b"
2026-07-26T07:50:18.300533+00:00,56a80d12dc147c6f4d9452798d88f387cd1c778b,SILENT_SVOLE_TCP,SILENT_SVOLE,,,LOCAL_TCP,tcp-loopback,bench,0,0,OK,PASS,16,65536,64,32,1,1281.803,1243.203,0.0,,0.0,0.0,0.0,0.0,0.0,0.0,1281.803,1281.803,1159.712,338.248,0.0,130103184,391288,130494216,62.224491119384766,0,0,,0,0,0,0,0,0,"tcp_two_process; libOTe_SilentVole; semi_honest_128; MultType=ExConv7x24; BaseElem=u64; ExtElem=array<u64,M>; x=c; Z0=a; Z1=-b; tcp_two_process; libOTe_SilentVole; semi_honest_128; MultType=ExConv7x24; BaseElem=u64; ExtElem=array<u64,M>; x=c; Z0=a; Z1=-b"
2026-07-26T07:50:19.805323+00:00,56a80d12dc147c6f4d9452798d88f387cd1c778b,SILENT_SVOLE_TCP,SILENT_SVOLE,,,LOCAL_TCP,tcp-loopback,bench,1,0,OK,PASS,16,65536,64,32,1,1277.177,1240.553,0.0,,0.0,0.0,0.0,0.0,0.0,0.0,1277.177,1277.177,1157.105,335.536,0.0,130103184,391288,130494216,62.224491119384766,0,0,,0,0,0,0,0,0,"tcp_two_process; libOTe_SilentVole; semi_honest_128; MultType=ExConv7x24; BaseElem=u64; ExtElem=array<u64,M>; x=c; Z0=a; Z1=-b; tcp_two_process; libOTe_SilentVole; semi_honest_128; MultType=ExConv7x24; BaseElem=u64; ExtElem=array<u64,M>; x=c; Z0=a; Z1=-b"
2026-07-26T07:50:21.310582+00:00,56a80d12dc147c6f4d9452798d88f387cd1c778b,SILENT_SVOLE_TCP,SILENT_SVOLE,,,LOCAL_TCP,tcp-loopback,bench,2,0,OK,PASS,16,65536,64,32,1,1275.793,1238.767,0.0,,0.0,0.0,0.0,0.0,0.0,0.0,1275.793,1275.793,1154.663,334.144,0.0,130103184,391288,130494216,62.224491119384766,0,0,,0,0,0,0,0,0,"tcp_two_process; libOTe_SilentVole; semi_honest_128; MultType=ExConv7x24; BaseElem=u64; ExtElem=array<u64,M>; x=c; Z0=a; Z1=-b; tcp_two_process; libOTe_SilentVole; semi_honest_128; MultType=ExConv7x24; BaseElem=u64; ExtElem=array<u64,M>; x=c; Z0=a; Z1=-b"
2026-07-26T07:50:22.815473+00:00,56a80d12dc147c6f4d9452798d88f387cd1c778b,SILENT_SVOLE_TCP,SILENT_SVOLE,,,LOCAL_TCP,tcp-loopback,bench,3,0,OK,PASS,16,65536,64,32,1,1277.714,1239.53,0.0,,0.0,0.0,0.0,0.0,0.0,0.0,1277.714,1277.714,1156.395,335.922,0.0,130103184,391288,130494216,62.224491119384766,0,0,,0,0,0,0,0,0,"tcp_two_process; libOTe_SilentVole; semi_honest_128; MultType=ExConv7x24; BaseElem=u64; ExtElem=array<u64,M>; x=c; Z0=a; Z1=-b; tcp_two_process; libOTe_SilentVole; semi_honest_128; MultType=ExConv7x24; BaseElem=u64; ExtElem=array<u64,M>; x=c; Z0=a; Z1=-b"
2026-07-26T07:50:24.320319+00:00,56a80d12dc147c6f4d9452798d88f387cd1c778b,SILENT_SVOLE_TCP,SILENT_SVOLE,,,LOCAL_TCP,tcp-loopback,bench,4,0,OK,PASS,16,65536,64,32,1,1278.231,1240.062,0.0,,0.0,0.0,0.0,0.0,0.0,0.0,1278.232,1278.231,1156.35,336.56399999999996,0.0,130103184,391288,130494216,62.224491119384766,0,0,,0,0,0,0,0,0,"tcp_two_process; libOTe_SilentVole; semi_honest_128; MultType=ExConv7x24; BaseElem=u64; ExtElem=array<u64,M>; x=c; Z0=a; Z1=-b; tcp_two_process; libOTe_SilentVole; semi_honest_128; MultType=ExConv7x24; BaseElem=u64; ExtElem=array<u64,M>; x=c; Z0=a; Z1=-b"
2026-07-26T07:50:25.825134+00:00,56a80d12dc147c6f4d9452798d88f387cd1c778b,SILENT_SVOLE_TCP,SILENT_SVOLE,,,LOCAL_TCP,tcp-loopback,bench,5,0,OK,PASS,16,65536,64,32,1,1278.24,1238.168,0.0,,0.0,0.0,0.0,0.0,0.0,0.0,1278.241,1278.24,1154.084,336.812,0.0,130103184,391288,130494216,62.224491119384766,0,0,,0,0,0,0,0,0,"tcp_two_process; libOTe_SilentVole; semi_honest_128; MultType=ExConv7x24; BaseElem=u64; ExtElem=array<u64,M>; x=c; Z0=a; Z1=-b; tcp_two_process; libOTe_SilentVole; semi_honest_128; MultType=ExConv7x24; BaseElem=u64; ExtElem=array<u64,M>; x=c; Z0=a; Z1=-b"
2026-07-26T07:50:27.330168+00:00,56a80d12dc147c6f4d9452798d88f387cd1c778b,SILENT_SVOLE_TCP,SILENT_SVOLE,,,LOCAL_TCP,tcp-loopback,bench,6,0,OK,PASS,16,65536,64,32,1,1277.1809999999998,1243.347,0.0,,0.0,0.0,0.0,0.0,0.0,0.0,1277.1809999999998,1277.1809999999998,1158.563,335.2,0.0,130103184,391288,130494216,62.224491119384766,0,0,,0,0,0,0,0,0,"tcp_two_process; libOTe_SilentVole; semi_honest_128; MultType=ExConv7x24; BaseElem=u64; ExtElem=array<u64,M>; x=c; Z0=a; Z1=-b; tcp_two_process; libOTe_SilentVole; semi_honest_128; MultType=ExConv7x24; BaseElem=u64; ExtElem=array<u64,M>; x=c; Z0=a; Z1=-b"
2026-07-26T07:50:28.835211+00:00,56a80d12dc147c6f4d9452798d88f387cd1c778b,SILENT_SVOLE_TCP,SILENT_SVOLE,,,LOCAL_TCP,tcp-loopback,bench,7,0,OK,PASS,16,65536,64,32,1,1283.0140000000001,1238.979,0.0,,0.0,0.0,0.0,0.0,0.0,0.0,1283.015,1283.0140000000001,1155.845,338.314,0.0,130103184,391288,130494216,62.224491119384766,0,0,,0,0,0,0,0,0,"tcp_two_process; libOTe_SilentVole; semi_honest_128; MultType=ExConv7x24; BaseElem=u64; ExtElem=array<u64,M>; x=c; Z0=a; Z1=-b; tcp_two_process; libOTe_SilentVole; semi_honest_128; MultType=ExConv7x24; BaseElem=u64; ExtElem=array<u64,M>; x=c; Z0=a; Z1=-b"
2026-07-26T07:50:30.340214+00:00,56a80d12dc147c6f4d9452798d88f387cd1c778b,SILENT_SVOLE_TCP,SILENT_SVOLE,,,LOCAL_TCP,tcp-loopback,bench,8,0,OK,PASS,16,65536,64,32,1,1279.846,1244.165,0.0,,0.0,0.0,0.0,0.0,0.0,0.0,1279.846,1279.846,1158.1889999999999,337.163,0.0,130103184,391288,130494216,62.224491119384766,0,0,,0,0,0,0,0,0,"tcp_two_process; libOTe_SilentVole; semi_honest_128; MultType=ExConv7x24; BaseElem=u64; ExtElem=array<u64,M>; x=c; Z0=a; Z1=-b; tcp_two_process; libOTe_SilentVole; semi_honest_128; MultType=ExConv7x24; BaseElem=u64; ExtElem=array<u64,M>; x=c; Z0=a; Z1=-b"
2026-07-26T07:50:31.845081+00:00,56a80d12dc147c6f4d9452798d88f387cd1c778b,SILENT_SVOLE_TCP,SILENT_SVOLE,,,LOCAL_TCP,tcp-loopback,bench,9,0,OK,PASS,16,65536,64,32,1,1278.598,1238.551,0.0,,0.0,0.0,0.0,0.0,0.0,0.0,1278.598,1278.598,1154.011,335.798,0.0,130103184,391288,130494216,62.224491119384766,0,0,,0,0,0,0,0,0,"tcp_two_process; libOTe_SilentVole; semi_honest_128; MultType=ExConv7x24; BaseElem=u64; ExtElem=array<u64,M>; x=c; Z0=a; Z1=-b; tcp_two_process; libOTe_SilentVole; semi_honest_128; MultType=ExConv7x24; BaseElem=u64; ExtElem=array<u64,M>; x=c; Z0=a; Z1=-b"
2026-07-26T07:50:32.448722+00:00,56a80d12dc147c6f4d9452798d88f387cd1c778b,RMVOLE_NET_BENCH,RM_VECTOR_OPT,split-input-coeff-ot,vector,LOCAL_TCP,tcp-loopback,bench,-1,1,OK,PASS,18,262144,64,8,1,30.768,24.146,30.768,"max(P0,P1)_same_phase",161.751,156.702,161.751,70.41,65.44,70.41,192.519,262.92900000000003,0.0,0.0,0.0,177329,1331713,1508960,0.7195281982421875,1378624,130418,INCLUDING_BASE_OT,7808,1,1,999424,999424,3,tcp_two_process; p0_coeff_bit_ot_receiver; SPLIT_COEFF_OT; one_batched_Kos_chosen_message_OT; vector_fixed_prime_setup; local_expand; tcp_two_process; p1_coeff_bit_ot_sender; SPLIT_COEFF_OT; one_batched_Kos_chosen_message_OT; vector_fixed_prime_setup; local_expand
2026-07-26T07:50:33.052440+00:00,56a80d12dc147c6f4d9452798d88f387cd1c778b,RMVOLE_NET_BENCH,RM_VECTOR_OPT,split-input-coeff-ot,vector,LOCAL_TCP,tcp-loopback,bench,0,0,OK,PASS,18,262144,64,8,1,30.889,24.297,30.889,"max(P0,P1)_same_phase",159.546,152.514,159.546,70.449,65.471,70.449,190.435,260.883,0.0,0.0,0.0,177329,1331713,1508960,0.7195281982421875,1378624,130418,INCLUDING_BASE_OT,7808,1,1,999424,999424,3,tcp_two_process; p0_coeff_bit_ot_receiver; SPLIT_COEFF_OT; one_batched_Kos_chosen_message_OT; vector_fixed_prime_setup; local_expand; tcp_two_process; p1_coeff_bit_ot_sender; SPLIT_COEFF_OT; one_batched_Kos_chosen_message_OT; vector_fixed_prime_setup; local_expand
2026-07-26T07:50:33.656039+00:00,56a80d12dc147c6f4d9452798d88f387cd1c778b,RMVOLE_NET_BENCH,RM_VECTOR_OPT,split-input-coeff-ot,vector,LOCAL_TCP,tcp-loopback,bench,1,0,OK,PASS,18,262144,64,8,1,30.875,24.284,30.875,"max(P0,P1)_same_phase",158.05700000000002,152.331,158.05700000000002,70.17,65.176,70.17,188.93200000000002,259.102,0.0,0.0,0.0,177329,1331713,1508960,0.7195281982421875,1378624,130418,INCLUDING_BASE_OT,7808,1,1,999424,999424,3,tcp_two_process; p0_coeff_bit_ot_receiver; SPLIT_COEFF_OT; one_batched_Kos_chosen_message_OT; vector_fixed_prime_setup; local_expand; tcp_two_process; p1_coeff_bit_ot_sender; SPLIT_COEFF_OT; one_batched_Kos_chosen_message_OT; vector_fixed_prime_setup; local_expand
2026-07-26T07:50:34.259792+00:00,56a80d12dc147c6f4d9452798d88f387cd1c778b,RMVOLE_NET_BENCH,RM_VECTOR_OPT,split-input-coeff-ot,vector,LOCAL_TCP,tcp-loopback,bench,2,0,OK,PASS,18,262144,64,8,1,30.879,24.285,30.879,"max(P0,P1)_same_phase",157.04399999999998,152.438,157.04399999999998,70.602,65.63900000000001,70.602,187.92299999999997,258.525,0.0,0.0,0.0,177329,1331713,1508960,0.7195281982421875,1378624,130418,INCLUDING_BASE_OT,7808,1,1,999424,999424,3,tcp_two_process; p0_coeff_bit_ot_receiver; SPLIT_COEFF_OT; one_batched_Kos_chosen_message_OT; vector_fixed_prime_setup; local_expand; tcp_two_process; p1_coeff_bit_ot_sender; SPLIT_COEFF_OT; one_batched_Kos_chosen_message_OT; vector_fixed_prime_setup; local_expand
2026-07-26T07:50:34.863821+00:00,56a80d12dc147c6f4d9452798d88f387cd1c778b,RMVOLE_NET_BENCH,RM_VECTOR_OPT,split-input-coeff-ot,vector,LOCAL_TCP,tcp-loopback,bench,3,0,OK,PASS,18,262144,64,8,1,30.698,24.111,30.698,"max(P0,P1)_same_phase",158.131,152.07899999999998,158.131,70.535,65.253,70.535,188.829,259.364,0.0,0.0,0.0,177329,1331713,1508960,0.7195281982421875,1378624,130418,INCLUDING_BASE_OT,7808,1,1,999424,999424,3,tcp_two_process; p0_coeff_bit_ot_receiver; SPLIT_COEFF_OT; one_batched_Kos_chosen_message_OT; vector_fixed_prime_setup; local_expand; tcp_two_process; p1_coeff_bit_ot_sender; SPLIT_COEFF_OT; one_batched_Kos_chosen_message_OT; vector_fixed_prime_setup; local_expand
2026-07-26T07:50:35.467664+00:00,56a80d12dc147c6f4d9452798d88f387cd1c778b,RMVOLE_NET_BENCH,RM_VECTOR_OPT,split-input-coeff-ot,vector,LOCAL_TCP,tcp-loopback,bench,4,0,OK,PASS,18,262144,64,8,1,30.683,24.1,30.683,"max(P0,P1)_same_phase",154.734,153.332,154.734,70.381,65.463,70.381,185.417,255.79800000000003,0.0,0.0,0.0,177329,1331713,1508960,0.7195281982421875,1378624,130418,INCLUDING_BASE_OT,7808,1,1,999424,999424,3,tcp_two_process; p0_coeff_bit_ot_receiver; SPLIT_COEFF_OT; one_batched_Kos_chosen_message_OT; vector_fixed_prime_setup; local_expand; tcp_two_process; p1_coeff_bit_ot_sender; SPLIT_COEFF_OT; one_batched_Kos_chosen_message_OT; vector_fixed_prime_setup; local_expand
2026-07-26T07:50:36.071351+00:00,56a80d12dc147c6f4d9452798d88f387cd1c778b,RMVOLE_NET_BENCH,RM_VECTOR_OPT,split-input-coeff-ot,vector,LOCAL_TCP,tcp-loopback,bench,5,0,OK,PASS,18,262144,64,8,1,30.818,24.111,30.818,"max(P0,P1)_same_phase",157.918,153.57999999999998,157.918,70.495,65.478,70.495,188.73600000000002,259.231,0.0,0.0,0.0,177329,1331713,1508960,0.7195281982421875,1378624,130418,INCLUDING_BASE_OT,7808,1,1,999424,999424,3,tcp_two_process; p0_coeff_bit_ot_receiver; SPLIT_COEFF_OT; one_batched_Kos_chosen_message_OT; vector_fixed_prime_setup; local_expand; tcp_two_process; p1_coeff_bit_ot_sender; SPLIT_COEFF_OT; one_batched_Kos_chosen_message_OT; vector_fixed_prime_setup; local_expand
2026-07-26T07:50:36.675114+00:00,56a80d12dc147c6f4d9452798d88f387cd1c778b,RMVOLE_NET_BENCH,RM_VECTOR_OPT,split-input-coeff-ot,vector,LOCAL_TCP,tcp-loopback,bench,6,0,OK,PASS,18,262144,64,8,1,30.894000000000002,24.292,30.894000000000002,"max(P0,P1)_same_phase",158.135,153.255,158.135,70.559,65.36200000000001,70.559,189.029,259.58799999999997,0.0,0.0,0.0,177329,1331713,1508960,0.7195281982421875,1378624,130418,INCLUDING_BASE_OT,7808,1,1,999424,999424,3,tcp_two_process; p0_coeff_bit_ot_receiver; SPLIT_COEFF_OT; one_batched_Kos_chosen_message_OT; vector_fixed_prime_setup; local_expand; tcp_two_process; p1_coeff_bit_ot_sender; SPLIT_COEFF_OT; one_batched_Kos_chosen_message_OT; vector_fixed_prime_setup; local_expand
2026-07-26T07:50:37.278968+00:00,56a80d12dc147c6f4d9452798d88f387cd1c778b,RMVOLE_NET_BENCH,RM_VECTOR_OPT,split-input-coeff-ot,vector,LOCAL_TCP,tcp-loopback,bench,7,0,OK,PASS,18,262144,64,8,1,30.727999999999998,24.136000000000003,30.727999999999998,"max(P0,P1)_same_phase",159.385,153.088,159.385,70.232,65.979,70.232,190.113,260.34499999999997,0.0,0.0,0.0,177329,1331713,1508960,0.7195281982421875,1378624,130418,INCLUDING_BASE_OT,7808,1,1,999424,999424,3,tcp_two_process; p0_coeff_bit_ot_receiver; SPLIT_COEFF_OT; one_batched_Kos_chosen_message_OT; vector_fixed_prime_setup; local_expand; tcp_two_process; p1_coeff_bit_ot_sender; SPLIT_COEFF_OT; one_batched_Kos_chosen_message_OT; vector_fixed_prime_setup; local_expand
2026-07-26T07:50:37.882903+00:00,56a80d12dc147c6f4d9452798d88f387cd1c778b,RMVOLE_NET_BENCH,RM_VECTOR_OPT,split-input-coeff-ot,vector,LOCAL_TCP,tcp-loopback,bench,8,0,OK,PASS,18,262144,64,8,1,30.771,24.184,30.771,"max(P0,P1)_same_phase",158.246,153.786,158.246,70.502,65.808,70.502,189.017,259.519,0.0,0.0,0.0,177329,1331713,1508960,0.7195281982421875,1378624,130418,INCLUDING_BASE_OT,7808,1,1,999424,999424,3,tcp_two_process; p0_coeff_bit_ot_receiver; SPLIT_COEFF_OT; one_batched_Kos_chosen_message_OT; vector_fixed_prime_setup; local_expand; tcp_two_process; p1_coeff_bit_ot_sender; SPLIT_COEFF_OT; one_batched_Kos_chosen_message_OT; vector_fixed_prime_setup; local_expand
2026-07-26T07:50:38.486741+00:00,56a80d12dc147c6f4d9452798d88f387cd1c778b,RMVOLE_NET_BENCH,RM_VECTOR_OPT,split-input-coeff-ot,vector,LOCAL_TCP,tcp-loopback,bench,9,0,OK,PASS,18,262144,64,8,1,30.788,24.188000000000002,30.788,"max(P0,P1)_same_phase",158.106,153.6,158.106,70.726,65.558,70.726,188.894,259.61899999999997,0.0,0.0,0.0,177329,1331713,1508960,0.7195281982421875,1378624,130418,INCLUDING_BASE_OT,7808,1,1,999424,999424,3,tcp_two_process; p0_coeff_bit_ot_receiver; SPLIT_COEFF_OT; one_batched_Kos_chosen_message_OT; vector_fixed_prime_setup; local_expand; tcp_two_process; p1_coeff_bit_ot_sender; SPLIT_COEFF_OT; one_batched_Kos_chosen_message_OT; vector_fixed_prime_setup; local_expand
2026-07-26T07:50:39.590987+00:00,56a80d12dc147c6f4d9452798d88f387cd1c778b,SILENT_SVOLE_TCP,SILENT_SVOLE,,,LOCAL_TCP,tcp-loopback,bench,-1,1,OK,PASS,18,262144,64,8,1,874.9780000000001,804.392,0.0,,0.0,0.0,0.0,0.0,0.0,0.0,874.9780000000001,874.9780000000001,622.3689999999999,392.933,0.0,8221904,167544,8389384,4.000370025634766,0,0,,0,0,0,0,0,0,"tcp_two_process; libOTe_SilentVole; semi_honest_128; MultType=ExConv7x24; BaseElem=u64; ExtElem=array<u64,M>; x=c; Z0=a; Z1=-b; tcp_two_process; libOTe_SilentVole; semi_honest_128; MultType=ExConv7x24; BaseElem=u64; ExtElem=array<u64,M>; x=c; Z0=a; Z1=-b"
2026-07-26T07:50:40.695287+00:00,56a80d12dc147c6f4d9452798d88f387cd1c778b,SILENT_SVOLE_TCP,SILENT_SVOLE,,,LOCAL_TCP,tcp-loopback,bench,0,0,OK,PASS,18,262144,64,8,1,876.633,806.3059999999999,0.0,,0.0,0.0,0.0,0.0,0.0,0.0,876.633,876.633,621.991,394.87899999999996,0.0,8221904,167544,8389384,4.000370025634766,0,0,,0,0,0,0,0,0,"tcp_two_process; libOTe_SilentVole; semi_honest_128; MultType=ExConv7x24; BaseElem=u64; ExtElem=array<u64,M>; x=c; Z0=a; Z1=-b; tcp_two_process; libOTe_SilentVole; semi_honest_128; MultType=ExConv7x24; BaseElem=u64; ExtElem=array<u64,M>; x=c; Z0=a; Z1=-b"
2026-07-26T07:50:41.799619+00:00,56a80d12dc147c6f4d9452798d88f387cd1c778b,SILENT_SVOLE_TCP,SILENT_SVOLE,,,LOCAL_TCP,tcp-loopback,bench,1,0,OK,PASS,18,262144,64,8,1,874.93,804.2719999999999,0.0,,0.0,0.0,0.0,0.0,0.0,0.0,874.93,874.93,622.045,393.596,0.0,8221904,167544,8389384,4.000370025634766,0,0,,0,0,0,0,0,0,"tcp_two_process; libOTe_SilentVole; semi_honest_128; MultType=ExConv7x24; BaseElem=u64; ExtElem=array<u64,M>; x=c; Z0=a; Z1=-b; tcp_two_process; libOTe_SilentVole; semi_honest_128; MultType=ExConv7x24; BaseElem=u64; ExtElem=array<u64,M>; x=c; Z0=a; Z1=-b"
2026-07-26T07:50:42.903996+00:00,56a80d12dc147c6f4d9452798d88f387cd1c778b,SILENT_SVOLE_TCP,SILENT_SVOLE,,,LOCAL_TCP,tcp-loopback,bench,2,0,OK,PASS,18,262144,64,8,1,874.457,804.569,0.0,,0.0,0.0,0.0,0.0,0.0,0.0,874.457,874.457,623.543,392.929,0.0,8221904,167544,8389384,4.000370025634766,0,0,,0,0,0,0,0,0,"tcp_two_process; libOTe_SilentVole; semi_honest_128; MultType=ExConv7x24; BaseElem=u64; ExtElem=array<u64,M>; x=c; Z0=a; Z1=-b; tcp_two_process; libOTe_SilentVole; semi_honest_128; MultType=ExConv7x24; BaseElem=u64; ExtElem=array<u64,M>; x=c; Z0=a; Z1=-b"
2026-07-26T07:50:44.008378+00:00,56a80d12dc147c6f4d9452798d88f387cd1c778b,SILENT_SVOLE_TCP,SILENT_SVOLE,,,LOCAL_TCP,tcp-loopback,bench,3,0,OK,PASS,18,262144,64,8,1,873.379,802.572,0.0,,0.0,0.0,0.0,0.0,0.0,0.0,873.379,873.379,622.107,392.19300000000004,0.0,8221904,167544,8389384,4.000370025634766,0,0,,0,0,0,0,0,0,"tcp_two_process; libOTe_SilentVole; semi_honest_128; MultType=ExConv7x24; BaseElem=u64; ExtElem=array<u64,M>; x=c; Z0=a; Z1=-b; tcp_two_process; libOTe_SilentVole; semi_honest_128; MultType=ExConv7x24; BaseElem=u64; ExtElem=array<u64,M>; x=c; Z0=a; Z1=-b"
2026-07-26T07:50:45.112756+00:00,56a80d12dc147c6f4d9452798d88f387cd1c778b,SILENT_SVOLE_TCP,SILENT_SVOLE,,,LOCAL_TCP,tcp-loopback,bench,4,0,OK,PASS,18,262144,64,8,1,877.284,804.333,0.0,,0.0,0.0,0.0,0.0,0.0,0.0,877.283,877.284,624.533,393.816,0.0,8221904,167544,8389384,4.000370025634766,0,0,,0,0,0,0,0,0,"tcp_two_process; libOTe_SilentVole; semi_honest_128; MultType=ExConv7x24; BaseElem=u64; ExtElem=array<u64,M>; x=c; Z0=a; Z1=-b; tcp_two_process; libOTe_SilentVole; semi_honest_128; MultType=ExConv7x24; BaseElem=u64; ExtElem=array<u64,M>; x=c; Z0=a; Z1=-b"
2026-07-26T07:50:46.217146+00:00,56a80d12dc147c6f4d9452798d88f387cd1c778b,SILENT_SVOLE_TCP,SILENT_SVOLE,,,LOCAL_TCP,tcp-loopback,bench,5,0,OK,PASS,18,262144,64,8,1,876.008,806.125,0.0,,0.0,0.0,0.0,0.0,0.0,0.0,876.007,876.008,623.7289999999999,394.179,0.0,8221904,167544,8389384,4.000370025634766,0,0,,0,0,0,0,0,0,"tcp_two_process; libOTe_SilentVole; semi_honest_128; MultType=ExConv7x24; BaseElem=u64; ExtElem=array<u64,M>; x=c; Z0=a; Z1=-b; tcp_two_process; libOTe_SilentVole; semi_honest_128; MultType=ExConv7x24; BaseElem=u64; ExtElem=array<u64,M>; x=c; Z0=a; Z1=-b"
2026-07-26T07:50:47.321602+00:00,56a80d12dc147c6f4d9452798d88f387cd1c778b,SILENT_SVOLE_TCP,SILENT_SVOLE,,,LOCAL_TCP,tcp-loopback,bench,6,0,OK,PASS,18,262144,64,8,1,877.9630000000001,802.886,0.0,,0.0,0.0,0.0,0.0,0.0,0.0,877.9630000000001,877.9630000000001,621.2919999999999,395.745,0.0,8221904,167544,8389384,4.000370025634766,0,0,,0,0,0,0,0,0,"tcp_two_process; libOTe_SilentVole; semi_honest_128; MultType=ExConv7x24; BaseElem=u64; ExtElem=array<u64,M>; x=c; Z0=a; Z1=-b; tcp_two_process; libOTe_SilentVole; semi_honest_128; MultType=ExConv7x24; BaseElem=u64; ExtElem=array<u64,M>; x=c; Z0=a; Z1=-b"
2026-07-26T07:50:48.426092+00:00,56a80d12dc147c6f4d9452798d88f387cd1c778b,SILENT_SVOLE_TCP,SILENT_SVOLE,,,LOCAL_TCP,tcp-loopback,bench,7,0,OK,PASS,18,262144,64,8,1,875.962,801.376,0.0,,0.0,0.0,0.0,0.0,0.0,0.0,875.9630000000001,875.962,618.658,393.05600000000004,0.0,8221904,167544,8389384,4.000370025634766,0,0,,0,0,0,0,0,0,"tcp_two_process; libOTe_SilentVole; semi_honest_128; MultType=ExConv7x24; BaseElem=u64; ExtElem=array<u64,M>; x=c; Z0=a; Z1=-b; tcp_two_process; libOTe_SilentVole; semi_honest_128; MultType=ExConv7x24; BaseElem=u64; ExtElem=array<u64,M>; x=c; Z0=a; Z1=-b"
2026-07-26T07:50:49.530504+00:00,56a80d12dc147c6f4d9452798d88f387cd1c778b,SILENT_SVOLE_TCP,SILENT_SVOLE,,,LOCAL_TCP,tcp-loopback,bench,8,0,OK,PASS,18,262144,64,8,1,876.0409999999999,798.351,0.0,,0.0,0.0,0.0,0.0,0.0,0.0,876.041,876.0409999999999,617.275,394.086,0.0,8221904,167544,8389384,4.000370025634766,0,0,,0,0,0,0,0,0,"tcp_two_process; libOTe_SilentVole; semi_honest_128; MultType=ExConv7x24; BaseElem=u64; ExtElem=array<u64,M>; x=c; Z0=a; Z1=-b; tcp_two_process; libOTe_SilentVole; semi_honest_128; MultType=ExConv7x24; BaseElem=u64; ExtElem=array<u64,M>; x=c; Z0=a; Z1=-b"
2026-07-26T07:50:50.634836+00:00,56a80d12dc147c6f4d9452798d88f387cd1c778b,SILENT_SVOLE_TCP,SILENT_SVOLE,,,LOCAL_TCP,tcp-loopback,bench,9,0,OK,PASS,18,262144,64,8,1,876.5619999999999,804.335,0.0,,0.0,0.0,0.0,0.0,0.0,0.0,876.561,876.5619999999999,622.52,394.13100000000003,0.0,8221904,167544,8389384,4.000370025634766,0,0,,0,0,0,0,0,0,"tcp_two_process; libOTe_SilentVole; semi_honest_128; MultType=ExConv7x24; BaseElem=u64; ExtElem=array<u64,M>; x=c; Z0=a; Z1=-b; tcp_two_process; libOTe_SilentVole; semi_honest_128; MultType=ExConv7x24; BaseElem=u64; ExtElem=array<u64,M>; x=c; Z0=a; Z1=-b"
2026-07-26T07:50:51.439618+00:00,56a80d12dc147c6f4d9452798d88f387cd1c778b,RMVOLE_NET_BENCH,RM_VECTOR_OPT,split-input-coeff-ot,vector,LOCAL_TCP,tcp-loopback,bench,-1,1,OK,PASS,18,262144,64,16,1,33.39,26.716,33.39,"max(P0,P1)_same_phase",192.67000000000002,194.569,194.569,149.65800000000002,145.574,149.65800000000002,227.959,375.718,0.0,0.0,0.0,177393,2363905,2541152,0.6058578491210938,2378048,163250,INCLUDING_BASE_OT,7808,1,1,1998848,1998848,3,tcp_two_process; p0_coeff_bit_ot_receiver; SPLIT_COEFF_OT; one_batched_Kos_chosen_message_OT; vector_fixed_prime_setup; local_expand; tcp_two_process; p1_coeff_bit_ot_sender; SPLIT_COEFF_OT; one_batched_Kos_chosen_message_OT; vector_fixed_prime_setup; local_expand
2026-07-26T07:50:52.243821+00:00,56a80d12dc147c6f4d9452798d88f387cd1c778b,RMVOLE_NET_BENCH,RM_VECTOR_OPT,split-input-coeff-ot,vector,LOCAL_TCP,tcp-loopback,bench,0,0,OK,PASS,18,262144,64,16,1,33.409,26.714000000000002,33.409,"max(P0,P1)_same_phase",198.826,193.472,198.826,150.095,144.702,150.095,232.23499999999999,382.33099999999996,0.0,0.0,0.0,177393,2363905,2541152,0.6058578491210938,2378048,163250,INCLUDING_BASE_OT,7808,1,1,1998848,1998848,3,tcp_two_process; p0_coeff_bit_ot_receiver; SPLIT_COEFF_OT; one_batched_Kos_chosen_message_OT; vector_fixed_prime_setup; local_expand; tcp_two_process; p1_coeff_bit_ot_sender; SPLIT_COEFF_OT; one_batched_Kos_chosen_message_OT; vector_fixed_prime_setup; local_expand
2026-07-26T07:50:53.048043+00:00,56a80d12dc147c6f4d9452798d88f387cd1c778b,RMVOLE_NET_BENCH,RM_VECTOR_OPT,split-input-coeff-ot,vector,LOCAL_TCP,tcp-loopback,bench,1,0,OK,PASS,18,262144,64,16,1,33.421,26.759999999999998,33.421,"max(P0,P1)_same_phase",207.648,198.733,207.648,149.731,144.817,149.731,241.069,390.79999999999995,0.0,0.0,0.0,177393,2363905,2541152,0.6058578491210938,2378048,163250,INCLUDING_BASE_OT,7808,1,1,1998848,1998848,3,tcp_two_process; p0_coeff_bit_ot_receiver; SPLIT_COEFF_OT; one_batched_Kos_chosen_message_OT; vector_fixed_prime_setup; local_expand; tcp_two_process; p1_coeff_bit_ot_sender; SPLIT_COEFF_OT; one_batched_Kos_chosen_message_OT; vector_fixed_prime_setup; local_expand
2026-07-26T07:50:53.852234+00:00,56a80d12dc147c6f4d9452798d88f387cd1c778b,RMVOLE_NET_BENCH,RM_VECTOR_OPT,split-input-coeff-ot,vector,LOCAL_TCP,tcp-loopback,bench,2,0,OK,PASS,18,262144,64,16,1,33.385999999999996,26.714000000000002,33.385999999999996,"max(P0,P1)_same_phase",196.509,198.184,198.184,149.95600000000002,144.827,149.95600000000002,231.57,379.85,0.0,0.0,0.0,177393,2363905,2541152,0.6058578491210938,2378048,163250,INCLUDING_BASE_OT,7808,1,1,1998848,1998848,3,tcp_two_process; p0_coeff_bit_ot_receiver; SPLIT_COEFF_OT; one_batched_Kos_chosen_message_OT; vector_fixed_prime_setup; local_expand; tcp_two_process; p1_coeff_bit_ot_sender; SPLIT_COEFF_OT; one_batched_Kos_chosen_message_OT; vector_fixed_prime_setup; local_expand
2026-07-26T07:50:54.656285+00:00,56a80d12dc147c6f4d9452798d88f387cd1c778b,RMVOLE_NET_BENCH,RM_VECTOR_OPT,split-input-coeff-ot,vector,LOCAL_TCP,tcp-loopback,bench,3,0,OK,PASS,18,262144,64,16,1,33.474,26.775,33.474,"max(P0,P1)_same_phase",196.97899999999998,198.672,198.672,149.438,145.63400000000001,149.438,232.146,379.89099999999996,0.0,0.0,0.0,177393,2363905,2541152,0.6058578491210938,2378048,163250,INCLUDING_BASE_OT,7808,1,1,1998848,1998848,3,tcp_two_process; p0_coeff_bit_ot_receiver; SPLIT_COEFF_OT; one_batched_Kos_chosen_message_OT; vector_fixed_prime_setup; local_expand; tcp_two_process; p1_coeff_bit_ot_sender; SPLIT_COEFF_OT; one_batched_Kos_chosen_message_OT; vector_fixed_prime_setup; local_expand
2026-07-26T07:50:55.460527+00:00,56a80d12dc147c6f4d9452798d88f387cd1c778b,RMVOLE_NET_BENCH,RM_VECTOR_OPT,split-input-coeff-ot,vector,LOCAL_TCP,tcp-loopback,bench,4,0,OK,PASS,18,262144,64,16,1,33.413,26.706,33.413,"max(P0,P1)_same_phase",206.774,198.00799999999998,206.774,150.002,144.374,150.002,240.187,390.189,0.0,0.0,0.0,177393,2363905,2541152,0.6058578491210938,2378048,163250,INCLUDING_BASE_OT,7808,1,1,1998848,1998848,3,tcp_two_process; p0_coeff_bit_ot_receiver; SPLIT_COEFF_OT; one_batched_Kos_chosen_message_OT; vector_fixed_prime_setup; local_expand; tcp_two_process; p1_coeff_bit_ot_sender; SPLIT_COEFF_OT; one_batched_Kos_chosen_message_OT; vector_fixed_prime_setup; local_expand
2026-07-26T07:50:56.264612+00:00,56a80d12dc147c6f4d9452798d88f387cd1c778b,RMVOLE_NET_BENCH,RM_VECTOR_OPT,split-input-coeff-ot,vector,LOCAL_TCP,tcp-loopback,bench,5,0,OK,PASS,18,262144,64,16,1,33.556000000000004,26.87,33.556000000000004,"max(P0,P1)_same_phase",218.661,209.691,218.661,149.753,144.303,149.753,252.217,401.96999999999997,0.0,0.0,0.0,177393,2363905,2541152,0.6058578491210938,2378048,163250,INCLUDING_BASE_OT,7808,1,1,1998848,1998848,3,tcp_two_process; p0_coeff_bit_ot_receiver; SPLIT_COEFF_OT; one_batched_Kos_chosen_message_OT; vector_fixed_prime_setup; local_expand; tcp_two_process; p1_coeff_bit_ot_sender; SPLIT_COEFF_OT; one_batched_Kos_chosen_message_OT; vector_fixed_prime_setup; local_expand
2026-07-26T07:50:57.068933+00:00,56a80d12dc147c6f4d9452798d88f387cd1c778b,RMVOLE_NET_BENCH,RM_VECTOR_OPT,split-input-coeff-ot,vector,LOCAL_TCP,tcp-loopback,bench,6,0,OK,PASS,18,262144,64,16,1,33.646,26.964,33.646,"max(P0,P1)_same_phase",205.235,196.244,205.235,149.905,144.27200000000002,149.905,238.88100000000003,388.786,0.0,0.0,0.0,177393,2363905,2541152,0.6058578491210938,2378048,163250,INCLUDING_BASE_OT,7808,1,1,1998848,1998848,3,tcp_two_process; p0_coeff_bit_ot_receiver; SPLIT_COEFF_OT; one_batched_Kos_chosen_message_OT; vector_fixed_prime_setup; local_expand; tcp_two_process; p1_coeff_bit_ot_sender; SPLIT_COEFF_OT; one_batched_Kos_chosen_message_OT; vector_fixed_prime_setup; local_expand
2026-07-26T07:50:57.873265+00:00,56a80d12dc147c6f4d9452798d88f387cd1c778b,RMVOLE_NET_BENCH,RM_VECTOR_OPT,split-input-coeff-ot,vector,LOCAL_TCP,tcp-loopback,bench,7,0,OK,PASS,18,262144,64,16,1,33.459,26.759,33.459,"max(P0,P1)_same_phase",195.358,197.92399999999998,197.92399999999998,151.64600000000002,144.72,151.64600000000002,231.38299999999998,380.463,0.0,0.0,0.0,177393,2363905,2541152,0.6058578491210938,2378048,163250,INCLUDING_BASE_OT,7808,1,1,1998848,1998848,3,tcp_two_process; p0_coeff_bit_ot_receiver; SPLIT_COEFF_OT; one_batched_Kos_chosen_message_OT; vector_fixed_prime_setup; local_expand; tcp_two_process; p1_coeff_bit_ot_sender; SPLIT_COEFF_OT; one_batched_Kos_chosen_message_OT; vector_fixed_prime_setup; local_expand
2026-07-26T07:50:58.677373+00:00,56a80d12dc147c6f4d9452798d88f387cd1c778b,RMVOLE_NET_BENCH,RM_VECTOR_OPT,split-input-coeff-ot,vector,LOCAL_TCP,tcp-loopback,bench,8,0,OK,PASS,18,262144,64,16,1,33.351,26.673,33.351,"max(P0,P1)_same_phase",214.098,196.51399999999998,214.098,149.25,144.216,149.25,247.449,396.698,0.0,0.0,0.0,177393,2363905,2541152,0.6058578491210938,2378048,163250,INCLUDING_BASE_OT,7808,1,1,1998848,1998848,3,tcp_two_process; p0_coeff_bit_ot_receiver; SPLIT_COEFF_OT; one_batched_Kos_chosen_message_OT; vector_fixed_prime_setup; local_expand; tcp_two_process; p1_coeff_bit_ot_sender; SPLIT_COEFF_OT; one_batched_Kos_chosen_message_OT; vector_fixed_prime_setup; local_expand
2026-07-26T07:50:59.481642+00:00,56a80d12dc147c6f4d9452798d88f387cd1c778b,RMVOLE_NET_BENCH,RM_VECTOR_OPT,split-input-coeff-ot,vector,LOCAL_TCP,tcp-loopback,bench,9,0,OK,PASS,18,262144,64,16,1,33.429,26.721,33.429,"max(P0,P1)_same_phase",205.595,196.314,205.595,149.23600000000002,143.711,149.23600000000002,239.024,388.26,0.0,0.0,0.0,177393,2363905,2541152,0.6058578491210938,2378048,163250,INCLUDING_BASE_OT,7808,1,1,1998848,1998848,3,tcp_two_process; p0_coeff_bit_ot_receiver; SPLIT_COEFF_OT; one_batched_Kos_chosen_message_OT; vector_fixed_prime_setup; local_expand; tcp_two_process; p1_coeff_bit_ot_sender; SPLIT_COEFF_OT; one_batched_Kos_chosen_message_OT; vector_fixed_prime_setup; local_expand
2026-07-26T07:51:00.886498+00:00,56a80d12dc147c6f4d9452798d88f387cd1c778b,SILENT_SVOLE_TCP,SILENT_SVOLE,,,LOCAL_TCP,tcp-loopback,bench,-1,1,OK,PASS,18,262144,64,16,1,1172.2269999999999,1096.434,0.0,,0.0,0.0,0.0,0.0,0.0,0.0,1172.2259999999999,1172.2269999999999,725.354,531.2909999999999,0.0,32601360,247416,32848648,7.831727981567383,0,0,,0,0,0,0,0,0,"tcp_two_process; libOTe_SilentVole; semi_honest_128; MultType=ExConv7x24; BaseElem=u64; ExtElem=array<u64,M>; x=c; Z0=a; Z1=-b; tcp_two_process; libOTe_SilentVole; semi_honest_128; MultType=ExConv7x24; BaseElem=u64; ExtElem=array<u64,M>; x=c; Z0=a; Z1=-b"
2026-07-26T07:51:02.291494+00:00,56a80d12dc147c6f4d9452798d88f387cd1c778b,SILENT_SVOLE_TCP,SILENT_SVOLE,,,LOCAL_TCP,tcp-loopback,bench,0,0,OK,PASS,18,262144,64,16,1,1172.482,1099.613,0.0,,0.0,0.0,0.0,0.0,0.0,0.0,1172.482,1172.482,726.673,531.58,0.0,32601360,247416,32848648,7.831727981567383,0,0,,0,0,0,0,0,0,"tcp_two_process; libOTe_SilentVole; semi_honest_128; MultType=ExConv7x24; BaseElem=u64; ExtElem=array<u64,M>; x=c; Z0=a; Z1=-b; tcp_two_process; libOTe_SilentVole; semi_honest_128; MultType=ExConv7x24; BaseElem=u64; ExtElem=array<u64,M>; x=c; Z0=a; Z1=-b"
2026-07-26T07:51:03.696234+00:00,56a80d12dc147c6f4d9452798d88f387cd1c778b,SILENT_SVOLE_TCP,SILENT_SVOLE,,,LOCAL_TCP,tcp-loopback,bench,1,0,OK,PASS,18,262144,64,16,1,1175.4450000000002,1094.608,0.0,,0.0,0.0,0.0,0.0,0.0,0.0,1175.445,1175.4450000000002,723.995,533.6959999999999,0.0,32601360,247416,32848648,7.831727981567383,0,0,,0,0,0,0,0,0,"tcp_two_process; libOTe_SilentVole; semi_honest_128; MultType=ExConv7x24; BaseElem=u64; ExtElem=array<u64,M>; x=c; Z0=a; Z1=-b; tcp_two_process; libOTe_SilentVole; semi_honest_128; MultType=ExConv7x24; BaseElem=u64; ExtElem=array<u64,M>; x=c; Z0=a; Z1=-b"
2026-07-26T07:51:05.101074+00:00,56a80d12dc147c6f4d9452798d88f387cd1c778b,SILENT_SVOLE_TCP,SILENT_SVOLE,,,LOCAL_TCP,tcp-loopback,bench,2,0,OK,PASS,18,262144,64,16,1,1169.467,1096.798,0.0,,0.0,0.0,0.0,0.0,0.0,0.0,1169.466,1169.467,727.281,529.409,0.0,32601360,247416,32848648,7.831727981567383,0,0,,0,0,0,0,0,0,"tcp_two_process; libOTe_SilentVole; semi_honest_128; MultType=ExConv7x24; BaseElem=u64; ExtElem=array<u64,M>; x=c; Z0=a; Z1=-b; tcp_two_process; libOTe_SilentVole; semi_honest_128; MultType=ExConv7x24; BaseElem=u64; ExtElem=array<u64,M>; x=c; Z0=a; Z1=-b"
2026-07-26T07:51:06.506070+00:00,56a80d12dc147c6f4d9452798d88f387cd1c778b,SILENT_SVOLE_TCP,SILENT_SVOLE,,,LOCAL_TCP,tcp-loopback,bench,3,0,OK,PASS,18,262144,64,16,1,1172.786,1097.5410000000002,0.0,,0.0,0.0,0.0,0.0,0.0,0.0,1172.7859999999998,1172.786,726.598,530.697,0.0,32601360,247416,32848648,7.831727981567383,0,0,,0,0,0,0,0,0,"tcp_two_process; libOTe_SilentVole; semi_honest_128; MultType=ExConv7x24; BaseElem=u64; ExtElem=array<u64,M>; x=c; Z0=a; Z1=-b; tcp_two_process; libOTe_SilentVole; semi_honest_128; MultType=ExConv7x24; BaseElem=u64; ExtElem=array<u64,M>; x=c; Z0=a; Z1=-b"
2026-07-26T07:51:07.911087+00:00,56a80d12dc147c6f4d9452798d88f387cd1c778b,SILENT_SVOLE_TCP,SILENT_SVOLE,,,LOCAL_TCP,tcp-loopback,bench,4,0,OK,PASS,18,262144,64,16,1,1181.788,1102.712,0.0,,0.0,0.0,0.0,0.0,0.0,0.0,1181.788,1181.788,732.151,540.504,0.0,32601360,247416,32848648,7.831727981567383,0,0,,0,0,0,0,0,0,"tcp_two_process; libOTe_SilentVole; semi_honest_128; MultType=ExConv7x24; BaseElem=u64; ExtElem=array<u64,M>; x=c; Z0=a; Z1=-b; tcp_two_process; libOTe_SilentVole; semi_honest_128; MultType=ExConv7x24; BaseElem=u64; ExtElem=array<u64,M>; x=c; Z0=a; Z1=-b"
2026-07-26T07:51:09.315991+00:00,56a80d12dc147c6f4d9452798d88f387cd1c778b,SILENT_SVOLE_TCP,SILENT_SVOLE,,,LOCAL_TCP,tcp-loopback,bench,5,0,OK,PASS,18,262144,64,16,1,1172.4859999999999,1100.134,0.0,,0.0,0.0,0.0,0.0,0.0,0.0,1172.486,1172.4859999999999,727.266,531.274,0.0,32601360,247416,32848648,7.831727981567383,0,0,,0,0,0,0,0,0,"tcp_two_process; libOTe_SilentVole; semi_honest_128; MultType=ExConv7x24; BaseElem=u64; ExtElem=array<u64,M>; x=c; Z0=a; Z1=-b; tcp_two_process; libOTe_SilentVole; semi_honest_128; MultType=ExConv7x24; BaseElem=u64; ExtElem=array<u64,M>; x=c; Z0=a; Z1=-b"
2026-07-26T07:51:10.720737+00:00,56a80d12dc147c6f4d9452798d88f387cd1c778b,SILENT_SVOLE_TCP,SILENT_SVOLE,,,LOCAL_TCP,tcp-loopback,bench,6,0,OK,PASS,18,262144,64,16,1,1186.6129999999998,1108.537,0.0,,0.0,0.0,0.0,0.0,0.0,0.0,1186.6129999999998,1186.6129999999998,725.9219999999999,543.461,0.0,32601360,247416,32848648,7.831727981567383,0,0,,0,0,0,0,0,0,"tcp_two_process; libOTe_SilentVole; semi_honest_128; MultType=ExConv7x24; BaseElem=u64; ExtElem=array<u64,M>; x=c; Z0=a; Z1=-b; tcp_two_process; libOTe_SilentVole; semi_honest_128; MultType=ExConv7x24; BaseElem=u64; ExtElem=array<u64,M>; x=c; Z0=a; Z1=-b"
2026-07-26T07:51:12.125884+00:00,56a80d12dc147c6f4d9452798d88f387cd1c778b,SILENT_SVOLE_TCP,SILENT_SVOLE,,,LOCAL_TCP,tcp-loopback,bench,7,0,OK,PASS,18,262144,64,16,1,1174.216,1099.605,0.0,,0.0,0.0,0.0,0.0,0.0,0.0,1174.216,1174.216,726.8480000000001,532.5609999999999,0.0,32601360,247416,32848648,7.831727981567383,0,0,,0,0,0,0,0,0,"tcp_two_process; libOTe_SilentVole; semi_honest_128; MultType=ExConv7x24; BaseElem=u64; ExtElem=array<u64,M>; x=c; Z0=a; Z1=-b; tcp_two_process; libOTe_SilentVole; semi_honest_128; MultType=ExConv7x24; BaseElem=u64; ExtElem=array<u64,M>; x=c; Z0=a; Z1=-b"
2026-07-26T07:51:13.530758+00:00,56a80d12dc147c6f4d9452798d88f387cd1c778b,SILENT_SVOLE_TCP,SILENT_SVOLE,,,LOCAL_TCP,tcp-loopback,bench,8,0,OK,PASS,18,262144,64,16,1,1179.491,1104.935,0.0,,0.0,0.0,0.0,0.0,0.0,0.0,1179.491,1179.491,727.2570000000001,536.607,0.0,32601360,247416,32848648,7.831727981567383,0,0,,0,0,0,0,0,0,"tcp_two_process; libOTe_SilentVole; semi_honest_128; MultType=ExConv7x24; BaseElem=u64; ExtElem=array<u64,M>; x=c; Z0=a; Z1=-b; tcp_two_process; libOTe_SilentVole; semi_honest_128; MultType=ExConv7x24; BaseElem=u64; ExtElem=array<u64,M>; x=c; Z0=a; Z1=-b"
2026-07-26T07:51:14.935502+00:00,56a80d12dc147c6f4d9452798d88f387cd1c778b,SILENT_SVOLE_TCP,SILENT_SVOLE,,,LOCAL_TCP,tcp-loopback,bench,9,0,OK,PASS,18,262144,64,16,1,1176.456,1098.55,0.0,,0.0,0.0,0.0,0.0,0.0,0.0,1176.456,1176.456,727.916,534.535,0.0,32601360,247416,32848648,7.831727981567383,0,0,,0,0,0,0,0,0,"tcp_two_process; libOTe_SilentVole; semi_honest_128; MultType=ExConv7x24; BaseElem=u64; ExtElem=array<u64,M>; x=c; Z0=a; Z1=-b; tcp_two_process; libOTe_SilentVole; semi_honest_128; MultType=ExConv7x24; BaseElem=u64; ExtElem=array<u64,M>; x=c; Z0=a; Z1=-b"
2026-07-26T07:51:16.090130+00:00,56a80d12dc147c6f4d9452798d88f387cd1c778b,RMVOLE_NET_BENCH,RM_VECTOR_OPT,split-input-coeff-ot,vector,LOCAL_TCP,tcp-loopback,bench,-1,1,OK,PASS,18,262144,64,32,1,37.936,30.967000000000002,37.936,"max(P0,P1)_same_phase",282.061,281.11199999999997,282.061,293.485,285.36499999999995,293.485,319.99699999999996,613.482,0.0,0.0,0.0,177521,4428289,4605536,0.5490226745605469,4376896,228914,INCLUDING_BASE_OT,7808,1,1,3997696,3997696,3,tcp_two_process; p0_coeff_bit_ot_receiver; SPLIT_COEFF_OT; one_batched_Kos_chosen_message_OT; vector_fixed_prime_setup; local_expand; tcp_two_process; p1_coeff_bit_ot_sender; SPLIT_COEFF_OT; one_batched_Kos_chosen_message_OT; vector_fixed_prime_setup; local_expand
2026-07-26T07:51:17.244684+00:00,56a80d12dc147c6f4d9452798d88f387cd1c778b,RMVOLE_NET_BENCH,RM_VECTOR_OPT,split-input-coeff-ot,vector,LOCAL_TCP,tcp-loopback,bench,0,0,OK,PASS,18,262144,64,32,1,37.926,30.994,37.926,"max(P0,P1)_same_phase",276.883,271.822,276.883,292.664,285.808,292.664,314.80899999999997,607.4730000000001,0.0,0.0,0.0,177521,4428289,4605536,0.5490226745605469,4376896,228914,INCLUDING_BASE_OT,7808,1,1,3997696,3997696,3,tcp_two_process; p0_coeff_bit_ot_receiver; SPLIT_COEFF_OT; one_batched_Kos_chosen_message_OT; vector_fixed_prime_setup; local_expand; tcp_two_process; p1_coeff_bit_ot_sender; SPLIT_COEFF_OT; one_batched_Kos_chosen_message_OT; vector_fixed_prime_setup; local_expand
2026-07-26T07:51:18.399258+00:00,56a80d12dc147c6f4d9452798d88f387cd1c778b,RMVOLE_NET_BENCH,RM_VECTOR_OPT,split-input-coeff-ot,vector,LOCAL_TCP,tcp-loopback,bench,1,0,OK,PASS,18,262144,64,32,1,37.89,30.946,37.89,"max(P0,P1)_same_phase",278.85900000000004,271.104,278.85900000000004,294.257,286.74,294.257,316.749,611.0060000000001,0.0,0.0,0.0,177521,4428289,4605536,0.5490226745605469,4376896,228914,INCLUDING_BASE_OT,7808,1,1,3997696,3997696,3,tcp_two_process; p0_coeff_bit_ot_receiver; SPLIT_COEFF_OT; one_batched_Kos_chosen_message_OT; vector_fixed_prime_setup; local_expand; tcp_two_process; p1_coeff_bit_ot_sender; SPLIT_COEFF_OT; one_batched_Kos_chosen_message_OT; vector_fixed_prime_setup; local_expand
2026-07-26T07:51:19.553778+00:00,56a80d12dc147c6f4d9452798d88f387cd1c778b,RMVOLE_NET_BENCH,RM_VECTOR_OPT,split-input-coeff-ot,vector,LOCAL_TCP,tcp-loopback,bench,2,0,OK,PASS,18,262144,64,32,1,37.904,30.958,37.904,"max(P0,P1)_same_phase",273.964,272.504,273.964,293.861,284.291,293.861,311.868,605.7280000000001,0.0,0.0,0.0,177521,4428289,4605536,0.5490226745605469,4376896,228914,INCLUDING_BASE_OT,7808,1,1,3997696,3997696,3,tcp_two_process; p0_coeff_bit_ot_receiver; SPLIT_COEFF_OT; one_batched_Kos_chosen_message_OT; vector_fixed_prime_setup; local_expand; tcp_two_process; p1_coeff_bit_ot_sender; SPLIT_COEFF_OT; one_batched_Kos_chosen_message_OT; vector_fixed_prime_setup; local_expand
2026-07-26T07:51:20.708361+00:00,56a80d12dc147c6f4d9452798d88f387cd1c778b,RMVOLE_NET_BENCH,RM_VECTOR_OPT,split-input-coeff-ot,vector,LOCAL_TCP,tcp-loopback,bench,3,0,OK,PASS,18,262144,64,32,1,37.843,30.91,37.843,"max(P0,P1)_same_phase",274.432,269.163,274.432,292.969,285.765,292.969,312.27500000000003,605.244,0.0,0.0,0.0,177521,4428289,4605536,0.5490226745605469,4376896,228914,INCLUDING_BASE_OT,7808,1,1,3997696,3997696,3,tcp_two_process; p0_coeff_bit_ot_receiver; SPLIT_COEFF_OT; one_batched_Kos_chosen_message_OT; vector_fixed_prime_setup; local_expand; tcp_two_process; p1_coeff_bit_ot_sender; SPLIT_COEFF_OT; one_batched_Kos_chosen_message_OT; vector_fixed_prime_setup; local_expand
2026-07-26T07:51:21.862864+00:00,56a80d12dc147c6f4d9452798d88f387cd1c778b,RMVOLE_NET_BENCH,RM_VECTOR_OPT,split-input-coeff-ot,vector,LOCAL_TCP,tcp-loopback,bench,4,0,OK,PASS,18,262144,64,32,1,38.061,31.028,38.061,"max(P0,P1)_same_phase",274.31699999999995,272.74,274.31699999999995,292.634,285.815,292.634,312.37799999999993,605.012,0.0,0.0,0.0,177521,4428289,4605536,0.5490226745605469,4376896,228914,INCLUDING_BASE_OT,7808,1,1,3997696,3997696,3,tcp_two_process; p0_coeff_bit_ot_receiver; SPLIT_COEFF_OT; one_batched_Kos_chosen_message_OT; vector_fixed_prime_setup; local_expand; tcp_two_process; p1_coeff_bit_ot_sender; SPLIT_COEFF_OT; one_batched_Kos_chosen_message_OT; vector_fixed_prime_setup; local_expand
2026-07-26T07:51:23.017376+00:00,56a80d12dc147c6f4d9452798d88f387cd1c778b,RMVOLE_NET_BENCH,RM_VECTOR_OPT,split-input-coeff-ot,vector,LOCAL_TCP,tcp-loopback,bench,5,0,OK,PASS,18,262144,64,32,1,38.057,31.099,38.057,"max(P0,P1)_same_phase",280.705,271.928,280.705,292.493,284.09000000000003,292.493,318.762,611.255,0.0,0.0,0.0,177521,4428289,4605536,0.5490226745605469,4376896,228914,INCLUDING_BASE_OT,7808,1,1,3997696,3997696,3,tcp_two_process; p0_coeff_bit_ot_receiver; SPLIT_COEFF_OT; one_batched_Kos_chosen_message_OT; vector_fixed_prime_setup; local_expand; tcp_two_process; p1_coeff_bit_ot_sender; SPLIT_COEFF_OT; one_batched_Kos_chosen_message_OT; vector_fixed_prime_setup; local_expand
2026-07-26T07:51:24.171810+00:00,56a80d12dc147c6f4d9452798d88f387cd1c778b,RMVOLE_NET_BENCH,RM_VECTOR_OPT,split-input-coeff-ot,vector,LOCAL_TCP,tcp-loopback,bench,6,0,OK,PASS,18,262144,64,32,1,37.936,31.001,37.936,"max(P0,P1)_same_phase",272.472,271.537,272.472,293.44100000000003,285.16700000000003,293.44100000000003,310.40799999999996,603.8489999999999,0.0,0.0,0.0,177521,4428289,4605536,0.5490226745605469,4376896,228914,INCLUDING_BASE_OT,7808,1,1,3997696,3997696,3,tcp_two_process; p0_coeff_bit_ot_receiver; SPLIT_COEFF_OT; one_batched_Kos_chosen_message_OT; vector_fixed_prime_setup; local_expand; tcp_two_process; p1_coeff_bit_ot_sender; SPLIT_COEFF_OT; one_batched_Kos_chosen_message_OT; vector_fixed_prime_setup; local_expand
2026-07-26T07:51:25.326374+00:00,56a80d12dc147c6f4d9452798d88f387cd1c778b,RMVOLE_NET_BENCH,RM_VECTOR_OPT,split-input-coeff-ot,vector,LOCAL_TCP,tcp-loopback,bench,7,0,OK,PASS,18,262144,64,32,1,37.833,30.903,37.833,"max(P0,P1)_same_phase",280.072,271.138,280.072,293.785,285.56199999999995,293.785,317.905,611.6899999999999,0.0,0.0,0.0,177521,4428289,4605536,0.5490226745605469,4376896,228914,INCLUDING_BASE_OT,7808,1,1,3997696,3997696,3,tcp_two_process; p0_coeff_bit_ot_receiver; SPLIT_COEFF_OT; one_batched_Kos_chosen_message_OT; vector_fixed_prime_setup; local_expand; tcp_two_process; p1_coeff_bit_ot_sender; SPLIT_COEFF_OT; one_batched_Kos_chosen_message_OT; vector_fixed_prime_setup; local_expand
2026-07-26T07:51:26.481460+00:00,56a80d12dc147c6f4d9452798d88f387cd1c778b,RMVOLE_NET_BENCH,RM_VECTOR_OPT,split-input-coeff-ot,vector,LOCAL_TCP,tcp-loopback,bench,8,0,OK,PASS,18,262144,64,32,1,37.885000000000005,30.951,37.885000000000005,"max(P0,P1)_same_phase",273.49,272.065,273.49,293.153,285.12399999999997,293.153,311.375,604.5279999999999,0.0,0.0,0.0,177521,4428289,4605536,0.5490226745605469,4376896,228914,INCLUDING_BASE_OT,7808,1,1,3997696,3997696,3,tcp_two_process; p0_coeff_bit_ot_receiver; SPLIT_COEFF_OT; one_batched_Kos_chosen_message_OT; vector_fixed_prime_setup; local_expand; tcp_two_process; p1_coeff_bit_ot_sender; SPLIT_COEFF_OT; one_batched_Kos_chosen_message_OT; vector_fixed_prime_setup; local_expand
2026-07-26T07:51:27.586053+00:00,56a80d12dc147c6f4d9452798d88f387cd1c778b,RMVOLE_NET_BENCH,RM_VECTOR_OPT,split-input-coeff-ot,vector,LOCAL_TCP,tcp-loopback,bench,9,0,OK,PASS,18,262144,64,32,1,38.067,31.116999999999997,38.067,"max(P0,P1)_same_phase",272.10699999999997,270.694,272.10699999999997,293.567,282.911,293.567,310.174,603.741,0.0,0.0,0.0,177521,4428289,4605536,0.5490226745605469,4376896,228914,INCLUDING_BASE_OT,7808,1,1,3997696,3997696,3,tcp_two_process; p0_coeff_bit_ot_receiver; SPLIT_COEFF_OT; one_batched_Kos_chosen_message_OT; vector_fixed_prime_setup; local_expand; tcp_two_process; p1_coeff_bit_ot_sender; SPLIT_COEFF_OT; one_batched_Kos_chosen_message_OT; vector_fixed_prime_setup; local_expand
2026-07-26T07:51:29.592000+00:00,56a80d12dc147c6f4d9452798d88f387cd1c778b,SILENT_SVOLE_TCP,SILENT_SVOLE,,,LOCAL_TCP,tcp-loopback,bench,-1,1,OK,PASS,18,262144,64,32,1,1781.357,1688.66,0.0,,0.0,0.0,0.0,0.0,0.0,0.0,1781.357,1781.357,1225.436,774.558,0.0,130119056,407160,130525960,15.559906959533691,0,0,,0,0,0,0,0,0,"tcp_two_process; libOTe_SilentVole; semi_honest_128; MultType=ExConv7x24; BaseElem=u64; ExtElem=array<u64,M>; x=c; Z0=a; Z1=-b; tcp_two_process; libOTe_SilentVole; semi_honest_128; MultType=ExConv7x24; BaseElem=u64; ExtElem=array<u64,M>; x=c; Z0=a; Z1=-b"
2026-07-26T07:51:31.597941+00:00,56a80d12dc147c6f4d9452798d88f387cd1c778b,SILENT_SVOLE_TCP,SILENT_SVOLE,,,LOCAL_TCP,tcp-loopback,bench,0,0,OK,PASS,18,262144,64,32,1,1780.844,1683.408,0.0,,0.0,0.0,0.0,0.0,0.0,0.0,1780.8429999999998,1780.844,1225.683,773.898,0.0,130119056,407160,130525960,15.559906959533691,0,0,,0,0,0,0,0,0,"tcp_two_process; libOTe_SilentVole; semi_honest_128; MultType=ExConv7x24; BaseElem=u64; ExtElem=array<u64,M>; x=c; Z0=a; Z1=-b; tcp_two_process; libOTe_SilentVole; semi_honest_128; MultType=ExConv7x24; BaseElem=u64; ExtElem=array<u64,M>; x=c; Z0=a; Z1=-b"
2026-07-26T07:51:33.603702+00:00,56a80d12dc147c6f4d9452798d88f387cd1c778b,SILENT_SVOLE_TCP,SILENT_SVOLE,,,LOCAL_TCP,tcp-loopback,bench,1,0,OK,PASS,18,262144,64,32,1,1777.622,1682.924,0.0,,0.0,0.0,0.0,0.0,0.0,0.0,1777.622,1777.622,1225.689,770.714,0.0,130119056,407160,130525960,15.559906959533691,0,0,,0,0,0,0,0,0,"tcp_two_process; libOTe_SilentVole; semi_honest_128; MultType=ExConv7x24; BaseElem=u64; ExtElem=array<u64,M>; x=c; Z0=a; Z1=-b; tcp_two_process; libOTe_SilentVole; semi_honest_128; MultType=ExConv7x24; BaseElem=u64; ExtElem=array<u64,M>; x=c; Z0=a; Z1=-b"
2026-07-26T07:51:35.609530+00:00,56a80d12dc147c6f4d9452798d88f387cd1c778b,SILENT_SVOLE_TCP,SILENT_SVOLE,,,LOCAL_TCP,tcp-loopback,bench,2,0,OK,PASS,18,262144,64,32,1,1773.216,1679.5,0.0,,0.0,0.0,0.0,0.0,0.0,0.0,1773.2169999999999,1773.216,1221.443,766.4879999999999,0.0,130119056,407160,130525960,15.559906959533691,0,0,,0,0,0,0,0,0,"tcp_two_process; libOTe_SilentVole; semi_honest_128; MultType=ExConv7x24; BaseElem=u64; ExtElem=array<u64,M>; x=c; Z0=a; Z1=-b; tcp_two_process; libOTe_SilentVole; semi_honest_128; MultType=ExConv7x24; BaseElem=u64; ExtElem=array<u64,M>; x=c; Z0=a; Z1=-b"
2026-07-26T07:51:37.615115+00:00,56a80d12dc147c6f4d9452798d88f387cd1c778b,SILENT_SVOLE_TCP,SILENT_SVOLE,,,LOCAL_TCP,tcp-loopback,bench,3,0,OK,PASS,18,262144,64,32,1,1754.912,1686.469,0.0,,0.0,0.0,0.0,0.0,0.0,0.0,1754.913,1754.912,1223.71,748.149,0.0,130119056,407160,130525960,15.559906959533691,0,0,,0,0,0,0,0,0,"tcp_two_process; libOTe_SilentVole; semi_honest_128; MultType=ExConv7x24; BaseElem=u64; ExtElem=array<u64,M>; x=c; Z0=a; Z1=-b; tcp_two_process; libOTe_SilentVole; semi_honest_128; MultType=ExConv7x24; BaseElem=u64; ExtElem=array<u64,M>; x=c; Z0=a; Z1=-b"
2026-07-26T07:51:39.620713+00:00,56a80d12dc147c6f4d9452798d88f387cd1c778b,SILENT_SVOLE_TCP,SILENT_SVOLE,,,LOCAL_TCP,tcp-loopback,bench,4,0,OK,PASS,18,262144,64,32,1,1752.5230000000001,1678.268,0.0,,0.0,0.0,0.0,0.0,0.0,0.0,1752.522,1752.5230000000001,1222.624,747.337,0.0,130119056,407160,130525960,15.559906959533691,0,0,,0,0,0,0,0,0,"tcp_two_process; libOTe_SilentVole; semi_honest_128; MultType=ExConv7x24; BaseElem=u64; ExtElem=array<u64,M>; x=c; Z0=a; Z1=-b; tcp_two_process; libOTe_SilentVole; semi_honest_128; MultType=ExConv7x24; BaseElem=u64; ExtElem=array<u64,M>; x=c; Z0=a; Z1=-b"
2026-07-26T07:51:41.626261+00:00,56a80d12dc147c6f4d9452798d88f387cd1c778b,SILENT_SVOLE_TCP,SILENT_SVOLE,,,LOCAL_TCP,tcp-loopback,bench,5,0,OK,PASS,18,262144,64,32,1,1774.026,1682.363,0.0,,0.0,0.0,0.0,0.0,0.0,0.0,1774.0259999999998,1774.026,1225.965,767.717,0.0,130119056,407160,130525960,15.559906959533691,0,0,,0,0,0,0,0,0,"tcp_two_process; libOTe_SilentVole; semi_honest_128; MultType=ExConv7x24; BaseElem=u64; ExtElem=array<u64,M>; x=c; Z0=a; Z1=-b; tcp_two_process; libOTe_SilentVole; semi_honest_128; MultType=ExConv7x24; BaseElem=u64; ExtElem=array<u64,M>; x=c; Z0=a; Z1=-b"
2026-07-26T07:51:43.631812+00:00,56a80d12dc147c6f4d9452798d88f387cd1c778b,SILENT_SVOLE_TCP,SILENT_SVOLE,,,LOCAL_TCP,tcp-loopback,bench,6,0,OK,PASS,18,262144,64,32,1,1754.781,1681.5720000000001,0.0,,0.0,0.0,0.0,0.0,0.0,0.0,1754.781,1754.781,1225.413,747.263,0.0,130119056,407160,130525960,15.559906959533691,0,0,,0,0,0,0,0,0,"tcp_two_process; libOTe_SilentVole; semi_honest_128; MultType=ExConv7x24; BaseElem=u64; ExtElem=array<u64,M>; x=c; Z0=a; Z1=-b; tcp_two_process; libOTe_SilentVole; semi_honest_128; MultType=ExConv7x24; BaseElem=u64; ExtElem=array<u64,M>; x=c; Z0=a; Z1=-b"
2026-07-26T07:51:45.637421+00:00,56a80d12dc147c6f4d9452798d88f387cd1c778b,SILENT_SVOLE_TCP,SILENT_SVOLE,,,LOCAL_TCP,tcp-loopback,bench,7,0,OK,PASS,18,262144,64,32,1,1775.295,1681.362,0.0,,0.0,0.0,0.0,0.0,0.0,0.0,1775.2939999999999,1775.295,1224.113,769.728,0.0,130119056,407160,130525960,15.559906959533691,0,0,,0,0,0,0,0,0,"tcp_two_process; libOTe_SilentVole; semi_honest_128; MultType=ExConv7x24; BaseElem=u64; ExtElem=array<u64,M>; x=c; Z0=a; Z1=-b; tcp_two_process; libOTe_SilentVole; semi_honest_128; MultType=ExConv7x24; BaseElem=u64; ExtElem=array<u64,M>; x=c; Z0=a; Z1=-b"
2026-07-26T07:51:47.643013+00:00,56a80d12dc147c6f4d9452798d88f387cd1c778b,SILENT_SVOLE_TCP,SILENT_SVOLE,,,LOCAL_TCP,tcp-loopback,bench,8,0,OK,PASS,18,262144,64,32,1,1774.587,1682.2820000000002,0.0,,0.0,0.0,0.0,0.0,0.0,0.0,1774.587,1774.587,1221.947,768.614,0.0,130119056,407160,130525960,15.559906959533691,0,0,,0,0,0,0,0,0,"tcp_two_process; libOTe_SilentVole; semi_honest_128; MultType=ExConv7x24; BaseElem=u64; ExtElem=array<u64,M>; x=c; Z0=a; Z1=-b; tcp_two_process; libOTe_SilentVole; semi_honest_128; MultType=ExConv7x24; BaseElem=u64; ExtElem=array<u64,M>; x=c; Z0=a; Z1=-b"
2026-07-26T07:51:49.648573+00:00,56a80d12dc147c6f4d9452798d88f387cd1c778b,SILENT_SVOLE_TCP,SILENT_SVOLE,,,LOCAL_TCP,tcp-loopback,bench,9,0,OK,PASS,18,262144,64,32,1,1752.4820000000002,1679.293,0.0,,0.0,0.0,0.0,0.0,0.0,0.0,1752.4820000000002,1752.4820000000002,1223.242,746.924,0.0,130119056,407160,130525960,15.559906959533691,0,0,,0,0,0,0,0,0,"tcp_two_process; libOTe_SilentVole; semi_honest_128; MultType=ExConv7x24; BaseElem=u64; ExtElem=array<u64,M>; x=c; Z0=a; Z1=-b; tcp_two_process; libOTe_SilentVole; semi_honest_128; MultType=ExConv7x24; BaseElem=u64; ExtElem=array<u64,M>; x=c; Z0=a; Z1=-b"
2026-07-26T07:51:51.003358+00:00,56a80d12dc147c6f4d9452798d88f387cd1c778b,RMVOLE_NET_BENCH,RM_VECTOR_OPT,split-input-coeff-ot,vector,LOCAL_TCP,tcp-loopback,bench,-1,1,OK,PASS,20,1048576,64,8,1,30.755000000000003,24.168,30.755000000000003,"max(P0,P1)_same_phase",304.684,300.971,304.684,336.596,314.247,336.596,335.439,672.0350000000001,0.0,0.0,0.0,186033,1339905,1525856,0.18189620971679688,1378624,147314,INCLUDING_BASE_OT,7808,1,1,999424,999424,3,tcp_two_process; p0_coeff_bit_ot_receiver; SPLIT_COEFF_OT; one_batched_Kos_chosen_message_OT; vector_fixed_prime_setup; local_expand; tcp_two_process; p1_coeff_bit_ot_sender; SPLIT_COEFF_OT; one_batched_Kos_chosen_message_OT; vector_fixed_prime_setup; local_expand
2026-07-26T07:51:52.408193+00:00,56a80d12dc147c6f4d9452798d88f387cd1c778b,RMVOLE_NET_BENCH,RM_VECTOR_OPT,split-input-coeff-ot,vector,LOCAL_TCP,tcp-loopback,bench,0,0,OK,PASS,20,1048576,64,8,1,30.933,24.345,30.933,"max(P0,P1)_same_phase",305.36999999999995,298.36600000000004,305.36999999999995,338.168,317.38,338.168,336.30299999999994,674.471,0.0,0.0,0.0,186033,1339905,1525856,0.18189620971679688,1378624,147314,INCLUDING_BASE_OT,7808,1,1,999424,999424,3,tcp_two_process; p0_coeff_bit_ot_receiver; SPLIT_COEFF_OT; one_batched_Kos_chosen_message_OT; vector_fixed_prime_setup; local_expand; tcp_two_process; p1_coeff_bit_ot_sender; SPLIT_COEFF_OT; one_batched_Kos_chosen_message_OT; vector_fixed_prime_setup; local_expand
2026-07-26T07:51:53.763270+00:00,56a80d12dc147c6f4d9452798d88f387cd1c778b,RMVOLE_NET_BENCH,RM_VECTOR_OPT,split-input-coeff-ot,vector,LOCAL_TCP,tcp-loopback,bench,1,0,OK,PASS,20,1048576,64,8,1,30.932000000000002,24.330000000000002,30.932000000000002,"max(P0,P1)_same_phase",300.86600000000004,300.46099999999996,300.86600000000004,338.323,313.986,338.323,331.79800000000006,670.12,0.0,0.0,0.0,186033,1339905,1525856,0.18189620971679688,1378624,147314,INCLUDING_BASE_OT,7808,1,1,999424,999424,3,tcp_two_process; p0_coeff_bit_ot_receiver; SPLIT_COEFF_OT; one_batched_Kos_chosen_message_OT; vector_fixed_prime_setup; local_expand; tcp_two_process; p1_coeff_bit_ot_sender; SPLIT_COEFF_OT; one_batched_Kos_chosen_message_OT; vector_fixed_prime_setup; local_expand
2026-07-26T07:51:55.168295+00:00,56a80d12dc147c6f4d9452798d88f387cd1c778b,RMVOLE_NET_BENCH,RM_VECTOR_OPT,split-input-coeff-ot,vector,LOCAL_TCP,tcp-loopback,bench,2,0,OK,PASS,20,1048576,64,8,1,30.856,24.264999999999997,30.856,"max(P0,P1)_same_phase",306.48199999999997,298.875,306.48199999999997,339.67,317.89099999999996,339.67,337.33799999999997,677.0070000000001,0.0,0.0,0.0,186033,1339905,1525856,0.18189620971679688,1378624,147314,INCLUDING_BASE_OT,7808,1,1,999424,999424,3,tcp_two_process; p0_coeff_bit_ot_receiver; SPLIT_COEFF_OT; one_batched_Kos_chosen_message_OT; vector_fixed_prime_setup; local_expand; tcp_two_process; p1_coeff_bit_ot_sender; SPLIT_COEFF_OT; one_batched_Kos_chosen_message_OT; vector_fixed_prime_setup; local_expand
2026-07-26T07:51:56.572982+00:00,56a80d12dc147c6f4d9452798d88f387cd1c778b,RMVOLE_NET_BENCH,RM_VECTOR_OPT,split-input-coeff-ot,vector,LOCAL_TCP,tcp-loopback,bench,3,0,OK,PASS,20,1048576,64,8,1,30.798,24.203,30.798,"max(P0,P1)_same_phase",306.73,305.29,306.73,337.46700000000004,314.621,337.46700000000004,337.528,674.995,0.0,0.0,0.0,186033,1339905,1525856,0.18189620971679688,1378624,147314,INCLUDING_BASE_OT,7808,1,1,999424,999424,3,tcp_two_process; p0_coeff_bit_ot_receiver; SPLIT_COEFF_OT; one_batched_Kos_chosen_message_OT; vector_fixed_prime_setup; local_expand; tcp_two_process; p1_coeff_bit_ot_sender; SPLIT_COEFF_OT; one_batched_Kos_chosen_message_OT; vector_fixed_prime_setup; local_expand
2026-07-26T07:51:57.927753+00:00,56a80d12dc147c6f4d9452798d88f387cd1c778b,RMVOLE_NET_BENCH,RM_VECTOR_OPT,split-input-coeff-ot,vector,LOCAL_TCP,tcp-loopback,bench,4,0,OK,PASS,20,1048576,64,8,1,30.769000000000002,24.198999999999998,30.769000000000002,"max(P0,P1)_same_phase",302.40299999999996,301.34499999999997,302.40299999999996,337.667,314.274,337.667,333.17199999999997,670.84,0.0,0.0,0.0,186033,1339905,1525856,0.18189620971679688,1378624,147314,INCLUDING_BASE_OT,7808,1,1,999424,999424,3,tcp_two_process; p0_coeff_bit_ot_receiver; SPLIT_COEFF_OT; one_batched_Kos_chosen_message_OT; vector_fixed_prime_setup; local_expand; tcp_two_process; p1_coeff_bit_ot_sender; SPLIT_COEFF_OT; one_batched_Kos_chosen_message_OT; vector_fixed_prime_setup; local_expand
2026-07-26T07:51:59.332588+00:00,56a80d12dc147c6f4d9452798d88f387cd1c778b,RMVOLE_NET_BENCH,RM_VECTOR_OPT,split-input-coeff-ot,vector,LOCAL_TCP,tcp-loopback,bench,5,0,OK,PASS,20,1048576,64,8,1,30.836,24.206,30.836,"max(P0,P1)_same_phase",305.79200000000003,299.394,305.79200000000003,338.83799999999997,316.649,338.83799999999997,336.62800000000004,675.466,0.0,0.0,0.0,186033,1339905,1525856,0.18189620971679688,1378624,147314,INCLUDING_BASE_OT,7808,1,1,999424,999424,3,tcp_two_process; p0_coeff_bit_ot_receiver; SPLIT_COEFF_OT; one_batched_Kos_chosen_message_OT; vector_fixed_prime_setup; local_expand; tcp_two_process; p1_coeff_bit_ot_sender; SPLIT_COEFF_OT; one_batched_Kos_chosen_message_OT; vector_fixed_prime_setup; local_expand
2026-07-26T07:52:00.687322+00:00,56a80d12dc147c6f4d9452798d88f387cd1c778b,RMVOLE_NET_BENCH,RM_VECTOR_OPT,split-input-coeff-ot,vector,LOCAL_TCP,tcp-loopback,bench,6,0,OK,PASS,20,1048576,64,8,1,30.8,24.209,30.8,"max(P0,P1)_same_phase",299.81,299.19,299.81,338.177,314.036,338.177,330.61,668.787,0.0,0.0,0.0,186033,1339905,1525856,0.18189620971679688,1378624,147314,INCLUDING_BASE_OT,7808,1,1,999424,999424,3,tcp_two_process; p0_coeff_bit_ot_receiver; SPLIT_COEFF_OT; one_batched_Kos_chosen_message_OT; vector_fixed_prime_setup; local_expand; tcp_two_process; p1_coeff_bit_ot_sender; SPLIT_COEFF_OT; one_batched_Kos_chosen_message_OT; vector_fixed_prime_setup; local_expand
2026-07-26T07:52:02.092128+00:00,56a80d12dc147c6f4d9452798d88f387cd1c778b,RMVOLE_NET_BENCH,RM_VECTOR_OPT,split-input-coeff-ot,vector,LOCAL_TCP,tcp-loopback,bench,7,0,OK,PASS,20,1048576,64,8,1,30.791,24.183,30.791,"max(P0,P1)_same_phase",307.36,306.55100000000004,307.36,339.004,314.992,339.004,338.151,677.155,0.0,0.0,0.0,186033,1339905,1525856,0.18189620971679688,1378624,147314,INCLUDING_BASE_OT,7808,1,1,999424,999424,3,tcp_two_process; p0_coeff_bit_ot_receiver; SPLIT_COEFF_OT; one_batched_Kos_chosen_message_OT; vector_fixed_prime_setup; local_expand; tcp_two_process; p1_coeff_bit_ot_sender; SPLIT_COEFF_OT; one_batched_Kos_chosen_message_OT; vector_fixed_prime_setup; local_expand
2026-07-26T07:52:03.497519+00:00,56a80d12dc147c6f4d9452798d88f387cd1c778b,RMVOLE_NET_BENCH,RM_VECTOR_OPT,split-input-coeff-ot,vector,LOCAL_TCP,tcp-loopback,bench,8,0,OK,PASS,20,1048576,64,8,1,30.874,24.268,30.874,"max(P0,P1)_same_phase",301.861,300.07099999999997,301.861,337.872,314.25399999999996,337.872,332.735,670.607,0.0,0.0,0.0,186033,1339905,1525856,0.18189620971679688,1378624,147314,INCLUDING_BASE_OT,7808,1,1,999424,999424,3,tcp_two_process; p0_coeff_bit_ot_receiver; SPLIT_COEFF_OT; one_batched_Kos_chosen_message_OT; vector_fixed_prime_setup; local_expand; tcp_two_process; p1_coeff_bit_ot_sender; SPLIT_COEFF_OT; one_batched_Kos_chosen_message_OT; vector_fixed_prime_setup; local_expand
2026-07-26T07:52:04.852511+00:00,56a80d12dc147c6f4d9452798d88f387cd1c778b,RMVOLE_NET_BENCH,RM_VECTOR_OPT,split-input-coeff-ot,vector,LOCAL_TCP,tcp-loopback,bench,9,0,OK,PASS,20,1048576,64,8,1,30.785,24.195,30.785,"max(P0,P1)_same_phase",299.608,298.94100000000003,299.608,338.262,314.39,338.262,330.39300000000003,668.655,0.0,0.0,0.0,186033,1339905,1525856,0.18189620971679688,1378624,147314,INCLUDING_BASE_OT,7808,1,1,999424,999424,3,tcp_two_process; p0_coeff_bit_ot_receiver; SPLIT_COEFF_OT; one_batched_Kos_chosen_message_OT; vector_fixed_prime_setup; local_expand; tcp_two_process; p1_coeff_bit_ot_sender; SPLIT_COEFF_OT; one_batched_Kos_chosen_message_OT; vector_fixed_prime_setup; local_expand
2026-07-26T07:52:07.058473+00:00,56a80d12dc147c6f4d9452798d88f387cd1c778b,SILENT_SVOLE_TCP,SILENT_SVOLE,,,LOCAL_TCP,tcp-loopback,bench,-1,1,OK,PASS,20,1048576,64,8,1,1959.105,1695.782,0.0,,0.0,0.0,0.0,0.0,0.0,0.0,1959.105,1959.105,710.329,1413.3709999999999,0.0,8237776,183416,8421128,1.0038766860961914,0,0,,0,0,0,0,0,0,"tcp_two_process; libOTe_SilentVole; semi_honest_128; MultType=ExConv7x24; BaseElem=u64; ExtElem=array<u64,M>; x=c; Z0=a; Z1=-b; tcp_two_process; libOTe_SilentVole; semi_honest_128; MultType=ExConv7x24; BaseElem=u64; ExtElem=array<u64,M>; x=c; Z0=a; Z1=-b"
2026-07-26T07:52:09.264437+00:00,56a80d12dc147c6f4d9452798d88f387cd1c778b,SILENT_SVOLE_TCP,SILENT_SVOLE,,,LOCAL_TCP,tcp-loopback,bench,0,0,OK,PASS,20,1048576,64,8,1,1964.2269999999999,1719.257,0.0,,0.0,0.0,0.0,0.0,0.0,0.0,1964.2269999999999,1964.2269999999999,725.804,1417.706,0.0,8237776,183416,8421128,1.0038766860961914,0,0,,0,0,0,0,0,0,"tcp_two_process; libOTe_SilentVole; semi_honest_128; MultType=ExConv7x24; BaseElem=u64; ExtElem=array<u64,M>; x=c; Z0=a; Z1=-b; tcp_two_process; libOTe_SilentVole; semi_honest_128; MultType=ExConv7x24; BaseElem=u64; ExtElem=array<u64,M>; x=c; Z0=a; Z1=-b"
2026-07-26T07:52:11.470295+00:00,56a80d12dc147c6f4d9452798d88f387cd1c778b,SILENT_SVOLE_TCP,SILENT_SVOLE,,,LOCAL_TCP,tcp-loopback,bench,1,0,OK,PASS,20,1048576,64,8,1,1982.385,1705.346,0.0,,0.0,0.0,0.0,0.0,0.0,0.0,1982.3849999999998,1982.385,723.956,1435.0629999999999,0.0,8237776,183416,8421128,1.0038766860961914,0,0,,0,0,0,0,0,0,"tcp_two_process; libOTe_SilentVole; semi_honest_128; MultType=ExConv7x24; BaseElem=u64; ExtElem=array<u64,M>; x=c; Z0=a; Z1=-b; tcp_two_process; libOTe_SilentVole; semi_honest_128; MultType=ExConv7x24; BaseElem=u64; ExtElem=array<u64,M>; x=c; Z0=a; Z1=-b"
2026-07-26T07:52:13.676326+00:00,56a80d12dc147c6f4d9452798d88f387cd1c778b,SILENT_SVOLE_TCP,SILENT_SVOLE,,,LOCAL_TCP,tcp-loopback,bench,2,0,OK,PASS,20,1048576,64,8,1,1961.35,1707.252,0.0,,0.0,0.0,0.0,0.0,0.0,0.0,1961.349,1961.35,723.92,1416.277,0.0,8237776,183416,8421128,1.0038766860961914,0,0,,0,0,0,0,0,0,"tcp_two_process; libOTe_SilentVole; semi_honest_128; MultType=ExConv7x24; BaseElem=u64; ExtElem=array<u64,M>; x=c; Z0=a; Z1=-b; tcp_two_process; libOTe_SilentVole; semi_honest_128; MultType=ExConv7x24; BaseElem=u64; ExtElem=array<u64,M>; x=c; Z0=a; Z1=-b"
2026-07-26T07:52:15.882340+00:00,56a80d12dc147c6f4d9452798d88f387cd1c778b,SILENT_SVOLE_TCP,SILENT_SVOLE,,,LOCAL_TCP,tcp-loopback,bench,3,0,OK,PASS,20,1048576,64,8,1,1958.502,1696.256,0.0,,0.0,0.0,0.0,0.0,0.0,0.0,1958.502,1958.502,709.975,1413.451,0.0,8237776,183416,8421128,1.0038766860961914,0,0,,0,0,0,0,0,0,"tcp_two_process; libOTe_SilentVole; semi_honest_128; MultType=ExConv7x24; BaseElem=u64; ExtElem=array<u64,M>; x=c; Z0=a; Z1=-b; tcp_two_process; libOTe_SilentVole; semi_honest_128; MultType=ExConv7x24; BaseElem=u64; ExtElem=array<u64,M>; x=c; Z0=a; Z1=-b"
2026-07-26T07:52:18.088173+00:00,56a80d12dc147c6f4d9452798d88f387cd1c778b,SILENT_SVOLE_TCP,SILENT_SVOLE,,,LOCAL_TCP,tcp-loopback,bench,4,0,OK,PASS,20,1048576,64,8,1,1972.814,1708.7,0.0,,0.0,0.0,0.0,0.0,0.0,0.0,1972.814,1972.814,725.084,1426.569,0.0,8237776,183416,8421128,1.0038766860961914,0,0,,0,0,0,0,0,0,"tcp_two_process; libOTe_SilentVole; semi_honest_128; MultType=ExConv7x24; BaseElem=u64; ExtElem=array<u64,M>; x=c; Z0=a; Z1=-b; tcp_two_process; libOTe_SilentVole; semi_honest_128; MultType=ExConv7x24; BaseElem=u64; ExtElem=array<u64,M>; x=c; Z0=a; Z1=-b"
2026-07-26T07:52:20.294036+00:00,56a80d12dc147c6f4d9452798d88f387cd1c778b,SILENT_SVOLE_TCP,SILENT_SVOLE,,,LOCAL_TCP,tcp-loopback,bench,5,0,OK,PASS,20,1048576,64,8,1,1959.897,1694.348,0.0,,0.0,0.0,0.0,0.0,0.0,0.0,1959.8970000000002,1959.897,711.433,1413.0240000000001,0.0,8237776,183416,8421128,1.0038766860961914,0,0,,0,0,0,0,0,0,"tcp_two_process; libOTe_SilentVole; semi_honest_128; MultType=ExConv7x24; BaseElem=u64; ExtElem=array<u64,M>; x=c; Z0=a; Z1=-b; tcp_two_process; libOTe_SilentVole; semi_honest_128; MultType=ExConv7x24; BaseElem=u64; ExtElem=array<u64,M>; x=c; Z0=a; Z1=-b"
2026-07-26T07:52:22.499769+00:00,56a80d12dc147c6f4d9452798d88f387cd1c778b,SILENT_SVOLE_TCP,SILENT_SVOLE,,,LOCAL_TCP,tcp-loopback,bench,6,0,OK,PASS,20,1048576,64,8,1,1982.699,1708.8909999999998,0.0,,0.0,0.0,0.0,0.0,0.0,0.0,1982.6999999999998,1982.699,721.012,1437.564,0.0,8237776,183416,8421128,1.0038766860961914,0,0,,0,0,0,0,0,0,"tcp_two_process; libOTe_SilentVole; semi_honest_128; MultType=ExConv7x24; BaseElem=u64; ExtElem=array<u64,M>; x=c; Z0=a; Z1=-b; tcp_two_process; libOTe_SilentVole; semi_honest_128; MultType=ExConv7x24; BaseElem=u64; ExtElem=array<u64,M>; x=c; Z0=a; Z1=-b"
2026-07-26T07:52:24.705908+00:00,56a80d12dc147c6f4d9452798d88f387cd1c778b,SILENT_SVOLE_TCP,SILENT_SVOLE,,,LOCAL_TCP,tcp-loopback,bench,7,0,OK,PASS,20,1048576,64,8,1,1957.479,1693.294,0.0,,0.0,0.0,0.0,0.0,0.0,0.0,1957.4790000000003,1957.479,710.6550000000001,1412.009,0.0,8237776,183416,8421128,1.0038766860961914,0,0,,0,0,0,0,0,0,"tcp_two_process; libOTe_SilentVole; semi_honest_128; MultType=ExConv7x24; BaseElem=u64; ExtElem=array<u64,M>; x=c; Z0=a; Z1=-b; tcp_two_process; libOTe_SilentVole; semi_honest_128; MultType=ExConv7x24; BaseElem=u64; ExtElem=array<u64,M>; x=c; Z0=a; Z1=-b"
2026-07-26T07:52:26.912189+00:00,56a80d12dc147c6f4d9452798d88f387cd1c778b,SILENT_SVOLE_TCP,SILENT_SVOLE,,,LOCAL_TCP,tcp-loopback,bench,8,0,OK,PASS,20,1048576,64,8,1,1964.629,1709.527,0.0,,0.0,0.0,0.0,0.0,0.0,0.0,1964.629,1964.629,725.379,1418.728,0.0,8237776,183416,8421128,1.0038766860961914,0,0,,0,0,0,0,0,0,"tcp_two_process; libOTe_SilentVole; semi_honest_128; MultType=ExConv7x24; BaseElem=u64; ExtElem=array<u64,M>; x=c; Z0=a; Z1=-b; tcp_two_process; libOTe_SilentVole; semi_honest_128; MultType=ExConv7x24; BaseElem=u64; ExtElem=array<u64,M>; x=c; Z0=a; Z1=-b"
2026-07-26T07:52:29.118051+00:00,56a80d12dc147c6f4d9452798d88f387cd1c778b,SILENT_SVOLE_TCP,SILENT_SVOLE,,,LOCAL_TCP,tcp-loopback,bench,9,0,OK,PASS,20,1048576,64,8,1,1973.719,1692.2569999999998,0.0,,0.0,0.0,0.0,0.0,0.0,0.0,1973.719,1973.719,710.9100000000001,1427.24,0.0,8237776,183416,8421128,1.0038766860961914,0,0,,0,0,0,0,0,0,"tcp_two_process; libOTe_SilentVole; semi_honest_128; MultType=ExConv7x24; BaseElem=u64; ExtElem=array<u64,M>; x=c; Z0=a; Z1=-b; tcp_two_process; libOTe_SilentVole; semi_honest_128; MultType=ExConv7x24; BaseElem=u64; ExtElem=array<u64,M>; x=c; Z0=a; Z1=-b"
2026-07-26T07:52:31.324111+00:00,56a80d12dc147c6f4d9452798d88f387cd1c778b,RMVOLE_NET_BENCH,RM_VECTOR_OPT,split-input-coeff-ot,vector,LOCAL_TCP,tcp-loopback,bench,-1,1,OK,PASS,20,1048576,64,16,1,33.425999999999995,26.758,33.425999999999995,"max(P0,P1)_same_phase",490.951,476.036,490.951,697.5989999999999,690.516,697.5989999999999,524.3770000000001,1221.9759999999999,0.0,0.0,0.0,186097,2372097,2558048,0.15247154235839844,2378048,180146,INCLUDING_BASE_OT,7808,1,1,1998848,1998848,3,tcp_two_process; p0_coeff_bit_ot_receiver; SPLIT_COEFF_OT; one_batched_Kos_chosen_message_OT; vector_fixed_prime_setup; local_expand; tcp_two_process; p1_coeff_bit_ot_sender; SPLIT_COEFF_OT; one_batched_Kos_chosen_message_OT; vector_fixed_prime_setup; local_expand
2026-07-26T07:52:33.530267+00:00,56a80d12dc147c6f4d9452798d88f387cd1c778b,RMVOLE_NET_BENCH,RM_VECTOR_OPT,split-input-coeff-ot,vector,LOCAL_TCP,tcp-loopback,bench,0,0,OK,PASS,20,1048576,64,16,1,33.553,26.873,33.553,"max(P0,P1)_same_phase",490.259,475.42699999999996,490.259,699.202,691.3059999999999,699.202,523.812,1223.013,0.0,0.0,0.0,186097,2372097,2558048,0.15247154235839844,2378048,180146,INCLUDING_BASE_OT,7808,1,1,1998848,1998848,3,tcp_two_process; p0_coeff_bit_ot_receiver; SPLIT_COEFF_OT; one_batched_Kos_chosen_message_OT; vector_fixed_prime_setup; local_expand; tcp_two_process; p1_coeff_bit_ot_sender; SPLIT_COEFF_OT; one_batched_Kos_chosen_message_OT; vector_fixed_prime_setup; local_expand
2026-07-26T07:52:35.736427+00:00,56a80d12dc147c6f4d9452798d88f387cd1c778b,RMVOLE_NET_BENCH,RM_VECTOR_OPT,split-input-coeff-ot,vector,LOCAL_TCP,tcp-loopback,bench,1,0,OK,PASS,20,1048576,64,16,1,33.334999999999994,26.682000000000002,33.334999999999994,"max(P0,P1)_same_phase",490.221,475.057,490.221,697.012,685.422,697.012,523.556,1220.5680000000002,0.0,0.0,0.0,186097,2372097,2558048,0.15247154235839844,2378048,180146,INCLUDING_BASE_OT,7808,1,1,1998848,1998848,3,tcp_two_process; p0_coeff_bit_ot_receiver; SPLIT_COEFF_OT; one_batched_Kos_chosen_message_OT; vector_fixed_prime_setup; local_expand; tcp_two_process; p1_coeff_bit_ot_sender; SPLIT_COEFF_OT; one_batched_Kos_chosen_message_OT; vector_fixed_prime_setup; local_expand
2026-07-26T07:52:37.942499+00:00,56a80d12dc147c6f4d9452798d88f387cd1c778b,RMVOLE_NET_BENCH,RM_VECTOR_OPT,split-input-coeff-ot,vector,LOCAL_TCP,tcp-loopback,bench,2,0,OK,PASS,20,1048576,64,16,1,33.406,26.712,33.406,"max(P0,P1)_same_phase",489.79699999999997,475.19800000000004,489.79699999999997,698.452,689.44,698.452,523.203,1221.655,0.0,0.0,0.0,186097,2372097,2558048,0.15247154235839844,2378048,180146,INCLUDING_BASE_OT,7808,1,1,1998848,1998848,3,tcp_two_process; p0_coeff_bit_ot_receiver; SPLIT_COEFF_OT; one_batched_Kos_chosen_message_OT; vector_fixed_prime_setup; local_expand; tcp_two_process; p1_coeff_bit_ot_sender; SPLIT_COEFF_OT; one_batched_Kos_chosen_message_OT; vector_fixed_prime_setup; local_expand
2026-07-26T07:52:40.148588+00:00,56a80d12dc147c6f4d9452798d88f387cd1c778b,RMVOLE_NET_BENCH,RM_VECTOR_OPT,split-input-coeff-ot,vector,LOCAL_TCP,tcp-loopback,bench,3,0,OK,PASS,20,1048576,64,16,1,33.652,26.919999999999998,33.652,"max(P0,P1)_same_phase",490.02099999999996,475.461,490.02099999999996,697.408,692.477,697.408,523.673,1221.08,0.0,0.0,0.0,186097,2372097,2558048,0.15247154235839844,2378048,180146,INCLUDING_BASE_OT,7808,1,1,1998848,1998848,3,tcp_two_process; p0_coeff_bit_ot_receiver; SPLIT_COEFF_OT; one_batched_Kos_chosen_message_OT; vector_fixed_prime_setup; local_expand; tcp_two_process; p1_coeff_bit_ot_sender; SPLIT_COEFF_OT; one_batched_Kos_chosen_message_OT; vector_fixed_prime_setup; local_expand
2026-07-26T07:52:42.354548+00:00,56a80d12dc147c6f4d9452798d88f387cd1c778b,RMVOLE_NET_BENCH,RM_VECTOR_OPT,split-input-coeff-ot,vector,LOCAL_TCP,tcp-loopback,bench,4,0,OK,PASS,20,1048576,64,16,1,33.385999999999996,26.68,33.385999999999996,"max(P0,P1)_same_phase",490.271,475.207,490.271,697.329,690.542,697.329,523.657,1220.9859999999999,0.0,0.0,0.0,186097,2372097,2558048,0.15247154235839844,2378048,180146,INCLUDING_BASE_OT,7808,1,1,1998848,1998848,3,tcp_two_process; p0_coeff_bit_ot_receiver; SPLIT_COEFF_OT; one_batched_Kos_chosen_message_OT; vector_fixed_prime_setup; local_expand; tcp_two_process; p1_coeff_bit_ot_sender; SPLIT_COEFF_OT; one_batched_Kos_chosen_message_OT; vector_fixed_prime_setup; local_expand
2026-07-26T07:52:44.560503+00:00,56a80d12dc147c6f4d9452798d88f387cd1c778b,RMVOLE_NET_BENCH,RM_VECTOR_OPT,split-input-coeff-ot,vector,LOCAL_TCP,tcp-loopback,bench,5,0,OK,PASS,20,1048576,64,16,1,33.44,26.706,33.44,"max(P0,P1)_same_phase",490.73499999999996,475.752,490.73499999999996,696.472,689.674,696.472,524.175,1220.646,0.0,0.0,0.0,186097,2372097,2558048,0.15247154235839844,2378048,180146,INCLUDING_BASE_OT,7808,1,1,1998848,1998848,3,tcp_two_process; p0_coeff_bit_ot_receiver; SPLIT_COEFF_OT; one_batched_Kos_chosen_message_OT; vector_fixed_prime_setup; local_expand; tcp_two_process; p1_coeff_bit_ot_sender; SPLIT_COEFF_OT; one_batched_Kos_chosen_message_OT; vector_fixed_prime_setup; local_expand
2026-07-26T07:52:46.766485+00:00,56a80d12dc147c6f4d9452798d88f387cd1c778b,RMVOLE_NET_BENCH,RM_VECTOR_OPT,split-input-coeff-ot,vector,LOCAL_TCP,tcp-loopback,bench,6,0,OK,PASS,20,1048576,64,16,1,33.635,26.675,33.635,"max(P0,P1)_same_phase",491.979,478.767,491.979,695.988,688.97,695.988,525.614,1221.602,0.0,0.0,0.0,186097,2372097,2558048,0.15247154235839844,2378048,180146,INCLUDING_BASE_OT,7808,1,1,1998848,1998848,3,tcp_two_process; p0_coeff_bit_ot_receiver; SPLIT_COEFF_OT; one_batched_Kos_chosen_message_OT; vector_fixed_prime_setup; local_expand; tcp_two_process; p1_coeff_bit_ot_sender; SPLIT_COEFF_OT; one_batched_Kos_chosen_message_OT; vector_fixed_prime_setup; local_expand
2026-07-26T07:52:48.972475+00:00,56a80d12dc147c6f4d9452798d88f387cd1c778b,RMVOLE_NET_BENCH,RM_VECTOR_OPT,split-input-coeff-ot,vector,LOCAL_TCP,tcp-loopback,bench,7,0,OK,PASS,20,1048576,64,16,1,33.397999999999996,26.721999999999998,33.397999999999996,"max(P0,P1)_same_phase",491.579,477.18,491.579,696.1389999999999,689.74,696.1389999999999,524.977,1221.116,0.0,0.0,0.0,186097,2372097,2558048,0.15247154235839844,2378048,180146,INCLUDING_BASE_OT,7808,1,1,1998848,1998848,3,tcp_two_process; p0_coeff_bit_ot_receiver; SPLIT_COEFF_OT; one_batched_Kos_chosen_message_OT; vector_fixed_prime_setup; local_expand; tcp_two_process; p1_coeff_bit_ot_sender; SPLIT_COEFF_OT; one_batched_Kos_chosen_message_OT; vector_fixed_prime_setup; local_expand
2026-07-26T07:52:51.178421+00:00,56a80d12dc147c6f4d9452798d88f387cd1c778b,RMVOLE_NET_BENCH,RM_VECTOR_OPT,split-input-coeff-ot,vector,LOCAL_TCP,tcp-loopback,bench,8,0,OK,PASS,20,1048576,64,16,1,33.339,26.654,33.339,"max(P0,P1)_same_phase",491.78,476.706,491.78,697.581,690.006,697.581,525.1189999999999,1222.701,0.0,0.0,0.0,186097,2372097,2558048,0.15247154235839844,2378048,180146,INCLUDING_BASE_OT,7808,1,1,1998848,1998848,3,tcp_two_process; p0_coeff_bit_ot_receiver; SPLIT_COEFF_OT; one_batched_Kos_chosen_message_OT; vector_fixed_prime_setup; local_expand; tcp_two_process; p1_coeff_bit_ot_sender; SPLIT_COEFF_OT; one_batched_Kos_chosen_message_OT; vector_fixed_prime_setup; local_expand
2026-07-26T07:52:53.384352+00:00,56a80d12dc147c6f4d9452798d88f387cd1c778b,RMVOLE_NET_BENCH,RM_VECTOR_OPT,split-input-coeff-ot,vector,LOCAL_TCP,tcp-loopback,bench,9,0,OK,PASS,20,1048576,64,16,1,33.417,26.754,33.417,"max(P0,P1)_same_phase",491.02299999999997,476.085,491.02299999999997,698.505,692.326,698.505,524.4399999999999,1222.9460000000001,0.0,0.0,0.0,186097,2372097,2558048,0.15247154235839844,2378048,180146,INCLUDING_BASE_OT,7808,1,1,1998848,1998848,3,tcp_two_process; p0_coeff_bit_ot_receiver; SPLIT_COEFF_OT; one_batched_Kos_chosen_message_OT; vector_fixed_prime_setup; local_expand; tcp_two_process; p1_coeff_bit_ot_sender; SPLIT_COEFF_OT; one_batched_Kos_chosen_message_OT; vector_fixed_prime_setup; local_expand
2026-07-26T07:52:56.591382+00:00,56a80d12dc147c6f4d9452798d88f387cd1c778b,SILENT_SVOLE_TCP,SILENT_SVOLE,,,LOCAL_TCP,tcp-loopback,bench,-1,1,OK,PASS,20,1048576,64,16,1,2971.873,2713.853,0.0,,0.0,0.0,0.0,0.0,0.0,0.0,2971.8730000000005,2971.873,816.706,2267.1420000000003,0.0,32617232,263288,32880392,1.9598240852355957,0,0,,0,0,0,0,0,0,"tcp_two_process; libOTe_SilentVole; semi_honest_128; MultType=ExConv7x24; BaseElem=u64; ExtElem=array<u64,M>; x=c; Z0=a; Z1=-b; tcp_two_process; libOTe_SilentVole; semi_honest_128; MultType=ExConv7x24; BaseElem=u64; ExtElem=array<u64,M>; x=c; Z0=a; Z1=-b"
2026-07-26T07:52:59.798314+00:00,56a80d12dc147c6f4d9452798d88f387cd1c778b,SILENT_SVOLE_TCP,SILENT_SVOLE,,,LOCAL_TCP,tcp-loopback,bench,0,0,OK,PASS,20,1048576,64,16,1,2968.8430000000003,2725.031,0.0,,0.0,0.0,0.0,0.0,0.0,0.0,2968.842,2968.8430000000003,830.722,2264.738,0.0,32617232,263288,32880392,1.9598240852355957,0,0,,0,0,0,0,0,0,"tcp_two_process; libOTe_SilentVole; semi_honest_128; MultType=ExConv7x24; BaseElem=u64; ExtElem=array<u64,M>; x=c; Z0=a; Z1=-b; tcp_two_process; libOTe_SilentVole; semi_honest_128; MultType=ExConv7x24; BaseElem=u64; ExtElem=array<u64,M>; x=c; Z0=a; Z1=-b"
2026-07-26T07:53:03.005492+00:00,56a80d12dc147c6f4d9452798d88f387cd1c778b,SILENT_SVOLE_TCP,SILENT_SVOLE,,,LOCAL_TCP,tcp-loopback,bench,1,0,OK,PASS,20,1048576,64,16,1,2971.142,2724.049,0.0,,0.0,0.0,0.0,0.0,0.0,0.0,2971.142,2971.142,830.6510000000001,2266.0879999999997,0.0,32617232,263288,32880392,1.9598240852355957,0,0,,0,0,0,0,0,0,"tcp_two_process; libOTe_SilentVole; semi_honest_128; MultType=ExConv7x24; BaseElem=u64; ExtElem=array<u64,M>; x=c; Z0=a; Z1=-b; tcp_two_process; libOTe_SilentVole; semi_honest_128; MultType=ExConv7x24; BaseElem=u64; ExtElem=array<u64,M>; x=c; Z0=a; Z1=-b"
2026-07-26T07:53:06.212634+00:00,56a80d12dc147c6f4d9452798d88f387cd1c778b,SILENT_SVOLE_TCP,SILENT_SVOLE,,,LOCAL_TCP,tcp-loopback,bench,2,0,OK,PASS,20,1048576,64,16,1,2977.6240000000003,2728.3520000000003,0.0,,0.0,0.0,0.0,0.0,0.0,0.0,2977.6240000000003,2977.6240000000003,829.0419999999999,2272.387,0.0,32617232,263288,32880392,1.9598240852355957,0,0,,0,0,0,0,0,0,"tcp_two_process; libOTe_SilentVole; semi_honest_128; MultType=ExConv7x24; BaseElem=u64; ExtElem=array<u64,M>; x=c; Z0=a; Z1=-b; tcp_two_process; libOTe_SilentVole; semi_honest_128; MultType=ExConv7x24; BaseElem=u64; ExtElem=array<u64,M>; x=c; Z0=a; Z1=-b"
2026-07-26T07:53:09.419927+00:00,56a80d12dc147c6f4d9452798d88f387cd1c778b,SILENT_SVOLE_TCP,SILENT_SVOLE,,,LOCAL_TCP,tcp-loopback,bench,3,0,OK,PASS,20,1048576,64,16,1,2974.08,2715.824,0.0,,0.0,0.0,0.0,0.0,0.0,0.0,2974.08,2974.08,816.9159999999999,2269.761,0.0,32617232,263288,32880392,1.9598240852355957,0,0,,0,0,0,0,0,0,"tcp_two_process; libOTe_SilentVole; semi_honest_128; MultType=ExConv7x24; BaseElem=u64; ExtElem=array<u64,M>; x=c; Z0=a; Z1=-b; tcp_two_process; libOTe_SilentVole; semi_honest_128; MultType=ExConv7x24; BaseElem=u64; ExtElem=array<u64,M>; x=c; Z0=a; Z1=-b"
2026-07-26T07:53:12.627405+00:00,56a80d12dc147c6f4d9452798d88f387cd1c778b,SILENT_SVOLE_TCP,SILENT_SVOLE,,,LOCAL_TCP,tcp-loopback,bench,4,0,OK,PASS,20,1048576,64,16,1,2979.464,2717.113,0.0,,0.0,0.0,0.0,0.0,0.0,0.0,2979.463,2979.464,817.142,2273.625,0.0,32617232,263288,32880392,1.9598240852355957,0,0,,0,0,0,0,0,0,"tcp_two_process; libOTe_SilentVole; semi_honest_128; MultType=ExConv7x24; BaseElem=u64; ExtElem=array<u64,M>; x=c; Z0=a; Z1=-b; tcp_two_process; libOTe_SilentVole; semi_honest_128; MultType=ExConv7x24; BaseElem=u64; ExtElem=array<u64,M>; x=c; Z0=a; Z1=-b"
2026-07-26T07:53:15.834929+00:00,56a80d12dc147c6f4d9452798d88f387cd1c778b,SILENT_SVOLE_TCP,SILENT_SVOLE,,,LOCAL_TCP,tcp-loopback,bench,5,0,OK,PASS,20,1048576,64,16,1,2974.2039999999997,2716.018,0.0,,0.0,0.0,0.0,0.0,0.0,0.0,2974.203,2974.2039999999997,816.1659999999999,2268.8320000000003,0.0,32617232,263288,32880392,1.9598240852355957,0,0,,0,0,0,0,0,0,"tcp_two_process; libOTe_SilentVole; semi_honest_128; MultType=ExConv7x24; BaseElem=u64; ExtElem=array<u64,M>; x=c; Z0=a; Z1=-b; tcp_two_process; libOTe_SilentVole; semi_honest_128; MultType=ExConv7x24; BaseElem=u64; ExtElem=array<u64,M>; x=c; Z0=a; Z1=-b"
2026-07-26T07:53:19.042162+00:00,56a80d12dc147c6f4d9452798d88f387cd1c778b,SILENT_SVOLE_TCP,SILENT_SVOLE,,,LOCAL_TCP,tcp-loopback,bench,6,0,OK,PASS,20,1048576,64,16,1,2971.997,2724.863,0.0,,0.0,0.0,0.0,0.0,0.0,0.0,2971.996,2971.997,831.0790000000001,2266.748,0.0,32617232,263288,32880392,1.9598240852355957,0,0,,0,0,0,0,0,0,"tcp_two_process; libOTe_SilentVole; semi_honest_128; MultType=ExConv7x24; BaseElem=u64; ExtElem=array<u64,M>; x=c; Z0=a; Z1=-b; tcp_two_process; libOTe_SilentVole; semi_honest_128; MultType=ExConv7x24; BaseElem=u64; ExtElem=array<u64,M>; x=c; Z0=a; Z1=-b"
2026-07-26T07:53:22.249324+00:00,56a80d12dc147c6f4d9452798d88f387cd1c778b,SILENT_SVOLE_TCP,SILENT_SVOLE,,,LOCAL_TCP,tcp-loopback,bench,7,0,OK,PASS,20,1048576,64,16,1,2971.112,2730.4610000000002,0.0,,0.0,0.0,0.0,0.0,0.0,0.0,2971.1119999999996,2971.112,830.0600000000001,2266.168,0.0,32617232,263288,32880392,1.9598240852355957,0,0,,0,0,0,0,0,0,"tcp_two_process; libOTe_SilentVole; semi_honest_128; MultType=ExConv7x24; BaseElem=u64; ExtElem=array<u64,M>; x=c; Z0=a; Z1=-b; tcp_two_process; libOTe_SilentVole; semi_honest_128; MultType=ExConv7x24; BaseElem=u64; ExtElem=array<u64,M>; x=c; Z0=a; Z1=-b"
2026-07-26T07:53:25.456530+00:00,56a80d12dc147c6f4d9452798d88f387cd1c778b,SILENT_SVOLE_TCP,SILENT_SVOLE,,,LOCAL_TCP,tcp-loopback,bench,8,0,OK,PASS,20,1048576,64,16,1,2977.629,2723.874,0.0,,0.0,0.0,0.0,0.0,0.0,0.0,2977.6279999999997,2977.629,825.838,2272.5719999999997,0.0,32617232,263288,32880392,1.9598240852355957,0,0,,0,0,0,0,0,0,"tcp_two_process; libOTe_SilentVole; semi_honest_128; MultType=ExConv7x24; BaseElem=u64; ExtElem=array<u64,M>; x=c; Z0=a; Z1=-b; tcp_two_process; libOTe_SilentVole; semi_honest_128; MultType=ExConv7x24; BaseElem=u64; ExtElem=array<u64,M>; x=c; Z0=a; Z1=-b"
2026-07-26T07:53:28.663862+00:00,56a80d12dc147c6f4d9452798d88f387cd1c778b,SILENT_SVOLE_TCP,SILENT_SVOLE,,,LOCAL_TCP,tcp-loopback,bench,9,0,OK,PASS,20,1048576,64,16,1,2971.813,2711.293,0.0,,0.0,0.0,0.0,0.0,0.0,0.0,2971.813,2971.813,816.654,2266.966,0.0,32617232,263288,32880392,1.9598240852355957,0,0,,0,0,0,0,0,0,"tcp_two_process; libOTe_SilentVole; semi_honest_128; MultType=ExConv7x24; BaseElem=u64; ExtElem=array<u64,M>; x=c; Z0=a; Z1=-b; tcp_two_process; libOTe_SilentVole; semi_honest_128; MultType=ExConv7x24; BaseElem=u64; ExtElem=array<u64,M>; x=c; Z0=a; Z1=-b"
2026-07-26T07:53:32.521964+00:00,56a80d12dc147c6f4d9452798d88f387cd1c778b,RMVOLE_NET_BENCH,RM_VECTOR_OPT,split-input-coeff-ot,vector,LOCAL_TCP,tcp-loopback,bench,-1,1,OK,PASS,20,1048576,64,32,1,38.03,31.099999999999998,38.03,"max(P0,P1)_same_phase",874.869,787.609,874.869,1462.966,1445.911,1462.966,912.899,2375.866,0.0,0.0,0.0,186225,4436481,4622432,0.13775920867919922,4376896,245810,INCLUDING_BASE_OT,7808,1,1,3997696,3997696,3,tcp_two_process; p0_coeff_bit_ot_receiver; SPLIT_COEFF_OT; one_batched_Kos_chosen_message_OT; vector_fixed_prime_setup; local_expand; tcp_two_process; p1_coeff_bit_ot_sender; SPLIT_COEFF_OT; one_batched_Kos_chosen_message_OT; vector_fixed_prime_setup; local_expand
2026-07-26T07:53:36.380271+00:00,56a80d12dc147c6f4d9452798d88f387cd1c778b,RMVOLE_NET_BENCH,RM_VECTOR_OPT,split-input-coeff-ot,vector,LOCAL_TCP,tcp-loopback,bench,0,0,OK,PASS,20,1048576,64,32,1,38.004000000000005,31.064999999999998,38.004000000000005,"max(P0,P1)_same_phase",871.976,789.909,871.976,1465.293,1442.591,1465.293,909.98,2375.273,0.0,0.0,0.0,186225,4436481,4622432,0.13775920867919922,4376896,245810,INCLUDING_BASE_OT,7808,1,1,3997696,3997696,3,tcp_two_process; p0_coeff_bit_ot_receiver; SPLIT_COEFF_OT; one_batched_Kos_chosen_message_OT; vector_fixed_prime_setup; local_expand; tcp_two_process; p1_coeff_bit_ot_sender; SPLIT_COEFF_OT; one_batched_Kos_chosen_message_OT; vector_fixed_prime_setup; local_expand
2026-07-26T07:53:40.188360+00:00,56a80d12dc147c6f4d9452798d88f387cd1c778b,RMVOLE_NET_BENCH,RM_VECTOR_OPT,split-input-coeff-ot,vector,LOCAL_TCP,tcp-loopback,bench,1,0,OK,PASS,20,1048576,64,32,1,38.146,31.201,38.146,"max(P0,P1)_same_phase",875.197,787.2529999999999,875.197,1446.493,1432.5639999999999,1446.493,913.343,2359.8360000000002,0.0,0.0,0.0,186225,4436481,4622432,0.13775920867919922,4376896,245810,INCLUDING_BASE_OT,7808,1,1,3997696,3997696,3,tcp_two_process; p0_coeff_bit_ot_receiver; SPLIT_COEFF_OT; one_batched_Kos_chosen_message_OT; vector_fixed_prime_setup; local_expand; tcp_two_process; p1_coeff_bit_ot_sender; SPLIT_COEFF_OT; one_batched_Kos_chosen_message_OT; vector_fixed_prime_setup; local_expand
2026-07-26T07:53:44.046685+00:00,56a80d12dc147c6f4d9452798d88f387cd1c778b,RMVOLE_NET_BENCH,RM_VECTOR_OPT,split-input-coeff-ot,vector,LOCAL_TCP,tcp-loopback,bench,2,0,OK,PASS,20,1048576,64,32,1,38.233999999999995,31.105,38.233999999999995,"max(P0,P1)_same_phase",875.838,790.3059999999999,875.838,1466.9270000000001,1445.815,1466.9270000000001,914.072,2380.998,0.0,0.0,0.0,186225,4436481,4622432,0.13775920867919922,4376896,245810,INCLUDING_BASE_OT,7808,1,1,3997696,3997696,3,tcp_two_process; p0_coeff_bit_ot_receiver; SPLIT_COEFF_OT; one_batched_Kos_chosen_message_OT; vector_fixed_prime_setup; local_expand; tcp_two_process; p1_coeff_bit_ot_sender; SPLIT_COEFF_OT; one_batched_Kos_chosen_message_OT; vector_fixed_prime_setup; local_expand
2026-07-26T07:53:47.855011+00:00,56a80d12dc147c6f4d9452798d88f387cd1c778b,RMVOLE_NET_BENCH,RM_VECTOR_OPT,split-input-coeff-ot,vector,LOCAL_TCP,tcp-loopback,bench,3,0,OK,PASS,20,1048576,64,32,1,37.952,31.025000000000002,37.952,"max(P0,P1)_same_phase",872.476,789.496,872.476,1463.7579999999998,1441.49,1463.7579999999998,910.428,2374.1859999999997,0.0,0.0,0.0,186225,4436481,4622432,0.13775920867919922,4376896,245810,INCLUDING_BASE_OT,7808,1,1,3997696,3997696,3,tcp_two_process; p0_coeff_bit_ot_receiver; SPLIT_COEFF_OT; one_batched_Kos_chosen_message_OT; vector_fixed_prime_setup; local_expand; tcp_two_process; p1_coeff_bit_ot_sender; SPLIT_COEFF_OT; one_batched_Kos_chosen_message_OT; vector_fixed_prime_setup; local_expand
2026-07-26T07:53:51.713363+00:00,56a80d12dc147c6f4d9452798d88f387cd1c778b,RMVOLE_NET_BENCH,RM_VECTOR_OPT,split-input-coeff-ot,vector,LOCAL_TCP,tcp-loopback,bench,4,0,OK,PASS,20,1048576,64,32,1,37.975,31.033,37.975,"max(P0,P1)_same_phase",876.298,789.387,876.298,1466.077,1446.7779999999998,1466.077,914.273,2380.35,0.0,0.0,0.0,186225,4436481,4622432,0.13775920867919922,4376896,245810,INCLUDING_BASE_OT,7808,1,1,3997696,3997696,3,tcp_two_process; p0_coeff_bit_ot_receiver; SPLIT_COEFF_OT; one_batched_Kos_chosen_message_OT; vector_fixed_prime_setup; local_expand; tcp_two_process; p1_coeff_bit_ot_sender; SPLIT_COEFF_OT; one_batched_Kos_chosen_message_OT; vector_fixed_prime_setup; local_expand
2026-07-26T07:53:55.521657+00:00,56a80d12dc147c6f4d9452798d88f387cd1c778b,RMVOLE_NET_BENCH,RM_VECTOR_OPT,split-input-coeff-ot,vector,LOCAL_TCP,tcp-loopback,bench,5,0,OK,PASS,20,1048576,64,32,1,38.084,31.156,38.084,"max(P0,P1)_same_phase",876.28,788.4409999999999,876.28,1452.5600000000002,1450.316,1452.5600000000002,914.364,2366.924,0.0,0.0,0.0,186225,4436481,4622432,0.13775920867919922,4376896,245810,INCLUDING_BASE_OT,7808,1,1,3997696,3997696,3,tcp_two_process; p0_coeff_bit_ot_receiver; SPLIT_COEFF_OT; one_batched_Kos_chosen_message_OT; vector_fixed_prime_setup; local_expand; tcp_two_process; p1_coeff_bit_ot_sender; SPLIT_COEFF_OT; one_batched_Kos_chosen_message_OT; vector_fixed_prime_setup; local_expand
2026-07-26T07:53:59.329919+00:00,56a80d12dc147c6f4d9452798d88f387cd1c778b,RMVOLE_NET_BENCH,RM_VECTOR_OPT,split-input-coeff-ot,vector,LOCAL_TCP,tcp-loopback,bench,6,0,OK,PASS,20,1048576,64,32,1,37.998,31.066,37.998,"max(P0,P1)_same_phase",874.911,791.453,874.911,1451.493,1448.454,1451.493,912.909,2364.402,0.0,0.0,0.0,186225,4436481,4622432,0.13775920867919922,4376896,245810,INCLUDING_BASE_OT,7808,1,1,3997696,3997696,3,tcp_two_process; p0_coeff_bit_ot_receiver; SPLIT_COEFF_OT; one_batched_Kos_chosen_message_OT; vector_fixed_prime_setup; local_expand; tcp_two_process; p1_coeff_bit_ot_sender; SPLIT_COEFF_OT; one_batched_Kos_chosen_message_OT; vector_fixed_prime_setup; local_expand
2026-07-26T07:54:03.138145+00:00,56a80d12dc147c6f4d9452798d88f387cd1c778b,RMVOLE_NET_BENCH,RM_VECTOR_OPT,split-input-coeff-ot,vector,LOCAL_TCP,tcp-loopback,bench,7,0,OK,PASS,20,1048576,64,32,1,38.419000000000004,31.166,38.419000000000004,"max(P0,P1)_same_phase",872.6859999999999,791.5459999999999,872.6859999999999,1448.5520000000001,1443.895,1448.5520000000001,911.1049999999999,2359.6569999999997,0.0,0.0,0.0,186225,4436481,4622432,0.13775920867919922,4376896,245810,INCLUDING_BASE_OT,7808,1,1,3997696,3997696,3,tcp_two_process; p0_coeff_bit_ot_receiver; SPLIT_COEFF_OT; one_batched_Kos_chosen_message_OT; vector_fixed_prime_setup; local_expand; tcp_two_process; p1_coeff_bit_ot_sender; SPLIT_COEFF_OT; one_batched_Kos_chosen_message_OT; vector_fixed_prime_setup; local_expand
2026-07-26T07:54:06.947180+00:00,56a80d12dc147c6f4d9452798d88f387cd1c778b,RMVOLE_NET_BENCH,RM_VECTOR_OPT,split-input-coeff-ot,vector,LOCAL_TCP,tcp-loopback,bench,8,0,OK,PASS,20,1048576,64,32,1,38.242,31.292,38.242,"max(P0,P1)_same_phase",877.2339999999999,788.543,877.2339999999999,1452.433,1450.036,1452.433,915.4759999999999,2367.909,0.0,0.0,0.0,186225,4436481,4622432,0.13775920867919922,4376896,245810,INCLUDING_BASE_OT,7808,1,1,3997696,3997696,3,tcp_two_process; p0_coeff_bit_ot_receiver; SPLIT_COEFF_OT; one_batched_Kos_chosen_message_OT; vector_fixed_prime_setup; local_expand; tcp_two_process; p1_coeff_bit_ot_sender; SPLIT_COEFF_OT; one_batched_Kos_chosen_message_OT; vector_fixed_prime_setup; local_expand
2026-07-26T07:54:10.805621+00:00,56a80d12dc147c6f4d9452798d88f387cd1c778b,RMVOLE_NET_BENCH,RM_VECTOR_OPT,split-input-coeff-ot,vector,LOCAL_TCP,tcp-loopback,bench,9,0,OK,PASS,20,1048576,64,32,1,38.198,31.279,38.198,"max(P0,P1)_same_phase",881.027,790.938,881.027,1469.981,1451.164,1469.981,919.225,2389.206,0.0,0.0,0.0,186225,4436481,4622432,0.13775920867919922,4376896,245810,INCLUDING_BASE_OT,7808,1,1,3997696,3997696,3,tcp_two_process; p0_coeff_bit_ot_receiver; SPLIT_COEFF_OT; one_batched_Kos_chosen_message_OT; vector_fixed_prime_setup; local_expand; tcp_two_process; p1_coeff_bit_ot_sender; SPLIT_COEFF_OT; one_batched_Kos_chosen_message_OT; vector_fixed_prime_setup; local_expand
2026-07-26T07:54:15.064457+00:00,56a80d12dc147c6f4d9452798d88f387cd1c778b,SILENT_SVOLE_TCP,SILENT_SVOLE,,,LOCAL_TCP,tcp-loopback,bench,-1,1,OK,PASS,20,1048576,64,32,1,3985.2729999999997,3733.454,0.0,,0.0,0.0,0.0,0.0,0.0,0.0,3985.273,3985.2729999999997,1304.724,2913.7270000000003,0.0,130134928,423032,130557704,3.890922784805298,0,0,,0,0,0,0,0,0,"tcp_two_process; libOTe_SilentVole; semi_honest_128; MultType=ExConv7x24; BaseElem=u64; ExtElem=array<u64,M>; x=c; Z0=a; Z1=-b; tcp_two_process; libOTe_SilentVole; semi_honest_128; MultType=ExConv7x24; BaseElem=u64; ExtElem=array<u64,M>; x=c; Z0=a; Z1=-b"
2026-07-26T07:54:19.223901+00:00,56a80d12dc147c6f4d9452798d88f387cd1c778b,SILENT_SVOLE_TCP,SILENT_SVOLE,,,LOCAL_TCP,tcp-loopback,bench,0,0,OK,PASS,20,1048576,64,32,1,3926.886,3736.237,0.0,,0.0,0.0,0.0,0.0,0.0,0.0,3926.885,3926.886,1290.097,2856.463,0.0,130134928,423032,130557704,3.890922784805298,0,0,,0,0,0,0,0,0,"tcp_two_process; libOTe_SilentVole; semi_honest_128; MultType=ExConv7x24; BaseElem=u64; ExtElem=array<u64,M>; x=c; Z0=a; Z1=-b; tcp_two_process; libOTe_SilentVole; semi_honest_128; MultType=ExConv7x24; BaseElem=u64; ExtElem=array<u64,M>; x=c; Z0=a; Z1=-b"
2026-07-26T07:54:23.432828+00:00,56a80d12dc147c6f4d9452798d88f387cd1c778b,SILENT_SVOLE_TCP,SILENT_SVOLE,,,LOCAL_TCP,tcp-loopback,bench,1,0,OK,PASS,20,1048576,64,32,1,3958.163,3659.9210000000003,0.0,,0.0,0.0,0.0,0.0,0.0,0.0,3958.163,3958.163,1288.8999999999999,2887.592,0.0,130134928,423032,130557704,3.890922784805298,0,0,,0,0,0,0,0,0,"tcp_two_process; libOTe_SilentVole; semi_honest_128; MultType=ExConv7x24; BaseElem=u64; ExtElem=array<u64,M>; x=c; Z0=a; Z1=-b; tcp_two_process; libOTe_SilentVole; semi_honest_128; MultType=ExConv7x24; BaseElem=u64; ExtElem=array<u64,M>; x=c; Z0=a; Z1=-b"
2026-07-26T07:54:27.641546+00:00,56a80d12dc147c6f4d9452798d88f387cd1c778b,SILENT_SVOLE_TCP,SILENT_SVOLE,,,LOCAL_TCP,tcp-loopback,bench,2,0,OK,PASS,20,1048576,64,32,1,3937.697,3727.8799999999997,0.0,,0.0,0.0,0.0,0.0,0.0,0.0,3937.696,3937.697,1291.2749999999999,2867.113,0.0,130134928,423032,130557704,3.890922784805298,0,0,,0,0,0,0,0,0,"tcp_two_process; libOTe_SilentVole; semi_honest_128; MultType=ExConv7x24; BaseElem=u64; ExtElem=array<u64,M>; x=c; Z0=a; Z1=-b; tcp_two_process; libOTe_SilentVole; semi_honest_128; MultType=ExConv7x24; BaseElem=u64; ExtElem=array<u64,M>; x=c; Z0=a; Z1=-b"
2026-07-26T07:54:31.850444+00:00,56a80d12dc147c6f4d9452798d88f387cd1c778b,SILENT_SVOLE_TCP,SILENT_SVOLE,,,LOCAL_TCP,tcp-loopback,bench,3,0,OK,PASS,20,1048576,64,32,1,3978.719,3736.664,0.0,,0.0,0.0,0.0,0.0,0.0,0.0,3978.719,3978.719,1303.9080000000001,2906.244,0.0,130134928,423032,130557704,3.890922784805298,0,0,,0,0,0,0,0,0,"tcp_two_process; libOTe_SilentVole; semi_honest_128; MultType=ExConv7x24; BaseElem=u64; ExtElem=array<u64,M>; x=c; Z0=a; Z1=-b; tcp_two_process; libOTe_SilentVole; semi_honest_128; MultType=ExConv7x24; BaseElem=u64; ExtElem=array<u64,M>; x=c; Z0=a; Z1=-b"
2026-07-26T07:54:36.008859+00:00,56a80d12dc147c6f4d9452798d88f387cd1c778b,SILENT_SVOLE_TCP,SILENT_SVOLE,,,LOCAL_TCP,tcp-loopback,bench,4,0,OK,PASS,20,1048576,64,32,1,3887.9809999999998,3735.949,0.0,,0.0,0.0,0.0,0.0,0.0,0.0,3887.9809999999998,3887.9809999999998,1302.511,2817.243,0.0,130134928,423032,130557704,3.890922784805298,0,0,,0,0,0,0,0,0,"tcp_two_process; libOTe_SilentVole; semi_honest_128; MultType=ExConv7x24; BaseElem=u64; ExtElem=array<u64,M>; x=c; Z0=a; Z1=-b; tcp_two_process; libOTe_SilentVole; semi_honest_128; MultType=ExConv7x24; BaseElem=u64; ExtElem=array<u64,M>; x=c; Z0=a; Z1=-b"
2026-07-26T07:54:40.117481+00:00,56a80d12dc147c6f4d9452798d88f387cd1c778b,SILENT_SVOLE_TCP,SILENT_SVOLE,,,LOCAL_TCP,tcp-loopback,bench,5,0,OK,PASS,20,1048576,64,32,1,3858.794,3695.9590000000003,0.0,,0.0,0.0,0.0,0.0,0.0,0.0,3858.794,3858.794,1286.711,2789.177,0.0,130134928,423032,130557704,3.890922784805298,0,0,,0,0,0,0,0,0,"tcp_two_process; libOTe_SilentVole; semi_honest_128; MultType=ExConv7x24; BaseElem=u64; ExtElem=array<u64,M>; x=c; Z0=a; Z1=-b; tcp_two_process; libOTe_SilentVole; semi_honest_128; MultType=ExConv7x24; BaseElem=u64; ExtElem=array<u64,M>; x=c; Z0=a; Z1=-b"
2026-07-26T07:54:44.326193+00:00,56a80d12dc147c6f4d9452798d88f387cd1c778b,SILENT_SVOLE_TCP,SILENT_SVOLE,,,LOCAL_TCP,tcp-loopback,bench,6,0,OK,PASS,20,1048576,64,32,1,3934.924,3658.541,0.0,,0.0,0.0,0.0,0.0,0.0,0.0,3934.9239999999995,3934.924,1301.787,2864.8889999999997,0.0,130134928,423032,130557704,3.890922784805298,0,0,,0,0,0,0,0,0,"tcp_two_process; libOTe_SilentVole; semi_honest_128; MultType=ExConv7x24; BaseElem=u64; ExtElem=array<u64,M>; x=c; Z0=a; Z1=-b; tcp_two_process; libOTe_SilentVole; semi_honest_128; MultType=ExConv7x24; BaseElem=u64; ExtElem=array<u64,M>; x=c; Z0=a; Z1=-b"
2026-07-26T07:54:48.484543+00:00,56a80d12dc147c6f4d9452798d88f387cd1c778b,SILENT_SVOLE_TCP,SILENT_SVOLE,,,LOCAL_TCP,tcp-loopback,bench,7,0,OK,PASS,20,1048576,64,32,1,3901.545,3667.882,0.0,,0.0,0.0,0.0,0.0,0.0,0.0,3901.5449999999996,3901.545,1298.4579999999999,2831.3039999999996,0.0,130134928,423032,130557704,3.890922784805298,0,0,,0,0,0,0,0,0,"tcp_two_process; libOTe_SilentVole; semi_honest_128; MultType=ExConv7x24; BaseElem=u64; ExtElem=array<u64,M>; x=c; Z0=a; Z1=-b; tcp_two_process; libOTe_SilentVole; semi_honest_128; MultType=ExConv7x24; BaseElem=u64; ExtElem=array<u64,M>; x=c; Z0=a; Z1=-b"
2026-07-26T07:54:52.693067+00:00,56a80d12dc147c6f4d9452798d88f387cd1c778b,SILENT_SVOLE_TCP,SILENT_SVOLE,,,LOCAL_TCP,tcp-loopback,bench,8,0,OK,PASS,20,1048576,64,32,1,3938.566,3701.431,0.0,,0.0,0.0,0.0,0.0,0.0,0.0,3938.566,3938.566,1300.821,2867.9,0.0,130134928,423032,130557704,3.890922784805298,0,0,,0,0,0,0,0,0,"tcp_two_process; libOTe_SilentVole; semi_honest_128; MultType=ExConv7x24; BaseElem=u64; ExtElem=array<u64,M>; x=c; Z0=a; Z1=-b; tcp_two_process; libOTe_SilentVole; semi_honest_128; MultType=ExConv7x24; BaseElem=u64; ExtElem=array<u64,M>; x=c; Z0=a; Z1=-b"
2026-07-26T07:54:56.901771+00:00,56a80d12dc147c6f4d9452798d88f387cd1c778b,SILENT_SVOLE_TCP,SILENT_SVOLE,,,LOCAL_TCP,tcp-loopback,bench,9,0,OK,PASS,20,1048576,64,32,1,3971.0519999999997,3798.669,0.0,,0.0,0.0,0.0,0.0,0.0,0.0,3971.053,3971.0519999999997,1301.667,2899.848,0.0,130134928,423032,130557704,3.890922784805298,0,0,,0,0,0,0,0,0,"tcp_two_process; libOTe_SilentVole; semi_honest_128; MultType=ExConv7x24; BaseElem=u64; ExtElem=array<u64,M>; x=c; Z0=a; Z1=-b; tcp_two_process; libOTe_SilentVole; semi_honest_128; MultType=ExConv7x24; BaseElem=u64; ExtElem=array<u64,M>; x=c; Z0=a; Z1=-b"
