$ /home/cyy/pcg-experiments/mVOLE-local-final-bench/build-final/main --RMVOLE_PPRF_NET_SETUP local 12 64 8 bench vector
RMVOLE_PPRF_NET_SETUP mode=bench implementation_mode=vector-fixed-prime transport=local field=Fp64 logN=12 N=4096 t=64 m=8 blockSize=64 s_setup_total_s=0.036674 e_setup_total_s=0.036682 total_setup_s=0.073357 verify_s=0.000000 sender_bytes_sent=53480 receiver_bytes_sent=26136 total_bytes=79616 harness_metadata_bytes=0 clean_protocol_bytes=79616 pprf_instances_s=1 pprf_instances_e=1 total_pprf_instances=2 default_base_ot_calls=2 expanded_leaves=65536 expanded_leaves_per_coordinate_per_sparse_vector=4096 total_scalar_expanded_leaves_over_2mN=1.000000 notes=local_async_socket; bench; vector_fixed_prime; one_vector_RegularPprf_per_sparse_vector; DefaultBaseOT repeated per vector RegularPprf instance; no_reconstruction_opening PASS
[exit=0 elapsed_s=0.077533]

$ /home/cyy/pcg-experiments/mVOLE-local-final-bench/build-final/main --RMVOLE_PPRF_NET_SETUP local 12 64 8 bench vector
RMVOLE_PPRF_NET_SETUP mode=bench implementation_mode=vector-fixed-prime transport=local field=Fp64 logN=12 N=4096 t=64 m=8 blockSize=64 s_setup_total_s=0.036349 e_setup_total_s=0.036128 total_setup_s=0.072477 verify_s=0.000000 sender_bytes_sent=53480 receiver_bytes_sent=26136 total_bytes=79616 harness_metadata_bytes=0 clean_protocol_bytes=79616 pprf_instances_s=1 pprf_instances_e=1 total_pprf_instances=2 default_base_ot_calls=2 expanded_leaves=65536 expanded_leaves_per_coordinate_per_sparse_vector=4096 total_scalar_expanded_leaves_over_2mN=1.000000 notes=local_async_socket; bench; vector_fixed_prime; one_vector_RegularPprf_per_sparse_vector; DefaultBaseOT repeated per vector RegularPprf instance; no_reconstruction_opening PASS
[exit=0 elapsed_s=0.076171]

$ /home/cyy/pcg-experiments/mVOLE-local-final-bench/build-final/main --RMVOLE_PPRF_NET_SETUP local 12 64 8 bench scalar
RMVOLE_PPRF_NET_SETUP mode=bench implementation_mode=batched-regular-block transport=local field=Fp64 logN=12 N=4096 t=64 m=8 blockSize=64 s_setup_total_s=0.282992 e_setup_total_s=0.283662 total_setup_s=0.566653 verify_s=0.000000 sender_bytes_sent=198296 receiver_bytes_sent=208920 total_bytes=407216 harness_metadata_bytes=0 clean_protocol_bytes=407216 pprf_instances_s=8 pprf_instances_e=8 total_pprf_instances=16 default_base_ot_calls=16 expanded_leaves=65536 expanded_leaves_per_coordinate_per_sparse_vector=4096 total_scalar_expanded_leaves_over_2mN=1.000000 notes=local_async_socket; bench; batched_regular_block; one_RegularPprf_per_coordinate_per_sparse_vector; DefaultBaseOT repeated per RegularPprf instance; no_reconstruction_opening PASS
[exit=0 elapsed_s=0.570537]

$ /home/cyy/pcg-experiments/mVOLE-local-final-bench/build-final/main --RMVOLE_PPRF_NET_SETUP local 12 64 8 bench scalar
RMVOLE_PPRF_NET_SETUP mode=bench implementation_mode=batched-regular-block transport=local field=Fp64 logN=12 N=4096 t=64 m=8 blockSize=64 s_setup_total_s=0.283071 e_setup_total_s=0.281938 total_setup_s=0.565009 verify_s=0.000000 sender_bytes_sent=198296 receiver_bytes_sent=208920 total_bytes=407216 harness_metadata_bytes=0 clean_protocol_bytes=407216 pprf_instances_s=8 pprf_instances_e=8 total_pprf_instances=16 default_base_ot_calls=16 expanded_leaves=65536 expanded_leaves_per_coordinate_per_sparse_vector=4096 total_scalar_expanded_leaves_over_2mN=1.000000 notes=local_async_socket; bench; batched_regular_block; one_RegularPprf_per_coordinate_per_sparse_vector; DefaultBaseOT repeated per RegularPprf instance; no_reconstruction_opening PASS
[exit=0 elapsed_s=0.570095]

$ /home/cyy/pcg-experiments/mVOLE-local-final-bench/build-final/main --RMVOLE_PPRF_NET_SETUP local 12 64 16 bench vector
RMVOLE_PPRF_NET_SETUP mode=bench implementation_mode=vector-fixed-prime transport=local field=Fp64 logN=12 N=4096 t=64 m=16 blockSize=64 s_setup_total_s=0.037124 e_setup_total_s=0.036149 total_setup_s=0.073273 verify_s=0.000000 sender_bytes_sent=86248 receiver_bytes_sent=26136 total_bytes=112384 harness_metadata_bytes=0 clean_protocol_bytes=112384 pprf_instances_s=1 pprf_instances_e=1 total_pprf_instances=2 default_base_ot_calls=2 expanded_leaves=131072 expanded_leaves_per_coordinate_per_sparse_vector=4096 total_scalar_expanded_leaves_over_2mN=1.000000 notes=local_async_socket; bench; vector_fixed_prime; one_vector_RegularPprf_per_sparse_vector; DefaultBaseOT repeated per vector RegularPprf instance; no_reconstruction_opening PASS
[exit=0 elapsed_s=0.077884]

$ /home/cyy/pcg-experiments/mVOLE-local-final-bench/build-final/main --RMVOLE_PPRF_NET_SETUP local 12 64 16 bench vector
RMVOLE_PPRF_NET_SETUP mode=bench implementation_mode=vector-fixed-prime transport=local field=Fp64 logN=12 N=4096 t=64 m=16 blockSize=64 s_setup_total_s=0.037610 e_setup_total_s=0.037028 total_setup_s=0.074638 verify_s=0.000000 sender_bytes_sent=86248 receiver_bytes_sent=26136 total_bytes=112384 harness_metadata_bytes=0 clean_protocol_bytes=112384 pprf_instances_s=1 pprf_instances_e=1 total_pprf_instances=2 default_base_ot_calls=2 expanded_leaves=131072 expanded_leaves_per_coordinate_per_sparse_vector=4096 total_scalar_expanded_leaves_over_2mN=1.000000 notes=local_async_socket; bench; vector_fixed_prime; one_vector_RegularPprf_per_sparse_vector; DefaultBaseOT repeated per vector RegularPprf instance; no_reconstruction_opening PASS
[exit=0 elapsed_s=0.078454]

$ /home/cyy/pcg-experiments/mVOLE-local-final-bench/build-final/main --RMVOLE_PPRF_NET_SETUP local 12 64 16 bench scalar
RMVOLE_PPRF_NET_SETUP mode=bench implementation_mode=batched-regular-block transport=local field=Fp64 logN=12 N=4096 t=64 m=16 blockSize=64 s_setup_total_s=0.566511 e_setup_total_s=0.567037 total_setup_s=1.133548 verify_s=0.000000 sender_bytes_sent=396568 receiver_bytes_sent=417816 total_bytes=814384 harness_metadata_bytes=0 clean_protocol_bytes=814384 pprf_instances_s=16 pprf_instances_e=16 total_pprf_instances=32 default_base_ot_calls=32 expanded_leaves=131072 expanded_leaves_per_coordinate_per_sparse_vector=4096 total_scalar_expanded_leaves_over_2mN=1.000000 notes=local_async_socket; bench; batched_regular_block; one_RegularPprf_per_coordinate_per_sparse_vector; DefaultBaseOT repeated per RegularPprf instance; no_reconstruction_opening PASS
[exit=0 elapsed_s=1.137413]

$ /home/cyy/pcg-experiments/mVOLE-local-final-bench/build-final/main --RMVOLE_PPRF_NET_SETUP local 12 64 16 bench scalar
RMVOLE_PPRF_NET_SETUP mode=bench implementation_mode=batched-regular-block transport=local field=Fp64 logN=12 N=4096 t=64 m=16 blockSize=64 s_setup_total_s=0.567088 e_setup_total_s=0.565329 total_setup_s=1.132417 verify_s=0.000000 sender_bytes_sent=396568 receiver_bytes_sent=417816 total_bytes=814384 harness_metadata_bytes=0 clean_protocol_bytes=814384 pprf_instances_s=16 pprf_instances_e=16 total_pprf_instances=32 default_base_ot_calls=32 expanded_leaves=131072 expanded_leaves_per_coordinate_per_sparse_vector=4096 total_scalar_expanded_leaves_over_2mN=1.000000 notes=local_async_socket; bench; batched_regular_block; one_RegularPprf_per_coordinate_per_sparse_vector; DefaultBaseOT repeated per RegularPprf instance; no_reconstruction_opening PASS
[exit=0 elapsed_s=1.137485]

$ /home/cyy/pcg-experiments/mVOLE-local-final-bench/build-final/main --RMVOLE_PPRF_NET_SETUP local 12 64 32 bench vector
RMVOLE_PPRF_NET_SETUP mode=bench implementation_mode=vector-fixed-prime transport=local field=Fp64 logN=12 N=4096 t=64 m=32 blockSize=64 s_setup_total_s=0.038562 e_setup_total_s=0.037741 total_setup_s=0.076302 verify_s=0.000000 sender_bytes_sent=151784 receiver_bytes_sent=26136 total_bytes=177920 harness_metadata_bytes=0 clean_protocol_bytes=177920 pprf_instances_s=1 pprf_instances_e=1 total_pprf_instances=2 default_base_ot_calls=2 expanded_leaves=262144 expanded_leaves_per_coordinate_per_sparse_vector=4096 total_scalar_expanded_leaves_over_2mN=1.000000 notes=local_async_socket; bench; vector_fixed_prime; one_vector_RegularPprf_per_sparse_vector; DefaultBaseOT repeated per vector RegularPprf instance; no_reconstruction_opening PASS
[exit=0 elapsed_s=0.081384]

$ /home/cyy/pcg-experiments/mVOLE-local-final-bench/build-final/main --RMVOLE_PPRF_NET_SETUP local 12 64 32 bench vector
RMVOLE_PPRF_NET_SETUP mode=bench implementation_mode=vector-fixed-prime transport=local field=Fp64 logN=12 N=4096 t=64 m=32 blockSize=64 s_setup_total_s=0.038109 e_setup_total_s=0.037666 total_setup_s=0.075775 verify_s=0.000000 sender_bytes_sent=151784 receiver_bytes_sent=26136 total_bytes=177920 harness_metadata_bytes=0 clean_protocol_bytes=177920 pprf_instances_s=1 pprf_instances_e=1 total_pprf_instances=2 default_base_ot_calls=2 expanded_leaves=262144 expanded_leaves_per_coordinate_per_sparse_vector=4096 total_scalar_expanded_leaves_over_2mN=1.000000 notes=local_async_socket; bench; vector_fixed_prime; one_vector_RegularPprf_per_sparse_vector; DefaultBaseOT repeated per vector RegularPprf instance; no_reconstruction_opening PASS
[exit=0 elapsed_s=0.080380]

$ /home/cyy/pcg-experiments/mVOLE-local-final-bench/build-final/main --RMVOLE_PPRF_NET_SETUP local 12 64 32 bench scalar
RMVOLE_PPRF_NET_SETUP mode=bench implementation_mode=batched-regular-block transport=local field=Fp64 logN=12 N=4096 t=64 m=32 blockSize=64 s_setup_total_s=1.158061 e_setup_total_s=1.154677 total_setup_s=2.312738 verify_s=0.000000 sender_bytes_sent=793112 receiver_bytes_sent=835608 total_bytes=1628720 harness_metadata_bytes=0 clean_protocol_bytes=1628720 pprf_instances_s=32 pprf_instances_e=32 total_pprf_instances=64 default_base_ot_calls=64 expanded_leaves=262144 expanded_leaves_per_coordinate_per_sparse_vector=4096 total_scalar_expanded_leaves_over_2mN=1.000000 notes=local_async_socket; bench; batched_regular_block; one_RegularPprf_per_coordinate_per_sparse_vector; DefaultBaseOT repeated per RegularPprf instance; no_reconstruction_opening PASS
[exit=0 elapsed_s=2.316989]

$ /home/cyy/pcg-experiments/mVOLE-local-final-bench/build-final/main --RMVOLE_PPRF_NET_SETUP local 12 64 32 bench scalar
RMVOLE_PPRF_NET_SETUP mode=bench implementation_mode=batched-regular-block transport=local field=Fp64 logN=12 N=4096 t=64 m=32 blockSize=64 s_setup_total_s=1.131652 e_setup_total_s=1.132621 total_setup_s=2.264273 verify_s=0.000000 sender_bytes_sent=793112 receiver_bytes_sent=835608 total_bytes=1628720 harness_metadata_bytes=0 clean_protocol_bytes=1628720 pprf_instances_s=32 pprf_instances_e=32 total_pprf_instances=64 default_base_ot_calls=64 expanded_leaves=262144 expanded_leaves_per_coordinate_per_sparse_vector=4096 total_scalar_expanded_leaves_over_2mN=1.000000 notes=local_async_socket; bench; batched_regular_block; one_RegularPprf_per_coordinate_per_sparse_vector; DefaultBaseOT repeated per RegularPprf instance; no_reconstruction_opening PASS
[exit=0 elapsed_s=2.269670]

$ /home/cyy/pcg-experiments/mVOLE-local-final-bench/build-final/main --RMVOLE_PPRF_NET_SETUP local 14 64 8 bench vector
RMVOLE_PPRF_NET_SETUP mode=bench implementation_mode=vector-fixed-prime transport=local field=Fp64 logN=14 N=16384 t=64 m=8 blockSize=256 s_setup_total_s=0.050254 e_setup_total_s=0.049646 total_setup_s=0.099900 verify_s=0.000000 sender_bytes_sent=61672 receiver_bytes_sent=34840 total_bytes=96512 harness_metadata_bytes=0 clean_protocol_bytes=96512 pprf_instances_s=1 pprf_instances_e=1 total_pprf_instances=2 default_base_ot_calls=2 expanded_leaves=262144 expanded_leaves_per_coordinate_per_sparse_vector=16384 total_scalar_expanded_leaves_over_2mN=1.000000 notes=local_async_socket; bench; vector_fixed_prime; one_vector_RegularPprf_per_sparse_vector; DefaultBaseOT repeated per vector RegularPprf instance; no_reconstruction_opening PASS
[exit=0 elapsed_s=0.105181]

$ /home/cyy/pcg-experiments/mVOLE-local-final-bench/build-final/main --RMVOLE_PPRF_NET_SETUP local 14 64 8 bench vector
RMVOLE_PPRF_NET_SETUP mode=bench implementation_mode=vector-fixed-prime transport=local field=Fp64 logN=14 N=16384 t=64 m=8 blockSize=256 s_setup_total_s=0.049936 e_setup_total_s=0.049741 total_setup_s=0.099676 verify_s=0.000000 sender_bytes_sent=61672 receiver_bytes_sent=34840 total_bytes=96512 harness_metadata_bytes=0 clean_protocol_bytes=96512 pprf_instances_s=1 pprf_instances_e=1 total_pprf_instances=2 default_base_ot_calls=2 expanded_leaves=262144 expanded_leaves_per_coordinate_per_sparse_vector=16384 total_scalar_expanded_leaves_over_2mN=1.000000 notes=local_async_socket; bench; vector_fixed_prime; one_vector_RegularPprf_per_sparse_vector; DefaultBaseOT repeated per vector RegularPprf instance; no_reconstruction_opening PASS
[exit=0 elapsed_s=0.103960]

$ /home/cyy/pcg-experiments/mVOLE-local-final-bench/build-final/main --RMVOLE_PPRF_NET_SETUP local 14 64 8 bench scalar
RMVOLE_PPRF_NET_SETUP mode=bench implementation_mode=batched-regular-block transport=local field=Fp64 logN=14 N=16384 t=64 m=8 blockSize=256 s_setup_total_s=0.377918 e_setup_total_s=0.376674 total_setup_s=0.754591 verify_s=0.000000 sender_bytes_sent=263832 receiver_bytes_sent=278552 total_bytes=542384 harness_metadata_bytes=0 clean_protocol_bytes=542384 pprf_instances_s=8 pprf_instances_e=8 total_pprf_instances=16 default_base_ot_calls=16 expanded_leaves=262144 expanded_leaves_per_coordinate_per_sparse_vector=16384 total_scalar_expanded_leaves_over_2mN=1.000000 notes=local_async_socket; bench; batched_regular_block; one_RegularPprf_per_coordinate_per_sparse_vector; DefaultBaseOT repeated per RegularPprf instance; no_reconstruction_opening PASS
[exit=0 elapsed_s=0.758953]

$ /home/cyy/pcg-experiments/mVOLE-local-final-bench/build-final/main --RMVOLE_PPRF_NET_SETUP local 14 64 8 bench scalar
RMVOLE_PPRF_NET_SETUP mode=bench implementation_mode=batched-regular-block transport=local field=Fp64 logN=14 N=16384 t=64 m=8 blockSize=256 s_setup_total_s=0.386878 e_setup_total_s=0.385888 total_setup_s=0.772766 verify_s=0.000000 sender_bytes_sent=263832 receiver_bytes_sent=278552 total_bytes=542384 harness_metadata_bytes=0 clean_protocol_bytes=542384 pprf_instances_s=8 pprf_instances_e=8 total_pprf_instances=16 default_base_ot_calls=16 expanded_leaves=262144 expanded_leaves_per_coordinate_per_sparse_vector=16384 total_scalar_expanded_leaves_over_2mN=1.000000 notes=local_async_socket; bench; batched_regular_block; one_RegularPprf_per_coordinate_per_sparse_vector; DefaultBaseOT repeated per RegularPprf instance; no_reconstruction_opening PASS
[exit=0 elapsed_s=0.777971]

$ /home/cyy/pcg-experiments/mVOLE-local-final-bench/build-final/main --RMVOLE_PPRF_NET_SETUP local 14 64 16 bench vector
RMVOLE_PPRF_NET_SETUP mode=bench implementation_mode=vector-fixed-prime transport=local field=Fp64 logN=14 N=16384 t=64 m=16 blockSize=256 s_setup_total_s=0.052553 e_setup_total_s=0.051766 total_setup_s=0.104319 verify_s=0.000000 sender_bytes_sent=94440 receiver_bytes_sent=34840 total_bytes=129280 harness_metadata_bytes=0 clean_protocol_bytes=129280 pprf_instances_s=1 pprf_instances_e=1 total_pprf_instances=2 default_base_ot_calls=2 expanded_leaves=524288 expanded_leaves_per_coordinate_per_sparse_vector=16384 total_scalar_expanded_leaves_over_2mN=1.000000 notes=local_async_socket; bench; vector_fixed_prime; one_vector_RegularPprf_per_sparse_vector; DefaultBaseOT repeated per vector RegularPprf instance; no_reconstruction_opening PASS
[exit=0 elapsed_s=0.109154]

$ /home/cyy/pcg-experiments/mVOLE-local-final-bench/build-final/main --RMVOLE_PPRF_NET_SETUP local 14 64 16 bench vector
RMVOLE_PPRF_NET_SETUP mode=bench implementation_mode=vector-fixed-prime transport=local field=Fp64 logN=14 N=16384 t=64 m=16 blockSize=256 s_setup_total_s=0.052541 e_setup_total_s=0.052575 total_setup_s=0.105116 verify_s=0.000000 sender_bytes_sent=94440 receiver_bytes_sent=34840 total_bytes=129280 harness_metadata_bytes=0 clean_protocol_bytes=129280 pprf_instances_s=1 pprf_instances_e=1 total_pprf_instances=2 default_base_ot_calls=2 expanded_leaves=524288 expanded_leaves_per_coordinate_per_sparse_vector=16384 total_scalar_expanded_leaves_over_2mN=1.000000 notes=local_async_socket; bench; vector_fixed_prime; one_vector_RegularPprf_per_sparse_vector; DefaultBaseOT repeated per vector RegularPprf instance; no_reconstruction_opening PASS
[exit=0 elapsed_s=0.109643]

$ /home/cyy/pcg-experiments/mVOLE-local-final-bench/build-final/main --RMVOLE_PPRF_NET_SETUP local 14 64 16 bench scalar
RMVOLE_PPRF_NET_SETUP mode=bench implementation_mode=batched-regular-block transport=local field=Fp64 logN=14 N=16384 t=64 m=16 blockSize=256 s_setup_total_s=0.753913 e_setup_total_s=0.752587 total_setup_s=1.506500 verify_s=0.000000 sender_bytes_sent=527640 receiver_bytes_sent=557080 total_bytes=1084720 harness_metadata_bytes=0 clean_protocol_bytes=1084720 pprf_instances_s=16 pprf_instances_e=16 total_pprf_instances=32 default_base_ot_calls=32 expanded_leaves=524288 expanded_leaves_per_coordinate_per_sparse_vector=16384 total_scalar_expanded_leaves_over_2mN=1.000000 notes=local_async_socket; bench; batched_regular_block; one_RegularPprf_per_coordinate_per_sparse_vector; DefaultBaseOT repeated per RegularPprf instance; no_reconstruction_opening PASS
[exit=0 elapsed_s=1.511472]

$ /home/cyy/pcg-experiments/mVOLE-local-final-bench/build-final/main --RMVOLE_PPRF_NET_SETUP local 14 64 16 bench scalar
RMVOLE_PPRF_NET_SETUP mode=bench implementation_mode=batched-regular-block transport=local field=Fp64 logN=14 N=16384 t=64 m=16 blockSize=256 s_setup_total_s=0.756595 e_setup_total_s=0.754941 total_setup_s=1.511536 verify_s=0.000000 sender_bytes_sent=527640 receiver_bytes_sent=557080 total_bytes=1084720 harness_metadata_bytes=0 clean_protocol_bytes=1084720 pprf_instances_s=16 pprf_instances_e=16 total_pprf_instances=32 default_base_ot_calls=32 expanded_leaves=524288 expanded_leaves_per_coordinate_per_sparse_vector=16384 total_scalar_expanded_leaves_over_2mN=1.000000 notes=local_async_socket; bench; batched_regular_block; one_RegularPprf_per_coordinate_per_sparse_vector; DefaultBaseOT repeated per RegularPprf instance; no_reconstruction_opening PASS
[exit=0 elapsed_s=1.516918]

$ /home/cyy/pcg-experiments/mVOLE-local-final-bench/build-final/main --RMVOLE_PPRF_NET_SETUP local 14 64 32 bench vector
RMVOLE_PPRF_NET_SETUP mode=bench implementation_mode=vector-fixed-prime transport=local field=Fp64 logN=14 N=16384 t=64 m=32 blockSize=256 s_setup_total_s=0.057416 e_setup_total_s=0.056187 total_setup_s=0.113603 verify_s=0.000000 sender_bytes_sent=159976 receiver_bytes_sent=34840 total_bytes=194816 harness_metadata_bytes=0 clean_protocol_bytes=194816 pprf_instances_s=1 pprf_instances_e=1 total_pprf_instances=2 default_base_ot_calls=2 expanded_leaves=1048576 expanded_leaves_per_coordinate_per_sparse_vector=16384 total_scalar_expanded_leaves_over_2mN=1.000000 notes=local_async_socket; bench; vector_fixed_prime; one_vector_RegularPprf_per_sparse_vector; DefaultBaseOT repeated per vector RegularPprf instance; no_reconstruction_opening PASS
[exit=0 elapsed_s=0.119322]

$ /home/cyy/pcg-experiments/mVOLE-local-final-bench/build-final/main --RMVOLE_PPRF_NET_SETUP local 14 64 32 bench vector
RMVOLE_PPRF_NET_SETUP mode=bench implementation_mode=vector-fixed-prime transport=local field=Fp64 logN=14 N=16384 t=64 m=32 blockSize=256 s_setup_total_s=0.056523 e_setup_total_s=0.056235 total_setup_s=0.112758 verify_s=0.000000 sender_bytes_sent=159976 receiver_bytes_sent=34840 total_bytes=194816 harness_metadata_bytes=0 clean_protocol_bytes=194816 pprf_instances_s=1 pprf_instances_e=1 total_pprf_instances=2 default_base_ot_calls=2 expanded_leaves=1048576 expanded_leaves_per_coordinate_per_sparse_vector=16384 total_scalar_expanded_leaves_over_2mN=1.000000 notes=local_async_socket; bench; vector_fixed_prime; one_vector_RegularPprf_per_sparse_vector; DefaultBaseOT repeated per vector RegularPprf instance; no_reconstruction_opening PASS
[exit=0 elapsed_s=0.117989]

$ /home/cyy/pcg-experiments/mVOLE-local-final-bench/build-final/main --RMVOLE_PPRF_NET_SETUP local 14 64 32 bench scalar
RMVOLE_PPRF_NET_SETUP mode=bench implementation_mode=batched-regular-block transport=local field=Fp64 logN=14 N=16384 t=64 m=32 blockSize=256 s_setup_total_s=1.525971 e_setup_total_s=1.524642 total_setup_s=3.050613 verify_s=0.000000 sender_bytes_sent=1055256 receiver_bytes_sent=1114136 total_bytes=2169392 harness_metadata_bytes=0 clean_protocol_bytes=2169392 pprf_instances_s=32 pprf_instances_e=32 total_pprf_instances=64 default_base_ot_calls=64 expanded_leaves=1048576 expanded_leaves_per_coordinate_per_sparse_vector=16384 total_scalar_expanded_leaves_over_2mN=1.000000 notes=local_async_socket; bench; batched_regular_block; one_RegularPprf_per_coordinate_per_sparse_vector; DefaultBaseOT repeated per RegularPprf instance; no_reconstruction_opening PASS
[exit=0 elapsed_s=3.055580]

$ /home/cyy/pcg-experiments/mVOLE-local-final-bench/build-final/main --RMVOLE_PPRF_NET_SETUP local 14 64 32 bench scalar
RMVOLE_PPRF_NET_SETUP mode=bench implementation_mode=batched-regular-block transport=local field=Fp64 logN=14 N=16384 t=64 m=32 blockSize=256 s_setup_total_s=1.552999 e_setup_total_s=1.552005 total_setup_s=3.105005 verify_s=0.000000 sender_bytes_sent=1055256 receiver_bytes_sent=1114136 total_bytes=2169392 harness_metadata_bytes=0 clean_protocol_bytes=2169392 pprf_instances_s=32 pprf_instances_e=32 total_pprf_instances=64 default_base_ot_calls=64 expanded_leaves=1048576 expanded_leaves_per_coordinate_per_sparse_vector=16384 total_scalar_expanded_leaves_over_2mN=1.000000 notes=local_async_socket; bench; batched_regular_block; one_RegularPprf_per_coordinate_per_sparse_vector; DefaultBaseOT repeated per RegularPprf instance; no_reconstruction_opening PASS
[exit=0 elapsed_s=3.110479]

$ /home/cyy/pcg-experiments/mVOLE-local-final-bench/build-final/main --RMVOLE_PPRF_NET_SETUP local 16 64 8 bench vector
RMVOLE_PPRF_NET_SETUP mode=bench implementation_mode=vector-fixed-prime transport=local field=Fp64 logN=16 N=65536 t=64 m=8 blockSize=1024 s_setup_total_s=0.069782 e_setup_total_s=0.068488 total_setup_s=0.138269 verify_s=0.000000 sender_bytes_sent=69864 receiver_bytes_sent=43544 total_bytes=113408 harness_metadata_bytes=0 clean_protocol_bytes=113408 pprf_instances_s=1 pprf_instances_e=1 total_pprf_instances=2 default_base_ot_calls=2 expanded_leaves=1048576 expanded_leaves_per_coordinate_per_sparse_vector=65536 total_scalar_expanded_leaves_over_2mN=1.000000 notes=local_async_socket; bench; vector_fixed_prime; one_vector_RegularPprf_per_sparse_vector; DefaultBaseOT repeated per vector RegularPprf instance; no_reconstruction_opening PASS
[exit=0 elapsed_s=0.144128]

$ /home/cyy/pcg-experiments/mVOLE-local-final-bench/build-final/main --RMVOLE_PPRF_NET_SETUP local 16 64 8 bench vector
RMVOLE_PPRF_NET_SETUP mode=bench implementation_mode=vector-fixed-prime transport=local field=Fp64 logN=16 N=65536 t=64 m=8 blockSize=1024 s_setup_total_s=0.069619 e_setup_total_s=0.069712 total_setup_s=0.139330 verify_s=0.000000 sender_bytes_sent=69864 receiver_bytes_sent=43544 total_bytes=113408 harness_metadata_bytes=0 clean_protocol_bytes=113408 pprf_instances_s=1 pprf_instances_e=1 total_pprf_instances=2 default_base_ot_calls=2 expanded_leaves=1048576 expanded_leaves_per_coordinate_per_sparse_vector=65536 total_scalar_expanded_leaves_over_2mN=1.000000 notes=local_async_socket; bench; vector_fixed_prime; one_vector_RegularPprf_per_sparse_vector; DefaultBaseOT repeated per vector RegularPprf instance; no_reconstruction_opening PASS
[exit=0 elapsed_s=0.144460]

$ /home/cyy/pcg-experiments/mVOLE-local-final-bench/build-final/main --RMVOLE_PPRF_NET_SETUP local 16 64 8 bench scalar
RMVOLE_PPRF_NET_SETUP mode=bench implementation_mode=batched-regular-block transport=local field=Fp64 logN=16 N=65536 t=64 m=8 blockSize=1024 s_setup_total_s=0.489223 e_setup_total_s=0.489722 total_setup_s=0.978945 verify_s=0.000000 sender_bytes_sent=329368 receiver_bytes_sent=348184 total_bytes=677552 harness_metadata_bytes=0 clean_protocol_bytes=677552 pprf_instances_s=8 pprf_instances_e=8 total_pprf_instances=16 default_base_ot_calls=16 expanded_leaves=1048576 expanded_leaves_per_coordinate_per_sparse_vector=65536 total_scalar_expanded_leaves_over_2mN=1.000000 notes=local_async_socket; bench; batched_regular_block; one_RegularPprf_per_coordinate_per_sparse_vector; DefaultBaseOT repeated per RegularPprf instance; no_reconstruction_opening PASS
[exit=0 elapsed_s=0.983280]

$ /home/cyy/pcg-experiments/mVOLE-local-final-bench/build-final/main --RMVOLE_PPRF_NET_SETUP local 16 64 8 bench scalar
RMVOLE_PPRF_NET_SETUP mode=bench implementation_mode=batched-regular-block transport=local field=Fp64 logN=16 N=65536 t=64 m=8 blockSize=1024 s_setup_total_s=0.477938 e_setup_total_s=0.478392 total_setup_s=0.956331 verify_s=0.000000 sender_bytes_sent=329368 receiver_bytes_sent=348184 total_bytes=677552 harness_metadata_bytes=0 clean_protocol_bytes=677552 pprf_instances_s=8 pprf_instances_e=8 total_pprf_instances=16 default_base_ot_calls=16 expanded_leaves=1048576 expanded_leaves_per_coordinate_per_sparse_vector=65536 total_scalar_expanded_leaves_over_2mN=1.000000 notes=local_async_socket; bench; batched_regular_block; one_RegularPprf_per_coordinate_per_sparse_vector; DefaultBaseOT repeated per RegularPprf instance; no_reconstruction_opening PASS
[exit=0 elapsed_s=0.961011]

$ /home/cyy/pcg-experiments/mVOLE-local-final-bench/build-final/main --RMVOLE_PPRF_NET_SETUP local 16 64 16 bench vector
RMVOLE_PPRF_NET_SETUP mode=bench implementation_mode=vector-fixed-prime transport=local field=Fp64 logN=16 N=65536 t=64 m=16 blockSize=1024 s_setup_total_s=0.080108 e_setup_total_s=0.079099 total_setup_s=0.159207 verify_s=0.000000 sender_bytes_sent=102632 receiver_bytes_sent=43544 total_bytes=146176 harness_metadata_bytes=0 clean_protocol_bytes=146176 pprf_instances_s=1 pprf_instances_e=1 total_pprf_instances=2 default_base_ot_calls=2 expanded_leaves=2097152 expanded_leaves_per_coordinate_per_sparse_vector=65536 total_scalar_expanded_leaves_over_2mN=1.000000 notes=local_async_socket; bench; vector_fixed_prime; one_vector_RegularPprf_per_sparse_vector; DefaultBaseOT repeated per vector RegularPprf instance; no_reconstruction_opening PASS
[exit=0 elapsed_s=0.165073]

$ /home/cyy/pcg-experiments/mVOLE-local-final-bench/build-final/main --RMVOLE_PPRF_NET_SETUP local 16 64 16 bench vector
RMVOLE_PPRF_NET_SETUP mode=bench implementation_mode=vector-fixed-prime transport=local field=Fp64 logN=16 N=65536 t=64 m=16 blockSize=1024 s_setup_total_s=0.078908 e_setup_total_s=0.077622 total_setup_s=0.156530 verify_s=0.000000 sender_bytes_sent=102632 receiver_bytes_sent=43544 total_bytes=146176 harness_metadata_bytes=0 clean_protocol_bytes=146176 pprf_instances_s=1 pprf_instances_e=1 total_pprf_instances=2 default_base_ot_calls=2 expanded_leaves=2097152 expanded_leaves_per_coordinate_per_sparse_vector=65536 total_scalar_expanded_leaves_over_2mN=1.000000 notes=local_async_socket; bench; vector_fixed_prime; one_vector_RegularPprf_per_sparse_vector; DefaultBaseOT repeated per vector RegularPprf instance; no_reconstruction_opening PASS
[exit=0 elapsed_s=0.162595]

$ /home/cyy/pcg-experiments/mVOLE-local-final-bench/build-final/main --RMVOLE_PPRF_NET_SETUP local 16 64 16 bench scalar
RMVOLE_PPRF_NET_SETUP mode=bench implementation_mode=batched-regular-block transport=local field=Fp64 logN=16 N=65536 t=64 m=16 blockSize=1024 s_setup_total_s=0.975831 e_setup_total_s=0.958020 total_setup_s=1.933852 verify_s=0.000000 sender_bytes_sent=658712 receiver_bytes_sent=696344 total_bytes=1355056 harness_metadata_bytes=0 clean_protocol_bytes=1355056 pprf_instances_s=16 pprf_instances_e=16 total_pprf_instances=32 default_base_ot_calls=32 expanded_leaves=2097152 expanded_leaves_per_coordinate_per_sparse_vector=65536 total_scalar_expanded_leaves_over_2mN=1.000000 notes=local_async_socket; bench; batched_regular_block; one_RegularPprf_per_coordinate_per_sparse_vector; DefaultBaseOT repeated per RegularPprf instance; no_reconstruction_opening PASS
[exit=0 elapsed_s=1.938815]

$ /home/cyy/pcg-experiments/mVOLE-local-final-bench/build-final/main --RMVOLE_PPRF_NET_SETUP local 16 64 16 bench scalar
RMVOLE_PPRF_NET_SETUP mode=bench implementation_mode=batched-regular-block transport=local field=Fp64 logN=16 N=65536 t=64 m=16 blockSize=1024 s_setup_total_s=0.980586 e_setup_total_s=0.979195 total_setup_s=1.959782 verify_s=0.000000 sender_bytes_sent=658712 receiver_bytes_sent=696344 total_bytes=1355056 harness_metadata_bytes=0 clean_protocol_bytes=1355056 pprf_instances_s=16 pprf_instances_e=16 total_pprf_instances=32 default_base_ot_calls=32 expanded_leaves=2097152 expanded_leaves_per_coordinate_per_sparse_vector=65536 total_scalar_expanded_leaves_over_2mN=1.000000 notes=local_async_socket; bench; batched_regular_block; one_RegularPprf_per_coordinate_per_sparse_vector; DefaultBaseOT repeated per RegularPprf instance; no_reconstruction_opening PASS
[exit=0 elapsed_s=1.965471]

$ /home/cyy/pcg-experiments/mVOLE-local-final-bench/build-final/main --RMVOLE_PPRF_NET_SETUP local 16 64 32 bench vector
RMVOLE_PPRF_NET_SETUP mode=bench implementation_mode=vector-fixed-prime transport=local field=Fp64 logN=16 N=65536 t=64 m=32 blockSize=1024 s_setup_total_s=0.098758 e_setup_total_s=0.097342 total_setup_s=0.196100 verify_s=0.000000 sender_bytes_sent=168168 receiver_bytes_sent=43544 total_bytes=211712 harness_metadata_bytes=0 clean_protocol_bytes=211712 pprf_instances_s=1 pprf_instances_e=1 total_pprf_instances=2 default_base_ot_calls=2 expanded_leaves=4194304 expanded_leaves_per_coordinate_per_sparse_vector=65536 total_scalar_expanded_leaves_over_2mN=1.000000 notes=local_async_socket; bench; vector_fixed_prime; one_vector_RegularPprf_per_sparse_vector; DefaultBaseOT repeated per vector RegularPprf instance; no_reconstruction_opening PASS
[exit=0 elapsed_s=0.204368]

$ /home/cyy/pcg-experiments/mVOLE-local-final-bench/build-final/main --RMVOLE_PPRF_NET_SETUP local 16 64 32 bench vector
RMVOLE_PPRF_NET_SETUP mode=bench implementation_mode=vector-fixed-prime transport=local field=Fp64 logN=16 N=65536 t=64 m=32 blockSize=1024 s_setup_total_s=0.098841 e_setup_total_s=0.098863 total_setup_s=0.197704 verify_s=0.000000 sender_bytes_sent=168168 receiver_bytes_sent=43544 total_bytes=211712 harness_metadata_bytes=0 clean_protocol_bytes=211712 pprf_instances_s=1 pprf_instances_e=1 total_pprf_instances=2 default_base_ot_calls=2 expanded_leaves=4194304 expanded_leaves_per_coordinate_per_sparse_vector=65536 total_scalar_expanded_leaves_over_2mN=1.000000 notes=local_async_socket; bench; vector_fixed_prime; one_vector_RegularPprf_per_sparse_vector; DefaultBaseOT repeated per vector RegularPprf instance; no_reconstruction_opening PASS
[exit=0 elapsed_s=0.206002]

$ /home/cyy/pcg-experiments/mVOLE-local-final-bench/build-final/main --RMVOLE_PPRF_NET_SETUP local 16 64 32 bench scalar
RMVOLE_PPRF_NET_SETUP mode=bench implementation_mode=batched-regular-block transport=local field=Fp64 logN=16 N=65536 t=64 m=32 blockSize=1024 s_setup_total_s=1.956726 e_setup_total_s=1.953959 total_setup_s=3.910685 verify_s=0.000000 sender_bytes_sent=1317400 receiver_bytes_sent=1392664 total_bytes=2710064 harness_metadata_bytes=0 clean_protocol_bytes=2710064 pprf_instances_s=32 pprf_instances_e=32 total_pprf_instances=64 default_base_ot_calls=64 expanded_leaves=4194304 expanded_leaves_per_coordinate_per_sparse_vector=65536 total_scalar_expanded_leaves_over_2mN=1.000000 notes=local_async_socket; bench; batched_regular_block; one_RegularPprf_per_coordinate_per_sparse_vector; DefaultBaseOT repeated per RegularPprf instance; no_reconstruction_opening PASS
[exit=0 elapsed_s=3.916250]

$ /home/cyy/pcg-experiments/mVOLE-local-final-bench/build-final/main --RMVOLE_PPRF_NET_SETUP local 16 64 32 bench scalar
RMVOLE_PPRF_NET_SETUP mode=bench implementation_mode=batched-regular-block transport=local field=Fp64 logN=16 N=65536 t=64 m=32 blockSize=1024 s_setup_total_s=1.909320 e_setup_total_s=1.906049 total_setup_s=3.815369 verify_s=0.000000 sender_bytes_sent=1317400 receiver_bytes_sent=1392664 total_bytes=2710064 harness_metadata_bytes=0 clean_protocol_bytes=2710064 pprf_instances_s=32 pprf_instances_e=32 total_pprf_instances=64 default_base_ot_calls=64 expanded_leaves=4194304 expanded_leaves_per_coordinate_per_sparse_vector=65536 total_scalar_expanded_leaves_over_2mN=1.000000 notes=local_async_socket; bench; batched_regular_block; one_RegularPprf_per_coordinate_per_sparse_vector; DefaultBaseOT repeated per RegularPprf instance; no_reconstruction_opening PASS
[exit=0 elapsed_s=3.820885]

$ /home/cyy/pcg-experiments/mVOLE-local-final-bench/build-final/main --RMVOLE_PPRF_NET_SETUP local 18 64 8 bench vector
RMVOLE_PPRF_NET_SETUP mode=bench implementation_mode=vector-fixed-prime transport=local field=Fp64 logN=18 N=262144 t=64 m=8 blockSize=4096 s_setup_total_s=0.115001 e_setup_total_s=0.114414 total_setup_s=0.229415 verify_s=0.000000 sender_bytes_sent=78056 receiver_bytes_sent=52248 total_bytes=130304 harness_metadata_bytes=0 clean_protocol_bytes=130304 pprf_instances_s=1 pprf_instances_e=1 total_pprf_instances=2 default_base_ot_calls=2 expanded_leaves=4194304 expanded_leaves_per_coordinate_per_sparse_vector=262144 total_scalar_expanded_leaves_over_2mN=1.000000 notes=local_async_socket; bench; vector_fixed_prime; one_vector_RegularPprf_per_sparse_vector; DefaultBaseOT repeated per vector RegularPprf instance; no_reconstruction_opening PASS
[exit=0 elapsed_s=0.237689]

$ /home/cyy/pcg-experiments/mVOLE-local-final-bench/build-final/main --RMVOLE_PPRF_NET_SETUP local 18 64 8 bench vector
RMVOLE_PPRF_NET_SETUP mode=bench implementation_mode=vector-fixed-prime transport=local field=Fp64 logN=18 N=262144 t=64 m=8 blockSize=4096 s_setup_total_s=0.115383 e_setup_total_s=0.113867 total_setup_s=0.229250 verify_s=0.000000 sender_bytes_sent=78056 receiver_bytes_sent=52248 total_bytes=130304 harness_metadata_bytes=0 clean_protocol_bytes=130304 pprf_instances_s=1 pprf_instances_e=1 total_pprf_instances=2 default_base_ot_calls=2 expanded_leaves=4194304 expanded_leaves_per_coordinate_per_sparse_vector=262144 total_scalar_expanded_leaves_over_2mN=1.000000 notes=local_async_socket; bench; vector_fixed_prime; one_vector_RegularPprf_per_sparse_vector; DefaultBaseOT repeated per vector RegularPprf instance; no_reconstruction_opening PASS
[exit=0 elapsed_s=0.237509]

$ /home/cyy/pcg-experiments/mVOLE-local-final-bench/build-final/main --RMVOLE_PPRF_NET_SETUP local 18 64 8 bench scalar
RMVOLE_PPRF_NET_SETUP mode=bench implementation_mode=batched-regular-block transport=local field=Fp64 logN=18 N=262144 t=64 m=8 blockSize=4096 s_setup_total_s=0.611655 e_setup_total_s=0.611061 total_setup_s=1.222716 verify_s=0.000000 sender_bytes_sent=394904 receiver_bytes_sent=417816 total_bytes=812720 harness_metadata_bytes=0 clean_protocol_bytes=812720 pprf_instances_s=8 pprf_instances_e=8 total_pprf_instances=16 default_base_ot_calls=16 expanded_leaves=4194304 expanded_leaves_per_coordinate_per_sparse_vector=262144 total_scalar_expanded_leaves_over_2mN=1.000000 notes=local_async_socket; bench; batched_regular_block; one_RegularPprf_per_coordinate_per_sparse_vector; DefaultBaseOT repeated per RegularPprf instance; no_reconstruction_opening PASS
[exit=0 elapsed_s=1.230340]

$ /home/cyy/pcg-experiments/mVOLE-local-final-bench/build-final/main --RMVOLE_PPRF_NET_SETUP local 18 64 8 bench scalar
RMVOLE_PPRF_NET_SETUP mode=bench implementation_mode=batched-regular-block transport=local field=Fp64 logN=18 N=262144 t=64 m=8 blockSize=4096 s_setup_total_s=0.621189 e_setup_total_s=0.621588 total_setup_s=1.242777 verify_s=0.000000 sender_bytes_sent=394904 receiver_bytes_sent=417816 total_bytes=812720 harness_metadata_bytes=0 clean_protocol_bytes=812720 pprf_instances_s=8 pprf_instances_e=8 total_pprf_instances=16 default_base_ot_calls=16 expanded_leaves=4194304 expanded_leaves_per_coordinate_per_sparse_vector=262144 total_scalar_expanded_leaves_over_2mN=1.000000 notes=local_async_socket; bench; batched_regular_block; one_RegularPprf_per_coordinate_per_sparse_vector; DefaultBaseOT repeated per RegularPprf instance; no_reconstruction_opening PASS
[exit=0 elapsed_s=1.250290]

$ /home/cyy/pcg-experiments/mVOLE-local-final-bench/build-final/main --RMVOLE_PPRF_NET_SETUP local 18 64 16 bench vector
RMVOLE_PPRF_NET_SETUP mode=bench implementation_mode=vector-fixed-prime transport=local field=Fp64 logN=18 N=262144 t=64 m=16 blockSize=4096 s_setup_total_s=0.154048 e_setup_total_s=0.149580 total_setup_s=0.303629 verify_s=0.000000 sender_bytes_sent=110824 receiver_bytes_sent=52248 total_bytes=163072 harness_metadata_bytes=0 clean_protocol_bytes=163072 pprf_instances_s=1 pprf_instances_e=1 total_pprf_instances=2 default_base_ot_calls=2 expanded_leaves=8388608 expanded_leaves_per_coordinate_per_sparse_vector=262144 total_scalar_expanded_leaves_over_2mN=1.000000 notes=local_async_socket; bench; vector_fixed_prime; one_vector_RegularPprf_per_sparse_vector; DefaultBaseOT repeated per vector RegularPprf instance; no_reconstruction_opening PASS
[exit=0 elapsed_s=0.314690]

$ /home/cyy/pcg-experiments/mVOLE-local-final-bench/build-final/main --RMVOLE_PPRF_NET_SETUP local 18 64 16 bench vector
RMVOLE_PPRF_NET_SETUP mode=bench implementation_mode=vector-fixed-prime transport=local field=Fp64 logN=18 N=262144 t=64 m=16 blockSize=4096 s_setup_total_s=0.154776 e_setup_total_s=0.151249 total_setup_s=0.306025 verify_s=0.000000 sender_bytes_sent=110824 receiver_bytes_sent=52248 total_bytes=163072 harness_metadata_bytes=0 clean_protocol_bytes=163072 pprf_instances_s=1 pprf_instances_e=1 total_pprf_instances=2 default_base_ot_calls=2 expanded_leaves=8388608 expanded_leaves_per_coordinate_per_sparse_vector=262144 total_scalar_expanded_leaves_over_2mN=1.000000 notes=local_async_socket; bench; vector_fixed_prime; one_vector_RegularPprf_per_sparse_vector; DefaultBaseOT repeated per vector RegularPprf instance; no_reconstruction_opening PASS
[exit=0 elapsed_s=0.317280]

$ /home/cyy/pcg-experiments/mVOLE-local-final-bench/build-final/main --RMVOLE_PPRF_NET_SETUP local 18 64 16 bench scalar
RMVOLE_PPRF_NET_SETUP mode=bench implementation_mode=batched-regular-block transport=local field=Fp64 logN=18 N=262144 t=64 m=16 blockSize=4096 s_setup_total_s=1.242779 e_setup_total_s=1.244081 total_setup_s=2.486860 verify_s=0.000000 sender_bytes_sent=789784 receiver_bytes_sent=835608 total_bytes=1625392 harness_metadata_bytes=0 clean_protocol_bytes=1625392 pprf_instances_s=16 pprf_instances_e=16 total_pprf_instances=32 default_base_ot_calls=32 expanded_leaves=8388608 expanded_leaves_per_coordinate_per_sparse_vector=262144 total_scalar_expanded_leaves_over_2mN=1.000000 notes=local_async_socket; bench; batched_regular_block; one_RegularPprf_per_coordinate_per_sparse_vector; DefaultBaseOT repeated per RegularPprf instance; no_reconstruction_opening PASS
[exit=0 elapsed_s=2.497115]

$ /home/cyy/pcg-experiments/mVOLE-local-final-bench/build-final/main --RMVOLE_PPRF_NET_SETUP local 18 64 16 bench scalar
RMVOLE_PPRF_NET_SETUP mode=bench implementation_mode=batched-regular-block transport=local field=Fp64 logN=18 N=262144 t=64 m=16 blockSize=4096 s_setup_total_s=1.246438 e_setup_total_s=1.252849 total_setup_s=2.499288 verify_s=0.000000 sender_bytes_sent=789784 receiver_bytes_sent=835608 total_bytes=1625392 harness_metadata_bytes=0 clean_protocol_bytes=1625392 pprf_instances_s=16 pprf_instances_e=16 total_pprf_instances=32 default_base_ot_calls=32 expanded_leaves=8388608 expanded_leaves_per_coordinate_per_sparse_vector=262144 total_scalar_expanded_leaves_over_2mN=1.000000 notes=local_async_socket; bench; batched_regular_block; one_RegularPprf_per_coordinate_per_sparse_vector; DefaultBaseOT repeated per RegularPprf instance; no_reconstruction_opening PASS
[exit=0 elapsed_s=2.509434]

$ /home/cyy/pcg-experiments/mVOLE-local-final-bench/build-final/main --RMVOLE_PPRF_NET_SETUP local 18 64 32 bench vector
RMVOLE_PPRF_NET_SETUP mode=bench implementation_mode=vector-fixed-prime transport=local field=Fp64 logN=18 N=262144 t=64 m=32 blockSize=4096 s_setup_total_s=0.228289 e_setup_total_s=0.226814 total_setup_s=0.455103 verify_s=0.000000 sender_bytes_sent=176360 receiver_bytes_sent=52248 total_bytes=228608 harness_metadata_bytes=0 clean_protocol_bytes=228608 pprf_instances_s=1 pprf_instances_e=1 total_pprf_instances=2 default_base_ot_calls=2 expanded_leaves=16777216 expanded_leaves_per_coordinate_per_sparse_vector=262144 total_scalar_expanded_leaves_over_2mN=1.000000 notes=local_async_socket; bench; vector_fixed_prime; one_vector_RegularPprf_per_sparse_vector; DefaultBaseOT repeated per vector RegularPprf instance; no_reconstruction_opening PASS
[exit=0 elapsed_s=0.473041]

$ /home/cyy/pcg-experiments/mVOLE-local-final-bench/build-final/main --RMVOLE_PPRF_NET_SETUP local 18 64 32 bench vector
RMVOLE_PPRF_NET_SETUP mode=bench implementation_mode=vector-fixed-prime transport=local field=Fp64 logN=18 N=262144 t=64 m=32 blockSize=4096 s_setup_total_s=0.230849 e_setup_total_s=0.226413 total_setup_s=0.457262 verify_s=0.000000 sender_bytes_sent=176360 receiver_bytes_sent=52248 total_bytes=228608 harness_metadata_bytes=0 clean_protocol_bytes=228608 pprf_instances_s=1 pprf_instances_e=1 total_pprf_instances=2 default_base_ot_calls=2 expanded_leaves=16777216 expanded_leaves_per_coordinate_per_sparse_vector=262144 total_scalar_expanded_leaves_over_2mN=1.000000 notes=local_async_socket; bench; vector_fixed_prime; one_vector_RegularPprf_per_sparse_vector; DefaultBaseOT repeated per vector RegularPprf instance; no_reconstruction_opening PASS
[exit=0 elapsed_s=0.475209]

$ /home/cyy/pcg-experiments/mVOLE-local-final-bench/build-final/main --RMVOLE_PPRF_NET_SETUP local 18 64 32 bench scalar
RMVOLE_PPRF_NET_SETUP mode=bench implementation_mode=batched-regular-block transport=local field=Fp64 logN=18 N=262144 t=64 m=32 blockSize=4096 s_setup_total_s=2.445463 e_setup_total_s=2.444408 total_setup_s=4.889871 verify_s=0.000000 sender_bytes_sent=1579544 receiver_bytes_sent=1671192 total_bytes=3250736 harness_metadata_bytes=0 clean_protocol_bytes=3250736 pprf_instances_s=32 pprf_instances_e=32 total_pprf_instances=64 default_base_ot_calls=64 expanded_leaves=16777216 expanded_leaves_per_coordinate_per_sparse_vector=262144 total_scalar_expanded_leaves_over_2mN=1.000000 notes=local_async_socket; bench; batched_regular_block; one_RegularPprf_per_coordinate_per_sparse_vector; DefaultBaseOT repeated per RegularPprf instance; no_reconstruction_opening PASS
[exit=0 elapsed_s=4.904797]

$ /home/cyy/pcg-experiments/mVOLE-local-final-bench/build-final/main --RMVOLE_PPRF_NET_SETUP local 18 64 32 bench scalar
RMVOLE_PPRF_NET_SETUP mode=bench implementation_mode=batched-regular-block transport=local field=Fp64 logN=18 N=262144 t=64 m=32 blockSize=4096 s_setup_total_s=2.484328 e_setup_total_s=2.486056 total_setup_s=4.970384 verify_s=0.000000 sender_bytes_sent=1579544 receiver_bytes_sent=1671192 total_bytes=3250736 harness_metadata_bytes=0 clean_protocol_bytes=3250736 pprf_instances_s=32 pprf_instances_e=32 total_pprf_instances=64 default_base_ot_calls=64 expanded_leaves=16777216 expanded_leaves_per_coordinate_per_sparse_vector=262144 total_scalar_expanded_leaves_over_2mN=1.000000 notes=local_async_socket; bench; batched_regular_block; one_RegularPprf_per_coordinate_per_sparse_vector; DefaultBaseOT repeated per RegularPprf instance; no_reconstruction_opening PASS
[exit=0 elapsed_s=4.985262]

$ /home/cyy/pcg-experiments/mVOLE-local-final-bench/build-final/main --RMVOLE_PPRF_NET_SETUP local 20 64 8 bench vector
RMVOLE_PPRF_NET_SETUP mode=bench implementation_mode=vector-fixed-prime transport=local field=Fp64 logN=20 N=1048576 t=64 m=8 blockSize=16384 s_setup_total_s=0.257159 e_setup_total_s=0.251464 total_setup_s=0.508623 verify_s=0.000000 sender_bytes_sent=86248 receiver_bytes_sent=60952 total_bytes=147200 harness_metadata_bytes=0 clean_protocol_bytes=147200 pprf_instances_s=1 pprf_instances_e=1 total_pprf_instances=2 default_base_ot_calls=2 expanded_leaves=16777216 expanded_leaves_per_coordinate_per_sparse_vector=1048576 total_scalar_expanded_leaves_over_2mN=1.000000 notes=local_async_socket; bench; vector_fixed_prime; one_vector_RegularPprf_per_sparse_vector; DefaultBaseOT repeated per vector RegularPprf instance; no_reconstruction_opening PASS
[exit=0 elapsed_s=0.526214]

$ /home/cyy/pcg-experiments/mVOLE-local-final-bench/build-final/main --RMVOLE_PPRF_NET_SETUP local 20 64 8 bench vector
RMVOLE_PPRF_NET_SETUP mode=bench implementation_mode=vector-fixed-prime transport=local field=Fp64 logN=20 N=1048576 t=64 m=8 blockSize=16384 s_setup_total_s=0.257494 e_setup_total_s=0.255014 total_setup_s=0.512508 verify_s=0.000000 sender_bytes_sent=86248 receiver_bytes_sent=60952 total_bytes=147200 harness_metadata_bytes=0 clean_protocol_bytes=147200 pprf_instances_s=1 pprf_instances_e=1 total_pprf_instances=2 default_base_ot_calls=2 expanded_leaves=16777216 expanded_leaves_per_coordinate_per_sparse_vector=1048576 total_scalar_expanded_leaves_over_2mN=1.000000 notes=local_async_socket; bench; vector_fixed_prime; one_vector_RegularPprf_per_sparse_vector; DefaultBaseOT repeated per vector RegularPprf instance; no_reconstruction_opening PASS
[exit=0 elapsed_s=0.530016]

$ /home/cyy/pcg-experiments/mVOLE-local-final-bench/build-final/main --RMVOLE_PPRF_NET_SETUP local 20 64 8 bench scalar
RMVOLE_PPRF_NET_SETUP mode=bench implementation_mode=batched-regular-block transport=local field=Fp64 logN=20 N=1048576 t=64 m=8 blockSize=16384 s_setup_total_s=0.864691 e_setup_total_s=0.867625 total_setup_s=1.732316 verify_s=0.000000 sender_bytes_sent=460440 receiver_bytes_sent=487448 total_bytes=947888 harness_metadata_bytes=0 clean_protocol_bytes=947888 pprf_instances_s=8 pprf_instances_e=8 total_pprf_instances=16 default_base_ot_calls=16 expanded_leaves=16777216 expanded_leaves_per_coordinate_per_sparse_vector=1048576 total_scalar_expanded_leaves_over_2mN=1.000000 notes=local_async_socket; bench; batched_regular_block; one_RegularPprf_per_coordinate_per_sparse_vector; DefaultBaseOT repeated per RegularPprf instance; no_reconstruction_opening PASS
[exit=0 elapsed_s=1.749900]

$ /home/cyy/pcg-experiments/mVOLE-local-final-bench/build-final/main --RMVOLE_PPRF_NET_SETUP local 20 64 8 bench scalar
RMVOLE_PPRF_NET_SETUP mode=bench implementation_mode=batched-regular-block transport=local field=Fp64 logN=20 N=1048576 t=64 m=8 blockSize=16384 s_setup_total_s=0.880289 e_setup_total_s=0.879249 total_setup_s=1.759537 verify_s=0.000000 sender_bytes_sent=460440 receiver_bytes_sent=487448 total_bytes=947888 harness_metadata_bytes=0 clean_protocol_bytes=947888 pprf_instances_s=8 pprf_instances_e=8 total_pprf_instances=16 default_base_ot_calls=16 expanded_leaves=16777216 expanded_leaves_per_coordinate_per_sparse_vector=1048576 total_scalar_expanded_leaves_over_2mN=1.000000 notes=local_async_socket; bench; batched_regular_block; one_RegularPprf_per_coordinate_per_sparse_vector; DefaultBaseOT repeated per RegularPprf instance; no_reconstruction_opening PASS
[exit=0 elapsed_s=1.777665]

$ /home/cyy/pcg-experiments/mVOLE-local-final-bench/build-final/main --RMVOLE_PPRF_NET_SETUP local 20 64 16 bench vector
RMVOLE_PPRF_NET_SETUP mode=bench implementation_mode=vector-fixed-prime transport=local field=Fp64 logN=20 N=1048576 t=64 m=16 blockSize=16384 s_setup_total_s=0.419079 e_setup_total_s=0.401810 total_setup_s=0.820889 verify_s=0.000000 sender_bytes_sent=119016 receiver_bytes_sent=60952 total_bytes=179968 harness_metadata_bytes=0 clean_protocol_bytes=179968 pprf_instances_s=1 pprf_instances_e=1 total_pprf_instances=2 default_base_ot_calls=2 expanded_leaves=33554432 expanded_leaves_per_coordinate_per_sparse_vector=1048576 total_scalar_expanded_leaves_over_2mN=1.000000 notes=local_async_socket; bench; vector_fixed_prime; one_vector_RegularPprf_per_sparse_vector; DefaultBaseOT repeated per vector RegularPprf instance; no_reconstruction_opening PASS
[exit=0 elapsed_s=0.850709]

$ /home/cyy/pcg-experiments/mVOLE-local-final-bench/build-final/main --RMVOLE_PPRF_NET_SETUP local 20 64 16 bench vector
RMVOLE_PPRF_NET_SETUP mode=bench implementation_mode=vector-fixed-prime transport=local field=Fp64 logN=20 N=1048576 t=64 m=16 blockSize=16384 s_setup_total_s=0.420015 e_setup_total_s=0.402211 total_setup_s=0.822225 verify_s=0.000000 sender_bytes_sent=119016 receiver_bytes_sent=60952 total_bytes=179968 harness_metadata_bytes=0 clean_protocol_bytes=179968 pprf_instances_s=1 pprf_instances_e=1 total_pprf_instances=2 default_base_ot_calls=2 expanded_leaves=33554432 expanded_leaves_per_coordinate_per_sparse_vector=1048576 total_scalar_expanded_leaves_over_2mN=1.000000 notes=local_async_socket; bench; vector_fixed_prime; one_vector_RegularPprf_per_sparse_vector; DefaultBaseOT repeated per vector RegularPprf instance; no_reconstruction_opening PASS
[exit=0 elapsed_s=0.852250]

$ /home/cyy/pcg-experiments/mVOLE-local-final-bench/build-final/main --RMVOLE_PPRF_NET_SETUP local 20 64 16 bench scalar
RMVOLE_PPRF_NET_SETUP mode=bench implementation_mode=batched-regular-block transport=local field=Fp64 logN=20 N=1048576 t=64 m=16 blockSize=16384 s_setup_total_s=1.721547 e_setup_total_s=1.720358 total_setup_s=3.441906 verify_s=0.000000 sender_bytes_sent=920856 receiver_bytes_sent=974872 total_bytes=1895728 harness_metadata_bytes=0 clean_protocol_bytes=1895728 pprf_instances_s=16 pprf_instances_e=16 total_pprf_instances=32 default_base_ot_calls=32 expanded_leaves=33554432 expanded_leaves_per_coordinate_per_sparse_vector=1048576 total_scalar_expanded_leaves_over_2mN=1.000000 notes=local_async_socket; bench; batched_regular_block; one_RegularPprf_per_coordinate_per_sparse_vector; DefaultBaseOT repeated per RegularPprf instance; no_reconstruction_opening PASS
[exit=0 elapsed_s=3.470278]

$ /home/cyy/pcg-experiments/mVOLE-local-final-bench/build-final/main --RMVOLE_PPRF_NET_SETUP local 20 64 16 bench scalar
RMVOLE_PPRF_NET_SETUP mode=bench implementation_mode=batched-regular-block transport=local field=Fp64 logN=20 N=1048576 t=64 m=16 blockSize=16384 s_setup_total_s=1.725718 e_setup_total_s=1.719632 total_setup_s=3.445350 verify_s=0.000000 sender_bytes_sent=920856 receiver_bytes_sent=974872 total_bytes=1895728 harness_metadata_bytes=0 clean_protocol_bytes=1895728 pprf_instances_s=16 pprf_instances_e=16 total_pprf_instances=32 default_base_ot_calls=32 expanded_leaves=33554432 expanded_leaves_per_coordinate_per_sparse_vector=1048576 total_scalar_expanded_leaves_over_2mN=1.000000 notes=local_async_socket; bench; batched_regular_block; one_RegularPprf_per_coordinate_per_sparse_vector; DefaultBaseOT repeated per RegularPprf instance; no_reconstruction_opening PASS
[exit=0 elapsed_s=3.474014]

$ /home/cyy/pcg-experiments/mVOLE-local-final-bench/build-final/main --RMVOLE_PPRF_NET_SETUP local 20 64 32 bench vector
RMVOLE_PPRF_NET_SETUP mode=bench implementation_mode=vector-fixed-prime transport=local field=Fp64 logN=20 N=1048576 t=64 m=32 blockSize=16384 s_setup_total_s=0.732884 e_setup_total_s=0.733907 total_setup_s=1.466791 verify_s=0.000000 sender_bytes_sent=184552 receiver_bytes_sent=60952 total_bytes=245504 harness_metadata_bytes=0 clean_protocol_bytes=245504 pprf_instances_s=1 pprf_instances_e=1 total_pprf_instances=2 default_base_ot_calls=2 expanded_leaves=67108864 expanded_leaves_per_coordinate_per_sparse_vector=1048576 total_scalar_expanded_leaves_over_2mN=1.000000 notes=local_async_socket; bench; vector_fixed_prime; one_vector_RegularPprf_per_sparse_vector; DefaultBaseOT repeated per vector RegularPprf instance; no_reconstruction_opening PASS
[exit=0 elapsed_s=1.520164]

$ /home/cyy/pcg-experiments/mVOLE-local-final-bench/build-final/main --RMVOLE_PPRF_NET_SETUP local 20 64 32 bench vector
RMVOLE_PPRF_NET_SETUP mode=bench implementation_mode=vector-fixed-prime transport=local field=Fp64 logN=20 N=1048576 t=64 m=32 blockSize=16384 s_setup_total_s=0.737053 e_setup_total_s=0.738906 total_setup_s=1.475959 verify_s=0.000000 sender_bytes_sent=184552 receiver_bytes_sent=60952 total_bytes=245504 harness_metadata_bytes=0 clean_protocol_bytes=245504 pprf_instances_s=1 pprf_instances_e=1 total_pprf_instances=2 default_base_ot_calls=2 expanded_leaves=67108864 expanded_leaves_per_coordinate_per_sparse_vector=1048576 total_scalar_expanded_leaves_over_2mN=1.000000 notes=local_async_socket; bench; vector_fixed_prime; one_vector_RegularPprf_per_sparse_vector; DefaultBaseOT repeated per vector RegularPprf instance; no_reconstruction_opening PASS
[exit=0 elapsed_s=1.530101]

$ /home/cyy/pcg-experiments/mVOLE-local-final-bench/build-final/main --RMVOLE_PPRF_NET_SETUP local 20 64 32 bench scalar
RMVOLE_PPRF_NET_SETUP mode=bench implementation_mode=batched-regular-block transport=local field=Fp64 logN=20 N=1048576 t=64 m=32 blockSize=16384 s_setup_total_s=3.440162 e_setup_total_s=3.434065 total_setup_s=6.874228 verify_s=0.000000 sender_bytes_sent=1841688 receiver_bytes_sent=1949720 total_bytes=3791408 harness_metadata_bytes=0 clean_protocol_bytes=3791408 pprf_instances_s=32 pprf_instances_e=32 total_pprf_instances=64 default_base_ot_calls=64 expanded_leaves=67108864 expanded_leaves_per_coordinate_per_sparse_vector=1048576 total_scalar_expanded_leaves_over_2mN=1.000000 notes=local_async_socket; bench; batched_regular_block; one_RegularPprf_per_coordinate_per_sparse_vector; DefaultBaseOT repeated per RegularPprf instance; no_reconstruction_opening PASS
[exit=0 elapsed_s=6.924970]

$ /home/cyy/pcg-experiments/mVOLE-local-final-bench/build-final/main --RMVOLE_PPRF_NET_SETUP local 20 64 32 bench scalar
RMVOLE_PPRF_NET_SETUP mode=bench implementation_mode=batched-regular-block transport=local field=Fp64 logN=20 N=1048576 t=64 m=32 blockSize=16384 s_setup_total_s=3.439467 e_setup_total_s=3.445414 total_setup_s=6.884881 verify_s=0.000000 sender_bytes_sent=1841688 receiver_bytes_sent=1949720 total_bytes=3791408 harness_metadata_bytes=0 clean_protocol_bytes=3791408 pprf_instances_s=32 pprf_instances_e=32 total_pprf_instances=64 default_base_ot_calls=64 expanded_leaves=67108864 expanded_leaves_per_coordinate_per_sparse_vector=1048576 total_scalar_expanded_leaves_over_2mN=1.000000 notes=local_async_socket; bench; batched_regular_block; one_RegularPprf_per_coordinate_per_sparse_vector; DefaultBaseOT repeated per RegularPprf instance; no_reconstruction_opening PASS
[exit=0 elapsed_s=6.936696]

$ /home/cyy/pcg-experiments/mVOLE-local-final-bench/build-final/main --RMVOLE_NET_BENCH server 0.0.0.0 19380 12 64 8 1 bench split-input-vole &
$ /home/cyy/pcg-experiments/mVOLE-local-final-bench/build-final/main --RMVOLE_NET_BENCH client 127.0.0.1 19380 12 64 8 1 bench split-input-vole
[server]
RMVOLE_NET_BENCH mode=bench setup_mode=split-input-vole role=receiver-server-p0 network=tcp-loopback address=0.0.0.0:19380 logN=12 N=4096 t=64 m=8 blockSize=64 reps=1 split_input_s=0.047269 pprf_setup_s=0.056348 setup_s=0.103617 expand_p0_s=0.000733 expand_p1_s=0.000000 total_s=0.104351 verify_s=0.000000 bytes_sent_by_role=4220584 bytes_received_by_role=70888 total_socket_bytes=4291472 harness_metadata_bytes=80 verification_opening_bytes=0 split_input_bytes=4211784 pprf_bytes=79608 clean_protocol_bytes=4291392 entries=32768 entries_per_s=314018.592489 bytes_per_entry=130.962891 pprf_instances=2 default_base_ot_calls=2 notes=tcp_two_process; p0_noisy_vole_receiver; real_libOTe_NoisyVole_split_input_length_2t; F=array<u64,M>; G=u64; vector_fixed_prime_setup; local_expand PASS
[server exit=0]
[client]
RMVOLE_NET_BENCH mode=bench setup_mode=split-input-vole role=sender-client-p1 network=tcp-loopback address=127.0.0.1:19380 logN=12 N=4096 t=64 m=8 blockSize=64 reps=1 split_input_s=0.058355 pprf_setup_s=0.047473 setup_s=0.105828 expand_p0_s=0.000000 expand_p1_s=0.000675 total_s=0.106503 verify_s=0.000000 bytes_sent_by_role=70888 bytes_received_by_role=4220584 total_socket_bytes=4291472 harness_metadata_bytes=80 verification_opening_bytes=0 split_input_bytes=4211784 pprf_bytes=79608 clean_protocol_bytes=4291392 entries=32768 entries_per_s=307671.992156 bytes_per_entry=130.962891 pprf_instances=2 default_base_ot_calls=2 notes=tcp_two_process; p1_noisy_vole_sender; real_libOTe_NoisyVole_split_input_length_2t; F=array<u64,M>; G=u64; vector_fixed_prime_setup; local_expand PASS
[client exit=0]

$ /home/cyy/pcg-experiments/mVOLE-local-final-bench/build-final/main --RMVOLE_NET_BENCH server 0.0.0.0 19380 12 64 8 1 bench split-input-vole &
$ /home/cyy/pcg-experiments/mVOLE-local-final-bench/build-final/main --RMVOLE_NET_BENCH client 127.0.0.1 19380 12 64 8 1 bench split-input-vole
[server]
RMVOLE_NET_BENCH mode=bench setup_mode=split-input-vole role=receiver-server-p0 network=tcp-loopback address=0.0.0.0:19380 logN=12 N=4096 t=64 m=8 blockSize=64 reps=1 split_input_s=0.047757 pprf_setup_s=0.055652 setup_s=0.103409 expand_p0_s=0.001153 expand_p1_s=0.000000 total_s=0.104562 verify_s=0.000000 bytes_sent_by_role=4220584 bytes_received_by_role=70888 total_socket_bytes=4291472 harness_metadata_bytes=80 verification_opening_bytes=0 split_input_bytes=4211784 pprf_bytes=79608 clean_protocol_bytes=4291392 entries=32768 entries_per_s=313384.478802 bytes_per_entry=130.962891 pprf_instances=2 default_base_ot_calls=2 notes=tcp_two_process; p0_noisy_vole_receiver; real_libOTe_NoisyVole_split_input_length_2t; F=array<u64,M>; G=u64; vector_fixed_prime_setup; local_expand PASS
[server exit=0]
[client]
RMVOLE_NET_BENCH mode=bench setup_mode=split-input-vole role=sender-client-p1 network=tcp-loopback address=127.0.0.1:19380 logN=12 N=4096 t=64 m=8 blockSize=64 reps=1 split_input_s=0.059321 pprf_setup_s=0.046796 setup_s=0.106117 expand_p0_s=0.000000 expand_p1_s=0.001043 total_s=0.107160 verify_s=0.000000 bytes_sent_by_role=70888 bytes_received_by_role=4220584 total_socket_bytes=4291472 harness_metadata_bytes=80 verification_opening_bytes=0 split_input_bytes=4211784 pprf_bytes=79608 clean_protocol_bytes=4291392 entries=32768 entries_per_s=305784.484879 bytes_per_entry=130.962891 pprf_instances=2 default_base_ot_calls=2 notes=tcp_two_process; p1_noisy_vole_sender; real_libOTe_NoisyVole_split_input_length_2t; F=array<u64,M>; G=u64; vector_fixed_prime_setup; local_expand PASS
[client exit=0]

$ /home/cyy/pcg-experiments/mVOLE-local-final-bench/build-final/main --RMVOLE_NET_BENCH server 0.0.0.0 19460 12 64 16 1 bench split-input-vole &
$ /home/cyy/pcg-experiments/mVOLE-local-final-bench/build-final/main --RMVOLE_NET_BENCH client 127.0.0.1 19460 12 64 16 1 bench split-input-vole
[server]
RMVOLE_NET_BENCH mode=bench setup_mode=split-input-vole role=receiver-server-p0 network=tcp-loopback address=0.0.0.0:19460 logN=12 N=4096 t=64 m=16 blockSize=64 reps=1 split_input_s=0.123838 pprf_setup_s=0.083185 setup_s=0.207023 expand_p0_s=0.001436 expand_p1_s=0.000000 total_s=0.208459 verify_s=0.000000 bytes_sent_by_role=16803560 bytes_received_by_role=121064 total_socket_bytes=16924624 harness_metadata_bytes=144 verification_opening_bytes=0 split_input_bytes=16812104 pprf_bytes=112376 clean_protocol_bytes=16924480 entries=65536 entries_per_s=314383.599684 bytes_per_entry=258.247070 pprf_instances=2 default_base_ot_calls=2 notes=tcp_two_process; p0_noisy_vole_receiver; real_libOTe_NoisyVole_split_input_length_2t; F=array<u64,M>; G=u64; vector_fixed_prime_setup; local_expand PASS
[server exit=0]
[client]
RMVOLE_NET_BENCH mode=bench setup_mode=split-input-vole role=sender-client-p1 network=tcp-loopback address=127.0.0.1:19460 logN=12 N=4096 t=64 m=16 blockSize=64 reps=1 split_input_s=0.165171 pprf_setup_s=0.048163 setup_s=0.213334 expand_p0_s=0.000000 expand_p1_s=0.001370 total_s=0.214704 verify_s=0.000000 bytes_sent_by_role=121064 bytes_received_by_role=16803560 total_socket_bytes=16924624 harness_metadata_bytes=144 verification_opening_bytes=0 split_input_bytes=16812104 pprf_bytes=112376 clean_protocol_bytes=16924480 entries=65536 entries_per_s=305239.150050 bytes_per_entry=258.247070 pprf_instances=2 default_base_ot_calls=2 notes=tcp_two_process; p1_noisy_vole_sender; real_libOTe_NoisyVole_split_input_length_2t; F=array<u64,M>; G=u64; vector_fixed_prime_setup; local_expand PASS
[client exit=0]

$ /home/cyy/pcg-experiments/mVOLE-local-final-bench/build-final/main --RMVOLE_NET_BENCH server 0.0.0.0 19460 12 64 16 1 bench split-input-vole &
$ /home/cyy/pcg-experiments/mVOLE-local-final-bench/build-final/main --RMVOLE_NET_BENCH client 127.0.0.1 19460 12 64 16 1 bench split-input-vole
[server]
RMVOLE_NET_BENCH mode=bench setup_mode=split-input-vole role=receiver-server-p0 network=tcp-loopback address=0.0.0.0:19460 logN=12 N=4096 t=64 m=16 blockSize=64 reps=1 split_input_s=0.123390 pprf_setup_s=0.082415 setup_s=0.205805 expand_p0_s=0.001422 expand_p1_s=0.000000 total_s=0.207226 verify_s=0.000000 bytes_sent_by_role=16803560 bytes_received_by_role=121064 total_socket_bytes=16924624 harness_metadata_bytes=144 verification_opening_bytes=0 split_input_bytes=16812104 pprf_bytes=112376 clean_protocol_bytes=16924480 entries=65536 entries_per_s=316253.488246 bytes_per_entry=258.247070 pprf_instances=2 default_base_ot_calls=2 notes=tcp_two_process; p0_noisy_vole_receiver; real_libOTe_NoisyVole_split_input_length_2t; F=array<u64,M>; G=u64; vector_fixed_prime_setup; local_expand PASS
[server exit=0]
[client]
RMVOLE_NET_BENCH mode=bench setup_mode=split-input-vole role=sender-client-p1 network=tcp-loopback address=127.0.0.1:19460 logN=12 N=4096 t=64 m=16 blockSize=64 reps=1 split_input_s=0.164816 pprf_setup_s=0.047286 setup_s=0.212103 expand_p0_s=0.000000 expand_p1_s=0.001403 total_s=0.213505 verify_s=0.000000 bytes_sent_by_role=121064 bytes_received_by_role=16803560 total_socket_bytes=16924624 harness_metadata_bytes=144 verification_opening_bytes=0 split_input_bytes=16812104 pprf_bytes=112376 clean_protocol_bytes=16924480 entries=65536 entries_per_s=306952.580181 bytes_per_entry=258.247070 pprf_instances=2 default_base_ot_calls=2 notes=tcp_two_process; p1_noisy_vole_sender; real_libOTe_NoisyVole_split_input_length_2t; F=array<u64,M>; G=u64; vector_fixed_prime_setup; local_expand PASS
[client exit=0]

$ /home/cyy/pcg-experiments/mVOLE-local-final-bench/build-final/main --RMVOLE_NET_BENCH server 0.0.0.0 19620 12 64 32 1 bench split-input-vole &
$ /home/cyy/pcg-experiments/mVOLE-local-final-bench/build-final/main --RMVOLE_NET_BENCH client 127.0.0.1 19620 12 64 32 1 bench split-input-vole
[server]
RMVOLE_NET_BENCH mode=bench setup_mode=split-input-vole role=receiver-server-p0 network=tcp-loopback address=0.0.0.0:19620 logN=12 N=4096 t=64 m=32 blockSize=64 reps=1 split_input_s=0.301841 pprf_setup_s=0.137503 setup_s=0.439344 expand_p0_s=0.004609 expand_p1_s=0.000000 total_s=0.443953 verify_s=0.000000 bytes_sent_by_role=67135336 bytes_received_by_role=221416 total_socket_bytes=67356752 harness_metadata_bytes=272 verification_opening_bytes=0 split_input_bytes=67178568 pprf_bytes=177912 clean_protocol_bytes=67356480 entries=131072 entries_per_s=295238.412231 bytes_per_entry=513.889160 pprf_instances=2 default_base_ot_calls=2 notes=tcp_two_process; p0_noisy_vole_receiver; real_libOTe_NoisyVole_split_input_length_2t; F=array<u64,M>; G=u64; vector_fixed_prime_setup; local_expand PASS
[server exit=0]
[client]
RMVOLE_NET_BENCH mode=bench setup_mode=split-input-vole role=sender-client-p1 network=tcp-loopback address=127.0.0.1:19620 logN=12 N=4096 t=64 m=32 blockSize=64 reps=1 split_input_s=0.412225 pprf_setup_s=0.050937 setup_s=0.463162 expand_p0_s=0.000000 expand_p1_s=0.004584 total_s=0.467746 verify_s=0.000000 bytes_sent_by_role=221416 bytes_received_by_role=67135336 total_socket_bytes=67356752 harness_metadata_bytes=272 verification_opening_bytes=0 split_input_bytes=67178568 pprf_bytes=177912 clean_protocol_bytes=67356480 entries=131072 entries_per_s=280220.528323 bytes_per_entry=513.889160 pprf_instances=2 default_base_ot_calls=2 notes=tcp_two_process; p1_noisy_vole_sender; real_libOTe_NoisyVole_split_input_length_2t; F=array<u64,M>; G=u64; vector_fixed_prime_setup; local_expand PASS
[client exit=0]

$ /home/cyy/pcg-experiments/mVOLE-local-final-bench/build-final/main --RMVOLE_NET_BENCH server 0.0.0.0 19620 12 64 32 1 bench split-input-vole &
$ /home/cyy/pcg-experiments/mVOLE-local-final-bench/build-final/main --RMVOLE_NET_BENCH client 127.0.0.1 19620 12 64 32 1 bench split-input-vole
[server]
RMVOLE_NET_BENCH mode=bench setup_mode=split-input-vole role=receiver-server-p0 network=tcp-loopback address=0.0.0.0:19620 logN=12 N=4096 t=64 m=32 blockSize=64 reps=1 split_input_s=0.299616 pprf_setup_s=0.136625 setup_s=0.436241 expand_p0_s=0.004646 expand_p1_s=0.000000 total_s=0.440887 verify_s=0.000000 bytes_sent_by_role=67135336 bytes_received_by_role=221416 total_socket_bytes=67356752 harness_metadata_bytes=272 verification_opening_bytes=0 split_input_bytes=67178568 pprf_bytes=177912 clean_protocol_bytes=67356480 entries=131072 entries_per_s=297291.546998 bytes_per_entry=513.889160 pprf_instances=2 default_base_ot_calls=2 notes=tcp_two_process; p0_noisy_vole_receiver; real_libOTe_NoisyVole_split_input_length_2t; F=array<u64,M>; G=u64; vector_fixed_prime_setup; local_expand PASS
[server exit=0]
[client]
RMVOLE_NET_BENCH mode=bench setup_mode=split-input-vole role=sender-client-p1 network=tcp-loopback address=127.0.0.1:19620 logN=12 N=4096 t=64 m=32 blockSize=64 reps=1 split_input_s=0.410670 pprf_setup_s=0.049997 setup_s=0.460667 expand_p0_s=0.000000 expand_p1_s=0.004597 total_s=0.465264 verify_s=0.000000 bytes_sent_by_role=221416 bytes_received_by_role=67135336 total_socket_bytes=67356752 harness_metadata_bytes=272 verification_opening_bytes=0 split_input_bytes=67178568 pprf_bytes=177912 clean_protocol_bytes=67356480 entries=131072 entries_per_s=281715.368379 bytes_per_entry=513.889160 pprf_instances=2 default_base_ot_calls=2 notes=tcp_two_process; p1_noisy_vole_sender; real_libOTe_NoisyVole_split_input_length_2t; F=array<u64,M>; G=u64; vector_fixed_prime_setup; local_expand PASS
[client exit=0]

$ /home/cyy/pcg-experiments/mVOLE-local-final-bench/build-final/main --RMVOLE_NET_BENCH server 0.0.0.0 19580 14 64 8 1 bench split-input-vole &
$ /home/cyy/pcg-experiments/mVOLE-local-final-bench/build-final/main --RMVOLE_NET_BENCH client 127.0.0.1 19580 14 64 8 1 bench split-input-vole
[server]
RMVOLE_NET_BENCH mode=bench setup_mode=split-input-vole role=receiver-server-p0 network=tcp-loopback address=0.0.0.0:19580 logN=14 N=16384 t=64 m=8 blockSize=256 reps=1 split_input_s=0.047398 pprf_setup_s=0.073716 setup_s=0.121113 expand_p0_s=0.003274 expand_p1_s=0.000000 total_s=0.124388 verify_s=0.000000 bytes_sent_by_role=4229288 bytes_received_by_role=79080 total_socket_bytes=4308368 harness_metadata_bytes=80 verification_opening_bytes=0 split_input_bytes=4211784 pprf_bytes=96504 clean_protocol_bytes=4308288 entries=131072 entries_per_s=1053738.087031 bytes_per_entry=32.869629 pprf_instances=2 default_base_ot_calls=2 notes=tcp_two_process; p0_noisy_vole_receiver; real_libOTe_NoisyVole_split_input_length_2t; F=array<u64,M>; G=u64; vector_fixed_prime_setup; local_expand PASS
[server exit=0]
[client]
RMVOLE_NET_BENCH mode=bench setup_mode=split-input-vole role=sender-client-p1 network=tcp-loopback address=127.0.0.1:19580 logN=14 N=16384 t=64 m=8 blockSize=256 reps=1 split_input_s=0.061256 pprf_setup_s=0.064749 setup_s=0.126005 expand_p0_s=0.000000 expand_p1_s=0.003011 total_s=0.129015 verify_s=0.000000 bytes_sent_by_role=79080 bytes_received_by_role=4229288 total_socket_bytes=4308368 harness_metadata_bytes=80 verification_opening_bytes=0 split_input_bytes=4211784 pprf_bytes=96504 clean_protocol_bytes=4308288 entries=131072 entries_per_s=1015941.183097 bytes_per_entry=32.869629 pprf_instances=2 default_base_ot_calls=2 notes=tcp_two_process; p1_noisy_vole_sender; real_libOTe_NoisyVole_split_input_length_2t; F=array<u64,M>; G=u64; vector_fixed_prime_setup; local_expand PASS
[client exit=0]

$ /home/cyy/pcg-experiments/mVOLE-local-final-bench/build-final/main --RMVOLE_NET_BENCH server 0.0.0.0 19580 14 64 8 1 bench split-input-vole &
$ /home/cyy/pcg-experiments/mVOLE-local-final-bench/build-final/main --RMVOLE_NET_BENCH client 127.0.0.1 19580 14 64 8 1 bench split-input-vole
[server]
RMVOLE_NET_BENCH mode=bench setup_mode=split-input-vole role=receiver-server-p0 network=tcp-loopback address=0.0.0.0:19580 logN=14 N=16384 t=64 m=8 blockSize=256 reps=1 split_input_s=0.050376 pprf_setup_s=0.080633 setup_s=0.131009 expand_p0_s=0.004954 expand_p1_s=0.000000 total_s=0.135964 verify_s=0.000000 bytes_sent_by_role=4229288 bytes_received_by_role=79080 total_socket_bytes=4308368 harness_metadata_bytes=80 verification_opening_bytes=0 split_input_bytes=4211784 pprf_bytes=96504 clean_protocol_bytes=4308288 entries=131072 entries_per_s=964021.233761 bytes_per_entry=32.869629 pprf_instances=2 default_base_ot_calls=2 notes=tcp_two_process; p0_noisy_vole_receiver; real_libOTe_NoisyVole_split_input_length_2t; F=array<u64,M>; G=u64; vector_fixed_prime_setup; local_expand PASS
[server exit=0]
[client]
RMVOLE_NET_BENCH mode=bench setup_mode=split-input-vole role=sender-client-p1 network=tcp-loopback address=127.0.0.1:19580 logN=14 N=16384 t=64 m=8 blockSize=256 reps=1 split_input_s=0.065200 pprf_setup_s=0.071905 setup_s=0.137105 expand_p0_s=0.000000 expand_p1_s=0.004682 total_s=0.141787 verify_s=0.000000 bytes_sent_by_role=79080 bytes_received_by_role=4229288 total_socket_bytes=4308368 harness_metadata_bytes=80 verification_opening_bytes=0 split_input_bytes=4211784 pprf_bytes=96504 clean_protocol_bytes=4308288 entries=131072 entries_per_s=924430.780729 bytes_per_entry=32.869629 pprf_instances=2 default_base_ot_calls=2 notes=tcp_two_process; p1_noisy_vole_sender; real_libOTe_NoisyVole_split_input_length_2t; F=array<u64,M>; G=u64; vector_fixed_prime_setup; local_expand PASS
[client exit=0]

$ /home/cyy/pcg-experiments/mVOLE-local-final-bench/build-final/main --RMVOLE_NET_BENCH server 0.0.0.0 19660 14 64 16 1 bench split-input-vole &
$ /home/cyy/pcg-experiments/mVOLE-local-final-bench/build-final/main --RMVOLE_NET_BENCH client 127.0.0.1 19660 14 64 16 1 bench split-input-vole
[server]
RMVOLE_NET_BENCH mode=bench setup_mode=split-input-vole role=receiver-server-p0 network=tcp-loopback address=0.0.0.0:19660 logN=14 N=16384 t=64 m=16 blockSize=256 reps=1 split_input_s=0.123477 pprf_setup_s=0.100294 setup_s=0.223771 expand_p0_s=0.006301 expand_p1_s=0.000000 total_s=0.230073 verify_s=0.000000 bytes_sent_by_role=16812264 bytes_received_by_role=129256 total_socket_bytes=16941520 harness_metadata_bytes=144 verification_opening_bytes=0 split_input_bytes=16812104 pprf_bytes=129272 clean_protocol_bytes=16941376 entries=262144 entries_per_s=1139397.032035 bytes_per_entry=64.626221 pprf_instances=2 default_base_ot_calls=2 notes=tcp_two_process; p0_noisy_vole_receiver; real_libOTe_NoisyVole_split_input_length_2t; F=array<u64,M>; G=u64; vector_fixed_prime_setup; local_expand PASS
[server exit=0]
[client]
RMVOLE_NET_BENCH mode=bench setup_mode=split-input-vole role=sender-client-p1 network=tcp-loopback address=127.0.0.1:19660 logN=14 N=16384 t=64 m=16 blockSize=256 reps=1 split_input_s=0.167275 pprf_setup_s=0.065273 setup_s=0.232547 expand_p0_s=0.000000 expand_p1_s=0.005987 total_s=0.238535 verify_s=0.000000 bytes_sent_by_role=129256 bytes_received_by_role=16812264 total_socket_bytes=16941520 harness_metadata_bytes=144 verification_opening_bytes=0 split_input_bytes=16812104 pprf_bytes=129272 clean_protocol_bytes=16941376 entries=262144 entries_per_s=1098975.445812 bytes_per_entry=64.626221 pprf_instances=2 default_base_ot_calls=2 notes=tcp_two_process; p1_noisy_vole_sender; real_libOTe_NoisyVole_split_input_length_2t; F=array<u64,M>; G=u64; vector_fixed_prime_setup; local_expand PASS
[client exit=0]

$ /home/cyy/pcg-experiments/mVOLE-local-final-bench/build-final/main --RMVOLE_NET_BENCH server 0.0.0.0 19660 14 64 16 1 bench split-input-vole &
$ /home/cyy/pcg-experiments/mVOLE-local-final-bench/build-final/main --RMVOLE_NET_BENCH client 127.0.0.1 19660 14 64 16 1 bench split-input-vole
[server]
RMVOLE_NET_BENCH mode=bench setup_mode=split-input-vole role=receiver-server-p0 network=tcp-loopback address=0.0.0.0:19660 logN=14 N=16384 t=64 m=16 blockSize=256 reps=1 split_input_s=0.123695 pprf_setup_s=0.100826 setup_s=0.224521 expand_p0_s=0.009697 expand_p1_s=0.000000 total_s=0.234218 verify_s=0.000000 bytes_sent_by_role=16812264 bytes_received_by_role=129256 total_socket_bytes=16941520 harness_metadata_bytes=144 verification_opening_bytes=0 split_input_bytes=16812104 pprf_bytes=129272 clean_protocol_bytes=16941376 entries=262144 entries_per_s=1119229.961097 bytes_per_entry=64.626221 pprf_instances=2 default_base_ot_calls=2 notes=tcp_two_process; p0_noisy_vole_receiver; real_libOTe_NoisyVole_split_input_length_2t; F=array<u64,M>; G=u64; vector_fixed_prime_setup; local_expand PASS
[server exit=0]
[client]
RMVOLE_NET_BENCH mode=bench setup_mode=split-input-vole role=sender-client-p1 network=tcp-loopback address=127.0.0.1:19660 logN=14 N=16384 t=64 m=16 blockSize=256 reps=1 split_input_s=0.170071 pprf_setup_s=0.065299 setup_s=0.235369 expand_p0_s=0.000000 expand_p1_s=0.009416 total_s=0.244785 verify_s=0.000000 bytes_sent_by_role=129256 bytes_received_by_role=16812264 total_socket_bytes=16941520 harness_metadata_bytes=144 verification_opening_bytes=0 split_input_bytes=16812104 pprf_bytes=129272 clean_protocol_bytes=16941376 entries=262144 entries_per_s=1070915.173377 bytes_per_entry=64.626221 pprf_instances=2 default_base_ot_calls=2 notes=tcp_two_process; p1_noisy_vole_sender; real_libOTe_NoisyVole_split_input_length_2t; F=array<u64,M>; G=u64; vector_fixed_prime_setup; local_expand PASS
[client exit=0]

$ /home/cyy/pcg-experiments/mVOLE-local-final-bench/build-final/main --RMVOLE_NET_BENCH server 0.0.0.0 19820 14 64 32 1 bench split-input-vole &
$ /home/cyy/pcg-experiments/mVOLE-local-final-bench/build-final/main --RMVOLE_NET_BENCH client 127.0.0.1 19820 14 64 32 1 bench split-input-vole
[server]
RMVOLE_NET_BENCH mode=bench setup_mode=split-input-vole role=receiver-server-p0 network=tcp-loopback address=0.0.0.0:19820 logN=14 N=16384 t=64 m=32 blockSize=256 reps=1 split_input_s=0.300212 pprf_setup_s=0.158073 setup_s=0.458285 expand_p0_s=0.012400 expand_p1_s=0.000000 total_s=0.470685 verify_s=0.000000 bytes_sent_by_role=67144040 bytes_received_by_role=229608 total_socket_bytes=67373648 harness_metadata_bytes=272 verification_opening_bytes=0 split_input_bytes=67178568 pprf_bytes=194808 clean_protocol_bytes=67373376 entries=524288 entries_per_s=1113882.198388 bytes_per_entry=128.504517 pprf_instances=2 default_base_ot_calls=2 notes=tcp_two_process; p0_noisy_vole_receiver; real_libOTe_NoisyVole_split_input_length_2t; F=array<u64,M>; G=u64; vector_fixed_prime_setup; local_expand PASS
[server exit=0]
[client]
RMVOLE_NET_BENCH mode=bench setup_mode=split-input-vole role=sender-client-p1 network=tcp-loopback address=127.0.0.1:19820 logN=14 N=16384 t=64 m=32 blockSize=256 reps=1 split_input_s=0.412954 pprf_setup_s=0.071238 setup_s=0.484192 expand_p0_s=0.000000 expand_p1_s=0.012089 total_s=0.496281 verify_s=0.000000 bytes_sent_by_role=229608 bytes_received_by_role=67144040 total_socket_bytes=67373648 harness_metadata_bytes=272 verification_opening_bytes=0 split_input_bytes=67178568 pprf_bytes=194808 clean_protocol_bytes=67373376 entries=524288 entries_per_s=1056432.762826 bytes_per_entry=128.504517 pprf_instances=2 default_base_ot_calls=2 notes=tcp_two_process; p1_noisy_vole_sender; real_libOTe_NoisyVole_split_input_length_2t; F=array<u64,M>; G=u64; vector_fixed_prime_setup; local_expand PASS
[client exit=0]

$ /home/cyy/pcg-experiments/mVOLE-local-final-bench/build-final/main --RMVOLE_NET_BENCH server 0.0.0.0 19820 14 64 32 1 bench split-input-vole &
$ /home/cyy/pcg-experiments/mVOLE-local-final-bench/build-final/main --RMVOLE_NET_BENCH client 127.0.0.1 19820 14 64 32 1 bench split-input-vole
[server]
RMVOLE_NET_BENCH mode=bench setup_mode=split-input-vole role=receiver-server-p0 network=tcp-loopback address=0.0.0.0:19820 logN=14 N=16384 t=64 m=32 blockSize=256 reps=1 split_input_s=0.297609 pprf_setup_s=0.159188 setup_s=0.456797 expand_p0_s=0.012304 expand_p1_s=0.000000 total_s=0.469100 verify_s=0.000000 bytes_sent_by_role=67144040 bytes_received_by_role=229608 total_socket_bytes=67373648 harness_metadata_bytes=272 verification_opening_bytes=0 split_input_bytes=67178568 pprf_bytes=194808 clean_protocol_bytes=67373376 entries=524288 entries_per_s=1117645.575679 bytes_per_entry=128.504517 pprf_instances=2 default_base_ot_calls=2 notes=tcp_two_process; p0_noisy_vole_receiver; real_libOTe_NoisyVole_split_input_length_2t; F=array<u64,M>; G=u64; vector_fixed_prime_setup; local_expand PASS
[server exit=0]
[client]
RMVOLE_NET_BENCH mode=bench setup_mode=split-input-vole role=sender-client-p1 network=tcp-loopback address=127.0.0.1:19820 logN=14 N=16384 t=64 m=32 blockSize=256 reps=1 split_input_s=0.410292 pprf_setup_s=0.072139 setup_s=0.482432 expand_p0_s=0.000000 expand_p1_s=0.011968 total_s=0.494399 verify_s=0.000000 bytes_sent_by_role=229608 bytes_received_by_role=67144040 total_socket_bytes=67373648 harness_metadata_bytes=272 verification_opening_bytes=0 split_input_bytes=67178568 pprf_bytes=194808 clean_protocol_bytes=67373376 entries=524288 entries_per_s=1060455.097100 bytes_per_entry=128.504517 pprf_instances=2 default_base_ot_calls=2 notes=tcp_two_process; p1_noisy_vole_sender; real_libOTe_NoisyVole_split_input_length_2t; F=array<u64,M>; G=u64; vector_fixed_prime_setup; local_expand PASS
[client exit=0]

$ /home/cyy/pcg-experiments/mVOLE-local-final-bench/build-final/main --RMVOLE_NET_BENCH server 0.0.0.0 19780 16 64 8 1 bench split-input-vole &
$ /home/cyy/pcg-experiments/mVOLE-local-final-bench/build-final/main --RMVOLE_NET_BENCH client 127.0.0.1 19780 16 64 8 1 bench split-input-vole
[server]
RMVOLE_NET_BENCH mode=bench setup_mode=split-input-vole role=receiver-server-p0 network=tcp-loopback address=0.0.0.0:19780 logN=16 N=65536 t=64 m=8 blockSize=1024 reps=1 split_input_s=0.047353 pprf_setup_s=0.093474 setup_s=0.140827 expand_p0_s=0.013847 expand_p1_s=0.000000 total_s=0.154675 verify_s=0.000000 bytes_sent_by_role=4237992 bytes_received_by_role=87272 total_socket_bytes=4325264 harness_metadata_bytes=80 verification_opening_bytes=0 split_input_bytes=4211784 pprf_bytes=113400 clean_protocol_bytes=4325184 entries=524288 entries_per_s=3389618.364413 bytes_per_entry=8.249634 pprf_instances=2 default_base_ot_calls=2 notes=tcp_two_process; p0_noisy_vole_receiver; real_libOTe_NoisyVole_split_input_length_2t; F=array<u64,M>; G=u64; vector_fixed_prime_setup; local_expand PASS
[server exit=0]
[client]
RMVOLE_NET_BENCH mode=bench setup_mode=split-input-vole role=sender-client-p1 network=tcp-loopback address=127.0.0.1:19780 logN=16 N=65536 t=64 m=8 blockSize=1024 reps=1 split_input_s=0.072145 pprf_setup_s=0.084054 setup_s=0.156199 expand_p0_s=0.000000 expand_p1_s=0.012779 total_s=0.168978 verify_s=0.000000 bytes_sent_by_role=87272 bytes_received_by_role=4237992 total_socket_bytes=4325264 harness_metadata_bytes=80 verification_opening_bytes=0 split_input_bytes=4211784 pprf_bytes=113400 clean_protocol_bytes=4325184 entries=524288 entries_per_s=3102691.922335 bytes_per_entry=8.249634 pprf_instances=2 default_base_ot_calls=2 notes=tcp_two_process; p1_noisy_vole_sender; real_libOTe_NoisyVole_split_input_length_2t; F=array<u64,M>; G=u64; vector_fixed_prime_setup; local_expand PASS
[client exit=0]

$ /home/cyy/pcg-experiments/mVOLE-local-final-bench/build-final/main --RMVOLE_NET_BENCH server 0.0.0.0 19780 16 64 8 1 bench split-input-vole &
$ /home/cyy/pcg-experiments/mVOLE-local-final-bench/build-final/main --RMVOLE_NET_BENCH client 127.0.0.1 19780 16 64 8 1 bench split-input-vole
[server]
RMVOLE_NET_BENCH mode=bench setup_mode=split-input-vole role=receiver-server-p0 network=tcp-loopback address=0.0.0.0:19780 logN=16 N=65536 t=64 m=8 blockSize=1024 reps=1 split_input_s=0.047302 pprf_setup_s=0.105561 setup_s=0.152863 expand_p0_s=0.013935 expand_p1_s=0.000000 total_s=0.166799 verify_s=0.000000 bytes_sent_by_role=4237992 bytes_received_by_role=87272 total_socket_bytes=4325264 harness_metadata_bytes=80 verification_opening_bytes=0 split_input_bytes=4211784 pprf_bytes=113400 clean_protocol_bytes=4325184 entries=524288 entries_per_s=3143237.437767 bytes_per_entry=8.249634 pprf_instances=2 default_base_ot_calls=2 notes=tcp_two_process; p0_noisy_vole_receiver; real_libOTe_NoisyVole_split_input_length_2t; F=array<u64,M>; G=u64; vector_fixed_prime_setup; local_expand PASS
[server exit=0]
[client]
RMVOLE_NET_BENCH mode=bench setup_mode=split-input-vole role=sender-client-p1 network=tcp-loopback address=127.0.0.1:19780 logN=16 N=65536 t=64 m=8 blockSize=1024 reps=1 split_input_s=0.072086 pprf_setup_s=0.096157 setup_s=0.168243 expand_p0_s=0.000000 expand_p1_s=0.012863 total_s=0.181106 verify_s=0.000000 bytes_sent_by_role=87272 bytes_received_by_role=4237992 total_socket_bytes=4325264 harness_metadata_bytes=80 verification_opening_bytes=0 split_input_bytes=4211784 pprf_bytes=113400 clean_protocol_bytes=4325184 entries=524288 entries_per_s=2894921.212164 bytes_per_entry=8.249634 pprf_instances=2 default_base_ot_calls=2 notes=tcp_two_process; p1_noisy_vole_sender; real_libOTe_NoisyVole_split_input_length_2t; F=array<u64,M>; G=u64; vector_fixed_prime_setup; local_expand PASS
[client exit=0]

$ /home/cyy/pcg-experiments/mVOLE-local-final-bench/build-final/main --RMVOLE_NET_BENCH server 0.0.0.0 19860 16 64 16 1 bench split-input-vole &
$ /home/cyy/pcg-experiments/mVOLE-local-final-bench/build-final/main --RMVOLE_NET_BENCH client 127.0.0.1 19860 16 64 16 1 bench split-input-vole
[server]
RMVOLE_NET_BENCH mode=bench setup_mode=split-input-vole role=receiver-server-p0 network=tcp-loopback address=0.0.0.0:19860 logN=16 N=65536 t=64 m=16 blockSize=1024 reps=1 split_input_s=0.123744 pprf_setup_s=0.132155 setup_s=0.255899 expand_p0_s=0.026455 expand_p1_s=0.000000 total_s=0.282355 verify_s=0.000000 bytes_sent_by_role=16820968 bytes_received_by_role=137448 total_socket_bytes=16958416 harness_metadata_bytes=144 verification_opening_bytes=0 split_input_bytes=16812104 pprf_bytes=146168 clean_protocol_bytes=16958272 entries=1048576 entries_per_s=3713685.880387 bytes_per_entry=16.172668 pprf_instances=2 default_base_ot_calls=2 notes=tcp_two_process; p0_noisy_vole_receiver; real_libOTe_NoisyVole_split_input_length_2t; F=array<u64,M>; G=u64; vector_fixed_prime_setup; local_expand PASS
[server exit=0]
[client]
RMVOLE_NET_BENCH mode=bench setup_mode=split-input-vole role=sender-client-p1 network=tcp-loopback address=127.0.0.1:19860 logN=16 N=65536 t=64 m=16 blockSize=1024 reps=1 split_input_s=0.179315 pprf_setup_s=0.096836 setup_s=0.276150 expand_p0_s=0.000000 expand_p1_s=0.025429 total_s=0.301579 verify_s=0.000000 bytes_sent_by_role=137448 bytes_received_by_role=16820968 total_socket_bytes=16958416 harness_metadata_bytes=144 verification_opening_bytes=0 split_input_bytes=16812104 pprf_bytes=146168 clean_protocol_bytes=16958272 entries=1048576 entries_per_s=3476950.920458 bytes_per_entry=16.172668 pprf_instances=2 default_base_ot_calls=2 notes=tcp_two_process; p1_noisy_vole_sender; real_libOTe_NoisyVole_split_input_length_2t; F=array<u64,M>; G=u64; vector_fixed_prime_setup; local_expand PASS
[client exit=0]

$ /home/cyy/pcg-experiments/mVOLE-local-final-bench/build-final/main --RMVOLE_NET_BENCH server 0.0.0.0 19860 16 64 16 1 bench split-input-vole &
$ /home/cyy/pcg-experiments/mVOLE-local-final-bench/build-final/main --RMVOLE_NET_BENCH client 127.0.0.1 19860 16 64 16 1 bench split-input-vole
[server]
RMVOLE_NET_BENCH mode=bench setup_mode=split-input-vole role=receiver-server-p0 network=tcp-loopback address=0.0.0.0:19860 logN=16 N=65536 t=64 m=16 blockSize=1024 reps=1 split_input_s=0.124116 pprf_setup_s=0.158066 setup_s=0.282182 expand_p0_s=0.026410 expand_p1_s=0.000000 total_s=0.308592 verify_s=0.000000 bytes_sent_by_role=16820968 bytes_received_by_role=137448 total_socket_bytes=16958416 harness_metadata_bytes=144 verification_opening_bytes=0 split_input_bytes=16812104 pprf_bytes=146168 clean_protocol_bytes=16958272 entries=1048576 entries_per_s=3397939.043243 bytes_per_entry=16.172668 pprf_instances=2 default_base_ot_calls=2 notes=tcp_two_process; p0_noisy_vole_receiver; real_libOTe_NoisyVole_split_input_length_2t; F=array<u64,M>; G=u64; vector_fixed_prime_setup; local_expand PASS
[server exit=0]
[client]
RMVOLE_NET_BENCH mode=bench setup_mode=split-input-vole role=sender-client-p1 network=tcp-loopback address=127.0.0.1:19860 logN=16 N=65536 t=64 m=16 blockSize=1024 reps=1 split_input_s=0.179559 pprf_setup_s=0.122559 setup_s=0.302118 expand_p0_s=0.000000 expand_p1_s=0.025382 total_s=0.327500 verify_s=0.000000 bytes_sent_by_role=137448 bytes_received_by_role=16820968 total_socket_bytes=16958416 harness_metadata_bytes=144 verification_opening_bytes=0 split_input_bytes=16812104 pprf_bytes=146168 clean_protocol_bytes=16958272 entries=1048576 entries_per_s=3201754.459336 bytes_per_entry=16.172668 pprf_instances=2 default_base_ot_calls=2 notes=tcp_two_process; p1_noisy_vole_sender; real_libOTe_NoisyVole_split_input_length_2t; F=array<u64,M>; G=u64; vector_fixed_prime_setup; local_expand PASS
[client exit=0]

$ /home/cyy/pcg-experiments/mVOLE-local-final-bench/build-final/main --RMVOLE_NET_BENCH server 0.0.0.0 20020 16 64 32 1 bench split-input-vole &
$ /home/cyy/pcg-experiments/mVOLE-local-final-bench/build-final/main --RMVOLE_NET_BENCH client 127.0.0.1 20020 16 64 32 1 bench split-input-vole
[server]
RMVOLE_NET_BENCH mode=bench setup_mode=split-input-vole role=receiver-server-p0 network=tcp-loopback address=0.0.0.0:20020 logN=16 N=65536 t=64 m=32 blockSize=1024 reps=1 split_input_s=0.299017 pprf_setup_s=0.206581 setup_s=0.505598 expand_p0_s=0.052444 expand_p1_s=0.000000 total_s=0.558042 verify_s=0.000000 bytes_sent_by_role=67152744 bytes_received_by_role=237800 total_socket_bytes=67390544 harness_metadata_bytes=272 verification_opening_bytes=0 split_input_bytes=67178568 pprf_bytes=211704 clean_protocol_bytes=67390272 entries=2097152 entries_per_s=3758052.288997 bytes_per_entry=32.134186 pprf_instances=2 default_base_ot_calls=2 notes=tcp_two_process; p0_noisy_vole_receiver; real_libOTe_NoisyVole_split_input_length_2t; F=array<u64,M>; G=u64; vector_fixed_prime_setup; local_expand PASS
[server exit=0]
[client]
RMVOLE_NET_BENCH mode=bench setup_mode=split-input-vole role=sender-client-p1 network=tcp-loopback address=127.0.0.1:20020 logN=16 N=65536 t=64 m=32 blockSize=1024 reps=1 split_input_s=0.427399 pprf_setup_s=0.118245 setup_s=0.545644 expand_p0_s=0.000000 expand_p1_s=0.051695 total_s=0.597338 verify_s=0.000000 bytes_sent_by_role=237800 bytes_received_by_role=67152744 total_socket_bytes=67390544 harness_metadata_bytes=272 verification_opening_bytes=0 split_input_bytes=67178568 pprf_bytes=211704 clean_protocol_bytes=67390272 entries=2097152 entries_per_s=3510827.635354 bytes_per_entry=32.134186 pprf_instances=2 default_base_ot_calls=2 notes=tcp_two_process; p1_noisy_vole_sender; real_libOTe_NoisyVole_split_input_length_2t; F=array<u64,M>; G=u64; vector_fixed_prime_setup; local_expand PASS
[client exit=0]

$ /home/cyy/pcg-experiments/mVOLE-local-final-bench/build-final/main --RMVOLE_NET_BENCH server 0.0.0.0 20020 16 64 32 1 bench split-input-vole &
$ /home/cyy/pcg-experiments/mVOLE-local-final-bench/build-final/main --RMVOLE_NET_BENCH client 127.0.0.1 20020 16 64 32 1 bench split-input-vole
[server]
RMVOLE_NET_BENCH mode=bench setup_mode=split-input-vole role=receiver-server-p0 network=tcp-loopback address=0.0.0.0:20020 logN=16 N=65536 t=64 m=32 blockSize=1024 reps=1 split_input_s=0.298657 pprf_setup_s=0.207577 setup_s=0.506234 expand_p0_s=0.080353 expand_p1_s=0.000000 total_s=0.586588 verify_s=0.000000 bytes_sent_by_role=67152744 bytes_received_by_role=237800 total_socket_bytes=67390544 harness_metadata_bytes=272 verification_opening_bytes=0 split_input_bytes=67178568 pprf_bytes=211704 clean_protocol_bytes=67390272 entries=2097152 entries_per_s=3575171.795853 bytes_per_entry=32.134186 pprf_instances=2 default_base_ot_calls=2 notes=tcp_two_process; p0_noisy_vole_receiver; real_libOTe_NoisyVole_split_input_length_2t; F=array<u64,M>; G=u64; vector_fixed_prime_setup; local_expand PASS
[server exit=0]
[client]
RMVOLE_NET_BENCH mode=bench setup_mode=split-input-vole role=sender-client-p1 network=tcp-loopback address=127.0.0.1:20020 logN=16 N=65536 t=64 m=32 blockSize=1024 reps=1 split_input_s=0.431210 pprf_setup_s=0.118474 setup_s=0.549684 expand_p0_s=0.000000 expand_p1_s=0.080295 total_s=0.629980 verify_s=0.000000 bytes_sent_by_role=237800 bytes_received_by_role=67152744 total_socket_bytes=67390544 harness_metadata_bytes=272 verification_opening_bytes=0 split_input_bytes=67178568 pprf_bytes=211704 clean_protocol_bytes=67390272 entries=2097152 entries_per_s=3328920.729661 bytes_per_entry=32.134186 pprf_instances=2 default_base_ot_calls=2 notes=tcp_two_process; p1_noisy_vole_sender; real_libOTe_NoisyVole_split_input_length_2t; F=array<u64,M>; G=u64; vector_fixed_prime_setup; local_expand PASS
[client exit=0]

$ /home/cyy/pcg-experiments/mVOLE-local-final-bench/build-final/main --RMVOLE_NET_BENCH server 0.0.0.0 19980 18 64 8 1 bench split-input-vole &
$ /home/cyy/pcg-experiments/mVOLE-local-final-bench/build-final/main --RMVOLE_NET_BENCH client 127.0.0.1 19980 18 64 8 1 bench split-input-vole
[server]
RMVOLE_NET_BENCH mode=bench setup_mode=split-input-vole role=receiver-server-p0 network=tcp-loopback address=0.0.0.0:19980 logN=18 N=262144 t=64 m=8 blockSize=4096 reps=1 split_input_s=0.050934 pprf_setup_s=0.159137 setup_s=0.210072 expand_p0_s=0.097684 expand_p1_s=0.000000 total_s=0.307756 verify_s=0.000000 bytes_sent_by_role=4246696 bytes_received_by_role=95464 total_socket_bytes=4342160 harness_metadata_bytes=80 verification_opening_bytes=0 split_input_bytes=4211784 pprf_bytes=130296 clean_protocol_bytes=4342080 entries=2097152 entries_per_s=6814340.336743 bytes_per_entry=2.070465 pprf_instances=2 default_base_ot_calls=2 notes=tcp_two_process; p0_noisy_vole_receiver; real_libOTe_NoisyVole_split_input_length_2t; F=array<u64,M>; G=u64; vector_fixed_prime_setup; local_expand PASS
[server exit=0]
[client]
RMVOLE_NET_BENCH mode=bench setup_mode=split-input-vole role=sender-client-p1 network=tcp-loopback address=127.0.0.1:19980 logN=18 N=262144 t=64 m=8 blockSize=4096 reps=1 split_input_s=0.134741 pprf_setup_s=0.147701 setup_s=0.282442 expand_p0_s=0.000000 expand_p1_s=0.095161 total_s=0.377603 verify_s=0.000000 bytes_sent_by_role=95464 bytes_received_by_role=4246696 total_socket_bytes=4342160 harness_metadata_bytes=80 verification_opening_bytes=0 split_input_bytes=4211784 pprf_bytes=130296 clean_protocol_bytes=4342080 entries=2097152 entries_per_s=5553852.823636 bytes_per_entry=2.070465 pprf_instances=2 default_base_ot_calls=2 notes=tcp_two_process; p1_noisy_vole_sender; real_libOTe_NoisyVole_split_input_length_2t; F=array<u64,M>; G=u64; vector_fixed_prime_setup; local_expand PASS
[client exit=0]

$ /home/cyy/pcg-experiments/mVOLE-local-final-bench/build-final/main --RMVOLE_NET_BENCH server 0.0.0.0 19980 18 64 8 1 bench split-input-vole &
$ /home/cyy/pcg-experiments/mVOLE-local-final-bench/build-final/main --RMVOLE_NET_BENCH client 127.0.0.1 19980 18 64 8 1 bench split-input-vole
[server]
RMVOLE_NET_BENCH mode=bench setup_mode=split-input-vole role=receiver-server-p0 network=tcp-loopback address=0.0.0.0:19980 logN=18 N=262144 t=64 m=8 blockSize=4096 reps=1 split_input_s=0.047653 pprf_setup_s=0.147595 setup_s=0.195248 expand_p0_s=0.069268 expand_p1_s=0.000000 total_s=0.264516 verify_s=0.000000 bytes_sent_by_role=4246696 bytes_received_by_role=95464 total_socket_bytes=4342160 harness_metadata_bytes=80 verification_opening_bytes=0 split_input_bytes=4211784 pprf_bytes=130296 clean_protocol_bytes=4342080 entries=2097152 entries_per_s=7928258.073607 bytes_per_entry=2.070465 pprf_instances=2 default_base_ot_calls=2 notes=tcp_two_process; p0_noisy_vole_receiver; real_libOTe_NoisyVole_split_input_length_2t; F=array<u64,M>; G=u64; vector_fixed_prime_setup; local_expand PASS
[server exit=0]
[client]
RMVOLE_NET_BENCH mode=bench setup_mode=split-input-vole role=sender-client-p1 network=tcp-loopback address=127.0.0.1:19980 logN=18 N=262144 t=64 m=8 blockSize=4096 reps=1 split_input_s=0.115291 pprf_setup_s=0.136065 setup_s=0.251356 expand_p0_s=0.000000 expand_p1_s=0.064450 total_s=0.315806 verify_s=0.000000 bytes_sent_by_role=95464 bytes_received_by_role=4246696 total_socket_bytes=4342160 harness_metadata_bytes=80 verification_opening_bytes=0 split_input_bytes=4211784 pprf_bytes=130296 clean_protocol_bytes=4342080 entries=2097152 entries_per_s=6640638.765759 bytes_per_entry=2.070465 pprf_instances=2 default_base_ot_calls=2 notes=tcp_two_process; p1_noisy_vole_sender; real_libOTe_NoisyVole_split_input_length_2t; F=array<u64,M>; G=u64; vector_fixed_prime_setup; local_expand PASS
[client exit=0]

$ /home/cyy/pcg-experiments/mVOLE-local-final-bench/build-final/main --RMVOLE_NET_BENCH server 0.0.0.0 20060 18 64 16 1 bench split-input-vole &
$ /home/cyy/pcg-experiments/mVOLE-local-final-bench/build-final/main --RMVOLE_NET_BENCH client 127.0.0.1 20060 18 64 16 1 bench split-input-vole
[server]
RMVOLE_NET_BENCH mode=bench setup_mode=split-input-vole role=receiver-server-p0 network=tcp-loopback address=0.0.0.0:20060 logN=18 N=262144 t=64 m=16 blockSize=4096 reps=1 split_input_s=0.124345 pprf_setup_s=0.223154 setup_s=0.347500 expand_p0_s=0.148100 expand_p1_s=0.000000 total_s=0.495600 verify_s=0.000000 bytes_sent_by_role=16829672 bytes_received_by_role=145640 total_socket_bytes=16975312 harness_metadata_bytes=144 verification_opening_bytes=0 split_input_bytes=16812104 pprf_bytes=163064 clean_protocol_bytes=16975168 entries=4194304 entries_per_s=8463089.977687 bytes_per_entry=4.047195 pprf_instances=2 default_base_ot_calls=2 notes=tcp_two_process; p0_noisy_vole_receiver; real_libOTe_NoisyVole_split_input_length_2t; F=array<u64,M>; G=u64; vector_fixed_prime_setup; local_expand PASS
[server exit=0]
[client]
RMVOLE_NET_BENCH mode=bench setup_mode=split-input-vole role=sender-client-p1 network=tcp-loopback address=127.0.0.1:20060 logN=18 N=262144 t=64 m=16 blockSize=4096 reps=1 split_input_s=0.224286 pprf_setup_s=0.186068 setup_s=0.410354 expand_p0_s=0.000000 expand_p1_s=0.143599 total_s=0.553953 verify_s=0.000000 bytes_sent_by_role=145640 bytes_received_by_role=16829672 total_socket_bytes=16975312 harness_metadata_bytes=144 verification_opening_bytes=0 split_input_bytes=16812104 pprf_bytes=163064 clean_protocol_bytes=16975168 entries=4194304 entries_per_s=7571589.092878 bytes_per_entry=4.047195 pprf_instances=2 default_base_ot_calls=2 notes=tcp_two_process; p1_noisy_vole_sender; real_libOTe_NoisyVole_split_input_length_2t; F=array<u64,M>; G=u64; vector_fixed_prime_setup; local_expand PASS
[client exit=0]

$ /home/cyy/pcg-experiments/mVOLE-local-final-bench/build-final/main --RMVOLE_NET_BENCH server 0.0.0.0 20060 18 64 16 1 bench split-input-vole &
$ /home/cyy/pcg-experiments/mVOLE-local-final-bench/build-final/main --RMVOLE_NET_BENCH client 127.0.0.1 20060 18 64 16 1 bench split-input-vole
[server]
RMVOLE_NET_BENCH mode=bench setup_mode=split-input-vole role=receiver-server-p0 network=tcp-loopback address=0.0.0.0:20060 logN=18 N=262144 t=64 m=16 blockSize=4096 reps=1 split_input_s=0.123925 pprf_setup_s=0.214688 setup_s=0.338612 expand_p0_s=0.157880 expand_p1_s=0.000000 total_s=0.496492 verify_s=0.000000 bytes_sent_by_role=16829672 bytes_received_by_role=145640 total_socket_bytes=16975312 harness_metadata_bytes=144 verification_opening_bytes=0 split_input_bytes=16812104 pprf_bytes=163064 clean_protocol_bytes=16975168 entries=4194304 entries_per_s=8447878.364667 bytes_per_entry=4.047195 pprf_instances=2 default_base_ot_calls=2 notes=tcp_two_process; p0_noisy_vole_receiver; real_libOTe_NoisyVole_split_input_length_2t; F=array<u64,M>; G=u64; vector_fixed_prime_setup; local_expand PASS
[server exit=0]
[client]
RMVOLE_NET_BENCH mode=bench setup_mode=split-input-vole role=sender-client-p1 network=tcp-loopback address=127.0.0.1:20060 logN=18 N=262144 t=64 m=16 blockSize=4096 reps=1 split_input_s=0.223738 pprf_setup_s=0.176442 setup_s=0.400180 expand_p0_s=0.000000 expand_p1_s=0.142533 total_s=0.542713 verify_s=0.000000 bytes_sent_by_role=145640 bytes_received_by_role=16829672 total_socket_bytes=16975312 harness_metadata_bytes=144 verification_opening_bytes=0 split_input_bytes=16812104 pprf_bytes=163064 clean_protocol_bytes=16975168 entries=4194304 entries_per_s=7728403.779550 bytes_per_entry=4.047195 pprf_instances=2 default_base_ot_calls=2 notes=tcp_two_process; p1_noisy_vole_sender; real_libOTe_NoisyVole_split_input_length_2t; F=array<u64,M>; G=u64; vector_fixed_prime_setup; local_expand PASS
[client exit=0]

$ /home/cyy/pcg-experiments/mVOLE-local-final-bench/build-final/main --RMVOLE_NET_BENCH server 0.0.0.0 20220 18 64 32 1 bench split-input-vole &
$ /home/cyy/pcg-experiments/mVOLE-local-final-bench/build-final/main --RMVOLE_NET_BENCH client 127.0.0.1 20220 18 64 32 1 bench split-input-vole
[server]
RMVOLE_NET_BENCH mode=bench setup_mode=split-input-vole role=receiver-server-p0 network=tcp-loopback address=0.0.0.0:20220 logN=18 N=262144 t=64 m=32 blockSize=4096 reps=1 split_input_s=0.302418 pprf_setup_s=0.360797 setup_s=0.663214 expand_p0_s=0.290115 expand_p1_s=0.000000 total_s=0.953330 verify_s=0.000000 bytes_sent_by_role=67161448 bytes_received_by_role=245992 total_socket_bytes=67407440 harness_metadata_bytes=272 verification_opening_bytes=0 split_input_bytes=67178568 pprf_bytes=228600 clean_protocol_bytes=67407168 entries=8388608 entries_per_s=8799274.451874 bytes_per_entry=8.035561 pprf_instances=2 default_base_ot_calls=2 notes=tcp_two_process; p0_noisy_vole_receiver; real_libOTe_NoisyVole_split_input_length_2t; F=array<u64,M>; G=u64; vector_fixed_prime_setup; local_expand PASS
[server exit=0]
[client]
RMVOLE_NET_BENCH mode=bench setup_mode=split-input-vole role=sender-client-p1 network=tcp-loopback address=127.0.0.1:20220 logN=18 N=262144 t=64 m=32 blockSize=4096 reps=1 split_input_s=0.470566 pprf_setup_s=0.266168 setup_s=0.736734 expand_p0_s=0.000000 expand_p1_s=0.291681 total_s=1.028415 verify_s=0.000000 bytes_sent_by_role=245992 bytes_received_by_role=67161448 total_socket_bytes=67407440 harness_metadata_bytes=272 verification_opening_bytes=0 split_input_bytes=67178568 pprf_bytes=228600 clean_protocol_bytes=67407168 entries=8388608 entries_per_s=8156831.577023 bytes_per_entry=8.035561 pprf_instances=2 default_base_ot_calls=2 notes=tcp_two_process; p1_noisy_vole_sender; real_libOTe_NoisyVole_split_input_length_2t; F=array<u64,M>; G=u64; vector_fixed_prime_setup; local_expand PASS
[client exit=0]

$ /home/cyy/pcg-experiments/mVOLE-local-final-bench/build-final/main --RMVOLE_NET_BENCH server 0.0.0.0 20220 18 64 32 1 bench split-input-vole &
$ /home/cyy/pcg-experiments/mVOLE-local-final-bench/build-final/main --RMVOLE_NET_BENCH client 127.0.0.1 20220 18 64 32 1 bench split-input-vole
[server]
RMVOLE_NET_BENCH mode=bench setup_mode=split-input-vole role=receiver-server-p0 network=tcp-loopback address=0.0.0.0:20220 logN=18 N=262144 t=64 m=32 blockSize=4096 reps=1 split_input_s=0.301425 pprf_setup_s=0.360532 setup_s=0.661958 expand_p0_s=0.294153 expand_p1_s=0.000000 total_s=0.956110 verify_s=0.000000 bytes_sent_by_role=67161448 bytes_received_by_role=245992 total_socket_bytes=67407440 harness_metadata_bytes=272 verification_opening_bytes=0 split_input_bytes=67178568 pprf_bytes=228600 clean_protocol_bytes=67407168 entries=8388608 entries_per_s=8773680.889996 bytes_per_entry=8.035561 pprf_instances=2 default_base_ot_calls=2 notes=tcp_two_process; p0_noisy_vole_receiver; real_libOTe_NoisyVole_split_input_length_2t; F=array<u64,M>; G=u64; vector_fixed_prime_setup; local_expand PASS
[server exit=0]
[client]
RMVOLE_NET_BENCH mode=bench setup_mode=split-input-vole role=sender-client-p1 network=tcp-loopback address=127.0.0.1:20220 logN=18 N=262144 t=64 m=32 blockSize=4096 reps=1 split_input_s=0.497760 pprf_setup_s=0.265595 setup_s=0.763355 expand_p0_s=0.000000 expand_p1_s=0.292186 total_s=1.055541 verify_s=0.000000 bytes_sent_by_role=245992 bytes_received_by_role=67161448 total_socket_bytes=67407440 harness_metadata_bytes=272 verification_opening_bytes=0 split_input_bytes=67178568 pprf_bytes=228600 clean_protocol_bytes=67407168 entries=8388608 entries_per_s=7947212.113294 bytes_per_entry=8.035561 pprf_instances=2 default_base_ot_calls=2 notes=tcp_two_process; p1_noisy_vole_sender; real_libOTe_NoisyVole_split_input_length_2t; F=array<u64,M>; G=u64; vector_fixed_prime_setup; local_expand PASS
[client exit=0]

$ /home/cyy/pcg-experiments/mVOLE-local-final-bench/build-final/main --RMVOLE_NET_BENCH server 0.0.0.0 20180 20 64 8 1 bench split-input-vole &
$ /home/cyy/pcg-experiments/mVOLE-local-final-bench/build-final/main --RMVOLE_NET_BENCH client 127.0.0.1 20180 20 64 8 1 bench split-input-vole
[server]
RMVOLE_NET_BENCH mode=bench setup_mode=split-input-vole role=receiver-server-p0 network=tcp-loopback address=0.0.0.0:20180 logN=20 N=1048576 t=64 m=8 blockSize=16384 reps=1 split_input_s=0.047159 pprf_setup_s=0.321087 setup_s=0.368247 expand_p0_s=0.344199 expand_p1_s=0.000000 total_s=0.712445 verify_s=0.000000 bytes_sent_by_role=4255400 bytes_received_by_role=103656 total_socket_bytes=4359056 harness_metadata_bytes=80 verification_opening_bytes=0 split_input_bytes=4211784 pprf_bytes=147192 clean_protocol_bytes=4358976 entries=8388608 entries_per_s=11774391.450991 bytes_per_entry=0.519630 pprf_instances=2 default_base_ot_calls=2 notes=tcp_two_process; p0_noisy_vole_receiver; real_libOTe_NoisyVole_split_input_length_2t; F=array<u64,M>; G=u64; vector_fixed_prime_setup; local_expand PASS
[server exit=0]
[client]
RMVOLE_NET_BENCH mode=bench setup_mode=split-input-vole role=sender-client-p1 network=tcp-loopback address=127.0.0.1:20180 logN=20 N=1048576 t=64 m=8 blockSize=16384 reps=1 split_input_s=0.300323 pprf_setup_s=0.305826 setup_s=0.606149 expand_p0_s=0.000000 expand_p1_s=0.310822 total_s=0.916971 verify_s=0.000000 bytes_sent_by_role=103656 bytes_received_by_role=4255400 total_socket_bytes=4359056 harness_metadata_bytes=80 verification_opening_bytes=0 split_input_bytes=4211784 pprf_bytes=147192 clean_protocol_bytes=4358976 entries=8388608 entries_per_s=9148169.272764 bytes_per_entry=0.519630 pprf_instances=2 default_base_ot_calls=2 notes=tcp_two_process; p1_noisy_vole_sender; real_libOTe_NoisyVole_split_input_length_2t; F=array<u64,M>; G=u64; vector_fixed_prime_setup; local_expand PASS
[client exit=0]

$ /home/cyy/pcg-experiments/mVOLE-local-final-bench/build-final/main --RMVOLE_NET_BENCH server 0.0.0.0 20180 20 64 8 1 bench split-input-vole &
$ /home/cyy/pcg-experiments/mVOLE-local-final-bench/build-final/main --RMVOLE_NET_BENCH client 127.0.0.1 20180 20 64 8 1 bench split-input-vole
[server]
RMVOLE_NET_BENCH mode=bench setup_mode=split-input-vole role=receiver-server-p0 network=tcp-loopback address=0.0.0.0:20180 logN=20 N=1048576 t=64 m=8 blockSize=16384 reps=1 split_input_s=0.047456 pprf_setup_s=0.310554 setup_s=0.358010 expand_p0_s=0.356768 expand_p1_s=0.000000 total_s=0.714778 verify_s=0.000000 bytes_sent_by_role=4255400 bytes_received_by_role=103656 total_socket_bytes=4359056 harness_metadata_bytes=80 verification_opening_bytes=0 split_input_bytes=4211784 pprf_bytes=147192 clean_protocol_bytes=4358976 entries=8388608 entries_per_s=11735962.839063 bytes_per_entry=0.519630 pprf_instances=2 default_base_ot_calls=2 notes=tcp_two_process; p0_noisy_vole_receiver; real_libOTe_NoisyVole_split_input_length_2t; F=array<u64,M>; G=u64; vector_fixed_prime_setup; local_expand PASS
[server exit=0]
[client]
RMVOLE_NET_BENCH mode=bench setup_mode=split-input-vole role=sender-client-p1 network=tcp-loopback address=127.0.0.1:20180 logN=20 N=1048576 t=64 m=8 blockSize=16384 reps=1 split_input_s=0.299583 pprf_setup_s=0.294598 setup_s=0.594181 expand_p0_s=0.000000 expand_p1_s=0.319291 total_s=0.913472 verify_s=0.000000 bytes_sent_by_role=103656 bytes_received_by_role=4255400 total_socket_bytes=4359056 harness_metadata_bytes=80 verification_opening_bytes=0 split_input_bytes=4211784 pprf_bytes=147192 clean_protocol_bytes=4358976 entries=8388608 entries_per_s=9183217.412824 bytes_per_entry=0.519630 pprf_instances=2 default_base_ot_calls=2 notes=tcp_two_process; p1_noisy_vole_sender; real_libOTe_NoisyVole_split_input_length_2t; F=array<u64,M>; G=u64; vector_fixed_prime_setup; local_expand PASS
[client exit=0]

$ /home/cyy/pcg-experiments/mVOLE-local-final-bench/build-final/main --RMVOLE_NET_BENCH server 0.0.0.0 20260 20 64 16 1 bench split-input-vole &
$ /home/cyy/pcg-experiments/mVOLE-local-final-bench/build-final/main --RMVOLE_NET_BENCH client 127.0.0.1 20260 20 64 16 1 bench split-input-vole
[server]
RMVOLE_NET_BENCH mode=bench setup_mode=split-input-vole role=receiver-server-p0 network=tcp-loopback address=0.0.0.0:20260 logN=20 N=1048576 t=64 m=16 blockSize=16384 reps=1 split_input_s=0.123470 pprf_setup_s=0.518806 setup_s=0.642277 expand_p0_s=0.861687 expand_p1_s=0.000000 total_s=1.503964 verify_s=0.000000 bytes_sent_by_role=16838376 bytes_received_by_role=153832 total_socket_bytes=16992208 harness_metadata_bytes=144 verification_opening_bytes=0 split_input_bytes=16812104 pprf_bytes=179960 clean_protocol_bytes=16992064 entries=16777216 entries_per_s=11155332.454120 bytes_per_entry=1.012806 pprf_instances=2 default_base_ot_calls=2 notes=tcp_two_process; p0_noisy_vole_receiver; real_libOTe_NoisyVole_split_input_length_2t; F=array<u64,M>; G=u64; vector_fixed_prime_setup; local_expand PASS
[server exit=0]
[client]
RMVOLE_NET_BENCH mode=bench setup_mode=split-input-vole role=sender-client-p1 network=tcp-loopback address=127.0.0.1:20260 logN=20 N=1048576 t=64 m=16 blockSize=16384 reps=1 split_input_s=0.420078 pprf_setup_s=0.467428 setup_s=0.887505 expand_p0_s=0.000000 expand_p1_s=0.672151 total_s=1.559656 verify_s=0.000000 bytes_sent_by_role=153832 bytes_received_by_role=16838376 total_socket_bytes=16992208 harness_metadata_bytes=144 verification_opening_bytes=0 split_input_bytes=16812104 pprf_bytes=179960 clean_protocol_bytes=16992064 entries=16777216 entries_per_s=10756995.276943 bytes_per_entry=1.012806 pprf_instances=2 default_base_ot_calls=2 notes=tcp_two_process; p1_noisy_vole_sender; real_libOTe_NoisyVole_split_input_length_2t; F=array<u64,M>; G=u64; vector_fixed_prime_setup; local_expand PASS
[client exit=0]

$ /home/cyy/pcg-experiments/mVOLE-local-final-bench/build-final/main --RMVOLE_NET_BENCH server 0.0.0.0 20260 20 64 16 1 bench split-input-vole &
$ /home/cyy/pcg-experiments/mVOLE-local-final-bench/build-final/main --RMVOLE_NET_BENCH client 127.0.0.1 20260 20 64 16 1 bench split-input-vole
[server]
RMVOLE_NET_BENCH mode=bench setup_mode=split-input-vole role=receiver-server-p0 network=tcp-loopback address=0.0.0.0:20260 logN=20 N=1048576 t=64 m=16 blockSize=16384 reps=1 split_input_s=0.125467 pprf_setup_s=0.518510 setup_s=0.643977 expand_p0_s=0.704666 expand_p1_s=0.000000 total_s=1.348643 verify_s=0.000000 bytes_sent_by_role=16838376 bytes_received_by_role=153832 total_socket_bytes=16992208 harness_metadata_bytes=144 verification_opening_bytes=0 split_input_bytes=16812104 pprf_bytes=179960 clean_protocol_bytes=16992064 entries=16777216 entries_per_s=12440075.647337 bytes_per_entry=1.012806 pprf_instances=2 default_base_ot_calls=2 notes=tcp_two_process; p0_noisy_vole_receiver; real_libOTe_NoisyVole_split_input_length_2t; F=array<u64,M>; G=u64; vector_fixed_prime_setup; local_expand PASS
[server exit=0]
[client]
RMVOLE_NET_BENCH mode=bench setup_mode=split-input-vole role=sender-client-p1 network=tcp-loopback address=127.0.0.1:20260 logN=20 N=1048576 t=64 m=16 blockSize=16384 reps=1 split_input_s=0.416935 pprf_setup_s=0.475147 setup_s=0.892083 expand_p0_s=0.000000 expand_p1_s=0.672770 total_s=1.564853 verify_s=0.000000 bytes_sent_by_role=153832 bytes_received_by_role=16838376 total_socket_bytes=16992208 harness_metadata_bytes=144 verification_opening_bytes=0 split_input_bytes=16812104 pprf_bytes=179960 clean_protocol_bytes=16992064 entries=16777216 entries_per_s=10721275.984236 bytes_per_entry=1.012806 pprf_instances=2 default_base_ot_calls=2 notes=tcp_two_process; p1_noisy_vole_sender; real_libOTe_NoisyVole_split_input_length_2t; F=array<u64,M>; G=u64; vector_fixed_prime_setup; local_expand PASS
[client exit=0]

$ /home/cyy/pcg-experiments/mVOLE-local-final-bench/build-final/main --RMVOLE_NET_BENCH server 0.0.0.0 20420 20 64 32 1 bench split-input-vole &
$ /home/cyy/pcg-experiments/mVOLE-local-final-bench/build-final/main --RMVOLE_NET_BENCH client 127.0.0.1 20420 20 64 32 1 bench split-input-vole
[server]
RMVOLE_NET_BENCH mode=bench setup_mode=split-input-vole role=receiver-server-p0 network=tcp-loopback address=0.0.0.0:20420 logN=20 N=1048576 t=64 m=32 blockSize=16384 reps=1 split_input_s=0.301008 pprf_setup_s=0.940747 setup_s=1.241754 expand_p0_s=1.724184 expand_p1_s=0.000000 total_s=2.965938 verify_s=0.000000 bytes_sent_by_role=67170152 bytes_received_by_role=254184 total_socket_bytes=67424336 harness_metadata_bytes=272 verification_opening_bytes=0 split_input_bytes=67178568 pprf_bytes=245496 clean_protocol_bytes=67424064 entries=33554432 entries_per_s=11313259.564859 bytes_per_entry=2.009394 pprf_instances=2 default_base_ot_calls=2 notes=tcp_two_process; p0_noisy_vole_receiver; real_libOTe_NoisyVole_split_input_length_2t; F=array<u64,M>; G=u64; vector_fixed_prime_setup; local_expand PASS
[server exit=0]
[client]
RMVOLE_NET_BENCH mode=bench setup_mode=split-input-vole role=sender-client-p1 network=tcp-loopback address=127.0.0.1:20420 logN=20 N=1048576 t=64 m=32 blockSize=16384 reps=1 split_input_s=0.661294 pprf_setup_s=0.800610 setup_s=1.461904 expand_p0_s=0.000000 expand_p1_s=1.862284 total_s=3.324189 verify_s=0.000000 bytes_sent_by_role=254184 bytes_received_by_role=67170152 total_socket_bytes=67424336 harness_metadata_bytes=272 verification_opening_bytes=0 split_input_bytes=67178568 pprf_bytes=245496 clean_protocol_bytes=67424064 entries=33554432 entries_per_s=10094020.987985 bytes_per_entry=2.009394 pprf_instances=2 default_base_ot_calls=2 notes=tcp_two_process; p1_noisy_vole_sender; real_libOTe_NoisyVole_split_input_length_2t; F=array<u64,M>; G=u64; vector_fixed_prime_setup; local_expand PASS
[client exit=0]

$ /home/cyy/pcg-experiments/mVOLE-local-final-bench/build-final/main --RMVOLE_NET_BENCH server 0.0.0.0 20420 20 64 32 1 bench split-input-vole &
$ /home/cyy/pcg-experiments/mVOLE-local-final-bench/build-final/main --RMVOLE_NET_BENCH client 127.0.0.1 20420 20 64 32 1 bench split-input-vole
[server]
RMVOLE_NET_BENCH mode=bench setup_mode=split-input-vole role=receiver-server-p0 network=tcp-loopback address=0.0.0.0:20420 logN=20 N=1048576 t=64 m=32 blockSize=16384 reps=1 split_input_s=0.298507 pprf_setup_s=0.920408 setup_s=1.218915 expand_p0_s=1.441713 expand_p1_s=0.000000 total_s=2.660628 verify_s=0.000000 bytes_sent_by_role=67170152 bytes_received_by_role=254184 total_socket_bytes=67424336 harness_metadata_bytes=272 verification_opening_bytes=0 split_input_bytes=67178568 pprf_bytes=245496 clean_protocol_bytes=67424064 entries=33554432 entries_per_s=12611471.864856 bytes_per_entry=2.009394 pprf_instances=2 default_base_ot_calls=2 notes=tcp_two_process; p0_noisy_vole_receiver; real_libOTe_NoisyVole_split_input_length_2t; F=array<u64,M>; G=u64; vector_fixed_prime_setup; local_expand PASS
[server exit=0]
[client]
RMVOLE_NET_BENCH mode=bench setup_mode=split-input-vole role=sender-client-p1 network=tcp-loopback address=127.0.0.1:20420 logN=20 N=1048576 t=64 m=32 blockSize=16384 reps=1 split_input_s=0.669289 pprf_setup_s=0.788290 setup_s=1.457580 expand_p0_s=0.000000 expand_p1_s=1.559514 total_s=3.017094 verify_s=0.000000 bytes_sent_by_role=254184 bytes_received_by_role=67170152 total_socket_bytes=67424336 harness_metadata_bytes=272 verification_opening_bytes=0 split_input_bytes=67178568 pprf_bytes=245496 clean_protocol_bytes=67424064 entries=33554432 entries_per_s=11121441.198752 bytes_per_entry=2.009394 pprf_instances=2 default_base_ot_calls=2 notes=tcp_two_process; p1_noisy_vole_sender; real_libOTe_NoisyVole_split_input_length_2t; F=array<u64,M>; G=u64; vector_fixed_prime_setup; local_expand PASS
[client exit=0]

