timestamp,benchmark_source_commit,tag,method,backend,setup_mode,network_profile,network,mode,trial_index,warmup,status,correctness,logN,N,t,L,m,total_wall_ms,total_cpu_work_ms,split_input_setup_ms,pprf_key_setup_ms,p0_expand_ms,p1_expand_ms,base_ot_count,base_ot_protocol_invocations,extended_ot_count,payload_bytes,correction_bytes,split_input_bytes,pprf_bytes,p0_bytes_sent,p1_bytes_sent,total_comm_bytes,bytes_per_product_share,bytes_per_rm_vole_coordinate,notes
2026-07-26T05:49:48.651859+00:00,4a917afb6ebeca9bce885fae7f25d0ac0264ecb6,RMVOLE_NET_BENCH,RM_VECTOR_GENERIC_SPLIT,vector,split-input-vole,LOCAL_TCP,tcp-loopback,verify,-2,0,OK,PASS,12,4096,64,128,8,106.832,213.278,48.542,57.568,0.722,0.731,,2,,0,0,4211904,374416,4515512,70888,3996496,31222.625,121.96337890625,"tcp_two_process; p0_noisy_vole_receiver; real_libOTe_NoisyVole_split_input_length_2t; F=array<u64,M>; G=u64; vector_fixed_prime_setup; local_expand; tcp_two_process; p1_noisy_vole_sender; real_libOTe_NoisyVole_split_input_length_2t; F=array<u64,M>; G=u64; vector_fixed_prime_setup; local_expand"
2026-07-26T05:49:49.005240+00:00,4a917afb6ebeca9bce885fae7f25d0ac0264ecb6,RMVOLE_NET_BENCH,RM_VECTOR_GENERIC_SPLIT,vector,split-input-vole,LOCAL_TCP,tcp-loopback,bench,-1,1,OK,PASS,12,4096,64,128,8,109.92,219.108,49.105999999999995,60.073,0.741,0.734,,2,,0,0,4211904,79688,4220584,70888,4291392,33526.5,130.962890625,"tcp_two_process; p0_noisy_vole_receiver; real_libOTe_NoisyVole_split_input_length_2t; F=array<u64,M>; G=u64; vector_fixed_prime_setup; local_expand; tcp_two_process; p1_noisy_vole_sender; real_libOTe_NoisyVole_split_input_length_2t; F=array<u64,M>; G=u64; vector_fixed_prime_setup; local_expand"
2026-07-26T05:49:49.358691+00:00,4a917afb6ebeca9bce885fae7f25d0ac0264ecb6,RMVOLE_NET_BENCH,RM_VECTOR_GENERIC_SPLIT,vector,split-input-vole,LOCAL_TCP,tcp-loopback,bench,0,0,OK,PASS,12,4096,64,128,8,105.089,209.90599999999998,48.527,55.842000000000006,0.7200000000000001,0.727,,2,,0,0,4211904,79688,4220584,70888,4291392,33526.5,130.962890625,"tcp_two_process; p0_noisy_vole_receiver; real_libOTe_NoisyVole_split_input_length_2t; F=array<u64,M>; G=u64; vector_fixed_prime_setup; local_expand; tcp_two_process; p1_noisy_vole_sender; real_libOTe_NoisyVole_split_input_length_2t; F=array<u64,M>; G=u64; vector_fixed_prime_setup; local_expand"
2026-07-26T05:49:49.711775+00:00,4a917afb6ebeca9bce885fae7f25d0ac0264ecb6,RMVOLE_NET_BENCH,RM_VECTOR_GENERIC_SPLIT,vector,split-input-vole,LOCAL_TCP,tcp-loopback,bench,1,0,OK,PASS,12,4096,64,128,8,104.588,208.978,47.993,55.876000000000005,0.719,0.75,,2,,0,0,4211904,79688,4220584,70888,4291392,33526.5,130.962890625,"tcp_two_process; p0_noisy_vole_receiver; real_libOTe_NoisyVole_split_input_length_2t; F=array<u64,M>; G=u64; vector_fixed_prime_setup; local_expand; tcp_two_process; p1_noisy_vole_sender; real_libOTe_NoisyVole_split_input_length_2t; F=array<u64,M>; G=u64; vector_fixed_prime_setup; local_expand"
2026-07-26T05:49:50.065442+00:00,4a917afb6ebeca9bce885fae7f25d0ac0264ecb6,RMVOLE_NET_BENCH,RM_VECTOR_GENERIC_SPLIT,vector,split-input-vole,LOCAL_TCP,tcp-loopback,bench,2,0,OK,PASS,12,4096,64,128,8,118.352,236.661,54.993,62.59,0.726,0.743,,2,,0,0,4211904,79688,4220584,70888,4291392,33526.5,130.962890625,"tcp_two_process; p0_noisy_vole_receiver; real_libOTe_NoisyVole_split_input_length_2t; F=array<u64,M>; G=u64; vector_fixed_prime_setup; local_expand; tcp_two_process; p1_noisy_vole_sender; real_libOTe_NoisyVole_split_input_length_2t; F=array<u64,M>; G=u64; vector_fixed_prime_setup; local_expand"
2026-07-26T05:49:50.419402+00:00,4a917afb6ebeca9bce885fae7f25d0ac0264ecb6,RMVOLE_NET_BENCH,RM_VECTOR_GENERIC_SPLIT,vector,split-input-vole,LOCAL_TCP,tcp-loopback,bench,3,0,OK,PASS,12,4096,64,128,8,118.88600000000001,237.40200000000002,50.61,67.564,0.712,0.839,,2,,0,0,4211904,79688,4220584,70888,4291392,33526.5,130.962890625,"tcp_two_process; p0_noisy_vole_receiver; real_libOTe_NoisyVole_split_input_length_2t; F=array<u64,M>; G=u64; vector_fixed_prime_setup; local_expand; tcp_two_process; p1_noisy_vole_sender; real_libOTe_NoisyVole_split_input_length_2t; F=array<u64,M>; G=u64; vector_fixed_prime_setup; local_expand"
2026-07-26T05:49:50.773693+00:00,4a917afb6ebeca9bce885fae7f25d0ac0264ecb6,RMVOLE_NET_BENCH,RM_VECTOR_GENERIC_SPLIT,vector,split-input-vole,LOCAL_TCP,tcp-loopback,bench,4,0,OK,PASS,12,4096,64,128,8,119.965,239.594,50.729000000000006,68.525,0.712,0.74,,2,,0,0,4211904,79688,4220584,70888,4291392,33526.5,130.962890625,"tcp_two_process; p0_noisy_vole_receiver; real_libOTe_NoisyVole_split_input_length_2t; F=array<u64,M>; G=u64; vector_fixed_prime_setup; local_expand; tcp_two_process; p1_noisy_vole_sender; real_libOTe_NoisyVole_split_input_length_2t; F=array<u64,M>; G=u64; vector_fixed_prime_setup; local_expand"
2026-07-26T05:49:51.127572+00:00,4a917afb6ebeca9bce885fae7f25d0ac0264ecb6,RMVOLE_NET_BENCH,RM_VECTOR_GENERIC_SPLIT,vector,split-input-vole,LOCAL_TCP,tcp-loopback,bench,5,0,OK,PASS,12,4096,64,128,8,116.051,231.809,48.711999999999996,66.631,0.708,0.747,,2,,0,0,4211904,79688,4220584,70888,4291392,33526.5,130.962890625,"tcp_two_process; p0_noisy_vole_receiver; real_libOTe_NoisyVole_split_input_length_2t; F=array<u64,M>; G=u64; vector_fixed_prime_setup; local_expand; tcp_two_process; p1_noisy_vole_sender; real_libOTe_NoisyVole_split_input_length_2t; F=array<u64,M>; G=u64; vector_fixed_prime_setup; local_expand"
2026-07-26T05:49:51.481279+00:00,4a917afb6ebeca9bce885fae7f25d0ac0264ecb6,RMVOLE_NET_BENCH,RM_VECTOR_GENERIC_SPLIT,vector,split-input-vole,LOCAL_TCP,tcp-loopback,bench,6,0,OK,PASS,12,4096,64,128,8,118.208,235.29299999999998,53.178999999999995,63.153,0.753,0.85,,2,,0,0,4211904,79688,4220584,70888,4291392,33526.5,130.962890625,"tcp_two_process; p0_noisy_vole_receiver; real_libOTe_NoisyVole_split_input_length_2t; F=array<u64,M>; G=u64; vector_fixed_prime_setup; local_expand; tcp_two_process; p1_noisy_vole_sender; real_libOTe_NoisyVole_split_input_length_2t; F=array<u64,M>; G=u64; vector_fixed_prime_setup; local_expand"
2026-07-26T05:49:51.834968+00:00,4a917afb6ebeca9bce885fae7f25d0ac0264ecb6,RMVOLE_NET_BENCH,RM_VECTOR_GENERIC_SPLIT,vector,split-input-vole,LOCAL_TCP,tcp-loopback,bench,7,0,OK,PASS,12,4096,64,128,8,118.367,236.509,54.999,62.638,0.73,0.757,,2,,0,0,4211904,79688,4220584,70888,4291392,33526.5,130.962890625,"tcp_two_process; p0_noisy_vole_receiver; real_libOTe_NoisyVole_split_input_length_2t; F=array<u64,M>; G=u64; vector_fixed_prime_setup; local_expand; tcp_two_process; p1_noisy_vole_sender; real_libOTe_NoisyVole_split_input_length_2t; F=array<u64,M>; G=u64; vector_fixed_prime_setup; local_expand"
2026-07-26T05:49:52.188478+00:00,4a917afb6ebeca9bce885fae7f25d0ac0264ecb6,RMVOLE_NET_BENCH,RM_VECTOR_GENERIC_SPLIT,vector,split-input-vole,LOCAL_TCP,tcp-loopback,bench,8,0,OK,PASS,12,4096,64,128,8,105.00099999999999,209.69,48.654999999999994,55.622,0.7240000000000001,0.743,,2,,0,0,4211904,79688,4220584,70888,4291392,33526.5,130.962890625,"tcp_two_process; p0_noisy_vole_receiver; real_libOTe_NoisyVole_split_input_length_2t; F=array<u64,M>; G=u64; vector_fixed_prime_setup; local_expand; tcp_two_process; p1_noisy_vole_sender; real_libOTe_NoisyVole_split_input_length_2t; F=array<u64,M>; G=u64; vector_fixed_prime_setup; local_expand"
2026-07-26T05:49:52.541512+00:00,4a917afb6ebeca9bce885fae7f25d0ac0264ecb6,RMVOLE_NET_BENCH,RM_VECTOR_GENERIC_SPLIT,vector,split-input-vole,LOCAL_TCP,tcp-loopback,bench,9,0,OK,PASS,12,4096,64,128,8,105.12100000000001,210.088,48.198,56.222,0.7010000000000001,0.7290000000000001,,2,,0,0,4211904,79688,4220584,70888,4291392,33526.5,130.962890625,"tcp_two_process; p0_noisy_vole_receiver; real_libOTe_NoisyVole_split_input_length_2t; F=array<u64,M>; G=u64; vector_fixed_prime_setup; local_expand; tcp_two_process; p1_noisy_vole_sender; real_libOTe_NoisyVole_split_input_length_2t; F=array<u64,M>; G=u64; vector_fixed_prime_setup; local_expand"
2026-07-26T05:49:53.245457+00:00,4a917afb6ebeca9bce885fae7f25d0ac0264ecb6,RMVOLE_NET_BENCH,RM_COORD_GENERIC_SPLIT,coordinate,split-input-vole,LOCAL_TCP,tcp-loopback,verify,-2,0,OK,PASS,12,4096,64,128,8,463.851,927.5759999999999,52.91,410.12100000000004,0.82,0.9460000000000001,,16,,0,0,4211904,702016,4698296,215704,4324096,33782.0,131.9609375,"tcp_two_process; p0_noisy_vole_receiver; real_libOTe_NoisyVole_split_input_length_2t; F=array<u64,M>; G=u64; coordinate_scalar_fixed_prime_setup; local_expand; tcp_two_process; p1_noisy_vole_sender; real_libOTe_NoisyVole_split_input_length_2t; F=array<u64,M>; G=u64; coordinate_scalar_fixed_prime_setup; local_expand"
2026-07-26T05:49:53.999533+00:00,4a917afb6ebeca9bce885fae7f25d0ac0264ecb6,RMVOLE_NET_BENCH,RM_COORD_GENERIC_SPLIT,coordinate,split-input-vole,LOCAL_TCP,tcp-loopback,bench,-1,1,OK,PASS,12,4096,64,128,8,495.786,990.955,56.395,438.28299999999996,1.108,0.939,,16,,0,0,4211904,407288,4403368,215704,4618992,36085.875,140.96044921875,"tcp_two_process; p0_noisy_vole_receiver; real_libOTe_NoisyVole_split_input_length_2t; F=array<u64,M>; G=u64; coordinate_scalar_fixed_prime_setup; local_expand; tcp_two_process; p1_noisy_vole_sender; real_libOTe_NoisyVole_split_input_length_2t; F=array<u64,M>; G=u64; coordinate_scalar_fixed_prime_setup; local_expand"
2026-07-26T05:49:54.703892+00:00,4a917afb6ebeca9bce885fae7f25d0ac0264ecb6,RMVOLE_NET_BENCH,RM_COORD_GENERIC_SPLIT,coordinate,split-input-vole,LOCAL_TCP,tcp-loopback,bench,0,0,OK,PASS,12,4096,64,128,8,467.341,934.3829999999999,48.751000000000005,417.84,0.751,0.945,,16,,0,0,4211904,407288,4403368,215704,4618992,36085.875,140.96044921875,"tcp_two_process; p0_noisy_vole_receiver; real_libOTe_NoisyVole_split_input_length_2t; F=array<u64,M>; G=u64; coordinate_scalar_fixed_prime_setup; local_expand; tcp_two_process; p1_noisy_vole_sender; real_libOTe_NoisyVole_split_input_length_2t; F=array<u64,M>; G=u64; coordinate_scalar_fixed_prime_setup; local_expand"
2026-07-26T05:49:55.458207+00:00,4a917afb6ebeca9bce885fae7f25d0ac0264ecb6,RMVOLE_NET_BENCH,RM_COORD_GENERIC_SPLIT,coordinate,split-input-vole,LOCAL_TCP,tcp-loopback,bench,1,0,OK,PASS,12,4096,64,128,8,515.713,1031.2350000000001,51.135,463.826,0.752,0.9460000000000001,,16,,0,0,4211904,407288,4403368,215704,4618992,36085.875,140.96044921875,"tcp_two_process; p0_noisy_vole_receiver; real_libOTe_NoisyVole_split_input_length_2t; F=array<u64,M>; G=u64; coordinate_scalar_fixed_prime_setup; local_expand; tcp_two_process; p1_noisy_vole_sender; real_libOTe_NoisyVole_split_input_length_2t; F=array<u64,M>; G=u64; coordinate_scalar_fixed_prime_setup; local_expand"
2026-07-26T05:49:56.162505+00:00,4a917afb6ebeca9bce885fae7f25d0ac0264ecb6,RMVOLE_NET_BENCH,RM_COORD_GENERIC_SPLIT,coordinate,split-input-vole,LOCAL_TCP,tcp-loopback,bench,2,0,OK,PASS,12,4096,64,128,8,468.0,935.8109999999999,49.491,417.738,0.771,0.9600000000000001,,16,,0,0,4211904,407288,4403368,215704,4618992,36085.875,140.96044921875,"tcp_two_process; p0_noisy_vole_receiver; real_libOTe_NoisyVole_split_input_length_2t; F=array<u64,M>; G=u64; coordinate_scalar_fixed_prime_setup; local_expand; tcp_two_process; p1_noisy_vole_sender; real_libOTe_NoisyVole_split_input_length_2t; F=array<u64,M>; G=u64; coordinate_scalar_fixed_prime_setup; local_expand"
2026-07-26T05:49:56.816680+00:00,4a917afb6ebeca9bce885fae7f25d0ac0264ecb6,RMVOLE_NET_BENCH,RM_COORD_GENERIC_SPLIT,coordinate,split-input-vole,LOCAL_TCP,tcp-loopback,bench,3,0,OK,PASS,12,4096,64,128,8,422.142,844.129,50.071999999999996,371.33500000000004,0.735,0.93,,16,,0,0,4211904,407288,4403368,215704,4618992,36085.875,140.96044921875,"tcp_two_process; p0_noisy_vole_receiver; real_libOTe_NoisyVole_split_input_length_2t; F=array<u64,M>; G=u64; coordinate_scalar_fixed_prime_setup; local_expand; tcp_two_process; p1_noisy_vole_sender; real_libOTe_NoisyVole_split_input_length_2t; F=array<u64,M>; G=u64; coordinate_scalar_fixed_prime_setup; local_expand"
2026-07-26T05:49:57.470663+00:00,4a917afb6ebeca9bce885fae7f25d0ac0264ecb6,RMVOLE_NET_BENCH,RM_COORD_GENERIC_SPLIT,coordinate,split-input-vole,LOCAL_TCP,tcp-loopback,bench,4,0,OK,PASS,12,4096,64,128,8,421.636,843.1120000000001,48.747,372.14599999999996,0.743,0.937,,16,,0,0,4211904,407288,4403368,215704,4618992,36085.875,140.96044921875,"tcp_two_process; p0_noisy_vole_receiver; real_libOTe_NoisyVole_split_input_length_2t; F=array<u64,M>; G=u64; coordinate_scalar_fixed_prime_setup; local_expand; tcp_two_process; p1_noisy_vole_sender; real_libOTe_NoisyVole_split_input_length_2t; F=array<u64,M>; G=u64; coordinate_scalar_fixed_prime_setup; local_expand"
2026-07-26T05:49:58.124616+00:00,4a917afb6ebeca9bce885fae7f25d0ac0264ecb6,RMVOLE_NET_BENCH,RM_COORD_GENERIC_SPLIT,coordinate,split-input-vole,LOCAL_TCP,tcp-loopback,bench,5,0,OK,PASS,12,4096,64,128,8,421.431,842.716,48.672,372.01800000000003,0.74,0.939,,16,,0,0,4211904,407288,4403368,215704,4618992,36085.875,140.96044921875,"tcp_two_process; p0_noisy_vole_receiver; real_libOTe_NoisyVole_split_input_length_2t; F=array<u64,M>; G=u64; coordinate_scalar_fixed_prime_setup; local_expand; tcp_two_process; p1_noisy_vole_sender; real_libOTe_NoisyVole_split_input_length_2t; F=array<u64,M>; G=u64; coordinate_scalar_fixed_prime_setup; local_expand"
2026-07-26T05:49:58.778930+00:00,4a917afb6ebeca9bce885fae7f25d0ac0264ecb6,RMVOLE_NET_BENCH,RM_COORD_GENERIC_SPLIT,coordinate,split-input-vole,LOCAL_TCP,tcp-loopback,bench,6,0,OK,PASS,12,4096,64,128,8,422.61199999999997,845.165,48.897999999999996,372.968,0.747,0.9470000000000001,,16,,0,0,4211904,407288,4403368,215704,4618992,36085.875,140.96044921875,"tcp_two_process; p0_noisy_vole_receiver; real_libOTe_NoisyVole_split_input_length_2t; F=array<u64,M>; G=u64; coordinate_scalar_fixed_prime_setup; local_expand; tcp_two_process; p1_noisy_vole_sender; real_libOTe_NoisyVole_split_input_length_2t; F=array<u64,M>; G=u64; coordinate_scalar_fixed_prime_setup; local_expand"
2026-07-26T05:49:59.433627+00:00,4a917afb6ebeca9bce885fae7f25d0ac0264ecb6,RMVOLE_NET_BENCH,RM_COORD_GENERIC_SPLIT,coordinate,split-input-vole,LOCAL_TCP,tcp-loopback,bench,7,0,OK,PASS,12,4096,64,128,8,432.46299999999997,864.6899999999999,55.160000000000004,376.56800000000004,0.735,0.9319999999999999,,16,,0,0,4211904,407288,4403368,215704,4618992,36085.875,140.96044921875,"tcp_two_process; p0_noisy_vole_receiver; real_libOTe_NoisyVole_split_input_length_2t; F=array<u64,M>; G=u64; coordinate_scalar_fixed_prime_setup; local_expand; tcp_two_process; p1_noisy_vole_sender; real_libOTe_NoisyVole_split_input_length_2t; F=array<u64,M>; G=u64; coordinate_scalar_fixed_prime_setup; local_expand"
2026-07-26T05:50:00.087429+00:00,4a917afb6ebeca9bce885fae7f25d0ac0264ecb6,RMVOLE_NET_BENCH,RM_COORD_GENERIC_SPLIT,coordinate,split-input-vole,LOCAL_TCP,tcp-loopback,bench,8,0,OK,PASS,12,4096,64,128,8,421.162,842.2339999999999,48.254,372.16900000000004,0.74,0.9359999999999999,,16,,0,0,4211904,407288,4403368,215704,4618992,36085.875,140.96044921875,"tcp_two_process; p0_noisy_vole_receiver; real_libOTe_NoisyVole_split_input_length_2t; F=array<u64,M>; G=u64; coordinate_scalar_fixed_prime_setup; local_expand; tcp_two_process; p1_noisy_vole_sender; real_libOTe_NoisyVole_split_input_length_2t; F=array<u64,M>; G=u64; coordinate_scalar_fixed_prime_setup; local_expand"
2026-07-26T05:50:00.741170+00:00,4a917afb6ebeca9bce885fae7f25d0ac0264ecb6,RMVOLE_NET_BENCH,RM_COORD_GENERIC_SPLIT,coordinate,split-input-vole,LOCAL_TCP,tcp-loopback,bench,9,0,OK,PASS,12,4096,64,128,8,423.76599999999996,847.453,48.423,374.61699999999996,0.727,0.9380000000000001,,16,,0,0,4211904,407288,4403368,215704,4618992,36085.875,140.96044921875,"tcp_two_process; p0_noisy_vole_receiver; real_libOTe_NoisyVole_split_input_length_2t; F=array<u64,M>; G=u64; coordinate_scalar_fixed_prime_setup; local_expand; tcp_two_process; p1_noisy_vole_sender; real_libOTe_NoisyVole_split_input_length_2t; F=array<u64,M>; G=u64; coordinate_scalar_fixed_prime_setup; local_expand"
2026-07-26T05:50:01.044409+00:00,4a917afb6ebeca9bce885fae7f25d0ac0264ecb6,RMVOLE_NET_BENCH,RM_VECTOR_OPT,vector,split-input-coeff-ot,LOCAL_TCP,tcp-loopback,verify,-2,0,OK,PASS,12,4096,64,128,8,73.015,136.399,25.139000000000003,47.179,0.6970000000000001,0.731,,2,,0,0,1378768,374416,446136,1307128,1163360,9088.75,35.5029296875,tcp_two_process; p0_coeff_bit_ot_receiver; SPLIT_COEFF_OT; one_batched_Kos_chosen_message_OT; vector_fixed_prime_setup; local_expand; tcp_two_process; p1_coeff_bit_ot_sender; SPLIT_COEFF_OT; one_batched_Kos_chosen_message_OT; vector_fixed_prime_setup; local_expand
2026-07-26T05:50:01.347427+00:00,4a917afb6ebeca9bce885fae7f25d0ac0264ecb6,RMVOLE_NET_BENCH,RM_VECTOR_OPT,vector,split-input-coeff-ot,LOCAL_TCP,tcp-loopback,bench,-1,1,OK,PASS,12,4096,64,128,8,72.734,136.088,25.038999999999998,46.987,0.708,0.727,,2,,0,0,1378768,79688,151208,1307128,1458256,11392.625,44.50244140625,tcp_two_process; p0_coeff_bit_ot_receiver; SPLIT_COEFF_OT; one_batched_Kos_chosen_message_OT; vector_fixed_prime_setup; local_expand; tcp_two_process; p1_coeff_bit_ot_sender; SPLIT_COEFF_OT; one_batched_Kos_chosen_message_OT; vector_fixed_prime_setup; local_expand
2026-07-26T05:50:01.650386+00:00,4a917afb6ebeca9bce885fae7f25d0ac0264ecb6,RMVOLE_NET_BENCH,RM_VECTOR_OPT,vector,split-input-coeff-ot,LOCAL_TCP,tcp-loopback,bench,0,0,OK,PASS,12,4096,64,128,8,73.06400000000001,136.716,25.02,47.307,0.737,0.747,,2,,0,0,1378768,79688,151208,1307128,1458256,11392.625,44.50244140625,tcp_two_process; p0_coeff_bit_ot_receiver; SPLIT_COEFF_OT; one_batched_Kos_chosen_message_OT; vector_fixed_prime_setup; local_expand; tcp_two_process; p1_coeff_bit_ot_sender; SPLIT_COEFF_OT; one_batched_Kos_chosen_message_OT; vector_fixed_prime_setup; local_expand
2026-07-26T05:50:01.953246+00:00,4a917afb6ebeca9bce885fae7f25d0ac0264ecb6,RMVOLE_NET_BENCH,RM_VECTOR_OPT,vector,split-input-coeff-ot,LOCAL_TCP,tcp-loopback,bench,1,0,OK,PASS,12,4096,64,128,8,72.961,136.55200000000002,25.096,47.156000000000006,0.709,0.741,,2,,0,0,1378768,79688,151208,1307128,1458256,11392.625,44.50244140625,tcp_two_process; p0_coeff_bit_ot_receiver; SPLIT_COEFF_OT; one_batched_Kos_chosen_message_OT; vector_fixed_prime_setup; local_expand; tcp_two_process; p1_coeff_bit_ot_sender; SPLIT_COEFF_OT; one_batched_Kos_chosen_message_OT; vector_fixed_prime_setup; local_expand
2026-07-26T05:50:02.256304+00:00,4a917afb6ebeca9bce885fae7f25d0ac0264ecb6,RMVOLE_NET_BENCH,RM_VECTOR_OPT,vector,split-input-coeff-ot,LOCAL_TCP,tcp-loopback,bench,2,0,OK,PASS,12,4096,64,128,8,72.82600000000001,136.327,25.087000000000003,47.03,0.708,0.739,,2,,0,0,1378768,79688,151208,1307128,1458256,11392.625,44.50244140625,tcp_two_process; p0_coeff_bit_ot_receiver; SPLIT_COEFF_OT; one_batched_Kos_chosen_message_OT; vector_fixed_prime_setup; local_expand; tcp_two_process; p1_coeff_bit_ot_sender; SPLIT_COEFF_OT; one_batched_Kos_chosen_message_OT; vector_fixed_prime_setup; local_expand
2026-07-26T05:50:02.559075+00:00,4a917afb6ebeca9bce885fae7f25d0ac0264ecb6,RMVOLE_NET_BENCH,RM_VECTOR_OPT,vector,split-input-coeff-ot,LOCAL_TCP,tcp-loopback,bench,3,0,OK,PASS,12,4096,64,128,8,72.527,135.956,24.904,46.913000000000004,0.71,0.727,,2,,0,0,1378768,79688,151208,1307128,1458256,11392.625,44.50244140625,tcp_two_process; p0_coeff_bit_ot_receiver; SPLIT_COEFF_OT; one_batched_Kos_chosen_message_OT; vector_fixed_prime_setup; local_expand; tcp_two_process; p1_coeff_bit_ot_sender; SPLIT_COEFF_OT; one_batched_Kos_chosen_message_OT; vector_fixed_prime_setup; local_expand
2026-07-26T05:50:02.862322+00:00,4a917afb6ebeca9bce885fae7f25d0ac0264ecb6,RMVOLE_NET_BENCH,RM_VECTOR_OPT,vector,split-input-coeff-ot,LOCAL_TCP,tcp-loopback,bench,4,0,OK,PASS,12,4096,64,128,8,73.3,137.01000000000002,25.433999999999997,47.11,0.756,0.743,,2,,0,0,1378768,79688,151208,1307128,1458256,11392.625,44.50244140625,tcp_two_process; p0_coeff_bit_ot_receiver; SPLIT_COEFF_OT; one_batched_Kos_chosen_message_OT; vector_fixed_prime_setup; local_expand; tcp_two_process; p1_coeff_bit_ot_sender; SPLIT_COEFF_OT; one_batched_Kos_chosen_message_OT; vector_fixed_prime_setup; local_expand
2026-07-26T05:50:03.165822+00:00,4a917afb6ebeca9bce885fae7f25d0ac0264ecb6,RMVOLE_NET_BENCH,RM_VECTOR_OPT,vector,split-input-coeff-ot,LOCAL_TCP,tcp-loopback,bench,5,0,OK,PASS,12,4096,64,128,8,73.43299999999999,137.433,25.378999999999998,47.308,0.746,0.732,,2,,0,0,1378768,79688,151208,1307128,1458256,11392.625,44.50244140625,tcp_two_process; p0_coeff_bit_ot_receiver; SPLIT_COEFF_OT; one_batched_Kos_chosen_message_OT; vector_fixed_prime_setup; local_expand; tcp_two_process; p1_coeff_bit_ot_sender; SPLIT_COEFF_OT; one_batched_Kos_chosen_message_OT; vector_fixed_prime_setup; local_expand
2026-07-26T05:50:03.469223+00:00,4a917afb6ebeca9bce885fae7f25d0ac0264ecb6,RMVOLE_NET_BENCH,RM_VECTOR_OPT,vector,split-input-coeff-ot,LOCAL_TCP,tcp-loopback,bench,6,0,OK,PASS,12,4096,64,128,8,73.257,137.054,25.156000000000002,47.403,0.6980000000000001,0.719,,2,,0,0,1378768,79688,151208,1307128,1458256,11392.625,44.50244140625,tcp_two_process; p0_coeff_bit_ot_receiver; SPLIT_COEFF_OT; one_batched_Kos_chosen_message_OT; vector_fixed_prime_setup; local_expand; tcp_two_process; p1_coeff_bit_ot_sender; SPLIT_COEFF_OT; one_batched_Kos_chosen_message_OT; vector_fixed_prime_setup; local_expand
2026-07-26T05:50:03.772953+00:00,4a917afb6ebeca9bce885fae7f25d0ac0264ecb6,RMVOLE_NET_BENCH,RM_VECTOR_OPT,vector,split-input-coeff-ot,LOCAL_TCP,tcp-loopback,bench,7,0,OK,PASS,12,4096,64,128,8,83.79899999999999,155.99699999999999,27.362000000000002,55.730000000000004,0.707,0.751,,2,,0,0,1378768,79688,151208,1307128,1458256,11392.625,44.50244140625,tcp_two_process; p0_coeff_bit_ot_receiver; SPLIT_COEFF_OT; one_batched_Kos_chosen_message_OT; vector_fixed_prime_setup; local_expand; tcp_two_process; p1_coeff_bit_ot_sender; SPLIT_COEFF_OT; one_batched_Kos_chosen_message_OT; vector_fixed_prime_setup; local_expand
2026-07-26T05:50:04.076550+00:00,4a917afb6ebeca9bce885fae7f25d0ac0264ecb6,RMVOLE_NET_BENCH,RM_VECTOR_OPT,vector,split-input-coeff-ot,LOCAL_TCP,tcp-loopback,bench,8,0,OK,PASS,12,4096,64,128,8,77.671,144.517,26.953000000000003,49.994,0.7240000000000001,0.7649999999999999,,2,,0,0,1378768,79688,151208,1307128,1458256,11392.625,44.50244140625,tcp_two_process; p0_coeff_bit_ot_receiver; SPLIT_COEFF_OT; one_batched_Kos_chosen_message_OT; vector_fixed_prime_setup; local_expand; tcp_two_process; p1_coeff_bit_ot_sender; SPLIT_COEFF_OT; one_batched_Kos_chosen_message_OT; vector_fixed_prime_setup; local_expand
2026-07-26T05:50:04.380106+00:00,4a917afb6ebeca9bce885fae7f25d0ac0264ecb6,RMVOLE_NET_BENCH,RM_VECTOR_OPT,vector,split-input-coeff-ot,LOCAL_TCP,tcp-loopback,bench,9,0,OK,PASS,12,4096,64,128,8,73.93900000000001,138.407,25.293,47.922,0.7240000000000001,0.761,,2,,0,0,1378768,79688,151208,1307128,1458256,11392.625,44.50244140625,tcp_two_process; p0_coeff_bit_ot_receiver; SPLIT_COEFF_OT; one_batched_Kos_chosen_message_OT; vector_fixed_prime_setup; local_expand; tcp_two_process; p1_coeff_bit_ot_sender; SPLIT_COEFF_OT; one_batched_Kos_chosen_message_OT; vector_fixed_prime_setup; local_expand
2026-07-26T05:50:05.034302+00:00,4a917afb6ebeca9bce885fae7f25d0ac0264ecb6,RMVOLE_NET_BENCH,RM_COORD_OPT,coordinate,split-input-coeff-ot,LOCAL_TCP,tcp-loopback,verify,-2,0,OK,PASS,12,4096,64,128,8,416.452,823.4079999999999,25.787999999999997,389.925,0.739,0.8260000000000001,,16,,0,0,1378768,702016,628920,1451944,1490960,11648.125,45.50048828125,tcp_two_process; p0_coeff_bit_ot_receiver; SPLIT_COEFF_OT; one_batched_Kos_chosen_message_OT; coordinate_scalar_fixed_prime_setup; local_expand; tcp_two_process; p1_coeff_bit_ot_sender; SPLIT_COEFF_OT; one_batched_Kos_chosen_message_OT; coordinate_scalar_fixed_prime_setup; local_expand
2026-07-26T05:50:05.688439+00:00,4a917afb6ebeca9bce885fae7f25d0ac0264ecb6,RMVOLE_NET_BENCH,RM_COORD_OPT,coordinate,split-input-coeff-ot,LOCAL_TCP,tcp-loopback,bench,-1,1,OK,PASS,12,4096,64,128,8,390.17400000000004,771.051,25.511,363.913,0.75,0.825,,16,,0,0,1378768,407288,333992,1451944,1785856,13952.0,54.5,tcp_two_process; p0_coeff_bit_ot_receiver; SPLIT_COEFF_OT; one_batched_Kos_chosen_message_OT; coordinate_scalar_fixed_prime_setup; local_expand; tcp_two_process; p1_coeff_bit_ot_sender; SPLIT_COEFF_OT; one_batched_Kos_chosen_message_OT; coordinate_scalar_fixed_prime_setup; local_expand
2026-07-26T05:50:06.342437+00:00,4a917afb6ebeca9bce885fae7f25d0ac0264ecb6,RMVOLE_NET_BENCH,RM_COORD_OPT,coordinate,split-input-coeff-ot,LOCAL_TCP,tcp-loopback,bench,0,0,OK,PASS,12,4096,64,128,8,390.051,770.8839999999999,25.145,364.161,0.745,0.787,,16,,0,0,1378768,407288,333992,1451944,1785856,13952.0,54.5,tcp_two_process; p0_coeff_bit_ot_receiver; SPLIT_COEFF_OT; one_batched_Kos_chosen_message_OT; coordinate_scalar_fixed_prime_setup; local_expand; tcp_two_process; p1_coeff_bit_ot_sender; SPLIT_COEFF_OT; one_batched_Kos_chosen_message_OT; coordinate_scalar_fixed_prime_setup; local_expand
2026-07-26T05:50:06.996146+00:00,4a917afb6ebeca9bce885fae7f25d0ac0264ecb6,RMVOLE_NET_BENCH,RM_COORD_OPT,coordinate,split-input-coeff-ot,LOCAL_TCP,tcp-loopback,bench,1,0,OK,PASS,12,4096,64,128,8,389.69399999999996,770.326,25.028000000000002,363.918,0.748,0.789,,16,,0,0,1378768,407288,333992,1451944,1785856,13952.0,54.5,tcp_two_process; p0_coeff_bit_ot_receiver; SPLIT_COEFF_OT; one_batched_Kos_chosen_message_OT; coordinate_scalar_fixed_prime_setup; local_expand; tcp_two_process; p1_coeff_bit_ot_sender; SPLIT_COEFF_OT; one_batched_Kos_chosen_message_OT; coordinate_scalar_fixed_prime_setup; local_expand
2026-07-26T05:50:07.649816+00:00,4a917afb6ebeca9bce885fae7f25d0ac0264ecb6,RMVOLE_NET_BENCH,RM_COORD_OPT,coordinate,split-input-coeff-ot,LOCAL_TCP,tcp-loopback,bench,2,0,OK,PASS,12,4096,64,128,8,391.83299999999997,774.4409999999999,25.055,366.03599999999994,0.742,0.7919999999999999,,16,,0,0,1378768,407288,333992,1451944,1785856,13952.0,54.5,tcp_two_process; p0_coeff_bit_ot_receiver; SPLIT_COEFF_OT; one_batched_Kos_chosen_message_OT; coordinate_scalar_fixed_prime_setup; local_expand; tcp_two_process; p1_coeff_bit_ot_sender; SPLIT_COEFF_OT; one_batched_Kos_chosen_message_OT; coordinate_scalar_fixed_prime_setup; local_expand
2026-07-26T05:50:08.354055+00:00,4a917afb6ebeca9bce885fae7f25d0ac0264ecb6,RMVOLE_NET_BENCH,RM_COORD_OPT,coordinate,split-input-coeff-ot,LOCAL_TCP,tcp-loopback,bench,3,0,OK,PASS,12,4096,64,128,8,452.745,894.99,26.449,425.548,0.748,0.799,,16,,0,0,1378768,407288,333992,1451944,1785856,13952.0,54.5,tcp_two_process; p0_coeff_bit_ot_receiver; SPLIT_COEFF_OT; one_batched_Kos_chosen_message_OT; coordinate_scalar_fixed_prime_setup; local_expand; tcp_two_process; p1_coeff_bit_ot_sender; SPLIT_COEFF_OT; one_batched_Kos_chosen_message_OT; coordinate_scalar_fixed_prime_setup; local_expand
2026-07-26T05:50:09.008483+00:00,4a917afb6ebeca9bce885fae7f25d0ac0264ecb6,RMVOLE_NET_BENCH,RM_COORD_OPT,coordinate,split-input-coeff-ot,LOCAL_TCP,tcp-loopback,bench,4,0,OK,PASS,12,4096,64,128,8,402.3,793.5680000000001,28.776,372.723,0.8019999999999999,0.816,,16,,0,0,1378768,407288,333992,1451944,1785856,13952.0,54.5,tcp_two_process; p0_coeff_bit_ot_receiver; SPLIT_COEFF_OT; one_batched_Kos_chosen_message_OT; coordinate_scalar_fixed_prime_setup; local_expand; tcp_two_process; p1_coeff_bit_ot_sender; SPLIT_COEFF_OT; one_batched_Kos_chosen_message_OT; coordinate_scalar_fixed_prime_setup; local_expand
2026-07-26T05:50:09.662841+00:00,4a917afb6ebeca9bce885fae7f25d0ac0264ecb6,RMVOLE_NET_BENCH,RM_COORD_OPT,coordinate,split-input-coeff-ot,LOCAL_TCP,tcp-loopback,bench,5,0,OK,PASS,12,4096,64,128,8,400.004,790.5830000000001,25.407,373.85200000000003,0.745,0.903,,16,,0,0,1378768,407288,333992,1451944,1785856,13952.0,54.5,tcp_two_process; p0_coeff_bit_ot_receiver; SPLIT_COEFF_OT; one_batched_Kos_chosen_message_OT; coordinate_scalar_fixed_prime_setup; local_expand; tcp_two_process; p1_coeff_bit_ot_sender; SPLIT_COEFF_OT; one_batched_Kos_chosen_message_OT; coordinate_scalar_fixed_prime_setup; local_expand
2026-07-26T05:50:10.317176+00:00,4a917afb6ebeca9bce885fae7f25d0ac0264ecb6,RMVOLE_NET_BENCH,RM_COORD_OPT,coordinate,split-input-coeff-ot,LOCAL_TCP,tcp-loopback,bench,6,0,OK,PASS,12,4096,64,128,8,412.556,817.399,34.602000000000004,377.20500000000004,0.749,0.799,,16,,0,0,1378768,407288,333992,1451944,1785856,13952.0,54.5,tcp_two_process; p0_coeff_bit_ot_receiver; SPLIT_COEFF_OT; one_batched_Kos_chosen_message_OT; coordinate_scalar_fixed_prime_setup; local_expand; tcp_two_process; p1_coeff_bit_ot_sender; SPLIT_COEFF_OT; one_batched_Kos_chosen_message_OT; coordinate_scalar_fixed_prime_setup; local_expand
2026-07-26T05:50:10.971249+00:00,4a917afb6ebeca9bce885fae7f25d0ac0264ecb6,RMVOLE_NET_BENCH,RM_COORD_OPT,coordinate,split-input-coeff-ot,LOCAL_TCP,tcp-loopback,bench,7,0,OK,PASS,12,4096,64,128,8,390.13599999999997,770.997,25.248,364.149,0.74,0.8130000000000001,,16,,0,0,1378768,407288,333992,1451944,1785856,13952.0,54.5,tcp_two_process; p0_coeff_bit_ot_receiver; SPLIT_COEFF_OT; one_batched_Kos_chosen_message_OT; coordinate_scalar_fixed_prime_setup; local_expand; tcp_two_process; p1_coeff_bit_ot_sender; SPLIT_COEFF_OT; one_batched_Kos_chosen_message_OT; coordinate_scalar_fixed_prime_setup; local_expand
2026-07-26T05:50:11.625627+00:00,4a917afb6ebeca9bce885fae7f25d0ac0264ecb6,RMVOLE_NET_BENCH,RM_COORD_OPT,coordinate,split-input-coeff-ot,LOCAL_TCP,tcp-loopback,bench,8,0,OK,PASS,12,4096,64,128,8,390.113,770.817,25.423000000000002,363.951,0.739,0.8140000000000001,,16,,0,0,1378768,407288,333992,1451944,1785856,13952.0,54.5,tcp_two_process; p0_coeff_bit_ot_receiver; SPLIT_COEFF_OT; one_batched_Kos_chosen_message_OT; coordinate_scalar_fixed_prime_setup; local_expand; tcp_two_process; p1_coeff_bit_ot_sender; SPLIT_COEFF_OT; one_batched_Kos_chosen_message_OT; coordinate_scalar_fixed_prime_setup; local_expand
2026-07-26T05:50:12.279749+00:00,4a917afb6ebeca9bce885fae7f25d0ac0264ecb6,RMVOLE_NET_BENCH,RM_COORD_OPT,coordinate,split-input-coeff-ot,LOCAL_TCP,tcp-loopback,bench,9,0,OK,PASS,12,4096,64,128,8,389.71299999999997,770.1389999999999,25.319000000000003,363.651,0.744,0.8140000000000001,,16,,0,0,1378768,407288,333992,1451944,1785856,13952.0,54.5,tcp_two_process; p0_coeff_bit_ot_receiver; SPLIT_COEFF_OT; one_batched_Kos_chosen_message_OT; coordinate_scalar_fixed_prime_setup; local_expand; tcp_two_process; p1_coeff_bit_ot_sender; SPLIT_COEFF_OT; one_batched_Kos_chosen_message_OT; coordinate_scalar_fixed_prime_setup; local_expand
2026-07-26T05:50:12.733431+00:00,4a917afb6ebeca9bce885fae7f25d0ac0264ecb6,RMVOLE_NET_BENCH,RM_VECTOR_GENERIC_SPLIT,vector,split-input-vole,LOCAL_TCP,tcp-loopback,verify,-2,0,OK,PASS,12,4096,64,128,16,213.47299999999998,424.13800000000003,125.54100000000001,83.71900000000001,1.405,1.411,,2,,0,0,16812288,669264,17360632,121064,16367440,127870.625,249.747314453125,"tcp_two_process; p0_noisy_vole_receiver; real_libOTe_NoisyVole_split_input_length_2t; F=array<u64,M>; G=u64; vector_fixed_prime_setup; local_expand; tcp_two_process; p1_noisy_vole_sender; real_libOTe_NoisyVole_split_input_length_2t; F=array<u64,M>; G=u64; vector_fixed_prime_setup; local_expand"
2026-07-26T05:50:13.187267+00:00,4a917afb6ebeca9bce885fae7f25d0ac0264ecb6,RMVOLE_NET_BENCH,RM_VECTOR_GENERIC_SPLIT,vector,split-input-vole,LOCAL_TCP,tcp-loopback,bench,-1,1,OK,PASS,12,4096,64,128,16,225.011,446.765,125.523,94.51700000000001,1.7149999999999999,1.472,,2,,0,0,16812288,112520,16803560,121064,16924480,132222.5,258.2470703125,"tcp_two_process; p0_noisy_vole_receiver; real_libOTe_NoisyVole_split_input_length_2t; F=array<u64,M>; G=u64; vector_fixed_prime_setup; local_expand; tcp_two_process; p1_noisy_vole_sender; real_libOTe_NoisyVole_split_input_length_2t; F=array<u64,M>; G=u64; vector_fixed_prime_setup; local_expand"
2026-07-26T05:50:13.641212+00:00,4a917afb6ebeca9bce885fae7f25d0ac0264ecb6,RMVOLE_NET_BENCH,RM_VECTOR_GENERIC_SPLIT,vector,split-input-vole,LOCAL_TCP,tcp-loopback,bench,0,0,OK,PASS,12,4096,64,128,16,214.26700000000002,425.126,126.394,83.058,1.408,1.393,,2,,0,0,16812288,112520,16803560,121064,16924480,132222.5,258.2470703125,"tcp_two_process; p0_noisy_vole_receiver; real_libOTe_NoisyVole_split_input_length_2t; F=array<u64,M>; G=u64; vector_fixed_prime_setup; local_expand; tcp_two_process; p1_noisy_vole_sender; real_libOTe_NoisyVole_split_input_length_2t; F=array<u64,M>; G=u64; vector_fixed_prime_setup; local_expand"
2026-07-26T05:50:14.094558+00:00,4a917afb6ebeca9bce885fae7f25d0ac0264ecb6,RMVOLE_NET_BENCH,RM_VECTOR_GENERIC_SPLIT,vector,split-input-vole,LOCAL_TCP,tcp-loopback,bench,1,0,OK,PASS,12,4096,64,128,16,213.256,423.04600000000005,125.29199999999999,83.084,1.414,1.398,,2,,0,0,16812288,112520,16803560,121064,16924480,132222.5,258.2470703125,"tcp_two_process; p0_noisy_vole_receiver; real_libOTe_NoisyVole_split_input_length_2t; F=array<u64,M>; G=u64; vector_fixed_prime_setup; local_expand; tcp_two_process; p1_noisy_vole_sender; real_libOTe_NoisyVole_split_input_length_2t; F=array<u64,M>; G=u64; vector_fixed_prime_setup; local_expand"
2026-07-26T05:50:14.548300+00:00,4a917afb6ebeca9bce885fae7f25d0ac0264ecb6,RMVOLE_NET_BENCH,RM_VECTOR_GENERIC_SPLIT,vector,split-input-vole,LOCAL_TCP,tcp-loopback,bench,2,0,OK,PASS,12,4096,64,128,16,215.272,427.118,126.381,84.047,1.417,1.39,,2,,0,0,16812288,112520,16803560,121064,16924480,132222.5,258.2470703125,"tcp_two_process; p0_noisy_vole_receiver; real_libOTe_NoisyVole_split_input_length_2t; F=array<u64,M>; G=u64; vector_fixed_prime_setup; local_expand; tcp_two_process; p1_noisy_vole_sender; real_libOTe_NoisyVole_split_input_length_2t; F=array<u64,M>; G=u64; vector_fixed_prime_setup; local_expand"
2026-07-26T05:50:15.052237+00:00,4a917afb6ebeca9bce885fae7f25d0ac0264ecb6,RMVOLE_NET_BENCH,RM_VECTOR_GENERIC_SPLIT,vector,split-input-vole,LOCAL_TCP,tcp-loopback,bench,3,0,OK,PASS,12,4096,64,128,16,240.023,477.16999999999996,140.03199999999998,95.701,1.415,1.432,,2,,0,0,16812288,112520,16803560,121064,16924480,132222.5,258.2470703125,"tcp_two_process; p0_noisy_vole_receiver; real_libOTe_NoisyVole_split_input_length_2t; F=array<u64,M>; G=u64; vector_fixed_prime_setup; local_expand; tcp_two_process; p1_noisy_vole_sender; real_libOTe_NoisyVole_split_input_length_2t; F=array<u64,M>; G=u64; vector_fixed_prime_setup; local_expand"
2026-07-26T05:50:15.506033+00:00,4a917afb6ebeca9bce885fae7f25d0ac0264ecb6,RMVOLE_NET_BENCH,RM_VECTOR_GENERIC_SPLIT,vector,split-input-vole,LOCAL_TCP,tcp-loopback,bench,4,0,OK,PASS,12,4096,64,128,16,213.748,424.069,125.78,83.12700000000001,1.414,1.3760000000000001,,2,,0,0,16812288,112520,16803560,121064,16924480,132222.5,258.2470703125,"tcp_two_process; p0_noisy_vole_receiver; real_libOTe_NoisyVole_split_input_length_2t; F=array<u64,M>; G=u64; vector_fixed_prime_setup; local_expand; tcp_two_process; p1_noisy_vole_sender; real_libOTe_NoisyVole_split_input_length_2t; F=array<u64,M>; G=u64; vector_fixed_prime_setup; local_expand"
2026-07-26T05:50:15.959536+00:00,4a917afb6ebeca9bce885fae7f25d0ac0264ecb6,RMVOLE_NET_BENCH,RM_VECTOR_GENERIC_SPLIT,vector,split-input-vole,LOCAL_TCP,tcp-loopback,bench,5,0,OK,PASS,12,4096,64,128,16,215.15699999999998,427.06899999999996,127.29599999999999,83.182,1.434,1.387,,2,,0,0,16812288,112520,16803560,121064,16924480,132222.5,258.2470703125,"tcp_two_process; p0_noisy_vole_receiver; real_libOTe_NoisyVole_split_input_length_2t; F=array<u64,M>; G=u64; vector_fixed_prime_setup; local_expand; tcp_two_process; p1_noisy_vole_sender; real_libOTe_NoisyVole_split_input_length_2t; F=array<u64,M>; G=u64; vector_fixed_prime_setup; local_expand"
2026-07-26T05:50:16.413293+00:00,4a917afb6ebeca9bce885fae7f25d0ac0264ecb6,RMVOLE_NET_BENCH,RM_VECTOR_GENERIC_SPLIT,vector,split-input-vole,LOCAL_TCP,tcp-loopback,bench,6,0,OK,PASS,12,4096,64,128,16,214.534,425.624,126.113,83.57000000000001,1.407,1.4,,2,,0,0,16812288,112520,16803560,121064,16924480,132222.5,258.2470703125,"tcp_two_process; p0_noisy_vole_receiver; real_libOTe_NoisyVole_split_input_length_2t; F=array<u64,M>; G=u64; vector_fixed_prime_setup; local_expand; tcp_two_process; p1_noisy_vole_sender; real_libOTe_NoisyVole_split_input_length_2t; F=array<u64,M>; G=u64; vector_fixed_prime_setup; local_expand"
2026-07-26T05:50:16.866876+00:00,4a917afb6ebeca9bce885fae7f25d0ac0264ecb6,RMVOLE_NET_BENCH,RM_VECTOR_GENERIC_SPLIT,vector,split-input-vole,LOCAL_TCP,tcp-loopback,bench,7,0,OK,PASS,12,4096,64,128,16,214.386,425.42199999999997,126.337,83.255,1.444,1.413,,2,,0,0,16812288,112520,16803560,121064,16924480,132222.5,258.2470703125,"tcp_two_process; p0_noisy_vole_receiver; real_libOTe_NoisyVole_split_input_length_2t; F=array<u64,M>; G=u64; vector_fixed_prime_setup; local_expand; tcp_two_process; p1_noisy_vole_sender; real_libOTe_NoisyVole_split_input_length_2t; F=array<u64,M>; G=u64; vector_fixed_prime_setup; local_expand"
2026-07-26T05:50:17.320568+00:00,4a917afb6ebeca9bce885fae7f25d0ac0264ecb6,RMVOLE_NET_BENCH,RM_VECTOR_GENERIC_SPLIT,vector,split-input-vole,LOCAL_TCP,tcp-loopback,bench,8,0,OK,PASS,12,4096,64,128,16,214.40400000000002,425.571,126.56500000000001,83.146,1.456,1.444,,2,,0,0,16812288,112520,16803560,121064,16924480,132222.5,258.2470703125,"tcp_two_process; p0_noisy_vole_receiver; real_libOTe_NoisyVole_split_input_length_2t; F=array<u64,M>; G=u64; vector_fixed_prime_setup; local_expand; tcp_two_process; p1_noisy_vole_sender; real_libOTe_NoisyVole_split_input_length_2t; F=array<u64,M>; G=u64; vector_fixed_prime_setup; local_expand"
2026-07-26T05:50:17.774313+00:00,4a917afb6ebeca9bce885fae7f25d0ac0264ecb6,RMVOLE_NET_BENCH,RM_VECTOR_GENERIC_SPLIT,vector,split-input-vole,LOCAL_TCP,tcp-loopback,bench,9,0,OK,PASS,12,4096,64,128,16,214.142,425.132,126.304,83.24,1.446,1.39,,2,,0,0,16812288,112520,16803560,121064,16924480,132222.5,258.2470703125,"tcp_two_process; p0_noisy_vole_receiver; real_libOTe_NoisyVole_split_input_length_2t; F=array<u64,M>; G=u64; vector_fixed_prime_setup; local_expand; tcp_two_process; p1_noisy_vole_sender; real_libOTe_NoisyVole_split_input_length_2t; F=array<u64,M>; G=u64; vector_fixed_prime_setup; local_expand"
2026-07-26T05:50:19.029694+00:00,4a917afb6ebeca9bce885fae7f25d0ac0264ecb6,RMVOLE_NET_BENCH,RM_COORD_GENERIC_SPLIT,coordinate,split-input-vole,LOCAL_TCP,tcp-loopback,verify,-2,0,OK,PASS,12,4096,64,128,16,1025.328,2049.408,144.74,876.874,2.4659999999999997,1.813,,32,,0,0,16812288,1371264,17752312,431384,17069440,133355.0,260.458984375,"tcp_two_process; p0_noisy_vole_receiver; real_libOTe_NoisyVole_split_input_length_2t; F=array<u64,M>; G=u64; coordinate_scalar_fixed_prime_setup; local_expand; tcp_two_process; p1_noisy_vole_sender; real_libOTe_NoisyVole_split_input_length_2t; F=array<u64,M>; G=u64; coordinate_scalar_fixed_prime_setup; local_expand"
2026-07-26T05:50:20.334800+00:00,4a917afb6ebeca9bce885fae7f25d0ac0264ecb6,RMVOLE_NET_BENCH,RM_COORD_GENERIC_SPLIT,coordinate,split-input-vole,LOCAL_TCP,tcp-loopback,bench,-1,1,OK,PASS,12,4096,64,128,16,1051.802,2097.094,149.928,893.9200000000001,1.444,1.7799999999999998,,32,,0,0,16812288,814520,17195240,431384,17626480,137706.875,268.958740234375,"tcp_two_process; p0_noisy_vole_receiver; real_libOTe_NoisyVole_split_input_length_2t; F=array<u64,M>; G=u64; coordinate_scalar_fixed_prime_setup; local_expand; tcp_two_process; p1_noisy_vole_sender; real_libOTe_NoisyVole_split_input_length_2t; F=array<u64,M>; G=u64; coordinate_scalar_fixed_prime_setup; local_expand"
2026-07-26T05:50:21.489759+00:00,4a917afb6ebeca9bce885fae7f25d0ac0264ecb6,RMVOLE_NET_BENCH,RM_COORD_GENERIC_SPLIT,coordinate,split-input-vole,LOCAL_TCP,tcp-loopback,bench,0,0,OK,PASS,12,4096,64,128,16,901.069,1798.408,125.972,769.884,1.4829999999999999,1.729,,32,,0,0,16812288,814520,17195240,431384,17626480,137706.875,268.958740234375,"tcp_two_process; p0_noisy_vole_receiver; real_libOTe_NoisyVole_split_input_length_2t; F=array<u64,M>; G=u64; coordinate_scalar_fixed_prime_setup; local_expand; tcp_two_process; p1_noisy_vole_sender; real_libOTe_NoisyVole_split_input_length_2t; F=array<u64,M>; G=u64; coordinate_scalar_fixed_prime_setup; local_expand"
2026-07-26T05:50:22.694779+00:00,4a917afb6ebeca9bce885fae7f25d0ac0264ecb6,RMVOLE_NET_BENCH,RM_COORD_GENERIC_SPLIT,coordinate,split-input-vole,LOCAL_TCP,tcp-loopback,bench,1,0,OK,PASS,12,4096,64,128,16,982.144,1955.2939999999999,156.232,815.4,1.517,2.321,,32,,0,0,16812288,814520,17195240,431384,17626480,137706.875,268.958740234375,"tcp_two_process; p0_noisy_vole_receiver; real_libOTe_NoisyVole_split_input_length_2t; F=array<u64,M>; G=u64; coordinate_scalar_fixed_prime_setup; local_expand; tcp_two_process; p1_noisy_vole_sender; real_libOTe_NoisyVole_split_input_length_2t; F=array<u64,M>; G=u64; coordinate_scalar_fixed_prime_setup; local_expand"
2026-07-26T05:50:23.849690+00:00,4a917afb6ebeca9bce885fae7f25d0ac0264ecb6,RMVOLE_NET_BENCH,RM_COORD_GENERIC_SPLIT,coordinate,split-input-vole,LOCAL_TCP,tcp-loopback,bench,2,0,OK,PASS,12,4096,64,128,16,902.8009999999999,1801.577,126.12599999999999,771.197,1.453,1.771,,32,,0,0,16812288,814520,17195240,431384,17626480,137706.875,268.958740234375,"tcp_two_process; p0_noisy_vole_receiver; real_libOTe_NoisyVole_split_input_length_2t; F=array<u64,M>; G=u64; coordinate_scalar_fixed_prime_setup; local_expand; tcp_two_process; p1_noisy_vole_sender; real_libOTe_NoisyVole_split_input_length_2t; F=array<u64,M>; G=u64; coordinate_scalar_fixed_prime_setup; local_expand"
2026-07-26T05:50:25.054968+00:00,4a917afb6ebeca9bce885fae7f25d0ac0264ecb6,RMVOLE_NET_BENCH,RM_COORD_GENERIC_SPLIT,coordinate,split-input-vole,LOCAL_TCP,tcp-loopback,bench,3,0,OK,PASS,12,4096,64,128,16,941.89,1880.0780000000002,139.067,797.686,1.435,1.7619999999999998,,32,,0,0,16812288,814520,17195240,431384,17626480,137706.875,268.958740234375,"tcp_two_process; p0_noisy_vole_receiver; real_libOTe_NoisyVole_split_input_length_2t; F=array<u64,M>; G=u64; coordinate_scalar_fixed_prime_setup; local_expand; tcp_two_process; p1_noisy_vole_sender; real_libOTe_NoisyVole_split_input_length_2t; F=array<u64,M>; G=u64; coordinate_scalar_fixed_prime_setup; local_expand"
2026-07-26T05:50:26.211205+00:00,4a917afb6ebeca9bce885fae7f25d0ac0264ecb6,RMVOLE_NET_BENCH,RM_COORD_GENERIC_SPLIT,coordinate,split-input-vole,LOCAL_TCP,tcp-loopback,bench,4,0,OK,PASS,12,4096,64,128,16,930.232,1856.715,125.78,799.256,1.4469999999999998,2.022,,32,,0,0,16812288,814520,17195240,431384,17626480,137706.875,268.958740234375,"tcp_two_process; p0_noisy_vole_receiver; real_libOTe_NoisyVole_split_input_length_2t; F=array<u64,M>; G=u64; coordinate_scalar_fixed_prime_setup; local_expand; tcp_two_process; p1_noisy_vole_sender; real_libOTe_NoisyVole_split_input_length_2t; F=array<u64,M>; G=u64; coordinate_scalar_fixed_prime_setup; local_expand"
2026-07-26T05:50:27.366013+00:00,4a917afb6ebeca9bce885fae7f25d0ac0264ecb6,RMVOLE_NET_BENCH,RM_COORD_GENERIC_SPLIT,coordinate,split-input-vole,LOCAL_TCP,tcp-loopback,bench,5,0,OK,PASS,12,4096,64,128,16,924.607,1845.473,126.20500000000001,793.203,1.4569999999999999,1.737,,32,,0,0,16812288,814520,17195240,431384,17626480,137706.875,268.958740234375,"tcp_two_process; p0_noisy_vole_receiver; real_libOTe_NoisyVole_split_input_length_2t; F=array<u64,M>; G=u64; coordinate_scalar_fixed_prime_setup; local_expand; tcp_two_process; p1_noisy_vole_sender; real_libOTe_NoisyVole_split_input_length_2t; F=array<u64,M>; G=u64; coordinate_scalar_fixed_prime_setup; local_expand"
2026-07-26T05:50:28.520651+00:00,4a917afb6ebeca9bce885fae7f25d0ac0264ecb6,RMVOLE_NET_BENCH,RM_COORD_GENERIC_SPLIT,coordinate,split-input-vole,LOCAL_TCP,tcp-loopback,bench,6,0,OK,PASS,12,4096,64,128,16,893.0550000000001,1782.2910000000002,125.98899999999999,761.7479999999999,1.4989999999999999,1.7550000000000001,,32,,0,0,16812288,814520,17195240,431384,17626480,137706.875,268.958740234375,"tcp_two_process; p0_noisy_vole_receiver; real_libOTe_NoisyVole_split_input_length_2t; F=array<u64,M>; G=u64; coordinate_scalar_fixed_prime_setup; local_expand; tcp_two_process; p1_noisy_vole_sender; real_libOTe_NoisyVole_split_input_length_2t; F=array<u64,M>; G=u64; coordinate_scalar_fixed_prime_setup; local_expand"
2026-07-26T05:50:29.725511+00:00,4a917afb6ebeca9bce885fae7f25d0ac0264ecb6,RMVOLE_NET_BENCH,RM_COORD_GENERIC_SPLIT,coordinate,split-input-vole,LOCAL_TCP,tcp-loopback,bench,7,0,OK,PASS,12,4096,64,128,16,956.896,1910.8269999999998,126.87,825.611,1.45,1.7489999999999999,,32,,0,0,16812288,814520,17195240,431384,17626480,137706.875,268.958740234375,"tcp_two_process; p0_noisy_vole_receiver; real_libOTe_NoisyVole_split_input_length_2t; F=array<u64,M>; G=u64; coordinate_scalar_fixed_prime_setup; local_expand; tcp_two_process; p1_noisy_vole_sender; real_libOTe_NoisyVole_split_input_length_2t; F=array<u64,M>; G=u64; coordinate_scalar_fixed_prime_setup; local_expand"
2026-07-26T05:50:30.880315+00:00,4a917afb6ebeca9bce885fae7f25d0ac0264ecb6,RMVOLE_NET_BENCH,RM_COORD_GENERIC_SPLIT,coordinate,split-input-vole,LOCAL_TCP,tcp-loopback,bench,8,0,OK,PASS,12,4096,64,128,16,911.358,1819.4550000000002,126.027,780.143,1.9269999999999998,1.766,,32,,0,0,16812288,814520,17195240,431384,17626480,137706.875,268.958740234375,"tcp_two_process; p0_noisy_vole_receiver; real_libOTe_NoisyVole_split_input_length_2t; F=array<u64,M>; G=u64; coordinate_scalar_fixed_prime_setup; local_expand; tcp_two_process; p1_noisy_vole_sender; real_libOTe_NoisyVole_split_input_length_2t; F=array<u64,M>; G=u64; coordinate_scalar_fixed_prime_setup; local_expand"
2026-07-26T05:50:32.035300+00:00,4a917afb6ebeca9bce885fae7f25d0ac0264ecb6,RMVOLE_NET_BENCH,RM_COORD_GENERIC_SPLIT,coordinate,split-input-vole,LOCAL_TCP,tcp-loopback,bench,9,0,OK,PASS,12,4096,64,128,16,929.833,1855.864,125.90799999999999,798.665,1.459,1.799,,32,,0,0,16812288,814520,17195240,431384,17626480,137706.875,268.958740234375,"tcp_two_process; p0_noisy_vole_receiver; real_libOTe_NoisyVole_split_input_length_2t; F=array<u64,M>; G=u64; coordinate_scalar_fixed_prime_setup; local_expand; tcp_two_process; p1_noisy_vole_sender; real_libOTe_NoisyVole_split_input_length_2t; F=array<u64,M>; G=u64; coordinate_scalar_fixed_prime_setup; local_expand"
2026-07-26T05:50:32.338789+00:00,4a917afb6ebeca9bce885fae7f25d0ac0264ecb6,RMVOLE_NET_BENCH,RM_VECTOR_OPT,vector,split-input-coeff-ot,LOCAL_TCP,tcp-loopback,verify,-2,0,OK,PASS,12,4096,64,128,16,79.21000000000001,145.821,28.191999999999997,49.565,1.454,1.415,,2,,0,0,2378256,669264,708344,2339320,1933408,15104.75,29.50146484375,tcp_two_process; p0_coeff_bit_ot_receiver; SPLIT_COEFF_OT; one_batched_Kos_chosen_message_OT; vector_fixed_prime_setup; local_expand; tcp_two_process; p1_coeff_bit_ot_sender; SPLIT_COEFF_OT; one_batched_Kos_chosen_message_OT; vector_fixed_prime_setup; local_expand
2026-07-26T05:50:32.642324+00:00,4a917afb6ebeca9bce885fae7f25d0ac0264ecb6,RMVOLE_NET_BENCH,RM_VECTOR_OPT,vector,split-input-coeff-ot,LOCAL_TCP,tcp-loopback,bench,-1,1,OK,PASS,12,4096,64,128,16,78.729,145.51500000000001,28.136000000000003,49.167,1.425,1.414,,2,,0,0,2378256,112520,151272,2339320,2490448,19456.625,38.001220703125,tcp_two_process; p0_coeff_bit_ot_receiver; SPLIT_COEFF_OT; one_batched_Kos_chosen_message_OT; vector_fixed_prime_setup; local_expand; tcp_two_process; p1_coeff_bit_ot_sender; SPLIT_COEFF_OT; one_batched_Kos_chosen_message_OT; vector_fixed_prime_setup; local_expand
2026-07-26T05:50:32.945885+00:00,4a917afb6ebeca9bce885fae7f25d0ac0264ecb6,RMVOLE_NET_BENCH,RM_VECTOR_OPT,vector,split-input-coeff-ot,LOCAL_TCP,tcp-loopback,bench,0,0,OK,PASS,12,4096,64,128,16,78.81299999999999,145.618,28.274,49.129,1.41,1.415,,2,,0,0,2378256,112520,151272,2339320,2490448,19456.625,38.001220703125,tcp_two_process; p0_coeff_bit_ot_receiver; SPLIT_COEFF_OT; one_batched_Kos_chosen_message_OT; vector_fixed_prime_setup; local_expand; tcp_two_process; p1_coeff_bit_ot_sender; SPLIT_COEFF_OT; one_batched_Kos_chosen_message_OT; vector_fixed_prime_setup; local_expand
2026-07-26T05:50:33.249391+00:00,4a917afb6ebeca9bce885fae7f25d0ac0264ecb6,RMVOLE_NET_BENCH,RM_VECTOR_OPT,vector,split-input-coeff-ot,LOCAL_TCP,tcp-loopback,bench,1,0,OK,PASS,12,4096,64,128,16,79.17699999999999,146.379,28.355999999999998,49.408,1.413,1.409,,2,,0,0,2378256,112520,151272,2339320,2490448,19456.625,38.001220703125,tcp_two_process; p0_coeff_bit_ot_receiver; SPLIT_COEFF_OT; one_batched_Kos_chosen_message_OT; vector_fixed_prime_setup; local_expand; tcp_two_process; p1_coeff_bit_ot_sender; SPLIT_COEFF_OT; one_batched_Kos_chosen_message_OT; vector_fixed_prime_setup; local_expand
2026-07-26T05:50:33.553450+00:00,4a917afb6ebeca9bce885fae7f25d0ac0264ecb6,RMVOLE_NET_BENCH,RM_VECTOR_OPT,vector,split-input-coeff-ot,LOCAL_TCP,tcp-loopback,bench,2,0,OK,PASS,12,4096,64,128,16,78.86999999999999,145.927,28.218,49.22,1.432,1.428,,2,,0,0,2378256,112520,151272,2339320,2490448,19456.625,38.001220703125,tcp_two_process; p0_coeff_bit_ot_receiver; SPLIT_COEFF_OT; one_batched_Kos_chosen_message_OT; vector_fixed_prime_setup; local_expand; tcp_two_process; p1_coeff_bit_ot_sender; SPLIT_COEFF_OT; one_batched_Kos_chosen_message_OT; vector_fixed_prime_setup; local_expand
2026-07-26T05:50:33.857109+00:00,4a917afb6ebeca9bce885fae7f25d0ac0264ecb6,RMVOLE_NET_BENCH,RM_VECTOR_OPT,vector,split-input-coeff-ot,LOCAL_TCP,tcp-loopback,bench,3,0,OK,PASS,12,4096,64,128,16,79.968,146.96599999999998,29.114,49.399,1.456,1.425,,2,,0,0,2378256,112520,151272,2339320,2490448,19456.625,38.001220703125,tcp_two_process; p0_coeff_bit_ot_receiver; SPLIT_COEFF_OT; one_batched_Kos_chosen_message_OT; vector_fixed_prime_setup; local_expand; tcp_two_process; p1_coeff_bit_ot_sender; SPLIT_COEFF_OT; one_batched_Kos_chosen_message_OT; vector_fixed_prime_setup; local_expand
2026-07-26T05:50:34.160647+00:00,4a917afb6ebeca9bce885fae7f25d0ac0264ecb6,RMVOLE_NET_BENCH,RM_VECTOR_OPT,vector,split-input-coeff-ot,LOCAL_TCP,tcp-loopback,bench,4,0,OK,PASS,12,4096,64,128,16,78.17200000000001,144.425,28.064,48.667,1.442,1.3780000000000001,,2,,0,0,2378256,112520,151272,2339320,2490448,19456.625,38.001220703125,tcp_two_process; p0_coeff_bit_ot_receiver; SPLIT_COEFF_OT; one_batched_Kos_chosen_message_OT; vector_fixed_prime_setup; local_expand; tcp_two_process; p1_coeff_bit_ot_sender; SPLIT_COEFF_OT; one_batched_Kos_chosen_message_OT; vector_fixed_prime_setup; local_expand
2026-07-26T05:50:34.464174+00:00,4a917afb6ebeca9bce885fae7f25d0ac0264ecb6,RMVOLE_NET_BENCH,RM_VECTOR_OPT,vector,split-input-coeff-ot,LOCAL_TCP,tcp-loopback,bench,5,0,OK,PASS,12,4096,64,128,16,79.504,147.02700000000002,28.989,49.111000000000004,1.4040000000000001,1.38,,2,,0,0,2378256,112520,151272,2339320,2490448,19456.625,38.001220703125,tcp_two_process; p0_coeff_bit_ot_receiver; SPLIT_COEFF_OT; one_batched_Kos_chosen_message_OT; vector_fixed_prime_setup; local_expand; tcp_two_process; p1_coeff_bit_ot_sender; SPLIT_COEFF_OT; one_batched_Kos_chosen_message_OT; vector_fixed_prime_setup; local_expand
2026-07-26T05:50:34.767275+00:00,4a917afb6ebeca9bce885fae7f25d0ac0264ecb6,RMVOLE_NET_BENCH,RM_VECTOR_OPT,vector,split-input-coeff-ot,LOCAL_TCP,tcp-loopback,bench,6,0,OK,PASS,12,4096,64,128,16,77.991,144.422,27.699,48.876999999999995,1.414,1.3840000000000001,,2,,0,0,2378256,112520,151272,2339320,2490448,19456.625,38.001220703125,tcp_two_process; p0_coeff_bit_ot_receiver; SPLIT_COEFF_OT; one_batched_Kos_chosen_message_OT; vector_fixed_prime_setup; local_expand; tcp_two_process; p1_coeff_bit_ot_sender; SPLIT_COEFF_OT; one_batched_Kos_chosen_message_OT; vector_fixed_prime_setup; local_expand
2026-07-26T05:50:35.070449+00:00,4a917afb6ebeca9bce885fae7f25d0ac0264ecb6,RMVOLE_NET_BENCH,RM_VECTOR_OPT,vector,split-input-coeff-ot,LOCAL_TCP,tcp-loopback,bench,7,0,OK,PASS,12,4096,64,128,16,82.128,151.38000000000002,29.825,50.532000000000004,1.771,1.446,,2,,0,0,2378256,112520,151272,2339320,2490448,19456.625,38.001220703125,tcp_two_process; p0_coeff_bit_ot_receiver; SPLIT_COEFF_OT; one_batched_Kos_chosen_message_OT; vector_fixed_prime_setup; local_expand; tcp_two_process; p1_coeff_bit_ot_sender; SPLIT_COEFF_OT; one_batched_Kos_chosen_message_OT; vector_fixed_prime_setup; local_expand
2026-07-26T05:50:35.373761+00:00,4a917afb6ebeca9bce885fae7f25d0ac0264ecb6,RMVOLE_NET_BENCH,RM_VECTOR_OPT,vector,split-input-coeff-ot,LOCAL_TCP,tcp-loopback,bench,8,0,OK,PASS,12,4096,64,128,16,78.967,146.78999999999996,28.409,49.147999999999996,1.409,1.38,,2,,0,0,2378256,112520,151272,2339320,2490448,19456.625,38.001220703125,tcp_two_process; p0_coeff_bit_ot_receiver; SPLIT_COEFF_OT; one_batched_Kos_chosen_message_OT; vector_fixed_prime_setup; local_expand; tcp_two_process; p1_coeff_bit_ot_sender; SPLIT_COEFF_OT; one_batched_Kos_chosen_message_OT; vector_fixed_prime_setup; local_expand
2026-07-26T05:50:35.677056+00:00,4a917afb6ebeca9bce885fae7f25d0ac0264ecb6,RMVOLE_NET_BENCH,RM_VECTOR_OPT,vector,split-input-coeff-ot,LOCAL_TCP,tcp-loopback,bench,9,0,OK,PASS,12,4096,64,128,16,78.403,144.817,28.13,48.853,1.4189999999999998,1.389,,2,,0,0,2378256,112520,151272,2339320,2490448,19456.625,38.001220703125,tcp_two_process; p0_coeff_bit_ot_receiver; SPLIT_COEFF_OT; one_batched_Kos_chosen_message_OT; vector_fixed_prime_setup; local_expand; tcp_two_process; p1_coeff_bit_ot_sender; SPLIT_COEFF_OT; one_batched_Kos_chosen_message_OT; vector_fixed_prime_setup; local_expand
2026-07-26T05:50:36.732038+00:00,4a917afb6ebeca9bce885fae7f25d0ac0264ecb6,RMVOLE_NET_BENCH,RM_COORD_OPT,coordinate,split-input-coeff-ot,LOCAL_TCP,tcp-loopback,verify,-2,0,OK,PASS,12,4096,64,128,16,829.6719999999999,1647.2150000000001,28.082,800.083,1.508,1.643,,32,,0,0,2378256,1371264,1100024,2649640,2635408,20589.125,40.213134765625,tcp_two_process; p0_coeff_bit_ot_receiver; SPLIT_COEFF_OT; one_batched_Kos_chosen_message_OT; coordinate_scalar_fixed_prime_setup; local_expand; tcp_two_process; p1_coeff_bit_ot_sender; SPLIT_COEFF_OT; one_batched_Kos_chosen_message_OT; coordinate_scalar_fixed_prime_setup; local_expand
2026-07-26T05:50:37.937058+00:00,4a917afb6ebeca9bce885fae7f25d0ac0264ecb6,RMVOLE_NET_BENCH,RM_COORD_OPT,coordinate,split-input-coeff-ot,LOCAL_TCP,tcp-loopback,bench,-1,1,OK,PASS,12,4096,64,128,16,955.202,1896.588,29.443,923.436,2.3240000000000003,1.642,,32,,0,0,2378256,814520,542952,2649640,3192448,24941.0,48.712890625,tcp_two_process; p0_coeff_bit_ot_receiver; SPLIT_COEFF_OT; one_batched_Kos_chosen_message_OT; coordinate_scalar_fixed_prime_setup; local_expand; tcp_two_process; p1_coeff_bit_ot_sender; SPLIT_COEFF_OT; one_batched_Kos_chosen_message_OT; coordinate_scalar_fixed_prime_setup; local_expand
2026-07-26T05:50:38.991883+00:00,4a917afb6ebeca9bce885fae7f25d0ac0264ecb6,RMVOLE_NET_BENCH,RM_COORD_OPT,coordinate,split-input-coeff-ot,LOCAL_TCP,tcp-loopback,bench,0,0,OK,PASS,12,4096,64,128,16,805.601,1597.9990000000003,31.345,772.77,1.486,1.647,,32,,0,0,2378256,814520,542952,2649640,3192448,24941.0,48.712890625,tcp_two_process; p0_coeff_bit_ot_receiver; SPLIT_COEFF_OT; one_batched_Kos_chosen_message_OT; coordinate_scalar_fixed_prime_setup; local_expand; tcp_two_process; p1_coeff_bit_ot_sender; SPLIT_COEFF_OT; one_batched_Kos_chosen_message_OT; coordinate_scalar_fixed_prime_setup; local_expand
2026-07-26T05:50:39.995930+00:00,4a917afb6ebeca9bce885fae7f25d0ac0264ecb6,RMVOLE_NET_BENCH,RM_COORD_OPT,coordinate,split-input-coeff-ot,LOCAL_TCP,tcp-loopback,bench,1,0,OK,PASS,12,4096,64,128,16,758.0559999999999,1504.57,28.009,728.5930000000001,1.454,1.653,,32,,0,0,2378256,814520,542952,2649640,3192448,24941.0,48.712890625,tcp_two_process; p0_coeff_bit_ot_receiver; SPLIT_COEFF_OT; one_batched_Kos_chosen_message_OT; coordinate_scalar_fixed_prime_setup; local_expand; tcp_two_process; p1_coeff_bit_ot_sender; SPLIT_COEFF_OT; one_batched_Kos_chosen_message_OT; coordinate_scalar_fixed_prime_setup; local_expand
2026-07-26T05:50:41.000548+00:00,4a917afb6ebeca9bce885fae7f25d0ac0264ecb6,RMVOLE_NET_BENCH,RM_COORD_OPT,coordinate,split-input-coeff-ot,LOCAL_TCP,tcp-loopback,bench,2,0,OK,PASS,12,4096,64,128,16,777.037,1542.233,28.179,747.1999999999999,1.657,1.997,,32,,0,0,2378256,814520,542952,2649640,3192448,24941.0,48.712890625,tcp_two_process; p0_coeff_bit_ot_receiver; SPLIT_COEFF_OT; one_batched_Kos_chosen_message_OT; coordinate_scalar_fixed_prime_setup; local_expand; tcp_two_process; p1_coeff_bit_ot_sender; SPLIT_COEFF_OT; one_batched_Kos_chosen_message_OT; coordinate_scalar_fixed_prime_setup; local_expand
2026-07-26T05:50:42.005623+00:00,4a917afb6ebeca9bce885fae7f25d0ac0264ecb6,RMVOLE_NET_BENCH,RM_COORD_OPT,coordinate,split-input-coeff-ot,LOCAL_TCP,tcp-loopback,bench,3,0,OK,PASS,12,4096,64,128,16,755.4490000000001,1499.2160000000001,28.312,725.679,1.459,1.656,,32,,0,0,2378256,814520,542952,2649640,3192448,24941.0,48.712890625,tcp_two_process; p0_coeff_bit_ot_receiver; SPLIT_COEFF_OT; one_batched_Kos_chosen_message_OT; coordinate_scalar_fixed_prime_setup; local_expand; tcp_two_process; p1_coeff_bit_ot_sender; SPLIT_COEFF_OT; one_batched_Kos_chosen_message_OT; coordinate_scalar_fixed_prime_setup; local_expand
2026-07-26T05:50:43.060476+00:00,4a917afb6ebeca9bce885fae7f25d0ac0264ecb6,RMVOLE_NET_BENCH,RM_COORD_OPT,coordinate,split-input-coeff-ot,LOCAL_TCP,tcp-loopback,bench,4,0,OK,PASS,12,4096,64,128,16,795.794,1579.9289999999999,28.293,766.046,1.4549999999999998,1.637,,32,,0,0,2378256,814520,542952,2649640,3192448,24941.0,48.712890625,tcp_two_process; p0_coeff_bit_ot_receiver; SPLIT_COEFF_OT; one_batched_Kos_chosen_message_OT; coordinate_scalar_fixed_prime_setup; local_expand; tcp_two_process; p1_coeff_bit_ot_sender; SPLIT_COEFF_OT; one_batched_Kos_chosen_message_OT; coordinate_scalar_fixed_prime_setup; local_expand
2026-07-26T05:50:44.064894+00:00,4a917afb6ebeca9bce885fae7f25d0ac0264ecb6,RMVOLE_NET_BENCH,RM_COORD_OPT,coordinate,split-input-coeff-ot,LOCAL_TCP,tcp-loopback,bench,5,0,OK,PASS,12,4096,64,128,16,757.0219999999999,1502.441,28.164,727.422,1.435,1.639,,32,,0,0,2378256,814520,542952,2649640,3192448,24941.0,48.712890625,tcp_two_process; p0_coeff_bit_ot_receiver; SPLIT_COEFF_OT; one_batched_Kos_chosen_message_OT; coordinate_scalar_fixed_prime_setup; local_expand; tcp_two_process; p1_coeff_bit_ot_sender; SPLIT_COEFF_OT; one_batched_Kos_chosen_message_OT; coordinate_scalar_fixed_prime_setup; local_expand
2026-07-26T05:50:45.069389+00:00,4a917afb6ebeca9bce885fae7f25d0ac0264ecb6,RMVOLE_NET_BENCH,RM_COORD_OPT,coordinate,split-input-coeff-ot,LOCAL_TCP,tcp-loopback,bench,6,0,OK,PASS,12,4096,64,128,16,780.2750000000001,1548.933,28.25,750.5840000000001,1.441,1.639,,32,,0,0,2378256,814520,542952,2649640,3192448,24941.0,48.712890625,tcp_two_process; p0_coeff_bit_ot_receiver; SPLIT_COEFF_OT; one_batched_Kos_chosen_message_OT; coordinate_scalar_fixed_prime_setup; local_expand; tcp_two_process; p1_coeff_bit_ot_sender; SPLIT_COEFF_OT; one_batched_Kos_chosen_message_OT; coordinate_scalar_fixed_prime_setup; local_expand
2026-07-26T05:50:46.074909+00:00,4a917afb6ebeca9bce885fae7f25d0ac0264ecb6,RMVOLE_NET_BENCH,RM_COORD_OPT,coordinate,split-input-coeff-ot,LOCAL_TCP,tcp-loopback,bench,7,0,OK,PASS,12,4096,64,128,16,782.9979999999999,1555.212,28.697,752.818,1.4829999999999999,1.645,,32,,0,0,2378256,814520,542952,2649640,3192448,24941.0,48.712890625,tcp_two_process; p0_coeff_bit_ot_receiver; SPLIT_COEFF_OT; one_batched_Kos_chosen_message_OT; coordinate_scalar_fixed_prime_setup; local_expand; tcp_two_process; p1_coeff_bit_ot_sender; SPLIT_COEFF_OT; one_batched_Kos_chosen_message_OT; coordinate_scalar_fixed_prime_setup; local_expand
2026-07-26T05:50:47.129857+00:00,4a917afb6ebeca9bce885fae7f25d0ac0264ecb6,RMVOLE_NET_BENCH,RM_COORD_OPT,coordinate,split-input-coeff-ot,LOCAL_TCP,tcp-loopback,bench,8,0,OK,PASS,12,4096,64,128,16,792.505,1573.415,28.18,762.8660000000001,1.46,1.6620000000000001,,32,,0,0,2378256,814520,542952,2649640,3192448,24941.0,48.712890625,tcp_two_process; p0_coeff_bit_ot_receiver; SPLIT_COEFF_OT; one_batched_Kos_chosen_message_OT; coordinate_scalar_fixed_prime_setup; local_expand; tcp_two_process; p1_coeff_bit_ot_sender; SPLIT_COEFF_OT; one_batched_Kos_chosen_message_OT; coordinate_scalar_fixed_prime_setup; local_expand
2026-07-26T05:50:48.134462+00:00,4a917afb6ebeca9bce885fae7f25d0ac0264ecb6,RMVOLE_NET_BENCH,RM_COORD_OPT,coordinate,split-input-coeff-ot,LOCAL_TCP,tcp-loopback,bench,9,0,OK,PASS,12,4096,64,128,16,767.554,1522.616,28.313000000000002,737.0,2.241,1.639,,32,,0,0,2378256,814520,542952,2649640,3192448,24941.0,48.712890625,tcp_two_process; p0_coeff_bit_ot_receiver; SPLIT_COEFF_OT; one_batched_Kos_chosen_message_OT; coordinate_scalar_fixed_prime_setup; local_expand; tcp_two_process; p1_coeff_bit_ot_sender; SPLIT_COEFF_OT; one_batched_Kos_chosen_message_OT; coordinate_scalar_fixed_prime_setup; local_expand
2026-07-26T05:50:48.888633+00:00,4a917afb6ebeca9bce885fae7f25d0ac0264ecb6,RMVOLE_NET_BENCH,RM_VECTOR_GENERIC_SPLIT,vector,split-input-vole,LOCAL_TCP,tcp-loopback,verify,-2,0,OK,PASS,12,4096,64,128,32,502.09099999999995,982.21,333.346,143.631,3.142,2.7560000000000002,,2,,0,0,67178880,1258960,68216696,221416,66275152,517774.625,505.6392822265625,"tcp_two_process; p0_noisy_vole_receiver; real_libOTe_NoisyVole_split_input_length_2t; F=array<u64,M>; G=u64; vector_fixed_prime_setup; local_expand; tcp_two_process; p1_noisy_vole_sender; real_libOTe_NoisyVole_split_input_length_2t; F=array<u64,M>; G=u64; vector_fixed_prime_setup; local_expand"
2026-07-26T05:50:49.592570+00:00,4a917afb6ebeca9bce885fae7f25d0ac0264ecb6,RMVOLE_NET_BENCH,RM_VECTOR_GENERIC_SPLIT,vector,split-input-vole,LOCAL_TCP,tcp-loopback,bench,-1,1,OK,PASS,12,4096,64,128,32,475.04,930.505,310.992,141.673,2.801,2.733,,2,,0,0,67178880,178184,67135336,221416,67356480,526222.5,513.88916015625,"tcp_two_process; p0_noisy_vole_receiver; real_libOTe_NoisyVole_split_input_length_2t; F=array<u64,M>; G=u64; vector_fixed_prime_setup; local_expand; tcp_two_process; p1_noisy_vole_sender; real_libOTe_NoisyVole_split_input_length_2t; F=array<u64,M>; G=u64; vector_fixed_prime_setup; local_expand"
2026-07-26T05:50:50.346759+00:00,4a917afb6ebeca9bce885fae7f25d0ac0264ecb6,RMVOLE_NET_BENCH,RM_VECTOR_GENERIC_SPLIT,vector,split-input-vole,LOCAL_TCP,tcp-loopback,bench,0,0,OK,PASS,12,4096,64,128,32,498.953,978.617,329.418,147.399,2.847,2.765,,2,,0,0,67178880,178184,67135336,221416,67356480,526222.5,513.88916015625,"tcp_two_process; p0_noisy_vole_receiver; real_libOTe_NoisyVole_split_input_length_2t; F=array<u64,M>; G=u64; vector_fixed_prime_setup; local_expand; tcp_two_process; p1_noisy_vole_sender; real_libOTe_NoisyVole_split_input_length_2t; F=array<u64,M>; G=u64; vector_fixed_prime_setup; local_expand"
2026-07-26T05:50:51.050933+00:00,4a917afb6ebeca9bce885fae7f25d0ac0264ecb6,RMVOLE_NET_BENCH,RM_VECTOR_GENERIC_SPLIT,vector,split-input-vole,LOCAL_TCP,tcp-loopback,bench,1,0,OK,PASS,12,4096,64,128,32,470.58,921.5260000000001,305.031,143.05399999999997,2.862,2.783,,2,,0,0,67178880,178184,67135336,221416,67356480,526222.5,513.88916015625,"tcp_two_process; p0_noisy_vole_receiver; real_libOTe_NoisyVole_split_input_length_2t; F=array<u64,M>; G=u64; vector_fixed_prime_setup; local_expand; tcp_two_process; p1_noisy_vole_sender; real_libOTe_NoisyVole_split_input_length_2t; F=array<u64,M>; G=u64; vector_fixed_prime_setup; local_expand"
2026-07-26T05:50:51.805434+00:00,4a917afb6ebeca9bce885fae7f25d0ac0264ecb6,RMVOLE_NET_BENCH,RM_VECTOR_GENERIC_SPLIT,vector,split-input-vole,LOCAL_TCP,tcp-loopback,bench,2,0,OK,PASS,12,4096,64,128,32,511.494,1001.372,326.089,159.27700000000002,4.5120000000000005,3.4610000000000003,,2,,0,0,67178880,178184,67135336,221416,67356480,526222.5,513.88916015625,"tcp_two_process; p0_noisy_vole_receiver; real_libOTe_NoisyVole_split_input_length_2t; F=array<u64,M>; G=u64; vector_fixed_prime_setup; local_expand; tcp_two_process; p1_noisy_vole_sender; real_libOTe_NoisyVole_split_input_length_2t; F=array<u64,M>; G=u64; vector_fixed_prime_setup; local_expand"
2026-07-26T05:50:52.559654+00:00,4a917afb6ebeca9bce885fae7f25d0ac0264ecb6,RMVOLE_NET_BENCH,RM_VECTOR_GENERIC_SPLIT,vector,split-input-vole,LOCAL_TCP,tcp-loopback,bench,3,0,OK,PASS,12,4096,64,128,32,486.022,951.8230000000001,304.828,158.114,2.859,2.764,,2,,0,0,67178880,178184,67135336,221416,67356480,526222.5,513.88916015625,"tcp_two_process; p0_noisy_vole_receiver; real_libOTe_NoisyVole_split_input_length_2t; F=array<u64,M>; G=u64; vector_fixed_prime_setup; local_expand; tcp_two_process; p1_noisy_vole_sender; real_libOTe_NoisyVole_split_input_length_2t; F=array<u64,M>; G=u64; vector_fixed_prime_setup; local_expand"
2026-07-26T05:50:53.263762+00:00,4a917afb6ebeca9bce885fae7f25d0ac0264ecb6,RMVOLE_NET_BENCH,RM_VECTOR_GENERIC_SPLIT,vector,split-input-vole,LOCAL_TCP,tcp-loopback,bench,4,0,OK,PASS,12,4096,64,128,32,482.302,942.662,315.18800000000005,141.08100000000002,4.091,2.761,,2,,0,0,67178880,178184,67135336,221416,67356480,526222.5,513.88916015625,"tcp_two_process; p0_noisy_vole_receiver; real_libOTe_NoisyVole_split_input_length_2t; F=array<u64,M>; G=u64; vector_fixed_prime_setup; local_expand; tcp_two_process; p1_noisy_vole_sender; real_libOTe_NoisyVole_split_input_length_2t; F=array<u64,M>; G=u64; vector_fixed_prime_setup; local_expand"
2026-07-26T05:50:53.967854+00:00,4a917afb6ebeca9bce885fae7f25d0ac0264ecb6,RMVOLE_NET_BENCH,RM_VECTOR_GENERIC_SPLIT,vector,split-input-vole,LOCAL_TCP,tcp-loopback,bench,5,0,OK,PASS,12,4096,64,128,32,469.93,920.018,306.11899999999997,141.099,2.87,2.749,,2,,0,0,67178880,178184,67135336,221416,67356480,526222.5,513.88916015625,"tcp_two_process; p0_noisy_vole_receiver; real_libOTe_NoisyVole_split_input_length_2t; F=array<u64,M>; G=u64; vector_fixed_prime_setup; local_expand; tcp_two_process; p1_noisy_vole_sender; real_libOTe_NoisyVole_split_input_length_2t; F=array<u64,M>; G=u64; vector_fixed_prime_setup; local_expand"
2026-07-26T05:50:54.722347+00:00,4a917afb6ebeca9bce885fae7f25d0ac0264ecb6,RMVOLE_NET_BENCH,RM_VECTOR_GENERIC_SPLIT,vector,split-input-vole,LOCAL_TCP,tcp-loopback,bench,6,0,OK,PASS,12,4096,64,128,32,500.24100000000004,981.048,334.76800000000003,143.21800000000002,2.821,2.8080000000000003,,2,,0,0,67178880,178184,67135336,221416,67356480,526222.5,513.88916015625,"tcp_two_process; p0_noisy_vole_receiver; real_libOTe_NoisyVole_split_input_length_2t; F=array<u64,M>; G=u64; vector_fixed_prime_setup; local_expand; tcp_two_process; p1_noisy_vole_sender; real_libOTe_NoisyVole_split_input_length_2t; F=array<u64,M>; G=u64; vector_fixed_prime_setup; local_expand"
2026-07-26T05:50:55.476908+00:00,4a917afb6ebeca9bce885fae7f25d0ac0264ecb6,RMVOLE_NET_BENCH,RM_VECTOR_GENERIC_SPLIT,vector,split-input-vole,LOCAL_TCP,tcp-loopback,bench,7,0,OK,PASS,12,4096,64,128,32,494.396,969.723,327.294,145.22099999999998,2.812,2.7889999999999997,,2,,0,0,67178880,178184,67135336,221416,67356480,526222.5,513.88916015625,"tcp_two_process; p0_noisy_vole_receiver; real_libOTe_NoisyVole_split_input_length_2t; F=array<u64,M>; G=u64; vector_fixed_prime_setup; local_expand; tcp_two_process; p1_noisy_vole_sender; real_libOTe_NoisyVole_split_input_length_2t; F=array<u64,M>; G=u64; vector_fixed_prime_setup; local_expand"
2026-07-26T05:50:56.181239+00:00,4a917afb6ebeca9bce885fae7f25d0ac0264ecb6,RMVOLE_NET_BENCH,RM_VECTOR_GENERIC_SPLIT,vector,split-input-vole,LOCAL_TCP,tcp-loopback,bench,8,0,OK,PASS,12,4096,64,128,32,478.89300000000003,938.393,313.335,143.281,2.884,2.82,,2,,0,0,67178880,178184,67135336,221416,67356480,526222.5,513.88916015625,"tcp_two_process; p0_noisy_vole_receiver; real_libOTe_NoisyVole_split_input_length_2t; F=array<u64,M>; G=u64; vector_fixed_prime_setup; local_expand; tcp_two_process; p1_noisy_vole_sender; real_libOTe_NoisyVole_split_input_length_2t; F=array<u64,M>; G=u64; vector_fixed_prime_setup; local_expand"
2026-07-26T05:50:56.885738+00:00,4a917afb6ebeca9bce885fae7f25d0ac0264ecb6,RMVOLE_NET_BENCH,RM_VECTOR_GENERIC_SPLIT,vector,split-input-vole,LOCAL_TCP,tcp-loopback,bench,9,0,OK,PASS,12,4096,64,128,32,480.104,937.2929999999999,311.838,142.27200000000002,3.079,2.758,,2,,0,0,67178880,178184,67135336,221416,67356480,526222.5,513.88916015625,"tcp_two_process; p0_noisy_vole_receiver; real_libOTe_NoisyVole_split_input_length_2t; F=array<u64,M>; G=u64; vector_fixed_prime_setup; local_expand; tcp_two_process; p1_noisy_vole_sender; real_libOTe_NoisyVole_split_input_length_2t; F=array<u64,M>; G=u64; vector_fixed_prime_setup; local_expand"
2026-07-26T05:50:59.292739+00:00,4a917afb6ebeca9bce885fae7f25d0ac0264ecb6,RMVOLE_NET_BENCH,RM_COORD_GENERIC_SPLIT,coordinate,split-input-vole,LOCAL_TCP,tcp-loopback,verify,-2,0,OK,PASS,12,4096,64,128,32,2159.4829999999997,4294.5779999999995,357.88599999999997,1773.9759999999999,3.232,4.095,,64,,0,0,67178880,2709760,69026168,862744,67725952,529109.0,516.7080078125,"tcp_two_process; p0_noisy_vole_receiver; real_libOTe_NoisyVole_split_input_length_2t; F=array<u64,M>; G=u64; coordinate_scalar_fixed_prime_setup; local_expand; tcp_two_process; p1_noisy_vole_sender; real_libOTe_NoisyVole_split_input_length_2t; F=array<u64,M>; G=u64; coordinate_scalar_fixed_prime_setup; local_expand"
2026-07-26T05:51:01.449182+00:00,4a917afb6ebeca9bce885fae7f25d0ac0264ecb6,RMVOLE_NET_BENCH,RM_COORD_GENERIC_SPLIT,coordinate,split-input-vole,LOCAL_TCP,tcp-loopback,bench,-1,1,OK,PASS,12,4096,64,128,32,1906.339,3792.741,309.473,1573.827,3.1029999999999998,4.691,,64,,0,0,67178880,1628984,67944808,862744,68807280,537556.875,524.9578857421875,"tcp_two_process; p0_noisy_vole_receiver; real_libOTe_NoisyVole_split_input_length_2t; F=array<u64,M>; G=u64; coordinate_scalar_fixed_prime_setup; local_expand; tcp_two_process; p1_noisy_vole_sender; real_libOTe_NoisyVole_split_input_length_2t; F=array<u64,M>; G=u64; coordinate_scalar_fixed_prime_setup; local_expand"
2026-07-26T05:51:03.905792+00:00,4a917afb6ebeca9bce885fae7f25d0ac0264ecb6,RMVOLE_NET_BENCH,RM_COORD_GENERIC_SPLIT,coordinate,split-input-vole,LOCAL_TCP,tcp-loopback,bench,0,0,OK,PASS,12,4096,64,128,32,2196.456,4373.386,326.571,1846.7720000000002,3.5869999999999997,5.343,,64,,0,0,67178880,1628984,67944808,862744,68807280,537556.875,524.9578857421875,"tcp_two_process; p0_noisy_vole_receiver; real_libOTe_NoisyVole_split_input_length_2t; F=array<u64,M>; G=u64; coordinate_scalar_fixed_prime_setup; local_expand; tcp_two_process; p1_noisy_vole_sender; real_libOTe_NoisyVole_split_input_length_2t; F=array<u64,M>; G=u64; coordinate_scalar_fixed_prime_setup; local_expand"
2026-07-26T05:51:06.313248+00:00,4a917afb6ebeca9bce885fae7f25d0ac0264ecb6,RMVOLE_NET_BENCH,RM_COORD_GENERIC_SPLIT,coordinate,split-input-vole,LOCAL_TCP,tcp-loopback,bench,1,0,OK,PASS,12,4096,64,128,32,2186.049,4352.762000000001,307.53000000000003,1856.1209999999999,3.062,4.2170000000000005,,64,,0,0,67178880,1628984,67944808,862744,68807280,537556.875,524.9578857421875,"tcp_two_process; p0_noisy_vole_receiver; real_libOTe_NoisyVole_split_input_length_2t; F=array<u64,M>; G=u64; coordinate_scalar_fixed_prime_setup; local_expand; tcp_two_process; p1_noisy_vole_sender; real_libOTe_NoisyVole_split_input_length_2t; F=array<u64,M>; G=u64; coordinate_scalar_fixed_prime_setup; local_expand"
2026-07-26T05:51:08.420930+00:00,4a917afb6ebeca9bce885fae7f25d0ac0264ecb6,RMVOLE_NET_BENCH,RM_COORD_GENERIC_SPLIT,coordinate,split-input-vole,LOCAL_TCP,tcp-loopback,bench,2,0,OK,PASS,12,4096,64,128,32,1876.991,3733.251,303.44300000000004,1549.723,3.093,3.457,,64,,0,0,67178880,1628984,67944808,862744,68807280,537556.875,524.9578857421875,"tcp_two_process; p0_noisy_vole_receiver; real_libOTe_NoisyVole_split_input_length_2t; F=array<u64,M>; G=u64; coordinate_scalar_fixed_prime_setup; local_expand; tcp_two_process; p1_noisy_vole_sender; real_libOTe_NoisyVole_split_input_length_2t; F=array<u64,M>; G=u64; coordinate_scalar_fixed_prime_setup; local_expand"
2026-07-26T05:51:10.628073+00:00,4a917afb6ebeca9bce885fae7f25d0ac0264ecb6,RMVOLE_NET_BENCH,RM_COORD_GENERIC_SPLIT,coordinate,split-input-vole,LOCAL_TCP,tcp-loopback,bench,3,0,OK,PASS,12,4096,64,128,32,1945.444,3870.5049999999997,332.892,1589.065,3.105,4.039,,64,,0,0,67178880,1628984,67944808,862744,68807280,537556.875,524.9578857421875,"tcp_two_process; p0_noisy_vole_receiver; real_libOTe_NoisyVole_split_input_length_2t; F=array<u64,M>; G=u64; coordinate_scalar_fixed_prime_setup; local_expand; tcp_two_process; p1_noisy_vole_sender; real_libOTe_NoisyVole_split_input_length_2t; F=array<u64,M>; G=u64; coordinate_scalar_fixed_prime_setup; local_expand"
2026-07-26T05:51:12.837170+00:00,4a917afb6ebeca9bce885fae7f25d0ac0264ecb6,RMVOLE_NET_BENCH,RM_COORD_GENERIC_SPLIT,coordinate,split-input-vole,LOCAL_TCP,tcp-loopback,bench,4,0,OK,PASS,12,4096,64,128,32,1981.7,3943.1349999999998,303.11199999999997,1655.21,3.113,3.5140000000000002,,64,,0,0,67178880,1628984,67944808,862744,68807280,537556.875,524.9578857421875,"tcp_two_process; p0_noisy_vole_receiver; real_libOTe_NoisyVole_split_input_length_2t; F=array<u64,M>; G=u64; coordinate_scalar_fixed_prime_setup; local_expand; tcp_two_process; p1_noisy_vole_sender; real_libOTe_NoisyVole_split_input_length_2t; F=array<u64,M>; G=u64; coordinate_scalar_fixed_prime_setup; local_expand"
2026-07-26T05:51:14.994007+00:00,4a917afb6ebeca9bce885fae7f25d0ac0264ecb6,RMVOLE_NET_BENCH,RM_COORD_GENERIC_SPLIT,coordinate,split-input-vole,LOCAL_TCP,tcp-loopback,bench,5,0,OK,PASS,12,4096,64,128,32,1891.982,3763.551,306.096,1562.3780000000002,3.095,3.464,,64,,0,0,67178880,1628984,67944808,862744,68807280,537556.875,524.9578857421875,"tcp_two_process; p0_noisy_vole_receiver; real_libOTe_NoisyVole_split_input_length_2t; F=array<u64,M>; G=u64; coordinate_scalar_fixed_prime_setup; local_expand; tcp_two_process; p1_noisy_vole_sender; real_libOTe_NoisyVole_split_input_length_2t; F=array<u64,M>; G=u64; coordinate_scalar_fixed_prime_setup; local_expand"
2026-07-26T05:51:17.250542+00:00,4a917afb6ebeca9bce885fae7f25d0ac0264ecb6,RMVOLE_NET_BENCH,RM_COORD_GENERIC_SPLIT,coordinate,split-input-vole,LOCAL_TCP,tcp-loopback,bench,6,0,OK,PASS,12,4096,64,128,32,1995.298,3966.386,362.35200000000003,1605.665,3.0709999999999997,3.544,,64,,0,0,67178880,1628984,67944808,862744,68807280,537556.875,524.9578857421875,"tcp_two_process; p0_noisy_vole_receiver; real_libOTe_NoisyVole_split_input_length_2t; F=array<u64,M>; G=u64; coordinate_scalar_fixed_prime_setup; local_expand; tcp_two_process; p1_noisy_vole_sender; real_libOTe_NoisyVole_split_input_length_2t; F=array<u64,M>; G=u64; coordinate_scalar_fixed_prime_setup; local_expand"
2026-07-26T05:51:19.456644+00:00,4a917afb6ebeca9bce885fae7f25d0ac0264ecb6,RMVOLE_NET_BENCH,RM_COORD_GENERIC_SPLIT,coordinate,split-input-vole,LOCAL_TCP,tcp-loopback,bench,7,0,OK,PASS,12,4096,64,128,32,1970.6680000000001,3920.423,304.738,1641.9589999999998,3.058,3.455,,64,,0,0,67178880,1628984,67944808,862744,68807280,537556.875,524.9578857421875,"tcp_two_process; p0_noisy_vole_receiver; real_libOTe_NoisyVole_split_input_length_2t; F=array<u64,M>; G=u64; coordinate_scalar_fixed_prime_setup; local_expand; tcp_two_process; p1_noisy_vole_sender; real_libOTe_NoisyVole_split_input_length_2t; F=array<u64,M>; G=u64; coordinate_scalar_fixed_prime_setup; local_expand"
2026-07-26T05:51:21.612704+00:00,4a917afb6ebeca9bce885fae7f25d0ac0264ecb6,RMVOLE_NET_BENCH,RM_COORD_GENERIC_SPLIT,coordinate,split-input-vole,LOCAL_TCP,tcp-loopback,bench,8,0,OK,PASS,12,4096,64,128,32,1924.115,3827.0280000000002,305.21500000000003,1594.634,3.063,3.497,,64,,0,0,67178880,1628984,67944808,862744,68807280,537556.875,524.9578857421875,"tcp_two_process; p0_noisy_vole_receiver; real_libOTe_NoisyVole_split_input_length_2t; F=array<u64,M>; G=u64; coordinate_scalar_fixed_prime_setup; local_expand; tcp_two_process; p1_noisy_vole_sender; real_libOTe_NoisyVole_split_input_length_2t; F=array<u64,M>; G=u64; coordinate_scalar_fixed_prime_setup; local_expand"
2026-07-26T05:51:23.870681+00:00,4a917afb6ebeca9bce885fae7f25d0ac0264ecb6,RMVOLE_NET_BENCH,RM_COORD_GENERIC_SPLIT,coordinate,split-input-vole,LOCAL_TCP,tcp-loopback,bench,9,0,OK,PASS,12,4096,64,128,32,1989.464,3957.6919999999996,311.317,1653.564,3.347,3.491,,64,,0,0,67178880,1628984,67944808,862744,68807280,537556.875,524.9578857421875,"tcp_two_process; p0_noisy_vole_receiver; real_libOTe_NoisyVole_split_input_length_2t; F=array<u64,M>; G=u64; coordinate_scalar_fixed_prime_setup; local_expand; tcp_two_process; p1_noisy_vole_sender; real_libOTe_NoisyVole_split_input_length_2t; F=array<u64,M>; G=u64; coordinate_scalar_fixed_prime_setup; local_expand"
2026-07-26T05:51:24.224542+00:00,4a917afb6ebeca9bce885fae7f25d0ac0264ecb6,RMVOLE_NET_BENCH,RM_VECTOR_OPT,vector,split-input-coeff-ot,LOCAL_TCP,tcp-loopback,verify,-2,0,OK,PASS,12,4096,64,128,32,97.69999999999999,172.581,38.181,55.589,3.93,2.7529999999999997,,2,,0,0,4377232,1258960,1232760,4403704,3473504,27136.75,26.500732421875,tcp_two_process; p0_coeff_bit_ot_receiver; SPLIT_COEFF_OT; one_batched_Kos_chosen_message_OT; vector_fixed_prime_setup; local_expand; tcp_two_process; p1_coeff_bit_ot_sender; SPLIT_COEFF_OT; one_batched_Kos_chosen_message_OT; vector_fixed_prime_setup; local_expand
2026-07-26T05:51:24.578491+00:00,4a917afb6ebeca9bce885fae7f25d0ac0264ecb6,RMVOLE_NET_BENCH,RM_VECTOR_OPT,vector,split-input-coeff-ot,LOCAL_TCP,tcp-loopback,bench,-1,1,OK,PASS,12,4096,64,128,32,94.403,170.821,35.95,55.586999999999996,2.866,2.7529999999999997,,2,,0,0,4377232,178184,151400,4403704,4554832,35584.625,34.7506103515625,tcp_two_process; p0_coeff_bit_ot_receiver; SPLIT_COEFF_OT; one_batched_Kos_chosen_message_OT; vector_fixed_prime_setup; local_expand; tcp_two_process; p1_coeff_bit_ot_sender; SPLIT_COEFF_OT; one_batched_Kos_chosen_message_OT; vector_fixed_prime_setup; local_expand
2026-07-26T05:51:24.932618+00:00,4a917afb6ebeca9bce885fae7f25d0ac0264ecb6,RMVOLE_NET_BENCH,RM_VECTOR_OPT,vector,split-input-coeff-ot,LOCAL_TCP,tcp-loopback,bench,0,0,OK,PASS,12,4096,64,128,32,94.486,171.524,34.791999999999994,56.903,2.7920000000000003,3.554,,2,,0,0,4377232,178184,151400,4403704,4554832,35584.625,34.7506103515625,tcp_two_process; p0_coeff_bit_ot_receiver; SPLIT_COEFF_OT; one_batched_Kos_chosen_message_OT; vector_fixed_prime_setup; local_expand; tcp_two_process; p1_coeff_bit_ot_sender; SPLIT_COEFF_OT; one_batched_Kos_chosen_message_OT; vector_fixed_prime_setup; local_expand
2026-07-26T05:51:25.286367+00:00,4a917afb6ebeca9bce885fae7f25d0ac0264ecb6,RMVOLE_NET_BENCH,RM_VECTOR_OPT,vector,split-input-coeff-ot,LOCAL_TCP,tcp-loopback,bench,1,0,OK,PASS,12,4096,64,128,32,97.38199999999999,175.315,38.330000000000005,56.229,2.823,2.777,,2,,0,0,4377232,178184,151400,4403704,4554832,35584.625,34.7506103515625,tcp_two_process; p0_coeff_bit_ot_receiver; SPLIT_COEFF_OT; one_batched_Kos_chosen_message_OT; vector_fixed_prime_setup; local_expand; tcp_two_process; p1_coeff_bit_ot_sender; SPLIT_COEFF_OT; one_batched_Kos_chosen_message_OT; vector_fixed_prime_setup; local_expand
2026-07-26T05:51:25.639936+00:00,4a917afb6ebeca9bce885fae7f25d0ac0264ecb6,RMVOLE_NET_BENCH,RM_VECTOR_OPT,vector,split-input-coeff-ot,LOCAL_TCP,tcp-loopback,bench,2,0,OK,PASS,12,4096,64,128,32,96.916,176.375,36.461,56.196000000000005,4.258,2.806,,2,,0,0,4377232,178184,151400,4403704,4554832,35584.625,34.7506103515625,tcp_two_process; p0_coeff_bit_ot_receiver; SPLIT_COEFF_OT; one_batched_Kos_chosen_message_OT; vector_fixed_prime_setup; local_expand; tcp_two_process; p1_coeff_bit_ot_sender; SPLIT_COEFF_OT; one_batched_Kos_chosen_message_OT; vector_fixed_prime_setup; local_expand
2026-07-26T05:51:25.993371+00:00,4a917afb6ebeca9bce885fae7f25d0ac0264ecb6,RMVOLE_NET_BENCH,RM_VECTOR_OPT,vector,split-input-coeff-ot,LOCAL_TCP,tcp-loopback,bench,3,0,OK,PASS,12,4096,64,128,32,88.741,160.453,33.937000000000005,52.001,2.803,2.712,,2,,0,0,4377232,178184,151400,4403704,4554832,35584.625,34.7506103515625,tcp_two_process; p0_coeff_bit_ot_receiver; SPLIT_COEFF_OT; one_batched_Kos_chosen_message_OT; vector_fixed_prime_setup; local_expand; tcp_two_process; p1_coeff_bit_ot_sender; SPLIT_COEFF_OT; one_batched_Kos_chosen_message_OT; vector_fixed_prime_setup; local_expand
2026-07-26T05:51:26.346641+00:00,4a917afb6ebeca9bce885fae7f25d0ac0264ecb6,RMVOLE_NET_BENCH,RM_VECTOR_OPT,vector,split-input-coeff-ot,LOCAL_TCP,tcp-loopback,bench,4,0,OK,PASS,12,4096,64,128,32,89.672,162.14800000000002,34.014,52.869,2.7889999999999997,2.736,,2,,0,0,4377232,178184,151400,4403704,4554832,35584.625,34.7506103515625,tcp_two_process; p0_coeff_bit_ot_receiver; SPLIT_COEFF_OT; one_batched_Kos_chosen_message_OT; vector_fixed_prime_setup; local_expand; tcp_two_process; p1_coeff_bit_ot_sender; SPLIT_COEFF_OT; one_batched_Kos_chosen_message_OT; vector_fixed_prime_setup; local_expand
2026-07-26T05:51:26.699900+00:00,4a917afb6ebeca9bce885fae7f25d0ac0264ecb6,RMVOLE_NET_BENCH,RM_VECTOR_OPT,vector,split-input-coeff-ot,LOCAL_TCP,tcp-loopback,bench,5,0,OK,PASS,12,4096,64,128,32,89.734,162.018,33.875,52.676,3.1830000000000003,2.733,,2,,0,0,4377232,178184,151400,4403704,4554832,35584.625,34.7506103515625,tcp_two_process; p0_coeff_bit_ot_receiver; SPLIT_COEFF_OT; one_batched_Kos_chosen_message_OT; vector_fixed_prime_setup; local_expand; tcp_two_process; p1_coeff_bit_ot_sender; SPLIT_COEFF_OT; one_batched_Kos_chosen_message_OT; vector_fixed_prime_setup; local_expand
2026-07-26T05:51:27.053709+00:00,4a917afb6ebeca9bce885fae7f25d0ac0264ecb6,RMVOLE_NET_BENCH,RM_VECTOR_OPT,vector,split-input-coeff-ot,LOCAL_TCP,tcp-loopback,bench,6,0,OK,PASS,12,4096,64,128,32,99.699,176.992,36.719,60.119,2.8609999999999998,2.8080000000000003,,2,,0,0,4377232,178184,151400,4403704,4554832,35584.625,34.7506103515625,tcp_two_process; p0_coeff_bit_ot_receiver; SPLIT_COEFF_OT; one_batched_Kos_chosen_message_OT; vector_fixed_prime_setup; local_expand; tcp_two_process; p1_coeff_bit_ot_sender; SPLIT_COEFF_OT; one_batched_Kos_chosen_message_OT; vector_fixed_prime_setup; local_expand
2026-07-26T05:51:27.407639+00:00,4a917afb6ebeca9bce885fae7f25d0ac0264ecb6,RMVOLE_NET_BENCH,RM_VECTOR_OPT,vector,split-input-coeff-ot,LOCAL_TCP,tcp-loopback,bench,7,0,OK,PASS,12,4096,64,128,32,99.062,180.79000000000002,35.448,60.806,2.8080000000000003,2.757,,2,,0,0,4377232,178184,151400,4403704,4554832,35584.625,34.7506103515625,tcp_two_process; p0_coeff_bit_ot_receiver; SPLIT_COEFF_OT; one_batched_Kos_chosen_message_OT; vector_fixed_prime_setup; local_expand; tcp_two_process; p1_coeff_bit_ot_sender; SPLIT_COEFF_OT; one_batched_Kos_chosen_message_OT; vector_fixed_prime_setup; local_expand
2026-07-26T05:51:27.761640+00:00,4a917afb6ebeca9bce885fae7f25d0ac0264ecb6,RMVOLE_NET_BENCH,RM_VECTOR_OPT,vector,split-input-coeff-ot,LOCAL_TCP,tcp-loopback,bench,8,0,OK,PASS,12,4096,64,128,32,103.02799999999999,185.479,35.607,62.541,4.88,2.754,,2,,0,0,4377232,178184,151400,4403704,4554832,35584.625,34.7506103515625,tcp_two_process; p0_coeff_bit_ot_receiver; SPLIT_COEFF_OT; one_batched_Kos_chosen_message_OT; vector_fixed_prime_setup; local_expand; tcp_two_process; p1_coeff_bit_ot_sender; SPLIT_COEFF_OT; one_batched_Kos_chosen_message_OT; vector_fixed_prime_setup; local_expand
2026-07-26T05:51:28.115452+00:00,4a917afb6ebeca9bce885fae7f25d0ac0264ecb6,RMVOLE_NET_BENCH,RM_VECTOR_OPT,vector,split-input-coeff-ot,LOCAL_TCP,tcp-loopback,bench,9,0,OK,PASS,12,4096,64,128,32,97.791,175.876,37.470000000000006,57.129,3.193,2.7929999999999997,,2,,0,0,4377232,178184,151400,4403704,4554832,35584.625,34.7506103515625,tcp_two_process; p0_coeff_bit_ot_receiver; SPLIT_COEFF_OT; one_batched_Kos_chosen_message_OT; vector_fixed_prime_setup; local_expand; tcp_two_process; p1_coeff_bit_ot_sender; SPLIT_COEFF_OT; one_batched_Kos_chosen_message_OT; vector_fixed_prime_setup; local_expand
2026-07-26T05:51:29.921498+00:00,4a917afb6ebeca9bce885fae7f25d0ac0264ecb6,RMVOLE_NET_BENCH,RM_COORD_OPT,coordinate,split-input-coeff-ot,LOCAL_TCP,tcp-loopback,verify,-2,0,OK,PASS,12,4096,64,128,32,1551.21,3083.889,36.720000000000006,1511.404,3.0860000000000003,3.4810000000000003,,64,,0,0,4377232,2709760,2042232,5045032,4924304,38471.125,37.5694580078125,tcp_two_process; p0_coeff_bit_ot_receiver; SPLIT_COEFF_OT; one_batched_Kos_chosen_message_OT; coordinate_scalar_fixed_prime_setup; local_expand; tcp_two_process; p1_coeff_bit_ot_sender; SPLIT_COEFF_OT; one_batched_Kos_chosen_message_OT; coordinate_scalar_fixed_prime_setup; local_expand
2026-07-26T05:51:31.727904+00:00,4a917afb6ebeca9bce885fae7f25d0ac0264ecb6,RMVOLE_NET_BENCH,RM_COORD_OPT,coordinate,split-input-coeff-ot,LOCAL_TCP,tcp-loopback,bench,-1,1,OK,PASS,12,4096,64,128,32,1548.4750000000001,3079.781,35.403,1509.666,3.406,3.9090000000000003,,64,,0,0,4377232,1628984,960872,5045032,6005632,46919.0,45.8193359375,tcp_two_process; p0_coeff_bit_ot_receiver; SPLIT_COEFF_OT; one_batched_Kos_chosen_message_OT; coordinate_scalar_fixed_prime_setup; local_expand; tcp_two_process; p1_coeff_bit_ot_sender; SPLIT_COEFF_OT; one_batched_Kos_chosen_message_OT; coordinate_scalar_fixed_prime_setup; local_expand
2026-07-26T05:51:33.584204+00:00,4a917afb6ebeca9bce885fae7f25d0ac0264ecb6,RMVOLE_NET_BENCH,RM_COORD_OPT,coordinate,split-input-coeff-ot,LOCAL_TCP,tcp-loopback,bench,0,0,OK,PASS,12,4096,64,128,32,1603.0919999999999,3190.3709999999996,35.414,1564.633,3.045,3.336,,64,,0,0,4377232,1628984,960872,5045032,6005632,46919.0,45.8193359375,tcp_two_process; p0_coeff_bit_ot_receiver; SPLIT_COEFF_OT; one_batched_Kos_chosen_message_OT; coordinate_scalar_fixed_prime_setup; local_expand; tcp_two_process; p1_coeff_bit_ot_sender; SPLIT_COEFF_OT; one_batched_Kos_chosen_message_OT; coordinate_scalar_fixed_prime_setup; local_expand
2026-07-26T05:51:35.440364+00:00,4a917afb6ebeca9bce885fae7f25d0ac0264ecb6,RMVOLE_NET_BENCH,RM_COORD_OPT,coordinate,split-input-coeff-ot,LOCAL_TCP,tcp-loopback,bench,1,0,OK,PASS,12,4096,64,128,32,1591.594,3166.87,33.56,1554.999,3.035,4.136,,64,,0,0,4377232,1628984,960872,5045032,6005632,46919.0,45.8193359375,tcp_two_process; p0_coeff_bit_ot_receiver; SPLIT_COEFF_OT; one_batched_Kos_chosen_message_OT; coordinate_scalar_fixed_prime_setup; local_expand; tcp_two_process; p1_coeff_bit_ot_sender; SPLIT_COEFF_OT; one_batched_Kos_chosen_message_OT; coordinate_scalar_fixed_prime_setup; local_expand
2026-07-26T05:51:37.246499+00:00,4a917afb6ebeca9bce885fae7f25d0ac0264ecb6,RMVOLE_NET_BENCH,RM_COORD_OPT,coordinate,split-input-coeff-ot,LOCAL_TCP,tcp-loopback,bench,2,0,OK,PASS,12,4096,64,128,32,1549.353,3081.3579999999997,34.244,1511.4289999999999,3.6809999999999996,3.364,,64,,0,0,4377232,1628984,960872,5045032,6005632,46919.0,45.8193359375,tcp_two_process; p0_coeff_bit_ot_receiver; SPLIT_COEFF_OT; one_batched_Kos_chosen_message_OT; coordinate_scalar_fixed_prime_setup; local_expand; tcp_two_process; p1_coeff_bit_ot_sender; SPLIT_COEFF_OT; one_batched_Kos_chosen_message_OT; coordinate_scalar_fixed_prime_setup; local_expand
2026-07-26T05:51:39.002858+00:00,4a917afb6ebeca9bce885fae7f25d0ac0264ecb6,RMVOLE_NET_BENCH,RM_COORD_OPT,coordinate,split-input-coeff-ot,LOCAL_TCP,tcp-loopback,bench,3,0,OK,PASS,12,4096,64,128,32,1515.761,3014.4219999999996,34.645,1477.8029999999999,3.313,3.3649999999999998,,64,,0,0,4377232,1628984,960872,5045032,6005632,46919.0,45.8193359375,tcp_two_process; p0_coeff_bit_ot_receiver; SPLIT_COEFF_OT; one_batched_Kos_chosen_message_OT; coordinate_scalar_fixed_prime_setup; local_expand; tcp_two_process; p1_coeff_bit_ot_sender; SPLIT_COEFF_OT; one_batched_Kos_chosen_message_OT; coordinate_scalar_fixed_prime_setup; local_expand
2026-07-26T05:51:40.859386+00:00,4a917afb6ebeca9bce885fae7f25d0ac0264ecb6,RMVOLE_NET_BENCH,RM_COORD_OPT,coordinate,split-input-coeff-ot,LOCAL_TCP,tcp-loopback,bench,4,0,OK,PASS,12,4096,64,128,32,1598.501,3180.589,34.143,1561.283,3.075,3.3609999999999998,,64,,0,0,4377232,1628984,960872,5045032,6005632,46919.0,45.8193359375,tcp_two_process; p0_coeff_bit_ot_receiver; SPLIT_COEFF_OT; one_batched_Kos_chosen_message_OT; coordinate_scalar_fixed_prime_setup; local_expand; tcp_two_process; p1_coeff_bit_ot_sender; SPLIT_COEFF_OT; one_batched_Kos_chosen_message_OT; coordinate_scalar_fixed_prime_setup; local_expand
2026-07-26T05:51:42.665487+00:00,4a917afb6ebeca9bce885fae7f25d0ac0264ecb6,RMVOLE_NET_BENCH,RM_COORD_OPT,coordinate,split-input-coeff-ot,LOCAL_TCP,tcp-loopback,bench,5,0,OK,PASS,12,4096,64,128,32,1570.367,3121.918,34.18,1531.1019999999999,5.086,3.58,,64,,0,0,4377232,1628984,960872,5045032,6005632,46919.0,45.8193359375,tcp_two_process; p0_coeff_bit_ot_receiver; SPLIT_COEFF_OT; one_batched_Kos_chosen_message_OT; coordinate_scalar_fixed_prime_setup; local_expand; tcp_two_process; p1_coeff_bit_ot_sender; SPLIT_COEFF_OT; one_batched_Kos_chosen_message_OT; coordinate_scalar_fixed_prime_setup; local_expand
2026-07-26T05:51:44.571172+00:00,4a917afb6ebeca9bce885fae7f25d0ac0264ecb6,RMVOLE_NET_BENCH,RM_COORD_OPT,coordinate,split-input-coeff-ot,LOCAL_TCP,tcp-loopback,bench,6,0,OK,PASS,12,4096,64,128,32,1671.466,3324.15,37.894,1630.4579999999999,3.114,3.415,,64,,0,0,4377232,1628984,960872,5045032,6005632,46919.0,45.8193359375,tcp_two_process; p0_coeff_bit_ot_receiver; SPLIT_COEFF_OT; one_batched_Kos_chosen_message_OT; coordinate_scalar_fixed_prime_setup; local_expand; tcp_two_process; p1_coeff_bit_ot_sender; SPLIT_COEFF_OT; one_batched_Kos_chosen_message_OT; coordinate_scalar_fixed_prime_setup; local_expand
2026-07-26T05:51:46.327393+00:00,4a917afb6ebeca9bce885fae7f25d0ac0264ecb6,RMVOLE_NET_BENCH,RM_COORD_OPT,coordinate,split-input-coeff-ot,LOCAL_TCP,tcp-loopback,bench,7,0,OK,PASS,12,4096,64,128,32,1522.011,3027.564,34.123,1484.803,3.084,3.352,,64,,0,0,4377232,1628984,960872,5045032,6005632,46919.0,45.8193359375,tcp_two_process; p0_coeff_bit_ot_receiver; SPLIT_COEFF_OT; one_batched_Kos_chosen_message_OT; coordinate_scalar_fixed_prime_setup; local_expand; tcp_two_process; p1_coeff_bit_ot_sender; SPLIT_COEFF_OT; one_batched_Kos_chosen_message_OT; coordinate_scalar_fixed_prime_setup; local_expand
2026-07-26T05:51:48.133411+00:00,4a917afb6ebeca9bce885fae7f25d0ac0264ecb6,RMVOLE_NET_BENCH,RM_COORD_OPT,coordinate,split-input-coeff-ot,LOCAL_TCP,tcp-loopback,bench,8,0,OK,PASS,12,4096,64,128,32,1547.3110000000001,3077.8940000000002,33.99400000000001,1510.174,3.143,3.4859999999999998,,64,,0,0,4377232,1628984,960872,5045032,6005632,46919.0,45.8193359375,tcp_two_process; p0_coeff_bit_ot_receiver; SPLIT_COEFF_OT; one_batched_Kos_chosen_message_OT; coordinate_scalar_fixed_prime_setup; local_expand; tcp_two_process; p1_coeff_bit_ot_sender; SPLIT_COEFF_OT; one_batched_Kos_chosen_message_OT; coordinate_scalar_fixed_prime_setup; local_expand
2026-07-26T05:51:49.939777+00:00,4a917afb6ebeca9bce885fae7f25d0ac0264ecb6,RMVOLE_NET_BENCH,RM_COORD_OPT,coordinate,split-input-coeff-ot,LOCAL_TCP,tcp-loopback,bench,9,0,OK,PASS,12,4096,64,128,32,1555.051,3093.6719999999996,37.122,1514.872,3.057,3.4450000000000003,,64,,0,0,4377232,1628984,960872,5045032,6005632,46919.0,45.8193359375,tcp_two_process; p0_coeff_bit_ot_receiver; SPLIT_COEFF_OT; one_batched_Kos_chosen_message_OT; coordinate_scalar_fixed_prime_setup; local_expand; tcp_two_process; p1_coeff_bit_ot_sender; SPLIT_COEFF_OT; one_batched_Kos_chosen_message_OT; coordinate_scalar_fixed_prime_setup; local_expand
2026-07-26T05:51:50.343676+00:00,4a917afb6ebeca9bce885fae7f25d0ac0264ecb6,RMVOLE_NET_BENCH,RM_VECTOR_GENERIC_SPLIT,vector,split-input-vole,LOCAL_TCP,tcp-loopback,verify,-2,0,OK,PASS,14,16384,64,128,8,177.76,347.722,56.544,117.176,4.039,3.685,,2,,0,0,4211904,1276048,5408952,79080,3128656,24442.625,23.8697509765625,"tcp_two_process; p0_noisy_vole_receiver; real_libOTe_NoisyVole_split_input_length_2t; F=array<u64,M>; G=u64; vector_fixed_prime_setup; local_expand; tcp_two_process; p1_noisy_vole_sender; real_libOTe_NoisyVole_split_input_length_2t; F=array<u64,M>; G=u64; vector_fixed_prime_setup; local_expand"
2026-07-26T05:51:50.747556+00:00,4a917afb6ebeca9bce885fae7f25d0ac0264ecb6,RMVOLE_NET_BENCH,RM_VECTOR_GENERIC_SPLIT,vector,split-input-vole,LOCAL_TCP,tcp-loopback,bench,-1,1,OK,PASS,14,16384,64,128,8,139.0,272.68,52.013,83.62400000000001,3.363,3.12,,2,,0,0,4211904,96584,4229288,79080,4308288,33658.5,32.86962890625,"tcp_two_process; p0_noisy_vole_receiver; real_libOTe_NoisyVole_split_input_length_2t; F=array<u64,M>; G=u64; vector_fixed_prime_setup; local_expand; tcp_two_process; p1_noisy_vole_sender; real_libOTe_NoisyVole_split_input_length_2t; F=array<u64,M>; G=u64; vector_fixed_prime_setup; local_expand"
2026-07-26T05:51:51.101547+00:00,4a917afb6ebeca9bce885fae7f25d0ac0264ecb6,RMVOLE_NET_BENCH,RM_VECTOR_GENERIC_SPLIT,vector,split-input-vole,LOCAL_TCP,tcp-loopback,bench,0,0,OK,PASS,14,16384,64,128,8,133.697,260.035,52.425,77.913,3.3600000000000003,3.332,,2,,0,0,4211904,96584,4229288,79080,4308288,33658.5,32.86962890625,"tcp_two_process; p0_noisy_vole_receiver; real_libOTe_NoisyVole_split_input_length_2t; F=array<u64,M>; G=u64; vector_fixed_prime_setup; local_expand; tcp_two_process; p1_noisy_vole_sender; real_libOTe_NoisyVole_split_input_length_2t; F=array<u64,M>; G=u64; vector_fixed_prime_setup; local_expand"
2026-07-26T05:51:51.455275+00:00,4a917afb6ebeca9bce885fae7f25d0ac0264ecb6,RMVOLE_NET_BENCH,RM_VECTOR_GENERIC_SPLIT,vector,split-input-vole,LOCAL_TCP,tcp-loopback,bench,1,0,OK,PASS,14,16384,64,128,8,133.58800000000002,259.24199999999996,51.677,77.316,4.595,3.0959999999999996,,2,,0,0,4211904,96584,4229288,79080,4308288,33658.5,32.86962890625,"tcp_two_process; p0_noisy_vole_receiver; real_libOTe_NoisyVole_split_input_length_2t; F=array<u64,M>; G=u64; vector_fixed_prime_setup; local_expand; tcp_two_process; p1_noisy_vole_sender; real_libOTe_NoisyVole_split_input_length_2t; F=array<u64,M>; G=u64; vector_fixed_prime_setup; local_expand"
2026-07-26T05:51:51.809157+00:00,4a917afb6ebeca9bce885fae7f25d0ac0264ecb6,RMVOLE_NET_BENCH,RM_VECTOR_GENERIC_SPLIT,vector,split-input-vole,LOCAL_TCP,tcp-loopback,bench,2,0,OK,PASS,14,16384,64,128,8,131.56699999999998,255.51199999999997,50.873000000000005,76.929,3.765,3.0370000000000004,,2,,0,0,4211904,96584,4229288,79080,4308288,33658.5,32.86962890625,"tcp_two_process; p0_noisy_vole_receiver; real_libOTe_NoisyVole_split_input_length_2t; F=array<u64,M>; G=u64; vector_fixed_prime_setup; local_expand; tcp_two_process; p1_noisy_vole_sender; real_libOTe_NoisyVole_split_input_length_2t; F=array<u64,M>; G=u64; vector_fixed_prime_setup; local_expand"
2026-07-26T05:51:52.162718+00:00,4a917afb6ebeca9bce885fae7f25d0ac0264ecb6,RMVOLE_NET_BENCH,RM_VECTOR_GENERIC_SPLIT,vector,split-input-vole,LOCAL_TCP,tcp-loopback,bench,3,0,OK,PASS,14,16384,64,128,8,130.676,254.90799999999996,51.15,76.239,3.2880000000000003,3.0100000000000002,,2,,0,0,4211904,96584,4229288,79080,4308288,33658.5,32.86962890625,"tcp_two_process; p0_noisy_vole_receiver; real_libOTe_NoisyVole_split_input_length_2t; F=array<u64,M>; G=u64; vector_fixed_prime_setup; local_expand; tcp_two_process; p1_noisy_vole_sender; real_libOTe_NoisyVole_split_input_length_2t; F=array<u64,M>; G=u64; vector_fixed_prime_setup; local_expand"
2026-07-26T05:51:52.566559+00:00,4a917afb6ebeca9bce885fae7f25d0ac0264ecb6,RMVOLE_NET_BENCH,RM_VECTOR_GENERIC_SPLIT,vector,split-input-vole,LOCAL_TCP,tcp-loopback,bench,4,0,OK,PASS,14,16384,64,128,8,147.85000000000002,287.964,57.02,86.88,3.9509999999999996,3.235,,2,,0,0,4211904,96584,4229288,79080,4308288,33658.5,32.86962890625,"tcp_two_process; p0_noisy_vole_receiver; real_libOTe_NoisyVole_split_input_length_2t; F=array<u64,M>; G=u64; vector_fixed_prime_setup; local_expand; tcp_two_process; p1_noisy_vole_sender; real_libOTe_NoisyVole_split_input_length_2t; F=array<u64,M>; G=u64; vector_fixed_prime_setup; local_expand"
2026-07-26T05:51:52.970570+00:00,4a917afb6ebeca9bce885fae7f25d0ac0264ecb6,RMVOLE_NET_BENCH,RM_VECTOR_GENERIC_SPLIT,vector,split-input-vole,LOCAL_TCP,tcp-loopback,bench,5,0,OK,PASS,14,16384,64,128,8,134.819,264.53700000000003,52.623999999999995,78.78699999999999,3.407,3.106,,2,,0,0,4211904,96584,4229288,79080,4308288,33658.5,32.86962890625,"tcp_two_process; p0_noisy_vole_receiver; real_libOTe_NoisyVole_split_input_length_2t; F=array<u64,M>; G=u64; vector_fixed_prime_setup; local_expand; tcp_two_process; p1_noisy_vole_sender; real_libOTe_NoisyVole_split_input_length_2t; F=array<u64,M>; G=u64; vector_fixed_prime_setup; local_expand"
2026-07-26T05:51:53.374877+00:00,4a917afb6ebeca9bce885fae7f25d0ac0264ecb6,RMVOLE_NET_BENCH,RM_VECTOR_GENERIC_SPLIT,vector,split-input-vole,LOCAL_TCP,tcp-loopback,bench,6,0,OK,PASS,14,16384,64,128,8,140.734,274.389,53.767,83.625,3.3409999999999997,3.0959999999999996,,2,,0,0,4211904,96584,4229288,79080,4308288,33658.5,32.86962890625,"tcp_two_process; p0_noisy_vole_receiver; real_libOTe_NoisyVole_split_input_length_2t; F=array<u64,M>; G=u64; vector_fixed_prime_setup; local_expand; tcp_two_process; p1_noisy_vole_sender; real_libOTe_NoisyVole_split_input_length_2t; F=array<u64,M>; G=u64; vector_fixed_prime_setup; local_expand"
2026-07-26T05:51:53.728614+00:00,4a917afb6ebeca9bce885fae7f25d0ac0264ecb6,RMVOLE_NET_BENCH,RM_VECTOR_GENERIC_SPLIT,vector,split-input-vole,LOCAL_TCP,tcp-loopback,bench,7,0,OK,PASS,14,16384,64,128,8,133.662,260.575,52.99,77.28999999999999,3.382,3.072,,2,,0,0,4211904,96584,4229288,79080,4308288,33658.5,32.86962890625,"tcp_two_process; p0_noisy_vole_receiver; real_libOTe_NoisyVole_split_input_length_2t; F=array<u64,M>; G=u64; vector_fixed_prime_setup; local_expand; tcp_two_process; p1_noisy_vole_sender; real_libOTe_NoisyVole_split_input_length_2t; F=array<u64,M>; G=u64; vector_fixed_prime_setup; local_expand"
2026-07-26T05:51:54.082402+00:00,4a917afb6ebeca9bce885fae7f25d0ac0264ecb6,RMVOLE_NET_BENCH,RM_VECTOR_GENERIC_SPLIT,vector,split-input-vole,LOCAL_TCP,tcp-loopback,bench,8,0,OK,PASS,14,16384,64,128,8,135.05,263.865,51.173,80.52199999999999,3.355,3.041,,2,,0,0,4211904,96584,4229288,79080,4308288,33658.5,32.86962890625,"tcp_two_process; p0_noisy_vole_receiver; real_libOTe_NoisyVole_split_input_length_2t; F=array<u64,M>; G=u64; vector_fixed_prime_setup; local_expand; tcp_two_process; p1_noisy_vole_sender; real_libOTe_NoisyVole_split_input_length_2t; F=array<u64,M>; G=u64; vector_fixed_prime_setup; local_expand"
2026-07-26T05:51:54.436107+00:00,4a917afb6ebeca9bce885fae7f25d0ac0264ecb6,RMVOLE_NET_BENCH,RM_VECTOR_GENERIC_SPLIT,vector,split-input-vole,LOCAL_TCP,tcp-loopback,bench,9,0,OK,PASS,14,16384,64,128,8,133.668,260.188,51.135,79.171,3.362,3.8049999999999997,,2,,0,0,4211904,96584,4229288,79080,4308288,33658.5,32.86962890625,"tcp_two_process; p0_noisy_vole_receiver; real_libOTe_NoisyVole_split_input_length_2t; F=array<u64,M>; G=u64; vector_fixed_prime_setup; local_expand; tcp_two_process; p1_noisy_vole_sender; real_libOTe_NoisyVole_split_input_length_2t; F=array<u64,M>; G=u64; vector_fixed_prime_setup; local_expand"
2026-07-26T05:51:55.290849+00:00,4a917afb6ebeca9bce885fae7f25d0ac0264ecb6,RMVOLE_NET_BENCH,RM_COORD_GENERIC_SPLIT,coordinate,split-input-vole,LOCAL_TCP,tcp-loopback,verify,-2,0,OK,PASS,14,16384,64,128,8,591.392,1176.5449999999998,56.064,531.7429999999999,3.5860000000000003,3.706,,16,,0,0,4211904,1721920,5652664,281240,3574528,27926.0,27.271484375,"tcp_two_process; p0_noisy_vole_receiver; real_libOTe_NoisyVole_split_input_length_2t; F=array<u64,M>; G=u64; coordinate_scalar_fixed_prime_setup; local_expand; tcp_two_process; p1_noisy_vole_sender; real_libOTe_NoisyVole_split_input_length_2t; F=array<u64,M>; G=u64; coordinate_scalar_fixed_prime_setup; local_expand"
2026-07-26T05:51:56.095380+00:00,4a917afb6ebeca9bce885fae7f25d0ac0264ecb6,RMVOLE_NET_BENCH,RM_COORD_GENERIC_SPLIT,coordinate,split-input-vole,LOCAL_TCP,tcp-loopback,bench,-1,1,OK,PASS,14,16384,64,128,8,570.956,1134.5140000000001,51.997,514.725,4.234,3.7100000000000004,,16,,0,0,4211904,542456,4473000,281240,4754160,37141.875,36.2713623046875,"tcp_two_process; p0_noisy_vole_receiver; real_libOTe_NoisyVole_split_input_length_2t; F=array<u64,M>; G=u64; coordinate_scalar_fixed_prime_setup; local_expand; tcp_two_process; p1_noisy_vole_sender; real_libOTe_NoisyVole_split_input_length_2t; F=array<u64,M>; G=u64; coordinate_scalar_fixed_prime_setup; local_expand"
2026-07-26T05:51:56.950143+00:00,4a917afb6ebeca9bce885fae7f25d0ac0264ecb6,RMVOLE_NET_BENCH,RM_COORD_GENERIC_SPLIT,coordinate,split-input-vole,LOCAL_TCP,tcp-loopback,bench,0,0,OK,PASS,14,16384,64,128,8,621.309,1235.2210000000002,56.844,560.827,3.6380000000000003,4.256,,16,,0,0,4211904,542456,4473000,281240,4754160,37141.875,36.2713623046875,"tcp_two_process; p0_noisy_vole_receiver; real_libOTe_NoisyVole_split_input_length_2t; F=array<u64,M>; G=u64; coordinate_scalar_fixed_prime_setup; local_expand; tcp_two_process; p1_noisy_vole_sender; real_libOTe_NoisyVole_split_input_length_2t; F=array<u64,M>; G=u64; coordinate_scalar_fixed_prime_setup; local_expand"
2026-07-26T05:51:57.804628+00:00,4a917afb6ebeca9bce885fae7f25d0ac0264ecb6,RMVOLE_NET_BENCH,RM_COORD_GENERIC_SPLIT,coordinate,split-input-vole,LOCAL_TCP,tcp-loopback,bench,1,0,OK,PASS,14,16384,64,128,8,617.169,1228.484,50.691,562.971,3.507,3.786,,16,,0,0,4211904,542456,4473000,281240,4754160,37141.875,36.2713623046875,"tcp_two_process; p0_noisy_vole_receiver; real_libOTe_NoisyVole_split_input_length_2t; F=array<u64,M>; G=u64; coordinate_scalar_fixed_prime_setup; local_expand; tcp_two_process; p1_noisy_vole_sender; real_libOTe_NoisyVole_split_input_length_2t; F=array<u64,M>; G=u64; coordinate_scalar_fixed_prime_setup; local_expand"
2026-07-26T05:51:58.759092+00:00,4a917afb6ebeca9bce885fae7f25d0ac0264ecb6,RMVOLE_NET_BENCH,RM_COORD_GENERIC_SPLIT,coordinate,split-input-vole,LOCAL_TCP,tcp-loopback,bench,2,0,OK,PASS,14,16384,64,128,8,689.774,1368.1870000000001,61.292,621.384,7.098,7.492,,16,,0,0,4211904,542456,4473000,281240,4754160,37141.875,36.2713623046875,"tcp_two_process; p0_noisy_vole_receiver; real_libOTe_NoisyVole_split_input_length_2t; F=array<u64,M>; G=u64; coordinate_scalar_fixed_prime_setup; local_expand; tcp_two_process; p1_noisy_vole_sender; real_libOTe_NoisyVole_split_input_length_2t; F=array<u64,M>; G=u64; coordinate_scalar_fixed_prime_setup; local_expand"
2026-07-26T05:51:59.563547+00:00,4a917afb6ebeca9bce885fae7f25d0ac0264ecb6,RMVOLE_NET_BENCH,RM_COORD_GENERIC_SPLIT,coordinate,split-input-vole,LOCAL_TCP,tcp-loopback,bench,3,0,OK,PASS,14,16384,64,128,8,578.196,1149.491,56.088,517.676,4.432,4.957999999999999,,16,,0,0,4211904,542456,4473000,281240,4754160,37141.875,36.2713623046875,"tcp_two_process; p0_noisy_vole_receiver; real_libOTe_NoisyVole_split_input_length_2t; F=array<u64,M>; G=u64; coordinate_scalar_fixed_prime_setup; local_expand; tcp_two_process; p1_noisy_vole_sender; real_libOTe_NoisyVole_split_input_length_2t; F=array<u64,M>; G=u64; coordinate_scalar_fixed_prime_setup; local_expand"
2026-07-26T05:52:00.418284+00:00,4a917afb6ebeca9bce885fae7f25d0ac0264ecb6,RMVOLE_NET_BENCH,RM_COORD_GENERIC_SPLIT,coordinate,split-input-vole,LOCAL_TCP,tcp-loopback,bench,4,0,OK,PASS,14,16384,64,128,8,613.208,1219.8,57.762,551.841,3.605,3.747,,16,,0,0,4211904,542456,4473000,281240,4754160,37141.875,36.2713623046875,"tcp_two_process; p0_noisy_vole_receiver; real_libOTe_NoisyVole_split_input_length_2t; F=array<u64,M>; G=u64; coordinate_scalar_fixed_prime_setup; local_expand; tcp_two_process; p1_noisy_vole_sender; real_libOTe_NoisyVole_split_input_length_2t; F=array<u64,M>; G=u64; coordinate_scalar_fixed_prime_setup; local_expand"
2026-07-26T05:52:01.223727+00:00,4a917afb6ebeca9bce885fae7f25d0ac0264ecb6,RMVOLE_NET_BENCH,RM_COORD_GENERIC_SPLIT,coordinate,split-input-vole,LOCAL_TCP,tcp-loopback,bench,5,0,OK,PASS,14,16384,64,128,8,571.426,1137.201,51.434,516.3839999999999,3.608,3.7230000000000003,,16,,0,0,4211904,542456,4473000,281240,4754160,37141.875,36.2713623046875,"tcp_two_process; p0_noisy_vole_receiver; real_libOTe_NoisyVole_split_input_length_2t; F=array<u64,M>; G=u64; coordinate_scalar_fixed_prime_setup; local_expand; tcp_two_process; p1_noisy_vole_sender; real_libOTe_NoisyVole_split_input_length_2t; F=array<u64,M>; G=u64; coordinate_scalar_fixed_prime_setup; local_expand"
2026-07-26T05:52:02.029180+00:00,4a917afb6ebeca9bce885fae7f25d0ac0264ecb6,RMVOLE_NET_BENCH,RM_COORD_GENERIC_SPLIT,coordinate,split-input-vole,LOCAL_TCP,tcp-loopback,bench,6,0,OK,PASS,14,16384,64,128,8,567.218,1126.719,55.766999999999996,506.869,4.582,3.941,,16,,0,0,4211904,542456,4473000,281240,4754160,37141.875,36.2713623046875,"tcp_two_process; p0_noisy_vole_receiver; real_libOTe_NoisyVole_split_input_length_2t; F=array<u64,M>; G=u64; coordinate_scalar_fixed_prime_setup; local_expand; tcp_two_process; p1_noisy_vole_sender; real_libOTe_NoisyVole_split_input_length_2t; F=array<u64,M>; G=u64; coordinate_scalar_fixed_prime_setup; local_expand"
2026-07-26T05:52:02.834231+00:00,4a917afb6ebeca9bce885fae7f25d0ac0264ecb6,RMVOLE_NET_BENCH,RM_COORD_GENERIC_SPLIT,coordinate,split-input-vole,LOCAL_TCP,tcp-loopback,bench,7,0,OK,PASS,14,16384,64,128,8,552.597,1099.4009999999998,50.887,498.195,3.5140000000000002,3.7230000000000003,,16,,0,0,4211904,542456,4473000,281240,4754160,37141.875,36.2713623046875,"tcp_two_process; p0_noisy_vole_receiver; real_libOTe_NoisyVole_split_input_length_2t; F=array<u64,M>; G=u64; coordinate_scalar_fixed_prime_setup; local_expand; tcp_two_process; p1_noisy_vole_sender; real_libOTe_NoisyVole_split_input_length_2t; F=array<u64,M>; G=u64; coordinate_scalar_fixed_prime_setup; local_expand"
2026-07-26T05:52:03.639010+00:00,4a917afb6ebeca9bce885fae7f25d0ac0264ecb6,RMVOLE_NET_BENCH,RM_COORD_GENERIC_SPLIT,coordinate,split-input-vole,LOCAL_TCP,tcp-loopback,bench,8,0,OK,PASS,14,16384,64,128,8,569.8389999999999,1132.9,50.952,514.7239999999999,4.163,3.87,,16,,0,0,4211904,542456,4473000,281240,4754160,37141.875,36.2713623046875,"tcp_two_process; p0_noisy_vole_receiver; real_libOTe_NoisyVole_split_input_length_2t; F=array<u64,M>; G=u64; coordinate_scalar_fixed_prime_setup; local_expand; tcp_two_process; p1_noisy_vole_sender; real_libOTe_NoisyVole_split_input_length_2t; F=array<u64,M>; G=u64; coordinate_scalar_fixed_prime_setup; local_expand"
2026-07-26T05:52:04.493823+00:00,4a917afb6ebeca9bce885fae7f25d0ac0264ecb6,RMVOLE_NET_BENCH,RM_COORD_GENERIC_SPLIT,coordinate,split-input-vole,LOCAL_TCP,tcp-loopback,bench,9,0,OK,PASS,14,16384,64,128,8,597.268,1188.566,56.189,537.588,3.491,3.6809999999999996,,16,,0,0,4211904,542456,4473000,281240,4754160,37141.875,36.2713623046875,"tcp_two_process; p0_noisy_vole_receiver; real_libOTe_NoisyVole_split_input_length_2t; F=array<u64,M>; G=u64; coordinate_scalar_fixed_prime_setup; local_expand; tcp_two_process; p1_noisy_vole_sender; real_libOTe_NoisyVole_split_input_length_2t; F=array<u64,M>; G=u64; coordinate_scalar_fixed_prime_setup; local_expand"
2026-07-26T05:52:04.848122+00:00,4a917afb6ebeca9bce885fae7f25d0ac0264ecb6,RMVOLE_NET_BENCH,RM_VECTOR_OPT,vector,split-input-coeff-ot,LOCAL_TCP,tcp-loopback,verify,-2,0,OK,PASS,14,16384,64,128,8,100.287,184.256,27.587,69.392,3.3080000000000003,3.034,,2,,0,0,1378768,1276048,1339576,1315320,295520,2308.75,2.254638671875,tcp_two_process; p0_coeff_bit_ot_receiver; SPLIT_COEFF_OT; one_batched_Kos_chosen_message_OT; vector_fixed_prime_setup; local_expand; tcp_two_process; p1_coeff_bit_ot_sender; SPLIT_COEFF_OT; one_batched_Kos_chosen_message_OT; vector_fixed_prime_setup; local_expand
2026-07-26T05:52:05.202449+00:00,4a917afb6ebeca9bce885fae7f25d0ac0264ecb6,RMVOLE_NET_BENCH,RM_VECTOR_OPT,vector,split-input-coeff-ot,LOCAL_TCP,tcp-loopback,bench,-1,1,OK,PASS,14,16384,64,128,8,103.735,191.70399999999998,27.546,72.87,3.319,3.0260000000000002,,2,,0,0,1378768,96584,159912,1315320,1475152,11524.625,11.2545166015625,tcp_two_process; p0_coeff_bit_ot_receiver; SPLIT_COEFF_OT; one_batched_Kos_chosen_message_OT; vector_fixed_prime_setup; local_expand; tcp_two_process; p1_coeff_bit_ot_sender; SPLIT_COEFF_OT; one_batched_Kos_chosen_message_OT; vector_fixed_prime_setup; local_expand
2026-07-26T05:52:05.556697+00:00,4a917afb6ebeca9bce885fae7f25d0ac0264ecb6,RMVOLE_NET_BENCH,RM_VECTOR_OPT,vector,split-input-coeff-ot,LOCAL_TCP,tcp-loopback,bench,0,0,OK,PASS,14,16384,64,128,8,105.671,195.388,27.733,74.60799999999999,3.33,3.847,,2,,0,0,1378768,96584,159912,1315320,1475152,11524.625,11.2545166015625,tcp_two_process; p0_coeff_bit_ot_receiver; SPLIT_COEFF_OT; one_batched_Kos_chosen_message_OT; vector_fixed_prime_setup; local_expand; tcp_two_process; p1_coeff_bit_ot_sender; SPLIT_COEFF_OT; one_batched_Kos_chosen_message_OT; vector_fixed_prime_setup; local_expand
2026-07-26T05:52:05.910707+00:00,4a917afb6ebeca9bce885fae7f25d0ac0264ecb6,RMVOLE_NET_BENCH,RM_VECTOR_OPT,vector,split-input-coeff-ot,LOCAL_TCP,tcp-loopback,bench,1,0,OK,PASS,14,16384,64,128,8,100.632,185.23099999999997,28.049999999999997,69.316,3.266,3.069,,2,,0,0,1378768,96584,159912,1315320,1475152,11524.625,11.2545166015625,tcp_two_process; p0_coeff_bit_ot_receiver; SPLIT_COEFF_OT; one_batched_Kos_chosen_message_OT; vector_fixed_prime_setup; local_expand; tcp_two_process; p1_coeff_bit_ot_sender; SPLIT_COEFF_OT; one_batched_Kos_chosen_message_OT; vector_fixed_prime_setup; local_expand
2026-07-26T05:52:06.264821+00:00,4a917afb6ebeca9bce885fae7f25d0ac0264ecb6,RMVOLE_NET_BENCH,RM_VECTOR_OPT,vector,split-input-coeff-ot,LOCAL_TCP,tcp-loopback,bench,2,0,OK,PASS,14,16384,64,128,8,103.79599999999999,191.59900000000002,27.727999999999998,72.734,3.335,3.041,,2,,0,0,1378768,96584,159912,1315320,1475152,11524.625,11.2545166015625,tcp_two_process; p0_coeff_bit_ot_receiver; SPLIT_COEFF_OT; one_batched_Kos_chosen_message_OT; vector_fixed_prime_setup; local_expand; tcp_two_process; p1_coeff_bit_ot_sender; SPLIT_COEFF_OT; one_batched_Kos_chosen_message_OT; vector_fixed_prime_setup; local_expand
2026-07-26T05:52:06.618837+00:00,4a917afb6ebeca9bce885fae7f25d0ac0264ecb6,RMVOLE_NET_BENCH,RM_VECTOR_OPT,vector,split-input-coeff-ot,LOCAL_TCP,tcp-loopback,bench,3,0,OK,PASS,14,16384,64,128,8,99.318,183.015,27.599999999999998,68.47399999999999,3.2439999999999998,2.973,,2,,0,0,1378768,96584,159912,1315320,1475152,11524.625,11.2545166015625,tcp_two_process; p0_coeff_bit_ot_receiver; SPLIT_COEFF_OT; one_batched_Kos_chosen_message_OT; vector_fixed_prime_setup; local_expand; tcp_two_process; p1_coeff_bit_ot_sender; SPLIT_COEFF_OT; one_batched_Kos_chosen_message_OT; vector_fixed_prime_setup; local_expand
2026-07-26T05:52:06.972947+00:00,4a917afb6ebeca9bce885fae7f25d0ac0264ecb6,RMVOLE_NET_BENCH,RM_VECTOR_OPT,vector,split-input-coeff-ot,LOCAL_TCP,tcp-loopback,bench,4,0,OK,PASS,14,16384,64,128,8,101.25099999999999,185.113,29.394,68.676,3.18,2.9949999999999997,,2,,0,0,1378768,96584,159912,1315320,1475152,11524.625,11.2545166015625,tcp_two_process; p0_coeff_bit_ot_receiver; SPLIT_COEFF_OT; one_batched_Kos_chosen_message_OT; vector_fixed_prime_setup; local_expand; tcp_two_process; p1_coeff_bit_ot_sender; SPLIT_COEFF_OT; one_batched_Kos_chosen_message_OT; vector_fixed_prime_setup; local_expand
2026-07-26T05:52:07.326777+00:00,4a917afb6ebeca9bce885fae7f25d0ac0264ecb6,RMVOLE_NET_BENCH,RM_VECTOR_OPT,vector,split-input-coeff-ot,LOCAL_TCP,tcp-loopback,bench,5,0,OK,PASS,14,16384,64,128,8,98.803,182.732,26.911,68.65,3.241,3.029,,2,,0,0,1378768,96584,159912,1315320,1475152,11524.625,11.2545166015625,tcp_two_process; p0_coeff_bit_ot_receiver; SPLIT_COEFF_OT; one_batched_Kos_chosen_message_OT; vector_fixed_prime_setup; local_expand; tcp_two_process; p1_coeff_bit_ot_sender; SPLIT_COEFF_OT; one_batched_Kos_chosen_message_OT; vector_fixed_prime_setup; local_expand
2026-07-26T05:52:07.680848+00:00,4a917afb6ebeca9bce885fae7f25d0ac0264ecb6,RMVOLE_NET_BENCH,RM_VECTOR_OPT,vector,split-input-coeff-ot,LOCAL_TCP,tcp-loopback,bench,6,0,OK,PASS,14,16384,64,128,8,99.745,183.816,27.612000000000002,68.86,3.2729999999999997,3.013,,2,,0,0,1378768,96584,159912,1315320,1475152,11524.625,11.2545166015625,tcp_two_process; p0_coeff_bit_ot_receiver; SPLIT_COEFF_OT; one_batched_Kos_chosen_message_OT; vector_fixed_prime_setup; local_expand; tcp_two_process; p1_coeff_bit_ot_sender; SPLIT_COEFF_OT; one_batched_Kos_chosen_message_OT; vector_fixed_prime_setup; local_expand
2026-07-26T05:52:08.034906+00:00,4a917afb6ebeca9bce885fae7f25d0ac0264ecb6,RMVOLE_NET_BENCH,RM_VECTOR_OPT,vector,split-input-coeff-ot,LOCAL_TCP,tcp-loopback,bench,7,0,OK,PASS,14,16384,64,128,8,101.4,186.79000000000002,27.463,70.40299999999999,3.533,3.02,,2,,0,0,1378768,96584,159912,1315320,1475152,11524.625,11.2545166015625,tcp_two_process; p0_coeff_bit_ot_receiver; SPLIT_COEFF_OT; one_batched_Kos_chosen_message_OT; vector_fixed_prime_setup; local_expand; tcp_two_process; p1_coeff_bit_ot_sender; SPLIT_COEFF_OT; one_batched_Kos_chosen_message_OT; vector_fixed_prime_setup; local_expand
2026-07-26T05:52:08.389143+00:00,4a917afb6ebeca9bce885fae7f25d0ac0264ecb6,RMVOLE_NET_BENCH,RM_VECTOR_OPT,vector,split-input-coeff-ot,LOCAL_TCP,tcp-loopback,bench,8,0,OK,PASS,14,16384,64,128,8,101.83300000000001,187.602,27.879,70.51100000000001,3.444,3.164,,2,,0,0,1378768,96584,159912,1315320,1475152,11524.625,11.2545166015625,tcp_two_process; p0_coeff_bit_ot_receiver; SPLIT_COEFF_OT; one_batched_Kos_chosen_message_OT; vector_fixed_prime_setup; local_expand; tcp_two_process; p1_coeff_bit_ot_sender; SPLIT_COEFF_OT; one_batched_Kos_chosen_message_OT; vector_fixed_prime_setup; local_expand
2026-07-26T05:52:08.743379+00:00,4a917afb6ebeca9bce885fae7f25d0ac0264ecb6,RMVOLE_NET_BENCH,RM_VECTOR_OPT,vector,split-input-coeff-ot,LOCAL_TCP,tcp-loopback,bench,9,0,OK,PASS,14,16384,64,128,8,104.177,192.09799999999998,30.764,70.164,3.249,3.044,,2,,0,0,1378768,96584,159912,1315320,1475152,11524.625,11.2545166015625,tcp_two_process; p0_coeff_bit_ot_receiver; SPLIT_COEFF_OT; one_batched_Kos_chosen_message_OT; vector_fixed_prime_setup; local_expand; tcp_two_process; p1_coeff_bit_ot_sender; SPLIT_COEFF_OT; one_batched_Kos_chosen_message_OT; vector_fixed_prime_setup; local_expand
2026-07-26T05:52:09.548584+00:00,4a917afb6ebeca9bce885fae7f25d0ac0264ecb6,RMVOLE_NET_BENCH,RM_COORD_OPT,coordinate,split-input-coeff-ot,LOCAL_TCP,tcp-loopback,verify,-2,0,OK,PASS,14,16384,64,128,8,532.267,1048.544,28.424999999999997,500.027,3.814,3.65,,16,,0,0,1378768,1721920,1583288,1517480,741392,5792.125,5.6563720703125,tcp_two_process; p0_coeff_bit_ot_receiver; SPLIT_COEFF_OT; one_batched_Kos_chosen_message_OT; coordinate_scalar_fixed_prime_setup; local_expand; tcp_two_process; p1_coeff_bit_ot_sender; SPLIT_COEFF_OT; one_batched_Kos_chosen_message_OT; coordinate_scalar_fixed_prime_setup; local_expand
2026-07-26T05:52:10.303302+00:00,4a917afb6ebeca9bce885fae7f25d0ac0264ecb6,RMVOLE_NET_BENCH,RM_COORD_OPT,coordinate,split-input-coeff-ot,LOCAL_TCP,tcp-loopback,bench,-1,1,OK,PASS,14,16384,64,128,8,523.248,1031.039,27.545,491.863,3.839,3.6510000000000002,,16,,0,0,1378768,542456,403624,1517480,1921024,15008.0,14.65625,tcp_two_process; p0_coeff_bit_ot_receiver; SPLIT_COEFF_OT; one_batched_Kos_chosen_message_OT; coordinate_scalar_fixed_prime_setup; local_expand; tcp_two_process; p1_coeff_bit_ot_sender; SPLIT_COEFF_OT; one_batched_Kos_chosen_message_OT; coordinate_scalar_fixed_prime_setup; local_expand
2026-07-26T05:52:11.058192+00:00,4a917afb6ebeca9bce885fae7f25d0ac0264ecb6,RMVOLE_NET_BENCH,RM_COORD_OPT,coordinate,split-input-coeff-ot,LOCAL_TCP,tcp-loopback,bench,0,0,OK,PASS,14,16384,64,128,8,526.225,1037.3830000000003,28.174,494.243,3.8089999999999997,3.697,,16,,0,0,1378768,542456,403624,1517480,1921024,15008.0,14.65625,tcp_two_process; p0_coeff_bit_ot_receiver; SPLIT_COEFF_OT; one_batched_Kos_chosen_message_OT; coordinate_scalar_fixed_prime_setup; local_expand; tcp_two_process; p1_coeff_bit_ot_sender; SPLIT_COEFF_OT; one_batched_Kos_chosen_message_OT; coordinate_scalar_fixed_prime_setup; local_expand
2026-07-26T05:52:11.863377+00:00,4a917afb6ebeca9bce885fae7f25d0ac0264ecb6,RMVOLE_NET_BENCH,RM_COORD_OPT,coordinate,split-input-coeff-ot,LOCAL_TCP,tcp-loopback,bench,1,0,OK,PASS,14,16384,64,128,8,530.547,1044.399,29.6,497.10900000000004,3.839,3.679,,16,,0,0,1378768,542456,403624,1517480,1921024,15008.0,14.65625,tcp_two_process; p0_coeff_bit_ot_receiver; SPLIT_COEFF_OT; one_batched_Kos_chosen_message_OT; coordinate_scalar_fixed_prime_setup; local_expand; tcp_two_process; p1_coeff_bit_ot_sender; SPLIT_COEFF_OT; one_batched_Kos_chosen_message_OT; coordinate_scalar_fixed_prime_setup; local_expand
2026-07-26T05:52:12.668490+00:00,4a917afb6ebeca9bce885fae7f25d0ac0264ecb6,RMVOLE_NET_BENCH,RM_COORD_OPT,coordinate,split-input-coeff-ot,LOCAL_TCP,tcp-loopback,bench,2,0,OK,PASS,14,16384,64,128,8,545.981,1076.518,27.641,514.5070000000001,3.833,3.738,,16,,0,0,1378768,542456,403624,1517480,1921024,15008.0,14.65625,tcp_two_process; p0_coeff_bit_ot_receiver; SPLIT_COEFF_OT; one_batched_Kos_chosen_message_OT; coordinate_scalar_fixed_prime_setup; local_expand; tcp_two_process; p1_coeff_bit_ot_sender; SPLIT_COEFF_OT; one_batched_Kos_chosen_message_OT; coordinate_scalar_fixed_prime_setup; local_expand
2026-07-26T05:52:13.473434+00:00,4a917afb6ebeca9bce885fae7f25d0ac0264ecb6,RMVOLE_NET_BENCH,RM_COORD_OPT,coordinate,split-input-coeff-ot,LOCAL_TCP,tcp-loopback,bench,3,0,OK,PASS,14,16384,64,128,8,533.328,1052.3790000000001,31.213,498.257,3.858,3.9709999999999996,,16,,0,0,1378768,542456,403624,1517480,1921024,15008.0,14.65625,tcp_two_process; p0_coeff_bit_ot_receiver; SPLIT_COEFF_OT; one_batched_Kos_chosen_message_OT; coordinate_scalar_fixed_prime_setup; local_expand; tcp_two_process; p1_coeff_bit_ot_sender; SPLIT_COEFF_OT; one_batched_Kos_chosen_message_OT; coordinate_scalar_fixed_prime_setup; local_expand
2026-07-26T05:52:14.228125+00:00,4a917afb6ebeca9bce885fae7f25d0ac0264ecb6,RMVOLE_NET_BENCH,RM_COORD_OPT,coordinate,split-input-coeff-ot,LOCAL_TCP,tcp-loopback,bench,4,0,OK,PASS,14,16384,64,128,8,521.695,1027.911,27.656,490.222,3.817,3.701,,16,,0,0,1378768,542456,403624,1517480,1921024,15008.0,14.65625,tcp_two_process; p0_coeff_bit_ot_receiver; SPLIT_COEFF_OT; one_batched_Kos_chosen_message_OT; coordinate_scalar_fixed_prime_setup; local_expand; tcp_two_process; p1_coeff_bit_ot_sender; SPLIT_COEFF_OT; one_batched_Kos_chosen_message_OT; coordinate_scalar_fixed_prime_setup; local_expand
2026-07-26T05:52:15.033028+00:00,4a917afb6ebeca9bce885fae7f25d0ac0264ecb6,RMVOLE_NET_BENCH,RM_COORD_OPT,coordinate,split-input-coeff-ot,LOCAL_TCP,tcp-loopback,bench,5,0,OK,PASS,14,16384,64,128,8,532.789,1050.156,27.627,501.35799999999995,3.8040000000000003,3.9639999999999995,,16,,0,0,1378768,542456,403624,1517480,1921024,15008.0,14.65625,tcp_two_process; p0_coeff_bit_ot_receiver; SPLIT_COEFF_OT; one_batched_Kos_chosen_message_OT; coordinate_scalar_fixed_prime_setup; local_expand; tcp_two_process; p1_coeff_bit_ot_sender; SPLIT_COEFF_OT; one_batched_Kos_chosen_message_OT; coordinate_scalar_fixed_prime_setup; local_expand
2026-07-26T05:52:15.887661+00:00,4a917afb6ebeca9bce885fae7f25d0ac0264ecb6,RMVOLE_NET_BENCH,RM_COORD_OPT,coordinate,split-input-coeff-ot,LOCAL_TCP,tcp-loopback,bench,6,0,OK,PASS,14,16384,64,128,8,616.128,1215.07,29.537,582.8259999999999,3.765,4.563000000000001,,16,,0,0,1378768,542456,403624,1517480,1921024,15008.0,14.65625,tcp_two_process; p0_coeff_bit_ot_receiver; SPLIT_COEFF_OT; one_batched_Kos_chosen_message_OT; coordinate_scalar_fixed_prime_setup; local_expand; tcp_two_process; p1_coeff_bit_ot_sender; SPLIT_COEFF_OT; one_batched_Kos_chosen_message_OT; coordinate_scalar_fixed_prime_setup; local_expand
2026-07-26T05:52:16.692653+00:00,4a917afb6ebeca9bce885fae7f25d0ac0264ecb6,RMVOLE_NET_BENCH,RM_COORD_OPT,coordinate,split-input-coeff-ot,LOCAL_TCP,tcp-loopback,bench,7,0,OK,PASS,14,16384,64,128,8,533.9620000000001,1052.15,27.877,502.25299999999993,3.833,3.6679999999999997,,16,,0,0,1378768,542456,403624,1517480,1921024,15008.0,14.65625,tcp_two_process; p0_coeff_bit_ot_receiver; SPLIT_COEFF_OT; one_batched_Kos_chosen_message_OT; coordinate_scalar_fixed_prime_setup; local_expand; tcp_two_process; p1_coeff_bit_ot_sender; SPLIT_COEFF_OT; one_batched_Kos_chosen_message_OT; coordinate_scalar_fixed_prime_setup; local_expand
2026-07-26T05:52:17.498008+00:00,4a917afb6ebeca9bce885fae7f25d0ac0264ecb6,RMVOLE_NET_BENCH,RM_COORD_OPT,coordinate,split-input-coeff-ot,LOCAL_TCP,tcp-loopback,bench,8,0,OK,PASS,14,16384,64,128,8,533.105,1050.825,27.542,501.76699999999994,3.797,3.76,,16,,0,0,1378768,542456,403624,1517480,1921024,15008.0,14.65625,tcp_two_process; p0_coeff_bit_ot_receiver; SPLIT_COEFF_OT; one_batched_Kos_chosen_message_OT; coordinate_scalar_fixed_prime_setup; local_expand; tcp_two_process; p1_coeff_bit_ot_sender; SPLIT_COEFF_OT; one_batched_Kos_chosen_message_OT; coordinate_scalar_fixed_prime_setup; local_expand
2026-07-26T05:52:18.303173+00:00,4a917afb6ebeca9bce885fae7f25d0ac0264ecb6,RMVOLE_NET_BENCH,RM_COORD_OPT,coordinate,split-input-coeff-ot,LOCAL_TCP,tcp-loopback,bench,9,0,OK,PASS,14,16384,64,128,8,536.079,1055.936,27.861,503.933,4.286,4.253,,16,,0,0,1378768,542456,403624,1517480,1921024,15008.0,14.65625,tcp_two_process; p0_coeff_bit_ot_receiver; SPLIT_COEFF_OT; one_batched_Kos_chosen_message_OT; coordinate_scalar_fixed_prime_setup; local_expand; tcp_two_process; p1_coeff_bit_ot_sender; SPLIT_COEFF_OT; one_batched_Kos_chosen_message_OT; coordinate_scalar_fixed_prime_setup; local_expand
2026-07-26T05:52:18.807692+00:00,4a917afb6ebeca9bce885fae7f25d0ac0264ecb6,RMVOLE_NET_BENCH,RM_VECTOR_GENERIC_SPLIT,vector,split-input-vole,LOCAL_TCP,tcp-loopback,verify,-2,0,OK,PASS,14,16384,64,128,16,250.75900000000001,494.341,130.375,114.113,6.271,5.947,,2,,0,0,16812104,2357512,19040504,129256,14713168,114946.625,56.12628173828125,"tcp_two_process; p0_noisy_vole_receiver; real_libOTe_NoisyVole_split_input_length_2t; F=array<u64,M>; G=u64; vector_fixed_prime_setup; local_expand; tcp_two_process; p1_noisy_vole_sender; real_libOTe_NoisyVole_split_input_length_2t; F=array<u64,M>; G=u64; vector_fixed_prime_setup; local_expand"
2026-07-26T05:52:19.312102+00:00,4a917afb6ebeca9bce885fae7f25d0ac0264ecb6,RMVOLE_NET_BENCH,RM_VECTOR_GENERIC_SPLIT,vector,split-input-vole,LOCAL_TCP,tcp-loopback,bench,-1,1,OK,PASS,14,16384,64,128,16,247.547,487.259,129.364,111.86699999999999,6.316000000000001,5.9350000000000005,,2,,0,0,16812104,129416,16812264,129256,16941376,132354.5,64.626220703125,"tcp_two_process; p0_noisy_vole_receiver; real_libOTe_NoisyVole_split_input_length_2t; F=array<u64,M>; G=u64; vector_fixed_prime_setup; local_expand; tcp_two_process; p1_noisy_vole_sender; real_libOTe_NoisyVole_split_input_length_2t; F=array<u64,M>; G=u64; vector_fixed_prime_setup; local_expand"
2026-07-26T05:52:19.816777+00:00,4a917afb6ebeca9bce885fae7f25d0ac0264ecb6,RMVOLE_NET_BENCH,RM_VECTOR_GENERIC_SPLIT,vector,split-input-vole,LOCAL_TCP,tcp-loopback,bench,0,0,OK,PASS,14,16384,64,128,16,254.859,503.116,134.8,113.63199999999999,6.4270000000000005,6.031,,2,,0,0,16812288,129416,16812264,129256,16941376,132354.5,64.626220703125,"tcp_two_process; p0_noisy_vole_receiver; real_libOTe_NoisyVole_split_input_length_2t; F=array<u64,M>; G=u64; vector_fixed_prime_setup; local_expand; tcp_two_process; p1_noisy_vole_sender; real_libOTe_NoisyVole_split_input_length_2t; F=array<u64,M>; G=u64; vector_fixed_prime_setup; local_expand"
2026-07-26T05:52:20.371171+00:00,4a917afb6ebeca9bce885fae7f25d0ac0264ecb6,RMVOLE_NET_BENCH,RM_VECTOR_GENERIC_SPLIT,vector,split-input-vole,LOCAL_TCP,tcp-loopback,bench,1,0,OK,PASS,14,16384,64,128,16,284.30699999999996,559.879,165.63400000000001,112.298,6.375,5.963,,2,,0,0,16812288,129416,16812264,129256,16941376,132354.5,64.626220703125,"tcp_two_process; p0_noisy_vole_receiver; real_libOTe_NoisyVole_split_input_length_2t; F=array<u64,M>; G=u64; vector_fixed_prime_setup; local_expand; tcp_two_process; p1_noisy_vole_sender; real_libOTe_NoisyVole_split_input_length_2t; F=array<u64,M>; G=u64; vector_fixed_prime_setup; local_expand"
2026-07-26T05:52:20.875460+00:00,4a917afb6ebeca9bce885fae7f25d0ac0264ecb6,RMVOLE_NET_BENCH,RM_VECTOR_GENERIC_SPLIT,vector,split-input-vole,LOCAL_TCP,tcp-loopback,bench,2,0,OK,PASS,14,16384,64,128,16,255.96,503.16400000000004,130.87099999999998,118.01,7.079000000000001,6.012,,2,,0,0,16812104,129416,16812264,129256,16941376,132354.5,64.626220703125,"tcp_two_process; p0_noisy_vole_receiver; real_libOTe_NoisyVole_split_input_length_2t; F=array<u64,M>; G=u64; vector_fixed_prime_setup; local_expand; tcp_two_process; p1_noisy_vole_sender; real_libOTe_NoisyVole_split_input_length_2t; F=array<u64,M>; G=u64; vector_fixed_prime_setup; local_expand"
2026-07-26T05:52:21.379893+00:00,4a917afb6ebeca9bce885fae7f25d0ac0264ecb6,RMVOLE_NET_BENCH,RM_VECTOR_GENERIC_SPLIT,vector,split-input-vole,LOCAL_TCP,tcp-loopback,bench,3,0,OK,PASS,14,16384,64,128,16,255.029,502.16499999999996,135.20399999999998,113.459,6.3660000000000005,6.018,,2,,0,0,16812104,129416,16812264,129256,16941376,132354.5,64.626220703125,"tcp_two_process; p0_noisy_vole_receiver; real_libOTe_NoisyVole_split_input_length_2t; F=array<u64,M>; G=u64; vector_fixed_prime_setup; local_expand; tcp_two_process; p1_noisy_vole_sender; real_libOTe_NoisyVole_split_input_length_2t; F=array<u64,M>; G=u64; vector_fixed_prime_setup; local_expand"
2026-07-26T05:52:21.884439+00:00,4a917afb6ebeca9bce885fae7f25d0ac0264ecb6,RMVOLE_NET_BENCH,RM_VECTOR_GENERIC_SPLIT,vector,split-input-vole,LOCAL_TCP,tcp-loopback,bench,4,0,OK,PASS,14,16384,64,128,16,260.817,506.07900000000006,134.615,114.694,11.508,6.051,,2,,0,0,16812288,129416,16812264,129256,16941376,132354.5,64.626220703125,"tcp_two_process; p0_noisy_vole_receiver; real_libOTe_NoisyVole_split_input_length_2t; F=array<u64,M>; G=u64; vector_fixed_prime_setup; local_expand; tcp_two_process; p1_noisy_vole_sender; real_libOTe_NoisyVole_split_input_length_2t; F=array<u64,M>; G=u64; vector_fixed_prime_setup; local_expand"
2026-07-26T05:52:22.388948+00:00,4a917afb6ebeca9bce885fae7f25d0ac0264ecb6,RMVOLE_NET_BENCH,RM_VECTOR_GENERIC_SPLIT,vector,split-input-vole,LOCAL_TCP,tcp-loopback,bench,5,0,OK,PASS,14,16384,64,128,16,253.98900000000003,499.30800000000005,134.59799999999998,113.042,6.35,5.969,,2,,0,0,16812288,129416,16812264,129256,16941376,132354.5,64.626220703125,"tcp_two_process; p0_noisy_vole_receiver; real_libOTe_NoisyVole_split_input_length_2t; F=array<u64,M>; G=u64; vector_fixed_prime_setup; local_expand; tcp_two_process; p1_noisy_vole_sender; real_libOTe_NoisyVole_split_input_length_2t; F=array<u64,M>; G=u64; vector_fixed_prime_setup; local_expand"
2026-07-26T05:52:22.893170+00:00,4a917afb6ebeca9bce885fae7f25d0ac0264ecb6,RMVOLE_NET_BENCH,RM_VECTOR_GENERIC_SPLIT,vector,split-input-vole,LOCAL_TCP,tcp-loopback,bench,6,0,OK,PASS,14,16384,64,128,16,248.925,489.387,131.47500000000002,111.197,6.253,5.948,,2,,0,0,16812288,129416,16812264,129256,16941376,132354.5,64.626220703125,"tcp_two_process; p0_noisy_vole_receiver; real_libOTe_NoisyVole_split_input_length_2t; F=array<u64,M>; G=u64; vector_fixed_prime_setup; local_expand; tcp_two_process; p1_noisy_vole_sender; real_libOTe_NoisyVole_split_input_length_2t; F=array<u64,M>; G=u64; vector_fixed_prime_setup; local_expand"
2026-07-26T05:52:23.397894+00:00,4a917afb6ebeca9bce885fae7f25d0ac0264ecb6,RMVOLE_NET_BENCH,RM_VECTOR_GENERIC_SPLIT,vector,split-input-vole,LOCAL_TCP,tcp-loopback,bench,7,0,OK,PASS,14,16384,64,128,16,250.637,492.38599999999997,131.512,112.81700000000001,6.308,6.106999999999999,,2,,0,0,16812288,129416,16812264,129256,16941376,132354.5,64.626220703125,"tcp_two_process; p0_noisy_vole_receiver; real_libOTe_NoisyVole_split_input_length_2t; F=array<u64,M>; G=u64; vector_fixed_prime_setup; local_expand; tcp_two_process; p1_noisy_vole_sender; real_libOTe_NoisyVole_split_input_length_2t; F=array<u64,M>; G=u64; vector_fixed_prime_setup; local_expand"
2026-07-26T05:52:23.902260+00:00,4a917afb6ebeca9bce885fae7f25d0ac0264ecb6,RMVOLE_NET_BENCH,RM_VECTOR_GENERIC_SPLIT,vector,split-input-vole,LOCAL_TCP,tcp-loopback,bench,8,0,OK,PASS,14,16384,64,128,16,248.836,490.691,131.746,110.726,6.364,6.201,,2,,0,0,16812288,129416,16812264,129256,16941376,132354.5,64.626220703125,"tcp_two_process; p0_noisy_vole_receiver; real_libOTe_NoisyVole_split_input_length_2t; F=array<u64,M>; G=u64; vector_fixed_prime_setup; local_expand; tcp_two_process; p1_noisy_vole_sender; real_libOTe_NoisyVole_split_input_length_2t; F=array<u64,M>; G=u64; vector_fixed_prime_setup; local_expand"
2026-07-26T05:52:24.406652+00:00,4a917afb6ebeca9bce885fae7f25d0ac0264ecb6,RMVOLE_NET_BENCH,RM_VECTOR_GENERIC_SPLIT,vector,split-input-vole,LOCAL_TCP,tcp-loopback,bench,9,0,OK,PASS,14,16384,64,128,16,252.80700000000002,497.416,131.585,114.94200000000001,6.28,7.962999999999999,,2,,0,0,16812288,129416,16812264,129256,16941376,132354.5,64.626220703125,"tcp_two_process; p0_noisy_vole_receiver; real_libOTe_NoisyVole_split_input_length_2t; F=array<u64,M>; G=u64; vector_fixed_prime_setup; local_expand; tcp_two_process; p1_noisy_vole_sender; real_libOTe_NoisyVole_split_input_length_2t; F=array<u64,M>; G=u64; vector_fixed_prime_setup; local_expand"
2026-07-26T05:52:25.862339+00:00,4a917afb6ebeca9bce885fae7f25d0ac0264ecb6,RMVOLE_NET_BENCH,RM_COORD_GENERIC_SPLIT,coordinate,split-input-vole,LOCAL_TCP,tcp-loopback,verify,-2,0,OK,PASS,14,16384,64,128,16,1199.3229999999999,2388.7999999999997,130.782,1060.772,7.768,7.423,,32,,0,0,16812288,3312768,19562744,562456,15668608,122411.0,59.77099609375,"tcp_two_process; p0_noisy_vole_receiver; real_libOTe_NoisyVole_split_input_length_2t; F=array<u64,M>; G=u64; coordinate_scalar_fixed_prime_setup; local_expand; tcp_two_process; p1_noisy_vole_sender; real_libOTe_NoisyVole_split_input_length_2t; F=array<u64,M>; G=u64; coordinate_scalar_fixed_prime_setup; local_expand"
2026-07-26T05:52:27.318732+00:00,4a917afb6ebeca9bce885fae7f25d0ac0264ecb6,RMVOLE_NET_BENCH,RM_COORD_GENERIC_SPLIT,coordinate,split-input-vole,LOCAL_TCP,tcp-loopback,bench,-1,1,OK,PASS,14,16384,64,128,16,1181.79,2355.9770000000003,136.245,1038.3899999999999,7.155,7.405,,32,,0,0,16812288,1084856,17334504,562456,17896816,139818.875,68.27093505859375,"tcp_two_process; p0_noisy_vole_receiver; real_libOTe_NoisyVole_split_input_length_2t; F=array<u64,M>; G=u64; coordinate_scalar_fixed_prime_setup; local_expand; tcp_two_process; p1_noisy_vole_sender; real_libOTe_NoisyVole_split_input_length_2t; F=array<u64,M>; G=u64; coordinate_scalar_fixed_prime_setup; local_expand"
2026-07-26T05:52:28.825133+00:00,4a917afb6ebeca9bce885fae7f25d0ac0264ecb6,RMVOLE_NET_BENCH,RM_COORD_GENERIC_SPLIT,coordinate,split-input-vole,LOCAL_TCP,tcp-loopback,bench,0,0,OK,PASS,14,16384,64,128,16,1229.8990000000001,2452.5170000000003,134.941,1087.637,7.321000000000001,7.345,,32,,0,0,16812288,1084856,17334504,562456,17896816,139818.875,68.27093505859375,"tcp_two_process; p0_noisy_vole_receiver; real_libOTe_NoisyVole_split_input_length_2t; F=array<u64,M>; G=u64; coordinate_scalar_fixed_prime_setup; local_expand; tcp_two_process; p1_noisy_vole_sender; real_libOTe_NoisyVole_split_input_length_2t; F=array<u64,M>; G=u64; coordinate_scalar_fixed_prime_setup; local_expand"
2026-07-26T05:52:30.282307+00:00,4a917afb6ebeca9bce885fae7f25d0ac0264ecb6,RMVOLE_NET_BENCH,RM_COORD_GENERIC_SPLIT,coordinate,split-input-vole,LOCAL_TCP,tcp-loopback,bench,1,0,OK,PASS,14,16384,64,128,16,1222.27,2437.191,133.463,1081.603,7.204000000000001,7.422,,32,,0,0,16812288,1084856,17334504,562456,17896816,139818.875,68.27093505859375,"tcp_two_process; p0_noisy_vole_receiver; real_libOTe_NoisyVole_split_input_length_2t; F=array<u64,M>; G=u64; coordinate_scalar_fixed_prime_setup; local_expand; tcp_two_process; p1_noisy_vole_sender; real_libOTe_NoisyVole_split_input_length_2t; F=array<u64,M>; G=u64; coordinate_scalar_fixed_prime_setup; local_expand"
2026-07-26T05:52:31.738433+00:00,4a917afb6ebeca9bce885fae7f25d0ac0264ecb6,RMVOLE_NET_BENCH,RM_COORD_GENERIC_SPLIT,coordinate,split-input-vole,LOCAL_TCP,tcp-loopback,bench,2,0,OK,PASS,14,16384,64,128,16,1191.924,2376.245,132.26399999999998,1052.357,7.303,7.335999999999999,,32,,0,0,16812288,1084856,17334504,562456,17896816,139818.875,68.27093505859375,"tcp_two_process; p0_noisy_vole_receiver; real_libOTe_NoisyVole_split_input_length_2t; F=array<u64,M>; G=u64; coordinate_scalar_fixed_prime_setup; local_expand; tcp_two_process; p1_noisy_vole_sender; real_libOTe_NoisyVole_split_input_length_2t; F=array<u64,M>; G=u64; coordinate_scalar_fixed_prime_setup; local_expand"
2026-07-26T05:52:33.244865+00:00,4a917afb6ebeca9bce885fae7f25d0ac0264ecb6,RMVOLE_NET_BENCH,RM_COORD_GENERIC_SPLIT,coordinate,split-input-vole,LOCAL_TCP,tcp-loopback,bench,3,0,OK,PASS,14,16384,64,128,16,1234.931,2465.261,132.86700000000002,1094.8819999999998,7.182,9.274,,32,,0,0,16812104,1084856,17334504,562456,17896816,139818.875,68.27093505859375,"tcp_two_process; p0_noisy_vole_receiver; real_libOTe_NoisyVole_split_input_length_2t; F=array<u64,M>; G=u64; coordinate_scalar_fixed_prime_setup; local_expand; tcp_two_process; p1_noisy_vole_sender; real_libOTe_NoisyVole_split_input_length_2t; F=array<u64,M>; G=u64; coordinate_scalar_fixed_prime_setup; local_expand"
2026-07-26T05:52:34.901045+00:00,4a917afb6ebeca9bce885fae7f25d0ac0264ecb6,RMVOLE_NET_BENCH,RM_COORD_GENERIC_SPLIT,coordinate,split-input-vole,LOCAL_TCP,tcp-loopback,bench,4,0,OK,PASS,14,16384,64,128,16,1426.115,2842.838,132.362,1286.5310000000002,7.222,7.313,,32,,0,0,16812288,1084856,17334504,562456,17896816,139818.875,68.27093505859375,"tcp_two_process; p0_noisy_vole_receiver; real_libOTe_NoisyVole_split_input_length_2t; F=array<u64,M>; G=u64; coordinate_scalar_fixed_prime_setup; local_expand; tcp_two_process; p1_noisy_vole_sender; real_libOTe_NoisyVole_split_input_length_2t; F=array<u64,M>; G=u64; coordinate_scalar_fixed_prime_setup; local_expand"
2026-07-26T05:52:36.356867+00:00,4a917afb6ebeca9bce885fae7f25d0ac0264ecb6,RMVOLE_NET_BENCH,RM_COORD_GENERIC_SPLIT,coordinate,split-input-vole,LOCAL_TCP,tcp-loopback,bench,5,0,OK,PASS,14,16384,64,128,16,1228.0040000000001,2447.598,131.797,1089.003,7.203,7.4079999999999995,,32,,0,0,16812288,1084856,17334504,562456,17896816,139818.875,68.27093505859375,"tcp_two_process; p0_noisy_vole_receiver; real_libOTe_NoisyVole_split_input_length_2t; F=array<u64,M>; G=u64; coordinate_scalar_fixed_prime_setup; local_expand; tcp_two_process; p1_noisy_vole_sender; real_libOTe_NoisyVole_split_input_length_2t; F=array<u64,M>; G=u64; coordinate_scalar_fixed_prime_setup; local_expand"
2026-07-26T05:52:37.812941+00:00,4a917afb6ebeca9bce885fae7f25d0ac0264ecb6,RMVOLE_NET_BENCH,RM_COORD_GENERIC_SPLIT,coordinate,split-input-vole,LOCAL_TCP,tcp-loopback,bench,6,0,OK,PASS,14,16384,64,128,16,1225.7659999999998,2443.9069999999997,139.47,1079.046,7.25,9.418,,32,,0,0,16812288,1084856,17334504,562456,17896816,139818.875,68.27093505859375,"tcp_two_process; p0_noisy_vole_receiver; real_libOTe_NoisyVole_split_input_length_2t; F=array<u64,M>; G=u64; coordinate_scalar_fixed_prime_setup; local_expand; tcp_two_process; p1_noisy_vole_sender; real_libOTe_NoisyVole_split_input_length_2t; F=array<u64,M>; G=u64; coordinate_scalar_fixed_prime_setup; local_expand"
2026-07-26T05:52:39.419019+00:00,4a917afb6ebeca9bce885fae7f25d0ac0264ecb6,RMVOLE_NET_BENCH,RM_COORD_GENERIC_SPLIT,coordinate,split-input-vole,LOCAL_TCP,tcp-loopback,bench,7,0,OK,PASS,14,16384,64,128,16,1345.5230000000001,2682.848,134.045,1204.292,7.186,7.328,,32,,0,0,16812288,1084856,17334504,562456,17896816,139818.875,68.27093505859375,"tcp_two_process; p0_noisy_vole_receiver; real_libOTe_NoisyVole_split_input_length_2t; F=array<u64,M>; G=u64; coordinate_scalar_fixed_prime_setup; local_expand; tcp_two_process; p1_noisy_vole_sender; real_libOTe_NoisyVole_split_input_length_2t; F=array<u64,M>; G=u64; coordinate_scalar_fixed_prime_setup; local_expand"
2026-07-26T05:52:40.875251+00:00,4a917afb6ebeca9bce885fae7f25d0ac0264ecb6,RMVOLE_NET_BENCH,RM_COORD_GENERIC_SPLIT,coordinate,split-input-vole,LOCAL_TCP,tcp-loopback,bench,8,0,OK,PASS,14,16384,64,128,16,1181.984,2348.757,130.67100000000002,1041.422,9.891,7.675999999999999,,32,,0,0,16812104,1084856,17334504,562456,17896816,139818.875,68.27093505859375,"tcp_two_process; p0_noisy_vole_receiver; real_libOTe_NoisyVole_split_input_length_2t; F=array<u64,M>; G=u64; coordinate_scalar_fixed_prime_setup; local_expand; tcp_two_process; p1_noisy_vole_sender; real_libOTe_NoisyVole_split_input_length_2t; F=array<u64,M>; G=u64; coordinate_scalar_fixed_prime_setup; local_expand"
2026-07-26T05:52:42.331792+00:00,4a917afb6ebeca9bce885fae7f25d0ac0264ecb6,RMVOLE_NET_BENCH,RM_COORD_GENERIC_SPLIT,coordinate,split-input-vole,LOCAL_TCP,tcp-loopback,bench,9,0,OK,PASS,14,16384,64,128,16,1201.095,2401.994,146.119,1047.857,7.119000000000001,7.522,,32,,0,0,16812104,1084856,17334504,562456,17896816,139818.875,68.27093505859375,"tcp_two_process; p0_noisy_vole_receiver; real_libOTe_NoisyVole_split_input_length_2t; F=array<u64,M>; G=u64; coordinate_scalar_fixed_prime_setup; local_expand; tcp_two_process; p1_noisy_vole_sender; real_libOTe_NoisyVole_split_input_length_2t; F=array<u64,M>; G=u64; coordinate_scalar_fixed_prime_setup; local_expand"
2026-07-26T05:52:42.735928+00:00,4a917afb6ebeca9bce885fae7f25d0ac0264ecb6,RMVOLE_NET_BENCH,RM_VECTOR_OPT,vector,split-input-coeff-ot,LOCAL_TCP,tcp-loopback,verify,-2,0,OK,PASS,14,16384,64,128,16,136.714,244.04799999999997,35.388999999999996,95.077,6.248,6.5329999999999995,,2,,0,0,2378256,2357328,2388216,2347512,279136,2180.75,1.0648193359375,tcp_two_process; p0_coeff_bit_ot_receiver; SPLIT_COEFF_OT; one_batched_Kos_chosen_message_OT; vector_fixed_prime_setup; local_expand; tcp_two_process; p1_coeff_bit_ot_sender; SPLIT_COEFF_OT; one_batched_Kos_chosen_message_OT; vector_fixed_prime_setup; local_expand
2026-07-26T05:52:43.140175+00:00,4a917afb6ebeca9bce885fae7f25d0ac0264ecb6,RMVOLE_NET_BENCH,RM_VECTOR_OPT,vector,split-input-coeff-ot,LOCAL_TCP,tcp-loopback,bench,-1,1,OK,PASS,14,16384,64,128,16,139.661,250.90400000000002,37.619,95.816,6.226,6.4799999999999995,,2,,0,0,2378256,129416,159976,2347512,2507344,19588.625,9.56475830078125,tcp_two_process; p0_coeff_bit_ot_receiver; SPLIT_COEFF_OT; one_batched_Kos_chosen_message_OT; vector_fixed_prime_setup; local_expand; tcp_two_process; p1_coeff_bit_ot_sender; SPLIT_COEFF_OT; one_batched_Kos_chosen_message_OT; vector_fixed_prime_setup; local_expand
2026-07-26T05:52:43.544373+00:00,4a917afb6ebeca9bce885fae7f25d0ac0264ecb6,RMVOLE_NET_BENCH,RM_VECTOR_OPT,vector,split-input-coeff-ot,LOCAL_TCP,tcp-loopback,bench,0,0,OK,PASS,14,16384,64,128,16,161.679,305.28,36.269000000000005,119.14,6.271,11.856,,2,,0,0,2378256,129416,159976,2347512,2507344,19588.625,9.56475830078125,tcp_two_process; p0_coeff_bit_ot_receiver; SPLIT_COEFF_OT; one_batched_Kos_chosen_message_OT; vector_fixed_prime_setup; local_expand; tcp_two_process; p1_coeff_bit_ot_sender; SPLIT_COEFF_OT; one_batched_Kos_chosen_message_OT; vector_fixed_prime_setup; local_expand
2026-07-26T05:52:43.948527+00:00,4a917afb6ebeca9bce885fae7f25d0ac0264ecb6,RMVOLE_NET_BENCH,RM_VECTOR_OPT,vector,split-input-coeff-ot,LOCAL_TCP,tcp-loopback,bench,1,0,OK,PASS,14,16384,64,128,16,126.84400000000001,226.33000000000004,34.159,86.472,6.2139999999999995,6.8180000000000005,,2,,0,0,2378256,129416,159976,2347512,2507344,19588.625,9.56475830078125,tcp_two_process; p0_coeff_bit_ot_receiver; SPLIT_COEFF_OT; one_batched_Kos_chosen_message_OT; vector_fixed_prime_setup; local_expand; tcp_two_process; p1_coeff_bit_ot_sender; SPLIT_COEFF_OT; one_batched_Kos_chosen_message_OT; vector_fixed_prime_setup; local_expand
2026-07-26T05:52:44.302524+00:00,4a917afb6ebeca9bce885fae7f25d0ac0264ecb6,RMVOLE_NET_BENCH,RM_VECTOR_OPT,vector,split-input-coeff-ot,LOCAL_TCP,tcp-loopback,bench,2,0,OK,PASS,14,16384,64,128,16,119.295,214.696,32.296,79.60499999999999,7.394,6.008,,2,,0,0,2378256,129416,159976,2347512,2507344,19588.625,9.56475830078125,tcp_two_process; p0_coeff_bit_ot_receiver; SPLIT_COEFF_OT; one_batched_Kos_chosen_message_OT; vector_fixed_prime_setup; local_expand; tcp_two_process; p1_coeff_bit_ot_sender; SPLIT_COEFF_OT; one_batched_Kos_chosen_message_OT; vector_fixed_prime_setup; local_expand
2026-07-26T05:52:44.706657+00:00,4a917afb6ebeca9bce885fae7f25d0ac0264ecb6,RMVOLE_NET_BENCH,RM_VECTOR_OPT,vector,split-input-coeff-ot,LOCAL_TCP,tcp-loopback,bench,3,0,OK,PASS,14,16384,64,128,16,144.518,265.622,34.498,103.69200000000001,6.329000000000001,6.053,,2,,0,0,2378256,129416,159976,2347512,2507344,19588.625,9.56475830078125,tcp_two_process; p0_coeff_bit_ot_receiver; SPLIT_COEFF_OT; one_batched_Kos_chosen_message_OT; vector_fixed_prime_setup; local_expand; tcp_two_process; p1_coeff_bit_ot_sender; SPLIT_COEFF_OT; one_batched_Kos_chosen_message_OT; vector_fixed_prime_setup; local_expand
2026-07-26T05:52:45.060823+00:00,4a917afb6ebeca9bce885fae7f25d0ac0264ecb6,RMVOLE_NET_BENCH,RM_VECTOR_OPT,vector,split-input-coeff-ot,LOCAL_TCP,tcp-loopback,bench,4,0,OK,PASS,14,16384,64,128,16,117.35900000000001,210.984,31.217000000000002,79.889,6.2540000000000004,6.279,,2,,0,0,2378072,129416,159976,2347512,2507344,19588.625,9.56475830078125,tcp_two_process; p0_coeff_bit_ot_receiver; SPLIT_COEFF_OT; one_batched_Kos_chosen_message_OT; vector_fixed_prime_setup; local_expand; tcp_two_process; p1_coeff_bit_ot_sender; SPLIT_COEFF_OT; one_batched_Kos_chosen_message_OT; vector_fixed_prime_setup; local_expand
2026-07-26T05:52:45.414924+00:00,4a917afb6ebeca9bce885fae7f25d0ac0264ecb6,RMVOLE_NET_BENCH,RM_VECTOR_OPT,vector,split-input-coeff-ot,LOCAL_TCP,tcp-loopback,bench,5,0,OK,PASS,14,16384,64,128,16,123.098,220.613,32.949,83.93100000000001,6.218,5.999,,2,,0,0,2378256,129416,159976,2347512,2507344,19588.625,9.56475830078125,tcp_two_process; p0_coeff_bit_ot_receiver; SPLIT_COEFF_OT; one_batched_Kos_chosen_message_OT; vector_fixed_prime_setup; local_expand; tcp_two_process; p1_coeff_bit_ot_sender; SPLIT_COEFF_OT; one_batched_Kos_chosen_message_OT; vector_fixed_prime_setup; local_expand
2026-07-26T05:52:45.768909+00:00,4a917afb6ebeca9bce885fae7f25d0ac0264ecb6,RMVOLE_NET_BENCH,RM_VECTOR_OPT,vector,split-input-coeff-ot,LOCAL_TCP,tcp-loopback,bench,6,0,OK,PASS,14,16384,64,128,16,116.887,210.10299999999998,30.819,79.704,6.364,6.021,,2,,0,0,2378072,129416,159976,2347512,2507344,19588.625,9.56475830078125,tcp_two_process; p0_coeff_bit_ot_receiver; SPLIT_COEFF_OT; one_batched_Kos_chosen_message_OT; vector_fixed_prime_setup; local_expand; tcp_two_process; p1_coeff_bit_ot_sender; SPLIT_COEFF_OT; one_batched_Kos_chosen_message_OT; vector_fixed_prime_setup; local_expand
2026-07-26T05:52:46.122917+00:00,4a917afb6ebeca9bce885fae7f25d0ac0264ecb6,RMVOLE_NET_BENCH,RM_VECTOR_OPT,vector,split-input-coeff-ot,LOCAL_TCP,tcp-loopback,bench,7,0,OK,PASS,14,16384,64,128,16,118.847,212.796,32.524,80.08999999999999,6.231999999999999,6.012,,2,,0,0,2378256,129416,159976,2347512,2507344,19588.625,9.56475830078125,tcp_two_process; p0_coeff_bit_ot_receiver; SPLIT_COEFF_OT; one_batched_Kos_chosen_message_OT; vector_fixed_prime_setup; local_expand; tcp_two_process; p1_coeff_bit_ot_sender; SPLIT_COEFF_OT; one_batched_Kos_chosen_message_OT; vector_fixed_prime_setup; local_expand
2026-07-26T05:52:46.476941+00:00,4a917afb6ebeca9bce885fae7f25d0ac0264ecb6,RMVOLE_NET_BENCH,RM_VECTOR_OPT,vector,split-input-coeff-ot,LOCAL_TCP,tcp-loopback,bench,8,0,OK,PASS,14,16384,64,128,16,118.196,212.96599999999998,30.977,80.96000000000001,6.2589999999999995,6.004,,2,,0,0,2378072,129416,159976,2347512,2507344,19588.625,9.56475830078125,tcp_two_process; p0_coeff_bit_ot_receiver; SPLIT_COEFF_OT; one_batched_Kos_chosen_message_OT; vector_fixed_prime_setup; local_expand; tcp_two_process; p1_coeff_bit_ot_sender; SPLIT_COEFF_OT; one_batched_Kos_chosen_message_OT; vector_fixed_prime_setup; local_expand
2026-07-26T05:52:46.830655+00:00,4a917afb6ebeca9bce885fae7f25d0ac0264ecb6,RMVOLE_NET_BENCH,RM_VECTOR_OPT,vector,split-input-coeff-ot,LOCAL_TCP,tcp-loopback,bench,9,0,OK,PASS,14,16384,64,128,16,122.069,218.676,32.515,82.86200000000001,6.6930000000000005,7.012,,2,,0,0,2378256,129416,159976,2347512,2507344,19588.625,9.56475830078125,tcp_two_process; p0_coeff_bit_ot_receiver; SPLIT_COEFF_OT; one_batched_Kos_chosen_message_OT; vector_fixed_prime_setup; local_expand; tcp_two_process; p1_coeff_bit_ot_sender; SPLIT_COEFF_OT; one_batched_Kos_chosen_message_OT; vector_fixed_prime_setup; local_expand
2026-07-26T05:52:48.085912+00:00,4a917afb6ebeca9bce885fae7f25d0ac0264ecb6,RMVOLE_NET_BENCH,RM_COORD_OPT,coordinate,split-input-coeff-ot,LOCAL_TCP,tcp-loopback,verify,-2,0,OK,PASS,14,16384,64,128,16,1018.556,2013.645,31.238,979.8599999999999,7.458,7.276999999999999,,32,,0,0,2378256,3312768,2910456,2780712,1234576,9645.125,4.70953369140625,tcp_two_process; p0_coeff_bit_ot_receiver; SPLIT_COEFF_OT; one_batched_Kos_chosen_message_OT; coordinate_scalar_fixed_prime_setup; local_expand; tcp_two_process; p1_coeff_bit_ot_sender; SPLIT_COEFF_OT; one_batched_Kos_chosen_message_OT; coordinate_scalar_fixed_prime_setup; local_expand
2026-07-26T05:52:49.391355+00:00,4a917afb6ebeca9bce885fae7f25d0ac0264ecb6,RMVOLE_NET_BENCH,RM_COORD_OPT,coordinate,split-input-coeff-ot,LOCAL_TCP,tcp-loopback,bench,-1,1,OK,PASS,14,16384,64,128,16,1031.209,2038.5299999999997,33.226,990.358,7.625,7.289000000000001,,32,,0,0,2378256,1084856,682216,2780712,3462784,27053.0,13.20947265625,tcp_two_process; p0_coeff_bit_ot_receiver; SPLIT_COEFF_OT; one_batched_Kos_chosen_message_OT; coordinate_scalar_fixed_prime_setup; local_expand; tcp_two_process; p1_coeff_bit_ot_sender; SPLIT_COEFF_OT; one_batched_Kos_chosen_message_OT; coordinate_scalar_fixed_prime_setup; local_expand
2026-07-26T05:52:50.697376+00:00,4a917afb6ebeca9bce885fae7f25d0ac0264ecb6,RMVOLE_NET_BENCH,RM_COORD_OPT,coordinate,split-input-coeff-ot,LOCAL_TCP,tcp-loopback,bench,0,0,OK,PASS,14,16384,64,128,16,1074.06,2126.8250000000003,30.345,1036.224,7.4910000000000005,7.343999999999999,,32,,0,0,2378072,1084856,682216,2780712,3462784,27053.0,13.20947265625,tcp_two_process; p0_coeff_bit_ot_receiver; SPLIT_COEFF_OT; one_batched_Kos_chosen_message_OT; coordinate_scalar_fixed_prime_setup; local_expand; tcp_two_process; p1_coeff_bit_ot_sender; SPLIT_COEFF_OT; one_batched_Kos_chosen_message_OT; coordinate_scalar_fixed_prime_setup; local_expand
2026-07-26T05:52:52.053365+00:00,4a917afb6ebeca9bce885fae7f25d0ac0264ecb6,RMVOLE_NET_BENCH,RM_COORD_OPT,coordinate,split-input-coeff-ot,LOCAL_TCP,tcp-loopback,bench,1,0,OK,PASS,14,16384,64,128,16,1109.45,2194.9240000000004,35.991,1065.5049999999999,7.953999999999999,10.059000000000001,,32,,0,0,2378256,1084856,682216,2780712,3462784,27053.0,13.20947265625,tcp_two_process; p0_coeff_bit_ot_receiver; SPLIT_COEFF_OT; one_batched_Kos_chosen_message_OT; coordinate_scalar_fixed_prime_setup; local_expand; tcp_two_process; p1_coeff_bit_ot_sender; SPLIT_COEFF_OT; one_batched_Kos_chosen_message_OT; coordinate_scalar_fixed_prime_setup; local_expand
2026-07-26T05:52:53.559100+00:00,4a917afb6ebeca9bce885fae7f25d0ac0264ecb6,RMVOLE_NET_BENCH,RM_COORD_OPT,coordinate,split-input-coeff-ot,LOCAL_TCP,tcp-loopback,bench,2,0,OK,PASS,14,16384,64,128,16,1249.516,2467.349,38.388,1197.6970000000001,13.431999999999999,12.487,,32,,0,0,2378256,1084856,682216,2780712,3462784,27053.0,13.20947265625,tcp_two_process; p0_coeff_bit_ot_receiver; SPLIT_COEFF_OT; one_batched_Kos_chosen_message_OT; coordinate_scalar_fixed_prime_setup; local_expand; tcp_two_process; p1_coeff_bit_ot_sender; SPLIT_COEFF_OT; one_batched_Kos_chosen_message_OT; coordinate_scalar_fixed_prime_setup; local_expand
2026-07-26T05:52:54.864987+00:00,4a917afb6ebeca9bce885fae7f25d0ac0264ecb6,RMVOLE_NET_BENCH,RM_COORD_OPT,coordinate,split-input-coeff-ot,LOCAL_TCP,tcp-loopback,bench,3,0,OK,PASS,14,16384,64,128,16,1032.046,2041.5900000000001,30.594,993.0830000000001,8.369,7.305,,32,,0,0,2378072,1084856,682216,2780712,3462784,27053.0,13.20947265625,tcp_two_process; p0_coeff_bit_ot_receiver; SPLIT_COEFF_OT; one_batched_Kos_chosen_message_OT; coordinate_scalar_fixed_prime_setup; local_expand; tcp_two_process; p1_coeff_bit_ot_sender; SPLIT_COEFF_OT; one_batched_Kos_chosen_message_OT; coordinate_scalar_fixed_prime_setup; local_expand
2026-07-26T05:52:56.170959+00:00,4a917afb6ebeca9bce885fae7f25d0ac0264ecb6,RMVOLE_NET_BENCH,RM_COORD_OPT,coordinate,split-input-coeff-ot,LOCAL_TCP,tcp-loopback,bench,4,0,OK,PASS,14,16384,64,128,16,1049.76,2076.2679999999996,32.652,1009.722,7.3870000000000005,7.194,,32,,0,0,2378256,1084856,682216,2780712,3462784,27053.0,13.20947265625,tcp_two_process; p0_coeff_bit_ot_receiver; SPLIT_COEFF_OT; one_batched_Kos_chosen_message_OT; coordinate_scalar_fixed_prime_setup; local_expand; tcp_two_process; p1_coeff_bit_ot_sender; SPLIT_COEFF_OT; one_batched_Kos_chosen_message_OT; coordinate_scalar_fixed_prime_setup; local_expand
2026-07-26T05:52:57.677152+00:00,4a917afb6ebeca9bce885fae7f25d0ac0264ecb6,RMVOLE_NET_BENCH,RM_COORD_OPT,coordinate,split-input-coeff-ot,LOCAL_TCP,tcp-loopback,bench,5,0,OK,PASS,14,16384,64,128,16,1230.0910000000001,2435.287,36.172000000000004,1186.498,7.420000000000001,9.218,,32,,0,0,2378256,1084856,682216,2780712,3462784,27053.0,13.20947265625,tcp_two_process; p0_coeff_bit_ot_receiver; SPLIT_COEFF_OT; one_batched_Kos_chosen_message_OT; coordinate_scalar_fixed_prime_setup; local_expand; tcp_two_process; p1_coeff_bit_ot_sender; SPLIT_COEFF_OT; one_batched_Kos_chosen_message_OT; coordinate_scalar_fixed_prime_setup; local_expand
2026-07-26T05:52:58.984134+00:00,4a917afb6ebeca9bce885fae7f25d0ac0264ecb6,RMVOLE_NET_BENCH,RM_COORD_OPT,coordinate,split-input-coeff-ot,LOCAL_TCP,tcp-loopback,bench,6,0,OK,PASS,14,16384,64,128,16,1060.347,2098.865,33.194,1019.485,7.668,7.224,,32,,0,0,2378256,1084856,682216,2780712,3462784,27053.0,13.20947265625,tcp_two_process; p0_coeff_bit_ot_receiver; SPLIT_COEFF_OT; one_batched_Kos_chosen_message_OT; coordinate_scalar_fixed_prime_setup; local_expand; tcp_two_process; p1_coeff_bit_ot_sender; SPLIT_COEFF_OT; one_batched_Kos_chosen_message_OT; coordinate_scalar_fixed_prime_setup; local_expand
2026-07-26T05:53:00.289932+00:00,4a917afb6ebeca9bce885fae7f25d0ac0264ecb6,RMVOLE_NET_BENCH,RM_COORD_OPT,coordinate,split-input-coeff-ot,LOCAL_TCP,tcp-loopback,bench,7,0,OK,PASS,14,16384,64,128,16,1066.76,2111.2479999999996,32.292,1027.0790000000002,7.388999999999999,7.3660000000000005,,32,,0,0,2378256,1084856,682216,2780712,3462784,27053.0,13.20947265625,tcp_two_process; p0_coeff_bit_ot_receiver; SPLIT_COEFF_OT; one_batched_Kos_chosen_message_OT; coordinate_scalar_fixed_prime_setup; local_expand; tcp_two_process; p1_coeff_bit_ot_sender; SPLIT_COEFF_OT; one_batched_Kos_chosen_message_OT; coordinate_scalar_fixed_prime_setup; local_expand
2026-07-26T05:53:01.696195+00:00,4a917afb6ebeca9bce885fae7f25d0ac0264ecb6,RMVOLE_NET_BENCH,RM_COORD_OPT,coordinate,split-input-coeff-ot,LOCAL_TCP,tcp-loopback,bench,8,0,OK,PASS,14,16384,64,128,16,1148.1699999999998,2273.958,36.948,1099.909,11.312,7.960999999999999,,32,,0,0,2378072,1084856,682216,2780712,3462784,27053.0,13.20947265625,tcp_two_process; p0_coeff_bit_ot_receiver; SPLIT_COEFF_OT; one_batched_Kos_chosen_message_OT; coordinate_scalar_fixed_prime_setup; local_expand; tcp_two_process; p1_coeff_bit_ot_sender; SPLIT_COEFF_OT; one_batched_Kos_chosen_message_OT; coordinate_scalar_fixed_prime_setup; local_expand
2026-07-26T05:53:03.051935+00:00,4a917afb6ebeca9bce885fae7f25d0ac0264ecb6,RMVOLE_NET_BENCH,RM_COORD_OPT,coordinate,split-input-coeff-ot,LOCAL_TCP,tcp-loopback,bench,9,0,OK,PASS,14,16384,64,128,16,1081.612,2142.363,33.0,1041.15,7.460999999999999,7.225,,32,,0,0,2378072,1084856,682216,2780712,3462784,27053.0,13.20947265625,tcp_two_process; p0_coeff_bit_ot_receiver; SPLIT_COEFF_OT; one_batched_Kos_chosen_message_OT; coordinate_scalar_fixed_prime_setup; local_expand; tcp_two_process; p1_coeff_bit_ot_sender; SPLIT_COEFF_OT; one_batched_Kos_chosen_message_OT; coordinate_scalar_fixed_prime_setup; local_expand
2026-07-26T05:53:03.857006+00:00,4a917afb6ebeca9bce885fae7f25d0ac0264ecb6,RMVOLE_NET_BENCH,RM_VECTOR_GENERIC_SPLIT,vector,split-input-vole,LOCAL_TCP,tcp-loopback,verify,-2,0,OK,PASS,14,16384,64,128,32,516.15,1025.43,311.62,185.046,12.614,13.526,,2,,0,0,67178568,4520200,71469432,229608,63048016,492562.625,120.25454711914062,"tcp_two_process; p0_noisy_vole_receiver; real_libOTe_NoisyVole_split_input_length_2t; F=array<u64,M>; G=u64; vector_fixed_prime_setup; local_expand; tcp_two_process; p1_noisy_vole_sender; real_libOTe_NoisyVole_split_input_length_2t; F=array<u64,M>; G=u64; vector_fixed_prime_setup; local_expand"
2026-07-26T05:53:04.661909+00:00,4a917afb6ebeca9bce885fae7f25d0ac0264ecb6,RMVOLE_NET_BENCH,RM_VECTOR_GENERIC_SPLIT,vector,split-input-vole,LOCAL_TCP,tcp-loopback,bench,-1,1,OK,PASS,14,16384,64,128,32,525.351,1039.048,327.35900000000004,173.84,12.498000000000001,12.333,,2,,0,0,67178568,195080,67144040,229608,67373376,526354.5,128.5045166015625,"tcp_two_process; p0_noisy_vole_receiver; real_libOTe_NoisyVole_split_input_length_2t; F=array<u64,M>; G=u64; vector_fixed_prime_setup; local_expand; tcp_two_process; p1_noisy_vole_sender; real_libOTe_NoisyVole_split_input_length_2t; F=array<u64,M>; G=u64; vector_fixed_prime_setup; local_expand"
2026-07-26T05:53:05.466922+00:00,4a917afb6ebeca9bce885fae7f25d0ac0264ecb6,RMVOLE_NET_BENCH,RM_VECTOR_GENERIC_SPLIT,vector,split-input-vole,LOCAL_TCP,tcp-loopback,bench,0,0,OK,PASS,14,16384,64,128,32,518.422,1022.7680000000001,308.837,182.861,12.647,12.424,,2,,0,0,67178568,195080,67144040,229608,67373376,526354.5,128.5045166015625,"tcp_two_process; p0_noisy_vole_receiver; real_libOTe_NoisyVole_split_input_length_2t; F=array<u64,M>; G=u64; vector_fixed_prime_setup; local_expand; tcp_two_process; p1_noisy_vole_sender; real_libOTe_NoisyVole_split_input_length_2t; F=array<u64,M>; G=u64; vector_fixed_prime_setup; local_expand"
2026-07-26T05:53:06.271952+00:00,4a917afb6ebeca9bce885fae7f25d0ac0264ecb6,RMVOLE_NET_BENCH,RM_VECTOR_GENERIC_SPLIT,vector,split-input-vole,LOCAL_TCP,tcp-loopback,bench,1,0,OK,PASS,14,16384,64,128,32,534.636,1057.785,307.83700000000005,199.182,16.13,12.633999999999999,,2,,0,0,67178568,195080,67144040,229608,67373376,526354.5,128.5045166015625,"tcp_two_process; p0_noisy_vole_receiver; real_libOTe_NoisyVole_split_input_length_2t; F=array<u64,M>; G=u64; vector_fixed_prime_setup; local_expand; tcp_two_process; p1_noisy_vole_sender; real_libOTe_NoisyVole_split_input_length_2t; F=array<u64,M>; G=u64; vector_fixed_prime_setup; local_expand"
2026-07-26T05:53:07.127049+00:00,4a917afb6ebeca9bce885fae7f25d0ac0264ecb6,RMVOLE_NET_BENCH,RM_VECTOR_GENERIC_SPLIT,vector,split-input-vole,LOCAL_TCP,tcp-loopback,bench,2,0,OK,PASS,14,16384,64,128,32,570.706,1140.8339999999998,346.464,211.301,12.363000000000001,15.436,,2,,0,0,67178880,195080,67144040,229608,67373376,526354.5,128.5045166015625,"tcp_two_process; p0_noisy_vole_receiver; real_libOTe_NoisyVole_split_input_length_2t; F=array<u64,M>; G=u64; vector_fixed_prime_setup; local_expand; tcp_two_process; p1_noisy_vole_sender; real_libOTe_NoisyVole_split_input_length_2t; F=array<u64,M>; G=u64; vector_fixed_prime_setup; local_expand"
2026-07-26T05:53:07.931841+00:00,4a917afb6ebeca9bce885fae7f25d0ac0264ecb6,RMVOLE_NET_BENCH,RM_VECTOR_GENERIC_SPLIT,vector,split-input-vole,LOCAL_TCP,tcp-loopback,bench,3,0,OK,PASS,14,16384,64,128,32,517.7969999999999,1030.512,318.315,179.90900000000002,14.491,12.389000000000001,,2,,0,0,67178568,195080,67144040,229608,67373376,526354.5,128.5045166015625,"tcp_two_process; p0_noisy_vole_receiver; real_libOTe_NoisyVole_split_input_length_2t; F=array<u64,M>; G=u64; vector_fixed_prime_setup; local_expand; tcp_two_process; p1_noisy_vole_sender; real_libOTe_NoisyVole_split_input_length_2t; F=array<u64,M>; G=u64; vector_fixed_prime_setup; local_expand"
2026-07-26T05:53:08.736866+00:00,4a917afb6ebeca9bce885fae7f25d0ac0264ecb6,RMVOLE_NET_BENCH,RM_VECTOR_GENERIC_SPLIT,vector,split-input-vole,LOCAL_TCP,tcp-loopback,bench,4,0,OK,PASS,14,16384,64,128,32,509.76500000000004,1012.721,311.38300000000004,178.321,13.251000000000001,12.352,,2,,0,0,67178568,195080,67144040,229608,67373376,526354.5,128.5045166015625,"tcp_two_process; p0_noisy_vole_receiver; real_libOTe_NoisyVole_split_input_length_2t; F=array<u64,M>; G=u64; vector_fixed_prime_setup; local_expand; tcp_two_process; p1_noisy_vole_sender; real_libOTe_NoisyVole_split_input_length_2t; F=array<u64,M>; G=u64; vector_fixed_prime_setup; local_expand"
2026-07-26T05:53:09.542196+00:00,4a917afb6ebeca9bce885fae7f25d0ac0264ecb6,RMVOLE_NET_BENCH,RM_VECTOR_GENERIC_SPLIT,vector,split-input-vole,LOCAL_TCP,tcp-loopback,bench,5,0,OK,PASS,14,16384,64,128,32,511.98699999999997,1015.9530000000001,312.163,179.279,12.524000000000001,12.540000000000001,,2,,0,0,67178568,195080,67144040,229608,67373376,526354.5,128.5045166015625,"tcp_two_process; p0_noisy_vole_receiver; real_libOTe_NoisyVole_split_input_length_2t; F=array<u64,M>; G=u64; vector_fixed_prime_setup; local_expand; tcp_two_process; p1_noisy_vole_sender; real_libOTe_NoisyVole_split_input_length_2t; F=array<u64,M>; G=u64; vector_fixed_prime_setup; local_expand"
2026-07-26T05:53:10.347255+00:00,4a917afb6ebeca9bce885fae7f25d0ac0264ecb6,RMVOLE_NET_BENCH,RM_VECTOR_GENERIC_SPLIT,vector,split-input-vole,LOCAL_TCP,tcp-loopback,bench,6,0,OK,PASS,14,16384,64,128,32,526.4060000000001,1042.221,315.986,187.421,12.408000000000001,12.331,,2,,0,0,67178568,195080,67144040,229608,67373376,526354.5,128.5045166015625,"tcp_two_process; p0_noisy_vole_receiver; real_libOTe_NoisyVole_split_input_length_2t; F=array<u64,M>; G=u64; vector_fixed_prime_setup; local_expand; tcp_two_process; p1_noisy_vole_sender; real_libOTe_NoisyVole_split_input_length_2t; F=array<u64,M>; G=u64; vector_fixed_prime_setup; local_expand"
2026-07-26T05:53:11.152364+00:00,4a917afb6ebeca9bce885fae7f25d0ac0264ecb6,RMVOLE_NET_BENCH,RM_VECTOR_GENERIC_SPLIT,vector,split-input-vole,LOCAL_TCP,tcp-loopback,bench,7,0,OK,PASS,14,16384,64,128,32,541.226,1071.82,312.37199999999996,202.826,15.396,14.35,,2,,0,0,67178568,195080,67144040,229608,67373376,526354.5,128.5045166015625,"tcp_two_process; p0_noisy_vole_receiver; real_libOTe_NoisyVole_split_input_length_2t; F=array<u64,M>; G=u64; vector_fixed_prime_setup; local_expand; tcp_two_process; p1_noisy_vole_sender; real_libOTe_NoisyVole_split_input_length_2t; F=array<u64,M>; G=u64; vector_fixed_prime_setup; local_expand"
2026-07-26T05:53:11.957965+00:00,4a917afb6ebeca9bce885fae7f25d0ac0264ecb6,RMVOLE_NET_BENCH,RM_VECTOR_GENERIC_SPLIT,vector,split-input-vole,LOCAL_TCP,tcp-loopback,bench,8,0,OK,PASS,14,16384,64,128,32,540.3860000000001,1069.441,312.94899999999996,203.71,12.397,14.161,,2,,0,0,67178568,195080,67144040,229608,67373376,526354.5,128.5045166015625,"tcp_two_process; p0_noisy_vole_receiver; real_libOTe_NoisyVole_split_input_length_2t; F=array<u64,M>; G=u64; vector_fixed_prime_setup; local_expand; tcp_two_process; p1_noisy_vole_sender; real_libOTe_NoisyVole_split_input_length_2t; F=array<u64,M>; G=u64; vector_fixed_prime_setup; local_expand"
2026-07-26T05:53:12.763274+00:00,4a917afb6ebeca9bce885fae7f25d0ac0264ecb6,RMVOLE_NET_BENCH,RM_VECTOR_GENERIC_SPLIT,vector,split-input-vole,LOCAL_TCP,tcp-loopback,bench,9,0,OK,PASS,14,16384,64,128,32,517.679,1029.1109999999999,320.775,178.373,12.283999999999999,12.228,,2,,0,0,67178568,195080,67144040,229608,67373376,526354.5,128.5045166015625,"tcp_two_process; p0_noisy_vole_receiver; real_libOTe_NoisyVole_split_input_length_2t; F=array<u64,M>; G=u64; vector_fixed_prime_setup; local_expand; tcp_two_process; p1_noisy_vole_sender; real_libOTe_NoisyVole_split_input_length_2t; F=array<u64,M>; G=u64; vector_fixed_prime_setup; local_expand"
2026-07-26T05:53:15.573212+00:00,4a917afb6ebeca9bce885fae7f25d0ac0264ecb6,RMVOLE_NET_BENCH,RM_COORD_GENERIC_SPLIT,coordinate,split-input-vole,LOCAL_TCP,tcp-loopback,verify,-2,0,OK,PASS,14,16384,64,128,32,2513.898,5011.587,307.12600000000003,2175.75,14.813,20.854000000000003,,64,,0,0,67178568,6494776,72548728,1124888,65022592,507989.0,124.020751953125,"tcp_two_process; p0_noisy_vole_receiver; real_libOTe_NoisyVole_split_input_length_2t; F=array<u64,M>; G=u64; coordinate_scalar_fixed_prime_setup; local_expand; tcp_two_process; p1_noisy_vole_sender; real_libOTe_NoisyVole_split_input_length_2t; F=array<u64,M>; G=u64; coordinate_scalar_fixed_prime_setup; local_expand"
2026-07-26T05:53:18.581945+00:00,4a917afb6ebeca9bce885fae7f25d0ac0264ecb6,RMVOLE_NET_BENCH,RM_COORD_GENERIC_SPLIT,coordinate,split-input-vole,LOCAL_TCP,tcp-loopback,bench,-1,1,OK,PASS,14,16384,64,128,32,2705.8900000000003,5407.079,312.08399999999995,2371.627,17.478,16.936,,64,,0,0,67178568,2169656,68223336,1124888,69347952,541780.875,132.27072143554688,"tcp_two_process; p0_noisy_vole_receiver; real_libOTe_NoisyVole_split_input_length_2t; F=array<u64,M>; G=u64; coordinate_scalar_fixed_prime_setup; local_expand; tcp_two_process; p1_noisy_vole_sender; real_libOTe_NoisyVole_split_input_length_2t; F=array<u64,M>; G=u64; coordinate_scalar_fixed_prime_setup; local_expand"
2026-07-26T05:53:21.439909+00:00,4a917afb6ebeca9bce885fae7f25d0ac0264ecb6,RMVOLE_NET_BENCH,RM_COORD_GENERIC_SPLIT,coordinate,split-input-vole,LOCAL_TCP,tcp-loopback,bench,0,0,OK,PASS,14,16384,64,128,32,2566.2110000000002,5120.771,309.771,2230.077,14.713000000000001,17.207,,64,,0,0,67178568,2169656,68223336,1124888,69347952,541780.875,132.27072143554688,"tcp_two_process; p0_noisy_vole_receiver; real_libOTe_NoisyVole_split_input_length_2t; F=array<u64,M>; G=u64; coordinate_scalar_fixed_prime_setup; local_expand; tcp_two_process; p1_noisy_vole_sender; real_libOTe_NoisyVole_split_input_length_2t; F=array<u64,M>; G=u64; coordinate_scalar_fixed_prime_setup; local_expand"
2026-07-26T05:53:24.198175+00:00,4a917afb6ebeca9bce885fae7f25d0ac0264ecb6,RMVOLE_NET_BENCH,RM_COORD_GENERIC_SPLIT,coordinate,split-input-vole,LOCAL_TCP,tcp-loopback,bench,1,0,OK,PASS,14,16384,64,128,32,2494.488,4980.328,313.682,2156.404,15.754000000000001,18.118,,64,,0,0,67178568,2169656,68223336,1124888,69347952,541780.875,132.27072143554688,"tcp_two_process; p0_noisy_vole_receiver; real_libOTe_NoisyVole_split_input_length_2t; F=array<u64,M>; G=u64; coordinate_scalar_fixed_prime_setup; local_expand; tcp_two_process; p1_noisy_vole_sender; real_libOTe_NoisyVole_split_input_length_2t; F=array<u64,M>; G=u64; coordinate_scalar_fixed_prime_setup; local_expand"
2026-07-26T05:53:27.009620+00:00,4a917afb6ebeca9bce885fae7f25d0ac0264ecb6,RMVOLE_NET_BENCH,RM_COORD_GENERIC_SPLIT,coordinate,split-input-vole,LOCAL_TCP,tcp-loopback,bench,2,0,OK,PASS,14,16384,64,128,32,2527.161,5042.784000000001,322.553,2175.4730000000004,17.597,17.019,,64,,0,0,67178568,2169656,68223336,1124888,69347952,541780.875,132.27072143554688,"tcp_two_process; p0_noisy_vole_receiver; real_libOTe_NoisyVole_split_input_length_2t; F=array<u64,M>; G=u64; coordinate_scalar_fixed_prime_setup; local_expand; tcp_two_process; p1_noisy_vole_sender; real_libOTe_NoisyVole_split_input_length_2t; F=array<u64,M>; G=u64; coordinate_scalar_fixed_prime_setup; local_expand"
2026-07-26T05:53:29.768706+00:00,4a917afb6ebeca9bce885fae7f25d0ac0264ecb6,RMVOLE_NET_BENCH,RM_COORD_GENERIC_SPLIT,coordinate,split-input-vole,LOCAL_TCP,tcp-loopback,bench,3,0,OK,PASS,14,16384,64,128,32,2471.188,4929.6,312.583,2130.135,15.693999999999999,18.169999999999998,,64,,0,0,67178568,2169656,68223336,1124888,69347952,541780.875,132.27072143554688,"tcp_two_process; p0_noisy_vole_receiver; real_libOTe_NoisyVole_split_input_length_2t; F=array<u64,M>; G=u64; coordinate_scalar_fixed_prime_setup; local_expand; tcp_two_process; p1_noisy_vole_sender; real_libOTe_NoisyVole_split_input_length_2t; F=array<u64,M>; G=u64; coordinate_scalar_fixed_prime_setup; local_expand"
2026-07-26T05:53:32.527600+00:00,4a917afb6ebeca9bce885fae7f25d0ac0264ecb6,RMVOLE_NET_BENCH,RM_COORD_GENERIC_SPLIT,coordinate,split-input-vole,LOCAL_TCP,tcp-loopback,bench,4,0,OK,PASS,14,16384,64,128,32,2479.734,4955.911,324.89099999999996,2133.4460000000004,17.840000000000003,17.169,,64,,0,0,67178880,2169656,68223336,1124888,69347952,541780.875,132.27072143554688,"tcp_two_process; p0_noisy_vole_receiver; real_libOTe_NoisyVole_split_input_length_2t; F=array<u64,M>; G=u64; coordinate_scalar_fixed_prime_setup; local_expand; tcp_two_process; p1_noisy_vole_sender; real_libOTe_NoisyVole_split_input_length_2t; F=array<u64,M>; G=u64; coordinate_scalar_fixed_prime_setup; local_expand"
2026-07-26T05:53:35.286431+00:00,4a917afb6ebeca9bce885fae7f25d0ac0264ecb6,RMVOLE_NET_BENCH,RM_COORD_GENERIC_SPLIT,coordinate,split-input-vole,LOCAL_TCP,tcp-loopback,bench,5,0,OK,PASS,14,16384,64,128,32,2507.7630000000004,5007.445000000001,309.793,2172.176,17.713,16.945999999999998,,64,,0,0,67178568,2169656,68223336,1124888,69347952,541780.875,132.27072143554688,"tcp_two_process; p0_noisy_vole_receiver; real_libOTe_NoisyVole_split_input_length_2t; F=array<u64,M>; G=u64; coordinate_scalar_fixed_prime_setup; local_expand; tcp_two_process; p1_noisy_vole_sender; real_libOTe_NoisyVole_split_input_length_2t; F=array<u64,M>; G=u64; coordinate_scalar_fixed_prime_setup; local_expand"
2026-07-26T05:53:38.145883+00:00,4a917afb6ebeca9bce885fae7f25d0ac0264ecb6,RMVOLE_NET_BENCH,RM_COORD_GENERIC_SPLIT,coordinate,split-input-vole,LOCAL_TCP,tcp-loopback,bench,6,0,OK,PASS,14,16384,64,128,32,2574.3230000000003,5135.558,314.718,2231.6639999999998,14.854,19.364,,64,,0,0,67178568,2169656,68223336,1124888,69347952,541780.875,132.27072143554688,"tcp_two_process; p0_noisy_vole_receiver; real_libOTe_NoisyVole_split_input_length_2t; F=array<u64,M>; G=u64; coordinate_scalar_fixed_prime_setup; local_expand; tcp_two_process; p1_noisy_vole_sender; real_libOTe_NoisyVole_split_input_length_2t; F=array<u64,M>; G=u64; coordinate_scalar_fixed_prime_setup; local_expand"
2026-07-26T05:53:41.054931+00:00,4a917afb6ebeca9bce885fae7f25d0ac0264ecb6,RMVOLE_NET_BENCH,RM_COORD_GENERIC_SPLIT,coordinate,split-input-vole,LOCAL_TCP,tcp-loopback,bench,7,0,OK,PASS,14,16384,64,128,32,2642.134,5280.737999999999,312.093,2308.83,17.68,16.961000000000002,,64,,0,0,67178568,2169656,68223336,1124888,69347952,541780.875,132.27072143554688,"tcp_two_process; p0_noisy_vole_receiver; real_libOTe_NoisyVole_split_input_length_2t; F=array<u64,M>; G=u64; coordinate_scalar_fixed_prime_setup; local_expand; tcp_two_process; p1_noisy_vole_sender; real_libOTe_NoisyVole_split_input_length_2t; F=array<u64,M>; G=u64; coordinate_scalar_fixed_prime_setup; local_expand"
2026-07-26T05:53:43.814276+00:00,4a917afb6ebeca9bce885fae7f25d0ac0264ecb6,RMVOLE_NET_BENCH,RM_COORD_GENERIC_SPLIT,coordinate,split-input-vole,LOCAL_TCP,tcp-loopback,bench,8,0,OK,PASS,14,16384,64,128,32,2483.209,4958.194,325.425,2131.824,17.737,17.148,,64,,0,0,67178568,2169656,68223336,1124888,69347952,541780.875,132.27072143554688,"tcp_two_process; p0_noisy_vole_receiver; real_libOTe_NoisyVole_split_input_length_2t; F=array<u64,M>; G=u64; coordinate_scalar_fixed_prime_setup; local_expand; tcp_two_process; p1_noisy_vole_sender; real_libOTe_NoisyVole_split_input_length_2t; F=array<u64,M>; G=u64; coordinate_scalar_fixed_prime_setup; local_expand"
2026-07-26T05:53:46.522313+00:00,4a917afb6ebeca9bce885fae7f25d0ac0264ecb6,RMVOLE_NET_BENCH,RM_COORD_GENERIC_SPLIT,coordinate,split-input-vole,LOCAL_TCP,tcp-loopback,bench,9,0,OK,PASS,14,16384,64,128,32,2424.658,4835.478,309.911,2086.088,14.821000000000002,17.444000000000003,,64,,0,0,67178568,2169656,68223336,1124888,69347952,541780.875,132.27072143554688,"tcp_two_process; p0_noisy_vole_receiver; real_libOTe_NoisyVole_split_input_length_2t; F=array<u64,M>; G=u64; coordinate_scalar_fixed_prime_setup; local_expand; tcp_two_process; p1_noisy_vole_sender; real_libOTe_NoisyVole_split_input_length_2t; F=array<u64,M>; G=u64; coordinate_scalar_fixed_prime_setup; local_expand"
2026-07-26T05:53:46.926578+00:00,4a917afb6ebeca9bce885fae7f25d0ac0264ecb6,RMVOLE_NET_BENCH,RM_VECTOR_OPT,vector,split-input-coeff-ot,LOCAL_TCP,tcp-loopback,verify,-2,0,OK,PASS,14,16384,64,128,32,137.47699999999998,246.23899999999998,34.88,89.74600000000001,12.850999999999999,12.375,,2,,0,0,4376920,4520200,4485496,4411896,246368,1924.75,0.46990966796875,tcp_two_process; p0_coeff_bit_ot_receiver; SPLIT_COEFF_OT; one_batched_Kos_chosen_message_OT; vector_fixed_prime_setup; local_expand; tcp_two_process; p1_coeff_bit_ot_sender; SPLIT_COEFF_OT; one_batched_Kos_chosen_message_OT; vector_fixed_prime_setup; local_expand
2026-07-26T05:53:47.331121+00:00,4a917afb6ebeca9bce885fae7f25d0ac0264ecb6,RMVOLE_NET_BENCH,RM_VECTOR_OPT,vector,split-input-coeff-ot,LOCAL_TCP,tcp-loopback,bench,-1,1,OK,PASS,14,16384,64,128,32,152.188,273.202,37.359,101.071,13.758,12.363000000000001,,2,,0,0,4376920,195080,160104,4411896,4571728,35716.625,8.719879150390625,tcp_two_process; p0_coeff_bit_ot_receiver; SPLIT_COEFF_OT; one_batched_Kos_chosen_message_OT; vector_fixed_prime_setup; local_expand; tcp_two_process; p1_coeff_bit_ot_sender; SPLIT_COEFF_OT; one_batched_Kos_chosen_message_OT; vector_fixed_prime_setup; local_expand
2026-07-26T05:53:47.736061+00:00,4a917afb6ebeca9bce885fae7f25d0ac0264ecb6,RMVOLE_NET_BENCH,RM_VECTOR_OPT,vector,split-input-coeff-ot,LOCAL_TCP,tcp-loopback,bench,0,0,OK,PASS,14,16384,64,128,32,136.596,246.426,35.539,88.197,12.86,12.366999999999999,,2,,0,0,4376920,195080,160104,4411896,4571728,35716.625,8.719879150390625,tcp_two_process; p0_coeff_bit_ot_receiver; SPLIT_COEFF_OT; one_batched_Kos_chosen_message_OT; vector_fixed_prime_setup; local_expand; tcp_two_process; p1_coeff_bit_ot_sender; SPLIT_COEFF_OT; one_batched_Kos_chosen_message_OT; vector_fixed_prime_setup; local_expand
2026-07-26T05:53:48.140825+00:00,4a917afb6ebeca9bce885fae7f25d0ac0264ecb6,RMVOLE_NET_BENCH,RM_VECTOR_OPT,vector,split-input-coeff-ot,LOCAL_TCP,tcp-loopback,bench,1,0,OK,PASS,14,16384,64,128,32,146.77200000000002,261.582,35.746,96.224,14.802,12.215,,2,,0,0,4376920,195080,160104,4411896,4571728,35716.625,8.719879150390625,tcp_two_process; p0_coeff_bit_ot_receiver; SPLIT_COEFF_OT; one_batched_Kos_chosen_message_OT; vector_fixed_prime_setup; local_expand; tcp_two_process; p1_coeff_bit_ot_sender; SPLIT_COEFF_OT; one_batched_Kos_chosen_message_OT; vector_fixed_prime_setup; local_expand
2026-07-26T05:53:48.545159+00:00,4a917afb6ebeca9bce885fae7f25d0ac0264ecb6,RMVOLE_NET_BENCH,RM_VECTOR_OPT,vector,split-input-coeff-ot,LOCAL_TCP,tcp-loopback,bench,2,0,OK,PASS,14,16384,64,128,32,138.236,247.34499999999997,35.664,89.835,12.737,12.456999999999999,,2,,0,0,4376920,195080,160104,4411896,4571728,35716.625,8.719879150390625,tcp_two_process; p0_coeff_bit_ot_receiver; SPLIT_COEFF_OT; one_batched_Kos_chosen_message_OT; vector_fixed_prime_setup; local_expand; tcp_two_process; p1_coeff_bit_ot_sender; SPLIT_COEFF_OT; one_batched_Kos_chosen_message_OT; vector_fixed_prime_setup; local_expand
2026-07-26T05:53:48.949442+00:00,4a917afb6ebeca9bce885fae7f25d0ac0264ecb6,RMVOLE_NET_BENCH,RM_VECTOR_OPT,vector,split-input-coeff-ot,LOCAL_TCP,tcp-loopback,bench,3,0,OK,PASS,14,16384,64,128,32,141.35600000000002,251.035,41.714,87.122,12.52,12.388,,2,,0,0,4377232,195080,160104,4411896,4571728,35716.625,8.719879150390625,tcp_two_process; p0_coeff_bit_ot_receiver; SPLIT_COEFF_OT; one_batched_Kos_chosen_message_OT; vector_fixed_prime_setup; local_expand; tcp_two_process; p1_coeff_bit_ot_sender; SPLIT_COEFF_OT; one_batched_Kos_chosen_message_OT; vector_fixed_prime_setup; local_expand
2026-07-26T05:53:49.353677+00:00,4a917afb6ebeca9bce885fae7f25d0ac0264ecb6,RMVOLE_NET_BENCH,RM_VECTOR_OPT,vector,split-input-coeff-ot,LOCAL_TCP,tcp-loopback,bench,4,0,OK,PASS,14,16384,64,128,32,138.033,248.23499999999999,35.481,90.042,12.51,12.441,,2,,0,0,4376920,195080,160104,4411896,4571728,35716.625,8.719879150390625,tcp_two_process; p0_coeff_bit_ot_receiver; SPLIT_COEFF_OT; one_batched_Kos_chosen_message_OT; vector_fixed_prime_setup; local_expand; tcp_two_process; p1_coeff_bit_ot_sender; SPLIT_COEFF_OT; one_batched_Kos_chosen_message_OT; vector_fixed_prime_setup; local_expand
2026-07-26T05:53:49.757792+00:00,4a917afb6ebeca9bce885fae7f25d0ac0264ecb6,RMVOLE_NET_BENCH,RM_VECTOR_OPT,vector,split-input-coeff-ot,LOCAL_TCP,tcp-loopback,bench,5,0,OK,PASS,14,16384,64,128,32,148.406,268.86199999999997,41.376000000000005,94.39500000000001,12.635,13.301,,2,,0,0,4376920,195080,160104,4411896,4571728,35716.625,8.719879150390625,tcp_two_process; p0_coeff_bit_ot_receiver; SPLIT_COEFF_OT; one_batched_Kos_chosen_message_OT; vector_fixed_prime_setup; local_expand; tcp_two_process; p1_coeff_bit_ot_sender; SPLIT_COEFF_OT; one_batched_Kos_chosen_message_OT; vector_fixed_prime_setup; local_expand
2026-07-26T05:53:50.162358+00:00,4a917afb6ebeca9bce885fae7f25d0ac0264ecb6,RMVOLE_NET_BENCH,RM_VECTOR_OPT,vector,split-input-coeff-ot,LOCAL_TCP,tcp-loopback,bench,6,0,OK,PASS,14,16384,64,128,32,137.441,246.484,34.823,90.01299999999999,12.604000000000001,12.279,,2,,0,0,4376920,195080,160104,4411896,4571728,35716.625,8.719879150390625,tcp_two_process; p0_coeff_bit_ot_receiver; SPLIT_COEFF_OT; one_batched_Kos_chosen_message_OT; vector_fixed_prime_setup; local_expand; tcp_two_process; p1_coeff_bit_ot_sender; SPLIT_COEFF_OT; one_batched_Kos_chosen_message_OT; vector_fixed_prime_setup; local_expand
2026-07-26T05:53:50.566682+00:00,4a917afb6ebeca9bce885fae7f25d0ac0264ecb6,RMVOLE_NET_BENCH,RM_VECTOR_OPT,vector,split-input-coeff-ot,LOCAL_TCP,tcp-loopback,bench,7,0,OK,PASS,14,16384,64,128,32,136.268,247.77100000000002,34.496,89.2,12.573,15.252,,2,,0,0,4376920,195080,160104,4411896,4571728,35716.625,8.719879150390625,tcp_two_process; p0_coeff_bit_ot_receiver; SPLIT_COEFF_OT; one_batched_Kos_chosen_message_OT; vector_fixed_prime_setup; local_expand; tcp_two_process; p1_coeff_bit_ot_sender; SPLIT_COEFF_OT; one_batched_Kos_chosen_message_OT; vector_fixed_prime_setup; local_expand
2026-07-26T05:53:50.970959+00:00,4a917afb6ebeca9bce885fae7f25d0ac0264ecb6,RMVOLE_NET_BENCH,RM_VECTOR_OPT,vector,split-input-coeff-ot,LOCAL_TCP,tcp-loopback,bench,8,0,OK,PASS,14,16384,64,128,32,137.262,247.192,37.506,87.047,12.709,12.951,,2,,0,0,4376920,195080,160104,4411896,4571728,35716.625,8.719879150390625,tcp_two_process; p0_coeff_bit_ot_receiver; SPLIT_COEFF_OT; one_batched_Kos_chosen_message_OT; vector_fixed_prime_setup; local_expand; tcp_two_process; p1_coeff_bit_ot_sender; SPLIT_COEFF_OT; one_batched_Kos_chosen_message_OT; vector_fixed_prime_setup; local_expand
2026-07-26T05:53:51.375412+00:00,4a917afb6ebeca9bce885fae7f25d0ac0264ecb6,RMVOLE_NET_BENCH,RM_VECTOR_OPT,vector,split-input-coeff-ot,LOCAL_TCP,tcp-loopback,bench,9,0,OK,PASS,14,16384,64,128,32,136.263,247.68400000000003,33.82,89.761,12.682,12.255,,2,,0,0,4376920,195080,160104,4411896,4571728,35716.625,8.719879150390625,tcp_two_process; p0_coeff_bit_ot_receiver; SPLIT_COEFF_OT; one_batched_Kos_chosen_message_OT; vector_fixed_prime_setup; local_expand; tcp_two_process; p1_coeff_bit_ot_sender; SPLIT_COEFF_OT; one_batched_Kos_chosen_message_OT; vector_fixed_prime_setup; local_expand
2026-07-26T05:53:53.733147+00:00,4a917afb6ebeca9bce885fae7f25d0ac0264ecb6,RMVOLE_NET_BENCH,RM_COORD_OPT,coordinate,split-input-coeff-ot,LOCAL_TCP,tcp-loopback,verify,-2,0,OK,PASS,14,16384,64,128,32,2070.139,4119.187,33.448,2021.906,14.784,15.889000000000001,,64,,0,0,4376920,6494776,5564792,5307176,2220944,17351.125,4.236114501953125,tcp_two_process; p0_coeff_bit_ot_receiver; SPLIT_COEFF_OT; one_batched_Kos_chosen_message_OT; coordinate_scalar_fixed_prime_setup; local_expand; tcp_two_process; p1_coeff_bit_ot_sender; SPLIT_COEFF_OT; one_batched_Kos_chosen_message_OT; coordinate_scalar_fixed_prime_setup; local_expand
2026-07-26T05:53:56.090895+00:00,4a917afb6ebeca9bce885fae7f25d0ac0264ecb6,RMVOLE_NET_BENCH,RM_COORD_OPT,coordinate,split-input-coeff-ot,LOCAL_TCP,tcp-loopback,bench,-1,1,OK,PASS,14,16384,64,128,32,2108.297,4188.086,38.108000000000004,2055.337,14.853,14.806,,64,,0,0,4376920,2169656,1239400,5307176,6546304,51143.0,12.486083984375,tcp_two_process; p0_coeff_bit_ot_receiver; SPLIT_COEFF_OT; one_batched_Kos_chosen_message_OT; coordinate_scalar_fixed_prime_setup; local_expand; tcp_two_process; p1_coeff_bit_ot_sender; SPLIT_COEFF_OT; one_batched_Kos_chosen_message_OT; coordinate_scalar_fixed_prime_setup; local_expand
2026-07-26T05:53:58.399555+00:00,4a917afb6ebeca9bce885fae7f25d0ac0264ecb6,RMVOLE_NET_BENCH,RM_COORD_OPT,coordinate,split-input-coeff-ot,LOCAL_TCP,tcp-loopback,bench,0,0,OK,PASS,14,16384,64,128,32,2027.9349999999997,4025.707,34.274,1977.8139999999999,15.847,14.568,,64,,0,0,4376920,2169656,1239400,5307176,6546304,51143.0,12.486083984375,tcp_two_process; p0_coeff_bit_ot_receiver; SPLIT_COEFF_OT; one_batched_Kos_chosen_message_OT; coordinate_scalar_fixed_prime_setup; local_expand; tcp_two_process; p1_coeff_bit_ot_sender; SPLIT_COEFF_OT; one_batched_Kos_chosen_message_OT; coordinate_scalar_fixed_prime_setup; local_expand
2026-07-26T05:54:00.757527+00:00,4a917afb6ebeca9bce885fae7f25d0ac0264ecb6,RMVOLE_NET_BENCH,RM_COORD_OPT,coordinate,split-input-coeff-ot,LOCAL_TCP,tcp-loopback,bench,1,0,OK,PASS,14,16384,64,128,32,2078.337,4129.99,32.755,2029.478,16.104,15.149,,64,,0,0,4376920,2169656,1239400,5307176,6546304,51143.0,12.486083984375,tcp_two_process; p0_coeff_bit_ot_receiver; SPLIT_COEFF_OT; one_batched_Kos_chosen_message_OT; coordinate_scalar_fixed_prime_setup; local_expand; tcp_two_process; p1_coeff_bit_ot_sender; SPLIT_COEFF_OT; one_batched_Kos_chosen_message_OT; coordinate_scalar_fixed_prime_setup; local_expand
2026-07-26T05:54:03.116664+00:00,4a917afb6ebeca9bce885fae7f25d0ac0264ecb6,RMVOLE_NET_BENCH,RM_COORD_OPT,coordinate,split-input-coeff-ot,LOCAL_TCP,tcp-loopback,bench,2,0,OK,PASS,14,16384,64,128,32,2095.0570000000002,4166.242,37.141,2043.031,14.885,14.906,,64,,0,0,4376920,2169656,1239400,5307176,6546304,51143.0,12.486083984375,tcp_two_process; p0_coeff_bit_ot_receiver; SPLIT_COEFF_OT; one_batched_Kos_chosen_message_OT; coordinate_scalar_fixed_prime_setup; local_expand; tcp_two_process; p1_coeff_bit_ot_sender; SPLIT_COEFF_OT; one_batched_Kos_chosen_message_OT; coordinate_scalar_fixed_prime_setup; local_expand
2026-07-26T05:54:05.424158+00:00,4a917afb6ebeca9bce885fae7f25d0ac0264ecb6,RMVOLE_NET_BENCH,RM_COORD_OPT,coordinate,split-input-coeff-ot,LOCAL_TCP,tcp-loopback,bench,3,0,OK,PASS,14,16384,64,128,32,2032.8650000000002,4037.1260000000007,36.242000000000004,1981.782,14.840000000000002,15.088000000000001,,64,,0,0,4376920,2169656,1239400,5307176,6546304,51143.0,12.486083984375,tcp_two_process; p0_coeff_bit_ot_receiver; SPLIT_COEFF_OT; one_batched_Kos_chosen_message_OT; coordinate_scalar_fixed_prime_setup; local_expand; tcp_two_process; p1_coeff_bit_ot_sender; SPLIT_COEFF_OT; one_batched_Kos_chosen_message_OT; coordinate_scalar_fixed_prime_setup; local_expand
2026-07-26T05:54:07.881887+00:00,4a917afb6ebeca9bce885fae7f25d0ac0264ecb6,RMVOLE_NET_BENCH,RM_COORD_OPT,coordinate,split-input-coeff-ot,LOCAL_TCP,tcp-loopback,bench,4,0,OK,PASS,14,16384,64,128,32,2201.031,4377.532,40.509,2145.7690000000002,14.754,17.463,,64,,0,0,4376920,2169656,1239400,5307176,6546304,51143.0,12.486083984375,tcp_two_process; p0_coeff_bit_ot_receiver; SPLIT_COEFF_OT; one_batched_Kos_chosen_message_OT; coordinate_scalar_fixed_prime_setup; local_expand; tcp_two_process; p1_coeff_bit_ot_sender; SPLIT_COEFF_OT; one_batched_Kos_chosen_message_OT; coordinate_scalar_fixed_prime_setup; local_expand
2026-07-26T05:54:10.240436+00:00,4a917afb6ebeca9bce885fae7f25d0ac0264ecb6,RMVOLE_NET_BENCH,RM_COORD_OPT,coordinate,split-input-coeff-ot,LOCAL_TCP,tcp-loopback,bench,5,0,OK,PASS,14,16384,64,128,32,2075.626,4122.536,35.489,2025.5290000000002,14.607999999999999,14.773,,64,,0,0,4376920,2169656,1239400,5307176,6546304,51143.0,12.486083984375,tcp_two_process; p0_coeff_bit_ot_receiver; SPLIT_COEFF_OT; one_batched_Kos_chosen_message_OT; coordinate_scalar_fixed_prime_setup; local_expand; tcp_two_process; p1_coeff_bit_ot_sender; SPLIT_COEFF_OT; one_batched_Kos_chosen_message_OT; coordinate_scalar_fixed_prime_setup; local_expand
2026-07-26T05:54:12.747836+00:00,4a917afb6ebeca9bce885fae7f25d0ac0264ecb6,RMVOLE_NET_BENCH,RM_COORD_OPT,coordinate,split-input-coeff-ot,LOCAL_TCP,tcp-loopback,bench,6,0,OK,PASS,14,16384,64,128,32,2215.627,4401.085999999999,42.717999999999996,2156.694,16.215,18.762,,64,,0,0,4377232,2169656,1239400,5307176,6546304,51143.0,12.486083984375,tcp_two_process; p0_coeff_bit_ot_receiver; SPLIT_COEFF_OT; one_batched_Kos_chosen_message_OT; coordinate_scalar_fixed_prime_setup; local_expand; tcp_two_process; p1_coeff_bit_ot_sender; SPLIT_COEFF_OT; one_batched_Kos_chosen_message_OT; coordinate_scalar_fixed_prime_setup; local_expand
2026-07-26T05:54:15.105672+00:00,4a917afb6ebeca9bce885fae7f25d0ac0264ecb6,RMVOLE_NET_BENCH,RM_COORD_OPT,coordinate,split-input-coeff-ot,LOCAL_TCP,tcp-loopback,bench,7,0,OK,PASS,14,16384,64,128,32,2106.074,4179.764,37.309000000000005,2053.54,15.225000000000001,14.553,,64,,0,0,4376920,2169656,1239400,5307176,6546304,51143.0,12.486083984375,tcp_two_process; p0_coeff_bit_ot_receiver; SPLIT_COEFF_OT; one_batched_Kos_chosen_message_OT; coordinate_scalar_fixed_prime_setup; local_expand; tcp_two_process; p1_coeff_bit_ot_sender; SPLIT_COEFF_OT; one_batched_Kos_chosen_message_OT; coordinate_scalar_fixed_prime_setup; local_expand
2026-07-26T05:54:17.564084+00:00,4a917afb6ebeca9bce885fae7f25d0ac0264ecb6,RMVOLE_NET_BENCH,RM_COORD_OPT,coordinate,split-input-coeff-ot,LOCAL_TCP,tcp-loopback,bench,8,0,OK,PASS,14,16384,64,128,32,2185.352,4346.365000000001,32.966,2137.107,15.279,17.817,,64,,0,0,4376920,2169656,1239400,5307176,6546304,51143.0,12.486083984375,tcp_two_process; p0_coeff_bit_ot_receiver; SPLIT_COEFF_OT; one_batched_Kos_chosen_message_OT; coordinate_scalar_fixed_prime_setup; local_expand; tcp_two_process; p1_coeff_bit_ot_sender; SPLIT_COEFF_OT; one_batched_Kos_chosen_message_OT; coordinate_scalar_fixed_prime_setup; local_expand
2026-07-26T05:54:20.022359+00:00,4a917afb6ebeca9bce885fae7f25d0ac0264ecb6,RMVOLE_NET_BENCH,RM_COORD_OPT,coordinate,split-input-coeff-ot,LOCAL_TCP,tcp-loopback,bench,9,0,OK,PASS,14,16384,64,128,32,2172.965,4319.314,37.150000000000006,2121.074,14.741000000000001,19.302,,64,,0,0,4376920,2169656,1239400,5307176,6546304,51143.0,12.486083984375,tcp_two_process; p0_coeff_bit_ot_receiver; SPLIT_COEFF_OT; one_batched_Kos_chosen_message_OT; coordinate_scalar_fixed_prime_setup; local_expand; tcp_two_process; p1_coeff_bit_ot_sender; SPLIT_COEFF_OT; one_batched_Kos_chosen_message_OT; coordinate_scalar_fixed_prime_setup; local_expand
2026-07-26T05:54:20.476637+00:00,4a917afb6ebeca9bce885fae7f25d0ac0264ecb6,RMVOLE_NET_BENCH,RM_VECTOR_GENERIC_SPLIT,vector,split-input-vole,LOCAL_TCP,tcp-loopback,verify,-2,0,OK,PASS,16,65536,64,128,8,192.411,375.08,47.535000000000004,130.927,13.949,15.403,,2,,0,0,4211784,4832008,8956600,87272,0,0.0,0.0,"tcp_two_process; p0_noisy_vole_receiver; real_libOTe_NoisyVole_split_input_length_2t; F=array<u64,M>; G=u64; vector_fixed_prime_setup; local_expand; tcp_two_process; p1_noisy_vole_sender; real_libOTe_NoisyVole_split_input_length_2t; F=array<u64,M>; G=u64; vector_fixed_prime_setup; local_expand"
2026-07-26T05:54:20.930999+00:00,4a917afb6ebeca9bce885fae7f25d0ac0264ecb6,RMVOLE_NET_BENCH,RM_VECTOR_GENERIC_SPLIT,vector,split-input-vole,LOCAL_TCP,tcp-loopback,bench,-1,1,OK,PASS,16,65536,64,128,8,174.416,341.596,47.822,112.624,13.97,13.184,,2,,0,0,4211784,113480,4237992,87272,4325184,33790.5,8.2496337890625,"tcp_two_process; p0_noisy_vole_receiver; real_libOTe_NoisyVole_split_input_length_2t; F=array<u64,M>; G=u64; vector_fixed_prime_setup; local_expand; tcp_two_process; p1_noisy_vole_sender; real_libOTe_NoisyVole_split_input_length_2t; F=array<u64,M>; G=u64; vector_fixed_prime_setup; local_expand"
2026-07-26T05:54:21.385224+00:00,4a917afb6ebeca9bce885fae7f25d0ac0264ecb6,RMVOLE_NET_BENCH,RM_VECTOR_GENERIC_SPLIT,vector,split-input-vole,LOCAL_TCP,tcp-loopback,bench,0,0,OK,PASS,16,65536,64,128,8,181.99699999999999,360.682,48.103,118.70100000000001,15.193,14.689,,2,,0,0,4211784,113480,4237992,87272,4325184,33790.5,8.2496337890625,"tcp_two_process; p0_noisy_vole_receiver; real_libOTe_NoisyVole_split_input_length_2t; F=array<u64,M>; G=u64; vector_fixed_prime_setup; local_expand; tcp_two_process; p1_noisy_vole_sender; real_libOTe_NoisyVole_split_input_length_2t; F=array<u64,M>; G=u64; vector_fixed_prime_setup; local_expand"
2026-07-26T05:54:21.889525+00:00,4a917afb6ebeca9bce885fae7f25d0ac0264ecb6,RMVOLE_NET_BENCH,RM_VECTOR_GENERIC_SPLIT,vector,split-input-vole,LOCAL_TCP,tcp-loopback,bench,1,0,OK,PASS,16,65536,64,128,8,217.639,429.324,53.002,150.452,14.185,14.326,,2,,0,0,4211784,113480,4237992,87272,4325184,33790.5,8.2496337890625,"tcp_two_process; p0_noisy_vole_receiver; real_libOTe_NoisyVole_split_input_length_2t; F=array<u64,M>; G=u64; vector_fixed_prime_setup; local_expand; tcp_two_process; p1_noisy_vole_sender; real_libOTe_NoisyVole_split_input_length_2t; F=array<u64,M>; G=u64; vector_fixed_prime_setup; local_expand"
2026-07-26T05:54:22.343843+00:00,4a917afb6ebeca9bce885fae7f25d0ac0264ecb6,RMVOLE_NET_BENCH,RM_VECTOR_GENERIC_SPLIT,vector,split-input-vole,LOCAL_TCP,tcp-loopback,bench,2,0,OK,PASS,16,65536,64,128,8,198.27100000000002,366.993,49.186,120.05300000000001,29.031000000000002,13.301,,2,,0,0,4211784,113480,4237992,87272,4325184,33790.5,8.2496337890625,"tcp_two_process; p0_noisy_vole_receiver; real_libOTe_NoisyVole_split_input_length_2t; F=array<u64,M>; G=u64; vector_fixed_prime_setup; local_expand; tcp_two_process; p1_noisy_vole_sender; real_libOTe_NoisyVole_split_input_length_2t; F=array<u64,M>; G=u64; vector_fixed_prime_setup; local_expand"
2026-07-26T05:54:22.798229+00:00,4a917afb6ebeca9bce885fae7f25d0ac0264ecb6,RMVOLE_NET_BENCH,RM_VECTOR_GENERIC_SPLIT,vector,split-input-vole,LOCAL_TCP,tcp-loopback,bench,3,0,OK,PASS,16,65536,64,128,8,176.197,340.91700000000003,47.847,114.283,14.067,13.492,,2,,0,0,4211784,113480,4237992,87272,4325184,33790.5,8.2496337890625,"tcp_two_process; p0_noisy_vole_receiver; real_libOTe_NoisyVole_split_input_length_2t; F=array<u64,M>; G=u64; vector_fixed_prime_setup; local_expand; tcp_two_process; p1_noisy_vole_sender; real_libOTe_NoisyVole_split_input_length_2t; F=array<u64,M>; G=u64; vector_fixed_prime_setup; local_expand"
2026-07-26T05:54:23.252663+00:00,4a917afb6ebeca9bce885fae7f25d0ac0264ecb6,RMVOLE_NET_BENCH,RM_VECTOR_GENERIC_SPLIT,vector,split-input-vole,LOCAL_TCP,tcp-loopback,bench,4,0,OK,PASS,16,65536,64,128,8,174.333,341.43199999999996,47.895,111.79,14.647,13.176,,2,,0,0,4211784,113480,4237992,87272,4325184,33790.5,8.2496337890625,"tcp_two_process; p0_noisy_vole_receiver; real_libOTe_NoisyVole_split_input_length_2t; F=array<u64,M>; G=u64; vector_fixed_prime_setup; local_expand; tcp_two_process; p1_noisy_vole_sender; real_libOTe_NoisyVole_split_input_length_2t; F=array<u64,M>; G=u64; vector_fixed_prime_setup; local_expand"
2026-07-26T05:54:23.707364+00:00,4a917afb6ebeca9bce885fae7f25d0ac0264ecb6,RMVOLE_NET_BENCH,RM_VECTOR_GENERIC_SPLIT,vector,split-input-vole,LOCAL_TCP,tcp-loopback,bench,5,0,OK,PASS,16,65536,64,128,8,189.242,366.76699999999994,49.004,124.75,15.488,15.755,,2,,0,0,4211784,113480,4237992,87272,4325184,33790.5,8.2496337890625,"tcp_two_process; p0_noisy_vole_receiver; real_libOTe_NoisyVole_split_input_length_2t; F=array<u64,M>; G=u64; vector_fixed_prime_setup; local_expand; tcp_two_process; p1_noisy_vole_sender; real_libOTe_NoisyVole_split_input_length_2t; F=array<u64,M>; G=u64; vector_fixed_prime_setup; local_expand"
2026-07-26T05:54:24.161789+00:00,4a917afb6ebeca9bce885fae7f25d0ac0264ecb6,RMVOLE_NET_BENCH,RM_VECTOR_GENERIC_SPLIT,vector,split-input-vole,LOCAL_TCP,tcp-loopback,bench,6,0,OK,PASS,16,65536,64,128,8,175.86599999999999,341.36699999999996,47.312,114.77900000000001,13.774,12.73,,2,,0,0,4211784,113480,4237992,87272,4325184,33790.5,8.2496337890625,"tcp_two_process; p0_noisy_vole_receiver; real_libOTe_NoisyVole_split_input_length_2t; F=array<u64,M>; G=u64; vector_fixed_prime_setup; local_expand; tcp_two_process; p1_noisy_vole_sender; real_libOTe_NoisyVole_split_input_length_2t; F=array<u64,M>; G=u64; vector_fixed_prime_setup; local_expand"
2026-07-26T05:54:24.616185+00:00,4a917afb6ebeca9bce885fae7f25d0ac0264ecb6,RMVOLE_NET_BENCH,RM_VECTOR_GENERIC_SPLIT,vector,split-input-vole,LOCAL_TCP,tcp-loopback,bench,7,0,OK,PASS,16,65536,64,128,8,183.166,363.139,50.798,117.937,14.43,14.413,,2,,0,0,4211784,113480,4237992,87272,4325184,33790.5,8.2496337890625,"tcp_two_process; p0_noisy_vole_receiver; real_libOTe_NoisyVole_split_input_length_2t; F=array<u64,M>; G=u64; vector_fixed_prime_setup; local_expand; tcp_two_process; p1_noisy_vole_sender; real_libOTe_NoisyVole_split_input_length_2t; F=array<u64,M>; G=u64; vector_fixed_prime_setup; local_expand"
2026-07-26T05:54:25.070845+00:00,4a917afb6ebeca9bce885fae7f25d0ac0264ecb6,RMVOLE_NET_BENCH,RM_VECTOR_GENERIC_SPLIT,vector,split-input-vole,LOCAL_TCP,tcp-loopback,bench,8,0,OK,PASS,16,65536,64,128,8,187.049,367.114,50.198,122.57600000000001,14.275,15.41,,2,,0,0,4211784,113480,4237992,87272,4325184,33790.5,8.2496337890625,"tcp_two_process; p0_noisy_vole_receiver; real_libOTe_NoisyVole_split_input_length_2t; F=array<u64,M>; G=u64; vector_fixed_prime_setup; local_expand; tcp_two_process; p1_noisy_vole_sender; real_libOTe_NoisyVole_split_input_length_2t; F=array<u64,M>; G=u64; vector_fixed_prime_setup; local_expand"
2026-07-26T05:54:25.525269+00:00,4a917afb6ebeca9bce885fae7f25d0ac0264ecb6,RMVOLE_NET_BENCH,RM_VECTOR_GENERIC_SPLIT,vector,split-input-vole,LOCAL_TCP,tcp-loopback,bench,9,0,OK,PASS,16,65536,64,128,8,175.863,347.80899999999997,48.264,113.493,14.107,13.624,,2,,0,0,4211784,113480,4237992,87272,4325184,33790.5,8.2496337890625,"tcp_two_process; p0_noisy_vole_receiver; real_libOTe_NoisyVole_split_input_length_2t; F=array<u64,M>; G=u64; vector_fixed_prime_setup; local_expand; tcp_two_process; p1_noisy_vole_sender; real_libOTe_NoisyVole_split_input_length_2t; F=array<u64,M>; G=u64; vector_fixed_prime_setup; local_expand"
2026-07-26T05:54:26.530586+00:00,4a917afb6ebeca9bce885fae7f25d0ac0264ecb6,RMVOLE_NET_BENCH,RM_COORD_GENERIC_SPLIT,coordinate,split-input-vole,LOCAL_TCP,tcp-loopback,verify,-2,0,OK,PASS,16,65536,64,128,8,734.399,1462.1810000000003,47.323,670.617,16.459999999999997,18.126,,16,,0,0,4211784,5396152,9261240,346776,170752,1334.0,0.32568359375,"tcp_two_process; p0_noisy_vole_receiver; real_libOTe_NoisyVole_split_input_length_2t; F=array<u64,M>; G=u64; coordinate_scalar_fixed_prime_setup; local_expand; tcp_two_process; p1_noisy_vole_sender; real_libOTe_NoisyVole_split_input_length_2t; F=array<u64,M>; G=u64; coordinate_scalar_fixed_prime_setup; local_expand"
2026-07-26T05:54:27.535875+00:00,4a917afb6ebeca9bce885fae7f25d0ac0264ecb6,RMVOLE_NET_BENCH,RM_COORD_GENERIC_SPLIT,coordinate,split-input-vole,LOCAL_TCP,tcp-loopback,bench,-1,1,OK,PASS,16,65536,64,128,8,757.1999999999999,1505.933,47.281,693.327,16.592,15.768,,16,,0,0,4211784,677624,4542632,346776,4889328,38197.875,9.325653076171875,"tcp_two_process; p0_noisy_vole_receiver; real_libOTe_NoisyVole_split_input_length_2t; F=array<u64,M>; G=u64; coordinate_scalar_fixed_prime_setup; local_expand; tcp_two_process; p1_noisy_vole_sender; real_libOTe_NoisyVole_split_input_length_2t; F=array<u64,M>; G=u64; coordinate_scalar_fixed_prime_setup; local_expand"
2026-07-26T05:54:28.541096+00:00,4a917afb6ebeca9bce885fae7f25d0ac0264ecb6,RMVOLE_NET_BENCH,RM_COORD_GENERIC_SPLIT,coordinate,split-input-vole,LOCAL_TCP,tcp-loopback,bench,0,0,OK,PASS,16,65536,64,128,8,747.165,1489.951,50.816,680.0,16.349,15.667,,16,,0,0,4211784,677624,4542632,346776,4889328,38197.875,9.325653076171875,"tcp_two_process; p0_noisy_vole_receiver; real_libOTe_NoisyVole_split_input_length_2t; F=array<u64,M>; G=u64; coordinate_scalar_fixed_prime_setup; local_expand; tcp_two_process; p1_noisy_vole_sender; real_libOTe_NoisyVole_split_input_length_2t; F=array<u64,M>; G=u64; coordinate_scalar_fixed_prime_setup; local_expand"
2026-07-26T05:54:29.596541+00:00,4a917afb6ebeca9bce885fae7f25d0ac0264ecb6,RMVOLE_NET_BENCH,RM_COORD_GENERIC_SPLIT,coordinate,split-input-vole,LOCAL_TCP,tcp-loopback,bench,1,0,OK,PASS,16,65536,64,128,8,773.336,1535.757,47.155,707.914,18.267,15.620000000000001,,16,,0,0,4211784,677624,4542632,346776,4889328,38197.875,9.325653076171875,"tcp_two_process; p0_noisy_vole_receiver; real_libOTe_NoisyVole_split_input_length_2t; F=array<u64,M>; G=u64; coordinate_scalar_fixed_prime_setup; local_expand; tcp_two_process; p1_noisy_vole_sender; real_libOTe_NoisyVole_split_input_length_2t; F=array<u64,M>; G=u64; coordinate_scalar_fixed_prime_setup; local_expand"
2026-07-26T05:54:30.701811+00:00,4a917afb6ebeca9bce885fae7f25d0ac0264ecb6,RMVOLE_NET_BENCH,RM_COORD_GENERIC_SPLIT,coordinate,split-input-vole,LOCAL_TCP,tcp-loopback,bench,2,0,OK,PASS,16,65536,64,128,8,845.601,1689.0369999999998,52.786,772.101,20.714,19.713,,16,,0,0,4211784,677624,4542632,346776,4889328,38197.875,9.325653076171875,"tcp_two_process; p0_noisy_vole_receiver; real_libOTe_NoisyVole_split_input_length_2t; F=array<u64,M>; G=u64; coordinate_scalar_fixed_prime_setup; local_expand; tcp_two_process; p1_noisy_vole_sender; real_libOTe_NoisyVole_split_input_length_2t; F=array<u64,M>; G=u64; coordinate_scalar_fixed_prime_setup; local_expand"
2026-07-26T05:54:31.656783+00:00,4a917afb6ebeca9bce885fae7f25d0ac0264ecb6,RMVOLE_NET_BENCH,RM_COORD_GENERIC_SPLIT,coordinate,split-input-vole,LOCAL_TCP,tcp-loopback,bench,3,0,OK,PASS,16,65536,64,128,8,705.992,1404.0949999999998,47.682,640.983,17.326999999999998,15.5,,16,,0,0,4211784,677624,4542632,346776,4889328,38197.875,9.325653076171875,"tcp_two_process; p0_noisy_vole_receiver; real_libOTe_NoisyVole_split_input_length_2t; F=array<u64,M>; G=u64; coordinate_scalar_fixed_prime_setup; local_expand; tcp_two_process; p1_noisy_vole_sender; real_libOTe_NoisyVole_split_input_length_2t; F=array<u64,M>; G=u64; coordinate_scalar_fixed_prime_setup; local_expand"
2026-07-26T05:54:32.662085+00:00,4a917afb6ebeca9bce885fae7f25d0ac0264ecb6,RMVOLE_NET_BENCH,RM_COORD_GENERIC_SPLIT,coordinate,split-input-vole,LOCAL_TCP,tcp-loopback,bench,4,0,OK,PASS,16,65536,64,128,8,745.8320000000001,1486.526,70.44300000000001,653.748,16.502,15.592,,16,,0,0,4211784,677624,4542632,346776,4889328,38197.875,9.325653076171875,"tcp_two_process; p0_noisy_vole_receiver; real_libOTe_NoisyVole_split_input_length_2t; F=array<u64,M>; G=u64; coordinate_scalar_fixed_prime_setup; local_expand; tcp_two_process; p1_noisy_vole_sender; real_libOTe_NoisyVole_split_input_length_2t; F=array<u64,M>; G=u64; coordinate_scalar_fixed_prime_setup; local_expand"
2026-07-26T05:54:33.667349+00:00,4a917afb6ebeca9bce885fae7f25d0ac0264ecb6,RMVOLE_NET_BENCH,RM_COORD_GENERIC_SPLIT,coordinate,split-input-vole,LOCAL_TCP,tcp-loopback,bench,5,0,OK,PASS,16,65536,64,128,8,744.891,1483.9660000000001,52.179,676.4559999999999,16.255,15.733,,16,,0,0,4211784,677624,4542632,346776,4889328,38197.875,9.325653076171875,"tcp_two_process; p0_noisy_vole_receiver; real_libOTe_NoisyVole_split_input_length_2t; F=array<u64,M>; G=u64; coordinate_scalar_fixed_prime_setup; local_expand; tcp_two_process; p1_noisy_vole_sender; real_libOTe_NoisyVole_split_input_length_2t; F=array<u64,M>; G=u64; coordinate_scalar_fixed_prime_setup; local_expand"
2026-07-26T05:54:34.622409+00:00,4a917afb6ebeca9bce885fae7f25d0ac0264ecb6,RMVOLE_NET_BENCH,RM_COORD_GENERIC_SPLIT,coordinate,split-input-vole,LOCAL_TCP,tcp-loopback,bench,6,0,OK,PASS,16,65536,64,128,8,698.7710000000001,1393.471,47.418,635.09,16.262999999999998,15.483,,16,,0,0,4211784,677624,4542632,346776,4889328,38197.875,9.325653076171875,"tcp_two_process; p0_noisy_vole_receiver; real_libOTe_NoisyVole_split_input_length_2t; F=array<u64,M>; G=u64; coordinate_scalar_fixed_prime_setup; local_expand; tcp_two_process; p1_noisy_vole_sender; real_libOTe_NoisyVole_split_input_length_2t; F=array<u64,M>; G=u64; coordinate_scalar_fixed_prime_setup; local_expand"
2026-07-26T05:54:35.627536+00:00,4a917afb6ebeca9bce885fae7f25d0ac0264ecb6,RMVOLE_NET_BENCH,RM_COORD_GENERIC_SPLIT,coordinate,split-input-vole,LOCAL_TCP,tcp-loopback,bench,7,0,OK,PASS,16,65536,64,128,8,746.51,1484.229,47.370000000000005,681.4010000000001,17.739,17.343999999999998,,16,,0,0,4211784,677624,4542632,346776,4889328,38197.875,9.325653076171875,"tcp_two_process; p0_noisy_vole_receiver; real_libOTe_NoisyVole_split_input_length_2t; F=array<u64,M>; G=u64; coordinate_scalar_fixed_prime_setup; local_expand; tcp_two_process; p1_noisy_vole_sender; real_libOTe_NoisyVole_split_input_length_2t; F=array<u64,M>; G=u64; coordinate_scalar_fixed_prime_setup; local_expand"
2026-07-26T05:54:36.632720+00:00,4a917afb6ebeca9bce885fae7f25d0ac0264ecb6,RMVOLE_NET_BENCH,RM_COORD_GENERIC_SPLIT,coordinate,split-input-vole,LOCAL_TCP,tcp-loopback,bench,8,0,OK,PASS,16,65536,64,128,8,750.343,1495.783,52.87,679.831,17.642000000000003,15.487,,16,,0,0,4211784,677624,4542632,346776,4889328,38197.875,9.325653076171875,"tcp_two_process; p0_noisy_vole_receiver; real_libOTe_NoisyVole_split_input_length_2t; F=array<u64,M>; G=u64; coordinate_scalar_fixed_prime_setup; local_expand; tcp_two_process; p1_noisy_vole_sender; real_libOTe_NoisyVole_split_input_length_2t; F=array<u64,M>; G=u64; coordinate_scalar_fixed_prime_setup; local_expand"
2026-07-26T05:54:37.588130+00:00,4a917afb6ebeca9bce885fae7f25d0ac0264ecb6,RMVOLE_NET_BENCH,RM_COORD_GENERIC_SPLIT,coordinate,split-input-vole,LOCAL_TCP,tcp-loopback,bench,9,0,OK,PASS,16,65536,64,128,8,714.251,1421.8690000000001,49.955,647.869,16.427,15.664000000000001,,16,,0,0,4211784,677624,4542632,346776,4889328,38197.875,9.325653076171875,"tcp_two_process; p0_noisy_vole_receiver; real_libOTe_NoisyVole_split_input_length_2t; F=array<u64,M>; G=u64; coordinate_scalar_fixed_prime_setup; local_expand; tcp_two_process; p1_noisy_vole_sender; real_libOTe_NoisyVole_split_input_length_2t; F=array<u64,M>; G=u64; coordinate_scalar_fixed_prime_setup; local_expand"
2026-07-26T05:54:37.992576+00:00,4a917afb6ebeca9bce885fae7f25d0ac0264ecb6,RMVOLE_NET_BENCH,RM_VECTOR_OPT,vector,split-input-coeff-ot,LOCAL_TCP,tcp-loopback,verify,-2,0,OK,PASS,16,65536,64,128,8,139.71,270.07800000000003,16.114,109.207,14.389000000000001,15.179,,2,,0,0,1378648,4832008,4887224,1323512,0,0.0,0.0,tcp_two_process; p0_coeff_bit_ot_receiver; SPLIT_COEFF_OT; one_batched_Kos_chosen_message_OT; vector_fixed_prime_setup; local_expand; tcp_two_process; p1_coeff_bit_ot_sender; SPLIT_COEFF_OT; one_batched_Kos_chosen_message_OT; vector_fixed_prime_setup; local_expand
2026-07-26T05:54:38.397321+00:00,4a917afb6ebeca9bce885fae7f25d0ac0264ecb6,RMVOLE_NET_BENCH,RM_VECTOR_OPT,vector,split-input-coeff-ot,LOCAL_TCP,tcp-loopback,bench,-1,1,OK,PASS,16,65536,64,128,8,152.089,291.97499999999997,20.935,116.92099999999999,14.232,15.558,,2,,0,0,1378648,113480,168616,1323512,1492048,11656.625,2.845855712890625,tcp_two_process; p0_coeff_bit_ot_receiver; SPLIT_COEFF_OT; one_batched_Kos_chosen_message_OT; vector_fixed_prime_setup; local_expand; tcp_two_process; p1_coeff_bit_ot_sender; SPLIT_COEFF_OT; one_batched_Kos_chosen_message_OT; vector_fixed_prime_setup; local_expand
2026-07-26T05:54:38.801881+00:00,4a917afb6ebeca9bce885fae7f25d0ac0264ecb6,RMVOLE_NET_BENCH,RM_VECTOR_OPT,vector,split-input-coeff-ot,LOCAL_TCP,tcp-loopback,bench,0,0,OK,PASS,16,65536,64,128,8,159.202,305.61899999999997,23.093,121.835,14.274000000000001,16.152,,2,,0,0,1378648,113480,168616,1323512,1492048,11656.625,2.845855712890625,tcp_two_process; p0_coeff_bit_ot_receiver; SPLIT_COEFF_OT; one_batched_Kos_chosen_message_OT; vector_fixed_prime_setup; local_expand; tcp_two_process; p1_coeff_bit_ot_sender; SPLIT_COEFF_OT; one_batched_Kos_chosen_message_OT; vector_fixed_prime_setup; local_expand
2026-07-26T05:54:39.206105+00:00,4a917afb6ebeca9bce885fae7f25d0ac0264ecb6,RMVOLE_NET_BENCH,RM_VECTOR_OPT,vector,split-input-coeff-ot,LOCAL_TCP,tcp-loopback,bench,1,0,OK,PASS,16,65536,64,128,8,158.75400000000002,303.591,23.3,121.26,14.193000000000001,15.975,,2,,0,0,1378648,113480,168616,1323512,1492048,11656.625,2.845855712890625,tcp_two_process; p0_coeff_bit_ot_receiver; SPLIT_COEFF_OT; one_batched_Kos_chosen_message_OT; vector_fixed_prime_setup; local_expand; tcp_two_process; p1_coeff_bit_ot_sender; SPLIT_COEFF_OT; one_batched_Kos_chosen_message_OT; vector_fixed_prime_setup; local_expand
2026-07-26T05:54:39.660526+00:00,4a917afb6ebeca9bce885fae7f25d0ac0264ecb6,RMVOLE_NET_BENCH,RM_VECTOR_OPT,vector,split-input-coeff-ot,LOCAL_TCP,tcp-loopback,bench,2,0,OK,PASS,16,65536,64,128,8,193.478,370.48400000000004,21.185,158.118,14.175,13.393,,2,,0,0,1378648,113480,168616,1323512,1492048,11656.625,2.845855712890625,tcp_two_process; p0_coeff_bit_ot_receiver; SPLIT_COEFF_OT; one_batched_Kos_chosen_message_OT; vector_fixed_prime_setup; local_expand; tcp_two_process; p1_coeff_bit_ot_sender; SPLIT_COEFF_OT; one_batched_Kos_chosen_message_OT; vector_fixed_prime_setup; local_expand
2026-07-26T05:54:40.064667+00:00,4a917afb6ebeca9bce885fae7f25d0ac0264ecb6,RMVOLE_NET_BENCH,RM_VECTOR_OPT,vector,split-input-coeff-ot,LOCAL_TCP,tcp-loopback,bench,3,0,OK,PASS,16,65536,64,128,8,152.232,285.51500000000004,23.003,115.098,14.131,13.771,,2,,0,0,1378648,113480,168616,1323512,1492048,11656.625,2.845855712890625,tcp_two_process; p0_coeff_bit_ot_receiver; SPLIT_COEFF_OT; one_batched_Kos_chosen_message_OT; vector_fixed_prime_setup; local_expand; tcp_two_process; p1_coeff_bit_ot_sender; SPLIT_COEFF_OT; one_batched_Kos_chosen_message_OT; vector_fixed_prime_setup; local_expand
2026-07-26T05:54:40.469007+00:00,4a917afb6ebeca9bce885fae7f25d0ac0264ecb6,RMVOLE_NET_BENCH,RM_VECTOR_OPT,vector,split-input-coeff-ot,LOCAL_TCP,tcp-loopback,bench,4,0,OK,PASS,16,65536,64,128,8,140.057,261.597,20.061,105.877,14.120000000000001,13.287,,2,,0,0,1378648,113480,168616,1323512,1492048,11656.625,2.845855712890625,tcp_two_process; p0_coeff_bit_ot_receiver; SPLIT_COEFF_OT; one_batched_Kos_chosen_message_OT; vector_fixed_prime_setup; local_expand; tcp_two_process; p1_coeff_bit_ot_sender; SPLIT_COEFF_OT; one_batched_Kos_chosen_message_OT; vector_fixed_prime_setup; local_expand
2026-07-26T05:54:40.873318+00:00,4a917afb6ebeca9bce885fae7f25d0ac0264ecb6,RMVOLE_NET_BENCH,RM_VECTOR_OPT,vector,split-input-coeff-ot,LOCAL_TCP,tcp-loopback,bench,5,0,OK,PASS,16,65536,64,128,8,142.141,266.203,19.900000000000002,107.834,14.407,13.153,,2,,0,0,1378648,113480,168616,1323512,1492048,11656.625,2.845855712890625,tcp_two_process; p0_coeff_bit_ot_receiver; SPLIT_COEFF_OT; one_batched_Kos_chosen_message_OT; vector_fixed_prime_setup; local_expand; tcp_two_process; p1_coeff_bit_ot_sender; SPLIT_COEFF_OT; one_batched_Kos_chosen_message_OT; vector_fixed_prime_setup; local_expand
2026-07-26T05:54:41.327922+00:00,4a917afb6ebeca9bce885fae7f25d0ac0264ecb6,RMVOLE_NET_BENCH,RM_VECTOR_OPT,vector,split-input-coeff-ot,LOCAL_TCP,tcp-loopback,bench,6,0,OK,PASS,16,65536,64,128,8,166.305,316.727,18.515,133.715,14.075000000000001,16.160999999999998,,2,,0,0,1378648,113480,168616,1323512,1492048,11656.625,2.845855712890625,tcp_two_process; p0_coeff_bit_ot_receiver; SPLIT_COEFF_OT; one_batched_Kos_chosen_message_OT; vector_fixed_prime_setup; local_expand; tcp_two_process; p1_coeff_bit_ot_sender; SPLIT_COEFF_OT; one_batched_Kos_chosen_message_OT; vector_fixed_prime_setup; local_expand
2026-07-26T05:54:41.732369+00:00,4a917afb6ebeca9bce885fae7f25d0ac0264ecb6,RMVOLE_NET_BENCH,RM_VECTOR_OPT,vector,split-input-coeff-ot,LOCAL_TCP,tcp-loopback,bench,7,0,OK,PASS,16,65536,64,128,8,148.348,276.403,20.595,113.513,14.239,13.225999999999999,,2,,0,0,1378648,113480,168616,1323512,1492048,11656.625,2.845855712890625,tcp_two_process; p0_coeff_bit_ot_receiver; SPLIT_COEFF_OT; one_batched_Kos_chosen_message_OT; vector_fixed_prime_setup; local_expand; tcp_two_process; p1_coeff_bit_ot_sender; SPLIT_COEFF_OT; one_batched_Kos_chosen_message_OT; vector_fixed_prime_setup; local_expand
2026-07-26T05:54:42.136929+00:00,4a917afb6ebeca9bce885fae7f25d0ac0264ecb6,RMVOLE_NET_BENCH,RM_VECTOR_OPT,vector,split-input-coeff-ot,LOCAL_TCP,tcp-loopback,bench,8,0,OK,PASS,16,65536,64,128,8,140.048,261.552,20.14,105.917,13.991,13.206000000000001,,2,,0,0,1378648,113480,168616,1323512,1492048,11656.625,2.845855712890625,tcp_two_process; p0_coeff_bit_ot_receiver; SPLIT_COEFF_OT; one_batched_Kos_chosen_message_OT; vector_fixed_prime_setup; local_expand; tcp_two_process; p1_coeff_bit_ot_sender; SPLIT_COEFF_OT; one_batched_Kos_chosen_message_OT; vector_fixed_prime_setup; local_expand
2026-07-26T05:54:42.542479+00:00,4a917afb6ebeca9bce885fae7f25d0ac0264ecb6,RMVOLE_NET_BENCH,RM_VECTOR_OPT,vector,split-input-coeff-ot,LOCAL_TCP,tcp-loopback,bench,9,0,OK,PASS,16,65536,64,128,8,148.317,280.515,19.973000000000003,112.64299999999999,15.701,14.996,,2,,0,0,1378648,113480,168616,1323512,1492048,11656.625,2.845855712890625,tcp_two_process; p0_coeff_bit_ot_receiver; SPLIT_COEFF_OT; one_batched_Kos_chosen_message_OT; vector_fixed_prime_setup; local_expand; tcp_two_process; p1_coeff_bit_ot_sender; SPLIT_COEFF_OT; one_batched_Kos_chosen_message_OT; vector_fixed_prime_setup; local_expand
2026-07-26T05:54:43.498184+00:00,4a917afb6ebeca9bce885fae7f25d0ac0264ecb6,RMVOLE_NET_BENCH,RM_COORD_OPT,coordinate,split-input-coeff-ot,LOCAL_TCP,tcp-loopback,verify,-2,0,OK,PASS,16,65536,64,128,8,663.299,1309.4109999999998,17.534000000000002,629.304,16.461,15.369000000000002,,16,,0,0,1378648,5396152,5191864,1583016,0,0.0,0.0,tcp_two_process; p0_coeff_bit_ot_receiver; SPLIT_COEFF_OT; one_batched_Kos_chosen_message_OT; coordinate_scalar_fixed_prime_setup; local_expand; tcp_two_process; p1_coeff_bit_ot_sender; SPLIT_COEFF_OT; one_batched_Kos_chosen_message_OT; coordinate_scalar_fixed_prime_setup; local_expand
2026-07-26T05:54:44.503214+00:00,4a917afb6ebeca9bce885fae7f25d0ac0264ecb6,RMVOLE_NET_BENCH,RM_COORD_OPT,coordinate,split-input-coeff-ot,LOCAL_TCP,tcp-loopback,bench,-1,1,OK,PASS,16,65536,64,128,8,748.51,1480.0469999999998,18.982,713.24,16.288,15.713999999999999,,16,,0,0,1378648,677624,473256,1583016,2056192,16064.0,3.921875,tcp_two_process; p0_coeff_bit_ot_receiver; SPLIT_COEFF_OT; one_batched_Kos_chosen_message_OT; coordinate_scalar_fixed_prime_setup; local_expand; tcp_two_process; p1_coeff_bit_ot_sender; SPLIT_COEFF_OT; one_batched_Kos_chosen_message_OT; coordinate_scalar_fixed_prime_setup; local_expand
2026-07-26T05:54:45.458384+00:00,4a917afb6ebeca9bce885fae7f25d0ac0264ecb6,RMVOLE_NET_BENCH,RM_COORD_OPT,coordinate,split-input-coeff-ot,LOCAL_TCP,tcp-loopback,bench,0,0,OK,PASS,16,65536,64,128,8,675.147,1334.886,17.57,641.203,16.372999999999998,15.602,,16,,0,0,1378648,677624,473256,1583016,2056192,16064.0,3.921875,tcp_two_process; p0_coeff_bit_ot_receiver; SPLIT_COEFF_OT; one_batched_Kos_chosen_message_OT; coordinate_scalar_fixed_prime_setup; local_expand; tcp_two_process; p1_coeff_bit_ot_sender; SPLIT_COEFF_OT; one_batched_Kos_chosen_message_OT; coordinate_scalar_fixed_prime_setup; local_expand
2026-07-26T05:54:46.413802+00:00,4a917afb6ebeca9bce885fae7f25d0ac0264ecb6,RMVOLE_NET_BENCH,RM_COORD_OPT,coordinate,split-input-coeff-ot,LOCAL_TCP,tcp-loopback,bench,1,0,OK,PASS,16,65536,64,128,8,706.459,1396.3169999999998,18.286,672.034,16.139,15.439,,16,,0,0,1378648,677624,473256,1583016,2056192,16064.0,3.921875,tcp_two_process; p0_coeff_bit_ot_receiver; SPLIT_COEFF_OT; one_batched_Kos_chosen_message_OT; coordinate_scalar_fixed_prime_setup; local_expand; tcp_two_process; p1_coeff_bit_ot_sender; SPLIT_COEFF_OT; one_batched_Kos_chosen_message_OT; coordinate_scalar_fixed_prime_setup; local_expand
2026-07-26T05:54:47.369325+00:00,4a917afb6ebeca9bce885fae7f25d0ac0264ecb6,RMVOLE_NET_BENCH,RM_COORD_OPT,coordinate,split-input-coeff-ot,LOCAL_TCP,tcp-loopback,bench,2,0,OK,PASS,16,65536,64,128,8,687.928,1358.768,20.096,651.52,16.313000000000002,15.57,,16,,0,0,1378648,677624,473256,1583016,2056192,16064.0,3.921875,tcp_two_process; p0_coeff_bit_ot_receiver; SPLIT_COEFF_OT; one_batched_Kos_chosen_message_OT; coordinate_scalar_fixed_prime_setup; local_expand; tcp_two_process; p1_coeff_bit_ot_sender; SPLIT_COEFF_OT; one_batched_Kos_chosen_message_OT; coordinate_scalar_fixed_prime_setup; local_expand
2026-07-26T05:54:48.324686+00:00,4a917afb6ebeca9bce885fae7f25d0ac0264ecb6,RMVOLE_NET_BENCH,RM_COORD_OPT,coordinate,split-input-coeff-ot,LOCAL_TCP,tcp-loopback,bench,3,0,OK,PASS,16,65536,64,128,8,663.9699999999999,1311.1589999999999,19.104,628.717,16.149,15.653,,16,,0,0,1378648,677624,473256,1583016,2056192,16064.0,3.921875,tcp_two_process; p0_coeff_bit_ot_receiver; SPLIT_COEFF_OT; one_batched_Kos_chosen_message_OT; coordinate_scalar_fixed_prime_setup; local_expand; tcp_two_process; p1_coeff_bit_ot_sender; SPLIT_COEFF_OT; one_batched_Kos_chosen_message_OT; coordinate_scalar_fixed_prime_setup; local_expand
2026-07-26T05:54:49.330280+00:00,4a917afb6ebeca9bce885fae7f25d0ac0264ecb6,RMVOLE_NET_BENCH,RM_COORD_OPT,coordinate,split-input-coeff-ot,LOCAL_TCP,tcp-loopback,bench,4,0,OK,PASS,16,65536,64,128,8,740.871,1463.0510000000002,17.995,704.23,18.646,16.744,,16,,0,0,1378648,677624,473256,1583016,2056192,16064.0,3.921875,tcp_two_process; p0_coeff_bit_ot_receiver; SPLIT_COEFF_OT; one_batched_Kos_chosen_message_OT; coordinate_scalar_fixed_prime_setup; local_expand; tcp_two_process; p1_coeff_bit_ot_sender; SPLIT_COEFF_OT; one_batched_Kos_chosen_message_OT; coordinate_scalar_fixed_prime_setup; local_expand
2026-07-26T05:54:50.285981+00:00,4a917afb6ebeca9bce885fae7f25d0ac0264ecb6,RMVOLE_NET_BENCH,RM_COORD_OPT,coordinate,split-input-coeff-ot,LOCAL_TCP,tcp-loopback,bench,5,0,OK,PASS,16,65536,64,128,8,693.547,1374.5690000000002,16.578,660.597,16.372,18.308,,16,,0,0,1378648,677624,473256,1583016,2056192,16064.0,3.921875,tcp_two_process; p0_coeff_bit_ot_receiver; SPLIT_COEFF_OT; one_batched_Kos_chosen_message_OT; coordinate_scalar_fixed_prime_setup; local_expand; tcp_two_process; p1_coeff_bit_ot_sender; SPLIT_COEFF_OT; one_batched_Kos_chosen_message_OT; coordinate_scalar_fixed_prime_setup; local_expand
2026-07-26T05:54:51.241102+00:00,4a917afb6ebeca9bce885fae7f25d0ac0264ecb6,RMVOLE_NET_BENCH,RM_COORD_OPT,coordinate,split-input-coeff-ot,LOCAL_TCP,tcp-loopback,bench,6,0,OK,PASS,16,65536,64,128,8,705.23,1397.0310000000002,17.406000000000002,671.428,16.395,15.440000000000001,,16,,0,0,1378648,677624,473256,1583016,2056192,16064.0,3.921875,tcp_two_process; p0_coeff_bit_ot_receiver; SPLIT_COEFF_OT; one_batched_Kos_chosen_message_OT; coordinate_scalar_fixed_prime_setup; local_expand; tcp_two_process; p1_coeff_bit_ot_sender; SPLIT_COEFF_OT; one_batched_Kos_chosen_message_OT; coordinate_scalar_fixed_prime_setup; local_expand
2026-07-26T05:54:52.196925+00:00,4a917afb6ebeca9bce885fae7f25d0ac0264ecb6,RMVOLE_NET_BENCH,RM_COORD_OPT,coordinate,split-input-coeff-ot,LOCAL_TCP,tcp-loopback,bench,7,0,OK,PASS,16,65536,64,128,8,698.299,1377.165,25.487,655.6959999999999,17.117,16.105,,16,,0,0,1378648,677624,473256,1583016,2056192,16064.0,3.921875,tcp_two_process; p0_coeff_bit_ot_receiver; SPLIT_COEFF_OT; one_batched_Kos_chosen_message_OT; coordinate_scalar_fixed_prime_setup; local_expand; tcp_two_process; p1_coeff_bit_ot_sender; SPLIT_COEFF_OT; one_batched_Kos_chosen_message_OT; coordinate_scalar_fixed_prime_setup; local_expand
2026-07-26T05:54:53.152494+00:00,4a917afb6ebeca9bce885fae7f25d0ac0264ecb6,RMVOLE_NET_BENCH,RM_COORD_OPT,coordinate,split-input-coeff-ot,LOCAL_TCP,tcp-loopback,bench,8,0,OK,PASS,16,65536,64,128,8,687.275,1354.594,20.676,650.27,16.329,15.488999999999999,,16,,0,0,1378648,677624,473256,1583016,2056192,16064.0,3.921875,tcp_two_process; p0_coeff_bit_ot_receiver; SPLIT_COEFF_OT; one_batched_Kos_chosen_message_OT; coordinate_scalar_fixed_prime_setup; local_expand; tcp_two_process; p1_coeff_bit_ot_sender; SPLIT_COEFF_OT; one_batched_Kos_chosen_message_OT; coordinate_scalar_fixed_prime_setup; local_expand
2026-07-26T05:54:54.157704+00:00,4a917afb6ebeca9bce885fae7f25d0ac0264ecb6,RMVOLE_NET_BENCH,RM_COORD_OPT,coordinate,split-input-coeff-ot,LOCAL_TCP,tcp-loopback,bench,9,0,OK,PASS,16,65536,64,128,8,755.217,1494.27,20.826,718.117,16.275000000000002,17.889,,16,,0,0,1378648,677624,473256,1583016,2056192,16064.0,3.921875,tcp_two_process; p0_coeff_bit_ot_receiver; SPLIT_COEFF_OT; one_batched_Kos_chosen_message_OT; coordinate_scalar_fixed_prime_setup; local_expand; tcp_two_process; p1_coeff_bit_ot_sender; SPLIT_COEFF_OT; one_batched_Kos_chosen_message_OT; coordinate_scalar_fixed_prime_setup; local_expand
2026-07-26T05:54:54.762313+00:00,4a917afb6ebeca9bce885fae7f25d0ac0264ecb6,RMVOLE_NET_BENCH,RM_VECTOR_GENERIC_SPLIT,vector,split-input-vole,LOCAL_TCP,tcp-loopback,verify,-2,0,OK,PASS,16,65536,64,128,16,313.614,623.023,131.1,154.54399999999998,27.97,27.772000000000002,,2,,0,0,16812104,9059080,25733880,137448,8045392,62854.625,7.6726837158203125,"tcp_two_process; p0_noisy_vole_receiver; real_libOTe_NoisyVole_split_input_length_2t; F=array<u64,M>; G=u64; vector_fixed_prime_setup; local_expand; tcp_two_process; p1_noisy_vole_sender; real_libOTe_NoisyVole_split_input_length_2t; F=array<u64,M>; G=u64; vector_fixed_prime_setup; local_expand"
2026-07-26T05:54:55.367036+00:00,4a917afb6ebeca9bce885fae7f25d0ac0264ecb6,RMVOLE_NET_BENCH,RM_VECTOR_GENERIC_SPLIT,vector,split-input-vole,LOCAL_TCP,tcp-loopback,bench,-1,1,OK,PASS,16,65536,64,128,16,312.502,620.5840000000001,126.861,157.71099999999998,27.931,27.112000000000002,,2,,0,0,16812104,146312,16820968,137448,16958272,132486.5,16.17266845703125,"tcp_two_process; p0_noisy_vole_receiver; real_libOTe_NoisyVole_split_input_length_2t; F=array<u64,M>; G=u64; vector_fixed_prime_setup; local_expand; tcp_two_process; p1_noisy_vole_sender; real_libOTe_NoisyVole_split_input_length_2t; F=array<u64,M>; G=u64; vector_fixed_prime_setup; local_expand"
2026-07-26T05:54:55.971738+00:00,4a917afb6ebeca9bce885fae7f25d0ac0264ecb6,RMVOLE_NET_BENCH,RM_VECTOR_GENERIC_SPLIT,vector,split-input-vole,LOCAL_TCP,tcp-loopback,bench,0,0,OK,PASS,16,65536,64,128,16,322.004,643.174,133.28400000000002,157.228,30.658,27.604,,2,,0,0,16812104,146312,16820968,137448,16958272,132486.5,16.17266845703125,"tcp_two_process; p0_noisy_vole_receiver; real_libOTe_NoisyVole_split_input_length_2t; F=array<u64,M>; G=u64; vector_fixed_prime_setup; local_expand; tcp_two_process; p1_noisy_vole_sender; real_libOTe_NoisyVole_split_input_length_2t; F=array<u64,M>; G=u64; vector_fixed_prime_setup; local_expand"
2026-07-26T05:54:56.576370+00:00,4a917afb6ebeca9bce885fae7f25d0ac0264ecb6,RMVOLE_NET_BENCH,RM_VECTOR_GENERIC_SPLIT,vector,split-input-vole,LOCAL_TCP,tcp-loopback,bench,1,0,OK,PASS,16,65536,64,128,16,302.21999999999997,600.537,123.25800000000001,152.364,26.598,25.842,,2,,0,0,16812104,146312,16820968,137448,16958272,132486.5,16.17266845703125,"tcp_two_process; p0_noisy_vole_receiver; real_libOTe_NoisyVole_split_input_length_2t; F=array<u64,M>; G=u64; vector_fixed_prime_setup; local_expand; tcp_two_process; p1_noisy_vole_sender; real_libOTe_NoisyVole_split_input_length_2t; F=array<u64,M>; G=u64; vector_fixed_prime_setup; local_expand"
2026-07-26T05:54:57.180972+00:00,4a917afb6ebeca9bce885fae7f25d0ac0264ecb6,RMVOLE_NET_BENCH,RM_VECTOR_GENERIC_SPLIT,vector,split-input-vole,LOCAL_TCP,tcp-loopback,bench,2,0,OK,PASS,16,65536,64,128,16,302.042,599.262,124.325,151.149,26.568,25.498,,2,,0,0,16812104,146312,16820968,137448,16958272,132486.5,16.17266845703125,"tcp_two_process; p0_noisy_vole_receiver; real_libOTe_NoisyVole_split_input_length_2t; F=array<u64,M>; G=u64; vector_fixed_prime_setup; local_expand; tcp_two_process; p1_noisy_vole_sender; real_libOTe_NoisyVole_split_input_length_2t; F=array<u64,M>; G=u64; vector_fixed_prime_setup; local_expand"
2026-07-26T05:54:57.785280+00:00,4a917afb6ebeca9bce885fae7f25d0ac0264ecb6,RMVOLE_NET_BENCH,RM_VECTOR_GENERIC_SPLIT,vector,split-input-vole,LOCAL_TCP,tcp-loopback,bench,3,0,OK,PASS,16,65536,64,128,16,326.324,646.361,137.336,159.20999999999998,29.778,26.394000000000002,,2,,0,0,16812104,146312,16820968,137448,16958272,132486.5,16.17266845703125,"tcp_two_process; p0_noisy_vole_receiver; real_libOTe_NoisyVole_split_input_length_2t; F=array<u64,M>; G=u64; vector_fixed_prime_setup; local_expand; tcp_two_process; p1_noisy_vole_sender; real_libOTe_NoisyVole_split_input_length_2t; F=array<u64,M>; G=u64; vector_fixed_prime_setup; local_expand"
2026-07-26T05:54:58.389764+00:00,4a917afb6ebeca9bce885fae7f25d0ac0264ecb6,RMVOLE_NET_BENCH,RM_VECTOR_GENERIC_SPLIT,vector,split-input-vole,LOCAL_TCP,tcp-loopback,bench,4,0,OK,PASS,16,65536,64,128,16,300.38300000000004,598.066,124.342,149.538,26.503,25.519,,2,,0,0,16812104,146312,16820968,137448,16958272,132486.5,16.17266845703125,"tcp_two_process; p0_noisy_vole_receiver; real_libOTe_NoisyVole_split_input_length_2t; F=array<u64,M>; G=u64; vector_fixed_prime_setup; local_expand; tcp_two_process; p1_noisy_vole_sender; real_libOTe_NoisyVole_split_input_length_2t; F=array<u64,M>; G=u64; vector_fixed_prime_setup; local_expand"
2026-07-26T05:54:58.994483+00:00,4a917afb6ebeca9bce885fae7f25d0ac0264ecb6,RMVOLE_NET_BENCH,RM_VECTOR_GENERIC_SPLIT,vector,split-input-vole,LOCAL_TCP,tcp-loopback,bench,5,0,OK,PASS,16,65536,64,128,16,315.204,629.9889999999999,129.791,158.34699999999998,27.066,25.793,,2,,0,0,16812104,146312,16820968,137448,16958272,132486.5,16.17266845703125,"tcp_two_process; p0_noisy_vole_receiver; real_libOTe_NoisyVole_split_input_length_2t; F=array<u64,M>; G=u64; vector_fixed_prime_setup; local_expand; tcp_two_process; p1_noisy_vole_sender; real_libOTe_NoisyVole_split_input_length_2t; F=array<u64,M>; G=u64; vector_fixed_prime_setup; local_expand"
2026-07-26T05:54:59.599068+00:00,4a917afb6ebeca9bce885fae7f25d0ac0264ecb6,RMVOLE_NET_BENCH,RM_VECTOR_GENERIC_SPLIT,vector,split-input-vole,LOCAL_TCP,tcp-loopback,bench,6,0,OK,PASS,16,65536,64,128,16,316.152,627.136,129.516,155.517,31.119999999999997,26.020000000000003,,2,,0,0,16812104,146312,16820968,137448,16958272,132486.5,16.17266845703125,"tcp_two_process; p0_noisy_vole_receiver; real_libOTe_NoisyVole_split_input_length_2t; F=array<u64,M>; G=u64; vector_fixed_prime_setup; local_expand; tcp_two_process; p1_noisy_vole_sender; real_libOTe_NoisyVole_split_input_length_2t; F=array<u64,M>; G=u64; vector_fixed_prime_setup; local_expand"
2026-07-26T05:55:00.204014+00:00,4a917afb6ebeca9bce885fae7f25d0ac0264ecb6,RMVOLE_NET_BENCH,RM_VECTOR_GENERIC_SPLIT,vector,split-input-vole,LOCAL_TCP,tcp-loopback,bench,7,0,OK,PASS,16,65536,64,128,16,311.10900000000004,619.7589999999999,129.471,152.2,26.979,25.96,,2,,0,0,16812104,146312,16820968,137448,16958272,132486.5,16.17266845703125,"tcp_two_process; p0_noisy_vole_receiver; real_libOTe_NoisyVole_split_input_length_2t; F=array<u64,M>; G=u64; vector_fixed_prime_setup; local_expand; tcp_two_process; p1_noisy_vole_sender; real_libOTe_NoisyVole_split_input_length_2t; F=array<u64,M>; G=u64; vector_fixed_prime_setup; local_expand"
2026-07-26T05:55:00.859220+00:00,4a917afb6ebeca9bce885fae7f25d0ac0264ecb6,RMVOLE_NET_BENCH,RM_VECTOR_GENERIC_SPLIT,vector,split-input-vole,LOCAL_TCP,tcp-loopback,bench,8,0,OK,PASS,16,65536,64,128,16,352.154,703.543,140.16400000000002,179.382,32.607,31.029,,2,,0,0,16812104,146312,16820968,137448,16958272,132486.5,16.17266845703125,"tcp_two_process; p0_noisy_vole_receiver; real_libOTe_NoisyVole_split_input_length_2t; F=array<u64,M>; G=u64; vector_fixed_prime_setup; local_expand; tcp_two_process; p1_noisy_vole_sender; real_libOTe_NoisyVole_split_input_length_2t; F=array<u64,M>; G=u64; vector_fixed_prime_setup; local_expand"
2026-07-26T05:55:01.513826+00:00,4a917afb6ebeca9bce885fae7f25d0ac0264ecb6,RMVOLE_NET_BENCH,RM_VECTOR_GENERIC_SPLIT,vector,split-input-vole,LOCAL_TCP,tcp-loopback,bench,9,0,OK,PASS,16,65536,64,128,16,368.778,727.521,147.48,187.506,33.792,29.097,,2,,0,0,16812104,146312,16820968,137448,16958272,132486.5,16.17266845703125,"tcp_two_process; p0_noisy_vole_receiver; real_libOTe_NoisyVole_split_input_length_2t; F=array<u64,M>; G=u64; vector_fixed_prime_setup; local_expand; tcp_two_process; p1_noisy_vole_sender; real_libOTe_NoisyVole_split_input_length_2t; F=array<u64,M>; G=u64; vector_fixed_prime_setup; local_expand"
2026-07-26T05:55:03.370275+00:00,4a917afb6ebeca9bce885fae7f25d0ac0264ecb6,RMVOLE_NET_BENCH,RM_COORD_GENERIC_SPLIT,coordinate,split-input-vole,LOCAL_TCP,tcp-loopback,verify,-2,0,OK,PASS,16,65536,64,128,16,1564.8899999999999,3114.314,140.68,1377.192,31.552999999999997,30.802,,32,,0,0,16812104,10267960,26386680,693528,9254272,72299.0,8.8255615234375,"tcp_two_process; p0_noisy_vole_receiver; real_libOTe_NoisyVole_split_input_length_2t; F=array<u64,M>; G=u64; coordinate_scalar_fixed_prime_setup; local_expand; tcp_two_process; p1_noisy_vole_sender; real_libOTe_NoisyVole_split_input_length_2t; F=array<u64,M>; G=u64; coordinate_scalar_fixed_prime_setup; local_expand"
2026-07-26T05:55:05.177473+00:00,4a917afb6ebeca9bce885fae7f25d0ac0264ecb6,RMVOLE_NET_BENCH,RM_COORD_GENERIC_SPLIT,coordinate,split-input-vole,LOCAL_TCP,tcp-loopback,bench,-1,1,OK,PASS,16,65536,64,128,16,1505.232,3008.334,128.852,1343.277,30.972,33.518,,32,,0,0,16812104,1355192,17473768,693528,18167152,141930.875,17.325546264648438,"tcp_two_process; p0_noisy_vole_receiver; real_libOTe_NoisyVole_split_input_length_2t; F=array<u64,M>; G=u64; coordinate_scalar_fixed_prime_setup; local_expand; tcp_two_process; p1_noisy_vole_sender; real_libOTe_NoisyVole_split_input_length_2t; F=array<u64,M>; G=u64; coordinate_scalar_fixed_prime_setup; local_expand"
2026-07-26T05:55:07.084685+00:00,4a917afb6ebeca9bce885fae7f25d0ac0264ecb6,RMVOLE_NET_BENCH,RM_COORD_GENERIC_SPLIT,coordinate,split-input-vole,LOCAL_TCP,tcp-loopback,bench,0,0,OK,PASS,16,65536,64,128,16,1604.294,3202.605,125.54399999999998,1443.62,35.13,30.432000000000002,,32,,0,0,16812104,1355192,17473768,693528,18167152,141930.875,17.325546264648438,"tcp_two_process; p0_noisy_vole_receiver; real_libOTe_NoisyVole_split_input_length_2t; F=array<u64,M>; G=u64; coordinate_scalar_fixed_prime_setup; local_expand; tcp_two_process; p1_noisy_vole_sender; real_libOTe_NoisyVole_split_input_length_2t; F=array<u64,M>; G=u64; coordinate_scalar_fixed_prime_setup; local_expand"
2026-07-26T05:55:08.892174+00:00,4a917afb6ebeca9bce885fae7f25d0ac0264ecb6,RMVOLE_NET_BENCH,RM_COORD_GENERIC_SPLIT,coordinate,split-input-vole,LOCAL_TCP,tcp-loopback,bench,1,0,OK,PASS,16,65536,64,128,16,1501.872,2988.8570000000004,128.54399999999998,1326.793,31.648000000000003,30.887999999999998,,32,,0,0,16812104,1355192,17473768,693528,18167152,141930.875,17.325546264648438,"tcp_two_process; p0_noisy_vole_receiver; real_libOTe_NoisyVole_split_input_length_2t; F=array<u64,M>; G=u64; coordinate_scalar_fixed_prime_setup; local_expand; tcp_two_process; p1_noisy_vole_sender; real_libOTe_NoisyVole_split_input_length_2t; F=array<u64,M>; G=u64; coordinate_scalar_fixed_prime_setup; local_expand"
2026-07-26T05:55:10.900072+00:00,4a917afb6ebeca9bce885fae7f25d0ac0264ecb6,RMVOLE_NET_BENCH,RM_COORD_GENERIC_SPLIT,coordinate,split-input-vole,LOCAL_TCP,tcp-loopback,bench,2,0,OK,PASS,16,65536,64,128,16,1716.3010000000002,3430.6440000000002,137.905,1546.854,31.542,33.001999999999995,,32,,0,0,16812104,1355192,17473768,693528,18167152,141930.875,17.325546264648438,"tcp_two_process; p0_noisy_vole_receiver; real_libOTe_NoisyVole_split_input_length_2t; F=array<u64,M>; G=u64; coordinate_scalar_fixed_prime_setup; local_expand; tcp_two_process; p1_noisy_vole_sender; real_libOTe_NoisyVole_split_input_length_2t; F=array<u64,M>; G=u64; coordinate_scalar_fixed_prime_setup; local_expand"
2026-07-26T05:55:12.656461+00:00,4a917afb6ebeca9bce885fae7f25d0ac0264ecb6,RMVOLE_NET_BENCH,RM_COORD_GENERIC_SPLIT,coordinate,split-input-vole,LOCAL_TCP,tcp-loopback,bench,3,0,OK,PASS,16,65536,64,128,16,1496.0739999999998,2986.7999999999997,129.08700000000002,1335.484,31.503000000000004,30.803,,32,,0,0,16812104,1355192,17473768,693528,18167152,141930.875,17.325546264648438,"tcp_two_process; p0_noisy_vole_receiver; real_libOTe_NoisyVole_split_input_length_2t; F=array<u64,M>; G=u64; coordinate_scalar_fixed_prime_setup; local_expand; tcp_two_process; p1_noisy_vole_sender; real_libOTe_NoisyVole_split_input_length_2t; F=array<u64,M>; G=u64; coordinate_scalar_fixed_prime_setup; local_expand"
2026-07-26T05:55:14.413833+00:00,4a917afb6ebeca9bce885fae7f25d0ac0264ecb6,RMVOLE_NET_BENCH,RM_COORD_GENERIC_SPLIT,coordinate,split-input-vole,LOCAL_TCP,tcp-loopback,bench,4,0,OK,PASS,16,65536,64,128,16,1493.817,2981.8439999999996,162.964,1299.369,31.483999999999998,30.468,,32,,0,0,16812104,1355192,17473768,693528,18167152,141930.875,17.325546264648438,"tcp_two_process; p0_noisy_vole_receiver; real_libOTe_NoisyVole_split_input_length_2t; F=array<u64,M>; G=u64; coordinate_scalar_fixed_prime_setup; local_expand; tcp_two_process; p1_noisy_vole_sender; real_libOTe_NoisyVole_split_input_length_2t; F=array<u64,M>; G=u64; coordinate_scalar_fixed_prime_setup; local_expand"
2026-07-26T05:55:16.220575+00:00,4a917afb6ebeca9bce885fae7f25d0ac0264ecb6,RMVOLE_NET_BENCH,RM_COORD_GENERIC_SPLIT,coordinate,split-input-vole,LOCAL_TCP,tcp-loopback,bench,5,0,OK,PASS,16,65536,64,128,16,1534.533,3063.342,125.73400000000001,1375.1660000000002,33.633,30.547,,32,,0,0,16812104,1355192,17473768,693528,18167152,141930.875,17.325546264648438,"tcp_two_process; p0_noisy_vole_receiver; real_libOTe_NoisyVole_split_input_length_2t; F=array<u64,M>; G=u64; coordinate_scalar_fixed_prime_setup; local_expand; tcp_two_process; p1_noisy_vole_sender; real_libOTe_NoisyVole_split_input_length_2t; F=array<u64,M>; G=u64; coordinate_scalar_fixed_prime_setup; local_expand"
2026-07-26T05:55:17.977284+00:00,4a917afb6ebeca9bce885fae7f25d0ac0264ecb6,RMVOLE_NET_BENCH,RM_COORD_GENERIC_SPLIT,coordinate,split-input-vole,LOCAL_TCP,tcp-loopback,bench,6,0,OK,PASS,16,65536,64,128,16,1497.0710000000001,2991.727,125.57799999999999,1340.3220000000001,31.171,30.451,,32,,0,0,16812104,1355192,17473768,693528,18167152,141930.875,17.325546264648438,"tcp_two_process; p0_noisy_vole_receiver; real_libOTe_NoisyVole_split_input_length_2t; F=array<u64,M>; G=u64; coordinate_scalar_fixed_prime_setup; local_expand; tcp_two_process; p1_noisy_vole_sender; real_libOTe_NoisyVole_split_input_length_2t; F=array<u64,M>; G=u64; coordinate_scalar_fixed_prime_setup; local_expand"
2026-07-26T05:55:19.884537+00:00,4a917afb6ebeca9bce885fae7f25d0ac0264ecb6,RMVOLE_NET_BENCH,RM_COORD_GENERIC_SPLIT,coordinate,split-input-vole,LOCAL_TCP,tcp-loopback,bench,7,0,OK,PASS,16,65536,64,128,16,1619.723,3237.689,125.43599999999999,1463.368,30.918999999999997,30.168,,32,,0,0,16812104,1355192,17473768,693528,18167152,141930.875,17.325546264648438,"tcp_two_process; p0_noisy_vole_receiver; real_libOTe_NoisyVole_split_input_length_2t; F=array<u64,M>; G=u64; coordinate_scalar_fixed_prime_setup; local_expand; tcp_two_process; p1_noisy_vole_sender; real_libOTe_NoisyVole_split_input_length_2t; F=array<u64,M>; G=u64; coordinate_scalar_fixed_prime_setup; local_expand"
2026-07-26T05:55:21.749947+00:00,4a917afb6ebeca9bce885fae7f25d0ac0264ecb6,RMVOLE_NET_BENCH,RM_COORD_GENERIC_SPLIT,coordinate,split-input-vole,LOCAL_TCP,tcp-loopback,bench,8,0,OK,PASS,16,65536,64,128,16,1577.275,3149.752,127.328,1418.2939999999999,31.653000000000002,30.544999999999998,,32,,0,0,16812104,1355192,17473768,693528,18167152,141930.875,17.325546264648438,"tcp_two_process; p0_noisy_vole_receiver; real_libOTe_NoisyVole_split_input_length_2t; F=array<u64,M>; G=u64; coordinate_scalar_fixed_prime_setup; local_expand; tcp_two_process; p1_noisy_vole_sender; real_libOTe_NoisyVole_split_input_length_2t; F=array<u64,M>; G=u64; coordinate_scalar_fixed_prime_setup; local_expand"
2026-07-26T05:55:23.509459+00:00,4a917afb6ebeca9bce885fae7f25d0ac0264ecb6,RMVOLE_NET_BENCH,RM_COORD_GENERIC_SPLIT,coordinate,split-input-vole,LOCAL_TCP,tcp-loopback,bench,9,0,OK,PASS,16,65536,64,128,16,1498.591,2982.0979999999995,125.65899999999999,1340.306,32.626000000000005,31.487000000000002,,32,,0,0,16812104,1355192,17473768,693528,18167152,141930.875,17.325546264648438,"tcp_two_process; p0_noisy_vole_receiver; real_libOTe_NoisyVole_split_input_length_2t; F=array<u64,M>; G=u64; coordinate_scalar_fixed_prime_setup; local_expand; tcp_two_process; p1_noisy_vole_sender; real_libOTe_NoisyVole_split_input_length_2t; F=array<u64,M>; G=u64; coordinate_scalar_fixed_prime_setup; local_expand"
2026-07-26T05:55:24.015407+00:00,4a917afb6ebeca9bce885fae7f25d0ac0264ecb6,RMVOLE_NET_BENCH,RM_VECTOR_OPT,vector,split-input-coeff-ot,LOCAL_TCP,tcp-loopback,verify,-2,0,OK,PASS,16,65536,64,128,16,178.13000000000002,337.55999999999995,23.282,127.28999999999999,27.559,25.992,,2,,0,0,2378072,9059080,9081592,2355704,0,0.0,0.0,tcp_two_process; p0_coeff_bit_ot_receiver; SPLIT_COEFF_OT; one_batched_Kos_chosen_message_OT; vector_fixed_prime_setup; local_expand; tcp_two_process; p1_coeff_bit_ot_sender; SPLIT_COEFF_OT; one_batched_Kos_chosen_message_OT; vector_fixed_prime_setup; local_expand
2026-07-26T05:55:24.469616+00:00,4a917afb6ebeca9bce885fae7f25d0ac0264ecb6,RMVOLE_NET_BENCH,RM_VECTOR_OPT,vector,split-input-coeff-ot,LOCAL_TCP,tcp-loopback,bench,-1,1,OK,PASS,16,65536,64,128,16,172.47799999999998,328.872,20.433,125.287,26.756999999999998,26.354,,2,,0,0,2378072,146312,168680,2355704,2524240,19720.625,2.4073028564453125,tcp_two_process; p0_coeff_bit_ot_receiver; SPLIT_COEFF_OT; one_batched_Kos_chosen_message_OT; vector_fixed_prime_setup; local_expand; tcp_two_process; p1_coeff_bit_ot_sender; SPLIT_COEFF_OT; one_batched_Kos_chosen_message_OT; vector_fixed_prime_setup; local_expand
2026-07-26T05:55:24.924137+00:00,4a917afb6ebeca9bce885fae7f25d0ac0264ecb6,RMVOLE_NET_BENCH,RM_VECTOR_OPT,vector,split-input-coeff-ot,LOCAL_TCP,tcp-loopback,bench,0,0,OK,PASS,16,65536,64,128,16,174.26500000000001,329.833,19.712,125.62100000000001,28.933,25.911,,2,,0,0,2378072,146312,168680,2355704,2524240,19720.625,2.4073028564453125,tcp_two_process; p0_coeff_bit_ot_receiver; SPLIT_COEFF_OT; one_batched_Kos_chosen_message_OT; vector_fixed_prime_setup; local_expand; tcp_two_process; p1_coeff_bit_ot_sender; SPLIT_COEFF_OT; one_batched_Kos_chosen_message_OT; vector_fixed_prime_setup; local_expand
2026-07-26T05:55:25.378243+00:00,4a917afb6ebeca9bce885fae7f25d0ac0264ecb6,RMVOLE_NET_BENCH,RM_VECTOR_OPT,vector,split-input-coeff-ot,LOCAL_TCP,tcp-loopback,bench,1,0,OK,PASS,16,65536,64,128,16,173.76500000000001,334.764,14.075000000000001,128.039,31.651,26.747,,2,,0,0,2378072,146312,168680,2355704,2524240,19720.625,2.4073028564453125,tcp_two_process; p0_coeff_bit_ot_receiver; SPLIT_COEFF_OT; one_batched_Kos_chosen_message_OT; vector_fixed_prime_setup; local_expand; tcp_two_process; p1_coeff_bit_ot_sender; SPLIT_COEFF_OT; one_batched_Kos_chosen_message_OT; vector_fixed_prime_setup; local_expand
2026-07-26T05:55:25.832311+00:00,4a917afb6ebeca9bce885fae7f25d0ac0264ecb6,RMVOLE_NET_BENCH,RM_VECTOR_OPT,vector,split-input-coeff-ot,LOCAL_TCP,tcp-loopback,bench,2,0,OK,PASS,16,65536,64,128,16,165.99800000000002,317.18100000000004,21.389,117.805,26.804000000000002,25.211000000000002,,2,,0,0,2378072,146312,168680,2355704,2524240,19720.625,2.4073028564453125,tcp_two_process; p0_coeff_bit_ot_receiver; SPLIT_COEFF_OT; one_batched_Kos_chosen_message_OT; vector_fixed_prime_setup; local_expand; tcp_two_process; p1_coeff_bit_ot_sender; SPLIT_COEFF_OT; one_batched_Kos_chosen_message_OT; vector_fixed_prime_setup; local_expand
2026-07-26T05:55:26.286072+00:00,4a917afb6ebeca9bce885fae7f25d0ac0264ecb6,RMVOLE_NET_BENCH,RM_VECTOR_OPT,vector,split-input-coeff-ot,LOCAL_TCP,tcp-loopback,bench,3,0,OK,PASS,16,65536,64,128,16,173.715,324.426,19.23,127.75900000000001,26.726,25.639,,2,,0,0,2378072,146312,168680,2355704,2524240,19720.625,2.4073028564453125,tcp_two_process; p0_coeff_bit_ot_receiver; SPLIT_COEFF_OT; one_batched_Kos_chosen_message_OT; vector_fixed_prime_setup; local_expand; tcp_two_process; p1_coeff_bit_ot_sender; SPLIT_COEFF_OT; one_batched_Kos_chosen_message_OT; vector_fixed_prime_setup; local_expand
2026-07-26T05:55:26.739557+00:00,4a917afb6ebeca9bce885fae7f25d0ac0264ecb6,RMVOLE_NET_BENCH,RM_VECTOR_OPT,vector,split-input-coeff-ot,LOCAL_TCP,tcp-loopback,bench,4,0,OK,PASS,16,65536,64,128,16,168.285,316.69599999999997,21.852,119.811,26.622,25.409000000000002,,2,,0,0,2378072,146312,168680,2355704,2524240,19720.625,2.4073028564453125,tcp_two_process; p0_coeff_bit_ot_receiver; SPLIT_COEFF_OT; one_batched_Kos_chosen_message_OT; vector_fixed_prime_setup; local_expand; tcp_two_process; p1_coeff_bit_ot_sender; SPLIT_COEFF_OT; one_batched_Kos_chosen_message_OT; vector_fixed_prime_setup; local_expand
2026-07-26T05:55:27.193273+00:00,4a917afb6ebeca9bce885fae7f25d0ac0264ecb6,RMVOLE_NET_BENCH,RM_VECTOR_OPT,vector,split-input-coeff-ot,LOCAL_TCP,tcp-loopback,bench,5,0,OK,PASS,16,65536,64,128,16,179.617,339.99199999999996,19.622,132.322,27.673,25.728,,2,,0,0,2378072,146312,168680,2355704,2524240,19720.625,2.4073028564453125,tcp_two_process; p0_coeff_bit_ot_receiver; SPLIT_COEFF_OT; one_batched_Kos_chosen_message_OT; vector_fixed_prime_setup; local_expand; tcp_two_process; p1_coeff_bit_ot_sender; SPLIT_COEFF_OT; one_batched_Kos_chosen_message_OT; vector_fixed_prime_setup; local_expand
2026-07-26T05:55:27.647353+00:00,4a917afb6ebeca9bce885fae7f25d0ac0264ecb6,RMVOLE_NET_BENCH,RM_VECTOR_OPT,vector,split-input-coeff-ot,LOCAL_TCP,tcp-loopback,bench,6,0,OK,PASS,16,65536,64,128,16,175.975,335.489,21.409000000000002,126.537,28.029,26.984,,2,,0,0,2378072,146312,168680,2355704,2524240,19720.625,2.4073028564453125,tcp_two_process; p0_coeff_bit_ot_receiver; SPLIT_COEFF_OT; one_batched_Kos_chosen_message_OT; vector_fixed_prime_setup; local_expand; tcp_two_process; p1_coeff_bit_ot_sender; SPLIT_COEFF_OT; one_batched_Kos_chosen_message_OT; vector_fixed_prime_setup; local_expand
2026-07-26T05:55:28.101672+00:00,4a917afb6ebeca9bce885fae7f25d0ac0264ecb6,RMVOLE_NET_BENCH,RM_VECTOR_OPT,vector,split-input-coeff-ot,LOCAL_TCP,tcp-loopback,bench,7,0,OK,PASS,16,65536,64,128,16,177.698,338.574,22.192,126.18599999999999,29.321,27.426,,2,,0,0,2378072,146312,168680,2355704,2524240,19720.625,2.4073028564453125,tcp_two_process; p0_coeff_bit_ot_receiver; SPLIT_COEFF_OT; one_batched_Kos_chosen_message_OT; vector_fixed_prime_setup; local_expand; tcp_two_process; p1_coeff_bit_ot_sender; SPLIT_COEFF_OT; one_batched_Kos_chosen_message_OT; vector_fixed_prime_setup; local_expand
2026-07-26T05:55:28.555690+00:00,4a917afb6ebeca9bce885fae7f25d0ac0264ecb6,RMVOLE_NET_BENCH,RM_VECTOR_OPT,vector,split-input-coeff-ot,LOCAL_TCP,tcp-loopback,bench,8,0,OK,PASS,16,65536,64,128,16,172.845,329.458,20.506,125.529,26.811,25.354000000000003,,2,,0,0,2378072,146312,168680,2355704,2524240,19720.625,2.4073028564453125,tcp_two_process; p0_coeff_bit_ot_receiver; SPLIT_COEFF_OT; one_batched_Kos_chosen_message_OT; vector_fixed_prime_setup; local_expand; tcp_two_process; p1_coeff_bit_ot_sender; SPLIT_COEFF_OT; one_batched_Kos_chosen_message_OT; vector_fixed_prime_setup; local_expand
2026-07-26T05:55:29.009661+00:00,4a917afb6ebeca9bce885fae7f25d0ac0264ecb6,RMVOLE_NET_BENCH,RM_VECTOR_OPT,vector,split-input-coeff-ot,LOCAL_TCP,tcp-loopback,bench,9,0,OK,PASS,16,65536,64,128,16,179.017,346.49399999999997,18.794,133.286,26.936999999999998,25.517000000000003,,2,,0,0,2378072,146312,168680,2355704,2524240,19720.625,2.4073028564453125,tcp_two_process; p0_coeff_bit_ot_receiver; SPLIT_COEFF_OT; one_batched_Kos_chosen_message_OT; vector_fixed_prime_setup; local_expand; tcp_two_process; p1_coeff_bit_ot_sender; SPLIT_COEFF_OT; one_batched_Kos_chosen_message_OT; vector_fixed_prime_setup; local_expand
2026-07-26T05:55:30.665479+00:00,4a917afb6ebeca9bce885fae7f25d0ac0264ecb6,RMVOLE_NET_BENCH,RM_COORD_OPT,coordinate,split-input-coeff-ot,LOCAL_TCP,tcp-loopback,verify,-2,0,OK,PASS,16,65536,64,128,16,1357.922,2697.741,21.805999999999997,1303.413,32.70399999999999,32.974000000000004,,32,,0,0,2378072,10267960,9734392,2911784,0,0.0,0.0,tcp_two_process; p0_coeff_bit_ot_receiver; SPLIT_COEFF_OT; one_batched_Kos_chosen_message_OT; coordinate_scalar_fixed_prime_setup; local_expand; tcp_two_process; p1_coeff_bit_ot_sender; SPLIT_COEFF_OT; one_batched_Kos_chosen_message_OT; coordinate_scalar_fixed_prime_setup; local_expand
2026-07-26T05:55:32.271197+00:00,4a917afb6ebeca9bce885fae7f25d0ac0264ecb6,RMVOLE_NET_BENCH,RM_COORD_OPT,coordinate,split-input-coeff-ot,LOCAL_TCP,tcp-loopback,bench,-1,1,OK,PASS,16,65536,64,128,16,1301.809,2584.7920000000004,21.572999999999997,1247.769,32.467999999999996,31.137,,32,,0,0,2378072,1355192,821480,2911784,3733120,29165.0,3.5601806640625,tcp_two_process; p0_coeff_bit_ot_receiver; SPLIT_COEFF_OT; one_batched_Kos_chosen_message_OT; coordinate_scalar_fixed_prime_setup; local_expand; tcp_two_process; p1_coeff_bit_ot_sender; SPLIT_COEFF_OT; one_batched_Kos_chosen_message_OT; coordinate_scalar_fixed_prime_setup; local_expand
2026-07-26T05:55:33.876790+00:00,4a917afb6ebeca9bce885fae7f25d0ac0264ecb6,RMVOLE_NET_BENCH,RM_COORD_OPT,coordinate,split-input-coeff-ot,LOCAL_TCP,tcp-loopback,bench,0,0,OK,PASS,16,65536,64,128,16,1304.865,2588.435,25.026,1248.4599999999998,31.378999999999998,30.306,,32,,0,0,2378072,1355192,821480,2911784,3733120,29165.0,3.5601806640625,tcp_two_process; p0_coeff_bit_ot_receiver; SPLIT_COEFF_OT; one_batched_Kos_chosen_message_OT; coordinate_scalar_fixed_prime_setup; local_expand; tcp_two_process; p1_coeff_bit_ot_sender; SPLIT_COEFF_OT; one_batched_Kos_chosen_message_OT; coordinate_scalar_fixed_prime_setup; local_expand
2026-07-26T05:55:35.482416+00:00,4a917afb6ebeca9bce885fae7f25d0ac0264ecb6,RMVOLE_NET_BENCH,RM_COORD_OPT,coordinate,split-input-coeff-ot,LOCAL_TCP,tcp-loopback,bench,1,0,OK,PASS,16,65536,64,128,16,1320.1499999999999,2624.59,18.995,1267.942,33.214,30.702,,32,,0,0,2378072,1355192,821480,2911784,3733120,29165.0,3.5601806640625,tcp_two_process; p0_coeff_bit_ot_receiver; SPLIT_COEFF_OT; one_batched_Kos_chosen_message_OT; coordinate_scalar_fixed_prime_setup; local_expand; tcp_two_process; p1_coeff_bit_ot_sender; SPLIT_COEFF_OT; one_batched_Kos_chosen_message_OT; coordinate_scalar_fixed_prime_setup; local_expand
2026-07-26T05:55:37.138670+00:00,4a917afb6ebeca9bce885fae7f25d0ac0264ecb6,RMVOLE_NET_BENCH,RM_COORD_OPT,coordinate,split-input-coeff-ot,LOCAL_TCP,tcp-loopback,bench,2,0,OK,PASS,16,65536,64,128,16,1352.1319999999998,2686.0229999999997,19.820999999999998,1299.414,32.897000000000006,30.958,,32,,0,0,2378072,1355192,821480,2911784,3733120,29165.0,3.5601806640625,tcp_two_process; p0_coeff_bit_ot_receiver; SPLIT_COEFF_OT; one_batched_Kos_chosen_message_OT; coordinate_scalar_fixed_prime_setup; local_expand; tcp_two_process; p1_coeff_bit_ot_sender; SPLIT_COEFF_OT; one_batched_Kos_chosen_message_OT; coordinate_scalar_fixed_prime_setup; local_expand
2026-07-26T05:55:38.744622+00:00,4a917afb6ebeca9bce885fae7f25d0ac0264ecb6,RMVOLE_NET_BENCH,RM_COORD_OPT,coordinate,split-input-coeff-ot,LOCAL_TCP,tcp-loopback,bench,3,0,OK,PASS,16,65536,64,128,16,1330.2,2640.0860000000002,26.809,1271.678,31.712999999999997,30.772000000000002,,32,,0,0,2378072,1355192,821480,2911784,3733120,29165.0,3.5601806640625,tcp_two_process; p0_coeff_bit_ot_receiver; SPLIT_COEFF_OT; one_batched_Kos_chosen_message_OT; coordinate_scalar_fixed_prime_setup; local_expand; tcp_two_process; p1_coeff_bit_ot_sender; SPLIT_COEFF_OT; one_batched_Kos_chosen_message_OT; coordinate_scalar_fixed_prime_setup; local_expand
2026-07-26T05:55:40.401520+00:00,4a917afb6ebeca9bce885fae7f25d0ac0264ecb6,RMVOLE_NET_BENCH,RM_COORD_OPT,coordinate,split-input-coeff-ot,LOCAL_TCP,tcp-loopback,bench,4,0,OK,PASS,16,65536,64,128,16,1357.292,2696.15,22.011,1303.149,32.133,30.53,,32,,0,0,2378072,1355192,821480,2911784,3733120,29165.0,3.5601806640625,tcp_two_process; p0_coeff_bit_ot_receiver; SPLIT_COEFF_OT; one_batched_Kos_chosen_message_OT; coordinate_scalar_fixed_prime_setup; local_expand; tcp_two_process; p1_coeff_bit_ot_sender; SPLIT_COEFF_OT; one_batched_Kos_chosen_message_OT; coordinate_scalar_fixed_prime_setup; local_expand
2026-07-26T05:55:42.157654+00:00,4a917afb6ebeca9bce885fae7f25d0ac0264ecb6,RMVOLE_NET_BENCH,RM_COORD_OPT,coordinate,split-input-coeff-ot,LOCAL_TCP,tcp-loopback,bench,5,0,OK,PASS,16,65536,64,128,16,1470.591,2919.3759999999997,20.836000000000002,1410.9989999999998,38.756,34.933,,32,,0,0,2378072,1355192,821480,2911784,3733120,29165.0,3.5601806640625,tcp_two_process; p0_coeff_bit_ot_receiver; SPLIT_COEFF_OT; one_batched_Kos_chosen_message_OT; coordinate_scalar_fixed_prime_setup; local_expand; tcp_two_process; p1_coeff_bit_ot_sender; SPLIT_COEFF_OT; one_batched_Kos_chosen_message_OT; coordinate_scalar_fixed_prime_setup; local_expand
2026-07-26T05:55:43.913422+00:00,4a917afb6ebeca9bce885fae7f25d0ac0264ecb6,RMVOLE_NET_BENCH,RM_COORD_OPT,coordinate,split-input-coeff-ot,LOCAL_TCP,tcp-loopback,bench,6,0,OK,PASS,16,65536,64,128,16,1451.657,2888.3559999999998,21.384,1398.882,31.39,30.575000000000003,,32,,0,0,2378072,1355192,821480,2911784,3733120,29165.0,3.5601806640625,tcp_two_process; p0_coeff_bit_ot_receiver; SPLIT_COEFF_OT; one_batched_Kos_chosen_message_OT; coordinate_scalar_fixed_prime_setup; local_expand; tcp_two_process; p1_coeff_bit_ot_sender; SPLIT_COEFF_OT; one_batched_Kos_chosen_message_OT; coordinate_scalar_fixed_prime_setup; local_expand
2026-07-26T05:55:45.569794+00:00,4a917afb6ebeca9bce885fae7f25d0ac0264ecb6,RMVOLE_NET_BENCH,RM_COORD_OPT,coordinate,split-input-coeff-ot,LOCAL_TCP,tcp-loopback,bench,7,0,OK,PASS,16,65536,64,128,16,1348.5240000000001,2680.39,21.114,1295.267,32.143,31.342000000000002,,32,,0,0,2378072,1355192,821480,2911784,3733120,29165.0,3.5601806640625,tcp_two_process; p0_coeff_bit_ot_receiver; SPLIT_COEFF_OT; one_batched_Kos_chosen_message_OT; coordinate_scalar_fixed_prime_setup; local_expand; tcp_two_process; p1_coeff_bit_ot_sender; SPLIT_COEFF_OT; one_batched_Kos_chosen_message_OT; coordinate_scalar_fixed_prime_setup; local_expand
2026-07-26T05:55:47.476171+00:00,4a917afb6ebeca9bce885fae7f25d0ac0264ecb6,RMVOLE_NET_BENCH,RM_COORD_OPT,coordinate,split-input-coeff-ot,LOCAL_TCP,tcp-loopback,bench,8,0,OK,PASS,16,65536,64,128,16,1605.356,3195.7839999999997,21.735,1548.3880000000001,35.233,34.07,,32,,0,0,2378072,1355192,821480,2911784,3733120,29165.0,3.5601806640625,tcp_two_process; p0_coeff_bit_ot_receiver; SPLIT_COEFF_OT; one_batched_Kos_chosen_message_OT; coordinate_scalar_fixed_prime_setup; local_expand; tcp_two_process; p1_coeff_bit_ot_sender; SPLIT_COEFF_OT; one_batched_Kos_chosen_message_OT; coordinate_scalar_fixed_prime_setup; local_expand
2026-07-26T05:55:49.182153+00:00,4a917afb6ebeca9bce885fae7f25d0ac0264ecb6,RMVOLE_NET_BENCH,RM_COORD_OPT,coordinate,split-input-coeff-ot,LOCAL_TCP,tcp-loopback,bench,9,0,OK,PASS,16,65536,64,128,16,1400.261,2787.0489999999995,20.239,1348.272,31.75,32.413,,32,,0,0,2378072,1355192,821480,2911784,3733120,29165.0,3.5601806640625,tcp_two_process; p0_coeff_bit_ot_receiver; SPLIT_COEFF_OT; one_batched_Kos_chosen_message_OT; coordinate_scalar_fixed_prime_setup; local_expand; tcp_two_process; p1_coeff_bit_ot_sender; SPLIT_COEFF_OT; one_batched_Kos_chosen_message_OT; coordinate_scalar_fixed_prime_setup; local_expand
2026-07-26T05:55:50.137146+00:00,4a917afb6ebeca9bce885fae7f25d0ac0264ecb6,RMVOLE_NET_BENCH,RM_VECTOR_GENERIC_SPLIT,vector,split-input-vole,LOCAL_TCP,tcp-loopback,verify,-2,0,OK,PASS,16,65536,64,128,32,620.487,1227.8259999999998,309.52000000000004,238.52599999999998,59.294,56.582,,2,,0,0,67178568,17513224,84454264,237800,50088784,391318.625,23.884193420410156,"tcp_two_process; p0_noisy_vole_receiver; real_libOTe_NoisyVole_split_input_length_2t; F=array<u64,M>; G=u64; vector_fixed_prime_setup; local_expand; tcp_two_process; p1_noisy_vole_sender; real_libOTe_NoisyVole_split_input_length_2t; F=array<u64,M>; G=u64; vector_fixed_prime_setup; local_expand"
2026-07-26T05:55:51.041743+00:00,4a917afb6ebeca9bce885fae7f25d0ac0264ecb6,RMVOLE_NET_BENCH,RM_VECTOR_GENERIC_SPLIT,vector,split-input-vole,LOCAL_TCP,tcp-loopback,bench,-1,1,OK,PASS,16,65536,64,128,32,603.1379999999999,1197.486,304.269,237.55,52.528,51.663000000000004,,2,,0,0,67178568,211976,67152744,237800,67390272,526486.5,32.134185791015625,"tcp_two_process; p0_noisy_vole_receiver; real_libOTe_NoisyVole_split_input_length_2t; F=array<u64,M>; G=u64; vector_fixed_prime_setup; local_expand; tcp_two_process; p1_noisy_vole_sender; real_libOTe_NoisyVole_split_input_length_2t; F=array<u64,M>; G=u64; vector_fixed_prime_setup; local_expand"
2026-07-26T05:55:51.996299+00:00,4a917afb6ebeca9bce885fae7f25d0ac0264ecb6,RMVOLE_NET_BENCH,RM_VECTOR_GENERIC_SPLIT,vector,split-input-vole,LOCAL_TCP,tcp-loopback,bench,0,0,OK,PASS,16,65536,64,128,32,622.4699999999999,1232.5439999999999,317.48199999999997,233.84199999999998,58.75,52.06,,2,,0,0,67178568,211976,67152744,237800,67390272,526486.5,32.134185791015625,"tcp_two_process; p0_noisy_vole_receiver; real_libOTe_NoisyVole_split_input_length_2t; F=array<u64,M>; G=u64; vector_fixed_prime_setup; local_expand; tcp_two_process; p1_noisy_vole_sender; real_libOTe_NoisyVole_split_input_length_2t; F=array<u64,M>; G=u64; vector_fixed_prime_setup; local_expand"
2026-07-26T05:55:52.951368+00:00,4a917afb6ebeca9bce885fae7f25d0ac0264ecb6,RMVOLE_NET_BENCH,RM_VECTOR_GENERIC_SPLIT,vector,split-input-vole,LOCAL_TCP,tcp-loopback,bench,1,0,OK,PASS,16,65536,64,128,32,619.509,1219.3079999999998,305.996,238.664,55.139,55.857,,2,,0,0,67178568,211976,67152744,237800,67390272,526486.5,32.134185791015625,"tcp_two_process; p0_noisy_vole_receiver; real_libOTe_NoisyVole_split_input_length_2t; F=array<u64,M>; G=u64; vector_fixed_prime_setup; local_expand; tcp_two_process; p1_noisy_vole_sender; real_libOTe_NoisyVole_split_input_length_2t; F=array<u64,M>; G=u64; vector_fixed_prime_setup; local_expand"
2026-07-26T05:55:53.906500+00:00,4a917afb6ebeca9bce885fae7f25d0ac0264ecb6,RMVOLE_NET_BENCH,RM_VECTOR_GENERIC_SPLIT,vector,split-input-vole,LOCAL_TCP,tcp-loopback,bench,2,0,OK,PASS,16,65536,64,128,32,646.798,1260.847,311.421,243.316,59.312,58.071,,2,,0,0,67178568,211976,67152744,237800,67390272,526486.5,32.134185791015625,"tcp_two_process; p0_noisy_vole_receiver; real_libOTe_NoisyVole_split_input_length_2t; F=array<u64,M>; G=u64; vector_fixed_prime_setup; local_expand; tcp_two_process; p1_noisy_vole_sender; real_libOTe_NoisyVole_split_input_length_2t; F=array<u64,M>; G=u64; vector_fixed_prime_setup; local_expand"
2026-07-26T05:55:54.861487+00:00,4a917afb6ebeca9bce885fae7f25d0ac0264ecb6,RMVOLE_NET_BENCH,RM_VECTOR_GENERIC_SPLIT,vector,split-input-vole,LOCAL_TCP,tcp-loopback,bench,3,0,OK,PASS,16,65536,64,128,32,657.793,1285.442,313.35600000000005,260.847,53.446,60.621,,2,,0,0,67178568,211976,67152744,237800,67390272,526486.5,32.134185791015625,"tcp_two_process; p0_noisy_vole_receiver; real_libOTe_NoisyVole_split_input_length_2t; F=array<u64,M>; G=u64; vector_fixed_prime_setup; local_expand; tcp_two_process; p1_noisy_vole_sender; real_libOTe_NoisyVole_split_input_length_2t; F=array<u64,M>; G=u64; vector_fixed_prime_setup; local_expand"
2026-07-26T05:55:55.816235+00:00,4a917afb6ebeca9bce885fae7f25d0ac0264ecb6,RMVOLE_NET_BENCH,RM_VECTOR_GENERIC_SPLIT,vector,split-input-vole,LOCAL_TCP,tcp-loopback,bench,4,0,OK,PASS,16,65536,64,128,32,654.478,1282.272,307.889,266.387,53.517,63.945,,2,,0,0,67178568,211976,67152744,237800,67390272,526486.5,32.134185791015625,"tcp_two_process; p0_noisy_vole_receiver; real_libOTe_NoisyVole_split_input_length_2t; F=array<u64,M>; G=u64; vector_fixed_prime_setup; local_expand; tcp_two_process; p1_noisy_vole_sender; real_libOTe_NoisyVole_split_input_length_2t; F=array<u64,M>; G=u64; vector_fixed_prime_setup; local_expand"
2026-07-26T05:55:56.770928+00:00,4a917afb6ebeca9bce885fae7f25d0ac0264ecb6,RMVOLE_NET_BENCH,RM_VECTOR_GENERIC_SPLIT,vector,split-input-vole,LOCAL_TCP,tcp-loopback,bench,5,0,OK,PASS,16,65536,64,128,32,647.0350000000001,1275.336,306.253,268.65,53.398,58.882,,2,,0,0,67178568,211976,67152744,237800,67390272,526486.5,32.134185791015625,"tcp_two_process; p0_noisy_vole_receiver; real_libOTe_NoisyVole_split_input_length_2t; F=array<u64,M>; G=u64; vector_fixed_prime_setup; local_expand; tcp_two_process; p1_noisy_vole_sender; real_libOTe_NoisyVole_split_input_length_2t; F=array<u64,M>; G=u64; vector_fixed_prime_setup; local_expand"
2026-07-26T05:55:57.725882+00:00,4a917afb6ebeca9bce885fae7f25d0ac0264ecb6,RMVOLE_NET_BENCH,RM_VECTOR_GENERIC_SPLIT,vector,split-input-vole,LOCAL_TCP,tcp-loopback,bench,6,0,OK,PASS,16,65536,64,128,32,619.484,1226.096,313.673,238.602,54.337999999999994,52.996,,2,,0,0,67178568,211976,67152744,237800,67390272,526486.5,32.134185791015625,"tcp_two_process; p0_noisy_vole_receiver; real_libOTe_NoisyVole_split_input_length_2t; F=array<u64,M>; G=u64; vector_fixed_prime_setup; local_expand; tcp_two_process; p1_noisy_vole_sender; real_libOTe_NoisyVole_split_input_length_2t; F=array<u64,M>; G=u64; vector_fixed_prime_setup; local_expand"
2026-07-26T05:55:58.681546+00:00,4a917afb6ebeca9bce885fae7f25d0ac0264ecb6,RMVOLE_NET_BENCH,RM_VECTOR_GENERIC_SPLIT,vector,split-input-vole,LOCAL_TCP,tcp-loopback,bench,7,0,OK,PASS,16,65536,64,128,32,619.6469999999999,1219.3609999999999,313.421,232.33100000000002,53.962,52.519999999999996,,2,,0,0,67178568,211976,67152744,237800,67390272,526486.5,32.134185791015625,"tcp_two_process; p0_noisy_vole_receiver; real_libOTe_NoisyVole_split_input_length_2t; F=array<u64,M>; G=u64; vector_fixed_prime_setup; local_expand; tcp_two_process; p1_noisy_vole_sender; real_libOTe_NoisyVole_split_input_length_2t; F=array<u64,M>; G=u64; vector_fixed_prime_setup; local_expand"
2026-07-26T05:55:59.636721+00:00,4a917afb6ebeca9bce885fae7f25d0ac0264ecb6,RMVOLE_NET_BENCH,RM_VECTOR_GENERIC_SPLIT,vector,split-input-vole,LOCAL_TCP,tcp-loopback,bench,8,0,OK,PASS,16,65536,64,128,32,630.903,1244.4660000000001,329.042,231.009,53.512,52.638,,2,,0,0,67178568,211976,67152744,237800,67390272,526486.5,32.134185791015625,"tcp_two_process; p0_noisy_vole_receiver; real_libOTe_NoisyVole_split_input_length_2t; F=array<u64,M>; G=u64; vector_fixed_prime_setup; local_expand; tcp_two_process; p1_noisy_vole_sender; real_libOTe_NoisyVole_split_input_length_2t; F=array<u64,M>; G=u64; vector_fixed_prime_setup; local_expand"
2026-07-26T05:56:00.591469+00:00,4a917afb6ebeca9bce885fae7f25d0ac0264ecb6,RMVOLE_NET_BENCH,RM_VECTOR_GENERIC_SPLIT,vector,split-input-vole,LOCAL_TCP,tcp-loopback,bench,9,0,OK,PASS,16,65536,64,128,32,606.789,1205.969,305.356,240.57500000000002,53.248999999999995,52.398,,2,,0,0,67178568,211976,67152744,237800,67390272,526486.5,32.134185791015625,"tcp_two_process; p0_noisy_vole_receiver; real_libOTe_NoisyVole_split_input_length_2t; F=array<u64,M>; G=u64; vector_fixed_prime_setup; local_expand; tcp_two_process; p1_noisy_vole_sender; real_libOTe_NoisyVole_split_input_length_2t; F=array<u64,M>; G=u64; vector_fixed_prime_setup; local_expand"
2026-07-26T05:56:04.050259+00:00,4a917afb6ebeca9bce885fae7f25d0ac0264ecb6,RMVOLE_NET_BENCH,RM_COORD_GENERIC_SPLIT,coordinate,split-input-vole,LOCAL_TCP,tcp-loopback,verify,-2,0,OK,PASS,16,65536,64,128,32,3095.236,6168.634,304.303,2697.872,71.222,77.24799999999999,,64,,0,0,67178568,20011576,85803384,1387032,52587136,410837.0,25.07550048828125,"tcp_two_process; p0_noisy_vole_receiver; real_libOTe_NoisyVole_split_input_length_2t; F=array<u64,M>; G=u64; coordinate_scalar_fixed_prime_setup; local_expand; tcp_two_process; p1_noisy_vole_sender; real_libOTe_NoisyVole_split_input_length_2t; F=array<u64,M>; G=u64; coordinate_scalar_fixed_prime_setup; local_expand"
2026-07-26T05:56:07.458462+00:00,4a917afb6ebeca9bce885fae7f25d0ac0264ecb6,RMVOLE_NET_BENCH,RM_COORD_GENERIC_SPLIT,coordinate,split-input-vole,LOCAL_TCP,tcp-loopback,bench,-1,1,OK,PASS,16,65536,64,128,32,3109.604,6208.75,306.182,2721.407,71.557,72.476,,64,,0,0,67178568,2710328,68501864,1387032,69888624,546004.875,33.32549285888672,"tcp_two_process; p0_noisy_vole_receiver; real_libOTe_NoisyVole_split_input_length_2t; F=array<u64,M>; G=u64; coordinate_scalar_fixed_prime_setup; local_expand; tcp_two_process; p1_noisy_vole_sender; real_libOTe_NoisyVole_split_input_length_2t; F=array<u64,M>; G=u64; coordinate_scalar_fixed_prime_setup; local_expand"
2026-07-26T05:56:10.867696+00:00,4a917afb6ebeca9bce885fae7f25d0ac0264ecb6,RMVOLE_NET_BENCH,RM_COORD_GENERIC_SPLIT,coordinate,split-input-vole,LOCAL_TCP,tcp-loopback,bench,0,0,OK,PASS,16,65536,64,128,32,3096.844,6179.209999999999,321.88800000000003,2689.815,70.663,67.813,,64,,0,0,67178568,2710328,68501864,1387032,69888624,546004.875,33.32549285888672,"tcp_two_process; p0_noisy_vole_receiver; real_libOTe_NoisyVole_split_input_length_2t; F=array<u64,M>; G=u64; coordinate_scalar_fixed_prime_setup; local_expand; tcp_two_process; p1_noisy_vole_sender; real_libOTe_NoisyVole_split_input_length_2t; F=array<u64,M>; G=u64; coordinate_scalar_fixed_prime_setup; local_expand"
2026-07-26T05:56:14.276997+00:00,4a917afb6ebeca9bce885fae7f25d0ac0264ecb6,RMVOLE_NET_BENCH,RM_COORD_GENERIC_SPLIT,coordinate,split-input-vole,LOCAL_TCP,tcp-loopback,bench,1,0,OK,PASS,16,65536,64,128,32,3070.1040000000003,6131.663,311.227,2664.822,85.51100000000001,78.602,,64,,0,0,67178568,2710328,68501864,1387032,69888624,546004.875,33.32549285888672,"tcp_two_process; p0_noisy_vole_receiver; real_libOTe_NoisyVole_split_input_length_2t; F=array<u64,M>; G=u64; coordinate_scalar_fixed_prime_setup; local_expand; tcp_two_process; p1_noisy_vole_sender; real_libOTe_NoisyVole_split_input_length_2t; F=array<u64,M>; G=u64; coordinate_scalar_fixed_prime_setup; local_expand"
2026-07-26T05:56:17.936352+00:00,4a917afb6ebeca9bce885fae7f25d0ac0264ecb6,RMVOLE_NET_BENCH,RM_COORD_GENERIC_SPLIT,coordinate,split-input-vole,LOCAL_TCP,tcp-loopback,bench,2,0,OK,PASS,16,65536,64,128,32,3333.482,6644.571,362.18,2879.5480000000002,69.36,66.86200000000001,,64,,0,0,67178568,2710328,68501864,1387032,69888624,546004.875,33.32549285888672,"tcp_two_process; p0_noisy_vole_receiver; real_libOTe_NoisyVole_split_input_length_2t; F=array<u64,M>; G=u64; coordinate_scalar_fixed_prime_setup; local_expand; tcp_two_process; p1_noisy_vole_sender; real_libOTe_NoisyVole_split_input_length_2t; F=array<u64,M>; G=u64; coordinate_scalar_fixed_prime_setup; local_expand"
2026-07-26T05:56:21.495195+00:00,4a917afb6ebeca9bce885fae7f25d0ac0264ecb6,RMVOLE_NET_BENCH,RM_COORD_GENERIC_SPLIT,coordinate,split-input-vole,LOCAL_TCP,tcp-loopback,bench,3,0,OK,PASS,16,65536,64,128,32,3274.146,6518.929,325.552,2848.393,70.838,81.324,,64,,0,0,67178568,2710328,68501864,1387032,69888624,546004.875,33.32549285888672,"tcp_two_process; p0_noisy_vole_receiver; real_libOTe_NoisyVole_split_input_length_2t; F=array<u64,M>; G=u64; coordinate_scalar_fixed_prime_setup; local_expand; tcp_two_process; p1_noisy_vole_sender; real_libOTe_NoisyVole_split_input_length_2t; F=array<u64,M>; G=u64; coordinate_scalar_fixed_prime_setup; local_expand"
2026-07-26T05:56:24.954551+00:00,4a917afb6ebeca9bce885fae7f25d0ac0264ecb6,RMVOLE_NET_BENCH,RM_COORD_GENERIC_SPLIT,coordinate,split-input-vole,LOCAL_TCP,tcp-loopback,bench,4,0,OK,PASS,16,65536,64,128,32,3121.213,6232.948,331.827,2708.322,71.585,70.032,,64,,0,0,67178568,2710328,68501864,1387032,69888624,546004.875,33.32549285888672,"tcp_two_process; p0_noisy_vole_receiver; real_libOTe_NoisyVole_split_input_length_2t; F=array<u64,M>; G=u64; coordinate_scalar_fixed_prime_setup; local_expand; tcp_two_process; p1_noisy_vole_sender; real_libOTe_NoisyVole_split_input_length_2t; F=array<u64,M>; G=u64; coordinate_scalar_fixed_prime_setup; local_expand"
2026-07-26T05:56:28.312676+00:00,4a917afb6ebeca9bce885fae7f25d0ac0264ecb6,RMVOLE_NET_BENCH,RM_COORD_GENERIC_SPLIT,coordinate,split-input-vole,LOCAL_TCP,tcp-loopback,bench,5,0,OK,PASS,16,65536,64,128,32,3037.2889999999998,6058.031,329.33,2616.838,74.574,72.037,,64,,0,0,67178568,2710328,68501864,1387032,69888624,546004.875,33.32549285888672,"tcp_two_process; p0_noisy_vole_receiver; real_libOTe_NoisyVole_split_input_length_2t; F=array<u64,M>; G=u64; coordinate_scalar_fixed_prime_setup; local_expand; tcp_two_process; p1_noisy_vole_sender; real_libOTe_NoisyVole_split_input_length_2t; F=array<u64,M>; G=u64; coordinate_scalar_fixed_prime_setup; local_expand"
2026-07-26T05:56:31.621132+00:00,4a917afb6ebeca9bce885fae7f25d0ac0264ecb6,RMVOLE_NET_BENCH,RM_COORD_GENERIC_SPLIT,coordinate,split-input-vole,LOCAL_TCP,tcp-loopback,bench,6,0,OK,PASS,16,65536,64,128,32,3007.3720000000003,6003.792,309.926,2615.2419999999997,71.252,68.81400000000001,,64,,0,0,67178568,2710328,68501864,1387032,69888624,546004.875,33.32549285888672,"tcp_two_process; p0_noisy_vole_receiver; real_libOTe_NoisyVole_split_input_length_2t; F=array<u64,M>; G=u64; coordinate_scalar_fixed_prime_setup; local_expand; tcp_two_process; p1_noisy_vole_sender; real_libOTe_NoisyVole_split_input_length_2t; F=array<u64,M>; G=u64; coordinate_scalar_fixed_prime_setup; local_expand"
2026-07-26T05:56:34.878277+00:00,4a917afb6ebeca9bce885fae7f25d0ac0264ecb6,RMVOLE_NET_BENCH,RM_COORD_GENERIC_SPLIT,coordinate,split-input-vole,LOCAL_TCP,tcp-loopback,bench,7,0,OK,PASS,16,65536,64,128,32,2955.036,5891.2080000000005,305.273,2559.164,71.735,68.742,,64,,0,0,67178568,2710328,68501864,1387032,69888624,546004.875,33.32549285888672,"tcp_two_process; p0_noisy_vole_receiver; real_libOTe_NoisyVole_split_input_length_2t; F=array<u64,M>; G=u64; coordinate_scalar_fixed_prime_setup; local_expand; tcp_two_process; p1_noisy_vole_sender; real_libOTe_NoisyVole_split_input_length_2t; F=array<u64,M>; G=u64; coordinate_scalar_fixed_prime_setup; local_expand"
2026-07-26T05:56:38.135349+00:00,4a917afb6ebeca9bce885fae7f25d0ac0264ecb6,RMVOLE_NET_BENCH,RM_COORD_GENERIC_SPLIT,coordinate,split-input-vole,LOCAL_TCP,tcp-loopback,bench,8,0,OK,PASS,16,65536,64,128,32,2954.853,5895.045,307.205,2561.5,71.487,68.798,,64,,0,0,67178568,2710328,68501864,1387032,69888624,546004.875,33.32549285888672,"tcp_two_process; p0_noisy_vole_receiver; real_libOTe_NoisyVole_split_input_length_2t; F=array<u64,M>; G=u64; coordinate_scalar_fixed_prime_setup; local_expand; tcp_two_process; p1_noisy_vole_sender; real_libOTe_NoisyVole_split_input_length_2t; F=array<u64,M>; G=u64; coordinate_scalar_fixed_prime_setup; local_expand"
2026-07-26T05:56:41.392782+00:00,4a917afb6ebeca9bce885fae7f25d0ac0264ecb6,RMVOLE_NET_BENCH,RM_COORD_GENERIC_SPLIT,coordinate,split-input-vole,LOCAL_TCP,tcp-loopback,bench,9,0,OK,PASS,16,65536,64,128,32,2956.027,5901.092000000001,303.028,2564.044,77.99300000000001,68.705,,64,,0,0,67178568,2710328,68501864,1387032,69888624,546004.875,33.32549285888672,"tcp_two_process; p0_noisy_vole_receiver; real_libOTe_NoisyVole_split_input_length_2t; F=array<u64,M>; G=u64; coordinate_scalar_fixed_prime_setup; local_expand; tcp_two_process; p1_noisy_vole_sender; real_libOTe_NoisyVole_split_input_length_2t; F=array<u64,M>; G=u64; coordinate_scalar_fixed_prime_setup; local_expand"
2026-07-26T05:56:41.946385+00:00,4a917afb6ebeca9bce885fae7f25d0ac0264ecb6,RMVOLE_NET_BENCH,RM_VECTOR_OPT,vector,split-input-coeff-ot,LOCAL_TCP,tcp-loopback,verify,-2,0,OK,PASS,16,65536,64,128,32,213.17,408.01699999999994,22.238999999999997,138.27999999999997,52.650000000000006,51.446,,2,,0,0,4376920,17513224,17470328,4420088,0,0.0,0.0,tcp_two_process; p0_coeff_bit_ot_receiver; SPLIT_COEFF_OT; one_batched_Kos_chosen_message_OT; vector_fixed_prime_setup; local_expand; tcp_two_process; p1_coeff_bit_ot_sender; SPLIT_COEFF_OT; one_batched_Kos_chosen_message_OT; vector_fixed_prime_setup; local_expand
2026-07-26T05:56:42.499912+00:00,4a917afb6ebeca9bce885fae7f25d0ac0264ecb6,RMVOLE_NET_BENCH,RM_VECTOR_OPT,vector,split-input-coeff-ot,LOCAL_TCP,tcp-loopback,bench,-1,1,OK,PASS,16,65536,64,128,32,227.529,424.179,24.79,150.229,52.51,51.263999999999996,,2,,0,0,4376920,211976,168808,4420088,4588624,35848.625,2.1880264282226562,tcp_two_process; p0_coeff_bit_ot_receiver; SPLIT_COEFF_OT; one_batched_Kos_chosen_message_OT; vector_fixed_prime_setup; local_expand; tcp_two_process; p1_coeff_bit_ot_sender; SPLIT_COEFF_OT; one_batched_Kos_chosen_message_OT; vector_fixed_prime_setup; local_expand
2026-07-26T05:56:43.053705+00:00,4a917afb6ebeca9bce885fae7f25d0ac0264ecb6,RMVOLE_NET_BENCH,RM_VECTOR_OPT,vector,split-input-coeff-ot,LOCAL_TCP,tcp-loopback,bench,0,0,OK,PASS,16,65536,64,128,32,214.051,410.23900000000003,22.558000000000003,138.19,53.303000000000004,52.289,,2,,0,0,4376920,211976,168808,4420088,4588624,35848.625,2.1880264282226562,tcp_two_process; p0_coeff_bit_ot_receiver; SPLIT_COEFF_OT; one_batched_Kos_chosen_message_OT; vector_fixed_prime_setup; local_expand; tcp_two_process; p1_coeff_bit_ot_sender; SPLIT_COEFF_OT; one_batched_Kos_chosen_message_OT; vector_fixed_prime_setup; local_expand
2026-07-26T05:56:43.607089+00:00,4a917afb6ebeca9bce885fae7f25d0ac0264ecb6,RMVOLE_NET_BENCH,RM_VECTOR_OPT,vector,split-input-coeff-ot,LOCAL_TCP,tcp-loopback,bench,1,0,OK,PASS,16,65536,64,128,32,216.415,414.084,25.697000000000003,137.853,52.86600000000001,52.068999999999996,,2,,0,0,4376920,211976,168808,4420088,4588624,35848.625,2.1880264282226562,tcp_two_process; p0_coeff_bit_ot_receiver; SPLIT_COEFF_OT; one_batched_Kos_chosen_message_OT; vector_fixed_prime_setup; local_expand; tcp_two_process; p1_coeff_bit_ot_sender; SPLIT_COEFF_OT; one_batched_Kos_chosen_message_OT; vector_fixed_prime_setup; local_expand
2026-07-26T05:56:44.160637+00:00,4a917afb6ebeca9bce885fae7f25d0ac0264ecb6,RMVOLE_NET_BENCH,RM_VECTOR_OPT,vector,split-input-coeff-ot,LOCAL_TCP,tcp-loopback,bench,2,0,OK,PASS,16,65536,64,128,32,214.75900000000001,411.74399999999997,24.226999999999997,137.89100000000002,52.64,51.536,,2,,0,0,4376920,211976,168808,4420088,4588624,35848.625,2.1880264282226562,tcp_two_process; p0_coeff_bit_ot_receiver; SPLIT_COEFF_OT; one_batched_Kos_chosen_message_OT; vector_fixed_prime_setup; local_expand; tcp_two_process; p1_coeff_bit_ot_sender; SPLIT_COEFF_OT; one_batched_Kos_chosen_message_OT; vector_fixed_prime_setup; local_expand
2026-07-26T05:56:44.664405+00:00,4a917afb6ebeca9bce885fae7f25d0ac0264ecb6,RMVOLE_NET_BENCH,RM_VECTOR_OPT,vector,split-input-coeff-ot,LOCAL_TCP,tcp-loopback,bench,3,0,OK,PASS,16,65536,64,128,32,212.45600000000002,409.106,22.38,137.313,52.763,51.515,,2,,0,0,4376920,211976,168808,4420088,4588624,35848.625,2.1880264282226562,tcp_two_process; p0_coeff_bit_ot_receiver; SPLIT_COEFF_OT; one_batched_Kos_chosen_message_OT; vector_fixed_prime_setup; local_expand; tcp_two_process; p1_coeff_bit_ot_sender; SPLIT_COEFF_OT; one_batched_Kos_chosen_message_OT; vector_fixed_prime_setup; local_expand
2026-07-26T05:56:45.167886+00:00,4a917afb6ebeca9bce885fae7f25d0ac0264ecb6,RMVOLE_NET_BENCH,RM_VECTOR_OPT,vector,split-input-coeff-ot,LOCAL_TCP,tcp-loopback,bench,4,0,OK,PASS,16,65536,64,128,32,213.618,410.379,22.606,138.102,52.91,51.484,,2,,0,0,4376920,211976,168808,4420088,4588624,35848.625,2.1880264282226562,tcp_two_process; p0_coeff_bit_ot_receiver; SPLIT_COEFF_OT; one_batched_Kos_chosen_message_OT; vector_fixed_prime_setup; local_expand; tcp_two_process; p1_coeff_bit_ot_sender; SPLIT_COEFF_OT; one_batched_Kos_chosen_message_OT; vector_fixed_prime_setup; local_expand
2026-07-26T05:56:45.671466+00:00,4a917afb6ebeca9bce885fae7f25d0ac0264ecb6,RMVOLE_NET_BENCH,RM_VECTOR_OPT,vector,split-input-coeff-ot,LOCAL_TCP,tcp-loopback,bench,5,0,OK,PASS,16,65536,64,128,32,213.656,410.80000000000007,23.114,137.833,52.708999999999996,51.469,,2,,0,0,4376920,211976,168808,4420088,4588624,35848.625,2.1880264282226562,tcp_two_process; p0_coeff_bit_ot_receiver; SPLIT_COEFF_OT; one_batched_Kos_chosen_message_OT; vector_fixed_prime_setup; local_expand; tcp_two_process; p1_coeff_bit_ot_sender; SPLIT_COEFF_OT; one_batched_Kos_chosen_message_OT; vector_fixed_prime_setup; local_expand
2026-07-26T05:56:46.225020+00:00,4a917afb6ebeca9bce885fae7f25d0ac0264ecb6,RMVOLE_NET_BENCH,RM_VECTOR_OPT,vector,split-input-coeff-ot,LOCAL_TCP,tcp-loopback,bench,6,0,OK,PASS,16,65536,64,128,32,214.294,411.343,23.564999999999998,138.11399999999998,52.614000000000004,51.406,,2,,0,0,4376920,211976,168808,4420088,4588624,35848.625,2.1880264282226562,tcp_two_process; p0_coeff_bit_ot_receiver; SPLIT_COEFF_OT; one_batched_Kos_chosen_message_OT; vector_fixed_prime_setup; local_expand; tcp_two_process; p1_coeff_bit_ot_sender; SPLIT_COEFF_OT; one_batched_Kos_chosen_message_OT; vector_fixed_prime_setup; local_expand
2026-07-26T05:56:46.728458+00:00,4a917afb6ebeca9bce885fae7f25d0ac0264ecb6,RMVOLE_NET_BENCH,RM_VECTOR_OPT,vector,split-input-coeff-ot,LOCAL_TCP,tcp-loopback,bench,7,0,OK,PASS,16,65536,64,128,32,212.821,410.23600000000005,22.05,137.952,52.818999999999996,51.562,,2,,0,0,4376920,211976,168808,4420088,4588624,35848.625,2.1880264282226562,tcp_two_process; p0_coeff_bit_ot_receiver; SPLIT_COEFF_OT; one_batched_Kos_chosen_message_OT; vector_fixed_prime_setup; local_expand; tcp_two_process; p1_coeff_bit_ot_sender; SPLIT_COEFF_OT; one_batched_Kos_chosen_message_OT; vector_fixed_prime_setup; local_expand
2026-07-26T05:56:47.232037+00:00,4a917afb6ebeca9bce885fae7f25d0ac0264ecb6,RMVOLE_NET_BENCH,RM_VECTOR_OPT,vector,split-input-coeff-ot,LOCAL_TCP,tcp-loopback,bench,8,0,OK,PASS,16,65536,64,128,32,213.703,411.457,22.561,138.11100000000002,53.031,51.805,,2,,0,0,4376920,211976,168808,4420088,4588624,35848.625,2.1880264282226562,tcp_two_process; p0_coeff_bit_ot_receiver; SPLIT_COEFF_OT; one_batched_Kos_chosen_message_OT; vector_fixed_prime_setup; local_expand; tcp_two_process; p1_coeff_bit_ot_sender; SPLIT_COEFF_OT; one_batched_Kos_chosen_message_OT; vector_fixed_prime_setup; local_expand
2026-07-26T05:56:47.785699+00:00,4a917afb6ebeca9bce885fae7f25d0ac0264ecb6,RMVOLE_NET_BENCH,RM_VECTOR_OPT,vector,split-input-coeff-ot,LOCAL_TCP,tcp-loopback,bench,9,0,OK,PASS,16,65536,64,128,32,213.305,411.053,22.694,137.659,52.953,51.683,,2,,0,0,4376920,211976,168808,4420088,4588624,35848.625,2.1880264282226562,tcp_two_process; p0_coeff_bit_ot_receiver; SPLIT_COEFF_OT; one_batched_Kos_chosen_message_OT; vector_fixed_prime_setup; local_expand; tcp_two_process; p1_coeff_bit_ot_sender; SPLIT_COEFF_OT; one_batched_Kos_chosen_message_OT; vector_fixed_prime_setup; local_expand
2026-07-26T05:56:50.692458+00:00,4a917afb6ebeca9bce885fae7f25d0ac0264ecb6,RMVOLE_NET_BENCH,RM_COORD_OPT,coordinate,split-input-coeff-ot,LOCAL_TCP,tcp-loopback,verify,-2,0,OK,PASS,16,65536,64,128,32,2551.0009999999997,5092.927,23.54,2466.0989999999997,61.361,69.729,,64,,0,0,4376920,20011576,18819448,5569320,0,0.0,0.0,tcp_two_process; p0_coeff_bit_ot_receiver; SPLIT_COEFF_OT; one_batched_Kos_chosen_message_OT; coordinate_scalar_fixed_prime_setup; local_expand; tcp_two_process; p1_coeff_bit_ot_sender; SPLIT_COEFF_OT; one_batched_Kos_chosen_message_OT; coordinate_scalar_fixed_prime_setup; local_expand
2026-07-26T05:56:53.549435+00:00,4a917afb6ebeca9bce885fae7f25d0ac0264ecb6,RMVOLE_NET_BENCH,RM_COORD_OPT,coordinate,split-input-coeff-ot,LOCAL_TCP,tcp-loopback,bench,-1,1,OK,PASS,16,65536,64,128,32,2553.414,5098.377,22.016000000000002,2469.801,61.597,70.05,,64,,0,0,4376920,2710328,1517928,5569320,7086976,55367.0,3.37933349609375,tcp_two_process; p0_coeff_bit_ot_receiver; SPLIT_COEFF_OT; one_batched_Kos_chosen_message_OT; coordinate_scalar_fixed_prime_setup; local_expand; tcp_two_process; p1_coeff_bit_ot_sender; SPLIT_COEFF_OT; one_batched_Kos_chosen_message_OT; coordinate_scalar_fixed_prime_setup; local_expand
2026-07-26T05:56:56.406157+00:00,4a917afb6ebeca9bce885fae7f25d0ac0264ecb6,RMVOLE_NET_BENCH,RM_COORD_OPT,coordinate,split-input-coeff-ot,LOCAL_TCP,tcp-loopback,bench,0,0,OK,PASS,16,65536,64,128,32,2553.0179999999996,5094.389999999999,25.672,2466.12,61.225,69.759,,64,,0,0,4376920,2710328,1517928,5569320,7086976,55367.0,3.37933349609375,tcp_two_process; p0_coeff_bit_ot_receiver; SPLIT_COEFF_OT; one_batched_Kos_chosen_message_OT; coordinate_scalar_fixed_prime_setup; local_expand; tcp_two_process; p1_coeff_bit_ot_sender; SPLIT_COEFF_OT; one_batched_Kos_chosen_message_OT; coordinate_scalar_fixed_prime_setup; local_expand
2026-07-26T05:56:59.262865+00:00,4a917afb6ebeca9bce885fae7f25d0ac0264ecb6,RMVOLE_NET_BENCH,RM_COORD_OPT,coordinate,split-input-coeff-ot,LOCAL_TCP,tcp-loopback,bench,1,0,OK,PASS,16,65536,64,128,32,2552.2740000000003,5093.979,24.71,2465.875,61.690000000000005,69.804,,64,,0,0,4376920,2710328,1517928,5569320,7086976,55367.0,3.37933349609375,tcp_two_process; p0_coeff_bit_ot_receiver; SPLIT_COEFF_OT; one_batched_Kos_chosen_message_OT; coordinate_scalar_fixed_prime_setup; local_expand; tcp_two_process; p1_coeff_bit_ot_sender; SPLIT_COEFF_OT; one_batched_Kos_chosen_message_OT; coordinate_scalar_fixed_prime_setup; local_expand
2026-07-26T05:57:02.119614+00:00,4a917afb6ebeca9bce885fae7f25d0ac0264ecb6,RMVOLE_NET_BENCH,RM_COORD_OPT,coordinate,split-input-coeff-ot,LOCAL_TCP,tcp-loopback,bench,2,0,OK,PASS,16,65536,64,128,32,2551.326,5090.9619999999995,24.079,2465.6600000000003,61.587,69.63900000000001,,64,,0,0,4376920,2710328,1517928,5569320,7086976,55367.0,3.37933349609375,tcp_two_process; p0_coeff_bit_ot_receiver; SPLIT_COEFF_OT; one_batched_Kos_chosen_message_OT; coordinate_scalar_fixed_prime_setup; local_expand; tcp_two_process; p1_coeff_bit_ot_sender; SPLIT_COEFF_OT; one_batched_Kos_chosen_message_OT; coordinate_scalar_fixed_prime_setup; local_expand
2026-07-26T05:57:04.976270+00:00,4a917afb6ebeca9bce885fae7f25d0ac0264ecb6,RMVOLE_NET_BENCH,RM_COORD_OPT,coordinate,split-input-coeff-ot,LOCAL_TCP,tcp-loopback,bench,3,0,OK,PASS,16,65536,64,128,32,2546.6820000000002,5088.387,23.323,2462.05,61.309000000000005,69.716,,64,,0,0,4376920,2710328,1517928,5569320,7086976,55367.0,3.37933349609375,tcp_two_process; p0_coeff_bit_ot_receiver; SPLIT_COEFF_OT; one_batched_Kos_chosen_message_OT; coordinate_scalar_fixed_prime_setup; local_expand; tcp_two_process; p1_coeff_bit_ot_sender; SPLIT_COEFF_OT; one_batched_Kos_chosen_message_OT; coordinate_scalar_fixed_prime_setup; local_expand
2026-07-26T05:57:07.883223+00:00,4a917afb6ebeca9bce885fae7f25d0ac0264ecb6,RMVOLE_NET_BENCH,RM_COORD_OPT,coordinate,split-input-coeff-ot,LOCAL_TCP,tcp-loopback,bench,4,0,OK,PASS,16,65536,64,128,32,2573.254,5135.968,22.145000000000003,2489.842,61.266,69.48899999999999,,64,,0,0,4376920,2710328,1517928,5569320,7086976,55367.0,3.37933349609375,tcp_two_process; p0_coeff_bit_ot_receiver; SPLIT_COEFF_OT; one_batched_Kos_chosen_message_OT; coordinate_scalar_fixed_prime_setup; local_expand; tcp_two_process; p1_coeff_bit_ot_sender; SPLIT_COEFF_OT; one_batched_Kos_chosen_message_OT; coordinate_scalar_fixed_prime_setup; local_expand
2026-07-26T05:57:10.739756+00:00,4a917afb6ebeca9bce885fae7f25d0ac0264ecb6,RMVOLE_NET_BENCH,RM_COORD_OPT,coordinate,split-input-coeff-ot,LOCAL_TCP,tcp-loopback,bench,5,0,OK,PASS,16,65536,64,128,32,2559.4269999999997,5107.070000000001,23.765,2473.853,61.809000000000005,70.22399999999999,,64,,0,0,4376920,2710328,1517928,5569320,7086976,55367.0,3.37933349609375,tcp_two_process; p0_coeff_bit_ot_receiver; SPLIT_COEFF_OT; one_batched_Kos_chosen_message_OT; coordinate_scalar_fixed_prime_setup; local_expand; tcp_two_process; p1_coeff_bit_ot_sender; SPLIT_COEFF_OT; one_batched_Kos_chosen_message_OT; coordinate_scalar_fixed_prime_setup; local_expand
2026-07-26T05:57:13.596323+00:00,4a917afb6ebeca9bce885fae7f25d0ac0264ecb6,RMVOLE_NET_BENCH,RM_COORD_OPT,coordinate,split-input-coeff-ot,LOCAL_TCP,tcp-loopback,bench,6,0,OK,PASS,16,65536,64,128,32,2554.8039999999996,5099.487,23.003,2469.929,61.872,69.694,,64,,0,0,4376920,2710328,1517928,5569320,7086976,55367.0,3.37933349609375,tcp_two_process; p0_coeff_bit_ot_receiver; SPLIT_COEFF_OT; one_batched_Kos_chosen_message_OT; coordinate_scalar_fixed_prime_setup; local_expand; tcp_two_process; p1_coeff_bit_ot_sender; SPLIT_COEFF_OT; one_batched_Kos_chosen_message_OT; coordinate_scalar_fixed_prime_setup; local_expand
2026-07-26T05:57:16.503673+00:00,4a917afb6ebeca9bce885fae7f25d0ac0264ecb6,RMVOLE_NET_BENCH,RM_COORD_OPT,coordinate,split-input-coeff-ot,LOCAL_TCP,tcp-loopback,bench,7,0,OK,PASS,16,65536,64,128,32,2589.4919999999997,5173.864,22.015,2501.811,65.666,77.25999999999999,,64,,0,0,4376920,2710328,1517928,5569320,7086976,55367.0,3.37933349609375,tcp_two_process; p0_coeff_bit_ot_receiver; SPLIT_COEFF_OT; one_batched_Kos_chosen_message_OT; coordinate_scalar_fixed_prime_setup; local_expand; tcp_two_process; p1_coeff_bit_ot_sender; SPLIT_COEFF_OT; one_batched_Kos_chosen_message_OT; coordinate_scalar_fixed_prime_setup; local_expand
2026-07-26T05:57:19.360732+00:00,4a917afb6ebeca9bce885fae7f25d0ac0264ecb6,RMVOLE_NET_BENCH,RM_COORD_OPT,coordinate,split-input-coeff-ot,LOCAL_TCP,tcp-loopback,bench,8,0,OK,PASS,16,65536,64,128,32,2563.597,5123.725,21.926000000000002,2480.1980000000003,61.473,70.112,,64,,0,0,4376920,2710328,1517928,5569320,7086976,55367.0,3.37933349609375,tcp_two_process; p0_coeff_bit_ot_receiver; SPLIT_COEFF_OT; one_batched_Kos_chosen_message_OT; coordinate_scalar_fixed_prime_setup; local_expand; tcp_two_process; p1_coeff_bit_ot_sender; SPLIT_COEFF_OT; one_batched_Kos_chosen_message_OT; coordinate_scalar_fixed_prime_setup; local_expand
2026-07-26T05:57:22.318543+00:00,4a917afb6ebeca9bce885fae7f25d0ac0264ecb6,RMVOLE_NET_BENCH,RM_COORD_OPT,coordinate,split-input-coeff-ot,LOCAL_TCP,tcp-loopback,bench,9,0,OK,PASS,16,65536,64,128,32,2613.007,5214.974,34.198,2513.989,64.82000000000001,73.3,,64,,0,0,4376920,2710328,1517928,5569320,7086976,55367.0,3.37933349609375,tcp_two_process; p0_coeff_bit_ot_receiver; SPLIT_COEFF_OT; one_batched_Kos_chosen_message_OT; coordinate_scalar_fixed_prime_setup; local_expand; tcp_two_process; p1_coeff_bit_ot_sender; SPLIT_COEFF_OT; one_batched_Kos_chosen_message_OT; coordinate_scalar_fixed_prime_setup; local_expand
2026-07-26T05:57:22.973357+00:00,4a917afb6ebeca9bce885fae7f25d0ac0264ecb6,RMVOLE_NET_BENCH,RM_VECTOR_GENERIC_SPLIT,vector,split-input-vole,LOCAL_TCP,tcp-loopback,verify,-2,0,OK,PASS,18,262144,64,128,8,329.28000000000003,619.246,47.75,171.286,70.93,65.379,,2,,0,0,4211784,19004680,23121080,95464,0,0.0,0.0,"tcp_two_process; p0_noisy_vole_receiver; real_libOTe_NoisyVole_split_input_length_2t; F=array<u64,M>; G=u64; vector_fixed_prime_setup; local_expand; tcp_two_process; p1_noisy_vole_sender; real_libOTe_NoisyVole_split_input_length_2t; F=array<u64,M>; G=u64; vector_fixed_prime_setup; local_expand"
2026-07-26T05:57:23.627956+00:00,4a917afb6ebeca9bce885fae7f25d0ac0264ecb6,RMVOLE_NET_BENCH,RM_VECTOR_GENERIC_SPLIT,vector,split-input-vole,LOCAL_TCP,tcp-loopback,bench,-1,1,OK,PASS,18,262144,64,128,8,331.366,625.451,47.521,174.08,72.48400000000001,67.833,,2,,0,0,4211784,130376,4246696,95464,4342080,33922.5,2.070465087890625,"tcp_two_process; p0_noisy_vole_receiver; real_libOTe_NoisyVole_split_input_length_2t; F=array<u64,M>; G=u64; vector_fixed_prime_setup; local_expand; tcp_two_process; p1_noisy_vole_sender; real_libOTe_NoisyVole_split_input_length_2t; F=array<u64,M>; G=u64; vector_fixed_prime_setup; local_expand"
2026-07-26T05:57:24.282921+00:00,4a917afb6ebeca9bce885fae7f25d0ac0264ecb6,RMVOLE_NET_BENCH,RM_VECTOR_GENERIC_SPLIT,vector,split-input-vole,LOCAL_TCP,tcp-loopback,bench,0,0,OK,PASS,18,262144,64,128,8,342.577,648.188,50.918,176.566,78.127,75.21799999999999,,2,,0,0,4211784,130376,4246696,95464,4342080,33922.5,2.070465087890625,"tcp_two_process; p0_noisy_vole_receiver; real_libOTe_NoisyVole_split_input_length_2t; F=array<u64,M>; G=u64; vector_fixed_prime_setup; local_expand; tcp_two_process; p1_noisy_vole_sender; real_libOTe_NoisyVole_split_input_length_2t; F=array<u64,M>; G=u64; vector_fixed_prime_setup; local_expand"
2026-07-26T05:57:24.937868+00:00,4a917afb6ebeca9bce885fae7f25d0ac0264ecb6,RMVOLE_NET_BENCH,RM_VECTOR_GENERIC_SPLIT,vector,split-input-vole,LOCAL_TCP,tcp-loopback,bench,1,0,OK,PASS,18,262144,64,128,8,357.823,656.648,52.141,175.725,70.96,83.381,,2,,0,0,4211784,130376,4246696,95464,4342080,33922.5,2.070465087890625,"tcp_two_process; p0_noisy_vole_receiver; real_libOTe_NoisyVole_split_input_length_2t; F=array<u64,M>; G=u64; vector_fixed_prime_setup; local_expand; tcp_two_process; p1_noisy_vole_sender; real_libOTe_NoisyVole_split_input_length_2t; F=array<u64,M>; G=u64; vector_fixed_prime_setup; local_expand"
2026-07-26T05:57:25.592462+00:00,4a917afb6ebeca9bce885fae7f25d0ac0264ecb6,RMVOLE_NET_BENCH,RM_VECTOR_GENERIC_SPLIT,vector,split-input-vole,LOCAL_TCP,tcp-loopback,bench,2,0,OK,PASS,18,262144,64,128,8,321.278,606.382,47.459,166.81799999999998,70.827,65.60100000000001,,2,,0,0,4211784,130376,4246696,95464,4342080,33922.5,2.070465087890625,"tcp_two_process; p0_noisy_vole_receiver; real_libOTe_NoisyVole_split_input_length_2t; F=array<u64,M>; G=u64; vector_fixed_prime_setup; local_expand; tcp_two_process; p1_noisy_vole_sender; real_libOTe_NoisyVole_split_input_length_2t; F=array<u64,M>; G=u64; vector_fixed_prime_setup; local_expand"
2026-07-26T05:57:26.247157+00:00,4a917afb6ebeca9bce885fae7f25d0ac0264ecb6,RMVOLE_NET_BENCH,RM_VECTOR_GENERIC_SPLIT,vector,split-input-vole,LOCAL_TCP,tcp-loopback,bench,3,0,OK,PASS,18,262144,64,128,8,321.29400000000004,608.9530000000001,47.236,169.827,70.596,64.994,,2,,0,0,4211784,130376,4246696,95464,4342080,33922.5,2.070465087890625,"tcp_two_process; p0_noisy_vole_receiver; real_libOTe_NoisyVole_split_input_length_2t; F=array<u64,M>; G=u64; vector_fixed_prime_setup; local_expand; tcp_two_process; p1_noisy_vole_sender; real_libOTe_NoisyVole_split_input_length_2t; F=array<u64,M>; G=u64; vector_fixed_prime_setup; local_expand"
2026-07-26T05:57:26.902109+00:00,4a917afb6ebeca9bce885fae7f25d0ac0264ecb6,RMVOLE_NET_BENCH,RM_VECTOR_GENERIC_SPLIT,vector,split-input-vole,LOCAL_TCP,tcp-loopback,bench,4,0,OK,PASS,18,262144,64,128,8,320.009,615.9,49.498,173.257,73.137,67.713,,2,,0,0,4211784,130376,4246696,95464,4342080,33922.5,2.070465087890625,"tcp_two_process; p0_noisy_vole_receiver; real_libOTe_NoisyVole_split_input_length_2t; F=array<u64,M>; G=u64; vector_fixed_prime_setup; local_expand; tcp_two_process; p1_noisy_vole_sender; real_libOTe_NoisyVole_split_input_length_2t; F=array<u64,M>; G=u64; vector_fixed_prime_setup; local_expand"
2026-07-26T05:57:27.558084+00:00,4a917afb6ebeca9bce885fae7f25d0ac0264ecb6,RMVOLE_NET_BENCH,RM_VECTOR_GENERIC_SPLIT,vector,split-input-vole,LOCAL_TCP,tcp-loopback,bench,5,0,OK,PASS,18,262144,64,128,8,342.36899999999997,644.203,49.135,173.035,79.664,74.784,,2,,0,0,4211784,130376,4246696,95464,4342080,33922.5,2.070465087890625,"tcp_two_process; p0_noisy_vole_receiver; real_libOTe_NoisyVole_split_input_length_2t; F=array<u64,M>; G=u64; vector_fixed_prime_setup; local_expand; tcp_two_process; p1_noisy_vole_sender; real_libOTe_NoisyVole_split_input_length_2t; F=array<u64,M>; G=u64; vector_fixed_prime_setup; local_expand"
2026-07-26T05:57:28.213066+00:00,4a917afb6ebeca9bce885fae7f25d0ac0264ecb6,RMVOLE_NET_BENCH,RM_VECTOR_GENERIC_SPLIT,vector,split-input-vole,LOCAL_TCP,tcp-loopback,bench,6,0,OK,PASS,18,262144,64,128,8,341.94,645.966,50.832,179.074,74.12,68.85,,2,,0,0,4211784,130376,4246696,95464,4342080,33922.5,2.070465087890625,"tcp_two_process; p0_noisy_vole_receiver; real_libOTe_NoisyVole_split_input_length_2t; F=array<u64,M>; G=u64; vector_fixed_prime_setup; local_expand; tcp_two_process; p1_noisy_vole_sender; real_libOTe_NoisyVole_split_input_length_2t; F=array<u64,M>; G=u64; vector_fixed_prime_setup; local_expand"
2026-07-26T05:57:28.868103+00:00,4a917afb6ebeca9bce885fae7f25d0ac0264ecb6,RMVOLE_NET_BENCH,RM_VECTOR_GENERIC_SPLIT,vector,split-input-vole,LOCAL_TCP,tcp-loopback,bench,7,0,OK,PASS,18,262144,64,128,8,329.393,623.572,47.419000000000004,174.558,72.202,67.882,,2,,0,0,4211784,130376,4246696,95464,4342080,33922.5,2.070465087890625,"tcp_two_process; p0_noisy_vole_receiver; real_libOTe_NoisyVole_split_input_length_2t; F=array<u64,M>; G=u64; vector_fixed_prime_setup; local_expand; tcp_two_process; p1_noisy_vole_sender; real_libOTe_NoisyVole_split_input_length_2t; F=array<u64,M>; G=u64; vector_fixed_prime_setup; local_expand"
2026-07-26T05:57:29.523371+00:00,4a917afb6ebeca9bce885fae7f25d0ac0264ecb6,RMVOLE_NET_BENCH,RM_VECTOR_GENERIC_SPLIT,vector,split-input-vole,LOCAL_TCP,tcp-loopback,bench,8,0,OK,PASS,18,262144,64,128,8,327.82099999999997,619.4770000000001,48.32,170.66,72.675,66.719,,2,,0,0,4211784,130376,4246696,95464,4342080,33922.5,2.070465087890625,"tcp_two_process; p0_noisy_vole_receiver; real_libOTe_NoisyVole_split_input_length_2t; F=array<u64,M>; G=u64; vector_fixed_prime_setup; local_expand; tcp_two_process; p1_noisy_vole_sender; real_libOTe_NoisyVole_split_input_length_2t; F=array<u64,M>; G=u64; vector_fixed_prime_setup; local_expand"
2026-07-26T05:57:30.177934+00:00,4a917afb6ebeca9bce885fae7f25d0ac0264ecb6,RMVOLE_NET_BENCH,RM_VECTOR_GENERIC_SPLIT,vector,split-input-vole,LOCAL_TCP,tcp-loopback,bench,9,0,OK,PASS,18,262144,64,128,8,324.533,612.571,47.378,170.255,70.405,65.015,,2,,0,0,4211784,130376,4246696,95464,4342080,33922.5,2.070465087890625,"tcp_two_process; p0_noisy_vole_receiver; real_libOTe_NoisyVole_split_input_length_2t; F=array<u64,M>; G=u64; vector_fixed_prime_setup; local_expand; tcp_two_process; p1_noisy_vole_sender; real_libOTe_NoisyVole_split_input_length_2t; F=array<u64,M>; G=u64; vector_fixed_prime_setup; local_expand"
2026-07-26T05:57:31.483630+00:00,4a917afb6ebeca9bce885fae7f25d0ac0264ecb6,RMVOLE_NET_BENCH,RM_COORD_GENERIC_SPLIT,coordinate,split-input-vole,LOCAL_TCP,tcp-loopback,verify,-2,0,OK,PASS,18,262144,64,128,8,977.8520000000001,1920.042,47.473,815.826,78.891,73.847,,16,,0,0,4211784,19687096,23486648,412312,0,0.0,0.0,"tcp_two_process; p0_noisy_vole_receiver; real_libOTe_NoisyVole_split_input_length_2t; F=array<u64,M>; G=u64; coordinate_scalar_fixed_prime_setup; local_expand; tcp_two_process; p1_noisy_vole_sender; real_libOTe_NoisyVole_split_input_length_2t; F=array<u64,M>; G=u64; coordinate_scalar_fixed_prime_setup; local_expand"
2026-07-26T05:57:32.839433+00:00,4a917afb6ebeca9bce885fae7f25d0ac0264ecb6,RMVOLE_NET_BENCH,RM_COORD_GENERIC_SPLIT,coordinate,split-input-vole,LOCAL_TCP,tcp-loopback,bench,-1,1,OK,PASS,18,262144,64,128,8,1021.263,2004.2849999999999,47.974999999999994,856.2370000000001,78.809,73.84400000000001,,16,,0,0,4211784,812792,4612264,412312,5024496,39253.875,2.3958663940429688,"tcp_two_process; p0_noisy_vole_receiver; real_libOTe_NoisyVole_split_input_length_2t; F=array<u64,M>; G=u64; coordinate_scalar_fixed_prime_setup; local_expand; tcp_two_process; p1_noisy_vole_sender; real_libOTe_NoisyVole_split_input_length_2t; F=array<u64,M>; G=u64; coordinate_scalar_fixed_prime_setup; local_expand"
2026-07-26T05:57:34.145154+00:00,4a917afb6ebeca9bce885fae7f25d0ac0264ecb6,RMVOLE_NET_BENCH,RM_COORD_GENERIC_SPLIT,coordinate,split-input-vole,LOCAL_TCP,tcp-loopback,bench,0,0,OK,PASS,18,262144,64,128,8,981.336,1927.009,47.727,819.149,78.79700000000001,73.82,,16,,0,0,4211784,812792,4612264,412312,5024496,39253.875,2.3958663940429688,"tcp_two_process; p0_noisy_vole_receiver; real_libOTe_NoisyVole_split_input_length_2t; F=array<u64,M>; G=u64; coordinate_scalar_fixed_prime_setup; local_expand; tcp_two_process; p1_noisy_vole_sender; real_libOTe_NoisyVole_split_input_length_2t; F=array<u64,M>; G=u64; coordinate_scalar_fixed_prime_setup; local_expand"
2026-07-26T05:57:35.451086+00:00,4a917afb6ebeca9bce885fae7f25d0ac0264ecb6,RMVOLE_NET_BENCH,RM_COORD_GENERIC_SPLIT,coordinate,split-input-vole,LOCAL_TCP,tcp-loopback,bench,1,0,OK,PASS,18,262144,64,128,8,992.707,1940.6910000000003,48.321000000000005,820.701,78.961,74.492,,16,,0,0,4211784,812792,4612264,412312,5024496,39253.875,2.3958663940429688,"tcp_two_process; p0_noisy_vole_receiver; real_libOTe_NoisyVole_split_input_length_2t; F=array<u64,M>; G=u64; coordinate_scalar_fixed_prime_setup; local_expand; tcp_two_process; p1_noisy_vole_sender; real_libOTe_NoisyVole_split_input_length_2t; F=array<u64,M>; G=u64; coordinate_scalar_fixed_prime_setup; local_expand"
2026-07-26T05:57:36.757330+00:00,4a917afb6ebeca9bce885fae7f25d0ac0264ecb6,RMVOLE_NET_BENCH,RM_COORD_GENERIC_SPLIT,coordinate,split-input-vole,LOCAL_TCP,tcp-loopback,bench,2,0,OK,PASS,18,262144,64,128,8,982.2239999999999,1929.4340000000002,51.748000000000005,816.732,78.72999999999999,74.238,,16,,0,0,4211784,812792,4612264,412312,5024496,39253.875,2.3958663940429688,"tcp_two_process; p0_noisy_vole_receiver; real_libOTe_NoisyVole_split_input_length_2t; F=array<u64,M>; G=u64; coordinate_scalar_fixed_prime_setup; local_expand; tcp_two_process; p1_noisy_vole_sender; real_libOTe_NoisyVole_split_input_length_2t; F=array<u64,M>; G=u64; coordinate_scalar_fixed_prime_setup; local_expand"
2026-07-26T05:57:38.063663+00:00,4a917afb6ebeca9bce885fae7f25d0ac0264ecb6,RMVOLE_NET_BENCH,RM_COORD_GENERIC_SPLIT,coordinate,split-input-vole,LOCAL_TCP,tcp-loopback,bench,3,0,OK,PASS,18,262144,64,128,8,967.2330000000001,1910.693,46.896,817.6569999999999,78.908,74.522,,16,,0,0,4211784,812792,4612264,412312,5024496,39253.875,2.3958663940429688,"tcp_two_process; p0_noisy_vole_receiver; real_libOTe_NoisyVole_split_input_length_2t; F=array<u64,M>; G=u64; coordinate_scalar_fixed_prime_setup; local_expand; tcp_two_process; p1_noisy_vole_sender; real_libOTe_NoisyVole_split_input_length_2t; F=array<u64,M>; G=u64; coordinate_scalar_fixed_prime_setup; local_expand"
2026-07-26T05:57:39.369439+00:00,4a917afb6ebeca9bce885fae7f25d0ac0264ecb6,RMVOLE_NET_BENCH,RM_COORD_GENERIC_SPLIT,coordinate,split-input-vole,LOCAL_TCP,tcp-loopback,bench,4,0,OK,PASS,18,262144,64,128,8,991.8280000000001,1936.951,47.027,819.7990000000001,78.298,82.905,,16,,0,0,4211784,812792,4612264,412312,5024496,39253.875,2.3958663940429688,"tcp_two_process; p0_noisy_vole_receiver; real_libOTe_NoisyVole_split_input_length_2t; F=array<u64,M>; G=u64; coordinate_scalar_fixed_prime_setup; local_expand; tcp_two_process; p1_noisy_vole_sender; real_libOTe_NoisyVole_split_input_length_2t; F=array<u64,M>; G=u64; coordinate_scalar_fixed_prime_setup; local_expand"
2026-07-26T05:57:40.775021+00:00,4a917afb6ebeca9bce885fae7f25d0ac0264ecb6,RMVOLE_NET_BENCH,RM_COORD_GENERIC_SPLIT,coordinate,split-input-vole,LOCAL_TCP,tcp-loopback,bench,5,0,OK,PASS,18,262144,64,128,8,1105.8120000000001,2183.0660000000003,62.598,936.714,77.942,74.272,,16,,0,0,4211784,812792,4612264,412312,5024496,39253.875,2.3958663940429688,"tcp_two_process; p0_noisy_vole_receiver; real_libOTe_NoisyVole_split_input_length_2t; F=array<u64,M>; G=u64; coordinate_scalar_fixed_prime_setup; local_expand; tcp_two_process; p1_noisy_vole_sender; real_libOTe_NoisyVole_split_input_length_2t; F=array<u64,M>; G=u64; coordinate_scalar_fixed_prime_setup; local_expand"
2026-07-26T05:57:42.131382+00:00,4a917afb6ebeca9bce885fae7f25d0ac0264ecb6,RMVOLE_NET_BENCH,RM_COORD_GENERIC_SPLIT,coordinate,split-input-vole,LOCAL_TCP,tcp-loopback,bench,6,0,OK,PASS,18,262144,64,128,8,1027.362,2022.4730000000002,47.486,853.223,94.402,82.414,,16,,0,0,4211784,812792,4612264,412312,5024496,39253.875,2.3958663940429688,"tcp_two_process; p0_noisy_vole_receiver; real_libOTe_NoisyVole_split_input_length_2t; F=array<u64,M>; G=u64; coordinate_scalar_fixed_prime_setup; local_expand; tcp_two_process; p1_noisy_vole_sender; real_libOTe_NoisyVole_split_input_length_2t; F=array<u64,M>; G=u64; coordinate_scalar_fixed_prime_setup; local_expand"
2026-07-26T05:57:43.537647+00:00,4a917afb6ebeca9bce885fae7f25d0ac0264ecb6,RMVOLE_NET_BENCH,RM_COORD_GENERIC_SPLIT,coordinate,split-input-vole,LOCAL_TCP,tcp-loopback,bench,7,0,OK,PASS,18,262144,64,128,8,1106.858,2173.24,49.655,938.516,78.21000000000001,82.428,,16,,0,0,4211784,812792,4612264,412312,5024496,39253.875,2.3958663940429688,"tcp_two_process; p0_noisy_vole_receiver; real_libOTe_NoisyVole_split_input_length_2t; F=array<u64,M>; G=u64; coordinate_scalar_fixed_prime_setup; local_expand; tcp_two_process; p1_noisy_vole_sender; real_libOTe_NoisyVole_split_input_length_2t; F=array<u64,M>; G=u64; coordinate_scalar_fixed_prime_setup; local_expand"
2026-07-26T05:57:44.893631+00:00,4a917afb6ebeca9bce885fae7f25d0ac0264ecb6,RMVOLE_NET_BENCH,RM_COORD_GENERIC_SPLIT,coordinate,split-input-vole,LOCAL_TCP,tcp-loopback,bench,8,0,OK,PASS,18,262144,64,128,8,1066.558,2084.2239999999997,47.404,891.543,78.72,88.03099999999999,,16,,0,0,4211784,812792,4612264,412312,5024496,39253.875,2.3958663940429688,"tcp_two_process; p0_noisy_vole_receiver; real_libOTe_NoisyVole_split_input_length_2t; F=array<u64,M>; G=u64; coordinate_scalar_fixed_prime_setup; local_expand; tcp_two_process; p1_noisy_vole_sender; real_libOTe_NoisyVole_split_input_length_2t; F=array<u64,M>; G=u64; coordinate_scalar_fixed_prime_setup; local_expand"
2026-07-26T05:57:46.250763+00:00,4a917afb6ebeca9bce885fae7f25d0ac0264ecb6,RMVOLE_NET_BENCH,RM_COORD_GENERIC_SPLIT,coordinate,split-input-vole,LOCAL_TCP,tcp-loopback,bench,9,0,OK,PASS,18,262144,64,128,8,1057.1999999999998,2083.768,48.346000000000004,898.924,79.29799999999999,74.61,,16,,0,0,4211784,812792,4612264,412312,5024496,39253.875,2.3958663940429688,"tcp_two_process; p0_noisy_vole_receiver; real_libOTe_NoisyVole_split_input_length_2t; F=array<u64,M>; G=u64; coordinate_scalar_fixed_prime_setup; local_expand; tcp_two_process; p1_noisy_vole_sender; real_libOTe_NoisyVole_split_input_length_2t; F=array<u64,M>; G=u64; coordinate_scalar_fixed_prime_setup; local_expand"
2026-07-26T05:57:46.855220+00:00,4a917afb6ebeca9bce885fae7f25d0ac0264ecb6,RMVOLE_NET_BENCH,RM_VECTOR_OPT,vector,split-input-coeff-ot,LOCAL_TCP,tcp-loopback,verify,-2,0,OK,PASS,18,262144,64,128,8,261.092,498.78999999999996,9.809,157.255,70.634,64.91900000000001,,2,,0,0,1378648,19004680,19051704,1331704,0,0.0,0.0,tcp_two_process; p0_coeff_bit_ot_receiver; SPLIT_COEFF_OT; one_batched_Kos_chosen_message_OT; vector_fixed_prime_setup; local_expand; tcp_two_process; p1_coeff_bit_ot_sender; SPLIT_COEFF_OT; one_batched_Kos_chosen_message_OT; vector_fixed_prime_setup; local_expand
2026-07-26T05:57:47.459777+00:00,4a917afb6ebeca9bce885fae7f25d0ac0264ecb6,RMVOLE_NET_BENCH,RM_VECTOR_OPT,vector,split-input-coeff-ot,LOCAL_TCP,tcp-loopback,bench,-1,1,OK,PASS,18,262144,64,128,8,263.321,496.74300000000005,9.875,152.388,71.159,65.329,,2,,0,0,1378648,130376,177320,1331704,1508944,11788.625,0.7195205688476562,tcp_two_process; p0_coeff_bit_ot_receiver; SPLIT_COEFF_OT; one_batched_Kos_chosen_message_OT; vector_fixed_prime_setup; local_expand; tcp_two_process; p1_coeff_bit_ot_sender; SPLIT_COEFF_OT; one_batched_Kos_chosen_message_OT; vector_fixed_prime_setup; local_expand
2026-07-26T05:57:48.064849+00:00,4a917afb6ebeca9bce885fae7f25d0ac0264ecb6,RMVOLE_NET_BENCH,RM_VECTOR_OPT,vector,split-input-coeff-ot,LOCAL_TCP,tcp-loopback,bench,0,0,OK,PASS,18,262144,64,128,8,281.42,519.476,9.949,157.23899999999998,70.869,70.805,,2,,0,0,1378648,130376,177320,1331704,1508944,11788.625,0.7195205688476562,tcp_two_process; p0_coeff_bit_ot_receiver; SPLIT_COEFF_OT; one_batched_Kos_chosen_message_OT; vector_fixed_prime_setup; local_expand; tcp_two_process; p1_coeff_bit_ot_sender; SPLIT_COEFF_OT; one_batched_Kos_chosen_message_OT; vector_fixed_prime_setup; local_expand
2026-07-26T05:57:48.669716+00:00,4a917afb6ebeca9bce885fae7f25d0ac0264ecb6,RMVOLE_NET_BENCH,RM_VECTOR_OPT,vector,split-input-coeff-ot,LOCAL_TCP,tcp-loopback,bench,1,0,OK,PASS,18,262144,64,128,8,272.096,512.4739999999999,9.950000000000001,159.83700000000002,70.591,65.745,,2,,0,0,1378648,130376,177320,1331704,1508944,11788.625,0.7195205688476562,tcp_two_process; p0_coeff_bit_ot_receiver; SPLIT_COEFF_OT; one_batched_Kos_chosen_message_OT; vector_fixed_prime_setup; local_expand; tcp_two_process; p1_coeff_bit_ot_sender; SPLIT_COEFF_OT; one_batched_Kos_chosen_message_OT; vector_fixed_prime_setup; local_expand
2026-07-26T05:57:49.274356+00:00,4a917afb6ebeca9bce885fae7f25d0ac0264ecb6,RMVOLE_NET_BENCH,RM_VECTOR_OPT,vector,split-input-coeff-ot,LOCAL_TCP,tcp-loopback,bench,2,0,OK,PASS,18,262144,64,128,8,267.882,509.578,9.939,160.81,70.948,65.744,,2,,0,0,1378648,130376,177320,1331704,1508944,11788.625,0.7195205688476562,tcp_two_process; p0_coeff_bit_ot_receiver; SPLIT_COEFF_OT; one_batched_Kos_chosen_message_OT; vector_fixed_prime_setup; local_expand; tcp_two_process; p1_coeff_bit_ot_sender; SPLIT_COEFF_OT; one_batched_Kos_chosen_message_OT; vector_fixed_prime_setup; local_expand
2026-07-26T05:57:49.878832+00:00,4a917afb6ebeca9bce885fae7f25d0ac0264ecb6,RMVOLE_NET_BENCH,RM_VECTOR_OPT,vector,split-input-coeff-ot,LOCAL_TCP,tcp-loopback,bench,3,0,OK,PASS,18,262144,64,128,8,265.038,501.81699999999995,10.017,155.32299999999998,71.43900000000001,66.47200000000001,,2,,0,0,1378648,130376,177320,1331704,1508944,11788.625,0.7195205688476562,tcp_two_process; p0_coeff_bit_ot_receiver; SPLIT_COEFF_OT; one_batched_Kos_chosen_message_OT; vector_fixed_prime_setup; local_expand; tcp_two_process; p1_coeff_bit_ot_sender; SPLIT_COEFF_OT; one_batched_Kos_chosen_message_OT; vector_fixed_prime_setup; local_expand
2026-07-26T05:57:50.482768+00:00,4a917afb6ebeca9bce885fae7f25d0ac0264ecb6,RMVOLE_NET_BENCH,RM_VECTOR_OPT,vector,split-input-coeff-ot,LOCAL_TCP,tcp-loopback,bench,4,0,OK,PASS,18,262144,64,128,8,268.73,505.6,9.977,155.067,71.825,66.071,,2,,0,0,1378648,130376,177320,1331704,1508944,11788.625,0.7195205688476562,tcp_two_process; p0_coeff_bit_ot_receiver; SPLIT_COEFF_OT; one_batched_Kos_chosen_message_OT; vector_fixed_prime_setup; local_expand; tcp_two_process; p1_coeff_bit_ot_sender; SPLIT_COEFF_OT; one_batched_Kos_chosen_message_OT; vector_fixed_prime_setup; local_expand
2026-07-26T05:57:51.087302+00:00,4a917afb6ebeca9bce885fae7f25d0ac0264ecb6,RMVOLE_NET_BENCH,RM_VECTOR_OPT,vector,split-input-coeff-ot,LOCAL_TCP,tcp-loopback,bench,5,0,OK,PASS,18,262144,64,128,8,273.492,524.466,9.844000000000001,161.858,79.27199999999999,67.77900000000001,,2,,0,0,1378648,130376,177320,1331704,1508944,11788.625,0.7195205688476562,tcp_two_process; p0_coeff_bit_ot_receiver; SPLIT_COEFF_OT; one_batched_Kos_chosen_message_OT; vector_fixed_prime_setup; local_expand; tcp_two_process; p1_coeff_bit_ot_sender; SPLIT_COEFF_OT; one_batched_Kos_chosen_message_OT; vector_fixed_prime_setup; local_expand
2026-07-26T05:57:51.691940+00:00,4a917afb6ebeca9bce885fae7f25d0ac0264ecb6,RMVOLE_NET_BENCH,RM_VECTOR_OPT,vector,split-input-coeff-ot,LOCAL_TCP,tcp-loopback,bench,6,0,OK,PASS,18,262144,64,128,8,284.84999999999997,526.54,12.325,157.828,71.537,66.089,,2,,0,0,1378648,130376,177320,1331704,1508944,11788.625,0.7195205688476562,tcp_two_process; p0_coeff_bit_ot_receiver; SPLIT_COEFF_OT; one_batched_Kos_chosen_message_OT; vector_fixed_prime_setup; local_expand; tcp_two_process; p1_coeff_bit_ot_sender; SPLIT_COEFF_OT; one_batched_Kos_chosen_message_OT; vector_fixed_prime_setup; local_expand
2026-07-26T05:57:52.296546+00:00,4a917afb6ebeca9bce885fae7f25d0ac0264ecb6,RMVOLE_NET_BENCH,RM_VECTOR_OPT,vector,split-input-coeff-ot,LOCAL_TCP,tcp-loopback,bench,7,0,OK,PASS,18,262144,64,128,8,276.083,519.392,9.914,162.383,71.013,72.771,,2,,0,0,1378648,130376,177320,1331704,1508944,11788.625,0.7195205688476562,tcp_two_process; p0_coeff_bit_ot_receiver; SPLIT_COEFF_OT; one_batched_Kos_chosen_message_OT; vector_fixed_prime_setup; local_expand; tcp_two_process; p1_coeff_bit_ot_sender; SPLIT_COEFF_OT; one_batched_Kos_chosen_message_OT; vector_fixed_prime_setup; local_expand
2026-07-26T05:57:52.951306+00:00,4a917afb6ebeca9bce885fae7f25d0ac0264ecb6,RMVOLE_NET_BENCH,RM_VECTOR_OPT,vector,split-input-coeff-ot,LOCAL_TCP,tcp-loopback,bench,8,0,OK,PASS,18,262144,64,128,8,291.502,575.184,18.618,185.058,80.006,65.595,,2,,0,0,1378648,130376,177320,1331704,1508944,11788.625,0.7195205688476562,tcp_two_process; p0_coeff_bit_ot_receiver; SPLIT_COEFF_OT; one_batched_Kos_chosen_message_OT; vector_fixed_prime_setup; local_expand; tcp_two_process; p1_coeff_bit_ot_sender; SPLIT_COEFF_OT; one_batched_Kos_chosen_message_OT; vector_fixed_prime_setup; local_expand
2026-07-26T05:57:53.605883+00:00,4a917afb6ebeca9bce885fae7f25d0ac0264ecb6,RMVOLE_NET_BENCH,RM_VECTOR_OPT,vector,split-input-coeff-ot,LOCAL_TCP,tcp-loopback,bench,9,0,OK,PASS,18,262144,64,128,8,329.84400000000005,586.028,10.597999999999999,174.09,71.495,73.119,,2,,0,0,1378648,130376,177320,1331704,1508944,11788.625,0.7195205688476562,tcp_two_process; p0_coeff_bit_ot_receiver; SPLIT_COEFF_OT; one_batched_Kos_chosen_message_OT; vector_fixed_prime_setup; local_expand; tcp_two_process; p1_coeff_bit_ot_sender; SPLIT_COEFF_OT; one_batched_Kos_chosen_message_OT; vector_fixed_prime_setup; local_expand
2026-07-26T05:57:54.961765+00:00,4a917afb6ebeca9bce885fae7f25d0ac0264ecb6,RMVOLE_NET_BENCH,RM_COORD_OPT,coordinate,split-input-coeff-ot,LOCAL_TCP,tcp-loopback,verify,-2,0,OK,PASS,18,262144,64,128,8,993.937,1939.597,10.279,855.21,80.171,81.947,,16,,0,0,1378648,19687096,19417272,1648552,0,0.0,0.0,tcp_two_process; p0_coeff_bit_ot_receiver; SPLIT_COEFF_OT; one_batched_Kos_chosen_message_OT; coordinate_scalar_fixed_prime_setup; local_expand; tcp_two_process; p1_coeff_bit_ot_sender; SPLIT_COEFF_OT; one_batched_Kos_chosen_message_OT; coordinate_scalar_fixed_prime_setup; local_expand
2026-07-26T05:57:56.418379+00:00,4a917afb6ebeca9bce885fae7f25d0ac0264ecb6,RMVOLE_NET_BENCH,RM_COORD_OPT,coordinate,split-input-coeff-ot,LOCAL_TCP,tcp-loopback,bench,-1,1,OK,PASS,18,262144,64,128,8,1096.6419999999998,2169.322,11.513,948.583,112.584,124.375,,16,,0,0,1378648,812792,542888,1648552,2191360,17120.0,1.044921875,tcp_two_process; p0_coeff_bit_ot_receiver; SPLIT_COEFF_OT; one_batched_Kos_chosen_message_OT; coordinate_scalar_fixed_prime_setup; local_expand; tcp_two_process; p1_coeff_bit_ot_sender; SPLIT_COEFF_OT; one_batched_Kos_chosen_message_OT; coordinate_scalar_fixed_prime_setup; local_expand
2026-07-26T05:57:57.724245+00:00,4a917afb6ebeca9bce885fae7f25d0ac0264ecb6,RMVOLE_NET_BENCH,RM_COORD_OPT,coordinate,split-input-coeff-ot,LOCAL_TCP,tcp-loopback,bench,0,0,OK,PASS,18,262144,64,128,8,956.792,1902.708,9.799000000000001,844.204,91.913,74.52,,16,,0,0,1378648,812792,542888,1648552,2191360,17120.0,1.044921875,tcp_two_process; p0_coeff_bit_ot_receiver; SPLIT_COEFF_OT; one_batched_Kos_chosen_message_OT; coordinate_scalar_fixed_prime_setup; local_expand; tcp_two_process; p1_coeff_bit_ot_sender; SPLIT_COEFF_OT; one_batched_Kos_chosen_message_OT; coordinate_scalar_fixed_prime_setup; local_expand
2026-07-26T05:57:59.079997+00:00,4a917afb6ebeca9bce885fae7f25d0ac0264ecb6,RMVOLE_NET_BENCH,RM_COORD_OPT,coordinate,split-input-coeff-ot,LOCAL_TCP,tcp-loopback,bench,1,0,OK,PASS,18,262144,64,128,8,1058.747,2049.346,10.104999999999999,901.11,79.384,82.495,,16,,0,0,1378648,812792,542888,1648552,2191360,17120.0,1.044921875,tcp_two_process; p0_coeff_bit_ot_receiver; SPLIT_COEFF_OT; one_batched_Kos_chosen_message_OT; coordinate_scalar_fixed_prime_setup; local_expand; tcp_two_process; p1_coeff_bit_ot_sender; SPLIT_COEFF_OT; one_batched_Kos_chosen_message_OT; coordinate_scalar_fixed_prime_setup; local_expand
2026-07-26T05:58:00.385552+00:00,4a917afb6ebeca9bce885fae7f25d0ac0264ecb6,RMVOLE_NET_BENCH,RM_COORD_OPT,coordinate,split-input-coeff-ot,LOCAL_TCP,tcp-loopback,bench,2,0,OK,PASS,18,262144,64,128,8,944.785,1882.641,18.427,827.863,91.56599999999999,74.529,,16,,0,0,1378648,812792,542888,1648552,2191360,17120.0,1.044921875,tcp_two_process; p0_coeff_bit_ot_receiver; SPLIT_COEFF_OT; one_batched_Kos_chosen_message_OT; coordinate_scalar_fixed_prime_setup; local_expand; tcp_two_process; p1_coeff_bit_ot_sender; SPLIT_COEFF_OT; one_batched_Kos_chosen_message_OT; coordinate_scalar_fixed_prime_setup; local_expand
2026-07-26T05:58:01.741315+00:00,4a917afb6ebeca9bce885fae7f25d0ac0264ecb6,RMVOLE_NET_BENCH,RM_COORD_OPT,coordinate,split-input-coeff-ot,LOCAL_TCP,tcp-loopback,bench,3,0,OK,PASS,18,262144,64,128,8,1031.371,2028.745,11.016,906.2959999999999,80.06099999999999,75.663,,16,,0,0,1378648,812792,542888,1648552,2191360,17120.0,1.044921875,tcp_two_process; p0_coeff_bit_ot_receiver; SPLIT_COEFF_OT; one_batched_Kos_chosen_message_OT; coordinate_scalar_fixed_prime_setup; local_expand; tcp_two_process; p1_coeff_bit_ot_sender; SPLIT_COEFF_OT; one_batched_Kos_chosen_message_OT; coordinate_scalar_fixed_prime_setup; local_expand
2026-07-26T05:58:02.997353+00:00,4a917afb6ebeca9bce885fae7f25d0ac0264ecb6,RMVOLE_NET_BENCH,RM_COORD_OPT,coordinate,split-input-coeff-ot,LOCAL_TCP,tcp-loopback,bench,4,0,OK,PASS,18,262144,64,128,8,924.415,1824.733,9.934999999999999,810.9399999999999,79.443,74.422,,16,,0,0,1378648,812792,542888,1648552,2191360,17120.0,1.044921875,tcp_two_process; p0_coeff_bit_ot_receiver; SPLIT_COEFF_OT; one_batched_Kos_chosen_message_OT; coordinate_scalar_fixed_prime_setup; local_expand; tcp_two_process; p1_coeff_bit_ot_sender; SPLIT_COEFF_OT; one_batched_Kos_chosen_message_OT; coordinate_scalar_fixed_prime_setup; local_expand
2026-07-26T05:58:04.302963+00:00,4a917afb6ebeca9bce885fae7f25d0ac0264ecb6,RMVOLE_NET_BENCH,RM_COORD_OPT,coordinate,split-input-coeff-ot,LOCAL_TCP,tcp-loopback,bench,5,0,OK,PASS,18,262144,64,128,8,968.681,1910.723,9.941,843.634,88.467,81.939,,16,,0,0,1378648,812792,542888,1648552,2191360,17120.0,1.044921875,tcp_two_process; p0_coeff_bit_ot_receiver; SPLIT_COEFF_OT; one_batched_Kos_chosen_message_OT; coordinate_scalar_fixed_prime_setup; local_expand; tcp_two_process; p1_coeff_bit_ot_sender; SPLIT_COEFF_OT; one_batched_Kos_chosen_message_OT; coordinate_scalar_fixed_prime_setup; local_expand
2026-07-26T05:58:05.660343+00:00,4a917afb6ebeca9bce885fae7f25d0ac0264ecb6,RMVOLE_NET_BENCH,RM_COORD_OPT,coordinate,split-input-coeff-ot,LOCAL_TCP,tcp-loopback,bench,6,0,OK,PASS,18,262144,64,128,8,1010.1150000000001,1988.15,9.883,888.294,79.858,74.421,,16,,0,0,1378648,812792,542888,1648552,2191360,17120.0,1.044921875,tcp_two_process; p0_coeff_bit_ot_receiver; SPLIT_COEFF_OT; one_batched_Kos_chosen_message_OT; coordinate_scalar_fixed_prime_setup; local_expand; tcp_two_process; p1_coeff_bit_ot_sender; SPLIT_COEFF_OT; one_batched_Kos_chosen_message_OT; coordinate_scalar_fixed_prime_setup; local_expand
2026-07-26T05:58:06.965943+00:00,4a917afb6ebeca9bce885fae7f25d0ac0264ecb6,RMVOLE_NET_BENCH,RM_COORD_OPT,coordinate,split-input-coeff-ot,LOCAL_TCP,tcp-loopback,bench,7,0,OK,PASS,18,262144,64,128,8,957.11,1851.548,9.979,805.153,79.307,74.34,,16,,0,0,1378648,812792,542888,1648552,2191360,17120.0,1.044921875,tcp_two_process; p0_coeff_bit_ot_receiver; SPLIT_COEFF_OT; one_batched_Kos_chosen_message_OT; coordinate_scalar_fixed_prime_setup; local_expand; tcp_two_process; p1_coeff_bit_ot_sender; SPLIT_COEFF_OT; one_batched_Kos_chosen_message_OT; coordinate_scalar_fixed_prime_setup; local_expand
2026-07-26T05:58:08.221654+00:00,4a917afb6ebeca9bce885fae7f25d0ac0264ecb6,RMVOLE_NET_BENCH,RM_COORD_OPT,coordinate,split-input-coeff-ot,LOCAL_TCP,tcp-loopback,bench,8,0,OK,PASS,18,262144,64,128,8,929.048,1833.591,9.921,816.095,78.528,73.764,,16,,0,0,1378648,812792,542888,1648552,2191360,17120.0,1.044921875,tcp_two_process; p0_coeff_bit_ot_receiver; SPLIT_COEFF_OT; one_batched_Kos_chosen_message_OT; coordinate_scalar_fixed_prime_setup; local_expand; tcp_two_process; p1_coeff_bit_ot_sender; SPLIT_COEFF_OT; one_batched_Kos_chosen_message_OT; coordinate_scalar_fixed_prime_setup; local_expand
2026-07-26T05:58:09.478105+00:00,4a917afb6ebeca9bce885fae7f25d0ac0264ecb6,RMVOLE_NET_BENCH,RM_COORD_OPT,coordinate,split-input-coeff-ot,LOCAL_TCP,tcp-loopback,bench,9,0,OK,PASS,18,262144,64,128,8,917.3789999999999,1810.5629999999999,9.84,804.354,78.99000000000001,73.70599999999999,,16,,0,0,1378648,812792,542888,1648552,2191360,17120.0,1.044921875,tcp_two_process; p0_coeff_bit_ot_receiver; SPLIT_COEFF_OT; one_batched_Kos_chosen_message_OT; coordinate_scalar_fixed_prime_setup; local_expand; tcp_two_process; p1_coeff_bit_ot_sender; SPLIT_COEFF_OT; one_batched_Kos_chosen_message_OT; coordinate_scalar_fixed_prime_setup; local_expand
2026-07-26T05:58:10.483388+00:00,4a917afb6ebeca9bce885fae7f25d0ac0264ecb6,RMVOLE_NET_BENCH,RM_VECTOR_GENERIC_SPLIT,vector,split-input-vole,LOCAL_TCP,tcp-loopback,verify,-2,0,OK,PASS,18,262144,64,128,16,579.2199999999999,1110.8690000000001,124.32799999999999,257.867,149.454,143.131,,2,,0,0,16812104,35814664,52481272,145640,0,0.0,0.0,"tcp_two_process; p0_noisy_vole_receiver; real_libOTe_NoisyVole_split_input_length_2t; F=array<u64,M>; G=u64; vector_fixed_prime_setup; local_expand; tcp_two_process; p1_noisy_vole_sender; real_libOTe_NoisyVole_split_input_length_2t; F=array<u64,M>; G=u64; vector_fixed_prime_setup; local_expand"
2026-07-26T05:58:11.438571+00:00,4a917afb6ebeca9bce885fae7f25d0ac0264ecb6,RMVOLE_NET_BENCH,RM_VECTOR_GENERIC_SPLIT,vector,split-input-vole,LOCAL_TCP,tcp-loopback,bench,-1,1,OK,PASS,18,262144,64,128,16,556.289,1073.636,130.941,237.428,148.978,142.677,,2,,0,0,16812104,163208,16829672,145640,16975168,132618.5,4.0471954345703125,"tcp_two_process; p0_noisy_vole_receiver; real_libOTe_NoisyVole_split_input_length_2t; F=array<u64,M>; G=u64; vector_fixed_prime_setup; local_expand; tcp_two_process; p1_noisy_vole_sender; real_libOTe_NoisyVole_split_input_length_2t; F=array<u64,M>; G=u64; vector_fixed_prime_setup; local_expand"
2026-07-26T05:58:12.393529+00:00,4a917afb6ebeca9bce885fae7f25d0ac0264ecb6,RMVOLE_NET_BENCH,RM_VECTOR_GENERIC_SPLIT,vector,split-input-vole,LOCAL_TCP,tcp-loopback,bench,0,0,OK,PASS,18,262144,64,128,16,576.488,1119.2640000000001,125.21099999999998,267.31100000000004,150.253,142.768,,2,,0,0,16812104,163208,16829672,145640,16975168,132618.5,4.0471954345703125,"tcp_two_process; p0_noisy_vole_receiver; real_libOTe_NoisyVole_split_input_length_2t; F=array<u64,M>; G=u64; vector_fixed_prime_setup; local_expand; tcp_two_process; p1_noisy_vole_sender; real_libOTe_NoisyVole_split_input_length_2t; F=array<u64,M>; G=u64; vector_fixed_prime_setup; local_expand"
2026-07-26T05:58:13.398900+00:00,4a917afb6ebeca9bce885fae7f25d0ac0264ecb6,RMVOLE_NET_BENCH,RM_VECTOR_GENERIC_SPLIT,vector,split-input-vole,LOCAL_TCP,tcp-loopback,bench,1,0,OK,PASS,18,262144,64,128,16,586.022,1142.356,124.447,281.872,150.01500000000001,142.25099999999998,,2,,0,0,16812104,163208,16829672,145640,16975168,132618.5,4.0471954345703125,"tcp_two_process; p0_noisy_vole_receiver; real_libOTe_NoisyVole_split_input_length_2t; F=array<u64,M>; G=u64; vector_fixed_prime_setup; local_expand; tcp_two_process; p1_noisy_vole_sender; real_libOTe_NoisyVole_split_input_length_2t; F=array<u64,M>; G=u64; vector_fixed_prime_setup; local_expand"
2026-07-26T05:58:14.303985+00:00,4a917afb6ebeca9bce885fae7f25d0ac0264ecb6,RMVOLE_NET_BENCH,RM_VECTOR_GENERIC_SPLIT,vector,split-input-vole,LOCAL_TCP,tcp-loopback,bench,2,0,OK,PASS,18,262144,64,128,16,545.732,1048.126,124.30099999999999,227.065,151.028,143.986,,2,,0,0,16812104,163208,16829672,145640,16975168,132618.5,4.0471954345703125,"tcp_two_process; p0_noisy_vole_receiver; real_libOTe_NoisyVole_split_input_length_2t; F=array<u64,M>; G=u64; vector_fixed_prime_setup; local_expand; tcp_two_process; p1_noisy_vole_sender; real_libOTe_NoisyVole_split_input_length_2t; F=array<u64,M>; G=u64; vector_fixed_prime_setup; local_expand"
2026-07-26T05:58:15.259025+00:00,4a917afb6ebeca9bce885fae7f25d0ac0264ecb6,RMVOLE_NET_BENCH,RM_VECTOR_GENERIC_SPLIT,vector,split-input-vole,LOCAL_TCP,tcp-loopback,bench,3,0,OK,PASS,18,262144,64,128,16,560.589,1091.371,132.67399999999998,234.673,163.435,143.4,,2,,0,0,16812104,163208,16829672,145640,16975168,132618.5,4.0471954345703125,"tcp_two_process; p0_noisy_vole_receiver; real_libOTe_NoisyVole_split_input_length_2t; F=array<u64,M>; G=u64; vector_fixed_prime_setup; local_expand; tcp_two_process; p1_noisy_vole_sender; real_libOTe_NoisyVole_split_input_length_2t; F=array<u64,M>; G=u64; vector_fixed_prime_setup; local_expand"
2026-07-26T05:58:16.214267+00:00,4a917afb6ebeca9bce885fae7f25d0ac0264ecb6,RMVOLE_NET_BENCH,RM_VECTOR_GENERIC_SPLIT,vector,split-input-vole,LOCAL_TCP,tcp-loopback,bench,4,0,OK,PASS,18,262144,64,128,16,538.2869999999999,1048.27,124.329,234.58300000000003,151.071,142.844,,2,,0,0,16812104,163208,16829672,145640,16975168,132618.5,4.0471954345703125,"tcp_two_process; p0_noisy_vole_receiver; real_libOTe_NoisyVole_split_input_length_2t; F=array<u64,M>; G=u64; vector_fixed_prime_setup; local_expand; tcp_two_process; p1_noisy_vole_sender; real_libOTe_NoisyVole_split_input_length_2t; F=array<u64,M>; G=u64; vector_fixed_prime_setup; local_expand"
2026-07-26T05:58:17.219394+00:00,4a917afb6ebeca9bce885fae7f25d0ac0264ecb6,RMVOLE_NET_BENCH,RM_VECTOR_GENERIC_SPLIT,vector,split-input-vole,LOCAL_TCP,tcp-loopback,bench,5,0,OK,PASS,18,262144,64,128,16,585.546,1137.695,138.65,262.827,150.672,150.24599999999998,,2,,0,0,16812104,163208,16829672,145640,16975168,132618.5,4.0471954345703125,"tcp_two_process; p0_noisy_vole_receiver; real_libOTe_NoisyVole_split_input_length_2t; F=array<u64,M>; G=u64; vector_fixed_prime_setup; local_expand; tcp_two_process; p1_noisy_vole_sender; real_libOTe_NoisyVole_split_input_length_2t; F=array<u64,M>; G=u64; vector_fixed_prime_setup; local_expand"
2026-07-26T05:58:18.274447+00:00,4a917afb6ebeca9bce885fae7f25d0ac0264ecb6,RMVOLE_NET_BENCH,RM_VECTOR_GENERIC_SPLIT,vector,split-input-vole,LOCAL_TCP,tcp-loopback,bench,6,0,OK,PASS,18,262144,64,128,16,650.649,1273.458,159.20000000000002,256.455,207.155,197.92499999999998,,2,,0,0,16812104,163208,16829672,145640,16975168,132618.5,4.0471954345703125,"tcp_two_process; p0_noisy_vole_receiver; real_libOTe_NoisyVole_split_input_length_2t; F=array<u64,M>; G=u64; vector_fixed_prime_setup; local_expand; tcp_two_process; p1_noisy_vole_sender; real_libOTe_NoisyVole_split_input_length_2t; F=array<u64,M>; G=u64; vector_fixed_prime_setup; local_expand"
2026-07-26T05:58:19.229464+00:00,4a917afb6ebeca9bce885fae7f25d0ac0264ecb6,RMVOLE_NET_BENCH,RM_VECTOR_GENERIC_SPLIT,vector,split-input-vole,LOCAL_TCP,tcp-loopback,bench,7,0,OK,PASS,18,262144,64,128,16,543.76,1050.636,125.389,230.283,151.204,144.476,,2,,0,0,16812104,163208,16829672,145640,16975168,132618.5,4.0471954345703125,"tcp_two_process; p0_noisy_vole_receiver; real_libOTe_NoisyVole_split_input_length_2t; F=array<u64,M>; G=u64; vector_fixed_prime_setup; local_expand; tcp_two_process; p1_noisy_vole_sender; real_libOTe_NoisyVole_split_input_length_2t; F=array<u64,M>; G=u64; vector_fixed_prime_setup; local_expand"
2026-07-26T05:58:20.184245+00:00,4a917afb6ebeca9bce885fae7f25d0ac0264ecb6,RMVOLE_NET_BENCH,RM_VECTOR_GENERIC_SPLIT,vector,split-input-vole,LOCAL_TCP,tcp-loopback,bench,8,0,OK,PASS,18,262144,64,128,16,546.7769999999999,1052.828,125.23100000000001,231.691,149.12900000000002,142.58100000000002,,2,,0,0,16812104,163208,16829672,145640,16975168,132618.5,4.0471954345703125,"tcp_two_process; p0_noisy_vole_receiver; real_libOTe_NoisyVole_split_input_length_2t; F=array<u64,M>; G=u64; vector_fixed_prime_setup; local_expand; tcp_two_process; p1_noisy_vole_sender; real_libOTe_NoisyVole_split_input_length_2t; F=array<u64,M>; G=u64; vector_fixed_prime_setup; local_expand"
2026-07-26T05:58:21.190500+00:00,4a917afb6ebeca9bce885fae7f25d0ac0264ecb6,RMVOLE_NET_BENCH,RM_VECTOR_GENERIC_SPLIT,vector,split-input-vole,LOCAL_TCP,tcp-loopback,bench,9,0,OK,PASS,18,262144,64,128,16,607.7669999999999,1167.6989999999998,125.003,284.84700000000004,150.082,158.417,,2,,0,0,16812104,163208,16829672,145640,16975168,132618.5,4.0471954345703125,"tcp_two_process; p0_noisy_vole_receiver; real_libOTe_NoisyVole_split_input_length_2t; F=array<u64,M>; G=u64; vector_fixed_prime_setup; local_expand; tcp_two_process; p1_noisy_vole_sender; real_libOTe_NoisyVole_split_input_length_2t; F=array<u64,M>; G=u64; vector_fixed_prime_setup; local_expand"
2026-07-26T05:58:23.597691+00:00,4a917afb6ebeca9bce885fae7f25d0ac0264ecb6,RMVOLE_NET_BENCH,RM_COORD_GENERIC_SPLIT,coordinate,split-input-vole,LOCAL_TCP,tcp-loopback,verify,-2,0,OK,PASS,18,262144,64,128,16,1972.225,3908.9269999999997,124.221,1659.571,152.911,145.31,,32,,0,0,16812104,37276984,53264632,824600,0,0.0,0.0,"tcp_two_process; p0_noisy_vole_receiver; real_libOTe_NoisyVole_split_input_length_2t; F=array<u64,M>; G=u64; coordinate_scalar_fixed_prime_setup; local_expand; tcp_two_process; p1_noisy_vole_sender; real_libOTe_NoisyVole_split_input_length_2t; F=array<u64,M>; G=u64; coordinate_scalar_fixed_prime_setup; local_expand"
2026-07-26T05:58:26.207485+00:00,4a917afb6ebeca9bce885fae7f25d0ac0264ecb6,RMVOLE_NET_BENCH,RM_COORD_GENERIC_SPLIT,coordinate,split-input-vole,LOCAL_TCP,tcp-loopback,bench,-1,1,OK,PASS,18,262144,64,128,16,2241.523,4446.796,124.916,1928.862,151.495,144.447,,32,,0,0,16812104,1625528,17613032,824600,18437488,144042.875,4.395839691162109,"tcp_two_process; p0_noisy_vole_receiver; real_libOTe_NoisyVole_split_input_length_2t; F=array<u64,M>; G=u64; coordinate_scalar_fixed_prime_setup; local_expand; tcp_two_process; p1_noisy_vole_sender; real_libOTe_NoisyVole_split_input_length_2t; F=array<u64,M>; G=u64; coordinate_scalar_fixed_prime_setup; local_expand"
2026-07-26T05:58:28.716347+00:00,4a917afb6ebeca9bce885fae7f25d0ac0264ecb6,RMVOLE_NET_BENCH,RM_COORD_GENERIC_SPLIT,coordinate,split-input-vole,LOCAL_TCP,tcp-loopback,bench,0,0,OK,PASS,18,262144,64,128,16,2173.623,4289.018999999999,134.874,1828.669,151.85299999999998,161.756,,32,,0,0,16812104,1625528,17613032,824600,18437488,144042.875,4.395839691162109,"tcp_two_process; p0_noisy_vole_receiver; real_libOTe_NoisyVole_split_input_length_2t; F=array<u64,M>; G=u64; coordinate_scalar_fixed_prime_setup; local_expand; tcp_two_process; p1_noisy_vole_sender; real_libOTe_NoisyVole_split_input_length_2t; F=array<u64,M>; G=u64; coordinate_scalar_fixed_prime_setup; local_expand"
2026-07-26T05:58:31.175236+00:00,4a917afb6ebeca9bce885fae7f25d0ac0264ecb6,RMVOLE_NET_BENCH,RM_COORD_GENERIC_SPLIT,coordinate,split-input-vole,LOCAL_TCP,tcp-loopback,bench,1,0,OK,PASS,18,262144,64,128,16,2094.068,4132.8279999999995,123.64,1763.8709999999999,151.249,162.45999999999998,,32,,0,0,16812104,1625528,17613032,824600,18437488,144042.875,4.395839691162109,"tcp_two_process; p0_noisy_vole_receiver; real_libOTe_NoisyVole_split_input_length_2t; F=array<u64,M>; G=u64; coordinate_scalar_fixed_prime_setup; local_expand; tcp_two_process; p1_noisy_vole_sender; real_libOTe_NoisyVole_split_input_length_2t; F=array<u64,M>; G=u64; coordinate_scalar_fixed_prime_setup; local_expand"
2026-07-26T05:58:33.732776+00:00,4a917afb6ebeca9bce885fae7f25d0ac0264ecb6,RMVOLE_NET_BENCH,RM_COORD_GENERIC_SPLIT,coordinate,split-input-vole,LOCAL_TCP,tcp-loopback,bench,2,0,OK,PASS,18,262144,64,128,16,2186.472,4349.29,124.778,1886.1000000000001,151.94,145.821,,32,,0,0,16812104,1625528,17613032,824600,18437488,144042.875,4.395839691162109,"tcp_two_process; p0_noisy_vole_receiver; real_libOTe_NoisyVole_split_input_length_2t; F=array<u64,M>; G=u64; coordinate_scalar_fixed_prime_setup; local_expand; tcp_two_process; p1_noisy_vole_sender; real_libOTe_NoisyVole_split_input_length_2t; F=array<u64,M>; G=u64; coordinate_scalar_fixed_prime_setup; local_expand"
2026-07-26T05:58:36.092235+00:00,4a917afb6ebeca9bce885fae7f25d0ac0264ecb6,RMVOLE_NET_BENCH,RM_COORD_GENERIC_SPLIT,coordinate,split-input-vole,LOCAL_TCP,tcp-loopback,bench,3,0,OK,PASS,18,262144,64,128,16,1967.037,3912.065,123.764,1633.316,209.957,145.734,,32,,0,0,16812104,1625528,17613032,824600,18437488,144042.875,4.395839691162109,"tcp_two_process; p0_noisy_vole_receiver; real_libOTe_NoisyVole_split_input_length_2t; F=array<u64,M>; G=u64; coordinate_scalar_fixed_prime_setup; local_expand; tcp_two_process; p1_noisy_vole_sender; real_libOTe_NoisyVole_split_input_length_2t; F=array<u64,M>; G=u64; coordinate_scalar_fixed_prime_setup; local_expand"
2026-07-26T05:58:38.398659+00:00,4a917afb6ebeca9bce885fae7f25d0ac0264ecb6,RMVOLE_NET_BENCH,RM_COORD_GENERIC_SPLIT,coordinate,split-input-vole,LOCAL_TCP,tcp-loopback,bench,4,0,OK,PASS,18,262144,64,128,16,1944.2520000000002,3853.12,124.351,1632.568,151.949,145.264,,32,,0,0,16812104,1625528,17613032,824600,18437488,144042.875,4.395839691162109,"tcp_two_process; p0_noisy_vole_receiver; real_libOTe_NoisyVole_split_input_length_2t; F=array<u64,M>; G=u64; coordinate_scalar_fixed_prime_setup; local_expand; tcp_two_process; p1_noisy_vole_sender; real_libOTe_NoisyVole_split_input_length_2t; F=array<u64,M>; G=u64; coordinate_scalar_fixed_prime_setup; local_expand"
2026-07-26T05:58:40.905740+00:00,4a917afb6ebeca9bce885fae7f25d0ac0264ecb6,RMVOLE_NET_BENCH,RM_COORD_GENERIC_SPLIT,coordinate,split-input-vole,LOCAL_TCP,tcp-loopback,bench,5,0,OK,PASS,18,262144,64,128,16,2148.616,4264.871,124.60300000000001,1841.0,150.65200000000002,145.817,,32,,0,0,16812104,1625528,17613032,824600,18437488,144042.875,4.395839691162109,"tcp_two_process; p0_noisy_vole_receiver; real_libOTe_NoisyVole_split_input_length_2t; F=array<u64,M>; G=u64; coordinate_scalar_fixed_prime_setup; local_expand; tcp_two_process; p1_noisy_vole_sender; real_libOTe_NoisyVole_split_input_length_2t; F=array<u64,M>; G=u64; coordinate_scalar_fixed_prime_setup; local_expand"
2026-07-26T05:58:43.263040+00:00,4a917afb6ebeca9bce885fae7f25d0ac0264ecb6,RMVOLE_NET_BENCH,RM_COORD_GENERIC_SPLIT,coordinate,split-input-vole,LOCAL_TCP,tcp-loopback,bench,6,0,OK,PASS,18,262144,64,128,16,1982.33,3928.565,124.64999999999999,1669.0069999999998,152.578,146.76,,32,,0,0,16812104,1625528,17613032,824600,18437488,144042.875,4.395839691162109,"tcp_two_process; p0_noisy_vole_receiver; real_libOTe_NoisyVole_split_input_length_2t; F=array<u64,M>; G=u64; coordinate_scalar_fixed_prime_setup; local_expand; tcp_two_process; p1_noisy_vole_sender; real_libOTe_NoisyVole_split_input_length_2t; F=array<u64,M>; G=u64; coordinate_scalar_fixed_prime_setup; local_expand"
2026-07-26T05:58:45.670454+00:00,4a917afb6ebeca9bce885fae7f25d0ac0264ecb6,RMVOLE_NET_BENCH,RM_COORD_GENERIC_SPLIT,coordinate,split-input-vole,LOCAL_TCP,tcp-loopback,bench,7,0,OK,PASS,18,262144,64,128,16,1998.366,3969.0750000000003,131.716,1683.375,155.618,148.861,,32,,0,0,16812104,1625528,17613032,824600,18437488,144042.875,4.395839691162109,"tcp_two_process; p0_noisy_vole_receiver; real_libOTe_NoisyVole_split_input_length_2t; F=array<u64,M>; G=u64; coordinate_scalar_fixed_prime_setup; local_expand; tcp_two_process; p1_noisy_vole_sender; real_libOTe_NoisyVole_split_input_length_2t; F=array<u64,M>; G=u64; coordinate_scalar_fixed_prime_setup; local_expand"
2026-07-26T05:58:48.078447+00:00,4a917afb6ebeca9bce885fae7f25d0ac0264ecb6,RMVOLE_NET_BENCH,RM_COORD_GENERIC_SPLIT,coordinate,split-input-vole,LOCAL_TCP,tcp-loopback,bench,8,0,OK,PASS,18,262144,64,128,16,2063.291,4088.261,128.39800000000002,1739.129,157.443,152.59900000000002,,32,,0,0,16812104,1625528,17613032,824600,18437488,144042.875,4.395839691162109,"tcp_two_process; p0_noisy_vole_receiver; real_libOTe_NoisyVole_split_input_length_2t; F=array<u64,M>; G=u64; coordinate_scalar_fixed_prime_setup; local_expand; tcp_two_process; p1_noisy_vole_sender; real_libOTe_NoisyVole_split_input_length_2t; F=array<u64,M>; G=u64; coordinate_scalar_fixed_prime_setup; local_expand"
2026-07-26T05:58:50.535270+00:00,4a917afb6ebeca9bce885fae7f25d0ac0264ecb6,RMVOLE_NET_BENCH,RM_COORD_GENERIC_SPLIT,coordinate,split-input-vole,LOCAL_TCP,tcp-loopback,bench,9,0,OK,PASS,18,262144,64,128,16,2074.7309999999998,4114.053999999999,124.959,1762.8760000000002,151.488,145.036,,32,,0,0,16812104,1625528,17613032,824600,18437488,144042.875,4.395839691162109,"tcp_two_process; p0_noisy_vole_receiver; real_libOTe_NoisyVole_split_input_length_2t; F=array<u64,M>; G=u64; coordinate_scalar_fixed_prime_setup; local_expand; tcp_two_process; p1_noisy_vole_sender; real_libOTe_NoisyVole_split_input_length_2t; F=array<u64,M>; G=u64; coordinate_scalar_fixed_prime_setup; local_expand"
2026-07-26T05:58:51.389861+00:00,4a917afb6ebeca9bce885fae7f25d0ac0264ecb6,RMVOLE_NET_BENCH,RM_VECTOR_OPT,vector,split-input-coeff-ot,LOCAL_TCP,tcp-loopback,verify,-2,0,OK,PASS,18,262144,64,128,16,386.092,761.6529999999999,11.027000000000001,198.913,165.61999999999998,144.85,,2,,0,0,2378072,35814664,35828984,2363896,0,0.0,0.0,tcp_two_process; p0_coeff_bit_ot_receiver; SPLIT_COEFF_OT; one_batched_Kos_chosen_message_OT; vector_fixed_prime_setup; local_expand; tcp_two_process; p1_coeff_bit_ot_sender; SPLIT_COEFF_OT; one_batched_Kos_chosen_message_OT; vector_fixed_prime_setup; local_expand
2026-07-26T05:58:52.244704+00:00,4a917afb6ebeca9bce885fae7f25d0ac0264ecb6,RMVOLE_NET_BENCH,RM_VECTOR_OPT,vector,split-input-coeff-ot,LOCAL_TCP,tcp-loopback,bench,-1,1,OK,PASS,18,262144,64,128,16,444.673,828.535,12.853,204.05100000000002,166.958,142.614,,2,,0,0,2378072,163208,177384,2363896,2541136,19852.625,0.6058540344238281,tcp_two_process; p0_coeff_bit_ot_receiver; SPLIT_COEFF_OT; one_batched_Kos_chosen_message_OT; vector_fixed_prime_setup; local_expand; tcp_two_process; p1_coeff_bit_ot_sender; SPLIT_COEFF_OT; one_batched_Kos_chosen_message_OT; vector_fixed_prime_setup; local_expand
2026-07-26T05:58:53.049383+00:00,4a917afb6ebeca9bce885fae7f25d0ac0264ecb6,RMVOLE_NET_BENCH,RM_VECTOR_OPT,vector,split-input-coeff-ot,LOCAL_TCP,tcp-loopback,bench,0,0,OK,PASS,18,262144,64,128,16,383.567,751.256,12.27,202.035,153.384,146.285,,2,,0,0,2378072,163208,177384,2363896,2541136,19852.625,0.6058540344238281,tcp_two_process; p0_coeff_bit_ot_receiver; SPLIT_COEFF_OT; one_batched_Kos_chosen_message_OT; vector_fixed_prime_setup; local_expand; tcp_two_process; p1_coeff_bit_ot_sender; SPLIT_COEFF_OT; one_batched_Kos_chosen_message_OT; vector_fixed_prime_setup; local_expand
2026-07-26T05:58:53.853977+00:00,4a917afb6ebeca9bce885fae7f25d0ac0264ecb6,RMVOLE_NET_BENCH,RM_VECTOR_OPT,vector,split-input-coeff-ot,LOCAL_TCP,tcp-loopback,bench,1,0,OK,PASS,18,262144,64,128,16,386.454,746.818,11.211,199.573,149.57999999999998,143.03099999999998,,2,,0,0,2378072,163208,177384,2363896,2541136,19852.625,0.6058540344238281,tcp_two_process; p0_coeff_bit_ot_receiver; SPLIT_COEFF_OT; one_batched_Kos_chosen_message_OT; vector_fixed_prime_setup; local_expand; tcp_two_process; p1_coeff_bit_ot_sender; SPLIT_COEFF_OT; one_batched_Kos_chosen_message_OT; vector_fixed_prime_setup; local_expand
2026-07-26T05:58:54.658433+00:00,4a917afb6ebeca9bce885fae7f25d0ac0264ecb6,RMVOLE_NET_BENCH,RM_VECTOR_OPT,vector,split-input-coeff-ot,LOCAL_TCP,tcp-loopback,bench,2,0,OK,PASS,18,262144,64,128,16,380.42199999999997,740.347,11.056,199.373,149.49599999999998,142.703,,2,,0,0,2378072,163208,177384,2363896,2541136,19852.625,0.6058540344238281,tcp_two_process; p0_coeff_bit_ot_receiver; SPLIT_COEFF_OT; one_batched_Kos_chosen_message_OT; vector_fixed_prime_setup; local_expand; tcp_two_process; p1_coeff_bit_ot_sender; SPLIT_COEFF_OT; one_batched_Kos_chosen_message_OT; vector_fixed_prime_setup; local_expand
2026-07-26T05:58:55.463874+00:00,4a917afb6ebeca9bce885fae7f25d0ac0264ecb6,RMVOLE_NET_BENCH,RM_VECTOR_OPT,vector,split-input-coeff-ot,LOCAL_TCP,tcp-loopback,bench,3,0,OK,PASS,18,262144,64,128,16,381.284,742.3100000000001,11.128,201.722,148.17600000000002,142.493,,2,,0,0,2378072,163208,177384,2363896,2541136,19852.625,0.6058540344238281,tcp_two_process; p0_coeff_bit_ot_receiver; SPLIT_COEFF_OT; one_batched_Kos_chosen_message_OT; vector_fixed_prime_setup; local_expand; tcp_two_process; p1_coeff_bit_ot_sender; SPLIT_COEFF_OT; one_batched_Kos_chosen_message_OT; vector_fixed_prime_setup; local_expand
2026-07-26T05:58:56.269044+00:00,4a917afb6ebeca9bce885fae7f25d0ac0264ecb6,RMVOLE_NET_BENCH,RM_VECTOR_OPT,vector,split-input-coeff-ot,LOCAL_TCP,tcp-loopback,bench,4,0,OK,PASS,18,262144,64,128,16,405.678,766.1179999999999,11.168000000000001,200.272,149.0,158.601,,2,,0,0,2378072,163208,177384,2363896,2541136,19852.625,0.6058540344238281,tcp_two_process; p0_coeff_bit_ot_receiver; SPLIT_COEFF_OT; one_batched_Kos_chosen_message_OT; vector_fixed_prime_setup; local_expand; tcp_two_process; p1_coeff_bit_ot_sender; SPLIT_COEFF_OT; one_batched_Kos_chosen_message_OT; vector_fixed_prime_setup; local_expand
2026-07-26T05:58:57.074151+00:00,4a917afb6ebeca9bce885fae7f25d0ac0264ecb6,RMVOLE_NET_BENCH,RM_VECTOR_OPT,vector,split-input-coeff-ot,LOCAL_TCP,tcp-loopback,bench,5,0,OK,PASS,18,262144,64,128,16,360.047,715.13,11.122,199.043,149.88199999999998,143.11599999999999,,2,,0,0,2378072,163208,177384,2363896,2541136,19852.625,0.6058540344238281,tcp_two_process; p0_coeff_bit_ot_receiver; SPLIT_COEFF_OT; one_batched_Kos_chosen_message_OT; vector_fixed_prime_setup; local_expand; tcp_two_process; p1_coeff_bit_ot_sender; SPLIT_COEFF_OT; one_batched_Kos_chosen_message_OT; vector_fixed_prime_setup; local_expand
2026-07-26T05:58:57.879151+00:00,4a917afb6ebeca9bce885fae7f25d0ac0264ecb6,RMVOLE_NET_BENCH,RM_VECTOR_OPT,vector,split-input-coeff-ot,LOCAL_TCP,tcp-loopback,bench,6,0,OK,PASS,18,262144,64,128,16,380.92199999999997,745.2090000000001,11.218,199.353,153.71599999999998,143.013,,2,,0,0,2378072,163208,177384,2363896,2541136,19852.625,0.6058540344238281,tcp_two_process; p0_coeff_bit_ot_receiver; SPLIT_COEFF_OT; one_batched_Kos_chosen_message_OT; vector_fixed_prime_setup; local_expand; tcp_two_process; p1_coeff_bit_ot_sender; SPLIT_COEFF_OT; one_batched_Kos_chosen_message_OT; vector_fixed_prime_setup; local_expand
2026-07-26T05:58:58.733787+00:00,4a917afb6ebeca9bce885fae7f25d0ac0264ecb6,RMVOLE_NET_BENCH,RM_VECTOR_OPT,vector,split-input-coeff-ot,LOCAL_TCP,tcp-loopback,bench,7,0,OK,PASS,18,262144,64,128,16,433.043,828.717,12.658000000000001,233.319,149.697,143.12,,2,,0,0,2378072,163208,177384,2363896,2541136,19852.625,0.6058540344238281,tcp_two_process; p0_coeff_bit_ot_receiver; SPLIT_COEFF_OT; one_batched_Kos_chosen_message_OT; vector_fixed_prime_setup; local_expand; tcp_two_process; p1_coeff_bit_ot_sender; SPLIT_COEFF_OT; one_batched_Kos_chosen_message_OT; vector_fixed_prime_setup; local_expand
2026-07-26T05:58:59.538461+00:00,4a917afb6ebeca9bce885fae7f25d0ac0264ecb6,RMVOLE_NET_BENCH,RM_VECTOR_OPT,vector,split-input-coeff-ot,LOCAL_TCP,tcp-loopback,bench,8,0,OK,PASS,18,262144,64,128,16,380.844,738.5619999999999,10.99,197.201,149.527,142.816,,2,,0,0,2378072,163208,177384,2363896,2541136,19852.625,0.6058540344238281,tcp_two_process; p0_coeff_bit_ot_receiver; SPLIT_COEFF_OT; one_batched_Kos_chosen_message_OT; vector_fixed_prime_setup; local_expand; tcp_two_process; p1_coeff_bit_ot_sender; SPLIT_COEFF_OT; one_batched_Kos_chosen_message_OT; vector_fixed_prime_setup; local_expand
2026-07-26T05:59:00.343167+00:00,4a917afb6ebeca9bce885fae7f25d0ac0264ecb6,RMVOLE_NET_BENCH,RM_VECTOR_OPT,vector,split-input-coeff-ot,LOCAL_TCP,tcp-loopback,bench,9,0,OK,PASS,18,262144,64,128,16,383.611,740.815,11.079,195.67499999999998,150.449,144.434,,2,,0,0,2378072,163208,177384,2363896,2541136,19852.625,0.6058540344238281,tcp_two_process; p0_coeff_bit_ot_receiver; SPLIT_COEFF_OT; one_batched_Kos_chosen_message_OT; vector_fixed_prime_setup; local_expand; tcp_two_process; p1_coeff_bit_ot_sender; SPLIT_COEFF_OT; one_batched_Kos_chosen_message_OT; vector_fixed_prime_setup; local_expand
2026-07-26T05:59:02.549953+00:00,4a917afb6ebeca9bce885fae7f25d0ac0264ecb6,RMVOLE_NET_BENCH,RM_COORD_OPT,coordinate,split-input-coeff-ot,LOCAL_TCP,tcp-loopback,verify,-2,0,OK,PASS,18,262144,64,128,16,1784.632,3547.394,11.129999999999999,1599.1290000000001,152.503,145.279,,32,,0,0,2378072,37276984,36612344,3042856,0,0.0,0.0,tcp_two_process; p0_coeff_bit_ot_receiver; SPLIT_COEFF_OT; one_batched_Kos_chosen_message_OT; coordinate_scalar_fixed_prime_setup; local_expand; tcp_two_process; p1_coeff_bit_ot_sender; SPLIT_COEFF_OT; one_batched_Kos_chosen_message_OT; coordinate_scalar_fixed_prime_setup; local_expand
2026-07-26T05:59:04.856612+00:00,4a917afb6ebeca9bce885fae7f25d0ac0264ecb6,RMVOLE_NET_BENCH,RM_COORD_OPT,coordinate,split-input-coeff-ot,LOCAL_TCP,tcp-loopback,bench,-1,1,OK,PASS,18,262144,64,128,16,1949.7720000000002,3859.419,12.696000000000002,1745.023,151.928,162.177,,32,,0,0,2378072,1625528,960744,3042856,4003456,31277.0,0.954498291015625,tcp_two_process; p0_coeff_bit_ot_receiver; SPLIT_COEFF_OT; one_batched_Kos_chosen_message_OT; coordinate_scalar_fixed_prime_setup; local_expand; tcp_two_process; p1_coeff_bit_ot_sender; SPLIT_COEFF_OT; one_batched_Kos_chosen_message_OT; coordinate_scalar_fixed_prime_setup; local_expand
2026-07-26T05:59:07.163566+00:00,4a917afb6ebeca9bce885fae7f25d0ac0264ecb6,RMVOLE_NET_BENCH,RM_COORD_OPT,coordinate,split-input-coeff-ot,LOCAL_TCP,tcp-loopback,bench,0,0,OK,PASS,18,262144,64,128,16,1890.182,3767.188,16.72,1707.581,152.705,163.395,,32,,0,0,2378072,1625528,960744,3042856,4003456,31277.0,0.954498291015625,tcp_two_process; p0_coeff_bit_ot_receiver; SPLIT_COEFF_OT; one_batched_Kos_chosen_message_OT; coordinate_scalar_fixed_prime_setup; local_expand; tcp_two_process; p1_coeff_bit_ot_sender; SPLIT_COEFF_OT; one_batched_Kos_chosen_message_OT; coordinate_scalar_fixed_prime_setup; local_expand
2026-07-26T05:59:09.470255+00:00,4a917afb6ebeca9bce885fae7f25d0ac0264ecb6,RMVOLE_NET_BENCH,RM_COORD_OPT,coordinate,split-input-coeff-ot,LOCAL_TCP,tcp-loopback,bench,1,0,OK,PASS,18,262144,64,128,16,1921.665,3805.3360000000002,11.068,1720.938,151.666,163.23399999999998,,32,,0,0,2378072,1625528,960744,3042856,4003456,31277.0,0.954498291015625,tcp_two_process; p0_coeff_bit_ot_receiver; SPLIT_COEFF_OT; one_batched_Kos_chosen_message_OT; coordinate_scalar_fixed_prime_setup; local_expand; tcp_two_process; p1_coeff_bit_ot_sender; SPLIT_COEFF_OT; one_batched_Kos_chosen_message_OT; coordinate_scalar_fixed_prime_setup; local_expand
2026-07-26T05:59:11.778027+00:00,4a917afb6ebeca9bce885fae7f25d0ac0264ecb6,RMVOLE_NET_BENCH,RM_COORD_OPT,coordinate,split-input-coeff-ot,LOCAL_TCP,tcp-loopback,bench,2,0,OK,PASS,18,262144,64,128,16,1952.4550000000002,3868.522,11.041,1708.33,196.696,201.346,,32,,0,0,2378072,1625528,960744,3042856,4003456,31277.0,0.954498291015625,tcp_two_process; p0_coeff_bit_ot_receiver; SPLIT_COEFF_OT; one_batched_Kos_chosen_message_OT; coordinate_scalar_fixed_prime_setup; local_expand; tcp_two_process; p1_coeff_bit_ot_sender; SPLIT_COEFF_OT; one_batched_Kos_chosen_message_OT; coordinate_scalar_fixed_prime_setup; local_expand
2026-07-26T05:59:14.135356+00:00,4a917afb6ebeca9bce885fae7f25d0ac0264ecb6,RMVOLE_NET_BENCH,RM_COORD_OPT,coordinate,split-input-coeff-ot,LOCAL_TCP,tcp-loopback,bench,3,0,OK,PASS,18,262144,64,128,16,1953.046,3903.2340000000004,18.514,1771.471,160.203,148.506,,32,,0,0,2378072,1625528,960744,3042856,4003456,31277.0,0.954498291015625,tcp_two_process; p0_coeff_bit_ot_receiver; SPLIT_COEFF_OT; one_batched_Kos_chosen_message_OT; coordinate_scalar_fixed_prime_setup; local_expand; tcp_two_process; p1_coeff_bit_ot_sender; SPLIT_COEFF_OT; one_batched_Kos_chosen_message_OT; coordinate_scalar_fixed_prime_setup; local_expand
2026-07-26T05:59:16.393504+00:00,4a917afb6ebeca9bce885fae7f25d0ac0264ecb6,RMVOLE_NET_BENCH,RM_COORD_OPT,coordinate,split-input-coeff-ot,LOCAL_TCP,tcp-loopback,bench,4,0,OK,PASS,18,262144,64,128,16,1866.609,3709.2239999999997,11.084,1679.865,151.666,145.407,,32,,0,0,2378072,1625528,960744,3042856,4003456,31277.0,0.954498291015625,tcp_two_process; p0_coeff_bit_ot_receiver; SPLIT_COEFF_OT; one_batched_Kos_chosen_message_OT; coordinate_scalar_fixed_prime_setup; local_expand; tcp_two_process; p1_coeff_bit_ot_sender; SPLIT_COEFF_OT; one_batched_Kos_chosen_message_OT; coordinate_scalar_fixed_prime_setup; local_expand
2026-07-26T05:59:18.750650+00:00,4a917afb6ebeca9bce885fae7f25d0ac0264ecb6,RMVOLE_NET_BENCH,RM_COORD_OPT,coordinate,split-input-coeff-ot,LOCAL_TCP,tcp-loopback,bench,5,0,OK,PASS,18,262144,64,128,16,1968.146,3904.807,13.181999999999999,1752.747,170.733,162.499,,32,,0,0,2378072,1625528,960744,3042856,4003456,31277.0,0.954498291015625,tcp_two_process; p0_coeff_bit_ot_receiver; SPLIT_COEFF_OT; one_batched_Kos_chosen_message_OT; coordinate_scalar_fixed_prime_setup; local_expand; tcp_two_process; p1_coeff_bit_ot_sender; SPLIT_COEFF_OT; one_batched_Kos_chosen_message_OT; coordinate_scalar_fixed_prime_setup; local_expand
2026-07-26T05:59:21.107871+00:00,4a917afb6ebeca9bce885fae7f25d0ac0264ecb6,RMVOLE_NET_BENCH,RM_COORD_OPT,coordinate,split-input-coeff-ot,LOCAL_TCP,tcp-loopback,bench,6,0,OK,PASS,18,262144,64,128,16,1937.1499999999999,3862.324,11.010000000000002,1719.952,194.212,173.37800000000001,,32,,0,0,2378072,1625528,960744,3042856,4003456,31277.0,0.954498291015625,tcp_two_process; p0_coeff_bit_ot_receiver; SPLIT_COEFF_OT; one_batched_Kos_chosen_message_OT; coordinate_scalar_fixed_prime_setup; local_expand; tcp_two_process; p1_coeff_bit_ot_sender; SPLIT_COEFF_OT; one_batched_Kos_chosen_message_OT; coordinate_scalar_fixed_prime_setup; local_expand
2026-07-26T05:59:23.364305+00:00,4a917afb6ebeca9bce885fae7f25d0ac0264ecb6,RMVOLE_NET_BENCH,RM_COORD_OPT,coordinate,split-input-coeff-ot,LOCAL_TCP,tcp-loopback,bench,7,0,OK,PASS,18,262144,64,128,16,1872.481,3719.7839999999997,11.261999999999999,1683.697,152.344,145.86599999999999,,32,,0,0,2378072,1625528,960744,3042856,4003456,31277.0,0.954498291015625,tcp_two_process; p0_coeff_bit_ot_receiver; SPLIT_COEFF_OT; one_batched_Kos_chosen_message_OT; coordinate_scalar_fixed_prime_setup; local_expand; tcp_two_process; p1_coeff_bit_ot_sender; SPLIT_COEFF_OT; one_batched_Kos_chosen_message_OT; coordinate_scalar_fixed_prime_setup; local_expand
2026-07-26T05:59:25.720983+00:00,4a917afb6ebeca9bce885fae7f25d0ac0264ecb6,RMVOLE_NET_BENCH,RM_COORD_OPT,coordinate,split-input-coeff-ot,LOCAL_TCP,tcp-loopback,bench,8,0,OK,PASS,18,262144,64,128,16,1968.396,3913.5400000000004,11.112,1780.6960000000001,153.336,145.357,,32,,0,0,2378072,1625528,960744,3042856,4003456,31277.0,0.954498291015625,tcp_two_process; p0_coeff_bit_ot_receiver; SPLIT_COEFF_OT; one_batched_Kos_chosen_message_OT; coordinate_scalar_fixed_prime_setup; local_expand; tcp_two_process; p1_coeff_bit_ot_sender; SPLIT_COEFF_OT; one_batched_Kos_chosen_message_OT; coordinate_scalar_fixed_prime_setup; local_expand
2026-07-26T05:59:27.977880+00:00,4a917afb6ebeca9bce885fae7f25d0ac0264ecb6,RMVOLE_NET_BENCH,RM_COORD_OPT,coordinate,split-input-coeff-ot,LOCAL_TCP,tcp-loopback,bench,9,0,OK,PASS,18,262144,64,128,16,1859.002,3694.4249999999997,11.055,1673.269,151.09900000000002,145.478,,32,,0,0,2378072,1625528,960744,3042856,4003456,31277.0,0.954498291015625,tcp_two_process; p0_coeff_bit_ot_receiver; SPLIT_COEFF_OT; one_batched_Kos_chosen_message_OT; coordinate_scalar_fixed_prime_setup; local_expand; tcp_two_process; p1_coeff_bit_ot_sender; SPLIT_COEFF_OT; one_batched_Kos_chosen_message_OT; coordinate_scalar_fixed_prime_setup; local_expand
2026-07-26T05:59:29.734091+00:00,4a917afb6ebeca9bce885fae7f25d0ac0264ecb6,RMVOLE_NET_BENCH,RM_VECTOR_GENERIC_SPLIT,vector,split-input-vole,LOCAL_TCP,tcp-loopback,verify,-2,0,OK,PASS,18,262144,64,128,32,1090.887,2105.949,356.008,361.89300000000003,297.161,295.507,,2,,0,0,67178568,69434632,136367480,245992,0,0.0,0.0,"tcp_two_process; p0_noisy_vole_receiver; real_libOTe_NoisyVole_split_input_length_2t; F=array<u64,M>; G=u64; vector_fixed_prime_setup; local_expand; tcp_two_process; p1_noisy_vole_sender; real_libOTe_NoisyVole_split_input_length_2t; F=array<u64,M>; G=u64; vector_fixed_prime_setup; local_expand"
2026-07-26T05:59:31.390191+00:00,4a917afb6ebeca9bce885fae7f25d0ac0264ecb6,RMVOLE_NET_BENCH,RM_VECTOR_GENERIC_SPLIT,vector,split-input-vole,LOCAL_TCP,tcp-loopback,bench,-1,1,OK,PASS,18,262144,64,128,32,1114.905,2189.092,302.572,400.243,371.37199999999996,351.634,,2,,0,0,67178568,228872,67161448,245992,67407168,526618.5,8.035560607910156,"tcp_two_process; p0_noisy_vole_receiver; real_libOTe_NoisyVole_split_input_length_2t; F=array<u64,M>; G=u64; vector_fixed_prime_setup; local_expand; tcp_two_process; p1_noisy_vole_sender; real_libOTe_NoisyVole_split_input_length_2t; F=array<u64,M>; G=u64; vector_fixed_prime_setup; local_expand"
2026-07-26T05:59:32.996091+00:00,4a917afb6ebeca9bce885fae7f25d0ac0264ecb6,RMVOLE_NET_BENCH,RM_VECTOR_GENERIC_SPLIT,vector,split-input-vole,LOCAL_TCP,tcp-loopback,bench,0,0,OK,PASS,18,262144,64,128,32,1126.606,2097.0119999999997,302.755,373.575,294.077,337.183,,2,,0,0,67178568,228872,67161448,245992,67407168,526618.5,8.035560607910156,"tcp_two_process; p0_noisy_vole_receiver; real_libOTe_NoisyVole_split_input_length_2t; F=array<u64,M>; G=u64; vector_fixed_prime_setup; local_expand; tcp_two_process; p1_noisy_vole_sender; real_libOTe_NoisyVole_split_input_length_2t; F=array<u64,M>; G=u64; vector_fixed_prime_setup; local_expand"
2026-07-26T05:59:34.602020+00:00,4a917afb6ebeca9bce885fae7f25d0ac0264ecb6,RMVOLE_NET_BENCH,RM_VECTOR_GENERIC_SPLIT,vector,split-input-vole,LOCAL_TCP,tcp-loopback,bench,1,0,OK,PASS,18,262144,64,128,32,1117.3319999999999,2103.3089999999997,303.736,387.864,294.378,359.466,,2,,0,0,67178568,228872,67161448,245992,67407168,526618.5,8.035560607910156,"tcp_two_process; p0_noisy_vole_receiver; real_libOTe_NoisyVole_split_input_length_2t; F=array<u64,M>; G=u64; vector_fixed_prime_setup; local_expand; tcp_two_process; p1_noisy_vole_sender; real_libOTe_NoisyVole_split_input_length_2t; F=array<u64,M>; G=u64; vector_fixed_prime_setup; local_expand"
2026-07-26T05:59:36.158409+00:00,4a917afb6ebeca9bce885fae7f25d0ac0264ecb6,RMVOLE_NET_BENCH,RM_VECTOR_GENERIC_SPLIT,vector,split-input-vole,LOCAL_TCP,tcp-loopback,bench,2,0,OK,PASS,18,262144,64,128,32,1057.472,2073.671,336.161,378.198,301.839,294.95500000000004,,2,,0,0,67178568,228872,67161448,245992,67407168,526618.5,8.035560607910156,"tcp_two_process; p0_noisy_vole_receiver; real_libOTe_NoisyVole_split_input_length_2t; F=array<u64,M>; G=u64; vector_fixed_prime_setup; local_expand; tcp_two_process; p1_noisy_vole_sender; real_libOTe_NoisyVole_split_input_length_2t; F=array<u64,M>; G=u64; vector_fixed_prime_setup; local_expand"
2026-07-26T05:59:37.764363+00:00,4a917afb6ebeca9bce885fae7f25d0ac0264ecb6,RMVOLE_NET_BENCH,RM_VECTOR_GENERIC_SPLIT,vector,split-input-vole,LOCAL_TCP,tcp-loopback,bench,3,0,OK,PASS,18,262144,64,128,32,1101.96,2106.623,330.236,379.164,295.264,301.619,,2,,0,0,67178568,228872,67161448,245992,67407168,526618.5,8.035560607910156,"tcp_two_process; p0_noisy_vole_receiver; real_libOTe_NoisyVole_split_input_length_2t; F=array<u64,M>; G=u64; vector_fixed_prime_setup; local_expand; tcp_two_process; p1_noisy_vole_sender; real_libOTe_NoisyVole_split_input_length_2t; F=array<u64,M>; G=u64; vector_fixed_prime_setup; local_expand"
2026-07-26T05:59:39.270201+00:00,4a917afb6ebeca9bce885fae7f25d0ac0264ecb6,RMVOLE_NET_BENCH,RM_VECTOR_GENERIC_SPLIT,vector,split-input-vole,LOCAL_TCP,tcp-loopback,bench,4,0,OK,PASS,18,262144,64,128,32,1010.74,1967.009,301.615,361.307,293.346,285.60600000000005,,2,,0,0,67178568,228872,67161448,245992,67407168,526618.5,8.035560607910156,"tcp_two_process; p0_noisy_vole_receiver; real_libOTe_NoisyVole_split_input_length_2t; F=array<u64,M>; G=u64; vector_fixed_prime_setup; local_expand; tcp_two_process; p1_noisy_vole_sender; real_libOTe_NoisyVole_split_input_length_2t; F=array<u64,M>; G=u64; vector_fixed_prime_setup; local_expand"
2026-07-26T05:59:40.775693+00:00,4a917afb6ebeca9bce885fae7f25d0ac0264ecb6,RMVOLE_NET_BENCH,RM_VECTOR_GENERIC_SPLIT,vector,split-input-vole,LOCAL_TCP,tcp-loopback,bench,5,0,OK,PASS,18,262144,64,128,32,1007.3760000000001,1957.5390000000002,300.879,356.525,292.759,286.21799999999996,,2,,0,0,67178568,228872,67161448,245992,67407168,526618.5,8.035560607910156,"tcp_two_process; p0_noisy_vole_receiver; real_libOTe_NoisyVole_split_input_length_2t; F=array<u64,M>; G=u64; vector_fixed_prime_setup; local_expand; tcp_two_process; p1_noisy_vole_sender; real_libOTe_NoisyVole_split_input_length_2t; F=array<u64,M>; G=u64; vector_fixed_prime_setup; local_expand"
2026-07-26T05:59:42.331747+00:00,4a917afb6ebeca9bce885fae7f25d0ac0264ecb6,RMVOLE_NET_BENCH,RM_VECTOR_GENERIC_SPLIT,vector,split-input-vole,LOCAL_TCP,tcp-loopback,bench,6,0,OK,PASS,18,262144,64,128,32,1014.054,2015.594,305.652,364.505,331.383,286.57300000000004,,2,,0,0,67178568,228872,67161448,245992,67407168,526618.5,8.035560607910156,"tcp_two_process; p0_noisy_vole_receiver; real_libOTe_NoisyVole_split_input_length_2t; F=array<u64,M>; G=u64; vector_fixed_prime_setup; local_expand; tcp_two_process; p1_noisy_vole_sender; real_libOTe_NoisyVole_split_input_length_2t; F=array<u64,M>; G=u64; vector_fixed_prime_setup; local_expand"
2026-07-26T05:59:43.837201+00:00,4a917afb6ebeca9bce885fae7f25d0ac0264ecb6,RMVOLE_NET_BENCH,RM_VECTOR_GENERIC_SPLIT,vector,split-input-vole,LOCAL_TCP,tcp-loopback,bench,7,0,OK,PASS,18,262144,64,128,32,1028.1260000000002,1993.743,301.844,365.949,297.82399999999996,289.723,,2,,0,0,67178568,228872,67161448,245992,67407168,526618.5,8.035560607910156,"tcp_two_process; p0_noisy_vole_receiver; real_libOTe_NoisyVole_split_input_length_2t; F=array<u64,M>; G=u64; vector_fixed_prime_setup; local_expand; tcp_two_process; p1_noisy_vole_sender; real_libOTe_NoisyVole_split_input_length_2t; F=array<u64,M>; G=u64; vector_fixed_prime_setup; local_expand"
2026-07-26T05:59:45.342917+00:00,4a917afb6ebeca9bce885fae7f25d0ac0264ecb6,RMVOLE_NET_BENCH,RM_VECTOR_GENERIC_SPLIT,vector,split-input-vole,LOCAL_TCP,tcp-loopback,bench,8,0,OK,PASS,18,262144,64,128,32,1023.5050000000001,1986.2900000000002,302.91499999999996,366.239,293.631,288.15200000000004,,2,,0,0,67178568,228872,67161448,245992,67407168,526618.5,8.035560607910156,"tcp_two_process; p0_noisy_vole_receiver; real_libOTe_NoisyVole_split_input_length_2t; F=array<u64,M>; G=u64; vector_fixed_prime_setup; local_expand; tcp_two_process; p1_noisy_vole_sender; real_libOTe_NoisyVole_split_input_length_2t; F=array<u64,M>; G=u64; vector_fixed_prime_setup; local_expand"
2026-07-26T05:59:46.948934+00:00,4a917afb6ebeca9bce885fae7f25d0ac0264ecb6,RMVOLE_NET_BENCH,RM_VECTOR_GENERIC_SPLIT,vector,split-input-vole,LOCAL_TCP,tcp-loopback,bench,9,0,OK,PASS,18,262144,64,128,32,1052.4640000000002,2094.805,324.091,391.204,327.046,288.58299999999997,,2,,0,0,67178568,228872,67161448,245992,67407168,526618.5,8.035560607910156,"tcp_two_process; p0_noisy_vole_receiver; real_libOTe_NoisyVole_split_input_length_2t; F=array<u64,M>; G=u64; vector_fixed_prime_setup; local_expand; tcp_two_process; p1_noisy_vole_sender; real_libOTe_NoisyVole_split_input_length_2t; F=array<u64,M>; G=u64; vector_fixed_prime_setup; local_expand"
2026-07-26T05:59:51.859584+00:00,4a917afb6ebeca9bce885fae7f25d0ac0264ecb6,RMVOLE_NET_BENCH,RM_COORD_GENERIC_SPLIT,coordinate,split-input-vole,LOCAL_TCP,tcp-loopback,verify,-2,0,OK,PASS,18,262144,64,128,32,4270.236,8426.753,304.269,3529.546,322.701,383.903,,64,,0,0,67178568,72456760,137986424,1649176,1223296,9557.0,0.1458282470703125,"tcp_two_process; p0_noisy_vole_receiver; real_libOTe_NoisyVole_split_input_length_2t; F=array<u64,M>; G=u64; coordinate_scalar_fixed_prime_setup; local_expand; tcp_two_process; p1_noisy_vole_sender; real_libOTe_NoisyVole_split_input_length_2t; F=array<u64,M>; G=u64; coordinate_scalar_fixed_prime_setup; local_expand"
2026-07-26T05:59:56.520046+00:00,4a917afb6ebeca9bce885fae7f25d0ac0264ecb6,RMVOLE_NET_BENCH,RM_COORD_GENERIC_SPLIT,coordinate,split-input-vole,LOCAL_TCP,tcp-loopback,bench,-1,1,OK,PASS,18,262144,64,128,32,4201.475,8347.097999999998,302.50300000000004,3522.176,320.943,313.469,,64,,0,0,67178568,3251000,68780392,1649176,70429296,550228.875,8.39582633972168,"tcp_two_process; p0_noisy_vole_receiver; real_libOTe_NoisyVole_split_input_length_2t; F=array<u64,M>; G=u64; coordinate_scalar_fixed_prime_setup; local_expand; tcp_two_process; p1_noisy_vole_sender; real_libOTe_NoisyVole_split_input_length_2t; F=array<u64,M>; G=u64; coordinate_scalar_fixed_prime_setup; local_expand"
2026-07-26T06:00:01.080361+00:00,4a917afb6ebeca9bce885fae7f25d0ac0264ecb6,RMVOLE_NET_BENCH,RM_COORD_GENERIC_SPLIT,coordinate,split-input-vole,LOCAL_TCP,tcp-loopback,bench,0,0,OK,PASS,18,262144,64,128,32,4061.003,8079.976000000001,303.164,3341.0350000000003,374.774,351.327,,64,,0,0,67178568,3251000,68780392,1649176,70429296,550228.875,8.39582633972168,"tcp_two_process; p0_noisy_vole_receiver; real_libOTe_NoisyVole_split_input_length_2t; F=array<u64,M>; G=u64; coordinate_scalar_fixed_prime_setup; local_expand; tcp_two_process; p1_noisy_vole_sender; real_libOTe_NoisyVole_split_input_length_2t; F=array<u64,M>; G=u64; coordinate_scalar_fixed_prime_setup; local_expand"
2026-07-26T06:00:05.741059+00:00,4a917afb6ebeca9bce885fae7f25d0ac0264ecb6,RMVOLE_NET_BENCH,RM_COORD_GENERIC_SPLIT,coordinate,split-input-vole,LOCAL_TCP,tcp-loopback,bench,1,0,OK,PASS,18,262144,64,128,32,4136.396000000001,8269.429,306.03799999999995,3465.335,365.02299999999997,312.87,,64,,0,0,67178568,3251000,68780392,1649176,70429296,550228.875,8.39582633972168,"tcp_two_process; p0_noisy_vole_receiver; real_libOTe_NoisyVole_split_input_length_2t; F=array<u64,M>; G=u64; coordinate_scalar_fixed_prime_setup; local_expand; tcp_two_process; p1_noisy_vole_sender; real_libOTe_NoisyVole_split_input_length_2t; F=array<u64,M>; G=u64; coordinate_scalar_fixed_prime_setup; local_expand"
2026-07-26T06:00:10.250522+00:00,4a917afb6ebeca9bce885fae7f25d0ac0264ecb6,RMVOLE_NET_BENCH,RM_COORD_GENERIC_SPLIT,coordinate,split-input-vole,LOCAL_TCP,tcp-loopback,bench,2,0,OK,PASS,18,262144,64,128,32,3993.241,7963.361,300.085,3309.2549999999997,383.901,314.72299999999996,,64,,0,0,67178568,3251000,68780392,1649176,70429296,550228.875,8.39582633972168,"tcp_two_process; p0_noisy_vole_receiver; real_libOTe_NoisyVole_split_input_length_2t; F=array<u64,M>; G=u64; coordinate_scalar_fixed_prime_setup; local_expand; tcp_two_process; p1_noisy_vole_sender; real_libOTe_NoisyVole_split_input_length_2t; F=array<u64,M>; G=u64; coordinate_scalar_fixed_prime_setup; local_expand"
2026-07-26T06:00:14.861040+00:00,4a917afb6ebeca9bce885fae7f25d0ac0264ecb6,RMVOLE_NET_BENCH,RM_COORD_GENERIC_SPLIT,coordinate,split-input-vole,LOCAL_TCP,tcp-loopback,bench,3,0,OK,PASS,18,262144,64,128,32,4124.62,8169.015,336.725,3389.518,318.153,313.067,,64,,0,0,67178568,3251000,68780392,1649176,70429296,550228.875,8.39582633972168,"tcp_two_process; p0_noisy_vole_receiver; real_libOTe_NoisyVole_split_input_length_2t; F=array<u64,M>; G=u64; coordinate_scalar_fixed_prime_setup; local_expand; tcp_two_process; p1_noisy_vole_sender; real_libOTe_NoisyVole_split_input_length_2t; F=array<u64,M>; G=u64; coordinate_scalar_fixed_prime_setup; local_expand"
2026-07-26T06:00:19.472817+00:00,4a917afb6ebeca9bce885fae7f25d0ac0264ecb6,RMVOLE_NET_BENCH,RM_COORD_GENERIC_SPLIT,coordinate,split-input-vole,LOCAL_TCP,tcp-loopback,bench,4,0,OK,PASS,18,262144,64,128,32,4113.465,8165.358999999999,310.23400000000004,3422.951,318.71,312.08000000000004,,64,,0,0,67178568,3251000,68780392,1649176,70429296,550228.875,8.39582633972168,"tcp_two_process; p0_noisy_vole_receiver; real_libOTe_NoisyVole_split_input_length_2t; F=array<u64,M>; G=u64; coordinate_scalar_fixed_prime_setup; local_expand; tcp_two_process; p1_noisy_vole_sender; real_libOTe_NoisyVole_split_input_length_2t; F=array<u64,M>; G=u64; coordinate_scalar_fixed_prime_setup; local_expand"
2026-07-26T06:00:24.034566+00:00,4a917afb6ebeca9bce885fae7f25d0ac0264ecb6,RMVOLE_NET_BENCH,RM_COORD_GENERIC_SPLIT,coordinate,split-input-vole,LOCAL_TCP,tcp-loopback,bench,5,0,OK,PASS,18,262144,64,128,32,4023.333,8045.401999999999,301.86800000000005,3325.8109999999997,394.39000000000004,333.589,,64,,0,0,67178568,3251000,68780392,1649176,70429296,550228.875,8.39582633972168,"tcp_two_process; p0_noisy_vole_receiver; real_libOTe_NoisyVole_split_input_length_2t; F=array<u64,M>; G=u64; coordinate_scalar_fixed_prime_setup; local_expand; tcp_two_process; p1_noisy_vole_sender; real_libOTe_NoisyVole_split_input_length_2t; F=array<u64,M>; G=u64; coordinate_scalar_fixed_prime_setup; local_expand"
2026-07-26T06:00:28.846247+00:00,4a917afb6ebeca9bce885fae7f25d0ac0264ecb6,RMVOLE_NET_BENCH,RM_COORD_GENERIC_SPLIT,coordinate,split-input-vole,LOCAL_TCP,tcp-loopback,bench,6,0,OK,PASS,18,262144,64,128,32,4269.402999999999,8521.252,336.227,3521.46,394.16200000000003,329.741,,64,,0,0,67178568,3251000,68780392,1649176,70429296,550228.875,8.39582633972168,"tcp_two_process; p0_noisy_vole_receiver; real_libOTe_NoisyVole_split_input_length_2t; F=array<u64,M>; G=u64; coordinate_scalar_fixed_prime_setup; local_expand; tcp_two_process; p1_noisy_vole_sender; real_libOTe_NoisyVole_split_input_length_2t; F=array<u64,M>; G=u64; coordinate_scalar_fixed_prime_setup; local_expand"
2026-07-26T06:00:33.508845+00:00,4a917afb6ebeca9bce885fae7f25d0ac0264ecb6,RMVOLE_NET_BENCH,RM_COORD_GENERIC_SPLIT,coordinate,split-input-vole,LOCAL_TCP,tcp-loopback,bench,7,0,OK,PASS,18,262144,64,128,32,4077.8340000000003,8144.612,301.048,3383.715,382.014,317.305,,64,,0,0,67178568,3251000,68780392,1649176,70429296,550228.875,8.39582633972168,"tcp_two_process; p0_noisy_vole_receiver; real_libOTe_NoisyVole_split_input_length_2t; F=array<u64,M>; G=u64; coordinate_scalar_fixed_prime_setup; local_expand; tcp_two_process; p1_noisy_vole_sender; real_libOTe_NoisyVole_split_input_length_2t; F=array<u64,M>; G=u64; coordinate_scalar_fixed_prime_setup; local_expand"
2026-07-26T06:00:38.021837+00:00,4a917afb6ebeca9bce885fae7f25d0ac0264ecb6,RMVOLE_NET_BENCH,RM_COORD_GENERIC_SPLIT,coordinate,split-input-vole,LOCAL_TCP,tcp-loopback,bench,8,0,OK,PASS,18,262144,64,128,32,4012.8880000000004,7969.258,302.817,3334.673,318.88,315.341,,64,,0,0,67178568,3251000,68780392,1649176,70429296,550228.875,8.39582633972168,"tcp_two_process; p0_noisy_vole_receiver; real_libOTe_NoisyVole_split_input_length_2t; F=array<u64,M>; G=u64; coordinate_scalar_fixed_prime_setup; local_expand; tcp_two_process; p1_noisy_vole_sender; real_libOTe_NoisyVole_split_input_length_2t; F=array<u64,M>; G=u64; coordinate_scalar_fixed_prime_setup; local_expand"
2026-07-26T06:00:42.836137+00:00,4a917afb6ebeca9bce885fae7f25d0ac0264ecb6,RMVOLE_NET_BENCH,RM_COORD_GENERIC_SPLIT,coordinate,split-input-vole,LOCAL_TCP,tcp-loopback,bench,9,0,OK,PASS,18,262144,64,128,32,4281.956,8557.555,301.71,3594.788,385.459,321.73400000000004,,64,,0,0,67178568,3251000,68780392,1649176,70429296,550228.875,8.39582633972168,"tcp_two_process; p0_noisy_vole_receiver; real_libOTe_NoisyVole_split_input_length_2t; F=array<u64,M>; G=u64; coordinate_scalar_fixed_prime_setup; local_expand; tcp_two_process; p1_noisy_vole_sender; real_libOTe_NoisyVole_split_input_length_2t; F=array<u64,M>; G=u64; coordinate_scalar_fixed_prime_setup; local_expand"
2026-07-26T06:00:44.193029+00:00,4a917afb6ebeca9bce885fae7f25d0ac0264ecb6,RMVOLE_NET_BENCH,RM_VECTOR_OPT,vector,split-input-coeff-ot,LOCAL_TCP,tcp-loopback,verify,-2,0,OK,PASS,18,262144,64,128,32,665.39,1311.11,14.737,320.846,329.808,290.192,,2,,0,0,4376920,69434632,69383544,4428280,0,0.0,0.0,tcp_two_process; p0_coeff_bit_ot_receiver; SPLIT_COEFF_OT; one_batched_Kos_chosen_message_OT; vector_fixed_prime_setup; local_expand; tcp_two_process; p1_coeff_bit_ot_sender; SPLIT_COEFF_OT; one_batched_Kos_chosen_message_OT; vector_fixed_prime_setup; local_expand
2026-07-26T06:00:45.348609+00:00,4a917afb6ebeca9bce885fae7f25d0ac0264ecb6,RMVOLE_NET_BENCH,RM_VECTOR_OPT,vector,split-input-coeff-ot,LOCAL_TCP,tcp-loopback,bench,-1,1,OK,PASS,18,262144,64,128,32,621.049,1230.1479999999997,13.091999999999999,280.09000000000003,327.867,286.911,,2,,0,0,4376920,228872,177512,4428280,4605520,35980.625,0.5490207672119141,tcp_two_process; p0_coeff_bit_ot_receiver; SPLIT_COEFF_OT; one_batched_Kos_chosen_message_OT; vector_fixed_prime_setup; local_expand; tcp_two_process; p1_coeff_bit_ot_sender; SPLIT_COEFF_OT; one_batched_Kos_chosen_message_OT; vector_fixed_prime_setup; local_expand
2026-07-26T06:00:46.504274+00:00,4a917afb6ebeca9bce885fae7f25d0ac0264ecb6,RMVOLE_NET_BENCH,RM_VECTOR_OPT,vector,split-input-coeff-ot,LOCAL_TCP,tcp-loopback,bench,0,0,OK,PASS,18,262144,64,128,32,641.0160000000001,1253.811,13.095,288.255,311.44500000000005,320.928,,2,,0,0,4376920,228872,177512,4428280,4605520,35980.625,0.5490207672119141,tcp_two_process; p0_coeff_bit_ot_receiver; SPLIT_COEFF_OT; one_batched_Kos_chosen_message_OT; vector_fixed_prime_setup; local_expand; tcp_two_process; p1_coeff_bit_ot_sender; SPLIT_COEFF_OT; one_batched_Kos_chosen_message_OT; vector_fixed_prime_setup; local_expand
2026-07-26T06:00:47.709859+00:00,4a917afb6ebeca9bce885fae7f25d0ac0264ecb6,RMVOLE_NET_BENCH,RM_VECTOR_OPT,vector,split-input-coeff-ot,LOCAL_TCP,tcp-loopback,bench,1,0,OK,PASS,18,262144,64,128,32,671.226,1291.701,13.05,298.193,359.983,287.151,,2,,0,0,4376920,228872,177512,4428280,4605520,35980.625,0.5490207672119141,tcp_two_process; p0_coeff_bit_ot_receiver; SPLIT_COEFF_OT; one_batched_Kos_chosen_message_OT; vector_fixed_prime_setup; local_expand; tcp_two_process; p1_coeff_bit_ot_sender; SPLIT_COEFF_OT; one_batched_Kos_chosen_message_OT; vector_fixed_prime_setup; local_expand
2026-07-26T06:00:48.915423+00:00,4a917afb6ebeca9bce885fae7f25d0ac0264ecb6,RMVOLE_NET_BENCH,RM_VECTOR_OPT,vector,split-input-coeff-ot,LOCAL_TCP,tcp-loopback,bench,2,0,OK,PASS,18,262144,64,128,32,693.4590000000001,1292.328,13.203,288.492,297.175,359.3,,2,,0,0,4376920,228872,177512,4428280,4605520,35980.625,0.5490207672119141,tcp_two_process; p0_coeff_bit_ot_receiver; SPLIT_COEFF_OT; one_batched_Kos_chosen_message_OT; vector_fixed_prime_setup; local_expand; tcp_two_process; p1_coeff_bit_ot_sender; SPLIT_COEFF_OT; one_batched_Kos_chosen_message_OT; vector_fixed_prime_setup; local_expand
2026-07-26T06:00:50.021072+00:00,4a917afb6ebeca9bce885fae7f25d0ac0264ecb6,RMVOLE_NET_BENCH,RM_VECTOR_OPT,vector,split-input-coeff-ot,LOCAL_TCP,tcp-loopback,bench,3,0,OK,PASS,18,262144,64,128,32,614.259,1200.637,13.126999999999999,278.386,294.865,288.149,,2,,0,0,4376920,228872,177512,4428280,4605520,35980.625,0.5490207672119141,tcp_two_process; p0_coeff_bit_ot_receiver; SPLIT_COEFF_OT; one_batched_Kos_chosen_message_OT; vector_fixed_prime_setup; local_expand; tcp_two_process; p1_coeff_bit_ot_sender; SPLIT_COEFF_OT; one_batched_Kos_chosen_message_OT; vector_fixed_prime_setup; local_expand
2026-07-26T06:00:51.127303+00:00,4a917afb6ebeca9bce885fae7f25d0ac0264ecb6,RMVOLE_NET_BENCH,RM_VECTOR_OPT,vector,split-input-coeff-ot,LOCAL_TCP,tcp-loopback,bench,4,0,OK,PASS,18,262144,64,128,32,610.75,1200.086,13.128,279.35900000000004,296.849,293.808,,2,,0,0,4376920,228872,177512,4428280,4605520,35980.625,0.5490207672119141,tcp_two_process; p0_coeff_bit_ot_receiver; SPLIT_COEFF_OT; one_batched_Kos_chosen_message_OT; vector_fixed_prime_setup; local_expand; tcp_two_process; p1_coeff_bit_ot_sender; SPLIT_COEFF_OT; one_batched_Kos_chosen_message_OT; vector_fixed_prime_setup; local_expand
2026-07-26T06:00:52.283307+00:00,4a917afb6ebeca9bce885fae7f25d0ac0264ecb6,RMVOLE_NET_BENCH,RM_VECTOR_OPT,vector,split-input-coeff-ot,LOCAL_TCP,tcp-loopback,bench,5,0,OK,PASS,18,262144,64,128,32,614.438,1210.354,13.126999999999999,281.95799999999997,300.831,288.065,,2,,0,0,4376920,228872,177512,4428280,4605520,35980.625,0.5490207672119141,tcp_two_process; p0_coeff_bit_ot_receiver; SPLIT_COEFF_OT; one_batched_Kos_chosen_message_OT; vector_fixed_prime_setup; local_expand; tcp_two_process; p1_coeff_bit_ot_sender; SPLIT_COEFF_OT; one_batched_Kos_chosen_message_OT; vector_fixed_prime_setup; local_expand
2026-07-26T06:00:53.439180+00:00,4a917afb6ebeca9bce885fae7f25d0ac0264ecb6,RMVOLE_NET_BENCH,RM_VECTOR_OPT,vector,split-input-coeff-ot,LOCAL_TCP,tcp-loopback,bench,6,0,OK,PASS,18,262144,64,128,32,624.753,1237.036,13.051,285.46500000000003,326.238,291.793,,2,,0,0,4376920,228872,177512,4428280,4605520,35980.625,0.5490207672119141,tcp_two_process; p0_coeff_bit_ot_receiver; SPLIT_COEFF_OT; one_batched_Kos_chosen_message_OT; vector_fixed_prime_setup; local_expand; tcp_two_process; p1_coeff_bit_ot_sender; SPLIT_COEFF_OT; one_batched_Kos_chosen_message_OT; vector_fixed_prime_setup; local_expand
2026-07-26T06:00:54.644801+00:00,4a917afb6ebeca9bce885fae7f25d0ac0264ecb6,RMVOLE_NET_BENCH,RM_VECTOR_OPT,vector,split-input-coeff-ot,LOCAL_TCP,tcp-loopback,bench,7,0,OK,PASS,18,262144,64,128,32,634.164,1242.871,13.056,286.98600000000005,334.12199999999996,288.507,,2,,0,0,4376920,228872,177512,4428280,4605520,35980.625,0.5490207672119141,tcp_two_process; p0_coeff_bit_ot_receiver; SPLIT_COEFF_OT; one_batched_Kos_chosen_message_OT; vector_fixed_prime_setup; local_expand; tcp_two_process; p1_coeff_bit_ot_sender; SPLIT_COEFF_OT; one_batched_Kos_chosen_message_OT; vector_fixed_prime_setup; local_expand
2026-07-26T06:00:55.800157+00:00,4a917afb6ebeca9bce885fae7f25d0ac0264ecb6,RMVOLE_NET_BENCH,RM_VECTOR_OPT,vector,split-input-coeff-ot,LOCAL_TCP,tcp-loopback,bench,8,0,OK,PASS,18,262144,64,128,32,614.812,1207.449,13.215,279.886,299.536,292.74699999999996,,2,,0,0,4376920,228872,177512,4428280,4605520,35980.625,0.5490207672119141,tcp_two_process; p0_coeff_bit_ot_receiver; SPLIT_COEFF_OT; one_batched_Kos_chosen_message_OT; vector_fixed_prime_setup; local_expand; tcp_two_process; p1_coeff_bit_ot_sender; SPLIT_COEFF_OT; one_batched_Kos_chosen_message_OT; vector_fixed_prime_setup; local_expand
2026-07-26T06:00:56.955563+00:00,4a917afb6ebeca9bce885fae7f25d0ac0264ecb6,RMVOLE_NET_BENCH,RM_VECTOR_OPT,vector,split-input-coeff-ot,LOCAL_TCP,tcp-loopback,bench,9,0,OK,PASS,18,262144,64,128,32,622.621,1220.825,13.358,281.264,303.58299999999997,293.328,,2,,0,0,4376920,228872,177512,4428280,4605520,35980.625,0.5490207672119141,tcp_two_process; p0_coeff_bit_ot_receiver; SPLIT_COEFF_OT; one_batched_Kos_chosen_message_OT; vector_fixed_prime_setup; local_expand; tcp_two_process; p1_coeff_bit_ot_sender; SPLIT_COEFF_OT; one_batched_Kos_chosen_message_OT; vector_fixed_prime_setup; local_expand
2026-07-26T06:01:01.415766+00:00,4a917afb6ebeca9bce885fae7f25d0ac0264ecb6,RMVOLE_NET_BENCH,RM_COORD_OPT,coordinate,split-input-coeff-ot,LOCAL_TCP,tcp-loopback,verify,-2,0,OK,PASS,18,262144,64,128,32,3767.076,7445.223999999999,15.473,3324.564,338.111,389.123,,64,,0,0,4376920,72456760,71002488,5831464,0,0.0,0.0,tcp_two_process; p0_coeff_bit_ot_receiver; SPLIT_COEFF_OT; one_batched_Kos_chosen_message_OT; coordinate_scalar_fixed_prime_setup; local_expand; tcp_two_process; p1_coeff_bit_ot_sender; SPLIT_COEFF_OT; one_batched_Kos_chosen_message_OT; coordinate_scalar_fixed_prime_setup; local_expand
2026-07-26T06:01:05.725838+00:00,4a917afb6ebeca9bce885fae7f25d0ac0264ecb6,RMVOLE_NET_BENCH,RM_COORD_OPT,coordinate,split-input-coeff-ot,LOCAL_TCP,tcp-loopback,bench,-1,1,OK,PASS,18,262144,64,128,32,3832.187,7631.311000000001,13.034,3393.003,393.086,400.51,,64,,0,0,4376920,3251000,1796456,5831464,7627648,59591.0,0.9092864990234375,tcp_two_process; p0_coeff_bit_ot_receiver; SPLIT_COEFF_OT; one_batched_Kos_chosen_message_OT; coordinate_scalar_fixed_prime_setup; local_expand; tcp_two_process; p1_coeff_bit_ot_sender; SPLIT_COEFF_OT; one_batched_Kos_chosen_message_OT; coordinate_scalar_fixed_prime_setup; local_expand
2026-07-26T06:01:09.986442+00:00,4a917afb6ebeca9bce885fae7f25d0ac0264ecb6,RMVOLE_NET_BENCH,RM_COORD_OPT,coordinate,split-input-coeff-ot,LOCAL_TCP,tcp-loopback,bench,0,0,OK,PASS,18,262144,64,128,32,3770.602,7513.089,21.085,3418.513,331.005,318.14599999999996,,64,,0,0,4376920,3251000,1796456,5831464,7627648,59591.0,0.9092864990234375,tcp_two_process; p0_coeff_bit_ot_receiver; SPLIT_COEFF_OT; one_batched_Kos_chosen_message_OT; coordinate_scalar_fixed_prime_setup; local_expand; tcp_two_process; p1_coeff_bit_ot_sender; SPLIT_COEFF_OT; one_batched_Kos_chosen_message_OT; coordinate_scalar_fixed_prime_setup; local_expand
2026-07-26T06:01:14.296764+00:00,4a917afb6ebeca9bce885fae7f25d0ac0264ecb6,RMVOLE_NET_BENCH,RM_COORD_OPT,coordinate,split-input-coeff-ot,LOCAL_TCP,tcp-loopback,bench,1,0,OK,PASS,18,262144,64,128,32,3801.556,7587.166,13.166,3420.505,351.939,322.564,,64,,0,0,4376920,3251000,1796456,5831464,7627648,59591.0,0.9092864990234375,tcp_two_process; p0_coeff_bit_ot_receiver; SPLIT_COEFF_OT; one_batched_Kos_chosen_message_OT; coordinate_scalar_fixed_prime_setup; local_expand; tcp_two_process; p1_coeff_bit_ot_sender; SPLIT_COEFF_OT; one_batched_Kos_chosen_message_OT; coordinate_scalar_fixed_prime_setup; local_expand
2026-07-26T06:01:18.657164+00:00,4a917afb6ebeca9bce885fae7f25d0ac0264ecb6,RMVOLE_NET_BENCH,RM_COORD_OPT,coordinate,split-input-coeff-ot,LOCAL_TCP,tcp-loopback,bench,2,0,OK,PASS,18,262144,64,128,32,3842.635,7675.555,13.059,3428.217,401.35900000000004,382.29200000000003,,64,,0,0,4376920,3251000,1796456,5831464,7627648,59591.0,0.9092864990234375,tcp_two_process; p0_coeff_bit_ot_receiver; SPLIT_COEFF_OT; one_batched_Kos_chosen_message_OT; coordinate_scalar_fixed_prime_setup; local_expand; tcp_two_process; p1_coeff_bit_ot_sender; SPLIT_COEFF_OT; one_batched_Kos_chosen_message_OT; coordinate_scalar_fixed_prime_setup; local_expand
2026-07-26T06:01:23.119981+00:00,4a917afb6ebeca9bce885fae7f25d0ac0264ecb6,RMVOLE_NET_BENCH,RM_COORD_OPT,coordinate,split-input-coeff-ot,LOCAL_TCP,tcp-loopback,bench,3,0,OK,PASS,18,262144,64,128,32,3980.47,7908.468,14.74,3591.138,322.12,329.60699999999997,,64,,0,0,4376920,3251000,1796456,5831464,7627648,59591.0,0.9092864990234375,tcp_two_process; p0_coeff_bit_ot_receiver; SPLIT_COEFF_OT; one_batched_Kos_chosen_message_OT; coordinate_scalar_fixed_prime_setup; local_expand; tcp_two_process; p1_coeff_bit_ot_sender; SPLIT_COEFF_OT; one_batched_Kos_chosen_message_OT; coordinate_scalar_fixed_prime_setup; local_expand
2026-07-26T06:01:27.580048+00:00,4a917afb6ebeca9bce885fae7f25d0ac0264ecb6,RMVOLE_NET_BENCH,RM_COORD_OPT,coordinate,split-input-coeff-ot,LOCAL_TCP,tcp-loopback,bench,4,0,OK,PASS,18,262144,64,128,32,3941.124,7852.552,24.953,3539.765,376.406,365.94300000000004,,64,,0,0,4376920,3251000,1796456,5831464,7627648,59591.0,0.9092864990234375,tcp_two_process; p0_coeff_bit_ot_receiver; SPLIT_COEFF_OT; one_batched_Kos_chosen_message_OT; coordinate_scalar_fixed_prime_setup; local_expand; tcp_two_process; p1_coeff_bit_ot_sender; SPLIT_COEFF_OT; one_batched_Kos_chosen_message_OT; coordinate_scalar_fixed_prime_setup; local_expand
2026-07-26T06:01:31.940946+00:00,4a917afb6ebeca9bce885fae7f25d0ac0264ecb6,RMVOLE_NET_BENCH,RM_COORD_OPT,coordinate,split-input-coeff-ot,LOCAL_TCP,tcp-loopback,bench,5,0,OK,PASS,18,262144,64,128,32,3905.3900000000003,7751.374,13.235999999999999,3502.625,330.123,369.637,,64,,0,0,4376920,3251000,1796456,5831464,7627648,59591.0,0.9092864990234375,tcp_two_process; p0_coeff_bit_ot_receiver; SPLIT_COEFF_OT; one_batched_Kos_chosen_message_OT; coordinate_scalar_fixed_prime_setup; local_expand; tcp_two_process; p1_coeff_bit_ot_sender; SPLIT_COEFF_OT; one_batched_Kos_chosen_message_OT; coordinate_scalar_fixed_prime_setup; local_expand
2026-07-26T06:01:36.250798+00:00,4a917afb6ebeca9bce885fae7f25d0ac0264ecb6,RMVOLE_NET_BENCH,RM_COORD_OPT,coordinate,split-input-coeff-ot,LOCAL_TCP,tcp-loopback,bench,6,0,OK,PASS,18,262144,64,128,32,3814.949,7618.418999999999,13.981,3461.155,328.334,318.002,,64,,0,0,4376920,3251000,1796456,5831464,7627648,59591.0,0.9092864990234375,tcp_two_process; p0_coeff_bit_ot_receiver; SPLIT_COEFF_OT; one_batched_Kos_chosen_message_OT; coordinate_scalar_fixed_prime_setup; local_expand; tcp_two_process; p1_coeff_bit_ot_sender; SPLIT_COEFF_OT; one_batched_Kos_chosen_message_OT; coordinate_scalar_fixed_prime_setup; local_expand
2026-07-26T06:01:40.309735+00:00,4a917afb6ebeca9bce885fae7f25d0ac0264ecb6,RMVOLE_NET_BENCH,RM_COORD_OPT,coordinate,split-input-coeff-ot,LOCAL_TCP,tcp-loopback,bench,7,0,OK,PASS,18,262144,64,128,32,3532.4779999999996,7058.503999999999,13.116,3179.834,333.07599999999996,320.861,,64,,0,0,4376920,3251000,1796456,5831464,7627648,59591.0,0.9092864990234375,tcp_two_process; p0_coeff_bit_ot_receiver; SPLIT_COEFF_OT; one_batched_Kos_chosen_message_OT; coordinate_scalar_fixed_prime_setup; local_expand; tcp_two_process; p1_coeff_bit_ot_sender; SPLIT_COEFF_OT; one_batched_Kos_chosen_message_OT; coordinate_scalar_fixed_prime_setup; local_expand
2026-07-26T06:01:44.317956+00:00,4a917afb6ebeca9bce885fae7f25d0ac0264ecb6,RMVOLE_NET_BENCH,RM_COORD_OPT,coordinate,split-input-coeff-ot,LOCAL_TCP,tcp-loopback,bench,8,0,OK,PASS,18,262144,64,128,32,3524.33,7043.889999999999,13.169,3174.617,331.775,319.652,,64,,0,0,4376920,3251000,1796456,5831464,7627648,59591.0,0.9092864990234375,tcp_two_process; p0_coeff_bit_ot_receiver; SPLIT_COEFF_OT; one_batched_Kos_chosen_message_OT; coordinate_scalar_fixed_prime_setup; local_expand; tcp_two_process; p1_coeff_bit_ot_sender; SPLIT_COEFF_OT; one_batched_Kos_chosen_message_OT; coordinate_scalar_fixed_prime_setup; local_expand
2026-07-26T06:01:48.326362+00:00,4a917afb6ebeca9bce885fae7f25d0ac0264ecb6,RMVOLE_NET_BENCH,RM_COORD_OPT,coordinate,split-input-coeff-ot,LOCAL_TCP,tcp-loopback,bench,9,0,OK,PASS,18,262144,64,128,32,3526.59,7043.973,13.257,3172.985,331.141,319.164,,64,,0,0,4376920,3251000,1796456,5831464,7627648,59591.0,0.9092864990234375,tcp_two_process; p0_coeff_bit_ot_receiver; SPLIT_COEFF_OT; one_batched_Kos_chosen_message_OT; coordinate_scalar_fixed_prime_setup; local_expand; tcp_two_process; p1_coeff_bit_ot_sender; SPLIT_COEFF_OT; one_batched_Kos_chosen_message_OT; coordinate_scalar_fixed_prime_setup; local_expand
2026-07-26T06:01:49.881645+00:00,4a917afb6ebeca9bce885fae7f25d0ac0264ecb6,RMVOLE_NET_BENCH,RM_VECTOR_GENERIC_SPLIT,vector,split-input-vole,LOCAL_TCP,tcp-loopback,verify,-2,0,OK,PASS,20,1048576,64,128,8,909.5029999999999,1609.0149999999999,46.863,316.016,336.632,314.14300000000003,,2,,0,0,4211784,75644680,79752888,103656,0,0.0,0.0,"tcp_two_process; p0_noisy_vole_receiver; real_libOTe_NoisyVole_split_input_length_2t; F=array<u64,M>; G=u64; vector_fixed_prime_setup; local_expand; tcp_two_process; p1_noisy_vole_sender; real_libOTe_NoisyVole_split_input_length_2t; F=array<u64,M>; G=u64; vector_fixed_prime_setup; local_expand"
2026-07-26T06:01:51.286526+00:00,4a917afb6ebeca9bce885fae7f25d0ac0264ecb6,RMVOLE_NET_BENCH,RM_VECTOR_GENERIC_SPLIT,vector,split-input-vole,LOCAL_TCP,tcp-loopback,bench,-1,1,OK,PASS,20,1048576,64,128,8,908.053,1609.4180000000001,47.204,317.122,337.039,315.144,,2,,0,0,4211784,147272,4255400,103656,4358976,34054.5,0.5196304321289062,"tcp_two_process; p0_noisy_vole_receiver; real_libOTe_NoisyVole_split_input_length_2t; F=array<u64,M>; G=u64; vector_fixed_prime_setup; local_expand; tcp_two_process; p1_noisy_vole_sender; real_libOTe_NoisyVole_split_input_length_2t; F=array<u64,M>; G=u64; vector_fixed_prime_setup; local_expand"
2026-07-26T06:01:52.691418+00:00,4a917afb6ebeca9bce885fae7f25d0ac0264ecb6,RMVOLE_NET_BENCH,RM_VECTOR_GENERIC_SPLIT,vector,split-input-vole,LOCAL_TCP,tcp-loopback,bench,0,0,OK,PASS,20,1048576,64,128,8,903.934,1603.1740000000002,47.616,311.998,339.625,316.443,,2,,0,0,4211784,147272,4255400,103656,4358976,34054.5,0.5196304321289062,"tcp_two_process; p0_noisy_vole_receiver; real_libOTe_NoisyVole_split_input_length_2t; F=array<u64,M>; G=u64; vector_fixed_prime_setup; local_expand; tcp_two_process; p1_noisy_vole_sender; real_libOTe_NoisyVole_split_input_length_2t; F=array<u64,M>; G=u64; vector_fixed_prime_setup; local_expand"
2026-07-26T06:01:54.096344+00:00,4a917afb6ebeca9bce885fae7f25d0ac0264ecb6,RMVOLE_NET_BENCH,RM_VECTOR_GENERIC_SPLIT,vector,split-input-vole,LOCAL_TCP,tcp-loopback,bench,1,0,OK,PASS,20,1048576,64,128,8,911.6600000000001,1612.3370000000002,47.051,316.71500000000003,336.911,314.464,,2,,0,0,4211784,147272,4255400,103656,4358976,34054.5,0.5196304321289062,"tcp_two_process; p0_noisy_vole_receiver; real_libOTe_NoisyVole_split_input_length_2t; F=array<u64,M>; G=u64; vector_fixed_prime_setup; local_expand; tcp_two_process; p1_noisy_vole_sender; real_libOTe_NoisyVole_split_input_length_2t; F=array<u64,M>; G=u64; vector_fixed_prime_setup; local_expand"
2026-07-26T06:01:55.501034+00:00,4a917afb6ebeca9bce885fae7f25d0ac0264ecb6,RMVOLE_NET_BENCH,RM_VECTOR_GENERIC_SPLIT,vector,split-input-vole,LOCAL_TCP,tcp-loopback,bench,2,0,OK,PASS,20,1048576,64,128,8,911.021,1621.674,47.242,325.816,337.59499999999997,314.06800000000004,,2,,0,0,4211784,147272,4255400,103656,4358976,34054.5,0.5196304321289062,"tcp_two_process; p0_noisy_vole_receiver; real_libOTe_NoisyVole_split_input_length_2t; F=array<u64,M>; G=u64; vector_fixed_prime_setup; local_expand; tcp_two_process; p1_noisy_vole_sender; real_libOTe_NoisyVole_split_input_length_2t; F=array<u64,M>; G=u64; vector_fixed_prime_setup; local_expand"
2026-07-26T06:01:56.906057+00:00,4a917afb6ebeca9bce885fae7f25d0ac0264ecb6,RMVOLE_NET_BENCH,RM_VECTOR_GENERIC_SPLIT,vector,split-input-vole,LOCAL_TCP,tcp-loopback,bench,3,0,OK,PASS,20,1048576,64,128,8,908.6560000000001,1612.2450000000001,46.863,317.40299999999996,339.323,316.71500000000003,,2,,0,0,4211784,147272,4255400,103656,4358976,34054.5,0.5196304321289062,"tcp_two_process; p0_noisy_vole_receiver; real_libOTe_NoisyVole_split_input_length_2t; F=array<u64,M>; G=u64; vector_fixed_prime_setup; local_expand; tcp_two_process; p1_noisy_vole_sender; real_libOTe_NoisyVole_split_input_length_2t; F=array<u64,M>; G=u64; vector_fixed_prime_setup; local_expand"
2026-07-26T06:01:58.310912+00:00,4a917afb6ebeca9bce885fae7f25d0ac0264ecb6,RMVOLE_NET_BENCH,RM_VECTOR_GENERIC_SPLIT,vector,split-input-vole,LOCAL_TCP,tcp-loopback,bench,4,0,OK,PASS,20,1048576,64,128,8,912.2810000000001,1615.556,46.981,318.799,337.495,316.069,,2,,0,0,4211784,147272,4255400,103656,4358976,34054.5,0.5196304321289062,"tcp_two_process; p0_noisy_vole_receiver; real_libOTe_NoisyVole_split_input_length_2t; F=array<u64,M>; G=u64; vector_fixed_prime_setup; local_expand; tcp_two_process; p1_noisy_vole_sender; real_libOTe_NoisyVole_split_input_length_2t; F=array<u64,M>; G=u64; vector_fixed_prime_setup; local_expand"
2026-07-26T06:01:59.715854+00:00,4a917afb6ebeca9bce885fae7f25d0ac0264ecb6,RMVOLE_NET_BENCH,RM_VECTOR_GENERIC_SPLIT,vector,split-input-vole,LOCAL_TCP,tcp-loopback,bench,5,0,OK,PASS,20,1048576,64,128,8,902.0,1596.4019999999998,46.959,309.11,338.33299999999997,314.93100000000004,,2,,0,0,4211784,147272,4255400,103656,4358976,34054.5,0.5196304321289062,"tcp_two_process; p0_noisy_vole_receiver; real_libOTe_NoisyVole_split_input_length_2t; F=array<u64,M>; G=u64; vector_fixed_prime_setup; local_expand; tcp_two_process; p1_noisy_vole_sender; real_libOTe_NoisyVole_split_input_length_2t; F=array<u64,M>; G=u64; vector_fixed_prime_setup; local_expand"
2026-07-26T06:02:01.120636+00:00,4a917afb6ebeca9bce885fae7f25d0ac0264ecb6,RMVOLE_NET_BENCH,RM_VECTOR_GENERIC_SPLIT,vector,split-input-vole,LOCAL_TCP,tcp-loopback,bench,6,0,OK,PASS,20,1048576,64,128,8,906.235,1611.286,46.946000000000005,318.498,339.608,314.984,,2,,0,0,4211784,147272,4255400,103656,4358976,34054.5,0.5196304321289062,"tcp_two_process; p0_noisy_vole_receiver; real_libOTe_NoisyVole_split_input_length_2t; F=array<u64,M>; G=u64; vector_fixed_prime_setup; local_expand; tcp_two_process; p1_noisy_vole_sender; real_libOTe_NoisyVole_split_input_length_2t; F=array<u64,M>; G=u64; vector_fixed_prime_setup; local_expand"
2026-07-26T06:02:02.525532+00:00,4a917afb6ebeca9bce885fae7f25d0ac0264ecb6,RMVOLE_NET_BENCH,RM_VECTOR_GENERIC_SPLIT,vector,split-input-vole,LOCAL_TCP,tcp-loopback,bench,7,0,OK,PASS,20,1048576,64,128,8,910.256,1608.668,47.007,313.985,337.42,313.98900000000003,,2,,0,0,4211784,147272,4255400,103656,4358976,34054.5,0.5196304321289062,"tcp_two_process; p0_noisy_vole_receiver; real_libOTe_NoisyVole_split_input_length_2t; F=array<u64,M>; G=u64; vector_fixed_prime_setup; local_expand; tcp_two_process; p1_noisy_vole_sender; real_libOTe_NoisyVole_split_input_length_2t; F=array<u64,M>; G=u64; vector_fixed_prime_setup; local_expand"
2026-07-26T06:02:03.930459+00:00,4a917afb6ebeca9bce885fae7f25d0ac0264ecb6,RMVOLE_NET_BENCH,RM_VECTOR_GENERIC_SPLIT,vector,split-input-vole,LOCAL_TCP,tcp-loopback,bench,8,0,OK,PASS,20,1048576,64,128,8,914.764,1625.07,46.903,324.32,339.083,318.257,,2,,0,0,4211784,147272,4255400,103656,4358976,34054.5,0.5196304321289062,"tcp_two_process; p0_noisy_vole_receiver; real_libOTe_NoisyVole_split_input_length_2t; F=array<u64,M>; G=u64; vector_fixed_prime_setup; local_expand; tcp_two_process; p1_noisy_vole_sender; real_libOTe_NoisyVole_split_input_length_2t; F=array<u64,M>; G=u64; vector_fixed_prime_setup; local_expand"
2026-07-26T06:02:05.335359+00:00,4a917afb6ebeca9bce885fae7f25d0ac0264ecb6,RMVOLE_NET_BENCH,RM_VECTOR_GENERIC_SPLIT,vector,split-input-vole,LOCAL_TCP,tcp-loopback,bench,9,0,OK,PASS,20,1048576,64,128,8,911.126,1617.846,47.406,321.847,337.46700000000004,317.19599999999997,,2,,0,0,4211784,147272,4255400,103656,4358976,34054.5,0.5196304321289062,"tcp_two_process; p0_noisy_vole_receiver; real_libOTe_NoisyVole_split_input_length_2t; F=array<u64,M>; G=u64; vector_fixed_prime_setup; local_expand; tcp_two_process; p1_noisy_vole_sender; real_libOTe_NoisyVole_split_input_length_2t; F=array<u64,M>; G=u64; vector_fixed_prime_setup; local_expand"
2026-07-26T06:02:07.691439+00:00,4a917afb6ebeca9bce885fae7f25d0ac0264ecb6,RMVOLE_NET_BENCH,RM_COORD_GENERIC_SPLIT,coordinate,split-input-vole,LOCAL_TCP,tcp-loopback,verify,-2,0,OK,PASS,20,1048576,64,128,8,1740.492,3273.6,46.873,1149.895,336.34,317.184,,16,,0,0,4211784,76445368,80179384,477848,0,0.0,0.0,"tcp_two_process; p0_noisy_vole_receiver; real_libOTe_NoisyVole_split_input_length_2t; F=array<u64,M>; G=u64; coordinate_scalar_fixed_prime_setup; local_expand; tcp_two_process; p1_noisy_vole_sender; real_libOTe_NoisyVole_split_input_length_2t; F=array<u64,M>; G=u64; coordinate_scalar_fixed_prime_setup; local_expand"
2026-07-26T06:02:09.947523+00:00,4a917afb6ebeca9bce885fae7f25d0ac0264ecb6,RMVOLE_NET_BENCH,RM_COORD_GENERIC_SPLIT,coordinate,split-input-vole,LOCAL_TCP,tcp-loopback,bench,-1,1,OK,PASS,20,1048576,64,128,8,1750.062,3293.706,46.894,1155.819,340.931,322.382,,16,,0,0,4211784,947960,4681896,477848,5159664,40309.875,0.6150798797607422,"tcp_two_process; p0_noisy_vole_receiver; real_libOTe_NoisyVole_split_input_length_2t; F=array<u64,M>; G=u64; coordinate_scalar_fixed_prime_setup; local_expand; tcp_two_process; p1_noisy_vole_sender; real_libOTe_NoisyVole_split_input_length_2t; F=array<u64,M>; G=u64; coordinate_scalar_fixed_prime_setup; local_expand"
2026-07-26T06:02:12.203575+00:00,4a917afb6ebeca9bce885fae7f25d0ac0264ecb6,RMVOLE_NET_BENCH,RM_COORD_GENERIC_SPLIT,coordinate,split-input-vole,LOCAL_TCP,tcp-loopback,bench,0,0,OK,PASS,20,1048576,64,128,8,1742.7140000000002,3273.6150000000002,46.900999999999996,1146.83,337.17,316.595,,16,,0,0,4211784,947960,4681896,477848,5159664,40309.875,0.6150798797607422,"tcp_two_process; p0_noisy_vole_receiver; real_libOTe_NoisyVole_split_input_length_2t; F=array<u64,M>; G=u64; coordinate_scalar_fixed_prime_setup; local_expand; tcp_two_process; p1_noisy_vole_sender; real_libOTe_NoisyVole_split_input_length_2t; F=array<u64,M>; G=u64; coordinate_scalar_fixed_prime_setup; local_expand"
2026-07-26T06:02:14.459705+00:00,4a917afb6ebeca9bce885fae7f25d0ac0264ecb6,RMVOLE_NET_BENCH,RM_COORD_GENERIC_SPLIT,coordinate,split-input-vole,LOCAL_TCP,tcp-loopback,bench,1,0,OK,PASS,20,1048576,64,128,8,1740.977,3271.3320000000003,47.188,1146.618,336.549,317.443,,16,,0,0,4211784,947960,4681896,477848,5159664,40309.875,0.6150798797607422,"tcp_two_process; p0_noisy_vole_receiver; real_libOTe_NoisyVole_split_input_length_2t; F=array<u64,M>; G=u64; coordinate_scalar_fixed_prime_setup; local_expand; tcp_two_process; p1_noisy_vole_sender; real_libOTe_NoisyVole_split_input_length_2t; F=array<u64,M>; G=u64; coordinate_scalar_fixed_prime_setup; local_expand"
2026-07-26T06:02:16.715857+00:00,4a917afb6ebeca9bce885fae7f25d0ac0264ecb6,RMVOLE_NET_BENCH,RM_COORD_GENERIC_SPLIT,coordinate,split-input-vole,LOCAL_TCP,tcp-loopback,bench,2,0,OK,PASS,20,1048576,64,128,8,1740.096,3267.797,47.181,1144.447,336.072,318.108,,16,,0,0,4211784,947960,4681896,477848,5159664,40309.875,0.6150798797607422,"tcp_two_process; p0_noisy_vole_receiver; real_libOTe_NoisyVole_split_input_length_2t; F=array<u64,M>; G=u64; coordinate_scalar_fixed_prime_setup; local_expand; tcp_two_process; p1_noisy_vole_sender; real_libOTe_NoisyVole_split_input_length_2t; F=array<u64,M>; G=u64; coordinate_scalar_fixed_prime_setup; local_expand"
2026-07-26T06:02:18.971873+00:00,4a917afb6ebeca9bce885fae7f25d0ac0264ecb6,RMVOLE_NET_BENCH,RM_COORD_GENERIC_SPLIT,coordinate,split-input-vole,LOCAL_TCP,tcp-loopback,bench,3,0,OK,PASS,20,1048576,64,128,8,1743.0939999999998,3274.3669999999997,46.92700000000001,1146.308,338.038,318.777,,16,,0,0,4211784,947960,4681896,477848,5159664,40309.875,0.6150798797607422,"tcp_two_process; p0_noisy_vole_receiver; real_libOTe_NoisyVole_split_input_length_2t; F=array<u64,M>; G=u64; coordinate_scalar_fixed_prime_setup; local_expand; tcp_two_process; p1_noisy_vole_sender; real_libOTe_NoisyVole_split_input_length_2t; F=array<u64,M>; G=u64; coordinate_scalar_fixed_prime_setup; local_expand"
2026-07-26T06:02:21.228026+00:00,4a917afb6ebeca9bce885fae7f25d0ac0264ecb6,RMVOLE_NET_BENCH,RM_COORD_GENERIC_SPLIT,coordinate,split-input-vole,LOCAL_TCP,tcp-loopback,bench,4,0,OK,PASS,20,1048576,64,128,8,1745.574,3283.228,47.137,1148.952,341.56399999999996,317.745,,16,,0,0,4211784,947960,4681896,477848,5159664,40309.875,0.6150798797607422,"tcp_two_process; p0_noisy_vole_receiver; real_libOTe_NoisyVole_split_input_length_2t; F=array<u64,M>; G=u64; coordinate_scalar_fixed_prime_setup; local_expand; tcp_two_process; p1_noisy_vole_sender; real_libOTe_NoisyVole_split_input_length_2t; F=array<u64,M>; G=u64; coordinate_scalar_fixed_prime_setup; local_expand"
2026-07-26T06:02:23.484126+00:00,4a917afb6ebeca9bce885fae7f25d0ac0264ecb6,RMVOLE_NET_BENCH,RM_COORD_GENERIC_SPLIT,coordinate,split-input-vole,LOCAL_TCP,tcp-loopback,bench,5,0,OK,PASS,20,1048576,64,128,8,1745.4879999999998,3286.8839999999996,47.15,1154.268,339.978,318.207,,16,,0,0,4211784,947960,4681896,477848,5159664,40309.875,0.6150798797607422,"tcp_two_process; p0_noisy_vole_receiver; real_libOTe_NoisyVole_split_input_length_2t; F=array<u64,M>; G=u64; coordinate_scalar_fixed_prime_setup; local_expand; tcp_two_process; p1_noisy_vole_sender; real_libOTe_NoisyVole_split_input_length_2t; F=array<u64,M>; G=u64; coordinate_scalar_fixed_prime_setup; local_expand"
2026-07-26T06:02:25.740178+00:00,4a917afb6ebeca9bce885fae7f25d0ac0264ecb6,RMVOLE_NET_BENCH,RM_COORD_GENERIC_SPLIT,coordinate,split-input-vole,LOCAL_TCP,tcp-loopback,bench,6,0,OK,PASS,20,1048576,64,128,8,1745.12,3279.76,47.245000000000005,1149.1599999999999,338.236,317.847,,16,,0,0,4211784,947960,4681896,477848,5159664,40309.875,0.6150798797607422,"tcp_two_process; p0_noisy_vole_receiver; real_libOTe_NoisyVole_split_input_length_2t; F=array<u64,M>; G=u64; coordinate_scalar_fixed_prime_setup; local_expand; tcp_two_process; p1_noisy_vole_sender; real_libOTe_NoisyVole_split_input_length_2t; F=array<u64,M>; G=u64; coordinate_scalar_fixed_prime_setup; local_expand"
2026-07-26T06:02:27.996449+00:00,4a917afb6ebeca9bce885fae7f25d0ac0264ecb6,RMVOLE_NET_BENCH,RM_COORD_GENERIC_SPLIT,coordinate,split-input-vole,LOCAL_TCP,tcp-loopback,bench,7,0,OK,PASS,20,1048576,64,128,8,1751.979,3290.882,47.035000000000004,1152.586,339.282,320.671,,16,,0,0,4211784,947960,4681896,477848,5159664,40309.875,0.6150798797607422,"tcp_two_process; p0_noisy_vole_receiver; real_libOTe_NoisyVole_split_input_length_2t; F=array<u64,M>; G=u64; coordinate_scalar_fixed_prime_setup; local_expand; tcp_two_process; p1_noisy_vole_sender; real_libOTe_NoisyVole_split_input_length_2t; F=array<u64,M>; G=u64; coordinate_scalar_fixed_prime_setup; local_expand"
2026-07-26T06:02:30.252717+00:00,4a917afb6ebeca9bce885fae7f25d0ac0264ecb6,RMVOLE_NET_BENCH,RM_COORD_GENERIC_SPLIT,coordinate,split-input-vole,LOCAL_TCP,tcp-loopback,bench,8,0,OK,PASS,20,1048576,64,128,8,1745.5369999999998,3280.477,47.343999999999994,1150.174,337.422,318.339,,16,,0,0,4211784,947960,4681896,477848,5159664,40309.875,0.6150798797607422,"tcp_two_process; p0_noisy_vole_receiver; real_libOTe_NoisyVole_split_input_length_2t; F=array<u64,M>; G=u64; coordinate_scalar_fixed_prime_setup; local_expand; tcp_two_process; p1_noisy_vole_sender; real_libOTe_NoisyVole_split_input_length_2t; F=array<u64,M>; G=u64; coordinate_scalar_fixed_prime_setup; local_expand"
2026-07-26T06:02:32.508903+00:00,4a917afb6ebeca9bce885fae7f25d0ac0264ecb6,RMVOLE_NET_BENCH,RM_COORD_GENERIC_SPLIT,coordinate,split-input-vole,LOCAL_TCP,tcp-loopback,bench,9,0,OK,PASS,20,1048576,64,128,8,1742.0659999999998,3276.171,46.980000000000004,1150.404,336.721,317.298,,16,,0,0,4211784,947960,4681896,477848,5159664,40309.875,0.6150798797607422,"tcp_two_process; p0_noisy_vole_receiver; real_libOTe_NoisyVole_split_input_length_2t; F=array<u64,M>; G=u64; coordinate_scalar_fixed_prime_setup; local_expand; tcp_two_process; p1_noisy_vole_sender; real_libOTe_NoisyVole_split_input_length_2t; F=array<u64,M>; G=u64; coordinate_scalar_fixed_prime_setup; local_expand"
2026-07-26T06:02:34.014088+00:00,4a917afb6ebeca9bce885fae7f25d0ac0264ecb6,RMVOLE_NET_BENCH,RM_VECTOR_OPT,vector,split-input-coeff-ot,LOCAL_TCP,tcp-loopback,verify,-2,0,OK,PASS,20,1048576,64,128,8,853.632,1504.321,9.856,302.265,338.568,317.228,,2,,0,0,1378648,75644680,75683512,1339896,0,0.0,0.0,tcp_two_process; p0_coeff_bit_ot_receiver; SPLIT_COEFF_OT; one_batched_Kos_chosen_message_OT; vector_fixed_prime_setup; local_expand; tcp_two_process; p1_coeff_bit_ot_sender; SPLIT_COEFF_OT; one_batched_Kos_chosen_message_OT; vector_fixed_prime_setup; local_expand
2026-07-26T06:02:35.368970+00:00,4a917afb6ebeca9bce885fae7f25d0ac0264ecb6,RMVOLE_NET_BENCH,RM_VECTOR_OPT,vector,split-input-coeff-ot,LOCAL_TCP,tcp-loopback,bench,-1,1,OK,PASS,20,1048576,64,128,8,858.177,1518.2549999999999,9.915999999999999,313.28000000000003,336.882,318.682,,2,,0,0,1378648,147272,186024,1339896,1525840,11920.625,0.18189430236816406,tcp_two_process; p0_coeff_bit_ot_receiver; SPLIT_COEFF_OT; one_batched_Kos_chosen_message_OT; vector_fixed_prime_setup; local_expand; tcp_two_process; p1_coeff_bit_ot_sender; SPLIT_COEFF_OT; one_batched_Kos_chosen_message_OT; vector_fixed_prime_setup; local_expand
2026-07-26T06:02:36.723747+00:00,4a917afb6ebeca9bce885fae7f25d0ac0264ecb6,RMVOLE_NET_BENCH,RM_VECTOR_OPT,vector,split-input-coeff-ot,LOCAL_TCP,tcp-loopback,bench,0,0,OK,PASS,20,1048576,64,128,8,859.8489999999999,1512.1229999999998,9.874,303.341,339.059,318.532,,2,,0,0,1378648,147272,186024,1339896,1525840,11920.625,0.18189430236816406,tcp_two_process; p0_coeff_bit_ot_receiver; SPLIT_COEFF_OT; one_batched_Kos_chosen_message_OT; vector_fixed_prime_setup; local_expand; tcp_two_process; p1_coeff_bit_ot_sender; SPLIT_COEFF_OT; one_batched_Kos_chosen_message_OT; vector_fixed_prime_setup; local_expand
2026-07-26T06:02:38.128788+00:00,4a917afb6ebeca9bce885fae7f25d0ac0264ecb6,RMVOLE_NET_BENCH,RM_VECTOR_OPT,vector,split-input-coeff-ot,LOCAL_TCP,tcp-loopback,bench,1,0,OK,PASS,20,1048576,64,128,8,863.819,1526.4820000000002,9.887,315.002,337.774,316.687,,2,,0,0,1378648,147272,186024,1339896,1525840,11920.625,0.18189430236816406,tcp_two_process; p0_coeff_bit_ot_receiver; SPLIT_COEFF_OT; one_batched_Kos_chosen_message_OT; vector_fixed_prime_setup; local_expand; tcp_two_process; p1_coeff_bit_ot_sender; SPLIT_COEFF_OT; one_batched_Kos_chosen_message_OT; vector_fixed_prime_setup; local_expand
2026-07-26T06:02:39.483903+00:00,4a917afb6ebeca9bce885fae7f25d0ac0264ecb6,RMVOLE_NET_BENCH,RM_VECTOR_OPT,vector,split-input-coeff-ot,LOCAL_TCP,tcp-loopback,bench,2,0,OK,PASS,20,1048576,64,128,8,851.187,1501.0159999999998,9.877,301.238,338.714,318.312,,2,,0,0,1378648,147272,186024,1339896,1525840,11920.625,0.18189430236816406,tcp_two_process; p0_coeff_bit_ot_receiver; SPLIT_COEFF_OT; one_batched_Kos_chosen_message_OT; vector_fixed_prime_setup; local_expand; tcp_two_process; p1_coeff_bit_ot_sender; SPLIT_COEFF_OT; one_batched_Kos_chosen_message_OT; vector_fixed_prime_setup; local_expand
2026-07-26T06:02:40.838807+00:00,4a917afb6ebeca9bce885fae7f25d0ac0264ecb6,RMVOLE_NET_BENCH,RM_VECTOR_OPT,vector,split-input-coeff-ot,LOCAL_TCP,tcp-loopback,bench,3,0,OK,PASS,20,1048576,64,128,8,852.846,1501.3290000000002,9.915000000000001,300.986,337.582,317.709,,2,,0,0,1378648,147272,186024,1339896,1525840,11920.625,0.18189430236816406,tcp_two_process; p0_coeff_bit_ot_receiver; SPLIT_COEFF_OT; one_batched_Kos_chosen_message_OT; vector_fixed_prime_setup; local_expand; tcp_two_process; p1_coeff_bit_ot_sender; SPLIT_COEFF_OT; one_batched_Kos_chosen_message_OT; vector_fixed_prime_setup; local_expand
2026-07-26T06:02:42.193645+00:00,4a917afb6ebeca9bce885fae7f25d0ac0264ecb6,RMVOLE_NET_BENCH,RM_VECTOR_OPT,vector,split-input-coeff-ot,LOCAL_TCP,tcp-loopback,bench,4,0,OK,PASS,20,1048576,64,128,8,855.5390000000001,1506.556,9.863999999999999,302.271,338.883,318.169,,2,,0,0,1378648,147272,186024,1339896,1525840,11920.625,0.18189430236816406,tcp_two_process; p0_coeff_bit_ot_receiver; SPLIT_COEFF_OT; one_batched_Kos_chosen_message_OT; vector_fixed_prime_setup; local_expand; tcp_two_process; p1_coeff_bit_ot_sender; SPLIT_COEFF_OT; one_batched_Kos_chosen_message_OT; vector_fixed_prime_setup; local_expand
2026-07-26T06:02:43.548636+00:00,4a917afb6ebeca9bce885fae7f25d0ac0264ecb6,RMVOLE_NET_BENCH,RM_VECTOR_OPT,vector,split-input-coeff-ot,LOCAL_TCP,tcp-loopback,bench,5,0,OK,PASS,20,1048576,64,128,8,853.803,1510.346,9.877,308.514,338.152,317.75199999999995,,2,,0,0,1378648,147272,186024,1339896,1525840,11920.625,0.18189430236816406,tcp_two_process; p0_coeff_bit_ot_receiver; SPLIT_COEFF_OT; one_batched_Kos_chosen_message_OT; vector_fixed_prime_setup; local_expand; tcp_two_process; p1_coeff_bit_ot_sender; SPLIT_COEFF_OT; one_batched_Kos_chosen_message_OT; vector_fixed_prime_setup; local_expand
2026-07-26T06:02:44.903505+00:00,4a917afb6ebeca9bce885fae7f25d0ac0264ecb6,RMVOLE_NET_BENCH,RM_VECTOR_OPT,vector,split-input-coeff-ot,LOCAL_TCP,tcp-loopback,bench,6,0,OK,PASS,20,1048576,64,128,8,854.403,1509.933,9.852,308.143,337.53499999999997,316.888,,2,,0,0,1378648,147272,186024,1339896,1525840,11920.625,0.18189430236816406,tcp_two_process; p0_coeff_bit_ot_receiver; SPLIT_COEFF_OT; one_batched_Kos_chosen_message_OT; vector_fixed_prime_setup; local_expand; tcp_two_process; p1_coeff_bit_ot_sender; SPLIT_COEFF_OT; one_batched_Kos_chosen_message_OT; vector_fixed_prime_setup; local_expand
2026-07-26T06:02:46.258483+00:00,4a917afb6ebeca9bce885fae7f25d0ac0264ecb6,RMVOLE_NET_BENCH,RM_VECTOR_OPT,vector,split-input-coeff-ot,LOCAL_TCP,tcp-loopback,bench,7,0,OK,PASS,20,1048576,64,128,8,854.767,1507.565,9.9,305.179,337.719,316.93100000000004,,2,,0,0,1378648,147272,186024,1339896,1525840,11920.625,0.18189430236816406,tcp_two_process; p0_coeff_bit_ot_receiver; SPLIT_COEFF_OT; one_batched_Kos_chosen_message_OT; vector_fixed_prime_setup; local_expand; tcp_two_process; p1_coeff_bit_ot_sender; SPLIT_COEFF_OT; one_batched_Kos_chosen_message_OT; vector_fixed_prime_setup; local_expand
2026-07-26T06:02:47.613489+00:00,4a917afb6ebeca9bce885fae7f25d0ac0264ecb6,RMVOLE_NET_BENCH,RM_VECTOR_OPT,vector,split-input-coeff-ot,LOCAL_TCP,tcp-loopback,bench,8,0,OK,PASS,20,1048576,64,128,8,850.385,1503.3949999999998,10.059000000000001,305.342,337.608,315.818,,2,,0,0,1378648,147272,186024,1339896,1525840,11920.625,0.18189430236816406,tcp_two_process; p0_coeff_bit_ot_receiver; SPLIT_COEFF_OT; one_batched_Kos_chosen_message_OT; vector_fixed_prime_setup; local_expand; tcp_two_process; p1_coeff_bit_ot_sender; SPLIT_COEFF_OT; one_batched_Kos_chosen_message_OT; vector_fixed_prime_setup; local_expand
2026-07-26T06:02:48.968437+00:00,4a917afb6ebeca9bce885fae7f25d0ac0264ecb6,RMVOLE_NET_BENCH,RM_VECTOR_OPT,vector,split-input-coeff-ot,LOCAL_TCP,tcp-loopback,bench,9,0,OK,PASS,20,1048576,64,128,8,852.313,1504.9289999999999,9.93,304.683,338.003,317.129,,2,,0,0,1378648,147272,186024,1339896,1525840,11920.625,0.18189430236816406,tcp_two_process; p0_coeff_bit_ot_receiver; SPLIT_COEFF_OT; one_batched_Kos_chosen_message_OT; vector_fixed_prime_setup; local_expand; tcp_two_process; p1_coeff_bit_ot_sender; SPLIT_COEFF_OT; one_batched_Kos_chosen_message_OT; vector_fixed_prime_setup; local_expand
2026-07-26T06:02:51.274689+00:00,4a917afb6ebeca9bce885fae7f25d0ac0264ecb6,RMVOLE_NET_BENCH,RM_COORD_OPT,coordinate,split-input-coeff-ot,LOCAL_TCP,tcp-loopback,verify,-2,0,OK,PASS,20,1048576,64,128,8,1682.326,3165.2599999999998,9.865,1135.415,337.65299999999996,317.02000000000004,,16,,0,0,1378648,76445368,76110008,1714088,0,0.0,0.0,tcp_two_process; p0_coeff_bit_ot_receiver; SPLIT_COEFF_OT; one_batched_Kos_chosen_message_OT; coordinate_scalar_fixed_prime_setup; local_expand; tcp_two_process; p1_coeff_bit_ot_sender; SPLIT_COEFF_OT; one_batched_Kos_chosen_message_OT; coordinate_scalar_fixed_prime_setup; local_expand
2026-07-26T06:02:53.480633+00:00,4a917afb6ebeca9bce885fae7f25d0ac0264ecb6,RMVOLE_NET_BENCH,RM_COORD_OPT,coordinate,split-input-coeff-ot,LOCAL_TCP,tcp-loopback,bench,-1,1,OK,PASS,20,1048576,64,128,8,1678.3220000000001,3162.8160000000003,9.908,1137.4899999999998,337.096,318.293,,16,,0,0,1378648,947960,612520,1714088,2326528,18176.0,0.27734375,tcp_two_process; p0_coeff_bit_ot_receiver; SPLIT_COEFF_OT; one_batched_Kos_chosen_message_OT; coordinate_scalar_fixed_prime_setup; local_expand; tcp_two_process; p1_coeff_bit_ot_sender; SPLIT_COEFF_OT; one_batched_Kos_chosen_message_OT; coordinate_scalar_fixed_prime_setup; local_expand
2026-07-26T06:02:55.686700+00:00,4a917afb6ebeca9bce885fae7f25d0ac0264ecb6,RMVOLE_NET_BENCH,RM_COORD_OPT,coordinate,split-input-coeff-ot,LOCAL_TCP,tcp-loopback,bench,0,0,OK,PASS,20,1048576,64,128,8,1689.472,3177.782,9.885,1141.6109999999999,336.815,317.67699999999996,,16,,0,0,1378648,947960,612520,1714088,2326528,18176.0,0.27734375,tcp_two_process; p0_coeff_bit_ot_receiver; SPLIT_COEFF_OT; one_batched_Kos_chosen_message_OT; coordinate_scalar_fixed_prime_setup; local_expand; tcp_two_process; p1_coeff_bit_ot_sender; SPLIT_COEFF_OT; one_batched_Kos_chosen_message_OT; coordinate_scalar_fixed_prime_setup; local_expand
2026-07-26T06:02:57.892781+00:00,4a917afb6ebeca9bce885fae7f25d0ac0264ecb6,RMVOLE_NET_BENCH,RM_COORD_OPT,coordinate,split-input-coeff-ot,LOCAL_TCP,tcp-loopback,bench,1,0,OK,PASS,20,1048576,64,128,8,1678.3760000000002,3157.117,9.929,1131.516,337.296,316.83,,16,,0,0,1378648,947960,612520,1714088,2326528,18176.0,0.27734375,tcp_two_process; p0_coeff_bit_ot_receiver; SPLIT_COEFF_OT; one_batched_Kos_chosen_message_OT; coordinate_scalar_fixed_prime_setup; local_expand; tcp_two_process; p1_coeff_bit_ot_sender; SPLIT_COEFF_OT; one_batched_Kos_chosen_message_OT; coordinate_scalar_fixed_prime_setup; local_expand
2026-07-26T06:03:00.098867+00:00,4a917afb6ebeca9bce885fae7f25d0ac0264ecb6,RMVOLE_NET_BENCH,RM_COORD_OPT,coordinate,split-input-coeff-ot,LOCAL_TCP,tcp-loopback,bench,2,0,OK,PASS,20,1048576,64,128,8,1687.796,3169.515,9.870000000000001,1134.091,337.758,317.8,,16,,0,0,1378648,947960,612520,1714088,2326528,18176.0,0.27734375,tcp_two_process; p0_coeff_bit_ot_receiver; SPLIT_COEFF_OT; one_batched_Kos_chosen_message_OT; coordinate_scalar_fixed_prime_setup; local_expand; tcp_two_process; p1_coeff_bit_ot_sender; SPLIT_COEFF_OT; one_batched_Kos_chosen_message_OT; coordinate_scalar_fixed_prime_setup; local_expand
2026-07-26T06:03:02.305001+00:00,4a917afb6ebeca9bce885fae7f25d0ac0264ecb6,RMVOLE_NET_BENCH,RM_COORD_OPT,coordinate,split-input-coeff-ot,LOCAL_TCP,tcp-loopback,bench,3,0,OK,PASS,20,1048576,64,128,8,1674.961,3159.033,9.883,1135.837,338.352,316.851,,16,,0,0,1378648,947960,612520,1714088,2326528,18176.0,0.27734375,tcp_two_process; p0_coeff_bit_ot_receiver; SPLIT_COEFF_OT; one_batched_Kos_chosen_message_OT; coordinate_scalar_fixed_prime_setup; local_expand; tcp_two_process; p1_coeff_bit_ot_sender; SPLIT_COEFF_OT; one_batched_Kos_chosen_message_OT; coordinate_scalar_fixed_prime_setup; local_expand
2026-07-26T06:03:04.511058+00:00,4a917afb6ebeca9bce885fae7f25d0ac0264ecb6,RMVOLE_NET_BENCH,RM_COORD_OPT,coordinate,split-input-coeff-ot,LOCAL_TCP,tcp-loopback,bench,4,0,OK,PASS,20,1048576,64,128,8,1672.9160000000002,3151.183,9.891,1130.431,337.945,316.306,,16,,0,0,1378648,947960,612520,1714088,2326528,18176.0,0.27734375,tcp_two_process; p0_coeff_bit_ot_receiver; SPLIT_COEFF_OT; one_batched_Kos_chosen_message_OT; coordinate_scalar_fixed_prime_setup; local_expand; tcp_two_process; p1_coeff_bit_ot_sender; SPLIT_COEFF_OT; one_batched_Kos_chosen_message_OT; coordinate_scalar_fixed_prime_setup; local_expand
2026-07-26T06:03:06.717366+00:00,4a917afb6ebeca9bce885fae7f25d0ac0264ecb6,RMVOLE_NET_BENCH,RM_COORD_OPT,coordinate,split-input-coeff-ot,LOCAL_TCP,tcp-loopback,bench,5,0,OK,PASS,20,1048576,64,128,8,1687.049,3172.893,9.883,1138.26,337.70099999999996,318.092,,16,,0,0,1378648,947960,612520,1714088,2326528,18176.0,0.27734375,tcp_two_process; p0_coeff_bit_ot_receiver; SPLIT_COEFF_OT; one_batched_Kos_chosen_message_OT; coordinate_scalar_fixed_prime_setup; local_expand; tcp_two_process; p1_coeff_bit_ot_sender; SPLIT_COEFF_OT; one_batched_Kos_chosen_message_OT; coordinate_scalar_fixed_prime_setup; local_expand
2026-07-26T06:03:08.923536+00:00,4a917afb6ebeca9bce885fae7f25d0ac0264ecb6,RMVOLE_NET_BENCH,RM_COORD_OPT,coordinate,split-input-coeff-ot,LOCAL_TCP,tcp-loopback,bench,6,0,OK,PASS,20,1048576,64,128,8,1680.8300000000002,3163.696,9.848,1132.91,340.108,319.772,,16,,0,0,1378648,947960,612520,1714088,2326528,18176.0,0.27734375,tcp_two_process; p0_coeff_bit_ot_receiver; SPLIT_COEFF_OT; one_batched_Kos_chosen_message_OT; coordinate_scalar_fixed_prime_setup; local_expand; tcp_two_process; p1_coeff_bit_ot_sender; SPLIT_COEFF_OT; one_batched_Kos_chosen_message_OT; coordinate_scalar_fixed_prime_setup; local_expand
2026-07-26T06:03:11.129638+00:00,4a917afb6ebeca9bce885fae7f25d0ac0264ecb6,RMVOLE_NET_BENCH,RM_COORD_OPT,coordinate,split-input-coeff-ot,LOCAL_TCP,tcp-loopback,bench,7,0,OK,PASS,20,1048576,64,128,8,1683.279,3166.03,9.869,1134.9309999999998,337.951,318.20500000000004,,16,,0,0,1378648,947960,612520,1714088,2326528,18176.0,0.27734375,tcp_two_process; p0_coeff_bit_ot_receiver; SPLIT_COEFF_OT; one_batched_Kos_chosen_message_OT; coordinate_scalar_fixed_prime_setup; local_expand; tcp_two_process; p1_coeff_bit_ot_sender; SPLIT_COEFF_OT; one_batched_Kos_chosen_message_OT; coordinate_scalar_fixed_prime_setup; local_expand
2026-07-26T06:03:13.335644+00:00,4a917afb6ebeca9bce885fae7f25d0ac0264ecb6,RMVOLE_NET_BENCH,RM_COORD_OPT,coordinate,split-input-coeff-ot,LOCAL_TCP,tcp-loopback,bench,8,0,OK,PASS,20,1048576,64,128,8,1687.242,3177.094,10.024999999999999,1142.0410000000002,337.786,317.385,,16,,0,0,1378648,947960,612520,1714088,2326528,18176.0,0.27734375,tcp_two_process; p0_coeff_bit_ot_receiver; SPLIT_COEFF_OT; one_batched_Kos_chosen_message_OT; coordinate_scalar_fixed_prime_setup; local_expand; tcp_two_process; p1_coeff_bit_ot_sender; SPLIT_COEFF_OT; one_batched_Kos_chosen_message_OT; coordinate_scalar_fixed_prime_setup; local_expand
2026-07-26T06:03:15.541974+00:00,4a917afb6ebeca9bce885fae7f25d0ac0264ecb6,RMVOLE_NET_BENCH,RM_COORD_OPT,coordinate,split-input-coeff-ot,LOCAL_TCP,tcp-loopback,bench,9,0,OK,PASS,20,1048576,64,128,8,1686.4889999999998,3170.529,9.943,1137.233,336.864,317.639,,16,,0,0,1378648,947960,612520,1714088,2326528,18176.0,0.27734375,tcp_two_process; p0_coeff_bit_ot_receiver; SPLIT_COEFF_OT; one_batched_Kos_chosen_message_OT; coordinate_scalar_fixed_prime_setup; local_expand; tcp_two_process; p1_coeff_bit_ot_sender; SPLIT_COEFF_OT; one_batched_Kos_chosen_message_OT; coordinate_scalar_fixed_prime_setup; local_expand
2026-07-26T06:03:18.148843+00:00,4a917afb6ebeca9bce885fae7f25d0ac0264ecb6,RMVOLE_NET_BENCH,RM_VECTOR_GENERIC_SPLIT,vector,split-input-vole,LOCAL_TCP,tcp-loopback,verify,-2,0,OK,PASS,20,1048576,64,128,16,1538.8200000000002,2871.5640000000003,124.096,520.1980000000001,688.45,676.341,,2,,0,0,16812104,142786312,159444728,153832,0,0.0,0.0,"tcp_two_process; p0_noisy_vole_receiver; real_libOTe_NoisyVole_split_input_length_2t; F=array<u64,M>; G=u64; vector_fixed_prime_setup; local_expand; tcp_two_process; p1_noisy_vole_sender; real_libOTe_NoisyVole_split_input_length_2t; F=array<u64,M>; G=u64; vector_fixed_prime_setup; local_expand"
2026-07-26T06:03:20.455198+00:00,4a917afb6ebeca9bce885fae7f25d0ac0264ecb6,RMVOLE_NET_BENCH,RM_VECTOR_GENERIC_SPLIT,vector,split-input-vole,LOCAL_TCP,tcp-loopback,bench,-1,1,OK,PASS,20,1048576,64,128,16,1531.6689999999999,2857.4729999999995,123.682,511.521,690.601,676.907,,2,,0,0,16812104,180104,16838376,153832,16992064,132750.5,1.0128059387207031,"tcp_two_process; p0_noisy_vole_receiver; real_libOTe_NoisyVole_split_input_length_2t; F=array<u64,M>; G=u64; vector_fixed_prime_setup; local_expand; tcp_two_process; p1_noisy_vole_sender; real_libOTe_NoisyVole_split_input_length_2t; F=array<u64,M>; G=u64; vector_fixed_prime_setup; local_expand"
2026-07-26T06:03:22.761450+00:00,4a917afb6ebeca9bce885fae7f25d0ac0264ecb6,RMVOLE_NET_BENCH,RM_VECTOR_GENERIC_SPLIT,vector,split-input-vole,LOCAL_TCP,tcp-loopback,bench,0,0,OK,PASS,20,1048576,64,128,16,1535.353,2861.176,123.276,512.0029999999999,690.5440000000001,677.686,,2,,0,0,16812104,180104,16838376,153832,16992064,132750.5,1.0128059387207031,"tcp_two_process; p0_noisy_vole_receiver; real_libOTe_NoisyVole_split_input_length_2t; F=array<u64,M>; G=u64; vector_fixed_prime_setup; local_expand; tcp_two_process; p1_noisy_vole_sender; real_libOTe_NoisyVole_split_input_length_2t; F=array<u64,M>; G=u64; vector_fixed_prime_setup; local_expand"
2026-07-26T06:03:25.067941+00:00,4a917afb6ebeca9bce885fae7f25d0ac0264ecb6,RMVOLE_NET_BENCH,RM_VECTOR_GENERIC_SPLIT,vector,split-input-vole,LOCAL_TCP,tcp-loopback,bench,1,0,OK,PASS,20,1048576,64,128,16,1537.1889999999999,2864.683,124.03699999999999,512.199,691.258,678.092,,2,,0,0,16812104,180104,16838376,153832,16992064,132750.5,1.0128059387207031,"tcp_two_process; p0_noisy_vole_receiver; real_libOTe_NoisyVole_split_input_length_2t; F=array<u64,M>; G=u64; vector_fixed_prime_setup; local_expand; tcp_two_process; p1_noisy_vole_sender; real_libOTe_NoisyVole_split_input_length_2t; F=array<u64,M>; G=u64; vector_fixed_prime_setup; local_expand"
2026-07-26T06:03:27.374410+00:00,4a917afb6ebeca9bce885fae7f25d0ac0264ecb6,RMVOLE_NET_BENCH,RM_VECTOR_GENERIC_SPLIT,vector,split-input-vole,LOCAL_TCP,tcp-loopback,bench,2,0,OK,PASS,20,1048576,64,128,16,1535.375,2860.1,123.39500000000001,509.756,691.573,678.431,,2,,0,0,16812104,180104,16838376,153832,16992064,132750.5,1.0128059387207031,"tcp_two_process; p0_noisy_vole_receiver; real_libOTe_NoisyVole_split_input_length_2t; F=array<u64,M>; G=u64; vector_fixed_prime_setup; local_expand; tcp_two_process; p1_noisy_vole_sender; real_libOTe_NoisyVole_split_input_length_2t; F=array<u64,M>; G=u64; vector_fixed_prime_setup; local_expand"
2026-07-26T06:03:29.680948+00:00,4a917afb6ebeca9bce885fae7f25d0ac0264ecb6,RMVOLE_NET_BENCH,RM_VECTOR_GENERIC_SPLIT,vector,split-input-vole,LOCAL_TCP,tcp-loopback,bench,3,0,OK,PASS,20,1048576,64,128,16,1536.5420000000001,2864.646,123.607,510.714,693.782,681.644,,2,,0,0,16812104,180104,16838376,153832,16992064,132750.5,1.0128059387207031,"tcp_two_process; p0_noisy_vole_receiver; real_libOTe_NoisyVole_split_input_length_2t; F=array<u64,M>; G=u64; vector_fixed_prime_setup; local_expand; tcp_two_process; p1_noisy_vole_sender; real_libOTe_NoisyVole_split_input_length_2t; F=array<u64,M>; G=u64; vector_fixed_prime_setup; local_expand"
2026-07-26T06:03:31.987630+00:00,4a917afb6ebeca9bce885fae7f25d0ac0264ecb6,RMVOLE_NET_BENCH,RM_VECTOR_GENERIC_SPLIT,vector,split-input-vole,LOCAL_TCP,tcp-loopback,bench,4,0,OK,PASS,20,1048576,64,128,16,1534.728,2860.764,123.61800000000001,510.46999999999997,691.948,678.4480000000001,,2,,0,0,16812104,180104,16838376,153832,16992064,132750.5,1.0128059387207031,"tcp_two_process; p0_noisy_vole_receiver; real_libOTe_NoisyVole_split_input_length_2t; F=array<u64,M>; G=u64; vector_fixed_prime_setup; local_expand; tcp_two_process; p1_noisy_vole_sender; real_libOTe_NoisyVole_split_input_length_2t; F=array<u64,M>; G=u64; vector_fixed_prime_setup; local_expand"
2026-07-26T06:03:34.294283+00:00,4a917afb6ebeca9bce885fae7f25d0ac0264ecb6,RMVOLE_NET_BENCH,RM_VECTOR_GENERIC_SPLIT,vector,split-input-vole,LOCAL_TCP,tcp-loopback,bench,5,0,OK,PASS,20,1048576,64,128,16,1538.008,2864.1969999999997,123.809,511.378,691.002,678.049,,2,,0,0,16812104,180104,16838376,153832,16992064,132750.5,1.0128059387207031,"tcp_two_process; p0_noisy_vole_receiver; real_libOTe_NoisyVole_split_input_length_2t; F=array<u64,M>; G=u64; vector_fixed_prime_setup; local_expand; tcp_two_process; p1_noisy_vole_sender; real_libOTe_NoisyVole_split_input_length_2t; F=array<u64,M>; G=u64; vector_fixed_prime_setup; local_expand"
2026-07-26T06:03:36.600619+00:00,4a917afb6ebeca9bce885fae7f25d0ac0264ecb6,RMVOLE_NET_BENCH,RM_VECTOR_GENERIC_SPLIT,vector,split-input-vole,LOCAL_TCP,tcp-loopback,bench,6,0,OK,PASS,20,1048576,64,128,16,1528.9029999999998,2853.172,123.872,510.17500000000007,690.222,676.1850000000001,,2,,0,0,16812104,180104,16838376,153832,16992064,132750.5,1.0128059387207031,"tcp_two_process; p0_noisy_vole_receiver; real_libOTe_NoisyVole_split_input_length_2t; F=array<u64,M>; G=u64; vector_fixed_prime_setup; local_expand; tcp_two_process; p1_noisy_vole_sender; real_libOTe_NoisyVole_split_input_length_2t; F=array<u64,M>; G=u64; vector_fixed_prime_setup; local_expand"
2026-07-26T06:03:38.906906+00:00,4a917afb6ebeca9bce885fae7f25d0ac0264ecb6,RMVOLE_NET_BENCH,RM_VECTOR_GENERIC_SPLIT,vector,split-input-vole,LOCAL_TCP,tcp-loopback,bench,7,0,OK,PASS,20,1048576,64,128,16,1537.948,2865.1710000000003,124.057,512.0310000000001,691.1350000000001,677.022,,2,,0,0,16812104,180104,16838376,153832,16992064,132750.5,1.0128059387207031,"tcp_two_process; p0_noisy_vole_receiver; real_libOTe_NoisyVole_split_input_length_2t; F=array<u64,M>; G=u64; vector_fixed_prime_setup; local_expand; tcp_two_process; p1_noisy_vole_sender; real_libOTe_NoisyVole_split_input_length_2t; F=array<u64,M>; G=u64; vector_fixed_prime_setup; local_expand"
2026-07-26T06:03:41.213437+00:00,4a917afb6ebeca9bce885fae7f25d0ac0264ecb6,RMVOLE_NET_BENCH,RM_VECTOR_GENERIC_SPLIT,vector,split-input-vole,LOCAL_TCP,tcp-loopback,bench,8,0,OK,PASS,20,1048576,64,128,16,1535.979,2861.7790000000005,124.08800000000001,512.444,689.268,675.451,,2,,0,0,16812104,180104,16838376,153832,16992064,132750.5,1.0128059387207031,"tcp_two_process; p0_noisy_vole_receiver; real_libOTe_NoisyVole_split_input_length_2t; F=array<u64,M>; G=u64; vector_fixed_prime_setup; local_expand; tcp_two_process; p1_noisy_vole_sender; real_libOTe_NoisyVole_split_input_length_2t; F=array<u64,M>; G=u64; vector_fixed_prime_setup; local_expand"
2026-07-26T06:03:43.519779+00:00,4a917afb6ebeca9bce885fae7f25d0ac0264ecb6,RMVOLE_NET_BENCH,RM_VECTOR_GENERIC_SPLIT,vector,split-input-vole,LOCAL_TCP,tcp-loopback,bench,9,0,OK,PASS,20,1048576,64,128,16,1539.2259999999999,2872.8540000000003,123.747,516.282,693.5980000000001,678.513,,2,,0,0,16812104,180104,16838376,153832,16992064,132750.5,1.0128059387207031,"tcp_two_process; p0_noisy_vole_receiver; real_libOTe_NoisyVole_split_input_length_2t; F=array<u64,M>; G=u64; vector_fixed_prime_setup; local_expand; tcp_two_process; p1_noisy_vole_sender; real_libOTe_NoisyVole_split_input_length_2t; F=array<u64,M>; G=u64; vector_fixed_prime_setup; local_expand"
2026-07-26T06:03:47.828598+00:00,4a917afb6ebeca9bce885fae7f25d0ac0264ecb6,RMVOLE_NET_BENCH,RM_COORD_GENERIC_SPLIT,coordinate,split-input-vole,LOCAL_TCP,tcp-loopback,verify,-2,0,OK,PASS,20,1048576,64,128,16,3324.743,6440.479,123.674,2302.038,690.025,672.61,,32,,0,0,16812104,144502072,160358648,955672,0,0.0,0.0,"tcp_two_process; p0_noisy_vole_receiver; real_libOTe_NoisyVole_split_input_length_2t; F=array<u64,M>; G=u64; coordinate_scalar_fixed_prime_setup; local_expand; tcp_two_process; p1_noisy_vole_sender; real_libOTe_NoisyVole_split_input_length_2t; F=array<u64,M>; G=u64; coordinate_scalar_fixed_prime_setup; local_expand"
2026-07-26T06:03:51.837146+00:00,4a917afb6ebeca9bce885fae7f25d0ac0264ecb6,RMVOLE_NET_BENCH,RM_COORD_GENERIC_SPLIT,coordinate,split-input-vole,LOCAL_TCP,tcp-loopback,bench,-1,1,OK,PASS,20,1048576,64,128,16,3325.2039999999997,6436.923999999999,123.852,2295.039,692.8299999999999,676.8779999999999,,32,,0,0,16812104,1895864,17752296,955672,18707824,146154.875,1.1150732040405273,"tcp_two_process; p0_noisy_vole_receiver; real_libOTe_NoisyVole_split_input_length_2t; F=array<u64,M>; G=u64; coordinate_scalar_fixed_prime_setup; local_expand; tcp_two_process; p1_noisy_vole_sender; real_libOTe_NoisyVole_split_input_length_2t; F=array<u64,M>; G=u64; coordinate_scalar_fixed_prime_setup; local_expand"
2026-07-26T06:03:55.845868+00:00,4a917afb6ebeca9bce885fae7f25d0ac0264ecb6,RMVOLE_NET_BENCH,RM_COORD_GENERIC_SPLIT,coordinate,split-input-vole,LOCAL_TCP,tcp-loopback,bench,0,0,OK,PASS,20,1048576,64,128,16,3321.913,6433.075000000001,124.10799999999999,2298.466,688.588,675.0930000000001,,32,,0,0,16812104,1895864,17752296,955672,18707824,146154.875,1.1150732040405273,"tcp_two_process; p0_noisy_vole_receiver; real_libOTe_NoisyVole_split_input_length_2t; F=array<u64,M>; G=u64; coordinate_scalar_fixed_prime_setup; local_expand; tcp_two_process; p1_noisy_vole_sender; real_libOTe_NoisyVole_split_input_length_2t; F=array<u64,M>; G=u64; coordinate_scalar_fixed_prime_setup; local_expand"
2026-07-26T06:03:59.854418+00:00,4a917afb6ebeca9bce885fae7f25d0ac0264ecb6,RMVOLE_NET_BENCH,RM_COORD_GENERIC_SPLIT,coordinate,split-input-vole,LOCAL_TCP,tcp-loopback,bench,1,0,OK,PASS,20,1048576,64,128,16,3328.351,6447.445,123.66499999999999,2305.4519999999998,689.977,672.809,,32,,0,0,16812104,1895864,17752296,955672,18707824,146154.875,1.1150732040405273,"tcp_two_process; p0_noisy_vole_receiver; real_libOTe_NoisyVole_split_input_length_2t; F=array<u64,M>; G=u64; coordinate_scalar_fixed_prime_setup; local_expand; tcp_two_process; p1_noisy_vole_sender; real_libOTe_NoisyVole_split_input_length_2t; F=array<u64,M>; G=u64; coordinate_scalar_fixed_prime_setup; local_expand"
2026-07-26T06:04:03.863083+00:00,4a917afb6ebeca9bce885fae7f25d0ac0264ecb6,RMVOLE_NET_BENCH,RM_COORD_GENERIC_SPLIT,coordinate,split-input-vole,LOCAL_TCP,tcp-loopback,bench,2,0,OK,PASS,20,1048576,64,128,16,3328.916,6446.092000000001,123.337,2299.825,694.013,678.1740000000001,,32,,0,0,16812104,1895864,17752296,955672,18707824,146154.875,1.1150732040405273,"tcp_two_process; p0_noisy_vole_receiver; real_libOTe_NoisyVole_split_input_length_2t; F=array<u64,M>; G=u64; coordinate_scalar_fixed_prime_setup; local_expand; tcp_two_process; p1_noisy_vole_sender; real_libOTe_NoisyVole_split_input_length_2t; F=array<u64,M>; G=u64; coordinate_scalar_fixed_prime_setup; local_expand"
2026-07-26T06:04:07.871565+00:00,4a917afb6ebeca9bce885fae7f25d0ac0264ecb6,RMVOLE_NET_BENCH,RM_COORD_GENERIC_SPLIT,coordinate,split-input-vole,LOCAL_TCP,tcp-loopback,bench,3,0,OK,PASS,20,1048576,64,128,16,3332.502,6453.929999999999,123.91499999999999,2305.164,692.348,676.55,,32,,0,0,16812104,1895864,17752296,955672,18707824,146154.875,1.1150732040405273,"tcp_two_process; p0_noisy_vole_receiver; real_libOTe_NoisyVole_split_input_length_2t; F=array<u64,M>; G=u64; coordinate_scalar_fixed_prime_setup; local_expand; tcp_two_process; p1_noisy_vole_sender; real_libOTe_NoisyVole_split_input_length_2t; F=array<u64,M>; G=u64; coordinate_scalar_fixed_prime_setup; local_expand"
2026-07-26T06:04:11.880152+00:00,4a917afb6ebeca9bce885fae7f25d0ac0264ecb6,RMVOLE_NET_BENCH,RM_COORD_GENERIC_SPLIT,coordinate,split-input-vole,LOCAL_TCP,tcp-loopback,bench,4,0,OK,PASS,20,1048576,64,128,16,3326.333,6442.266,123.992,2301.639,690.302,671.806,,32,,0,0,16812104,1895864,17752296,955672,18707824,146154.875,1.1150732040405273,"tcp_two_process; p0_noisy_vole_receiver; real_libOTe_NoisyVole_split_input_length_2t; F=array<u64,M>; G=u64; coordinate_scalar_fixed_prime_setup; local_expand; tcp_two_process; p1_noisy_vole_sender; real_libOTe_NoisyVole_split_input_length_2t; F=array<u64,M>; G=u64; coordinate_scalar_fixed_prime_setup; local_expand"
2026-07-26T06:04:15.888790+00:00,4a917afb6ebeca9bce885fae7f25d0ac0264ecb6,RMVOLE_NET_BENCH,RM_COORD_GENERIC_SPLIT,coordinate,split-input-vole,LOCAL_TCP,tcp-loopback,bench,5,0,OK,PASS,20,1048576,64,128,16,3337.826,6457.394000000001,123.734,2307.372,688.461,675.278,,32,,0,0,16812104,1895864,17752296,955672,18707824,146154.875,1.1150732040405273,"tcp_two_process; p0_noisy_vole_receiver; real_libOTe_NoisyVole_split_input_length_2t; F=array<u64,M>; G=u64; coordinate_scalar_fixed_prime_setup; local_expand; tcp_two_process; p1_noisy_vole_sender; real_libOTe_NoisyVole_split_input_length_2t; F=array<u64,M>; G=u64; coordinate_scalar_fixed_prime_setup; local_expand"
2026-07-26T06:04:19.897490+00:00,4a917afb6ebeca9bce885fae7f25d0ac0264ecb6,RMVOLE_NET_BENCH,RM_COORD_GENERIC_SPLIT,coordinate,split-input-vole,LOCAL_TCP,tcp-loopback,bench,6,0,OK,PASS,20,1048576,64,128,16,3325.518,6442.942999999999,123.556,2304.756,689.112,671.767,,32,,0,0,16812104,1895864,17752296,955672,18707824,146154.875,1.1150732040405273,"tcp_two_process; p0_noisy_vole_receiver; real_libOTe_NoisyVole_split_input_length_2t; F=array<u64,M>; G=u64; coordinate_scalar_fixed_prime_setup; local_expand; tcp_two_process; p1_noisy_vole_sender; real_libOTe_NoisyVole_split_input_length_2t; F=array<u64,M>; G=u64; coordinate_scalar_fixed_prime_setup; local_expand"
2026-07-26T06:04:23.906119+00:00,4a917afb6ebeca9bce885fae7f25d0ac0264ecb6,RMVOLE_NET_BENCH,RM_COORD_GENERIC_SPLIT,coordinate,split-input-vole,LOCAL_TCP,tcp-loopback,bench,7,0,OK,PASS,20,1048576,64,128,16,3326.5699999999997,6442.818,123.706,2305.288,687.253,673.8539999999999,,32,,0,0,16812104,1895864,17752296,955672,18707824,146154.875,1.1150732040405273,"tcp_two_process; p0_noisy_vole_receiver; real_libOTe_NoisyVole_split_input_length_2t; F=array<u64,M>; G=u64; coordinate_scalar_fixed_prime_setup; local_expand; tcp_two_process; p1_noisy_vole_sender; real_libOTe_NoisyVole_split_input_length_2t; F=array<u64,M>; G=u64; coordinate_scalar_fixed_prime_setup; local_expand"
2026-07-26T06:04:27.914847+00:00,4a917afb6ebeca9bce885fae7f25d0ac0264ecb6,RMVOLE_NET_BENCH,RM_COORD_GENERIC_SPLIT,coordinate,split-input-vole,LOCAL_TCP,tcp-loopback,bench,8,0,OK,PASS,20,1048576,64,128,16,3329.076,6447.464,123.582,2303.319,691.487,676.12,,32,,0,0,16812104,1895864,17752296,955672,18707824,146154.875,1.1150732040405273,"tcp_two_process; p0_noisy_vole_receiver; real_libOTe_NoisyVole_split_input_length_2t; F=array<u64,M>; G=u64; coordinate_scalar_fixed_prime_setup; local_expand; tcp_two_process; p1_noisy_vole_sender; real_libOTe_NoisyVole_split_input_length_2t; F=array<u64,M>; G=u64; coordinate_scalar_fixed_prime_setup; local_expand"
2026-07-26T06:04:31.923558+00:00,4a917afb6ebeca9bce885fae7f25d0ac0264ecb6,RMVOLE_NET_BENCH,RM_COORD_GENERIC_SPLIT,coordinate,split-input-vole,LOCAL_TCP,tcp-loopback,bench,9,0,OK,PASS,20,1048576,64,128,16,3329.424,6446.175,123.905,2303.3109999999997,689.535,675.141,,32,,0,0,16812104,1895864,17752296,955672,18707824,146154.875,1.1150732040405273,"tcp_two_process; p0_noisy_vole_receiver; real_libOTe_NoisyVole_split_input_length_2t; F=array<u64,M>; G=u64; coordinate_scalar_fixed_prime_setup; local_expand; tcp_two_process; p1_noisy_vole_sender; real_libOTe_NoisyVole_split_input_length_2t; F=array<u64,M>; G=u64; coordinate_scalar_fixed_prime_setup; local_expand"
2026-07-26T06:04:34.380572+00:00,4a917afb6ebeca9bce885fae7f25d0ac0264ecb6,RMVOLE_NET_BENCH,RM_VECTOR_OPT,vector,split-input-coeff-ot,LOCAL_TCP,tcp-loopback,verify,-2,0,OK,PASS,20,1048576,64,128,16,1400.029,2603.594,11.216999999999999,492.673,699.6750000000001,692.907,,2,,0,0,2378072,142786312,142792440,2372088,0,0.0,0.0,tcp_two_process; p0_coeff_bit_ot_receiver; SPLIT_COEFF_OT; one_batched_Kos_chosen_message_OT; vector_fixed_prime_setup; local_expand; tcp_two_process; p1_coeff_bit_ot_sender; SPLIT_COEFF_OT; one_batched_Kos_chosen_message_OT; vector_fixed_prime_setup; local_expand
2026-07-26T06:04:36.536711+00:00,4a917afb6ebeca9bce885fae7f25d0ac0264ecb6,RMVOLE_NET_BENCH,RM_VECTOR_OPT,vector,split-input-coeff-ot,LOCAL_TCP,tcp-loopback,bench,-1,1,OK,PASS,20,1048576,64,128,16,1398.025,2599.6050000000005,11.132,491.359,699.0889999999999,692.1270000000001,,2,,0,0,2378072,180104,186088,2372088,2558032,19984.625,0.15247058868408203,tcp_two_process; p0_coeff_bit_ot_receiver; SPLIT_COEFF_OT; one_batched_Kos_chosen_message_OT; vector_fixed_prime_setup; local_expand; tcp_two_process; p1_coeff_bit_ot_sender; SPLIT_COEFF_OT; one_batched_Kos_chosen_message_OT; vector_fixed_prime_setup; local_expand
2026-07-26T06:04:38.692935+00:00,4a917afb6ebeca9bce885fae7f25d0ac0264ecb6,RMVOLE_NET_BENCH,RM_VECTOR_OPT,vector,split-input-coeff-ot,LOCAL_TCP,tcp-loopback,bench,0,0,OK,PASS,20,1048576,64,128,16,1398.108,2601.706,11.08,492.621,699.8969999999999,691.036,,2,,0,0,2378072,180104,186088,2372088,2558032,19984.625,0.15247058868408203,tcp_two_process; p0_coeff_bit_ot_receiver; SPLIT_COEFF_OT; one_batched_Kos_chosen_message_OT; vector_fixed_prime_setup; local_expand; tcp_two_process; p1_coeff_bit_ot_sender; SPLIT_COEFF_OT; one_batched_Kos_chosen_message_OT; vector_fixed_prime_setup; local_expand
2026-07-26T06:04:40.849136+00:00,4a917afb6ebeca9bce885fae7f25d0ac0264ecb6,RMVOLE_NET_BENCH,RM_VECTOR_OPT,vector,split-input-coeff-ot,LOCAL_TCP,tcp-loopback,bench,1,0,OK,PASS,20,1048576,64,128,16,1392.7830000000001,2595.2900000000004,11.061,493.183,698.2629999999999,688.352,,2,,0,0,2378072,180104,186088,2372088,2558032,19984.625,0.15247058868408203,tcp_two_process; p0_coeff_bit_ot_receiver; SPLIT_COEFF_OT; one_batched_Kos_chosen_message_OT; vector_fixed_prime_setup; local_expand; tcp_two_process; p1_coeff_bit_ot_sender; SPLIT_COEFF_OT; one_batched_Kos_chosen_message_OT; vector_fixed_prime_setup; local_expand
2026-07-26T06:04:43.005233+00:00,4a917afb6ebeca9bce885fae7f25d0ac0264ecb6,RMVOLE_NET_BENCH,RM_VECTOR_OPT,vector,split-input-coeff-ot,LOCAL_TCP,tcp-loopback,bench,2,0,OK,PASS,20,1048576,64,128,16,1396.204,2600.917,11.065,492.513,701.134,691.154,,2,,0,0,2378072,180104,186088,2372088,2558032,19984.625,0.15247058868408203,tcp_two_process; p0_coeff_bit_ot_receiver; SPLIT_COEFF_OT; one_batched_Kos_chosen_message_OT; vector_fixed_prime_setup; local_expand; tcp_two_process; p1_coeff_bit_ot_sender; SPLIT_COEFF_OT; one_batched_Kos_chosen_message_OT; vector_fixed_prime_setup; local_expand
2026-07-26T06:04:45.161204+00:00,4a917afb6ebeca9bce885fae7f25d0ac0264ecb6,RMVOLE_NET_BENCH,RM_VECTOR_OPT,vector,split-input-coeff-ot,LOCAL_TCP,tcp-loopback,bench,3,0,OK,PASS,20,1048576,64,128,16,1393.594,2597.617,11.071,492.991,699.96,689.997,,2,,0,0,2378072,180104,186088,2372088,2558032,19984.625,0.15247058868408203,tcp_two_process; p0_coeff_bit_ot_receiver; SPLIT_COEFF_OT; one_batched_Kos_chosen_message_OT; vector_fixed_prime_setup; local_expand; tcp_two_process; p1_coeff_bit_ot_sender; SPLIT_COEFF_OT; one_batched_Kos_chosen_message_OT; vector_fixed_prime_setup; local_expand
2026-07-26T06:04:47.317344+00:00,4a917afb6ebeca9bce885fae7f25d0ac0264ecb6,RMVOLE_NET_BENCH,RM_VECTOR_OPT,vector,split-input-coeff-ot,LOCAL_TCP,tcp-loopback,bench,4,0,OK,PASS,20,1048576,64,128,16,1395.051,2602.693,11.068,492.133,704.441,692.774,,2,,0,0,2378072,180104,186088,2372088,2558032,19984.625,0.15247058868408203,tcp_two_process; p0_coeff_bit_ot_receiver; SPLIT_COEFF_OT; one_batched_Kos_chosen_message_OT; vector_fixed_prime_setup; local_expand; tcp_two_process; p1_coeff_bit_ot_sender; SPLIT_COEFF_OT; one_batched_Kos_chosen_message_OT; vector_fixed_prime_setup; local_expand
2026-07-26T06:04:49.473462+00:00,4a917afb6ebeca9bce885fae7f25d0ac0264ecb6,RMVOLE_NET_BENCH,RM_VECTOR_OPT,vector,split-input-coeff-ot,LOCAL_TCP,tcp-loopback,bench,5,0,OK,PASS,20,1048576,64,128,16,1394.85,2601.874,11.100999999999999,493.83700000000005,702.087,693.432,,2,,0,0,2378072,180104,186088,2372088,2558032,19984.625,0.15247058868408203,tcp_two_process; p0_coeff_bit_ot_receiver; SPLIT_COEFF_OT; one_batched_Kos_chosen_message_OT; vector_fixed_prime_setup; local_expand; tcp_two_process; p1_coeff_bit_ot_sender; SPLIT_COEFF_OT; one_batched_Kos_chosen_message_OT; vector_fixed_prime_setup; local_expand
2026-07-26T06:04:51.629422+00:00,4a917afb6ebeca9bce885fae7f25d0ac0264ecb6,RMVOLE_NET_BENCH,RM_VECTOR_OPT,vector,split-input-coeff-ot,LOCAL_TCP,tcp-loopback,bench,6,0,OK,PASS,20,1048576,64,128,16,1396.8590000000002,2600.184,11.065,492.239,700.022,692.123,,2,,0,0,2378072,180104,186088,2372088,2558032,19984.625,0.15247058868408203,tcp_two_process; p0_coeff_bit_ot_receiver; SPLIT_COEFF_OT; one_batched_Kos_chosen_message_OT; vector_fixed_prime_setup; local_expand; tcp_two_process; p1_coeff_bit_ot_sender; SPLIT_COEFF_OT; one_batched_Kos_chosen_message_OT; vector_fixed_prime_setup; local_expand
2026-07-26T06:04:53.835557+00:00,4a917afb6ebeca9bce885fae7f25d0ac0264ecb6,RMVOLE_NET_BENCH,RM_VECTOR_OPT,vector,split-input-coeff-ot,LOCAL_TCP,tcp-loopback,bench,7,0,OK,PASS,20,1048576,64,128,16,1397.664,2603.801,11.083,493.025,702.028,692.663,,2,,0,0,2378072,180104,186088,2372088,2558032,19984.625,0.15247058868408203,tcp_two_process; p0_coeff_bit_ot_receiver; SPLIT_COEFF_OT; one_batched_Kos_chosen_message_OT; vector_fixed_prime_setup; local_expand; tcp_two_process; p1_coeff_bit_ot_sender; SPLIT_COEFF_OT; one_batched_Kos_chosen_message_OT; vector_fixed_prime_setup; local_expand
2026-07-26T06:04:55.991913+00:00,4a917afb6ebeca9bce885fae7f25d0ac0264ecb6,RMVOLE_NET_BENCH,RM_VECTOR_OPT,vector,split-input-coeff-ot,LOCAL_TCP,tcp-loopback,bench,8,0,OK,PASS,20,1048576,64,128,16,1396.1200000000001,2597.413,11.104,492.892,697.2969999999999,690.7560000000001,,2,,0,0,2378072,180104,186088,2372088,2558032,19984.625,0.15247058868408203,tcp_two_process; p0_coeff_bit_ot_receiver; SPLIT_COEFF_OT; one_batched_Kos_chosen_message_OT; vector_fixed_prime_setup; local_expand; tcp_two_process; p1_coeff_bit_ot_sender; SPLIT_COEFF_OT; one_batched_Kos_chosen_message_OT; vector_fixed_prime_setup; local_expand
2026-07-26T06:04:58.198039+00:00,4a917afb6ebeca9bce885fae7f25d0ac0264ecb6,RMVOLE_NET_BENCH,RM_VECTOR_OPT,vector,split-input-coeff-ot,LOCAL_TCP,tcp-loopback,bench,9,0,OK,PASS,20,1048576,64,128,16,1398.5510000000002,2607.9350000000004,11.237,492.03400000000005,706.1129999999999,692.825,,2,,0,0,2378072,180104,186088,2372088,2558032,19984.625,0.15247058868408203,tcp_two_process; p0_coeff_bit_ot_receiver; SPLIT_COEFF_OT; one_batched_Kos_chosen_message_OT; vector_fixed_prime_setup; local_expand; tcp_two_process; p1_coeff_bit_ot_sender; SPLIT_COEFF_OT; one_batched_Kos_chosen_message_OT; vector_fixed_prime_setup; local_expand
2026-07-26T06:05:02.356808+00:00,4a917afb6ebeca9bce885fae7f25d0ac0264ecb6,RMVOLE_NET_BENCH,RM_COORD_OPT,coordinate,split-input-coeff-ot,LOCAL_TCP,tcp-loopback,verify,-2,0,OK,PASS,20,1048576,64,128,16,3157.672,6130.511,11.072000000000001,2260.7309999999998,701.037,674.239,,32,,0,0,2378072,144502072,143706360,3173928,0,0.0,0.0,tcp_two_process; p0_coeff_bit_ot_receiver; SPLIT_COEFF_OT; one_batched_Kos_chosen_message_OT; coordinate_scalar_fixed_prime_setup; local_expand; tcp_two_process; p1_coeff_bit_ot_sender; SPLIT_COEFF_OT; one_batched_Kos_chosen_message_OT; coordinate_scalar_fixed_prime_setup; local_expand
2026-07-26T06:05:06.215176+00:00,4a917afb6ebeca9bce885fae7f25d0ac0264ecb6,RMVOLE_NET_BENCH,RM_COORD_OPT,coordinate,split-input-coeff-ot,LOCAL_TCP,tcp-loopback,bench,-1,1,OK,PASS,20,1048576,64,128,16,3155.9230000000002,6126.94,11.109,2260.843,699.064,676.5250000000001,,32,,0,0,2378072,1895864,1100008,3173928,4273792,33389.0,0.25473785400390625,tcp_two_process; p0_coeff_bit_ot_receiver; SPLIT_COEFF_OT; one_batched_Kos_chosen_message_OT; coordinate_scalar_fixed_prime_setup; local_expand; tcp_two_process; p1_coeff_bit_ot_sender; SPLIT_COEFF_OT; one_batched_Kos_chosen_message_OT; coordinate_scalar_fixed_prime_setup; local_expand
2026-07-26T06:05:10.073525+00:00,4a917afb6ebeca9bce885fae7f25d0ac0264ecb6,RMVOLE_NET_BENCH,RM_COORD_OPT,coordinate,split-input-coeff-ot,LOCAL_TCP,tcp-loopback,bench,0,0,OK,PASS,20,1048576,64,128,16,3169.1349999999998,6144.045999999999,11.604,2264.342,698.9649999999999,677.491,,32,,0,0,2378072,1895864,1100008,3173928,4273792,33389.0,0.25473785400390625,tcp_two_process; p0_coeff_bit_ot_receiver; SPLIT_COEFF_OT; one_batched_Kos_chosen_message_OT; coordinate_scalar_fixed_prime_setup; local_expand; tcp_two_process; p1_coeff_bit_ot_sender; SPLIT_COEFF_OT; one_batched_Kos_chosen_message_OT; coordinate_scalar_fixed_prime_setup; local_expand
2026-07-26T06:05:13.932031+00:00,4a917afb6ebeca9bce885fae7f25d0ac0264ecb6,RMVOLE_NET_BENCH,RM_COORD_OPT,coordinate,split-input-coeff-ot,LOCAL_TCP,tcp-loopback,bench,1,0,OK,PASS,20,1048576,64,128,16,3161.156,6134.217,11.064,2262.7000000000003,699.2969999999999,680.582,,32,,0,0,2378072,1895864,1100008,3173928,4273792,33389.0,0.25473785400390625,tcp_two_process; p0_coeff_bit_ot_receiver; SPLIT_COEFF_OT; one_batched_Kos_chosen_message_OT; coordinate_scalar_fixed_prime_setup; local_expand; tcp_two_process; p1_coeff_bit_ot_sender; SPLIT_COEFF_OT; one_batched_Kos_chosen_message_OT; coordinate_scalar_fixed_prime_setup; local_expand
2026-07-26T06:05:17.790411+00:00,4a917afb6ebeca9bce885fae7f25d0ac0264ecb6,RMVOLE_NET_BENCH,RM_COORD_OPT,coordinate,split-input-coeff-ot,LOCAL_TCP,tcp-loopback,bench,2,0,OK,PASS,20,1048576,64,128,16,3159.128,6120.73,11.103,2253.48,697.019,679.6320000000001,,32,,0,0,2378072,1895864,1100008,3173928,4273792,33389.0,0.25473785400390625,tcp_two_process; p0_coeff_bit_ot_receiver; SPLIT_COEFF_OT; one_batched_Kos_chosen_message_OT; coordinate_scalar_fixed_prime_setup; local_expand; tcp_two_process; p1_coeff_bit_ot_sender; SPLIT_COEFF_OT; one_batched_Kos_chosen_message_OT; coordinate_scalar_fixed_prime_setup; local_expand
2026-07-26T06:05:21.648837+00:00,4a917afb6ebeca9bce885fae7f25d0ac0264ecb6,RMVOLE_NET_BENCH,RM_COORD_OPT,coordinate,split-input-coeff-ot,LOCAL_TCP,tcp-loopback,bench,3,0,OK,PASS,20,1048576,64,128,16,3152.282,6107.519,11.094,2250.326,693.817,677.169,,32,,0,0,2378072,1895864,1100008,3173928,4273792,33389.0,0.25473785400390625,tcp_two_process; p0_coeff_bit_ot_receiver; SPLIT_COEFF_OT; one_batched_Kos_chosen_message_OT; coordinate_scalar_fixed_prime_setup; local_expand; tcp_two_process; p1_coeff_bit_ot_sender; SPLIT_COEFF_OT; one_batched_Kos_chosen_message_OT; coordinate_scalar_fixed_prime_setup; local_expand
2026-07-26T06:05:25.507411+00:00,4a917afb6ebeca9bce885fae7f25d0ac0264ecb6,RMVOLE_NET_BENCH,RM_COORD_OPT,coordinate,split-input-coeff-ot,LOCAL_TCP,tcp-loopback,bench,4,0,OK,PASS,20,1048576,64,128,16,3159.2630000000004,6128.921,11.041,2262.3250000000003,696.292,674.902,,32,,0,0,2378072,1895864,1100008,3173928,4273792,33389.0,0.25473785400390625,tcp_two_process; p0_coeff_bit_ot_receiver; SPLIT_COEFF_OT; one_batched_Kos_chosen_message_OT; coordinate_scalar_fixed_prime_setup; local_expand; tcp_two_process; p1_coeff_bit_ot_sender; SPLIT_COEFF_OT; one_batched_Kos_chosen_message_OT; coordinate_scalar_fixed_prime_setup; local_expand
2026-07-26T06:05:29.365621+00:00,4a917afb6ebeca9bce885fae7f25d0ac0264ecb6,RMVOLE_NET_BENCH,RM_COORD_OPT,coordinate,split-input-coeff-ot,LOCAL_TCP,tcp-loopback,bench,5,0,OK,PASS,20,1048576,64,128,16,3165.488,6132.914,11.187000000000001,2259.1290000000004,697.11,678.7379999999999,,32,,0,0,2378072,1895864,1100008,3173928,4273792,33389.0,0.25473785400390625,tcp_two_process; p0_coeff_bit_ot_receiver; SPLIT_COEFF_OT; one_batched_Kos_chosen_message_OT; coordinate_scalar_fixed_prime_setup; local_expand; tcp_two_process; p1_coeff_bit_ot_sender; SPLIT_COEFF_OT; one_batched_Kos_chosen_message_OT; coordinate_scalar_fixed_prime_setup; local_expand
2026-07-26T06:05:33.224370+00:00,4a917afb6ebeca9bce885fae7f25d0ac0264ecb6,RMVOLE_NET_BENCH,RM_COORD_OPT,coordinate,split-input-coeff-ot,LOCAL_TCP,tcp-loopback,bench,6,0,OK,PASS,20,1048576,64,128,16,3172.931,6151.7210000000005,11.08,2269.315,698.3960000000001,675.344,,32,,0,0,2378072,1895864,1100008,3173928,4273792,33389.0,0.25473785400390625,tcp_two_process; p0_coeff_bit_ot_receiver; SPLIT_COEFF_OT; one_batched_Kos_chosen_message_OT; coordinate_scalar_fixed_prime_setup; local_expand; tcp_two_process; p1_coeff_bit_ot_sender; SPLIT_COEFF_OT; one_batched_Kos_chosen_message_OT; coordinate_scalar_fixed_prime_setup; local_expand
2026-07-26T06:05:37.082942+00:00,4a917afb6ebeca9bce885fae7f25d0ac0264ecb6,RMVOLE_NET_BENCH,RM_COORD_OPT,coordinate,split-input-coeff-ot,LOCAL_TCP,tcp-loopback,bench,7,0,OK,PASS,20,1048576,64,128,16,3175.342,6152.99,11.069,2268.5330000000004,698.046,680.425,,32,,0,0,2378072,1895864,1100008,3173928,4273792,33389.0,0.25473785400390625,tcp_two_process; p0_coeff_bit_ot_receiver; SPLIT_COEFF_OT; one_batched_Kos_chosen_message_OT; coordinate_scalar_fixed_prime_setup; local_expand; tcp_two_process; p1_coeff_bit_ot_sender; SPLIT_COEFF_OT; one_batched_Kos_chosen_message_OT; coordinate_scalar_fixed_prime_setup; local_expand
2026-07-26T06:05:40.941709+00:00,4a917afb6ebeca9bce885fae7f25d0ac0264ecb6,RMVOLE_NET_BENCH,RM_COORD_OPT,coordinate,split-input-coeff-ot,LOCAL_TCP,tcp-loopback,bench,8,0,OK,PASS,20,1048576,64,128,16,3167.493,6148.469,11.105,2271.8889999999997,697.982,676.1899999999999,,32,,0,0,2378072,1895864,1100008,3173928,4273792,33389.0,0.25473785400390625,tcp_two_process; p0_coeff_bit_ot_receiver; SPLIT_COEFF_OT; one_batched_Kos_chosen_message_OT; coordinate_scalar_fixed_prime_setup; local_expand; tcp_two_process; p1_coeff_bit_ot_sender; SPLIT_COEFF_OT; one_batched_Kos_chosen_message_OT; coordinate_scalar_fixed_prime_setup; local_expand
2026-07-26T06:05:44.800306+00:00,4a917afb6ebeca9bce885fae7f25d0ac0264ecb6,RMVOLE_NET_BENCH,RM_COORD_OPT,coordinate,split-input-coeff-ot,LOCAL_TCP,tcp-loopback,bench,9,0,OK,PASS,20,1048576,64,128,16,3156.937,6118.3240000000005,11.112,2256.372,693.902,676.2510000000001,,32,,0,0,2378072,1895864,1100008,3173928,4273792,33389.0,0.25473785400390625,tcp_two_process; p0_coeff_bit_ot_receiver; SPLIT_COEFF_OT; one_batched_Kos_chosen_message_OT; coordinate_scalar_fixed_prime_setup; local_expand; tcp_two_process; p1_coeff_bit_ot_sender; SPLIT_COEFF_OT; one_batched_Kos_chosen_message_OT; coordinate_scalar_fixed_prime_setup; local_expand
2026-07-26T06:05:49.560155+00:00,4a917afb6ebeca9bce885fae7f25d0ac0264ecb6,RMVOLE_NET_BENCH,RM_VECTOR_GENERIC_SPLIT,vector,split-input-vole,LOCAL_TCP,tcp-loopback,verify,-2,0,OK,PASS,20,1048576,64,128,32,2887.051,5585.0960000000005,300.286,943.215,1454.544,1447.192,,2,,0,0,67178568,277069576,343994232,254184,0,0.0,0.0,"tcp_two_process; p0_noisy_vole_receiver; real_libOTe_NoisyVole_split_input_length_2t; F=array<u64,M>; G=u64; vector_fixed_prime_setup; local_expand; tcp_two_process; p1_noisy_vole_sender; real_libOTe_NoisyVole_split_input_length_2t; F=array<u64,M>; G=u64; vector_fixed_prime_setup; local_expand"
2026-07-26T06:05:53.719134+00:00,4a917afb6ebeca9bce885fae7f25d0ac0264ecb6,RMVOLE_NET_BENCH,RM_VECTOR_GENERIC_SPLIT,vector,split-input-vole,LOCAL_TCP,tcp-loopback,bench,-1,1,OK,PASS,20,1048576,64,128,32,2882.8520000000003,5586.272,300.11,942.978,1460.333,1455.111,,2,,0,0,67178568,245768,67170152,254184,67424064,526750.5,2.0093936920166016,"tcp_two_process; p0_noisy_vole_receiver; real_libOTe_NoisyVole_split_input_length_2t; F=array<u64,M>; G=u64; vector_fixed_prime_setup; local_expand; tcp_two_process; p1_noisy_vole_sender; real_libOTe_NoisyVole_split_input_length_2t; F=array<u64,M>; G=u64; vector_fixed_prime_setup; local_expand"
2026-07-26T06:05:57.928050+00:00,4a917afb6ebeca9bce885fae7f25d0ac0264ecb6,RMVOLE_NET_BENCH,RM_VECTOR_GENERIC_SPLIT,vector,split-input-vole,LOCAL_TCP,tcp-loopback,bench,0,0,OK,PASS,20,1048576,64,128,32,2906.5249999999996,5612.311,301.06899999999996,951.924,1452.793,1470.542,,2,,0,0,67178568,245768,67170152,254184,67424064,526750.5,2.0093936920166016,"tcp_two_process; p0_noisy_vole_receiver; real_libOTe_NoisyVole_split_input_length_2t; F=array<u64,M>; G=u64; vector_fixed_prime_setup; local_expand; tcp_two_process; p1_noisy_vole_sender; real_libOTe_NoisyVole_split_input_length_2t; F=array<u64,M>; G=u64; vector_fixed_prime_setup; local_expand"
2026-07-26T06:06:02.086765+00:00,4a917afb6ebeca9bce885fae7f25d0ac0264ecb6,RMVOLE_NET_BENCH,RM_VECTOR_GENERIC_SPLIT,vector,split-input-vole,LOCAL_TCP,tcp-loopback,bench,1,0,OK,PASS,20,1048576,64,128,32,2870.609,5563.843000000001,300.188,941.086,1451.9599999999998,1442.894,,2,,0,0,67178568,245768,67170152,254184,67424064,526750.5,2.0093936920166016,"tcp_two_process; p0_noisy_vole_receiver; real_libOTe_NoisyVole_split_input_length_2t; F=array<u64,M>; G=u64; vector_fixed_prime_setup; local_expand; tcp_two_process; p1_noisy_vole_sender; real_libOTe_NoisyVole_split_input_length_2t; F=array<u64,M>; G=u64; vector_fixed_prime_setup; local_expand"
2026-07-26T06:06:06.245511+00:00,4a917afb6ebeca9bce885fae7f25d0ac0264ecb6,RMVOLE_NET_BENCH,RM_VECTOR_GENERIC_SPLIT,vector,split-input-vole,LOCAL_TCP,tcp-loopback,bench,2,0,OK,PASS,20,1048576,64,128,32,2857.876,5561.154,300.45300000000003,948.086,1454.74,1428.817,,2,,0,0,67178568,245768,67170152,254184,67424064,526750.5,2.0093936920166016,"tcp_two_process; p0_noisy_vole_receiver; real_libOTe_NoisyVole_split_input_length_2t; F=array<u64,M>; G=u64; vector_fixed_prime_setup; local_expand; tcp_two_process; p1_noisy_vole_sender; real_libOTe_NoisyVole_split_input_length_2t; F=array<u64,M>; G=u64; vector_fixed_prime_setup; local_expand"
2026-07-26T06:06:10.454383+00:00,4a917afb6ebeca9bce885fae7f25d0ac0264ecb6,RMVOLE_NET_BENCH,RM_VECTOR_GENERIC_SPLIT,vector,split-input-vole,LOCAL_TCP,tcp-loopback,bench,3,0,OK,PASS,20,1048576,64,128,32,2863.647,5569.397999999999,299.124,948.6,1458.027,1432.926,,2,,0,0,67178568,245768,67170152,254184,67424064,526750.5,2.0093936920166016,"tcp_two_process; p0_noisy_vole_receiver; real_libOTe_NoisyVole_split_input_length_2t; F=array<u64,M>; G=u64; vector_fixed_prime_setup; local_expand; tcp_two_process; p1_noisy_vole_sender; real_libOTe_NoisyVole_split_input_length_2t; F=array<u64,M>; G=u64; vector_fixed_prime_setup; local_expand"
2026-07-26T06:06:14.613449+00:00,4a917afb6ebeca9bce885fae7f25d0ac0264ecb6,RMVOLE_NET_BENCH,RM_VECTOR_GENERIC_SPLIT,vector,split-input-vole,LOCAL_TCP,tcp-loopback,bench,4,0,OK,PASS,20,1048576,64,128,32,2872.9990000000003,5552.787,299.949,940.179,1439.661,1448.981,,2,,0,0,67178568,245768,67170152,254184,67424064,526750.5,2.0093936920166016,"tcp_two_process; p0_noisy_vole_receiver; real_libOTe_NoisyVole_split_input_length_2t; F=array<u64,M>; G=u64; vector_fixed_prime_setup; local_expand; tcp_two_process; p1_noisy_vole_sender; real_libOTe_NoisyVole_split_input_length_2t; F=array<u64,M>; G=u64; vector_fixed_prime_setup; local_expand"
2026-07-26T06:06:18.772283+00:00,4a917afb6ebeca9bce885fae7f25d0ac0264ecb6,RMVOLE_NET_BENCH,RM_VECTOR_GENERIC_SPLIT,vector,split-input-vole,LOCAL_TCP,tcp-loopback,bench,5,0,OK,PASS,20,1048576,64,128,32,2860.1679999999997,5532.349,300.789,937.7149999999999,1433.676,1426.95,,2,,0,0,67178568,245768,67170152,254184,67424064,526750.5,2.0093936920166016,"tcp_two_process; p0_noisy_vole_receiver; real_libOTe_NoisyVole_split_input_length_2t; F=array<u64,M>; G=u64; vector_fixed_prime_setup; local_expand; tcp_two_process; p1_noisy_vole_sender; real_libOTe_NoisyVole_split_input_length_2t; F=array<u64,M>; G=u64; vector_fixed_prime_setup; local_expand"
2026-07-26T06:06:22.981068+00:00,4a917afb6ebeca9bce885fae7f25d0ac0264ecb6,RMVOLE_NET_BENCH,RM_VECTOR_GENERIC_SPLIT,vector,split-input-vole,LOCAL_TCP,tcp-loopback,bench,6,0,OK,PASS,20,1048576,64,128,32,2901.21,5600.2919999999995,299.844,949.114,1450.123,1462.4250000000002,,2,,0,0,67178568,245768,67170152,254184,67424064,526750.5,2.0093936920166016,"tcp_two_process; p0_noisy_vole_receiver; real_libOTe_NoisyVole_split_input_length_2t; F=array<u64,M>; G=u64; vector_fixed_prime_setup; local_expand; tcp_two_process; p1_noisy_vole_sender; real_libOTe_NoisyVole_split_input_length_2t; F=array<u64,M>; G=u64; vector_fixed_prime_setup; local_expand"
2026-07-26T06:06:27.140047+00:00,4a917afb6ebeca9bce885fae7f25d0ac0264ecb6,RMVOLE_NET_BENCH,RM_VECTOR_GENERIC_SPLIT,vector,split-input-vole,LOCAL_TCP,tcp-loopback,bench,7,0,OK,PASS,20,1048576,64,128,32,2858.204,5558.078,300.74899999999997,948.915,1450.21,1425.8029999999999,,2,,0,0,67178568,245768,67170152,254184,67424064,526750.5,2.0093936920166016,"tcp_two_process; p0_noisy_vole_receiver; real_libOTe_NoisyVole_split_input_length_2t; F=array<u64,M>; G=u64; vector_fixed_prime_setup; local_expand; tcp_two_process; p1_noisy_vole_sender; real_libOTe_NoisyVole_split_input_length_2t; F=array<u64,M>; G=u64; vector_fixed_prime_setup; local_expand"
2026-07-26T06:06:31.298967+00:00,4a917afb6ebeca9bce885fae7f25d0ac0264ecb6,RMVOLE_NET_BENCH,RM_VECTOR_GENERIC_SPLIT,vector,split-input-vole,LOCAL_TCP,tcp-loopback,bench,8,0,OK,PASS,20,1048576,64,128,32,2857.007,5551.812,300.133,941.046,1453.627,1428.568,,2,,0,0,67178568,245768,67170152,254184,67424064,526750.5,2.0093936920166016,"tcp_two_process; p0_noisy_vole_receiver; real_libOTe_NoisyVole_split_input_length_2t; F=array<u64,M>; G=u64; vector_fixed_prime_setup; local_expand; tcp_two_process; p1_noisy_vole_sender; real_libOTe_NoisyVole_split_input_length_2t; F=array<u64,M>; G=u64; vector_fixed_prime_setup; local_expand"
2026-07-26T06:06:35.457735+00:00,4a917afb6ebeca9bce885fae7f25d0ac0264ecb6,RMVOLE_NET_BENCH,RM_VECTOR_GENERIC_SPLIT,vector,split-input-vole,LOCAL_TCP,tcp-loopback,bench,9,0,OK,PASS,20,1048576,64,128,32,2877.021,5558.5830000000005,299.71799999999996,942.55,1439.295,1437.567,,2,,0,0,67178568,245768,67170152,254184,67424064,526750.5,2.0093936920166016,"tcp_two_process; p0_noisy_vole_receiver; real_libOTe_NoisyVole_split_input_length_2t; F=array<u64,M>; G=u64; vector_fixed_prime_setup; local_expand; tcp_two_process; p1_noisy_vole_sender; real_libOTe_NoisyVole_split_input_length_2t; F=array<u64,M>; G=u64; vector_fixed_prime_setup; local_expand"
2026-07-26T06:06:43.772206+00:00,4a917afb6ebeca9bce885fae7f25d0ac0264ecb6,RMVOLE_NET_BENCH,RM_COORD_GENERIC_SPLIT,coordinate,split-input-vole,LOCAL_TCP,tcp-loopback,verify,-2,0,OK,PASS,20,1048576,64,128,32,6607.033,12983.927000000001,300.538,4627.8189999999995,1448.537,1433.597,,64,,0,0,67178568,280615480,345883000,1911320,0,0.0,0.0,"tcp_two_process; p0_noisy_vole_receiver; real_libOTe_NoisyVole_split_input_length_2t; F=array<u64,M>; G=u64; coordinate_scalar_fixed_prime_setup; local_expand; tcp_two_process; p1_noisy_vole_sender; real_libOTe_NoisyVole_split_input_length_2t; F=array<u64,M>; G=u64; coordinate_scalar_fixed_prime_setup; local_expand"
2026-07-26T06:06:51.435787+00:00,4a917afb6ebeca9bce885fae7f25d0ac0264ecb6,RMVOLE_NET_BENCH,RM_COORD_GENERIC_SPLIT,coordinate,split-input-vole,LOCAL_TCP,tcp-loopback,bench,-1,1,OK,PASS,20,1048576,64,128,32,6637.231,13008.249,300.448,4630.904,1439.666,1452.3500000000001,,64,,0,0,67178568,3791672,69058920,1911320,70969968,554452.875,2.11506986618042,"tcp_two_process; p0_noisy_vole_receiver; real_libOTe_NoisyVole_split_input_length_2t; F=array<u64,M>; G=u64; coordinate_scalar_fixed_prime_setup; local_expand; tcp_two_process; p1_noisy_vole_sender; real_libOTe_NoisyVole_split_input_length_2t; F=array<u64,M>; G=u64; coordinate_scalar_fixed_prime_setup; local_expand"
2026-07-26T06:06:59.099866+00:00,4a917afb6ebeca9bce885fae7f25d0ac0264ecb6,RMVOLE_NET_BENCH,RM_COORD_GENERIC_SPLIT,coordinate,split-input-vole,LOCAL_TCP,tcp-loopback,bench,0,0,OK,PASS,20,1048576,64,128,32,6601.63,12979.425,299.676,4628.243,1449.876,1421.0910000000001,,64,,0,0,67178568,3791672,69058920,1911320,70969968,554452.875,2.11506986618042,"tcp_two_process; p0_noisy_vole_receiver; real_libOTe_NoisyVole_split_input_length_2t; F=array<u64,M>; G=u64; coordinate_scalar_fixed_prime_setup; local_expand; tcp_two_process; p1_noisy_vole_sender; real_libOTe_NoisyVole_split_input_length_2t; F=array<u64,M>; G=u64; coordinate_scalar_fixed_prime_setup; local_expand"
2026-07-26T06:07:06.763331+00:00,4a917afb6ebeca9bce885fae7f25d0ac0264ecb6,RMVOLE_NET_BENCH,RM_COORD_GENERIC_SPLIT,coordinate,split-input-vole,LOCAL_TCP,tcp-loopback,bench,1,0,OK,PASS,20,1048576,64,128,32,6592.709,12950.871,299.867,4628.438,1429.857,1414.869,,64,,0,0,67178568,3791672,69058920,1911320,70969968,554452.875,2.11506986618042,"tcp_two_process; p0_noisy_vole_receiver; real_libOTe_NoisyVole_split_input_length_2t; F=array<u64,M>; G=u64; coordinate_scalar_fixed_prime_setup; local_expand; tcp_two_process; p1_noisy_vole_sender; real_libOTe_NoisyVole_split_input_length_2t; F=array<u64,M>; G=u64; coordinate_scalar_fixed_prime_setup; local_expand"
2026-07-26T06:07:14.427674+00:00,4a917afb6ebeca9bce885fae7f25d0ac0264ecb6,RMVOLE_NET_BENCH,RM_COORD_GENERIC_SPLIT,coordinate,split-input-vole,LOCAL_TCP,tcp-loopback,bench,2,0,OK,PASS,20,1048576,64,128,32,6622.994000000001,13007.632000000001,301.201,4645.844999999999,1437.5919999999999,1430.599,,64,,0,0,67178568,3791672,69058920,1911320,70969968,554452.875,2.11506986618042,"tcp_two_process; p0_noisy_vole_receiver; real_libOTe_NoisyVole_split_input_length_2t; F=array<u64,M>; G=u64; coordinate_scalar_fixed_prime_setup; local_expand; tcp_two_process; p1_noisy_vole_sender; real_libOTe_NoisyVole_split_input_length_2t; F=array<u64,M>; G=u64; coordinate_scalar_fixed_prime_setup; local_expand"
2026-07-26T06:07:22.091147+00:00,4a917afb6ebeca9bce885fae7f25d0ac0264ecb6,RMVOLE_NET_BENCH,RM_COORD_GENERIC_SPLIT,coordinate,split-input-vole,LOCAL_TCP,tcp-loopback,bench,3,0,OK,PASS,20,1048576,64,128,32,6594.509999999999,12955.319,299.37,4630.167,1431.2720000000002,1416.826,,64,,0,0,67178568,3791672,69058920,1911320,70969968,554452.875,2.11506986618042,"tcp_two_process; p0_noisy_vole_receiver; real_libOTe_NoisyVole_split_input_length_2t; F=array<u64,M>; G=u64; coordinate_scalar_fixed_prime_setup; local_expand; tcp_two_process; p1_noisy_vole_sender; real_libOTe_NoisyVole_split_input_length_2t; F=array<u64,M>; G=u64; coordinate_scalar_fixed_prime_setup; local_expand"
2026-07-26T06:07:29.754720+00:00,4a917afb6ebeca9bce885fae7f25d0ac0264ecb6,RMVOLE_NET_BENCH,RM_COORD_GENERIC_SPLIT,coordinate,split-input-vole,LOCAL_TCP,tcp-loopback,bench,4,0,OK,PASS,20,1048576,64,128,32,6605.0509999999995,12995.804,300.35200000000003,4633.0,1457.4009999999998,1422.666,,64,,0,0,67178568,3791672,69058920,1911320,70969968,554452.875,2.11506986618042,"tcp_two_process; p0_noisy_vole_receiver; real_libOTe_NoisyVole_split_input_length_2t; F=array<u64,M>; G=u64; coordinate_scalar_fixed_prime_setup; local_expand; tcp_two_process; p1_noisy_vole_sender; real_libOTe_NoisyVole_split_input_length_2t; F=array<u64,M>; G=u64; coordinate_scalar_fixed_prime_setup; local_expand"
2026-07-26T06:07:37.419186+00:00,4a917afb6ebeca9bce885fae7f25d0ac0264ecb6,RMVOLE_NET_BENCH,RM_COORD_GENERIC_SPLIT,coordinate,split-input-vole,LOCAL_TCP,tcp-loopback,bench,5,0,OK,PASS,20,1048576,64,128,32,6579.219,12953.631000000001,299.61,4621.6179999999995,1453.184,1419.4850000000001,,64,,0,0,67178568,3791672,69058920,1911320,70969968,554452.875,2.11506986618042,"tcp_two_process; p0_noisy_vole_receiver; real_libOTe_NoisyVole_split_input_length_2t; F=array<u64,M>; G=u64; coordinate_scalar_fixed_prime_setup; local_expand; tcp_two_process; p1_noisy_vole_sender; real_libOTe_NoisyVole_split_input_length_2t; F=array<u64,M>; G=u64; coordinate_scalar_fixed_prime_setup; local_expand"
2026-07-26T06:07:45.082880+00:00,4a917afb6ebeca9bce885fae7f25d0ac0264ecb6,RMVOLE_NET_BENCH,RM_COORD_GENERIC_SPLIT,coordinate,split-input-vole,LOCAL_TCP,tcp-loopback,bench,6,0,OK,PASS,20,1048576,64,128,32,6552.594,12919.923999999999,300.128,4626.153,1441.049,1382.2369999999999,,64,,0,0,67178568,3791672,69058920,1911320,70969968,554452.875,2.11506986618042,"tcp_two_process; p0_noisy_vole_receiver; real_libOTe_NoisyVole_split_input_length_2t; F=array<u64,M>; G=u64; coordinate_scalar_fixed_prime_setup; local_expand; tcp_two_process; p1_noisy_vole_sender; real_libOTe_NoisyVole_split_input_length_2t; F=array<u64,M>; G=u64; coordinate_scalar_fixed_prime_setup; local_expand"
2026-07-26T06:07:52.746139+00:00,4a917afb6ebeca9bce885fae7f25d0ac0264ecb6,RMVOLE_NET_BENCH,RM_COORD_GENERIC_SPLIT,coordinate,split-input-vole,LOCAL_TCP,tcp-loopback,bench,7,0,OK,PASS,20,1048576,64,128,32,6581.964,12944.313000000002,299.448,4614.57,1448.3310000000001,1419.508,,64,,0,0,67178568,3791672,69058920,1911320,70969968,554452.875,2.11506986618042,"tcp_two_process; p0_noisy_vole_receiver; real_libOTe_NoisyVole_split_input_length_2t; F=array<u64,M>; G=u64; coordinate_scalar_fixed_prime_setup; local_expand; tcp_two_process; p1_noisy_vole_sender; real_libOTe_NoisyVole_split_input_length_2t; F=array<u64,M>; G=u64; coordinate_scalar_fixed_prime_setup; local_expand"
2026-07-26T06:08:00.409577+00:00,4a917afb6ebeca9bce885fae7f25d0ac0264ecb6,RMVOLE_NET_BENCH,RM_COORD_GENERIC_SPLIT,coordinate,split-input-vole,LOCAL_TCP,tcp-loopback,bench,8,0,OK,PASS,20,1048576,64,128,32,6588.484,12944.867,300.679,4626.217,1429.4869999999999,1414.4509999999998,,64,,0,0,67178568,3791672,69058920,1911320,70969968,554452.875,2.11506986618042,"tcp_two_process; p0_noisy_vole_receiver; real_libOTe_NoisyVole_split_input_length_2t; F=array<u64,M>; G=u64; coordinate_scalar_fixed_prime_setup; local_expand; tcp_two_process; p1_noisy_vole_sender; real_libOTe_NoisyVole_split_input_length_2t; F=array<u64,M>; G=u64; coordinate_scalar_fixed_prime_setup; local_expand"
2026-07-26T06:08:08.022884+00:00,4a917afb6ebeca9bce885fae7f25d0ac0264ecb6,RMVOLE_NET_BENCH,RM_COORD_GENERIC_SPLIT,coordinate,split-input-vole,LOCAL_TCP,tcp-loopback,bench,9,0,OK,PASS,20,1048576,64,128,32,6567.725,12907.049,299.30600000000004,4608.131,1431.887,1416.592,,64,,0,0,67178568,3791672,69058920,1911320,70969968,554452.875,2.11506986618042,"tcp_two_process; p0_noisy_vole_receiver; real_libOTe_NoisyVole_split_input_length_2t; F=array<u64,M>; G=u64; coordinate_scalar_fixed_prime_setup; local_expand; tcp_two_process; p1_noisy_vole_sender; real_libOTe_NoisyVole_split_input_length_2t; F=array<u64,M>; G=u64; coordinate_scalar_fixed_prime_setup; local_expand"
2026-07-26T06:08:12.432606+00:00,4a917afb6ebeca9bce885fae7f25d0ac0264ecb6,RMVOLE_NET_BENCH,RM_VECTOR_OPT,vector,split-input-coeff-ot,LOCAL_TCP,tcp-loopback,verify,-2,0,OK,PASS,20,1048576,64,128,32,2453.725,4794.08,13.088000000000001,882.5920000000001,1444.675,1433.577,,2,,0,0,4376920,277069576,277010296,4436472,0,0.0,0.0,tcp_two_process; p0_coeff_bit_ot_receiver; SPLIT_COEFF_OT; one_batched_Kos_chosen_message_OT; vector_fixed_prime_setup; local_expand; tcp_two_process; p1_coeff_bit_ot_sender; SPLIT_COEFF_OT; one_batched_Kos_chosen_message_OT; vector_fixed_prime_setup; local_expand
2026-07-26T06:08:16.240852+00:00,4a917afb6ebeca9bce885fae7f25d0ac0264ecb6,RMVOLE_NET_BENCH,RM_VECTOR_OPT,vector,split-input-coeff-ot,LOCAL_TCP,tcp-loopback,bench,-1,1,OK,PASS,20,1048576,64,128,32,2442.612,4776.919,13.087,878.181,1443.039,1424.9289999999999,,2,,0,0,4376920,245768,186216,4436472,4622416,36112.625,0.13775873184204102,tcp_two_process; p0_coeff_bit_ot_receiver; SPLIT_COEFF_OT; one_batched_Kos_chosen_message_OT; vector_fixed_prime_setup; local_expand; tcp_two_process; p1_coeff_bit_ot_sender; SPLIT_COEFF_OT; one_batched_Kos_chosen_message_OT; vector_fixed_prime_setup; local_expand
2026-07-26T06:08:20.049207+00:00,4a917afb6ebeca9bce885fae7f25d0ac0264ecb6,RMVOLE_NET_BENCH,RM_VECTOR_OPT,vector,split-input-coeff-ot,LOCAL_TCP,tcp-loopback,bench,0,0,OK,PASS,20,1048576,64,128,32,2466.286,4807.687,13.116,874.691,1453.594,1446.765,,2,,0,0,4376920,245768,186216,4436472,4622416,36112.625,0.13775873184204102,tcp_two_process; p0_coeff_bit_ot_receiver; SPLIT_COEFF_OT; one_batched_Kos_chosen_message_OT; vector_fixed_prime_setup; local_expand; tcp_two_process; p1_coeff_bit_ot_sender; SPLIT_COEFF_OT; one_batched_Kos_chosen_message_OT; vector_fixed_prime_setup; local_expand
2026-07-26T06:08:23.857344+00:00,4a917afb6ebeca9bce885fae7f25d0ac0264ecb6,RMVOLE_NET_BENCH,RM_VECTOR_OPT,vector,split-input-coeff-ot,LOCAL_TCP,tcp-loopback,bench,1,0,OK,PASS,20,1048576,64,128,32,2454.979,4791.622,13.289,876.053,1447.301,1432.202,,2,,0,0,4376920,245768,186216,4436472,4622416,36112.625,0.13775873184204102,tcp_two_process; p0_coeff_bit_ot_receiver; SPLIT_COEFF_OT; one_batched_Kos_chosen_message_OT; vector_fixed_prime_setup; local_expand; tcp_two_process; p1_coeff_bit_ot_sender; SPLIT_COEFF_OT; one_batched_Kos_chosen_message_OT; vector_fixed_prime_setup; local_expand
2026-07-26T06:08:27.665626+00:00,4a917afb6ebeca9bce885fae7f25d0ac0264ecb6,RMVOLE_NET_BENCH,RM_VECTOR_OPT,vector,split-input-coeff-ot,LOCAL_TCP,tcp-loopback,bench,2,0,OK,PASS,20,1048576,64,128,32,2446.282,4776.130999999999,13.151,877.7660000000001,1438.932,1425.233,,2,,0,0,4376920,245768,186216,4436472,4622416,36112.625,0.13775873184204102,tcp_two_process; p0_coeff_bit_ot_receiver; SPLIT_COEFF_OT; one_batched_Kos_chosen_message_OT; vector_fixed_prime_setup; local_expand; tcp_two_process; p1_coeff_bit_ot_sender; SPLIT_COEFF_OT; one_batched_Kos_chosen_message_OT; vector_fixed_prime_setup; local_expand
2026-07-26T06:08:31.473839+00:00,4a917afb6ebeca9bce885fae7f25d0ac0264ecb6,RMVOLE_NET_BENCH,RM_VECTOR_OPT,vector,split-input-coeff-ot,LOCAL_TCP,tcp-loopback,bench,3,0,OK,PASS,20,1048576,64,128,32,2468.861,4805.773999999999,13.128,876.072,1447.714,1447.257,,2,,0,0,4376920,245768,186216,4436472,4622416,36112.625,0.13775873184204102,tcp_two_process; p0_coeff_bit_ot_receiver; SPLIT_COEFF_OT; one_batched_Kos_chosen_message_OT; vector_fixed_prime_setup; local_expand; tcp_two_process; p1_coeff_bit_ot_sender; SPLIT_COEFF_OT; one_batched_Kos_chosen_message_OT; vector_fixed_prime_setup; local_expand
2026-07-26T06:08:35.282025+00:00,4a917afb6ebeca9bce885fae7f25d0ac0264ecb6,RMVOLE_NET_BENCH,RM_VECTOR_OPT,vector,split-input-coeff-ot,LOCAL_TCP,tcp-loopback,bench,4,0,OK,PASS,20,1048576,64,128,32,2467.281,4804.532999999999,13.285,875.513,1448.454,1447.155,,2,,0,0,4376920,245768,186216,4436472,4622416,36112.625,0.13775873184204102,tcp_two_process; p0_coeff_bit_ot_receiver; SPLIT_COEFF_OT; one_batched_Kos_chosen_message_OT; vector_fixed_prime_setup; local_expand; tcp_two_process; p1_coeff_bit_ot_sender; SPLIT_COEFF_OT; one_batched_Kos_chosen_message_OT; vector_fixed_prime_setup; local_expand
2026-07-26T06:08:39.090622+00:00,4a917afb6ebeca9bce885fae7f25d0ac0264ecb6,RMVOLE_NET_BENCH,RM_VECTOR_OPT,vector,split-input-coeff-ot,LOCAL_TCP,tcp-loopback,bench,5,0,OK,PASS,20,1048576,64,128,32,2466.6009999999997,4818.773999999999,13.174999999999999,877.5600000000001,1461.438,1445.185,,2,,0,0,4376920,245768,186216,4436472,4622416,36112.625,0.13775873184204102,tcp_two_process; p0_coeff_bit_ot_receiver; SPLIT_COEFF_OT; one_batched_Kos_chosen_message_OT; vector_fixed_prime_setup; local_expand; tcp_two_process; p1_coeff_bit_ot_sender; SPLIT_COEFF_OT; one_batched_Kos_chosen_message_OT; vector_fixed_prime_setup; local_expand
2026-07-26T06:08:42.899192+00:00,4a917afb6ebeca9bce885fae7f25d0ac0264ecb6,RMVOLE_NET_BENCH,RM_VECTOR_OPT,vector,split-input-coeff-ot,LOCAL_TCP,tcp-loopback,bench,6,0,OK,PASS,20,1048576,64,128,32,2448.998,4777.743,13.148,875.8620000000001,1439.735,1426.568,,2,,0,0,4376920,245768,186216,4436472,4622416,36112.625,0.13775873184204102,tcp_two_process; p0_coeff_bit_ot_receiver; SPLIT_COEFF_OT; one_batched_Kos_chosen_message_OT; vector_fixed_prime_setup; local_expand; tcp_two_process; p1_coeff_bit_ot_sender; SPLIT_COEFF_OT; one_batched_Kos_chosen_message_OT; vector_fixed_prime_setup; local_expand
2026-07-26T06:08:46.707947+00:00,4a917afb6ebeca9bce885fae7f25d0ac0264ecb6,RMVOLE_NET_BENCH,RM_VECTOR_OPT,vector,split-input-coeff-ot,LOCAL_TCP,tcp-loopback,bench,7,0,OK,PASS,20,1048576,64,128,32,2451.1980000000003,4782.593000000001,13.162,875.18,1443.0529999999999,1431.305,,2,,0,0,4376920,245768,186216,4436472,4622416,36112.625,0.13775873184204102,tcp_two_process; p0_coeff_bit_ot_receiver; SPLIT_COEFF_OT; one_batched_Kos_chosen_message_OT; vector_fixed_prime_setup; local_expand; tcp_two_process; p1_coeff_bit_ot_sender; SPLIT_COEFF_OT; one_batched_Kos_chosen_message_OT; vector_fixed_prime_setup; local_expand
2026-07-26T06:08:50.517063+00:00,4a917afb6ebeca9bce885fae7f25d0ac0264ecb6,RMVOLE_NET_BENCH,RM_VECTOR_OPT,vector,split-input-coeff-ot,LOCAL_TCP,tcp-loopback,bench,8,0,OK,PASS,20,1048576,64,128,32,2453.889,4793.236,13.144,878.191,1448.0120000000002,1430.876,,2,,0,0,4376920,245768,186216,4436472,4622416,36112.625,0.13775873184204102,tcp_two_process; p0_coeff_bit_ot_receiver; SPLIT_COEFF_OT; one_batched_Kos_chosen_message_OT; vector_fixed_prime_setup; local_expand; tcp_two_process; p1_coeff_bit_ot_sender; SPLIT_COEFF_OT; one_batched_Kos_chosen_message_OT; vector_fixed_prime_setup; local_expand
2026-07-26T06:08:54.325933+00:00,4a917afb6ebeca9bce885fae7f25d0ac0264ecb6,RMVOLE_NET_BENCH,RM_VECTOR_OPT,vector,split-input-coeff-ot,LOCAL_TCP,tcp-loopback,bench,9,0,OK,PASS,20,1048576,64,128,32,2445.965,4779.64,13.294,876.75,1443.631,1429.17,,2,,0,0,4376920,245768,186216,4436472,4622416,36112.625,0.13775873184204102,tcp_two_process; p0_coeff_bit_ot_receiver; SPLIT_COEFF_OT; one_batched_Kos_chosen_message_OT; vector_fixed_prime_setup; local_expand; tcp_two_process; p1_coeff_bit_ot_sender; SPLIT_COEFF_OT; one_batched_Kos_chosen_message_OT; vector_fixed_prime_setup; local_expand
2026-07-26T06:09:02.241005+00:00,4a917afb6ebeca9bce885fae7f25d0ac0264ecb6,RMVOLE_NET_BENCH,RM_COORD_OPT,coordinate,split-input-coeff-ot,LOCAL_TCP,tcp-loopback,verify,-2,0,OK,PASS,20,1048576,64,128,32,6170.293,12184.115,13.107000000000001,4543.525,1457.1909999999998,1425.1879999999999,,64,,0,0,4376920,280615480,278899064,6093608,0,0.0,0.0,tcp_two_process; p0_coeff_bit_ot_receiver; SPLIT_COEFF_OT; one_batched_Kos_chosen_message_OT; coordinate_scalar_fixed_prime_setup; local_expand; tcp_two_process; p1_coeff_bit_ot_sender; SPLIT_COEFF_OT; one_batched_Kos_chosen_message_OT; coordinate_scalar_fixed_prime_setup; local_expand
2026-07-26T06:09:09.505057+00:00,4a917afb6ebeca9bce885fae7f25d0ac0264ecb6,RMVOLE_NET_BENCH,RM_COORD_OPT,coordinate,split-input-coeff-ot,LOCAL_TCP,tcp-loopback,bench,-1,1,OK,PASS,20,1048576,64,128,32,6150.15,12140.482,13.11,4519.003,1458.2189999999998,1427.873,,64,,0,0,4376920,3791672,2074984,6093608,8168320,63815.0,0.24343490600585938,tcp_two_process; p0_coeff_bit_ot_receiver; SPLIT_COEFF_OT; one_batched_Kos_chosen_message_OT; coordinate_scalar_fixed_prime_setup; local_expand; tcp_two_process; p1_coeff_bit_ot_sender; SPLIT_COEFF_OT; one_batched_Kos_chosen_message_OT; coordinate_scalar_fixed_prime_setup; local_expand
2026-07-26T06:09:16.769192+00:00,4a917afb6ebeca9bce885fae7f25d0ac0264ecb6,RMVOLE_NET_BENCH,RM_COORD_OPT,coordinate,split-input-coeff-ot,LOCAL_TCP,tcp-loopback,bench,0,0,OK,PASS,20,1048576,64,128,32,6167.208,12171.358999999999,13.181999999999999,4531.414,1459.556,1429.594,,64,,0,0,4376920,3791672,2074984,6093608,8168320,63815.0,0.24343490600585938,tcp_two_process; p0_coeff_bit_ot_receiver; SPLIT_COEFF_OT; one_batched_Kos_chosen_message_OT; coordinate_scalar_fixed_prime_setup; local_expand; tcp_two_process; p1_coeff_bit_ot_sender; SPLIT_COEFF_OT; one_batched_Kos_chosen_message_OT; coordinate_scalar_fixed_prime_setup; local_expand
2026-07-26T06:09:24.033130+00:00,4a917afb6ebeca9bce885fae7f25d0ac0264ecb6,RMVOLE_NET_BENCH,RM_COORD_OPT,coordinate,split-input-coeff-ot,LOCAL_TCP,tcp-loopback,bench,1,0,OK,PASS,20,1048576,64,128,32,6158.513,12152.631,13.171000000000001,4522.023,1458.9240000000002,1440.0710000000001,,64,,0,0,4376920,3791672,2074984,6093608,8168320,63815.0,0.24343490600585938,tcp_two_process; p0_coeff_bit_ot_receiver; SPLIT_COEFF_OT; one_batched_Kos_chosen_message_OT; coordinate_scalar_fixed_prime_setup; local_expand; tcp_two_process; p1_coeff_bit_ot_sender; SPLIT_COEFF_OT; one_batched_Kos_chosen_message_OT; coordinate_scalar_fixed_prime_setup; local_expand
2026-07-26T06:09:31.347270+00:00,4a917afb6ebeca9bce885fae7f25d0ac0264ecb6,RMVOLE_NET_BENCH,RM_COORD_OPT,coordinate,split-input-coeff-ot,LOCAL_TCP,tcp-loopback,bench,2,0,OK,PASS,20,1048576,64,128,32,6157.583,12173.409,13.135000000000002,4549.391,1453.3,1404.2030000000002,,64,,0,0,4376920,3791672,2074984,6093608,8168320,63815.0,0.24343490600585938,tcp_two_process; p0_coeff_bit_ot_receiver; SPLIT_COEFF_OT; one_batched_Kos_chosen_message_OT; coordinate_scalar_fixed_prime_setup; local_expand; tcp_two_process; p1_coeff_bit_ot_sender; SPLIT_COEFF_OT; one_batched_Kos_chosen_message_OT; coordinate_scalar_fixed_prime_setup; local_expand
2026-07-26T06:09:38.611366+00:00,4a917afb6ebeca9bce885fae7f25d0ac0264ecb6,RMVOLE_NET_BENCH,RM_COORD_OPT,coordinate,split-input-coeff-ot,LOCAL_TCP,tcp-loopback,bench,3,0,OK,PASS,20,1048576,64,128,32,6155.293000000001,12139.025,13.135000000000002,4521.559,1449.038,1424.808,,64,,0,0,4376920,3791672,2074984,6093608,8168320,63815.0,0.24343490600585938,tcp_two_process; p0_coeff_bit_ot_receiver; SPLIT_COEFF_OT; one_batched_Kos_chosen_message_OT; coordinate_scalar_fixed_prime_setup; local_expand; tcp_two_process; p1_coeff_bit_ot_sender; SPLIT_COEFF_OT; one_batched_Kos_chosen_message_OT; coordinate_scalar_fixed_prime_setup; local_expand
2026-07-26T06:09:45.874952+00:00,4a917afb6ebeca9bce885fae7f25d0ac0264ecb6,RMVOLE_NET_BENCH,RM_COORD_OPT,coordinate,split-input-coeff-ot,LOCAL_TCP,tcp-loopback,bench,4,0,OK,PASS,20,1048576,64,128,32,6191.033,12198.321,13.129,4536.55,1457.6100000000001,1442.384,,64,,0,0,4376920,3791672,2074984,6093608,8168320,63815.0,0.24343490600585938,tcp_two_process; p0_coeff_bit_ot_receiver; SPLIT_COEFF_OT; one_batched_Kos_chosen_message_OT; coordinate_scalar_fixed_prime_setup; local_expand; tcp_two_process; p1_coeff_bit_ot_sender; SPLIT_COEFF_OT; one_batched_Kos_chosen_message_OT; coordinate_scalar_fixed_prime_setup; local_expand
2026-07-26T06:09:53.139733+00:00,4a917afb6ebeca9bce885fae7f25d0ac0264ecb6,RMVOLE_NET_BENCH,RM_COORD_OPT,coordinate,split-input-coeff-ot,LOCAL_TCP,tcp-loopback,bench,5,0,OK,PASS,20,1048576,64,128,32,6203.032,12210.411,13.125,4532.287,1461.967,1465.838,,64,,0,0,4376920,3791672,2074984,6093608,8168320,63815.0,0.24343490600585938,tcp_two_process; p0_coeff_bit_ot_receiver; SPLIT_COEFF_OT; one_batched_Kos_chosen_message_OT; coordinate_scalar_fixed_prime_setup; local_expand; tcp_two_process; p1_coeff_bit_ot_sender; SPLIT_COEFF_OT; one_batched_Kos_chosen_message_OT; coordinate_scalar_fixed_prime_setup; local_expand
2026-07-26T06:10:00.453812+00:00,4a917afb6ebeca9bce885fae7f25d0ac0264ecb6,RMVOLE_NET_BENCH,RM_COORD_OPT,coordinate,split-input-coeff-ot,LOCAL_TCP,tcp-loopback,bench,6,0,OK,PASS,20,1048576,64,128,32,6191.03,12214.305,13.096,4553.2919999999995,1456.887,1429.403,,64,,0,0,4376920,3791672,2074984,6093608,8168320,63815.0,0.24343490600585938,tcp_two_process; p0_coeff_bit_ot_receiver; SPLIT_COEFF_OT; one_batched_Kos_chosen_message_OT; coordinate_scalar_fixed_prime_setup; local_expand; tcp_two_process; p1_coeff_bit_ot_sender; SPLIT_COEFF_OT; one_batched_Kos_chosen_message_OT; coordinate_scalar_fixed_prime_setup; local_expand
2026-07-26T06:10:07.767443+00:00,4a917afb6ebeca9bce885fae7f25d0ac0264ecb6,RMVOLE_NET_BENCH,RM_COORD_OPT,coordinate,split-input-coeff-ot,LOCAL_TCP,tcp-loopback,bench,7,0,OK,PASS,20,1048576,64,128,32,6176.014,12200.113,13.183,4545.088,1465.828,1423.138,,64,,0,0,4376920,3791672,2074984,6093608,8168320,63815.0,0.24343490600585938,tcp_two_process; p0_coeff_bit_ot_receiver; SPLIT_COEFF_OT; one_batched_Kos_chosen_message_OT; coordinate_scalar_fixed_prime_setup; local_expand; tcp_two_process; p1_coeff_bit_ot_sender; SPLIT_COEFF_OT; one_batched_Kos_chosen_message_OT; coordinate_scalar_fixed_prime_setup; local_expand
2026-07-26T06:10:15.080752+00:00,4a917afb6ebeca9bce885fae7f25d0ac0264ecb6,RMVOLE_NET_BENCH,RM_COORD_OPT,coordinate,split-input-coeff-ot,LOCAL_TCP,tcp-loopback,bench,8,0,OK,PASS,20,1048576,64,128,32,6211.789,12232.93,13.266,4547.9529999999995,1459.922,1458.675,,64,,0,0,4376920,3791672,2074984,6093608,8168320,63815.0,0.24343490600585938,tcp_two_process; p0_coeff_bit_ot_receiver; SPLIT_COEFF_OT; one_batched_Kos_chosen_message_OT; coordinate_scalar_fixed_prime_setup; local_expand; tcp_two_process; p1_coeff_bit_ot_sender; SPLIT_COEFF_OT; one_batched_Kos_chosen_message_OT; coordinate_scalar_fixed_prime_setup; local_expand
2026-07-26T06:10:22.343781+00:00,4a917afb6ebeca9bce885fae7f25d0ac0264ecb6,RMVOLE_NET_BENCH,RM_COORD_OPT,coordinate,split-input-coeff-ot,LOCAL_TCP,tcp-loopback,bench,9,0,OK,PASS,20,1048576,64,128,32,6201.450000000001,12202.802,13.139,4529.695000000001,1458.518,1457.159,,64,,0,0,4376920,3791672,2074984,6093608,8168320,63815.0,0.24343490600585938,tcp_two_process; p0_coeff_bit_ot_receiver; SPLIT_COEFF_OT; one_batched_Kos_chosen_message_OT; coordinate_scalar_fixed_prime_setup; local_expand; tcp_two_process; p1_coeff_bit_ot_sender; SPLIT_COEFF_OT; one_batched_Kos_chosen_message_OT; coordinate_scalar_fixed_prime_setup; local_expand
