timestamp,benchmark_source_commit,method,base_ot_mode,p,base_field_bits,base_coordinate_storage_bits,lambda,c,logN,N,t,domainSize,m,trial_index,warmup,status,data_source,correctness,network,p0_cpu,p1_cpu,p0_core,p1_core,numa_node,split_input_setup_ms,pprf_key_setup_ms,pprf_full_eval_p0_ms,pprf_full_eval_p1_ms,wht_p0_ms,wht_p1_ms,pointwise_p0_ms,pointwise_p1_ms,output_materialization_p0_ms,output_materialization_p1_ms,setup_wall_ms,expand_wall_ms,total_wall_ms,p0_expand_ms,p1_expand_ms,total_cpu_work_ms,pprf_instances,split_input_noisy_svole_length,pprf_domain_size,pprf_point_count,pprf_leaves_per_sparse_polynomial,consumed_ot_count,base_ot_protocol_invocations,notes,p0_bytes_sent,p0_bytes_received,p1_bytes_sent,p1_bytes_received,total_comm_bytes,total_received_bytes,sent_received_delta_bytes,split_input_base_ot_bytes,split_input_payload_bytes,pprf_base_ot_bytes,pprf_payload_bytes,framing_bytes,bytes_per_rm_vole_coordinate,bits_per_base_field_rank_one_entry,split_input_comm_percent,pprf_comm_percent
2026-07-23T08:59:25.098106+00:00,b33a10fa7851ba0c3a26bea531ffb004f00d9365,RM_VECTOR,INCLUDING_OT,2305843009213693951,61,64,128,2,12,4096,64,64,8,-1,1,OK,measured,PASS,tcp-loopback,0,2,0,1,0,57.888000000000005,55.508,0,0,included_in_expand_p0,included_in_expand_p1,included_in_expand_p0,included_in_expand_p1,included_in_expand_p0,included_in_expand_p1,103.96900000000001,0.749,104.688,0.718,0.749,114.86300000000001,2,128,64,64,4096,2,2,tcp_two_process_loopback; tcp_two_process;,4220584,70888,70888,4220584,4291472,4291472,0,included_in_split_input_bytes,included_in_split_input_bytes,included_in_pprf_bytes,included_in_pprf_bytes,0,130.96533203125,1047.72265625,98.14590424917138,1.855027831942047
2026-07-23T08:59:25.566389+00:00,b33a10fa7851ba0c3a26bea531ffb004f00d9365,RM_VECTOR,INCLUDING_OT,2305843009213693951,61,64,128,2,12,4096,64,64,8,0,0,OK,measured,PASS,tcp-loopback,0,2,0,1,0,57.516999999999996,55.554,0,0,included_in_expand_p0,included_in_expand_p1,included_in_expand_p0,included_in_expand_p1,included_in_expand_p0,included_in_expand_p1,103.55,0.716,104.24799999999999,0.6980000000000001,0.716,114.48499999999999,2,128,64,64,4096,2,2,tcp_two_process_loopback; tcp_two_process;,4220584,70888,70888,4220584,4291472,4291472,0,included_in_split_input_bytes,included_in_split_input_bytes,included_in_pprf_bytes,included_in_pprf_bytes,0,130.96533203125,1047.72265625,98.14590424917138,1.855027831942047
2026-07-23T08:59:26.033806+00:00,b33a10fa7851ba0c3a26bea531ffb004f00d9365,RM_VECTOR,INCLUDING_OT,2305843009213693951,61,64,128,2,12,4096,64,64,8,1,0,OK,measured,PASS,tcp-loopback,0,2,0,1,0,57.58,55.35,0,0,included_in_expand_p0,included_in_expand_p1,included_in_expand_p0,included_in_expand_p1,included_in_expand_p0,included_in_expand_p1,103.28099999999999,0.749,104.03,0.749,0.745,114.424,2,128,64,64,4096,2,2,tcp_two_process_loopback; tcp_two_process;,4220584,70888,70888,4220584,4291472,4291472,0,included_in_split_input_bytes,included_in_split_input_bytes,included_in_pprf_bytes,included_in_pprf_bytes,0,130.96533203125,1047.72265625,98.14590424917138,1.855027831942047
2026-07-23T08:59:26.500493+00:00,b33a10fa7851ba0c3a26bea531ffb004f00d9365,RM_VECTOR,INCLUDING_OT,2305843009213693951,61,64,128,2,12,4096,64,64,8,2,0,OK,measured,PASS,tcp-loopback,0,2,0,1,0,57.332,55.765,0,0,included_in_expand_p0,included_in_expand_p1,included_in_expand_p0,included_in_expand_p1,included_in_expand_p0,included_in_expand_p1,103.56700000000001,0.7380000000000001,104.28099999999999,0.714,0.7380000000000001,114.549,2,128,64,64,4096,2,2,tcp_two_process_loopback; tcp_two_process;,4220584,70888,70888,4220584,4291472,4291472,0,included_in_split_input_bytes,included_in_split_input_bytes,included_in_pprf_bytes,included_in_pprf_bytes,0,130.96533203125,1047.72265625,98.14590424917138,1.855027831942047
2026-07-23T08:59:26.967288+00:00,b33a10fa7851ba0c3a26bea531ffb004f00d9365,RM_VECTOR,INCLUDING_OT,2305843009213693951,61,64,128,2,12,4096,64,64,8,3,0,OK,measured,PASS,tcp-loopback,0,2,0,1,0,57.442,55.769,0,0,included_in_expand_p0,included_in_expand_p1,included_in_expand_p0,included_in_expand_p1,included_in_expand_p0,included_in_expand_p1,103.582,0.731,104.297,0.7150000000000001,0.731,114.657,2,128,64,64,4096,2,2,tcp_two_process_loopback; tcp_two_process;,4220584,70888,70888,4220584,4291472,4291472,0,included_in_split_input_bytes,included_in_split_input_bytes,included_in_pprf_bytes,included_in_pprf_bytes,0,130.96533203125,1047.72265625,98.14590424917138,1.855027831942047
2026-07-23T08:59:27.434198+00:00,b33a10fa7851ba0c3a26bea531ffb004f00d9365,RM_VECTOR,INCLUDING_OT,2305843009213693951,61,64,128,2,12,4096,64,64,8,4,0,OK,measured,PASS,tcp-loopback,0,2,0,1,0,58.338,55.778,0,0,included_in_expand_p0,included_in_expand_p1,included_in_expand_p0,included_in_expand_p1,included_in_expand_p0,included_in_expand_p1,104.417,0.743,105.146,0.7290000000000001,0.743,115.588,2,128,64,64,4096,2,2,tcp_two_process_loopback; tcp_two_process;,4220584,70888,70888,4220584,4291472,4291472,0,included_in_split_input_bytes,included_in_split_input_bytes,included_in_pprf_bytes,included_in_pprf_bytes,0,130.96533203125,1047.72265625,98.14590424917138,1.855027831942047
2026-07-23T08:59:27.903416+00:00,b33a10fa7851ba0c3a26bea531ffb004f00d9365,RM_VECTOR,INCLUDING_OT,2305843009213693951,61,64,128,2,12,4096,64,64,8,5,0,OK,measured,PASS,tcp-loopback,0,2,0,1,0,58.116,55.458,0,0,included_in_expand_p0,included_in_expand_p1,included_in_expand_p0,included_in_expand_p1,included_in_expand_p0,included_in_expand_p1,104.075,0.7739999999999999,104.849,0.7739999999999999,0.768,115.116,2,128,64,64,4096,2,2,tcp_two_process_loopback; tcp_two_process;,4220584,70888,70888,4220584,4291472,4291472,0,included_in_split_input_bytes,included_in_split_input_bytes,included_in_pprf_bytes,included_in_pprf_bytes,0,130.96533203125,1047.72265625,98.14590424917138,1.855027831942047
2026-07-23T08:59:28.372332+00:00,b33a10fa7851ba0c3a26bea531ffb004f00d9365,RM_VECTOR,INCLUDING_OT,2305843009213693951,61,64,128,2,12,4096,64,64,8,6,0,OK,measured,PASS,tcp-loopback,0,2,0,1,0,57.902,55.619,0,0,included_in_expand_p0,included_in_expand_p1,included_in_expand_p0,included_in_expand_p1,included_in_expand_p0,included_in_expand_p1,103.89800000000001,0.747,104.645,0.747,0.739,115.007,2,128,64,64,4096,2,2,tcp_two_process_loopback; tcp_two_process;,4220584,70888,70888,4220584,4291472,4291472,0,included_in_split_input_bytes,included_in_split_input_bytes,included_in_pprf_bytes,included_in_pprf_bytes,0,130.96533203125,1047.72265625,98.14590424917138,1.855027831942047
2026-07-23T08:59:28.840486+00:00,b33a10fa7851ba0c3a26bea531ffb004f00d9365,RM_VECTOR,INCLUDING_OT,2305843009213693951,61,64,128,2,12,4096,64,64,8,7,0,OK,measured,PASS,tcp-loopback,0,2,0,1,0,58.562000000000005,55.679,0,0,included_in_expand_p0,included_in_expand_p1,included_in_expand_p0,included_in_expand_p1,included_in_expand_p0,included_in_expand_p1,104.58000000000001,0.745,105.30000000000001,0.7200000000000001,0.745,115.70600000000002,2,128,64,64,4096,2,2,tcp_two_process_loopback; tcp_two_process;,4220584,70888,70888,4220584,4291472,4291472,0,included_in_split_input_bytes,included_in_split_input_bytes,included_in_pprf_bytes,included_in_pprf_bytes,0,130.96533203125,1047.72265625,98.14590424917138,1.855027831942047
2026-07-23T08:59:29.309157+00:00,b33a10fa7851ba0c3a26bea531ffb004f00d9365,RM_VECTOR,INCLUDING_OT,2305843009213693951,61,64,128,2,12,4096,64,64,8,8,0,OK,measured,PASS,tcp-loopback,0,2,0,1,0,58.302,55.564,0,0,included_in_expand_p0,included_in_expand_p1,included_in_expand_p0,included_in_expand_p1,included_in_expand_p0,included_in_expand_p1,104.283,0.743,105.00099999999999,0.717,0.743,115.326,2,128,64,64,4096,2,2,tcp_two_process_loopback; tcp_two_process;,4220584,70888,70888,4220584,4291472,4291472,0,included_in_split_input_bytes,included_in_split_input_bytes,included_in_pprf_bytes,included_in_pprf_bytes,0,130.96533203125,1047.72265625,98.14590424917138,1.855027831942047
2026-07-23T08:59:29.777559+00:00,b33a10fa7851ba0c3a26bea531ffb004f00d9365,RM_VECTOR,INCLUDING_OT,2305843009213693951,61,64,128,2,12,4096,64,64,8,9,0,OK,measured,PASS,tcp-loopback,0,2,0,1,0,58.079,55.775999999999996,0,0,included_in_expand_p0,included_in_expand_p1,included_in_expand_p0,included_in_expand_p1,included_in_expand_p0,included_in_expand_p1,104.169,0.741,104.882,0.713,0.741,115.30899999999998,2,128,64,64,4096,2,2,tcp_two_process_loopback; tcp_two_process;,4220584,70888,70888,4220584,4291472,4291472,0,included_in_split_input_bytes,included_in_split_input_bytes,included_in_pprf_bytes,included_in_pprf_bytes,0,130.96533203125,1047.72265625,98.14590424917138,1.855027831942047
2026-07-23T08:59:30.245322+00:00,b33a10fa7851ba0c3a26bea531ffb004f00d9365,RM_COORD,INCLUDING_OT,2305843009213693951,61,64,128,2,12,4096,64,64,8,-1,1,OK,measured,PASS,tcp-loopback,0,2,0,1,0,57.547000000000004,371.7,0,0,included_in_expand_p0,included_in_expand_p1,included_in_expand_p0,included_in_expand_p1,included_in_expand_p0,included_in_expand_p1,419.69800000000004,0.954,420.452,0.753,0.954,430.954,16,128,64,64,4096,16,16,tcp_two_process_loopback; tcp_two_process;,4403368,215704,215704,4403368,4619072,4619072,0,included_in_split_input_bytes,included_in_split_input_bytes,included_in_pprf_bytes,included_in_pprf_bytes,0,140.962890625,1127.703125,91.18506920870686,8.815796766103668
2026-07-23T08:59:31.029690+00:00,b33a10fa7851ba0c3a26bea531ffb004f00d9365,RM_COORD,INCLUDING_OT,2305843009213693951,61,64,128,2,12,4096,64,64,8,0,0,OK,measured,PASS,tcp-loopback,0,2,0,1,0,58.201,371.0,0,0,included_in_expand_p0,included_in_expand_p1,included_in_expand_p0,included_in_expand_p1,included_in_expand_p0,included_in_expand_p1,419.53200000000004,0.9430000000000001,420.286,0.754,0.9430000000000001,430.898,16,128,64,64,4096,16,16,tcp_two_process_loopback; tcp_two_process;,4403368,215704,215704,4403368,4619072,4619072,0,included_in_split_input_bytes,included_in_split_input_bytes,included_in_pprf_bytes,included_in_pprf_bytes,0,140.962890625,1127.703125,91.18506920870686,8.815796766103668
2026-07-23T08:59:31.814014+00:00,b33a10fa7851ba0c3a26bea531ffb004f00d9365,RM_COORD,INCLUDING_OT,2305843009213693951,61,64,128,2,12,4096,64,64,8,1,0,OK,measured,PASS,tcp-loopback,0,2,0,1,0,58.028999999999996,370.98199999999997,0,0,included_in_expand_p0,included_in_expand_p1,included_in_expand_p0,included_in_expand_p1,included_in_expand_p0,included_in_expand_p1,419.435,0.905,420.164,0.73,0.905,430.64599999999996,16,128,64,64,4096,16,16,tcp_two_process_loopback; tcp_two_process;,4403368,215704,215704,4403368,4619072,4619072,0,included_in_split_input_bytes,included_in_split_input_bytes,included_in_pprf_bytes,included_in_pprf_bytes,0,140.962890625,1127.703125,91.18506920870686,8.815796766103668
2026-07-23T08:59:32.598791+00:00,b33a10fa7851ba0c3a26bea531ffb004f00d9365,RM_COORD,INCLUDING_OT,2305843009213693951,61,64,128,2,12,4096,64,64,8,2,0,OK,measured,PASS,tcp-loopback,0,2,0,1,0,57.818,370.153,0,0,included_in_expand_p0,included_in_expand_p1,included_in_expand_p0,included_in_expand_p1,included_in_expand_p0,included_in_expand_p1,418.34,0.9309999999999999,419.086,0.746,0.9309999999999999,429.64799999999997,16,128,64,64,4096,16,16,tcp_two_process_loopback; tcp_two_process;,4403368,215704,215704,4403368,4619072,4619072,0,included_in_split_input_bytes,included_in_split_input_bytes,included_in_pprf_bytes,included_in_pprf_bytes,0,140.962890625,1127.703125,91.18506920870686,8.815796766103668
2026-07-23T08:59:33.381590+00:00,b33a10fa7851ba0c3a26bea531ffb004f00d9365,RM_COORD,INCLUDING_OT,2305843009213693951,61,64,128,2,12,4096,64,64,8,3,0,OK,measured,PASS,tcp-loopback,0,2,0,1,0,57.719,369.869,0,0,included_in_expand_p0,included_in_expand_p1,included_in_expand_p0,included_in_expand_p1,included_in_expand_p0,included_in_expand_p1,417.92,0.9470000000000001,418.69800000000004,0.741,0.9470000000000001,429.276,16,128,64,64,4096,16,16,tcp_two_process_loopback; tcp_two_process;,4403368,215704,215704,4403368,4619072,4619072,0,included_in_split_input_bytes,included_in_split_input_bytes,included_in_pprf_bytes,included_in_pprf_bytes,0,140.962890625,1127.703125,91.18506920870686,8.815796766103668
2026-07-23T08:59:34.165017+00:00,b33a10fa7851ba0c3a26bea531ffb004f00d9365,RM_COORD,INCLUDING_OT,2305843009213693951,61,64,128,2,12,4096,64,64,8,4,0,OK,measured,PASS,tcp-loopback,0,2,0,1,0,57.858,369.505,0,0,included_in_expand_p0,included_in_expand_p1,included_in_expand_p0,included_in_expand_p1,included_in_expand_p0,included_in_expand_p1,417.763,0.925,418.506,0.743,0.925,429.031,16,128,64,64,4096,16,16,tcp_two_process_loopback; tcp_two_process;,4403368,215704,215704,4403368,4619072,4619072,0,included_in_split_input_bytes,included_in_split_input_bytes,included_in_pprf_bytes,included_in_pprf_bytes,0,140.962890625,1127.703125,91.18506920870686,8.815796766103668
2026-07-23T08:59:34.948105+00:00,b33a10fa7851ba0c3a26bea531ffb004f00d9365,RM_COORD,INCLUDING_OT,2305843009213693951,61,64,128,2,12,4096,64,64,8,5,0,OK,measured,PASS,tcp-loopback,0,2,0,1,0,59.108000000000004,369.938,0,0,included_in_expand_p0,included_in_expand_p1,included_in_expand_p0,included_in_expand_p1,included_in_expand_p0,included_in_expand_p1,419.713,0.916,420.44599999999997,0.733,0.916,430.695,16,128,64,64,4096,16,16,tcp_two_process_loopback; tcp_two_process;,4403368,215704,215704,4403368,4619072,4619072,0,included_in_split_input_bytes,included_in_split_input_bytes,included_in_pprf_bytes,included_in_pprf_bytes,0,140.962890625,1127.703125,91.18506920870686,8.815796766103668
2026-07-23T08:59:35.733806+00:00,b33a10fa7851ba0c3a26bea531ffb004f00d9365,RM_COORD,INCLUDING_OT,2305843009213693951,61,64,128,2,12,4096,64,64,8,6,0,OK,measured,PASS,tcp-loopback,0,2,0,1,0,58.305,371.926,0,0,included_in_expand_p0,included_in_expand_p1,included_in_expand_p0,included_in_expand_p1,included_in_expand_p0,included_in_expand_p1,420.528,0.94,421.273,0.745,0.94,431.916,16,128,64,64,4096,16,16,tcp_two_process_loopback; tcp_two_process;,4403368,215704,215704,4403368,4619072,4619072,0,included_in_split_input_bytes,included_in_split_input_bytes,included_in_pprf_bytes,included_in_pprf_bytes,0,140.962890625,1127.703125,91.18506920870686,8.815796766103668
2026-07-23T08:59:36.520585+00:00,b33a10fa7851ba0c3a26bea531ffb004f00d9365,RM_COORD,INCLUDING_OT,2305843009213693951,61,64,128,2,12,4096,64,64,8,7,0,OK,measured,PASS,tcp-loopback,0,2,0,1,0,58.484,371.199,0,0,included_in_expand_p0,included_in_expand_p1,included_in_expand_p0,included_in_expand_p1,included_in_expand_p0,included_in_expand_p1,419.779,0.939,420.562,0.744,0.939,431.36600000000004,16,128,64,64,4096,16,16,tcp_two_process_loopback; tcp_two_process;,4403368,215704,215704,4403368,4619072,4619072,0,included_in_split_input_bytes,included_in_split_input_bytes,included_in_pprf_bytes,included_in_pprf_bytes,0,140.962890625,1127.703125,91.18506920870686,8.815796766103668
2026-07-23T08:59:37.306129+00:00,b33a10fa7851ba0c3a26bea531ffb004f00d9365,RM_COORD,INCLUDING_OT,2305843009213693951,61,64,128,2,12,4096,64,64,8,8,0,OK,measured,PASS,tcp-loopback,0,2,0,1,0,57.954,370.947,0,0,included_in_expand_p0,included_in_expand_p1,included_in_expand_p0,included_in_expand_p1,included_in_expand_p0,included_in_expand_p1,419.499,0.949,420.248,0.749,0.949,430.59900000000005,16,128,64,64,4096,16,16,tcp_two_process_loopback; tcp_two_process;,4403368,215704,215704,4403368,4619072,4619072,0,included_in_split_input_bytes,included_in_split_input_bytes,included_in_pprf_bytes,included_in_pprf_bytes,0,140.962890625,1127.703125,91.18506920870686,8.815796766103668
2026-07-23T08:59:38.091273+00:00,b33a10fa7851ba0c3a26bea531ffb004f00d9365,RM_COORD,INCLUDING_OT,2305843009213693951,61,64,128,2,12,4096,64,64,8,9,0,OK,measured,PASS,tcp-loopback,0,2,0,1,0,57.897999999999996,370.623,0,0,included_in_expand_p0,included_in_expand_p1,included_in_expand_p0,included_in_expand_p1,included_in_expand_p0,included_in_expand_p1,418.98,0.9309999999999999,419.725,0.745,0.9309999999999999,430.19699999999995,16,128,64,64,4096,16,16,tcp_two_process_loopback; tcp_two_process;,4403368,215704,215704,4403368,4619072,4619072,0,included_in_split_input_bytes,included_in_split_input_bytes,included_in_pprf_bytes,included_in_pprf_bytes,0,140.962890625,1127.703125,91.18506920870686,8.815796766103668
2026-07-23T08:59:38.875191+00:00,b33a10fa7851ba0c3a26bea531ffb004f00d9365,RM_VECTOR,INCLUDING_OT,2305843009213693951,61,64,128,2,12,4096,64,64,16,-1,1,OK,measured,PASS,tcp-loopback,0,2,0,1,0,167.179,83.68599999999999,0,0,included_in_expand_p0,included_in_expand_p1,included_in_expand_p0,included_in_expand_p1,included_in_expand_p0,included_in_expand_p1,213.98600000000002,1.452,215.4,1.452,1.414,253.731,2,128,64,64,4096,2,2,tcp_two_process_loopback; tcp_two_process;,16803560,121064,121064,16803560,16924624,16924624,0,included_in_split_input_bytes,included_in_split_input_bytes,included_in_pprf_bytes,included_in_pprf_bytes,0,258.249267578125,2065.994140625,99.3362570418108,0.663979300219609
2026-07-23T08:59:39.456965+00:00,b33a10fa7851ba0c3a26bea531ffb004f00d9365,RM_VECTOR,INCLUDING_OT,2305843009213693951,61,64,128,2,12,4096,64,64,16,0,0,OK,measured,PASS,tcp-loopback,0,2,0,1,0,166.927,83.438,0,0,included_in_expand_p0,included_in_expand_p1,included_in_expand_p0,included_in_expand_p1,included_in_expand_p0,included_in_expand_p1,213.52599999999998,1.411,214.93599999999998,1.411,1.41,253.186,2,128,64,64,4096,2,2,tcp_two_process_loopback; tcp_two_process;,16803560,121064,121064,16803560,16924624,16924624,0,included_in_split_input_bytes,included_in_split_input_bytes,included_in_pprf_bytes,included_in_pprf_bytes,0,258.249267578125,2065.994140625,99.3362570418108,0.663979300219609
2026-07-23T08:59:40.038237+00:00,b33a10fa7851ba0c3a26bea531ffb004f00d9365,RM_VECTOR,INCLUDING_OT,2305843009213693951,61,64,128,2,12,4096,64,64,16,1,0,OK,measured,PASS,tcp-loopback,0,2,0,1,0,167.086,83.245,0,0,included_in_expand_p0,included_in_expand_p1,included_in_expand_p0,included_in_expand_p1,included_in_expand_p0,included_in_expand_p1,213.637,1.4040000000000001,215.025,1.4040000000000001,1.389,253.12400000000002,2,128,64,64,4096,2,2,tcp_two_process_loopback; tcp_two_process;,16803560,121064,121064,16803560,16924624,16924624,0,included_in_split_input_bytes,included_in_split_input_bytes,included_in_pprf_bytes,included_in_pprf_bytes,0,258.249267578125,2065.994140625,99.3362570418108,0.663979300219609
2026-07-23T08:59:40.618674+00:00,b33a10fa7851ba0c3a26bea531ffb004f00d9365,RM_VECTOR,INCLUDING_OT,2305843009213693951,61,64,128,2,12,4096,64,64,16,2,0,OK,measured,PASS,tcp-loopback,0,2,0,1,0,166.298,83.413,0,0,included_in_expand_p0,included_in_expand_p1,included_in_expand_p0,included_in_expand_p1,included_in_expand_p0,included_in_expand_p1,212.865,1.413,214.26899999999998,1.413,1.4040000000000001,252.52800000000002,2,128,64,64,4096,2,2,tcp_two_process_loopback; tcp_two_process;,16803560,121064,121064,16803560,16924624,16924624,0,included_in_split_input_bytes,included_in_split_input_bytes,included_in_pprf_bytes,included_in_pprf_bytes,0,258.249267578125,2065.994140625,99.3362570418108,0.663979300219609
2026-07-23T08:59:41.199052+00:00,b33a10fa7851ba0c3a26bea531ffb004f00d9365,RM_VECTOR,INCLUDING_OT,2305843009213693951,61,64,128,2,12,4096,64,64,16,3,0,OK,measured,PASS,tcp-loopback,0,2,0,1,0,166.78,83.46000000000001,0,0,included_in_expand_p0,included_in_expand_p1,included_in_expand_p0,included_in_expand_p1,included_in_expand_p0,included_in_expand_p1,213.404,1.4120000000000001,214.784,1.4120000000000001,1.38,253.032,2,128,64,64,4096,2,2,tcp_two_process_loopback; tcp_two_process;,16803560,121064,121064,16803560,16924624,16924624,0,included_in_split_input_bytes,included_in_split_input_bytes,included_in_pprf_bytes,included_in_pprf_bytes,0,258.249267578125,2065.994140625,99.3362570418108,0.663979300219609
2026-07-23T08:59:41.779906+00:00,b33a10fa7851ba0c3a26bea531ffb004f00d9365,RM_VECTOR,INCLUDING_OT,2305843009213693951,61,64,128,2,12,4096,64,64,16,4,0,OK,measured,PASS,tcp-loopback,0,2,0,1,0,168.031,84.07900000000001,0,0,included_in_expand_p0,included_in_expand_p1,included_in_expand_p0,included_in_expand_p1,included_in_expand_p0,included_in_expand_p1,214.98000000000002,1.415,216.39,1.415,1.41,254.935,2,128,64,64,4096,2,2,tcp_two_process_loopback; tcp_two_process;,16803560,121064,121064,16803560,16924624,16924624,0,included_in_split_input_bytes,included_in_split_input_bytes,included_in_pprf_bytes,included_in_pprf_bytes,0,258.249267578125,2065.994140625,99.3362570418108,0.663979300219609
2026-07-23T08:59:42.363036+00:00,b33a10fa7851ba0c3a26bea531ffb004f00d9365,RM_VECTOR,INCLUDING_OT,2305843009213693951,61,64,128,2,12,4096,64,64,16,5,0,OK,measured,PASS,tcp-loopback,0,2,0,1,0,165.667,83.15,0,0,included_in_expand_p0,included_in_expand_p1,included_in_expand_p0,included_in_expand_p1,included_in_expand_p0,included_in_expand_p1,212.27499999999998,1.405,213.664,1.405,1.389,251.61100000000002,2,128,64,64,4096,2,2,tcp_two_process_loopback; tcp_two_process;,16803560,121064,121064,16803560,16924624,16924624,0,included_in_split_input_bytes,included_in_split_input_bytes,included_in_pprf_bytes,included_in_pprf_bytes,0,258.249267578125,2065.994140625,99.3362570418108,0.663979300219609
2026-07-23T08:59:42.943054+00:00,b33a10fa7851ba0c3a26bea531ffb004f00d9365,RM_VECTOR,INCLUDING_OT,2305843009213693951,61,64,128,2,12,4096,64,64,16,6,0,OK,measured,PASS,tcp-loopback,0,2,0,1,0,167.182,83.466,0,0,included_in_expand_p0,included_in_expand_p1,included_in_expand_p0,included_in_expand_p1,included_in_expand_p0,included_in_expand_p1,213.88199999999998,1.478,215.284,1.478,1.4020000000000001,253.52799999999996,2,128,64,64,4096,2,2,tcp_two_process_loopback; tcp_two_process;,16803560,121064,121064,16803560,16924624,16924624,0,included_in_split_input_bytes,included_in_split_input_bytes,included_in_pprf_bytes,included_in_pprf_bytes,0,258.249267578125,2065.994140625,99.3362570418108,0.663979300219609
2026-07-23T08:59:43.524580+00:00,b33a10fa7851ba0c3a26bea531ffb004f00d9365,RM_VECTOR,INCLUDING_OT,2305843009213693951,61,64,128,2,12,4096,64,64,16,7,0,OK,measured,PASS,tcp-loopback,0,2,0,1,0,166.197,83.08500000000001,0,0,included_in_expand_p0,included_in_expand_p1,included_in_expand_p0,included_in_expand_p1,included_in_expand_p0,included_in_expand_p1,212.61599999999999,1.4549999999999998,214.004,1.4549999999999998,1.388,252.12500000000003,2,128,64,64,4096,2,2,tcp_two_process_loopback; tcp_two_process;,16803560,121064,121064,16803560,16924624,16924624,0,included_in_split_input_bytes,included_in_split_input_bytes,included_in_pprf_bytes,included_in_pprf_bytes,0,258.249267578125,2065.994140625,99.3362570418108,0.663979300219609
2026-07-23T08:59:44.105207+00:00,b33a10fa7851ba0c3a26bea531ffb004f00d9365,RM_VECTOR,INCLUDING_OT,2305843009213693951,61,64,128,2,12,4096,64,64,16,8,0,OK,measured,PASS,tcp-loopback,0,2,0,1,0,166.383,82.94200000000001,0,0,included_in_expand_p0,included_in_expand_p1,included_in_expand_p0,included_in_expand_p1,included_in_expand_p0,included_in_expand_p1,212.92,1.4020000000000001,214.301,1.4020000000000001,1.381,252.108,2,128,64,64,4096,2,2,tcp_two_process_loopback; tcp_two_process;,16803560,121064,121064,16803560,16924624,16924624,0,included_in_split_input_bytes,included_in_split_input_bytes,included_in_pprf_bytes,included_in_pprf_bytes,0,258.249267578125,2065.994140625,99.3362570418108,0.663979300219609
2026-07-23T08:59:44.685806+00:00,b33a10fa7851ba0c3a26bea531ffb004f00d9365,RM_VECTOR,INCLUDING_OT,2305843009213693951,61,64,128,2,12,4096,64,64,16,9,0,OK,measured,PASS,tcp-loopback,0,2,0,1,0,166.146,83.334,0,0,included_in_expand_p0,included_in_expand_p1,included_in_expand_p0,included_in_expand_p1,included_in_expand_p0,included_in_expand_p1,212.88199999999998,1.4040000000000001,214.274,1.4040000000000001,1.392,252.27599999999998,2,128,64,64,4096,2,2,tcp_two_process_loopback; tcp_two_process;,16803560,121064,121064,16803560,16924624,16924624,0,included_in_split_input_bytes,included_in_split_input_bytes,included_in_pprf_bytes,included_in_pprf_bytes,0,258.249267578125,2065.994140625,99.3362570418108,0.663979300219609
2026-07-23T08:59:45.267004+00:00,b33a10fa7851ba0c3a26bea531ffb004f00d9365,RM_COORD,INCLUDING_OT,2305843009213693951,61,64,128,2,12,4096,64,64,16,-1,1,OK,measured,PASS,tcp-loopback,0,2,0,1,0,166.105,760.159,0,0,included_in_expand_p0,included_in_expand_p1,included_in_expand_p0,included_in_expand_p1,included_in_expand_p0,included_in_expand_p1,890.101,1.772,891.873,1.4760000000000002,1.772,929.5120000000001,32,128,64,64,4096,32,32,tcp_two_process_loopback; tcp_two_process;,17195240,431384,431384,17195240,17626624,17626624,0,included_in_split_input_bytes,included_in_split_input_bytes,included_in_pprf_bytes,included_in_pprf_bytes,0,268.9609375,2151.6875,95.38007958869493,4.620147340749993
2026-07-23T08:59:46.526187+00:00,b33a10fa7851ba0c3a26bea531ffb004f00d9365,RM_COORD,INCLUDING_OT,2305843009213693951,61,64,128,2,12,4096,64,64,16,0,0,OK,measured,PASS,tcp-loopback,0,2,0,1,0,166.638,761.957,0,0,included_in_expand_p0,included_in_expand_p1,included_in_expand_p0,included_in_expand_p1,included_in_expand_p0,included_in_expand_p1,891.737,1.764,893.501,1.435,1.764,931.794,32,128,64,64,4096,32,32,tcp_two_process_loopback; tcp_two_process;,17195240,431384,431384,17195240,17626624,17626624,0,included_in_split_input_bytes,included_in_split_input_bytes,included_in_pprf_bytes,included_in_pprf_bytes,0,268.9609375,2151.6875,95.38007958869493,4.620147340749993
2026-07-23T08:59:47.786694+00:00,b33a10fa7851ba0c3a26bea531ffb004f00d9365,RM_COORD,INCLUDING_OT,2305843009213693951,61,64,128,2,12,4096,64,64,16,1,0,OK,measured,PASS,tcp-loopback,0,2,0,1,0,167.245,758.616,0,0,included_in_expand_p0,included_in_expand_p1,included_in_expand_p0,included_in_expand_p1,included_in_expand_p0,included_in_expand_p1,889.202,1.739,890.941,1.441,1.739,929.041,32,128,64,64,4096,32,32,tcp_two_process_loopback; tcp_two_process;,17195240,431384,431384,17195240,17626624,17626624,0,included_in_split_input_bytes,included_in_split_input_bytes,included_in_pprf_bytes,included_in_pprf_bytes,0,268.9609375,2151.6875,95.38007958869493,4.620147340749993
2026-07-23T08:59:49.044526+00:00,b33a10fa7851ba0c3a26bea531ffb004f00d9365,RM_COORD,INCLUDING_OT,2305843009213693951,61,64,128,2,12,4096,64,64,16,2,0,OK,measured,PASS,tcp-loopback,0,2,0,1,0,166.7,757.967,0,0,included_in_expand_p0,included_in_expand_p1,included_in_expand_p0,included_in_expand_p1,included_in_expand_p0,included_in_expand_p1,888.105,1.7229999999999999,889.828,1.431,1.7229999999999999,927.8209999999999,32,128,64,64,4096,32,32,tcp_two_process_loopback; tcp_two_process;,17195240,431384,431384,17195240,17626624,17626624,0,included_in_split_input_bytes,included_in_split_input_bytes,included_in_pprf_bytes,included_in_pprf_bytes,0,268.9609375,2151.6875,95.38007958869493,4.620147340749993
2026-07-23T08:59:50.300413+00:00,b33a10fa7851ba0c3a26bea531ffb004f00d9365,RM_COORD,INCLUDING_OT,2305843009213693951,61,64,128,2,12,4096,64,64,16,3,0,OK,measured,PASS,tcp-loopback,0,2,0,1,0,165.678,758.6469999999999,0,0,included_in_expand_p0,included_in_expand_p1,included_in_expand_p0,included_in_expand_p1,included_in_expand_p0,included_in_expand_p1,888.076,1.772,889.848,1.4480000000000002,1.772,927.545,32,128,64,64,4096,32,32,tcp_two_process_loopback; tcp_two_process;,17195240,431384,431384,17195240,17626624,17626624,0,included_in_split_input_bytes,included_in_split_input_bytes,included_in_pprf_bytes,included_in_pprf_bytes,0,268.9609375,2151.6875,95.38007958869493,4.620147340749993
2026-07-23T08:59:51.556428+00:00,b33a10fa7851ba0c3a26bea531ffb004f00d9365,RM_COORD,INCLUDING_OT,2305843009213693951,61,64,128,2,12,4096,64,64,16,4,0,OK,measured,PASS,tcp-loopback,0,2,0,1,0,166.639,760.4649999999999,0,0,included_in_expand_p0,included_in_expand_p1,included_in_expand_p0,included_in_expand_p1,included_in_expand_p0,included_in_expand_p1,890.274,1.7619999999999998,892.0360000000001,1.428,1.7619999999999998,930.2939999999999,32,128,64,64,4096,32,32,tcp_two_process_loopback; tcp_two_process;,17195240,431384,431384,17195240,17626624,17626624,0,included_in_split_input_bytes,included_in_split_input_bytes,included_in_pprf_bytes,included_in_pprf_bytes,0,268.9609375,2151.6875,95.38007958869493,4.620147340749993
2026-07-23T08:59:52.814708+00:00,b33a10fa7851ba0c3a26bea531ffb004f00d9365,RM_COORD,INCLUDING_OT,2305843009213693951,61,64,128,2,12,4096,64,64,16,5,0,OK,measured,PASS,tcp-loopback,0,2,0,1,0,166.56,759.317,0,0,included_in_expand_p0,included_in_expand_p1,included_in_expand_p0,included_in_expand_p1,included_in_expand_p0,included_in_expand_p1,888.9899999999999,1.782,890.772,1.4400000000000002,1.782,929.099,32,128,64,64,4096,32,32,tcp_two_process_loopback; tcp_two_process;,17195240,431384,431384,17195240,17626624,17626624,0,included_in_split_input_bytes,included_in_split_input_bytes,included_in_pprf_bytes,included_in_pprf_bytes,0,268.9609375,2151.6875,95.38007958869493,4.620147340749993
2026-07-23T08:59:54.071025+00:00,b33a10fa7851ba0c3a26bea531ffb004f00d9365,RM_COORD,INCLUDING_OT,2305843009213693951,61,64,128,2,12,4096,64,64,16,6,0,OK,measured,PASS,tcp-loopback,0,2,0,1,0,166.36200000000002,758.2529999999999,0,0,included_in_expand_p0,included_in_expand_p1,included_in_expand_p0,included_in_expand_p1,included_in_expand_p0,included_in_expand_p1,887.9240000000001,1.79,889.713,1.495,1.79,927.9,32,128,64,64,4096,32,32,tcp_two_process_loopback; tcp_two_process;,17195240,431384,431384,17195240,17626624,17626624,0,included_in_split_input_bytes,included_in_split_input_bytes,included_in_pprf_bytes,included_in_pprf_bytes,0,268.9609375,2151.6875,95.38007958869493,4.620147340749993
2026-07-23T08:59:55.326154+00:00,b33a10fa7851ba0c3a26bea531ffb004f00d9365,RM_COORD,INCLUDING_OT,2305843009213693951,61,64,128,2,12,4096,64,64,16,7,0,OK,measured,PASS,tcp-loopback,0,2,0,1,0,167.501,762.163,0,0,included_in_expand_p0,included_in_expand_p1,included_in_expand_p0,included_in_expand_p1,included_in_expand_p0,included_in_expand_p1,892.7040000000001,1.792,894.496,1.444,1.792,932.9,32,128,64,64,4096,32,32,tcp_two_process_loopback; tcp_two_process;,17195240,431384,431384,17195240,17626624,17626624,0,included_in_split_input_bytes,included_in_split_input_bytes,included_in_pprf_bytes,included_in_pprf_bytes,0,268.9609375,2151.6875,95.38007958869493,4.620147340749993
2026-07-23T08:59:56.586954+00:00,b33a10fa7851ba0c3a26bea531ffb004f00d9365,RM_COORD,INCLUDING_OT,2305843009213693951,61,64,128,2,12,4096,64,64,16,8,0,OK,measured,PASS,tcp-loopback,0,2,0,1,0,166.966,759.756,0,0,included_in_expand_p0,included_in_expand_p1,included_in_expand_p0,included_in_expand_p1,included_in_expand_p0,included_in_expand_p1,889.9599999999999,1.7730000000000001,891.734,1.472,1.7730000000000001,929.967,32,128,64,64,4096,32,32,tcp_two_process_loopback; tcp_two_process;,17195240,431384,431384,17195240,17626624,17626624,0,included_in_split_input_bytes,included_in_split_input_bytes,included_in_pprf_bytes,included_in_pprf_bytes,0,268.9609375,2151.6875,95.38007958869493,4.620147340749993
2026-07-23T08:59:57.845914+00:00,b33a10fa7851ba0c3a26bea531ffb004f00d9365,RM_COORD,INCLUDING_OT,2305843009213693951,61,64,128,2,12,4096,64,64,16,9,0,OK,measured,PASS,tcp-loopback,0,2,0,1,0,166.37199999999999,757.846,0,0,included_in_expand_p0,included_in_expand_p1,included_in_expand_p0,included_in_expand_p1,included_in_expand_p0,included_in_expand_p1,887.61,1.732,889.342,1.4400000000000002,1.732,927.39,32,128,64,64,4096,32,32,tcp_two_process_loopback; tcp_two_process;,17195240,431384,431384,17195240,17626624,17626624,0,included_in_split_input_bytes,included_in_split_input_bytes,included_in_pprf_bytes,included_in_pprf_bytes,0,268.9609375,2151.6875,95.38007958869493,4.620147340749993
2026-07-23T08:59:59.100298+00:00,b33a10fa7851ba0c3a26bea531ffb004f00d9365,RM_VECTOR,INCLUDING_OT,2305843009213693951,61,64,128,2,12,4096,64,64,32,-1,1,OK,measured,PASS,tcp-loopback,0,2,0,1,0,420.217,142.56,0,0,included_in_expand_p0,included_in_expand_p1,included_in_expand_p0,included_in_expand_p1,included_in_expand_p0,included_in_expand_p1,469.628,2.828,472.384,2.828,2.7560000000000002,568.361,2,128,64,64,4096,2,2,tcp_two_process_loopback; tcp_two_process;,67135336,221416,221416,67135336,67356752,67356752,0,included_in_split_input_bytes,included_in_split_input_bytes,included_in_pprf_bytes,included_in_pprf_bytes,0,513.8912353515625,4111.1298828125,99.73592550899723,0.2641338762890467
2026-07-23T08:59:59.944393+00:00,b33a10fa7851ba0c3a26bea531ffb004f00d9365,RM_VECTOR,INCLUDING_OT,2305843009213693951,61,64,128,2,12,4096,64,64,32,0,0,OK,measured,PASS,tcp-loopback,0,2,0,1,0,419.34700000000004,142.759,0,0,included_in_expand_p0,included_in_expand_p1,included_in_expand_p0,included_in_expand_p1,included_in_expand_p0,included_in_expand_p1,468.892,2.835,471.67199999999997,2.835,2.78,567.721,2,128,64,64,4096,2,2,tcp_two_process_loopback; tcp_two_process;,67135336,221416,221416,67135336,67356752,67356752,0,included_in_split_input_bytes,included_in_split_input_bytes,included_in_pprf_bytes,included_in_pprf_bytes,0,513.8912353515625,4111.1298828125,99.73592550899723,0.2641338762890467
2026-07-23T09:00:00.786994+00:00,b33a10fa7851ba0c3a26bea531ffb004f00d9365,RM_VECTOR,INCLUDING_OT,2305843009213693951,61,64,128,2,12,4096,64,64,32,1,0,OK,measured,PASS,tcp-loopback,0,2,0,1,0,420.374,143.351,0,0,included_in_expand_p0,included_in_expand_p1,included_in_expand_p0,included_in_expand_p1,included_in_expand_p0,included_in_expand_p1,470.039,2.794,472.80499999999995,2.794,2.766,569.285,2,128,64,64,4096,2,2,tcp_two_process_loopback; tcp_two_process;,67135336,221416,221416,67135336,67356752,67356752,0,included_in_split_input_bytes,included_in_split_input_bytes,included_in_pprf_bytes,included_in_pprf_bytes,0,513.8912353515625,4111.1298828125,99.73592550899723,0.2641338762890467
2026-07-23T09:00:01.631310+00:00,b33a10fa7851ba0c3a26bea531ffb004f00d9365,RM_VECTOR,INCLUDING_OT,2305843009213693951,61,64,128,2,12,4096,64,64,32,2,0,OK,measured,PASS,tcp-loopback,0,2,0,1,0,420.59499999999997,143.52100000000002,0,0,included_in_expand_p0,included_in_expand_p1,included_in_expand_p0,included_in_expand_p1,included_in_expand_p0,included_in_expand_p1,470.277,2.834,473.039,2.834,2.762,569.7119999999999,2,128,64,64,4096,2,2,tcp_two_process_loopback; tcp_two_process;,67135336,221416,221416,67135336,67356752,67356752,0,included_in_split_input_bytes,included_in_split_input_bytes,included_in_pprf_bytes,included_in_pprf_bytes,0,513.8912353515625,4111.1298828125,99.73592550899723,0.2641338762890467
2026-07-23T09:00:02.476208+00:00,b33a10fa7851ba0c3a26bea531ffb004f00d9365,RM_VECTOR,INCLUDING_OT,2305843009213693951,61,64,128,2,12,4096,64,64,32,3,0,OK,measured,PASS,tcp-loopback,0,2,0,1,0,419.13800000000003,143.619,0,0,included_in_expand_p0,included_in_expand_p1,included_in_expand_p0,included_in_expand_p1,included_in_expand_p0,included_in_expand_p1,468.55400000000003,2.833,471.324,2.833,2.77,568.36,2,128,64,64,4096,2,2,tcp_two_process_loopback; tcp_two_process;,67135336,221416,221416,67135336,67356752,67356752,0,included_in_split_input_bytes,included_in_split_input_bytes,included_in_pprf_bytes,included_in_pprf_bytes,0,513.8912353515625,4111.1298828125,99.73592550899723,0.2641338762890467
2026-07-23T09:00:03.318014+00:00,b33a10fa7851ba0c3a26bea531ffb004f00d9365,RM_VECTOR,INCLUDING_OT,2305843009213693951,61,64,128,2,12,4096,64,64,32,4,0,OK,measured,PASS,tcp-loopback,0,2,0,1,0,419.892,142.769,0,0,included_in_expand_p0,included_in_expand_p1,included_in_expand_p0,included_in_expand_p1,included_in_expand_p0,included_in_expand_p1,469.342,2.833,472.118,2.833,2.776,568.27,2,128,64,64,4096,2,2,tcp_two_process_loopback; tcp_two_process;,67135336,221416,221416,67135336,67356752,67356752,0,included_in_split_input_bytes,included_in_split_input_bytes,included_in_pprf_bytes,included_in_pprf_bytes,0,513.8912353515625,4111.1298828125,99.73592550899723,0.2641338762890467
2026-07-23T09:00:04.161346+00:00,b33a10fa7851ba0c3a26bea531ffb004f00d9365,RM_VECTOR,INCLUDING_OT,2305843009213693951,61,64,128,2,12,4096,64,64,32,5,0,OK,measured,PASS,tcp-loopback,0,2,0,1,0,419.768,143.527,0,0,included_in_expand_p0,included_in_expand_p1,included_in_expand_p0,included_in_expand_p1,included_in_expand_p0,included_in_expand_p1,469.54400000000004,2.8249999999999997,472.315,2.8249999999999997,2.77,568.89,2,128,64,64,4096,2,2,tcp_two_process_loopback; tcp_two_process;,67135336,221416,221416,67135336,67356752,67356752,0,included_in_split_input_bytes,included_in_split_input_bytes,included_in_pprf_bytes,included_in_pprf_bytes,0,513.8912353515625,4111.1298828125,99.73592550899723,0.2641338762890467
2026-07-23T09:00:05.004003+00:00,b33a10fa7851ba0c3a26bea531ffb004f00d9365,RM_VECTOR,INCLUDING_OT,2305843009213693951,61,64,128,2,12,4096,64,64,32,6,0,OK,measured,PASS,tcp-loopback,0,2,0,1,0,421.00399999999996,143.167,0,0,included_in_expand_p0,included_in_expand_p1,included_in_expand_p0,included_in_expand_p1,included_in_expand_p0,included_in_expand_p1,470.46900000000005,2.81,473.226,2.81,2.757,569.7379999999998,2,128,64,64,4096,2,2,tcp_two_process_loopback; tcp_two_process;,67135336,221416,221416,67135336,67356752,67356752,0,included_in_split_input_bytes,included_in_split_input_bytes,included_in_pprf_bytes,included_in_pprf_bytes,0,513.8912353515625,4111.1298828125,99.73592550899723,0.2641338762890467
2026-07-23T09:00:05.847980+00:00,b33a10fa7851ba0c3a26bea531ffb004f00d9365,RM_VECTOR,INCLUDING_OT,2305843009213693951,61,64,128,2,12,4096,64,64,32,7,0,OK,measured,PASS,tcp-loopback,0,2,0,1,0,419.23199999999997,142.266,0,0,included_in_expand_p0,included_in_expand_p1,included_in_expand_p0,included_in_expand_p1,included_in_expand_p0,included_in_expand_p1,468.68399999999997,2.839,471.443,2.839,2.7590000000000003,567.096,2,128,64,64,4096,2,2,tcp_two_process_loopback; tcp_two_process;,67135336,221416,221416,67135336,67356752,67356752,0,included_in_split_input_bytes,included_in_split_input_bytes,included_in_pprf_bytes,included_in_pprf_bytes,0,513.8912353515625,4111.1298828125,99.73592550899723,0.2641338762890467
2026-07-23T09:00:06.688997+00:00,b33a10fa7851ba0c3a26bea531ffb004f00d9365,RM_VECTOR,INCLUDING_OT,2305843009213693951,61,64,128,2,12,4096,64,64,32,8,0,OK,measured,PASS,tcp-loopback,0,2,0,1,0,420.18899999999996,142.514,0,0,included_in_expand_p0,included_in_expand_p1,included_in_expand_p0,included_in_expand_p1,included_in_expand_p0,included_in_expand_p1,469.477,2.811,472.222,2.811,2.745,568.259,2,128,64,64,4096,2,2,tcp_two_process_loopback; tcp_two_process;,67135336,221416,221416,67135336,67356752,67356752,0,included_in_split_input_bytes,included_in_split_input_bytes,included_in_pprf_bytes,included_in_pprf_bytes,0,513.8912353515625,4111.1298828125,99.73592550899723,0.2641338762890467
2026-07-23T09:00:07.531626+00:00,b33a10fa7851ba0c3a26bea531ffb004f00d9365,RM_VECTOR,INCLUDING_OT,2305843009213693951,61,64,128,2,12,4096,64,64,32,9,0,OK,measured,PASS,tcp-loopback,0,2,0,1,0,418.625,143.205,0,0,included_in_expand_p0,included_in_expand_p1,included_in_expand_p0,included_in_expand_p1,included_in_expand_p0,included_in_expand_p1,468.218,2.8449999999999998,471.024,2.8449999999999998,2.806,567.4810000000001,2,128,64,64,4096,2,2,tcp_two_process_loopback; tcp_two_process;,67135336,221416,221416,67135336,67356752,67356752,0,included_in_split_input_bytes,included_in_split_input_bytes,included_in_pprf_bytes,included_in_pprf_bytes,0,513.8912353515625,4111.1298828125,99.73592550899723,0.2641338762890467
2026-07-23T09:00:08.372390+00:00,b33a10fa7851ba0c3a26bea531ffb004f00d9365,RM_COORD,INCLUDING_OT,2305843009213693951,61,64,128,2,12,4096,64,64,32,-1,1,OK,measured,PASS,tcp-loopback,0,2,0,1,0,419.725,1541.2939999999999,0,0,included_in_expand_p0,included_in_expand_p1,included_in_expand_p0,included_in_expand_p1,included_in_expand_p0,included_in_expand_p1,1867.9399999999998,3.578,1871.518,3.09,3.578,1967.6869999999997,64,128,64,64,4096,64,64,tcp_two_process_loopback; tcp_two_process;,67944808,862744,862744,67944808,68807552,68807552,0,included_in_split_input_bytes,included_in_split_input_bytes,included_in_pprf_bytes,included_in_pprf_bytes,0,524.9599609375,4199.6796875,97.63300400514176,2.3670541280119948
2026-07-23T09:00:10.614692+00:00,b33a10fa7851ba0c3a26bea531ffb004f00d9365,RM_COORD,INCLUDING_OT,2305843009213693951,61,64,128,2,12,4096,64,64,32,0,0,OK,measured,PASS,tcp-loopback,0,2,0,1,0,420.746,1540.0510000000002,0,0,included_in_expand_p0,included_in_expand_p1,included_in_expand_p0,included_in_expand_p1,included_in_expand_p0,included_in_expand_p1,1867.688,3.589,1871.278,3.0370000000000004,3.589,1967.423,64,128,64,64,4096,64,64,tcp_two_process_loopback; tcp_two_process;,67944808,862744,862744,67944808,68807552,68807552,0,included_in_split_input_bytes,included_in_split_input_bytes,included_in_pprf_bytes,included_in_pprf_bytes,0,524.9599609375,4199.6796875,97.63300400514176,2.3670541280119948
2026-07-23T09:00:12.857304+00:00,b33a10fa7851ba0c3a26bea531ffb004f00d9365,RM_COORD,INCLUDING_OT,2305843009213693951,61,64,128,2,12,4096,64,64,32,1,0,OK,measured,PASS,tcp-loopback,0,2,0,1,0,419.233,1540.325,0,0,included_in_expand_p0,included_in_expand_p1,included_in_expand_p0,included_in_expand_p1,included_in_expand_p0,included_in_expand_p1,1866.936,3.493,1870.4289999999999,3.094,3.493,1966.145,64,128,64,64,4096,64,64,tcp_two_process_loopback; tcp_two_process;,67944808,862744,862744,67944808,68807552,68807552,0,included_in_split_input_bytes,included_in_split_input_bytes,included_in_pprf_bytes,included_in_pprf_bytes,0,524.9599609375,4199.6796875,97.63300400514176,2.3670541280119948
2026-07-23T09:00:15.098566+00:00,b33a10fa7851ba0c3a26bea531ffb004f00d9365,RM_COORD,INCLUDING_OT,2305843009213693951,61,64,128,2,12,4096,64,64,32,2,0,OK,measured,PASS,tcp-loopback,0,2,0,1,0,419.982,1541.026,0,0,included_in_expand_p0,included_in_expand_p1,included_in_expand_p0,included_in_expand_p1,included_in_expand_p0,included_in_expand_p1,1868.18,3.5869999999999997,1871.767,3.075,3.5869999999999997,1967.67,64,128,64,64,4096,64,64,tcp_two_process_loopback; tcp_two_process;,67944808,862744,862744,67944808,68807552,68807552,0,included_in_split_input_bytes,included_in_split_input_bytes,included_in_pprf_bytes,included_in_pprf_bytes,0,524.9599609375,4199.6796875,97.63300400514176,2.3670541280119948
2026-07-23T09:00:17.341673+00:00,b33a10fa7851ba0c3a26bea531ffb004f00d9365,RM_COORD,INCLUDING_OT,2305843009213693951,61,64,128,2,12,4096,64,64,32,3,0,OK,measured,PASS,tcp-loopback,0,2,0,1,0,419.159,1540.977,0,0,included_in_expand_p0,included_in_expand_p1,included_in_expand_p0,included_in_expand_p1,included_in_expand_p0,included_in_expand_p1,1867.1109999999999,3.4610000000000003,1870.572,3.081,3.4610000000000003,1966.6779999999999,64,128,64,64,4096,64,64,tcp_two_process_loopback; tcp_two_process;,67944808,862744,862744,67944808,68807552,68807552,0,included_in_split_input_bytes,included_in_split_input_bytes,included_in_pprf_bytes,included_in_pprf_bytes,0,524.9599609375,4199.6796875,97.63300400514176,2.3670541280119948
2026-07-23T09:00:19.584500+00:00,b33a10fa7851ba0c3a26bea531ffb004f00d9365,RM_COORD,INCLUDING_OT,2305843009213693951,61,64,128,2,12,4096,64,64,32,4,0,OK,measured,PASS,tcp-loopback,0,2,0,1,0,418.64099999999996,1540.632,0,0,included_in_expand_p0,included_in_expand_p1,included_in_expand_p0,included_in_expand_p1,included_in_expand_p0,included_in_expand_p1,1866.093,3.591,1869.684,3.0500000000000003,3.591,1965.914,64,128,64,64,4096,64,64,tcp_two_process_loopback; tcp_two_process;,67944808,862744,862744,67944808,68807552,68807552,0,included_in_split_input_bytes,included_in_split_input_bytes,included_in_pprf_bytes,included_in_pprf_bytes,0,524.9599609375,4199.6796875,97.63300400514176,2.3670541280119948
2026-07-23T09:00:21.825305+00:00,b33a10fa7851ba0c3a26bea531ffb004f00d9365,RM_COORD,INCLUDING_OT,2305843009213693951,61,64,128,2,12,4096,64,64,32,5,0,OK,measured,PASS,tcp-loopback,0,2,0,1,0,419.002,1536.797,0,0,included_in_expand_p0,included_in_expand_p1,included_in_expand_p0,included_in_expand_p1,included_in_expand_p0,included_in_expand_p1,1863.477,3.579,1867.056,3.216,3.579,1962.5939999999998,64,128,64,64,4096,64,64,tcp_two_process_loopback; tcp_two_process;,67944808,862744,862744,67944808,68807552,68807552,0,included_in_split_input_bytes,included_in_split_input_bytes,included_in_pprf_bytes,included_in_pprf_bytes,0,524.9599609375,4199.6796875,97.63300400514176,2.3670541280119948
2026-07-23T09:00:24.063696+00:00,b33a10fa7851ba0c3a26bea531ffb004f00d9365,RM_COORD,INCLUDING_OT,2305843009213693951,61,64,128,2,12,4096,64,64,32,6,0,OK,measured,PASS,tcp-loopback,0,2,0,1,0,419.914,1539.2920000000001,0,0,included_in_expand_p0,included_in_expand_p1,included_in_expand_p0,included_in_expand_p1,included_in_expand_p0,included_in_expand_p1,1866.346,3.57,1869.916,3.048,3.57,1965.824,64,128,64,64,4096,64,64,tcp_two_process_loopback; tcp_two_process;,67944808,862744,862744,67944808,68807552,68807552,0,included_in_split_input_bytes,included_in_split_input_bytes,included_in_pprf_bytes,included_in_pprf_bytes,0,524.9599609375,4199.6796875,97.63300400514176,2.3670541280119948
2026-07-23T09:00:26.304633+00:00,b33a10fa7851ba0c3a26bea531ffb004f00d9365,RM_COORD,INCLUDING_OT,2305843009213693951,61,64,128,2,12,4096,64,64,32,7,0,OK,measured,PASS,tcp-loopback,0,2,0,1,0,419.75600000000003,1538.6599999999999,0,0,included_in_expand_p0,included_in_expand_p1,included_in_expand_p0,included_in_expand_p1,included_in_expand_p0,included_in_expand_p1,1865.5720000000001,3.4859999999999998,1869.0580000000002,3.039,3.4859999999999998,1964.941,64,128,64,64,4096,64,64,tcp_two_process_loopback; tcp_two_process;,67944808,862744,862744,67944808,68807552,68807552,0,included_in_split_input_bytes,included_in_split_input_bytes,included_in_pprf_bytes,included_in_pprf_bytes,0,524.9599609375,4199.6796875,97.63300400514176,2.3670541280119948
2026-07-23T09:00:28.545297+00:00,b33a10fa7851ba0c3a26bea531ffb004f00d9365,RM_COORD,INCLUDING_OT,2305843009213693951,61,64,128,2,12,4096,64,64,32,8,0,OK,measured,PASS,tcp-loopback,0,2,0,1,0,421.983,1543.794,0,0,included_in_expand_p0,included_in_expand_p1,included_in_expand_p0,included_in_expand_p1,included_in_expand_p0,included_in_expand_p1,1871.1109999999999,3.476,1874.587,3.085,3.476,1972.3380000000002,64,128,64,64,4096,64,64,tcp_two_process_loopback; tcp_two_process;,67944808,862744,862744,67944808,68807552,68807552,0,included_in_split_input_bytes,included_in_split_input_bytes,included_in_pprf_bytes,included_in_pprf_bytes,0,524.9599609375,4199.6796875,97.63300400514176,2.3670541280119948
2026-07-23T09:00:30.791718+00:00,b33a10fa7851ba0c3a26bea531ffb004f00d9365,RM_COORD,INCLUDING_OT,2305843009213693951,61,64,128,2,12,4096,64,64,32,9,0,OK,measured,PASS,tcp-loopback,0,2,0,1,0,420.21500000000003,1543.758,0,0,included_in_expand_p0,included_in_expand_p1,included_in_expand_p0,included_in_expand_p1,included_in_expand_p0,included_in_expand_p1,1870.16,3.614,1873.7740000000001,3.077,3.614,1970.664,64,128,64,64,4096,64,64,tcp_two_process_loopback; tcp_two_process;,67944808,862744,862744,67944808,68807552,68807552,0,included_in_split_input_bytes,included_in_split_input_bytes,included_in_pprf_bytes,included_in_pprf_bytes,0,524.9599609375,4199.6796875,97.63300400514176,2.3670541280119948
2026-07-23T09:00:33.036946+00:00,b33a10fa7851ba0c3a26bea531ffb004f00d9365,RM_VECTOR,INCLUDING_OT,2305843009213693951,61,64,128,2,14,16384,64,256,8,-1,1,OK,measured,PASS,tcp-loopback,0,2,0,1,0,57.741,76.128,0,0,included_in_expand_p0,included_in_expand_p1,included_in_expand_p0,included_in_expand_p1,included_in_expand_p0,included_in_expand_p1,126.556,3.279,129.835,3.279,3.022,140.17,2,128,256,64,16384,2,2,tcp_two_process_loopback; tcp_two_process;,4229288,79080,79080,4229288,4308368,4308368,0,included_in_split_input_bytes,included_in_split_input_bytes,included_in_pprf_bytes,included_in_pprf_bytes,0,32.8702392578125,262.9619140625,97.76100834469108,2.239920081107278
2026-07-23T09:00:33.535499+00:00,b33a10fa7851ba0c3a26bea531ffb004f00d9365,RM_VECTOR,INCLUDING_OT,2305843009213693951,61,64,128,2,14,16384,64,256,8,0,0,OK,measured,PASS,tcp-loopback,0,2,0,1,0,58.167,76.715,0,0,included_in_expand_p0,included_in_expand_p1,included_in_expand_p0,included_in_expand_p1,included_in_expand_p0,included_in_expand_p1,127.217,3.3409999999999997,130.55700000000002,3.3409999999999997,3.078,141.30100000000002,2,128,256,64,16384,2,2,tcp_two_process_loopback; tcp_two_process;,4229288,79080,79080,4229288,4308368,4308368,0,included_in_split_input_bytes,included_in_split_input_bytes,included_in_pprf_bytes,included_in_pprf_bytes,0,32.8702392578125,262.9619140625,97.76100834469108,2.239920081107278
2026-07-23T09:00:34.033969+00:00,b33a10fa7851ba0c3a26bea531ffb004f00d9365,RM_VECTOR,INCLUDING_OT,2305843009213693951,61,64,128,2,14,16384,64,256,8,1,0,OK,measured,PASS,tcp-loopback,0,2,0,1,0,58.075,75.996,0,0,included_in_expand_p0,included_in_expand_p1,included_in_expand_p0,included_in_expand_p1,included_in_expand_p0,included_in_expand_p1,126.67900000000002,3.4520000000000004,130.131,3.4520000000000004,3.038,140.561,2,128,256,64,16384,2,2,tcp_two_process_loopback; tcp_two_process;,4229288,79080,79080,4229288,4308368,4308368,0,included_in_split_input_bytes,included_in_split_input_bytes,included_in_pprf_bytes,included_in_pprf_bytes,0,32.8702392578125,262.9619140625,97.76100834469108,2.239920081107278
2026-07-23T09:00:34.532359+00:00,b33a10fa7851ba0c3a26bea531ffb004f00d9365,RM_VECTOR,INCLUDING_OT,2305843009213693951,61,64,128,2,14,16384,64,256,8,2,0,OK,measured,PASS,tcp-loopback,0,2,0,1,0,58.01,76.28999999999999,0,0,included_in_expand_p0,included_in_expand_p1,included_in_expand_p0,included_in_expand_p1,included_in_expand_p0,included_in_expand_p1,126.90199999999999,3.321,130.223,3.321,3.059,140.67999999999998,2,128,256,64,16384,2,2,tcp_two_process_loopback; tcp_two_process;,4229288,79080,79080,4229288,4308368,4308368,0,included_in_split_input_bytes,included_in_split_input_bytes,included_in_pprf_bytes,included_in_pprf_bytes,0,32.8702392578125,262.9619140625,97.76100834469108,2.239920081107278
2026-07-23T09:00:35.032350+00:00,b33a10fa7851ba0c3a26bea531ffb004f00d9365,RM_VECTOR,INCLUDING_OT,2305843009213693951,61,64,128,2,14,16384,64,256,8,3,0,OK,measured,PASS,tcp-loopback,0,2,0,1,0,58.003,76.246,0,0,included_in_expand_p0,included_in_expand_p1,included_in_expand_p0,included_in_expand_p1,included_in_expand_p0,included_in_expand_p1,126.85199999999999,3.321,130.173,3.321,3.041,140.611,2,128,256,64,16384,2,2,tcp_two_process_loopback; tcp_two_process;,4229288,79080,79080,4229288,4308368,4308368,0,included_in_split_input_bytes,included_in_split_input_bytes,included_in_pprf_bytes,included_in_pprf_bytes,0,32.8702392578125,262.9619140625,97.76100834469108,2.239920081107278
2026-07-23T09:00:35.530656+00:00,b33a10fa7851ba0c3a26bea531ffb004f00d9365,RM_VECTOR,INCLUDING_OT,2305843009213693951,61,64,128,2,14,16384,64,256,8,4,0,OK,measured,PASS,tcp-loopback,0,2,0,1,0,57.694,75.80499999999999,0,0,included_in_expand_p0,included_in_expand_p1,included_in_expand_p0,included_in_expand_p1,included_in_expand_p0,included_in_expand_p1,126.053,3.27,129.323,3.27,3.018,139.787,2,128,256,64,16384,2,2,tcp_two_process_loopback; tcp_two_process;,4229288,79080,79080,4229288,4308368,4308368,0,included_in_split_input_bytes,included_in_split_input_bytes,included_in_pprf_bytes,included_in_pprf_bytes,0,32.8702392578125,262.9619140625,97.76100834469108,2.239920081107278
2026-07-23T09:00:36.027273+00:00,b33a10fa7851ba0c3a26bea531ffb004f00d9365,RM_VECTOR,INCLUDING_OT,2305843009213693951,61,64,128,2,14,16384,64,256,8,5,0,OK,measured,PASS,tcp-loopback,0,2,0,1,0,57.756,76.03500000000001,0,0,included_in_expand_p0,included_in_expand_p1,included_in_expand_p0,included_in_expand_p1,included_in_expand_p0,included_in_expand_p1,126.222,3.2529999999999997,129.475,3.2529999999999997,3.034,140.07799999999997,2,128,256,64,16384,2,2,tcp_two_process_loopback; tcp_two_process;,4229288,79080,79080,4229288,4308368,4308368,0,included_in_split_input_bytes,included_in_split_input_bytes,included_in_pprf_bytes,included_in_pprf_bytes,0,32.8702392578125,262.9619140625,97.76100834469108,2.239920081107278
2026-07-23T09:00:36.523878+00:00,b33a10fa7851ba0c3a26bea531ffb004f00d9365,RM_VECTOR,INCLUDING_OT,2305843009213693951,61,64,128,2,14,16384,64,256,8,6,0,OK,measured,PASS,tcp-loopback,0,2,0,1,0,58.467,75.921,0,0,included_in_expand_p0,included_in_expand_p1,included_in_expand_p0,included_in_expand_p1,included_in_expand_p0,included_in_expand_p1,126.92999999999999,3.297,130.228,3.297,3.0260000000000002,140.711,2,128,256,64,16384,2,2,tcp_two_process_loopback; tcp_two_process;,4229288,79080,79080,4229288,4308368,4308368,0,included_in_split_input_bytes,included_in_split_input_bytes,included_in_pprf_bytes,included_in_pprf_bytes,0,32.8702392578125,262.9619140625,97.76100834469108,2.239920081107278
2026-07-23T09:00:37.021931+00:00,b33a10fa7851ba0c3a26bea531ffb004f00d9365,RM_VECTOR,INCLUDING_OT,2305843009213693951,61,64,128,2,14,16384,64,256,8,7,0,OK,measured,PASS,tcp-loopback,0,2,0,1,0,58.021,76.07,0,0,included_in_expand_p0,included_in_expand_p1,included_in_expand_p0,included_in_expand_p1,included_in_expand_p0,included_in_expand_p1,126.447,3.27,129.717,3.27,3.032,140.39300000000003,2,128,256,64,16384,2,2,tcp_two_process_loopback; tcp_two_process;,4229288,79080,79080,4229288,4308368,4308368,0,included_in_split_input_bytes,included_in_split_input_bytes,included_in_pprf_bytes,included_in_pprf_bytes,0,32.8702392578125,262.9619140625,97.76100834469108,2.239920081107278
2026-07-23T09:00:37.520016+00:00,b33a10fa7851ba0c3a26bea531ffb004f00d9365,RM_VECTOR,INCLUDING_OT,2305843009213693951,61,64,128,2,14,16384,64,256,8,8,0,OK,measured,PASS,tcp-loopback,0,2,0,1,0,57.716,76.085,0,0,included_in_expand_p0,included_in_expand_p1,included_in_expand_p0,included_in_expand_p1,included_in_expand_p0,included_in_expand_p1,126.253,3.269,129.522,3.269,3.016,140.08599999999998,2,128,256,64,16384,2,2,tcp_two_process_loopback; tcp_two_process;,4229288,79080,79080,4229288,4308368,4308368,0,included_in_split_input_bytes,included_in_split_input_bytes,included_in_pprf_bytes,included_in_pprf_bytes,0,32.8702392578125,262.9619140625,97.76100834469108,2.239920081107278
2026-07-23T09:00:38.017087+00:00,b33a10fa7851ba0c3a26bea531ffb004f00d9365,RM_VECTOR,INCLUDING_OT,2305843009213693951,61,64,128,2,14,16384,64,256,8,9,0,OK,measured,PASS,tcp-loopback,0,2,0,1,0,57.647999999999996,75.867,0,0,included_in_expand_p0,included_in_expand_p1,included_in_expand_p0,included_in_expand_p1,included_in_expand_p0,included_in_expand_p1,126.09100000000001,3.3040000000000003,129.394,3.3040000000000003,3.0309999999999997,139.85,2,128,256,64,16384,2,2,tcp_two_process_loopback; tcp_two_process;,4229288,79080,79080,4229288,4308368,4308368,0,included_in_split_input_bytes,included_in_split_input_bytes,included_in_pprf_bytes,included_in_pprf_bytes,0,32.8702392578125,262.9619140625,97.76100834469108,2.239920081107278
2026-07-23T09:00:38.515281+00:00,b33a10fa7851ba0c3a26bea531ffb004f00d9365,RM_COORD,INCLUDING_OT,2305843009213693951,61,64,128,2,14,16384,64,256,8,-1,1,OK,measured,PASS,tcp-loopback,0,2,0,1,0,57.910000000000004,494.031,0,0,included_in_expand_p0,included_in_expand_p1,included_in_expand_p0,included_in_expand_p1,included_in_expand_p0,included_in_expand_p1,544.6370000000001,3.72,548.1669999999999,3.5309999999999997,3.72,559.192,16,128,256,64,16384,16,16,tcp_two_process_loopback; tcp_two_process;,4473000,281240,281240,4473000,4754240,4754240,0,included_in_split_input_bytes,included_in_split_input_bytes,included_in_pprf_bytes,included_in_pprf_bytes,0,36.27197265625,290.17578125,88.59258262098675,11.40825873325705
2026-07-23T09:00:39.432325+00:00,b33a10fa7851ba0c3a26bea531ffb004f00d9365,RM_COORD,INCLUDING_OT,2305843009213693951,61,64,128,2,14,16384,64,256,8,0,0,OK,measured,PASS,tcp-loopback,0,2,0,1,0,58.032000000000004,493.528,0,0,included_in_expand_p0,included_in_expand_p1,included_in_expand_p0,included_in_expand_p1,included_in_expand_p0,included_in_expand_p1,544.138,3.7230000000000003,547.618,3.48,3.7230000000000003,558.763,16,128,256,64,16384,16,16,tcp_two_process_loopback; tcp_two_process;,4473000,281240,281240,4473000,4754240,4754240,0,included_in_split_input_bytes,included_in_split_input_bytes,included_in_pprf_bytes,included_in_pprf_bytes,0,36.27197265625,290.17578125,88.59258262098675,11.40825873325705
2026-07-23T09:00:40.350044+00:00,b33a10fa7851ba0c3a26bea531ffb004f00d9365,RM_COORD,INCLUDING_OT,2305843009213693951,61,64,128,2,14,16384,64,256,8,1,0,OK,measured,PASS,tcp-loopback,0,2,0,1,0,57.965999999999994,494.437,0,0,included_in_expand_p0,included_in_expand_p1,included_in_expand_p0,included_in_expand_p1,included_in_expand_p0,included_in_expand_p1,545.154,3.755,548.751,3.597,3.755,559.755,16,128,256,64,16384,16,16,tcp_two_process_loopback; tcp_two_process;,4473000,281240,281240,4473000,4754240,4754240,0,included_in_split_input_bytes,included_in_split_input_bytes,included_in_pprf_bytes,included_in_pprf_bytes,0,36.27197265625,290.17578125,88.59258262098675,11.40825873325705
2026-07-23T09:00:41.268027+00:00,b33a10fa7851ba0c3a26bea531ffb004f00d9365,RM_COORD,INCLUDING_OT,2305843009213693951,61,64,128,2,14,16384,64,256,8,2,0,OK,measured,PASS,tcp-loopback,0,2,0,1,0,58.118,495.28299999999996,0,0,included_in_expand_p0,included_in_expand_p1,included_in_expand_p0,included_in_expand_p1,included_in_expand_p0,included_in_expand_p1,546.0310000000001,3.722,549.603,3.572,3.722,560.6949999999999,16,128,256,64,16384,16,16,tcp_two_process_loopback; tcp_two_process;,4473000,281240,281240,4473000,4754240,4754240,0,included_in_split_input_bytes,included_in_split_input_bytes,included_in_pprf_bytes,included_in_pprf_bytes,0,36.27197265625,290.17578125,88.59258262098675,11.40825873325705
2026-07-23T09:00:42.187012+00:00,b33a10fa7851ba0c3a26bea531ffb004f00d9365,RM_COORD,INCLUDING_OT,2305843009213693951,61,64,128,2,14,16384,64,256,8,3,0,OK,measured,PASS,tcp-loopback,0,2,0,1,0,58.446999999999996,496.798,0,0,included_in_expand_p0,included_in_expand_p1,included_in_expand_p0,included_in_expand_p1,included_in_expand_p0,included_in_expand_p1,547.678,3.758,551.219,3.541,3.758,562.5440000000001,16,128,256,64,16384,16,16,tcp_two_process_loopback; tcp_two_process;,4473000,281240,281240,4473000,4754240,4754240,0,included_in_split_input_bytes,included_in_split_input_bytes,included_in_pprf_bytes,included_in_pprf_bytes,0,36.27197265625,290.17578125,88.59258262098675,11.40825873325705
2026-07-23T09:00:43.107630+00:00,b33a10fa7851ba0c3a26bea531ffb004f00d9365,RM_COORD,INCLUDING_OT,2305843009213693951,61,64,128,2,14,16384,64,256,8,4,0,OK,measured,PASS,tcp-loopback,0,2,0,1,0,58.519,495.627,0,0,included_in_expand_p0,included_in_expand_p1,included_in_expand_p0,included_in_expand_p1,included_in_expand_p0,included_in_expand_p1,546.45,3.813,550.027,3.577,3.813,561.536,16,128,256,64,16384,16,16,tcp_two_process_loopback; tcp_two_process;,4473000,281240,281240,4473000,4754240,4754240,0,included_in_split_input_bytes,included_in_split_input_bytes,included_in_pprf_bytes,included_in_pprf_bytes,0,36.27197265625,290.17578125,88.59258262098675,11.40825873325705
2026-07-23T09:00:44.026927+00:00,b33a10fa7851ba0c3a26bea531ffb004f00d9365,RM_COORD,INCLUDING_OT,2305843009213693951,61,64,128,2,14,16384,64,256,8,5,0,OK,measured,PASS,tcp-loopback,0,2,0,1,0,58.083000000000006,493.99,0,0,included_in_expand_p0,included_in_expand_p1,included_in_expand_p0,included_in_expand_p1,included_in_expand_p0,included_in_expand_p1,544.74,3.705,548.4019999999999,3.662,3.705,559.44,16,128,256,64,16384,16,16,tcp_two_process_loopback; tcp_two_process;,4473000,281240,281240,4473000,4754240,4754240,0,included_in_split_input_bytes,included_in_split_input_bytes,included_in_pprf_bytes,included_in_pprf_bytes,0,36.27197265625,290.17578125,88.59258262098675,11.40825873325705
2026-07-23T09:00:44.944500+00:00,b33a10fa7851ba0c3a26bea531ffb004f00d9365,RM_COORD,INCLUDING_OT,2305843009213693951,61,64,128,2,14,16384,64,256,8,6,0,OK,measured,PASS,tcp-loopback,0,2,0,1,0,58.014,495.14200000000005,0,0,included_in_expand_p0,included_in_expand_p1,included_in_expand_p0,included_in_expand_p1,included_in_expand_p0,included_in_expand_p1,545.778,3.813,549.308,3.5300000000000002,3.813,560.499,16,128,256,64,16384,16,16,tcp_two_process_loopback; tcp_two_process;,4473000,281240,281240,4473000,4754240,4754240,0,included_in_split_input_bytes,included_in_split_input_bytes,included_in_pprf_bytes,included_in_pprf_bytes,0,36.27197265625,290.17578125,88.59258262098675,11.40825873325705
2026-07-23T09:00:45.862832+00:00,b33a10fa7851ba0c3a26bea531ffb004f00d9365,RM_COORD,INCLUDING_OT,2305843009213693951,61,64,128,2,14,16384,64,256,8,7,0,OK,measured,PASS,tcp-loopback,0,2,0,1,0,57.83,495.61899999999997,0,0,included_in_expand_p0,included_in_expand_p1,included_in_expand_p0,included_in_expand_p1,included_in_expand_p0,included_in_expand_p1,546.176,3.738,549.746,3.57,3.738,560.7570000000001,16,128,256,64,16384,16,16,tcp_two_process_loopback; tcp_two_process;,4473000,281240,281240,4473000,4754240,4754240,0,included_in_split_input_bytes,included_in_split_input_bytes,included_in_pprf_bytes,included_in_pprf_bytes,0,36.27197265625,290.17578125,88.59258262098675,11.40825873325705
2026-07-23T09:00:46.781977+00:00,b33a10fa7851ba0c3a26bea531ffb004f00d9365,RM_COORD,INCLUDING_OT,2305843009213693951,61,64,128,2,14,16384,64,256,8,8,0,OK,measured,PASS,tcp-loopback,0,2,0,1,0,58.173,494.656,0,0,included_in_expand_p0,included_in_expand_p1,included_in_expand_p0,included_in_expand_p1,included_in_expand_p0,included_in_expand_p1,545.403,3.856,548.9699999999999,3.5669999999999997,3.856,560.252,16,128,256,64,16384,16,16,tcp_two_process_loopback; tcp_two_process;,4473000,281240,281240,4473000,4754240,4754240,0,included_in_split_input_bytes,included_in_split_input_bytes,included_in_pprf_bytes,included_in_pprf_bytes,0,36.27197265625,290.17578125,88.59258262098675,11.40825873325705
2026-07-23T09:00:47.701552+00:00,b33a10fa7851ba0c3a26bea531ffb004f00d9365,RM_COORD,INCLUDING_OT,2305843009213693951,61,64,128,2,14,16384,64,256,8,9,0,OK,measured,PASS,tcp-loopback,0,2,0,1,0,58.269,494.055,0,0,included_in_expand_p0,included_in_expand_p1,included_in_expand_p0,included_in_expand_p1,included_in_expand_p0,included_in_expand_p1,544.8340000000001,3.7230000000000003,548.329,3.4949999999999997,3.7230000000000003,559.5419999999999,16,128,256,64,16384,16,16,tcp_two_process_loopback; tcp_two_process;,4473000,281240,281240,4473000,4754240,4754240,0,included_in_split_input_bytes,included_in_split_input_bytes,included_in_pprf_bytes,included_in_pprf_bytes,0,36.27197265625,290.17578125,88.59258262098675,11.40825873325705
2026-07-23T09:00:48.620397+00:00,b33a10fa7851ba0c3a26bea531ffb004f00d9365,RM_VECTOR,INCLUDING_OT,2305843009213693951,61,64,128,2,14,16384,64,256,16,-1,1,OK,measured,PASS,tcp-loopback,0,2,0,1,0,165.96,110.51700000000001,0,0,included_in_expand_p0,included_in_expand_p1,included_in_expand_p0,included_in_expand_p1,included_in_expand_p0,included_in_expand_p1,240.538,6.292,246.82999999999998,6.292,5.948,288.717,2,128,256,64,16384,2,2,tcp_two_process_loopback; tcp_two_process;,16812264,129256,129256,16812264,16941520,16941520,0,included_in_split_input_bytes,included_in_split_input_bytes,included_in_pprf_bytes,included_in_pprf_bytes,0,64.62677001953125,517.01416015625,99.23718769036073,0.7630484159626764
2026-07-23T09:00:49.245985+00:00,b33a10fa7851ba0c3a26bea531ffb004f00d9365,RM_VECTOR,INCLUDING_OT,2305843009213693951,61,64,128,2,14,16384,64,256,16,0,0,OK,measured,PASS,tcp-loopback,0,2,0,1,0,166.85,111.48700000000001,0,0,included_in_expand_p0,included_in_expand_p1,included_in_expand_p0,included_in_expand_p1,included_in_expand_p0,included_in_expand_p1,242.151,6.309,248.45999999999998,6.309,5.992,290.63800000000003,2,128,256,64,16384,2,2,tcp_two_process_loopback; tcp_two_process;,16812264,129256,129256,16812264,16941520,16941520,0,included_in_split_input_bytes,included_in_split_input_bytes,included_in_pprf_bytes,included_in_pprf_bytes,0,64.62677001953125,517.01416015625,99.23718769036073,0.7630484159626764
2026-07-23T09:00:49.872781+00:00,b33a10fa7851ba0c3a26bea531ffb004f00d9365,RM_VECTOR,INCLUDING_OT,2305843009213693951,61,64,128,2,14,16384,64,256,16,1,0,OK,measured,PASS,tcp-loopback,0,2,0,1,0,165.328,110.474,0,0,included_in_expand_p0,included_in_expand_p1,included_in_expand_p0,included_in_expand_p1,included_in_expand_p0,included_in_expand_p1,240.262,6.305,246.567,6.305,5.976,288.083,2,128,256,64,16384,2,2,tcp_two_process_loopback; tcp_two_process;,16812264,129256,129256,16812264,16941520,16941520,0,included_in_split_input_bytes,included_in_split_input_bytes,included_in_pprf_bytes,included_in_pprf_bytes,0,64.62677001953125,517.01416015625,99.23718769036073,0.7630484159626764
2026-07-23T09:00:50.498963+00:00,b33a10fa7851ba0c3a26bea531ffb004f00d9365,RM_VECTOR,INCLUDING_OT,2305843009213693951,61,64,128,2,14,16384,64,256,16,2,0,OK,measured,PASS,tcp-loopback,0,2,0,1,0,165.458,109.932,0,0,included_in_expand_p0,included_in_expand_p1,included_in_expand_p0,included_in_expand_p1,included_in_expand_p0,included_in_expand_p1,239.945,6.297,246.242,6.297,5.9639999999999995,287.651,2,128,256,64,16384,2,2,tcp_two_process_loopback; tcp_two_process;,16812264,129256,129256,16812264,16941520,16941520,0,included_in_split_input_bytes,included_in_split_input_bytes,included_in_pprf_bytes,included_in_pprf_bytes,0,64.62677001953125,517.01416015625,99.23718769036073,0.7630484159626764
2026-07-23T09:00:51.124274+00:00,b33a10fa7851ba0c3a26bea531ffb004f00d9365,RM_VECTOR,INCLUDING_OT,2305843009213693951,61,64,128,2,14,16384,64,256,16,3,0,OK,measured,PASS,tcp-loopback,0,2,0,1,0,167.64399999999998,115.826,0,0,included_in_expand_p0,included_in_expand_p1,included_in_expand_p0,included_in_expand_p1,included_in_expand_p0,included_in_expand_p1,245.562,6.306,251.868,6.306,6.119000000000001,295.895,2,128,256,64,16384,2,2,tcp_two_process_loopback; tcp_two_process;,16812264,129256,129256,16812264,16941520,16941520,0,included_in_split_input_bytes,included_in_split_input_bytes,included_in_pprf_bytes,included_in_pprf_bytes,0,64.62677001953125,517.01416015625,99.23718769036073,0.7630484159626764
2026-07-23T09:00:51.753863+00:00,b33a10fa7851ba0c3a26bea531ffb004f00d9365,RM_VECTOR,INCLUDING_OT,2305843009213693951,61,64,128,2,14,16384,64,256,16,4,0,OK,measured,PASS,tcp-loopback,0,2,0,1,0,165.536,109.8,0,0,included_in_expand_p0,included_in_expand_p1,included_in_expand_p0,included_in_expand_p1,included_in_expand_p0,included_in_expand_p1,239.898,6.276999999999999,246.175,6.276999999999999,5.976,287.589,2,128,256,64,16384,2,2,tcp_two_process_loopback; tcp_two_process;,16812264,129256,129256,16812264,16941520,16941520,0,included_in_split_input_bytes,included_in_split_input_bytes,included_in_pprf_bytes,included_in_pprf_bytes,0,64.62677001953125,517.01416015625,99.23718769036073,0.7630484159626764
2026-07-23T09:00:52.379676+00:00,b33a10fa7851ba0c3a26bea531ffb004f00d9365,RM_VECTOR,INCLUDING_OT,2305843009213693951,61,64,128,2,14,16384,64,256,16,5,0,OK,measured,PASS,tcp-loopback,0,2,0,1,0,166.627,110.613,0,0,included_in_expand_p0,included_in_expand_p1,included_in_expand_p0,included_in_expand_p1,included_in_expand_p0,included_in_expand_p1,241.063,6.313,247.376,6.313,5.959,289.512,2,128,256,64,16384,2,2,tcp_two_process_loopback; tcp_two_process;,16812264,129256,129256,16812264,16941520,16941520,0,included_in_split_input_bytes,included_in_split_input_bytes,included_in_pprf_bytes,included_in_pprf_bytes,144,64.62677001953125,517.01416015625,99.23610160127309,0.7630484159626764
2026-07-23T09:00:53.006765+00:00,b33a10fa7851ba0c3a26bea531ffb004f00d9365,RM_VECTOR,INCLUDING_OT,2305843009213693951,61,64,128,2,14,16384,64,256,16,6,0,OK,measured,PASS,tcp-loopback,0,2,0,1,0,166.657,110.384,0,0,included_in_expand_p0,included_in_expand_p1,included_in_expand_p0,included_in_expand_p1,included_in_expand_p0,included_in_expand_p1,241.505,6.289000000000001,247.79399999999998,6.289000000000001,5.971,289.301,2,128,256,64,16384,2,2,tcp_two_process_loopback; tcp_two_process;,16812264,129256,129256,16812264,16941520,16941520,0,included_in_split_input_bytes,included_in_split_input_bytes,included_in_pprf_bytes,included_in_pprf_bytes,0,64.62677001953125,517.01416015625,99.23718769036073,0.7630484159626764
2026-07-23T09:00:53.632559+00:00,b33a10fa7851ba0c3a26bea531ffb004f00d9365,RM_VECTOR,INCLUDING_OT,2305843009213693951,61,64,128,2,14,16384,64,256,16,7,0,OK,measured,PASS,tcp-loopback,0,2,0,1,0,166.219,110.842,0,0,included_in_expand_p0,included_in_expand_p1,included_in_expand_p0,included_in_expand_p1,included_in_expand_p0,included_in_expand_p1,241.32700000000003,6.321000000000001,247.648,6.321000000000001,5.97,289.35200000000003,2,128,256,64,16384,2,2,tcp_two_process_loopback; tcp_two_process;,16812264,129256,129256,16812264,16941520,16941520,0,included_in_split_input_bytes,included_in_split_input_bytes,included_in_pprf_bytes,included_in_pprf_bytes,0,64.62677001953125,517.01416015625,99.23718769036073,0.7630484159626764
2026-07-23T09:00:54.259039+00:00,b33a10fa7851ba0c3a26bea531ffb004f00d9365,RM_VECTOR,INCLUDING_OT,2305843009213693951,61,64,128,2,14,16384,64,256,16,8,0,OK,measured,PASS,tcp-loopback,0,2,0,1,0,166.364,110.61699999999999,0,0,included_in_expand_p0,included_in_expand_p1,included_in_expand_p0,included_in_expand_p1,included_in_expand_p0,included_in_expand_p1,241.27100000000002,6.297,247.56900000000002,6.297,5.98,289.25800000000004,2,128,256,64,16384,2,2,tcp_two_process_loopback; tcp_two_process;,16812264,129256,129256,16812264,16941520,16941520,0,included_in_split_input_bytes,included_in_split_input_bytes,included_in_pprf_bytes,included_in_pprf_bytes,0,64.62677001953125,517.01416015625,99.23718769036073,0.7630484159626764
2026-07-23T09:00:54.884756+00:00,b33a10fa7851ba0c3a26bea531ffb004f00d9365,RM_VECTOR,INCLUDING_OT,2305843009213693951,61,64,128,2,14,16384,64,256,16,9,0,OK,measured,PASS,tcp-loopback,0,2,0,1,0,166.50799999999998,110.359,0,0,included_in_expand_p0,included_in_expand_p1,included_in_expand_p0,included_in_expand_p1,included_in_expand_p0,included_in_expand_p1,240.311,6.289000000000001,246.60000000000002,6.289000000000001,5.968,289.12399999999997,2,128,256,64,16384,2,2,tcp_two_process_loopback; tcp_two_process;,16812264,129256,129256,16812264,16941520,16941520,0,included_in_split_input_bytes,included_in_split_input_bytes,included_in_pprf_bytes,included_in_pprf_bytes,144,64.62677001953125,517.01416015625,99.23610160127309,0.7630484159626764
2026-07-23T09:00:55.509190+00:00,b33a10fa7851ba0c3a26bea531ffb004f00d9365,RM_COORD,INCLUDING_OT,2305843009213693951,61,64,128,2,14,16384,64,256,16,-1,1,OK,measured,PASS,tcp-loopback,0,2,0,1,0,166.3,1036.5200000000002,0,0,included_in_expand_p0,included_in_expand_p1,included_in_expand_p0,included_in_expand_p1,included_in_expand_p0,included_in_expand_p1,1166.739,7.332,1173.88,7.142,7.332,1217.2940000000003,32,128,256,64,16384,32,32,tcp_two_process_loopback; tcp_two_process;,17334504,562456,562456,17334504,17896960,17896960,0,included_in_split_input_bytes,included_in_split_input_bytes,included_in_pprf_bytes,included_in_pprf_bytes,0,68.271484375,546.171875,93.93935059362038,6.060872908024603
2026-07-23T09:00:57.062685+00:00,b33a10fa7851ba0c3a26bea531ffb004f00d9365,RM_COORD,INCLUDING_OT,2305843009213693951,61,64,128,2,14,16384,64,256,16,0,0,OK,measured,PASS,tcp-loopback,0,2,0,1,0,166.523,1005.4920000000001,0,0,included_in_expand_p0,included_in_expand_p1,included_in_expand_p0,included_in_expand_p1,included_in_expand_p0,included_in_expand_p1,1135.761,7.378,1142.9199999999998,7.159000000000001,7.378,1186.5520000000001,32,128,256,64,16384,32,32,tcp_two_process_loopback; tcp_two_process;,17334504,562456,562456,17334504,17896960,17896960,0,included_in_split_input_bytes,included_in_split_input_bytes,included_in_pprf_bytes,included_in_pprf_bytes,144,68.271484375,546.171875,93.9383224860535,6.060872908024603
2026-07-23T09:00:58.585318+00:00,b33a10fa7851ba0c3a26bea531ffb004f00d9365,RM_COORD,INCLUDING_OT,2305843009213693951,61,64,128,2,14,16384,64,256,16,1,0,OK,measured,PASS,tcp-loopback,0,2,0,1,0,166.773,1007.6659999999999,0,0,included_in_expand_p0,included_in_expand_p1,included_in_expand_p0,included_in_expand_p1,included_in_expand_p0,included_in_expand_p1,1138.354,7.396,1145.417,7.064,7.396,1188.899,32,128,256,64,16384,32,32,tcp_two_process_loopback; tcp_two_process;,17334504,562456,562456,17334504,17896960,17896960,0,included_in_split_input_bytes,included_in_split_input_bytes,included_in_pprf_bytes,included_in_pprf_bytes,0,68.271484375,546.171875,93.93935059362038,6.060872908024603
2026-07-23T09:01:00.111304+00:00,b33a10fa7851ba0c3a26bea531ffb004f00d9365,RM_COORD,INCLUDING_OT,2305843009213693951,61,64,128,2,14,16384,64,256,16,2,0,OK,measured,PASS,tcp-loopback,0,2,0,1,0,165.386,1005.5400000000001,0,0,included_in_expand_p0,included_in_expand_p1,included_in_expand_p0,included_in_expand_p1,included_in_expand_p0,included_in_expand_p1,1135.736,7.436,1142.96,7.224,7.436,1185.586,32,128,256,64,16384,32,32,tcp_two_process_loopback; tcp_two_process;,17334504,562456,562456,17334504,17896960,17896960,0,included_in_split_input_bytes,included_in_split_input_bytes,included_in_pprf_bytes,included_in_pprf_bytes,0,68.271484375,546.171875,93.93935059362038,6.060872908024603
2026-07-23T09:01:01.633219+00:00,b33a10fa7851ba0c3a26bea531ffb004f00d9365,RM_COORD,INCLUDING_OT,2305843009213693951,61,64,128,2,14,16384,64,256,16,3,0,OK,measured,PASS,tcp-loopback,0,2,0,1,0,165.30800000000002,1004.9650000000001,0,0,included_in_expand_p0,included_in_expand_p1,included_in_expand_p0,included_in_expand_p1,included_in_expand_p0,included_in_expand_p1,1134.745,7.382,1141.983,7.237,7.382,1184.8920000000003,32,128,256,64,16384,32,32,tcp_two_process_loopback; tcp_two_process;,17334504,562456,562456,17334504,17896960,17896960,0,included_in_split_input_bytes,included_in_split_input_bytes,included_in_pprf_bytes,included_in_pprf_bytes,0,68.271484375,546.171875,93.93935059362038,6.060872908024603
2026-07-23T09:01:03.155077+00:00,b33a10fa7851ba0c3a26bea531ffb004f00d9365,RM_COORD,INCLUDING_OT,2305843009213693951,61,64,128,2,14,16384,64,256,16,4,0,OK,measured,PASS,tcp-loopback,0,2,0,1,0,166.582,1006.172,0,0,included_in_expand_p0,included_in_expand_p1,included_in_expand_p0,included_in_expand_p1,included_in_expand_p0,included_in_expand_p1,1136.843,7.311,1144.023,7.18,7.311,1187.245,32,128,256,64,16384,32,32,tcp_two_process_loopback; tcp_two_process;,17334504,562456,562456,17334504,17896960,17896960,0,included_in_split_input_bytes,included_in_split_input_bytes,included_in_pprf_bytes,included_in_pprf_bytes,0,68.271484375,546.171875,93.93935059362038,6.060872908024603
2026-07-23T09:01:04.678268+00:00,b33a10fa7851ba0c3a26bea531ffb004f00d9365,RM_COORD,INCLUDING_OT,2305843009213693951,61,64,128,2,14,16384,64,256,16,5,0,OK,measured,PASS,tcp-loopback,0,2,0,1,0,165.383,1005.735,0,0,included_in_expand_p0,included_in_expand_p1,included_in_expand_p0,included_in_expand_p1,included_in_expand_p0,included_in_expand_p1,1135.674,7.483,1142.644,6.971,7.483,1185.572,32,128,256,64,16384,32,32,tcp_two_process_loopback; tcp_two_process;,17334504,562456,562456,17334504,17896960,17896960,0,included_in_split_input_bytes,included_in_split_input_bytes,included_in_pprf_bytes,included_in_pprf_bytes,0,68.271484375,546.171875,93.93935059362038,6.060872908024603
2026-07-23T09:01:06.200445+00:00,b33a10fa7851ba0c3a26bea531ffb004f00d9365,RM_COORD,INCLUDING_OT,2305843009213693951,61,64,128,2,14,16384,64,256,16,6,0,OK,measured,PASS,tcp-loopback,0,2,0,1,0,165.446,1005.457,0,0,included_in_expand_p0,included_in_expand_p1,included_in_expand_p0,included_in_expand_p1,included_in_expand_p0,included_in_expand_p1,1135.547,7.347,1142.77,7.223,7.347,1185.473,32,128,256,64,16384,32,32,tcp_two_process_loopback; tcp_two_process;,17334504,562456,562456,17334504,17896960,17896960,0,included_in_split_input_bytes,included_in_split_input_bytes,included_in_pprf_bytes,included_in_pprf_bytes,0,68.271484375,546.171875,93.93935059362038,6.060872908024603
2026-07-23T09:01:07.722118+00:00,b33a10fa7851ba0c3a26bea531ffb004f00d9365,RM_COORD,INCLUDING_OT,2305843009213693951,61,64,128,2,14,16384,64,256,16,7,0,OK,measured,PASS,tcp-loopback,0,2,0,1,0,165.956,1008.4,0,0,included_in_expand_p0,included_in_expand_p1,included_in_expand_p0,included_in_expand_p1,included_in_expand_p0,included_in_expand_p1,1138.163,7.547,1145.315,7.152,7.547,1189.055,32,128,256,64,16384,32,32,tcp_two_process_loopback; tcp_two_process;,17334504,562456,562456,17334504,17896960,17896960,0,included_in_split_input_bytes,included_in_split_input_bytes,included_in_pprf_bytes,included_in_pprf_bytes,144,68.271484375,546.171875,93.9383224860535,6.060872908024603
2026-07-23T09:01:09.247686+00:00,b33a10fa7851ba0c3a26bea531ffb004f00d9365,RM_COORD,INCLUDING_OT,2305843009213693951,61,64,128,2,14,16384,64,256,16,8,0,OK,measured,PASS,tcp-loopback,0,2,0,1,0,166.127,1007.0349999999999,0,0,included_in_expand_p0,included_in_expand_p1,included_in_expand_p0,included_in_expand_p1,included_in_expand_p0,included_in_expand_p1,1137.326,7.32,1144.5510000000002,7.224,7.32,1187.7059999999997,32,128,256,64,16384,32,32,tcp_two_process_loopback; tcp_two_process;,17334504,562456,562456,17334504,17896960,17896960,0,included_in_split_input_bytes,included_in_split_input_bytes,included_in_pprf_bytes,included_in_pprf_bytes,0,68.271484375,546.171875,93.93935059362038,6.060872908024603
2026-07-23T09:01:10.771989+00:00,b33a10fa7851ba0c3a26bea531ffb004f00d9365,RM_COORD,INCLUDING_OT,2305843009213693951,61,64,128,2,14,16384,64,256,16,9,0,OK,measured,PASS,tcp-loopback,0,2,0,1,0,165.554,1007.568,0,0,included_in_expand_p0,included_in_expand_p1,included_in_expand_p0,included_in_expand_p1,included_in_expand_p0,included_in_expand_p1,1137.616,7.335,1144.775,7.159000000000001,7.335,1187.6160000000002,32,128,256,64,16384,32,32,tcp_two_process_loopback; tcp_two_process;,17334504,562456,562456,17334504,17896960,17896960,0,included_in_split_input_bytes,included_in_split_input_bytes,included_in_pprf_bytes,included_in_pprf_bytes,0,68.271484375,546.171875,93.93935059362038,6.060872908024603
2026-07-23T09:01:12.297787+00:00,b33a10fa7851ba0c3a26bea531ffb004f00d9365,RM_VECTOR,INCLUDING_OT,2305843009213693951,61,64,128,2,14,16384,64,256,32,-1,1,OK,measured,PASS,tcp-loopback,0,2,0,1,0,418.451,184.802,0,0,included_in_expand_p0,included_in_expand_p1,included_in_expand_p0,included_in_expand_p1,included_in_expand_p0,included_in_expand_p1,494.057,12.488000000000001,506.01700000000005,12.488000000000001,11.96,627.7010000000001,2,128,256,64,16384,2,2,tcp_two_process_loopback; tcp_two_process;,67144040,229608,229608,67144040,67373648,67373648,0,included_in_split_input_bytes,included_in_split_input_bytes,included_in_pprf_bytes,included_in_pprf_bytes,272,128.50503540039062,1028.040283203125,99.71045059041482,0.2891456909087066
2026-07-23T09:01:13.211062+00:00,b33a10fa7851ba0c3a26bea531ffb004f00d9365,RM_VECTOR,INCLUDING_OT,2305843009213693951,61,64,128,2,14,16384,64,256,32,0,0,OK,measured,PASS,tcp-loopback,0,2,0,1,0,419.574,178.865,0,0,included_in_expand_p0,included_in_expand_p1,included_in_expand_p0,included_in_expand_p1,included_in_expand_p0,included_in_expand_p1,495.184,12.382000000000001,507.312,12.382000000000001,12.128,622.9490000000001,2,128,256,64,16384,2,2,tcp_two_process_loopback; tcp_two_process;,67144040,229608,229608,67144040,67373648,67373648,0,included_in_split_input_bytes,included_in_split_input_bytes,included_in_pprf_bytes,included_in_pprf_bytes,272,128.50503540039062,1028.040283203125,99.71045059041482,0.2891456909087066
2026-07-23T09:01:14.121080+00:00,b33a10fa7851ba0c3a26bea531ffb004f00d9365,RM_VECTOR,INCLUDING_OT,2305843009213693951,61,64,128,2,14,16384,64,256,32,1,0,OK,measured,PASS,tcp-loopback,0,2,0,1,0,421.115,176.86599999999999,0,0,included_in_expand_p0,included_in_expand_p1,included_in_expand_p0,included_in_expand_p1,included_in_expand_p0,included_in_expand_p1,496.502,12.417,508.71599999999995,12.417,12.213999999999999,622.6120000000001,2,128,256,64,16384,2,2,tcp_two_process_loopback; tcp_two_process;,67144040,229608,229608,67144040,67373648,67373648,0,included_in_split_input_bytes,included_in_split_input_bytes,included_in_pprf_bytes,included_in_pprf_bytes,272,128.50503540039062,1028.040283203125,99.71045059041482,0.2891456909087066
2026-07-23T09:01:15.033268+00:00,b33a10fa7851ba0c3a26bea531ffb004f00d9365,RM_VECTOR,INCLUDING_OT,2305843009213693951,61,64,128,2,14,16384,64,256,32,2,0,OK,measured,PASS,tcp-loopback,0,2,0,1,0,419.474,178.279,0,0,included_in_expand_p0,included_in_expand_p1,included_in_expand_p0,included_in_expand_p1,included_in_expand_p0,included_in_expand_p1,495.303,12.368,507.467,12.368,12.165000000000001,622.286,2,128,256,64,16384,2,2,tcp_two_process_loopback; tcp_two_process;,67144040,229608,229608,67144040,67373648,67373648,0,included_in_split_input_bytes,included_in_split_input_bytes,included_in_pprf_bytes,included_in_pprf_bytes,272,128.50503540039062,1028.040283203125,99.71045059041482,0.2891456909087066
2026-07-23T09:01:15.941111+00:00,b33a10fa7851ba0c3a26bea531ffb004f00d9365,RM_VECTOR,INCLUDING_OT,2305843009213693951,61,64,128,2,14,16384,64,256,32,3,0,OK,measured,PASS,tcp-loopback,0,2,0,1,0,420.01300000000003,178.417,0,0,included_in_expand_p0,included_in_expand_p1,included_in_expand_p0,included_in_expand_p1,included_in_expand_p0,included_in_expand_p1,496.104,12.359,508.26000000000005,12.359,12.157,622.9460000000001,2,128,256,64,16384,2,2,tcp_two_process_loopback; tcp_two_process;,67144040,229608,229608,67144040,67373648,67373648,0,included_in_split_input_bytes,included_in_split_input_bytes,included_in_pprf_bytes,included_in_pprf_bytes,272,128.50503540039062,1028.040283203125,99.71045059041482,0.2891456909087066
2026-07-23T09:01:16.849044+00:00,b33a10fa7851ba0c3a26bea531ffb004f00d9365,RM_VECTOR,INCLUDING_OT,2305843009213693951,61,64,128,2,14,16384,64,256,32,4,0,OK,measured,PASS,tcp-loopback,0,2,0,1,0,419.885,177.786,0,0,included_in_expand_p0,included_in_expand_p1,included_in_expand_p0,included_in_expand_p1,included_in_expand_p0,included_in_expand_p1,495.584,12.335,507.741,12.335,12.156,622.162,2,128,256,64,16384,2,2,tcp_two_process_loopback; tcp_two_process;,67144040,229608,229608,67144040,67373648,67373648,0,included_in_split_input_bytes,included_in_split_input_bytes,included_in_pprf_bytes,included_in_pprf_bytes,272,128.50503540039062,1028.040283203125,99.71045059041482,0.2891456909087066
2026-07-23T09:01:17.756979+00:00,b33a10fa7851ba0c3a26bea531ffb004f00d9365,RM_VECTOR,INCLUDING_OT,2305843009213693951,61,64,128,2,14,16384,64,256,32,5,0,OK,measured,PASS,tcp-loopback,0,2,0,1,0,419.50100000000003,178.16199999999998,0,0,included_in_expand_p0,included_in_expand_p1,included_in_expand_p0,included_in_expand_p1,included_in_expand_p0,included_in_expand_p1,494.95099999999996,12.33,507.116,12.33,12.165000000000001,622.158,2,128,256,64,16384,2,2,tcp_two_process_loopback; tcp_two_process;,67144040,229608,229608,67144040,67373648,67373648,0,included_in_split_input_bytes,included_in_split_input_bytes,included_in_pprf_bytes,included_in_pprf_bytes,272,128.50503540039062,1028.040283203125,99.71045059041482,0.2891456909087066
2026-07-23T09:01:18.664989+00:00,b33a10fa7851ba0c3a26bea531ffb004f00d9365,RM_VECTOR,INCLUDING_OT,2305843009213693951,61,64,128,2,14,16384,64,256,32,6,0,OK,measured,PASS,tcp-loopback,0,2,0,1,0,421.00100000000003,172.81,0,0,included_in_expand_p0,included_in_expand_p1,included_in_expand_p0,included_in_expand_p1,included_in_expand_p0,included_in_expand_p1,496.436,12.331,508.57399999999996,12.331,12.139000000000001,618.2810000000001,2,128,256,64,16384,2,2,tcp_two_process_loopback; tcp_two_process;,67144040,229608,229608,67144040,67373648,67373648,0,included_in_split_input_bytes,included_in_split_input_bytes,included_in_pprf_bytes,included_in_pprf_bytes,272,128.50503540039062,1028.040283203125,99.71045059041482,0.2891456909087066
2026-07-23T09:01:19.568948+00:00,b33a10fa7851ba0c3a26bea531ffb004f00d9365,RM_VECTOR,INCLUDING_OT,2305843009213693951,61,64,128,2,14,16384,64,256,32,7,0,OK,measured,PASS,tcp-loopback,0,2,0,1,0,420.099,181.808,0,0,included_in_expand_p0,included_in_expand_p1,included_in_expand_p0,included_in_expand_p1,included_in_expand_p0,included_in_expand_p1,495.532,12.42,507.661,12.42,12.129,626.4559999999999,2,128,256,64,16384,2,2,tcp_two_process_loopback; tcp_two_process;,67144040,229608,229608,67144040,67373648,67373648,0,included_in_split_input_bytes,included_in_split_input_bytes,included_in_pprf_bytes,included_in_pprf_bytes,272,128.50503540039062,1028.040283203125,99.71045059041482,0.2891456909087066
2026-07-23T09:01:20.481072+00:00,b33a10fa7851ba0c3a26bea531ffb004f00d9365,RM_VECTOR,INCLUDING_OT,2305843009213693951,61,64,128,2,14,16384,64,256,32,8,0,OK,measured,PASS,tcp-loopback,0,2,0,1,0,421.42,176.52,0,0,included_in_expand_p0,included_in_expand_p1,included_in_expand_p0,included_in_expand_p1,included_in_expand_p0,included_in_expand_p1,496.955,12.35,509.10999999999996,12.35,12.155,622.445,2,128,256,64,16384,2,2,tcp_two_process_loopback; tcp_two_process;,67144040,229608,229608,67144040,67373648,67373648,0,included_in_split_input_bytes,included_in_split_input_bytes,included_in_pprf_bytes,included_in_pprf_bytes,272,128.50503540039062,1028.040283203125,99.71045059041482,0.2891456909087066
2026-07-23T09:01:21.389083+00:00,b33a10fa7851ba0c3a26bea531ffb004f00d9365,RM_VECTOR,INCLUDING_OT,2305843009213693951,61,64,128,2,14,16384,64,256,32,9,0,OK,measured,PASS,tcp-loopback,0,2,0,1,0,420.22900000000004,178.833,0,0,included_in_expand_p0,included_in_expand_p1,included_in_expand_p0,included_in_expand_p1,included_in_expand_p0,included_in_expand_p1,495.935,12.359,508.068,12.359,12.133,623.5540000000001,2,128,256,64,16384,2,2,tcp_two_process_loopback; tcp_two_process;,67144040,229608,229608,67144040,67373648,67373648,0,included_in_split_input_bytes,included_in_split_input_bytes,included_in_pprf_bytes,included_in_pprf_bytes,272,128.50503540039062,1028.040283203125,99.71045059041482,0.2891456909087066
2026-07-23T09:01:22.296992+00:00,b33a10fa7851ba0c3a26bea531ffb004f00d9365,RM_COORD,INCLUDING_OT,2305843009213693951,61,64,128,2,14,16384,64,256,32,-1,1,OK,measured,PASS,tcp-loopback,0,2,0,1,0,418.81800000000004,2030.9370000000001,0,0,included_in_expand_p0,included_in_expand_p1,included_in_expand_p0,included_in_expand_p1,included_in_expand_p0,included_in_expand_p1,2345.967,17.242,2363.209,14.932,17.242,2481.929,64,128,256,64,16384,64,64,tcp_two_process_loopback; tcp_two_process;,68223336,1124888,1124888,68223336,69348224,69348224,0,included_in_split_input_bytes,included_in_split_input_bytes,included_in_pprf_bytes,included_in_pprf_bytes,272,132.271240234375,1058.169921875,96.87136039705933,3.1282473794858827
2026-07-23T09:01:25.059730+00:00,b33a10fa7851ba0c3a26bea531ffb004f00d9365,RM_COORD,INCLUDING_OT,2305843009213693951,61,64,128,2,14,16384,64,256,32,0,0,OK,measured,PASS,tcp-loopback,0,2,0,1,0,419.37600000000003,2038.7300000000002,0,0,included_in_expand_p0,included_in_expand_p1,included_in_expand_p0,included_in_expand_p1,included_in_expand_p0,included_in_expand_p1,2354.037,17.305999999999997,2371.343,14.763,17.305999999999997,2490.175,64,128,256,64,16384,64,64,tcp_two_process_loopback; tcp_two_process;,68223336,1124888,1124888,68223336,69348224,69348224,0,included_in_split_input_bytes,included_in_split_input_bytes,included_in_pprf_bytes,included_in_pprf_bytes,272,132.271240234375,1058.169921875,96.87136039705933,3.1282473794858827
2026-07-23T09:01:27.831565+00:00,b33a10fa7851ba0c3a26bea531ffb004f00d9365,RM_COORD,INCLUDING_OT,2305843009213693951,61,64,128,2,14,16384,64,256,32,1,0,OK,measured,PASS,tcp-loopback,0,2,0,1,0,418.891,2030.7750000000003,0,0,included_in_expand_p0,included_in_expand_p1,included_in_expand_p0,included_in_expand_p1,included_in_expand_p0,included_in_expand_p1,2347.4750000000004,17.172,2364.6470000000004,14.789,17.172,2481.6270000000004,64,128,256,64,16384,64,64,tcp_two_process_loopback; tcp_two_process;,68223336,1124888,1124888,68223336,69348224,69348224,0,included_in_split_input_bytes,included_in_split_input_bytes,included_in_pprf_bytes,included_in_pprf_bytes,272,132.271240234375,1058.169921875,96.87136039705933,3.1282473794858827
2026-07-23T09:01:30.595464+00:00,b33a10fa7851ba0c3a26bea531ffb004f00d9365,RM_COORD,INCLUDING_OT,2305843009213693951,61,64,128,2,14,16384,64,256,32,2,0,OK,measured,PASS,tcp-loopback,0,2,0,1,0,418.781,2031.58,0,0,included_in_expand_p0,included_in_expand_p1,included_in_expand_p0,included_in_expand_p1,included_in_expand_p0,included_in_expand_p1,2349.332,17.230999999999998,2366.563,14.76,17.230999999999998,2482.3520000000003,64,128,256,64,16384,64,64,tcp_two_process_loopback; tcp_two_process;,68223336,1124888,1124888,68223336,69348224,69348224,0,included_in_split_input_bytes,included_in_split_input_bytes,included_in_pprf_bytes,included_in_pprf_bytes,272,132.271240234375,1058.169921875,96.87136039705933,3.1282473794858827
2026-07-23T09:01:33.359517+00:00,b33a10fa7851ba0c3a26bea531ffb004f00d9365,RM_COORD,INCLUDING_OT,2305843009213693951,61,64,128,2,14,16384,64,256,32,3,0,OK,measured,PASS,tcp-loopback,0,2,0,1,0,419.382,2038.3700000000001,0,0,included_in_expand_p0,included_in_expand_p1,included_in_expand_p0,included_in_expand_p1,included_in_expand_p0,included_in_expand_p1,2352.33,17.357999999999997,2369.688,14.641,17.357999999999997,2489.751,64,128,256,64,16384,64,64,tcp_two_process_loopback; tcp_two_process;,68223336,1124888,1124888,68223336,69348224,69348224,0,included_in_split_input_bytes,included_in_split_input_bytes,included_in_pprf_bytes,included_in_pprf_bytes,272,132.271240234375,1058.169921875,96.87136039705933,3.1282473794858827
2026-07-23T09:01:36.131326+00:00,b33a10fa7851ba0c3a26bea531ffb004f00d9365,RM_COORD,INCLUDING_OT,2305843009213693951,61,64,128,2,14,16384,64,256,32,4,0,OK,measured,PASS,tcp-loopback,0,2,0,1,0,420.263,2030.4289999999999,0,0,included_in_expand_p0,included_in_expand_p1,included_in_expand_p0,included_in_expand_p1,included_in_expand_p0,included_in_expand_p1,2347.8940000000002,17.37,2365.2639999999997,14.764,17.37,2482.826,64,128,256,64,16384,64,64,tcp_two_process_loopback; tcp_two_process;,68223336,1124888,1124888,68223336,69348224,69348224,0,included_in_split_input_bytes,included_in_split_input_bytes,included_in_pprf_bytes,included_in_pprf_bytes,0,132.271240234375,1058.169921875,96.87181030043394,3.1282473794858827
2026-07-23T09:01:38.899499+00:00,b33a10fa7851ba0c3a26bea531ffb004f00d9365,RM_COORD,INCLUDING_OT,2305843009213693951,61,64,128,2,14,16384,64,256,32,5,0,OK,measured,PASS,tcp-loopback,0,2,0,1,0,418.97200000000004,2030.725,0,0,included_in_expand_p0,included_in_expand_p1,included_in_expand_p0,included_in_expand_p1,included_in_expand_p0,included_in_expand_p1,2347.9410000000003,17.453,2365.3940000000002,14.804,17.453,2481.954,64,128,256,64,16384,64,64,tcp_two_process_loopback; tcp_two_process;,68223336,1124888,1124888,68223336,69348224,69348224,0,included_in_split_input_bytes,included_in_split_input_bytes,included_in_pprf_bytes,included_in_pprf_bytes,272,132.271240234375,1058.169921875,96.87136039705933,3.1282473794858827
2026-07-23T09:01:41.663818+00:00,b33a10fa7851ba0c3a26bea531ffb004f00d9365,RM_COORD,INCLUDING_OT,2305843009213693951,61,64,128,2,14,16384,64,256,32,6,0,OK,measured,PASS,tcp-loopback,0,2,0,1,0,421.388,2036.8680000000002,0,0,included_in_expand_p0,included_in_expand_p1,included_in_expand_p0,included_in_expand_p1,included_in_expand_p0,included_in_expand_p1,2352.355,17.035,2369.3900000000003,14.594,17.035,2489.885,64,128,256,64,16384,64,64,tcp_two_process_loopback; tcp_two_process;,68223336,1124888,1124888,68223336,69348224,69348224,0,included_in_split_input_bytes,included_in_split_input_bytes,included_in_pprf_bytes,included_in_pprf_bytes,272,132.271240234375,1058.169921875,96.87136039705933,3.1282473794858827
2026-07-23T09:01:44.435264+00:00,b33a10fa7851ba0c3a26bea531ffb004f00d9365,RM_COORD,INCLUDING_OT,2305843009213693951,61,64,128,2,14,16384,64,256,32,7,0,OK,measured,PASS,tcp-loopback,0,2,0,1,0,418.448,2031.3750000000002,0,0,included_in_expand_p0,included_in_expand_p1,included_in_expand_p0,included_in_expand_p1,included_in_expand_p0,included_in_expand_p1,2348.697,17.081,2365.777,14.902999999999999,17.081,2481.8070000000002,64,128,256,64,16384,64,64,tcp_two_process_loopback; tcp_two_process;,68223336,1124888,1124888,68223336,69348224,69348224,0,included_in_split_input_bytes,included_in_split_input_bytes,included_in_pprf_bytes,included_in_pprf_bytes,272,132.271240234375,1058.169921875,96.87136039705933,3.1282473794858827
2026-07-23T09:01:47.195570+00:00,b33a10fa7851ba0c3a26bea531ffb004f00d9365,RM_COORD,INCLUDING_OT,2305843009213693951,61,64,128,2,14,16384,64,256,32,8,0,OK,measured,PASS,tcp-loopback,0,2,0,1,0,420.741,2033.312,0,0,included_in_expand_p0,included_in_expand_p1,included_in_expand_p0,included_in_expand_p1,included_in_expand_p0,included_in_expand_p1,2351.989,17.297,2369.2850000000003,14.806,17.297,2486.156,64,128,256,64,16384,64,64,tcp_two_process_loopback; tcp_two_process;,68223336,1124888,1124888,68223336,69348224,69348224,0,included_in_split_input_bytes,included_in_split_input_bytes,included_in_pprf_bytes,included_in_pprf_bytes,272,132.271240234375,1058.169921875,96.87136039705933,3.1282473794858827
2026-07-23T09:01:49.963552+00:00,b33a10fa7851ba0c3a26bea531ffb004f00d9365,RM_COORD,INCLUDING_OT,2305843009213693951,61,64,128,2,14,16384,64,256,32,9,0,OK,measured,PASS,tcp-loopback,0,2,0,1,0,418.58,2031.2009999999998,0,0,included_in_expand_p0,included_in_expand_p1,included_in_expand_p0,included_in_expand_p1,included_in_expand_p0,included_in_expand_p1,2346.744,17.122999999999998,2363.866,14.731,17.122999999999998,2481.635,64,128,256,64,16384,64,64,tcp_two_process_loopback; tcp_two_process;,68223336,1124888,1124888,68223336,69348224,69348224,0,included_in_split_input_bytes,included_in_split_input_bytes,included_in_pprf_bytes,included_in_pprf_bytes,272,132.271240234375,1058.169921875,96.87136039705933,3.1282473794858827
2026-07-23T09:01:52.727428+00:00,b33a10fa7851ba0c3a26bea531ffb004f00d9365,RM_VECTOR,INCLUDING_OT,2305843009213693951,61,64,128,2,16,65536,64,1024,8,-1,1,OK,measured,PASS,tcp-loopback,0,2,0,1,0,64.422,115.08699999999999,0,0,included_in_expand_p0,included_in_expand_p1,included_in_expand_p0,included_in_expand_p1,included_in_expand_p0,included_in_expand_p1,162.11999999999998,13.988999999999999,176.10899999999998,13.988999999999999,13.169,206.667,2,128,1024,64,65536,2,2,tcp_two_process_loopback; tcp_two_process;,4237992,87272,87272,4237992,4325264,4325264,0,included_in_split_input_bytes,included_in_split_input_bytes,included_in_pprf_bytes,included_in_pprf_bytes,80,8.249786376953125,65.998291015625,97.37634512020539,2.621805281712284
2026-07-23T09:01:53.294435+00:00,b33a10fa7851ba0c3a26bea531ffb004f00d9365,RM_VECTOR,INCLUDING_OT,2305843009213693951,61,64,128,2,16,65536,64,1024,8,0,0,OK,measured,PASS,tcp-loopback,0,2,0,1,0,64.04899999999999,112.02900000000001,0,0,included_in_expand_p0,included_in_expand_p1,included_in_expand_p0,included_in_expand_p1,included_in_expand_p0,included_in_expand_p1,159.167,13.731,172.898,13.731,12.889,202.698,2,128,1024,64,65536,2,2,tcp_two_process_loopback; tcp_two_process;,4237992,87272,87272,4237992,4325264,4325264,0,included_in_split_input_bytes,included_in_split_input_bytes,included_in_pprf_bytes,included_in_pprf_bytes,80,8.249786376953125,65.998291015625,97.37634512020539,2.621805281712284
2026-07-23T09:01:53.858902+00:00,b33a10fa7851ba0c3a26bea531ffb004f00d9365,RM_VECTOR,INCLUDING_OT,2305843009213693951,61,64,128,2,16,65536,64,1024,8,1,0,OK,measured,PASS,tcp-loopback,0,2,0,1,0,61.168,110.9,0,0,included_in_expand_p0,included_in_expand_p1,included_in_expand_p0,included_in_expand_p1,included_in_expand_p0,included_in_expand_p1,158.042,14.423,172.465,14.423,13.575000000000001,200.066,2,128,1024,64,65536,2,2,tcp_two_process_loopback; tcp_two_process;,4237992,87272,87272,4237992,4325264,4325264,0,included_in_split_input_bytes,included_in_split_input_bytes,included_in_pprf_bytes,included_in_pprf_bytes,80,8.249786376953125,65.998291015625,97.37634512020539,2.621805281712284
2026-07-23T09:01:54.423836+00:00,b33a10fa7851ba0c3a26bea531ffb004f00d9365,RM_VECTOR,INCLUDING_OT,2305843009213693951,61,64,128,2,16,65536,64,1024,8,2,0,OK,measured,PASS,tcp-loopback,0,2,0,1,0,62.675999999999995,109.11999999999999,0,0,included_in_expand_p0,included_in_expand_p1,included_in_expand_p0,included_in_expand_p1,included_in_expand_p0,included_in_expand_p1,156.226,13.882,170.108,13.882,12.956999999999999,198.635,2,128,1024,64,65536,2,2,tcp_two_process_loopback; tcp_two_process;,4237992,87272,87272,4237992,4325264,4325264,0,included_in_split_input_bytes,included_in_split_input_bytes,included_in_pprf_bytes,included_in_pprf_bytes,80,8.249786376953125,65.998291015625,97.37634512020539,2.621805281712284
2026-07-23T09:01:54.987140+00:00,b33a10fa7851ba0c3a26bea531ffb004f00d9365,RM_VECTOR,INCLUDING_OT,2305843009213693951,61,64,128,2,16,65536,64,1024,8,3,0,OK,measured,PASS,tcp-loopback,0,2,0,1,0,62.0,106.282,0,0,included_in_expand_p0,included_in_expand_p1,included_in_expand_p0,included_in_expand_p1,included_in_expand_p0,included_in_expand_p1,153.577,13.996,167.574,13.996,12.994,195.272,2,128,1024,64,65536,2,2,tcp_two_process_loopback; tcp_two_process;,4237992,87272,87272,4237992,4325264,4325264,0,included_in_split_input_bytes,included_in_split_input_bytes,included_in_pprf_bytes,included_in_pprf_bytes,80,8.249786376953125,65.998291015625,97.37634512020539,2.621805281712284
2026-07-23T09:01:55.547244+00:00,b33a10fa7851ba0c3a26bea531ffb004f00d9365,RM_VECTOR,INCLUDING_OT,2305843009213693951,61,64,128,2,16,65536,64,1024,8,4,0,OK,measured,PASS,tcp-loopback,0,2,0,1,0,60.824000000000005,107.30099999999999,0,0,included_in_expand_p0,included_in_expand_p1,included_in_expand_p0,included_in_expand_p1,included_in_expand_p0,included_in_expand_p1,154.391,13.96,168.35,13.96,12.975999999999999,195.061,2,128,1024,64,65536,2,2,tcp_two_process_loopback; tcp_two_process;,4237992,87272,87272,4237992,4325264,4325264,0,included_in_split_input_bytes,included_in_split_input_bytes,included_in_pprf_bytes,included_in_pprf_bytes,80,8.249786376953125,65.998291015625,97.37634512020539,2.621805281712284
2026-07-23T09:01:56.107382+00:00,b33a10fa7851ba0c3a26bea531ffb004f00d9365,RM_VECTOR,INCLUDING_OT,2305843009213693951,61,64,128,2,16,65536,64,1024,8,5,0,OK,measured,PASS,tcp-loopback,0,2,0,1,0,57.918,109.985,0,0,included_in_expand_p0,included_in_expand_p1,included_in_expand_p0,included_in_expand_p1,included_in_expand_p0,included_in_expand_p1,160.767,13.868,174.63500000000002,13.868,12.876999999999999,194.648,2,128,1024,64,65536,2,2,tcp_two_process_loopback; tcp_two_process;,4237992,87272,87272,4237992,4325264,4325264,0,included_in_split_input_bytes,included_in_split_input_bytes,included_in_pprf_bytes,included_in_pprf_bytes,80,8.249786376953125,65.998291015625,97.37634512020539,2.621805281712284
2026-07-23T09:01:56.675119+00:00,b33a10fa7851ba0c3a26bea531ffb004f00d9365,RM_VECTOR,INCLUDING_OT,2305843009213693951,61,64,128,2,16,65536,64,1024,8,6,0,OK,measured,PASS,tcp-loopback,0,2,0,1,0,64.539,111.904,0,0,included_in_expand_p0,included_in_expand_p1,included_in_expand_p0,included_in_expand_p1,included_in_expand_p0,included_in_expand_p1,158.92800000000003,13.790999999999999,172.71900000000002,13.790999999999999,13.203,203.43699999999998,2,128,1024,64,65536,2,2,tcp_two_process_loopback; tcp_two_process;,4237992,87272,87272,4237992,4325264,4325264,0,included_in_split_input_bytes,included_in_split_input_bytes,included_in_pprf_bytes,included_in_pprf_bytes,80,8.249786376953125,65.998291015625,97.37634512020539,2.621805281712284
2026-07-23T09:01:57.239018+00:00,b33a10fa7851ba0c3a26bea531ffb004f00d9365,RM_VECTOR,INCLUDING_OT,2305843009213693951,61,64,128,2,16,65536,64,1024,8,7,0,OK,measured,PASS,tcp-loopback,0,2,0,1,0,61.973,109.82300000000001,0,0,included_in_expand_p0,included_in_expand_p1,included_in_expand_p0,included_in_expand_p1,included_in_expand_p0,included_in_expand_p1,157.325,14.024,171.349,14.024,12.997,198.817,2,128,1024,64,65536,2,2,tcp_two_process_loopback; tcp_two_process;,4237992,87272,87272,4237992,4325264,4325264,0,included_in_split_input_bytes,included_in_split_input_bytes,included_in_pprf_bytes,included_in_pprf_bytes,80,8.249786376953125,65.998291015625,97.37634512020539,2.621805281712284
2026-07-23T09:01:57.803441+00:00,b33a10fa7851ba0c3a26bea531ffb004f00d9365,RM_VECTOR,INCLUDING_OT,2305843009213693951,61,64,128,2,16,65536,64,1024,8,8,0,OK,measured,PASS,tcp-loopback,0,2,0,1,0,61.629999999999995,110.491,0,0,included_in_expand_p0,included_in_expand_p1,included_in_expand_p0,included_in_expand_p1,included_in_expand_p0,included_in_expand_p1,157.785,13.853000000000002,171.638,13.853000000000002,13.094,199.06799999999998,2,128,1024,64,65536,2,2,tcp_two_process_loopback; tcp_two_process;,4237992,87272,87272,4237992,4325264,4325264,0,included_in_split_input_bytes,included_in_split_input_bytes,included_in_pprf_bytes,included_in_pprf_bytes,80,8.249786376953125,65.998291015625,97.37634512020539,2.621805281712284
2026-07-23T09:01:58.367136+00:00,b33a10fa7851ba0c3a26bea531ffb004f00d9365,RM_VECTOR,INCLUDING_OT,2305843009213693951,61,64,128,2,16,65536,64,1024,8,9,0,OK,measured,PASS,tcp-loopback,0,2,0,1,0,60.829,107.319,0,0,included_in_expand_p0,included_in_expand_p1,included_in_expand_p0,included_in_expand_p1,included_in_expand_p0,included_in_expand_p1,154.62,14.622,169.243,14.622,12.921999999999999,195.69199999999998,2,128,1024,64,65536,2,2,tcp_two_process_loopback; tcp_two_process;,4237992,87272,87272,4237992,4325264,4325264,0,included_in_split_input_bytes,included_in_split_input_bytes,included_in_pprf_bytes,included_in_pprf_bytes,80,8.249786376953125,65.998291015625,97.37634512020539,2.621805281712284
2026-07-23T09:01:58.927898+00:00,b33a10fa7851ba0c3a26bea531ffb004f00d9365,RM_COORD,INCLUDING_OT,2305843009213693951,61,64,128,2,16,65536,64,1024,8,-1,1,OK,measured,PASS,tcp-loopback,0,2,0,1,0,61.498999999999995,632.088,0,0,included_in_expand_p0,included_in_expand_p1,included_in_expand_p0,included_in_expand_p1,included_in_expand_p0,included_in_expand_p1,679.474,16.351999999999997,695.827,16.351999999999997,15.375,725.314,16,128,1024,64,65536,16,16,tcp_two_process_loopback; tcp_two_process;,4542632,346776,346776,4542632,4889408,4889408,0,included_in_split_input_bytes,included_in_split_input_bytes,included_in_pprf_bytes,included_in_pprf_bytes,80,9.3258056640625,74.6064453125,86.14098066678011,13.857383143317145
2026-07-23T09:02:00.015281+00:00,b33a10fa7851ba0c3a26bea531ffb004f00d9365,RM_COORD,INCLUDING_OT,2305843009213693951,61,64,128,2,16,65536,64,1024,8,0,0,OK,measured,PASS,tcp-loopback,0,2,0,1,0,62.217,630.8000000000001,0,0,included_in_expand_p0,included_in_expand_p1,included_in_expand_p0,included_in_expand_p1,included_in_expand_p0,included_in_expand_p1,678.057,16.224,694.2810000000001,16.224,15.279,724.5200000000001,16,128,1024,64,65536,16,16,tcp_two_process_loopback; tcp_two_process;,4542632,346776,346776,4542632,4889408,4889408,0,included_in_split_input_bytes,included_in_split_input_bytes,included_in_pprf_bytes,included_in_pprf_bytes,80,9.3258056640625,74.6064453125,86.14098066678011,13.857383143317145
2026-07-23T09:02:01.102805+00:00,b33a10fa7851ba0c3a26bea531ffb004f00d9365,RM_COORD,INCLUDING_OT,2305843009213693951,61,64,128,2,16,65536,64,1024,8,1,0,OK,measured,PASS,tcp-loopback,0,2,0,1,0,58.157000000000004,631.1980000000001,0,0,included_in_expand_p0,included_in_expand_p1,included_in_expand_p0,included_in_expand_p1,included_in_expand_p0,included_in_expand_p1,680.827,16.189,697.017,16.189,15.49,721.0340000000001,16,128,1024,64,65536,16,16,tcp_two_process_loopback; tcp_two_process;,4542632,346776,346776,4542632,4889408,4889408,0,included_in_split_input_bytes,included_in_split_input_bytes,included_in_pprf_bytes,included_in_pprf_bytes,80,9.3258056640625,74.6064453125,86.14098066678011,13.857383143317145
2026-07-23T09:02:02.190742+00:00,b33a10fa7851ba0c3a26bea531ffb004f00d9365,RM_COORD,INCLUDING_OT,2305843009213693951,61,64,128,2,16,65536,64,1024,8,2,0,OK,measured,PASS,tcp-loopback,0,2,0,1,0,64.408,633.368,0,0,included_in_expand_p0,included_in_expand_p1,included_in_expand_p0,included_in_expand_p1,included_in_expand_p0,included_in_expand_p1,680.5649999999999,16.143,696.708,16.143,15.206000000000001,729.1250000000001,16,128,1024,64,65536,16,16,tcp_two_process_loopback; tcp_two_process;,4542632,346776,346776,4542632,4889408,4889408,0,included_in_split_input_bytes,included_in_split_input_bytes,included_in_pprf_bytes,included_in_pprf_bytes,80,9.3258056640625,74.6064453125,86.14098066678011,13.857383143317145
2026-07-23T09:02:03.278797+00:00,b33a10fa7851ba0c3a26bea531ffb004f00d9365,RM_COORD,INCLUDING_OT,2305843009213693951,61,64,128,2,16,65536,64,1024,8,3,0,OK,measured,PASS,tcp-loopback,0,2,0,1,0,57.800999999999995,635.2710000000001,0,0,included_in_expand_p0,included_in_expand_p1,included_in_expand_p0,included_in_expand_p1,included_in_expand_p0,included_in_expand_p1,683.596,16.094,699.69,16.094,15.267,724.4330000000002,16,128,1024,64,65536,16,16,tcp_two_process_loopback; tcp_two_process;,4542632,346776,346776,4542632,4889408,4889408,0,included_in_split_input_bytes,included_in_split_input_bytes,included_in_pprf_bytes,included_in_pprf_bytes,80,9.3258056640625,74.6064453125,86.14098066678011,13.857383143317145
2026-07-23T09:02:04.370659+00:00,b33a10fa7851ba0c3a26bea531ffb004f00d9365,RM_COORD,INCLUDING_OT,2305843009213693951,61,64,128,2,16,65536,64,1024,8,4,0,OK,measured,PASS,tcp-loopback,0,2,0,1,0,63.877,629.725,0,0,included_in_expand_p0,included_in_expand_p1,included_in_expand_p0,included_in_expand_p1,included_in_expand_p0,included_in_expand_p1,676.782,16.019,692.801,16.019,15.442,725.063,16,128,1024,64,65536,16,16,tcp_two_process_loopback; tcp_two_process;,4542632,346776,346776,4542632,4889408,4889408,0,included_in_split_input_bytes,included_in_split_input_bytes,included_in_pprf_bytes,included_in_pprf_bytes,80,9.3258056640625,74.6064453125,86.14098066678011,13.857383143317145
2026-07-23T09:02:05.455957+00:00,b33a10fa7851ba0c3a26bea531ffb004f00d9365,RM_COORD,INCLUDING_OT,2305843009213693951,61,64,128,2,16,65536,64,1024,8,5,0,OK,measured,PASS,tcp-loopback,0,2,0,1,0,62.019,635.382,0,0,included_in_expand_p0,included_in_expand_p1,included_in_expand_p0,included_in_expand_p1,included_in_expand_p0,included_in_expand_p1,682.566,16.209,698.7750000000001,16.209,15.453,729.0629999999999,16,128,1024,64,65536,16,16,tcp_two_process_loopback; tcp_two_process;,4542632,346776,346776,4542632,4889408,4889408,0,included_in_split_input_bytes,included_in_split_input_bytes,included_in_pprf_bytes,included_in_pprf_bytes,80,9.3258056640625,74.6064453125,86.14098066678011,13.857383143317145
2026-07-23T09:02:06.546935+00:00,b33a10fa7851ba0c3a26bea531ffb004f00d9365,RM_COORD,INCLUDING_OT,2305843009213693951,61,64,128,2,16,65536,64,1024,8,6,0,OK,measured,PASS,tcp-loopback,0,2,0,1,0,61.636,631.2769999999999,0,0,included_in_expand_p0,included_in_expand_p1,included_in_expand_p0,included_in_expand_p1,included_in_expand_p0,included_in_expand_p1,678.4350000000001,16.357,694.7919999999999,16.357,15.401,724.6709999999998,16,128,1024,64,65536,16,16,tcp_two_process_loopback; tcp_two_process;,4542632,346776,346776,4542632,4889408,4889408,0,included_in_split_input_bytes,included_in_split_input_bytes,included_in_pprf_bytes,included_in_pprf_bytes,80,9.3258056640625,74.6064453125,86.14098066678011,13.857383143317145
2026-07-23T09:02:07.635030+00:00,b33a10fa7851ba0c3a26bea531ffb004f00d9365,RM_COORD,INCLUDING_OT,2305843009213693951,61,64,128,2,16,65536,64,1024,8,7,0,OK,measured,PASS,tcp-loopback,0,2,0,1,0,62.118,634.8000000000001,0,0,included_in_expand_p0,included_in_expand_p1,included_in_expand_p0,included_in_expand_p1,included_in_expand_p0,included_in_expand_p1,682.06,16.208,698.268,16.208,15.331,728.4570000000001,16,128,1024,64,65536,16,16,tcp_two_process_loopback; tcp_two_process;,4542632,346776,346776,4542632,4889408,4889408,0,included_in_split_input_bytes,included_in_split_input_bytes,included_in_pprf_bytes,included_in_pprf_bytes,80,9.3258056640625,74.6064453125,86.14098066678011,13.857383143317145
2026-07-23T09:02:08.726943+00:00,b33a10fa7851ba0c3a26bea531ffb004f00d9365,RM_COORD,INCLUDING_OT,2305843009213693951,61,64,128,2,16,65536,64,1024,8,8,0,OK,measured,PASS,tcp-loopback,0,2,0,1,0,61.475,635.5269999999999,0,0,included_in_expand_p0,included_in_expand_p1,included_in_expand_p0,included_in_expand_p1,included_in_expand_p0,included_in_expand_p1,682.747,16.236,698.9830000000001,16.236,15.357000000000001,728.5949999999999,16,128,1024,64,65536,16,16,tcp_two_process_loopback; tcp_two_process;,4542632,346776,346776,4542632,4889408,4889408,0,included_in_split_input_bytes,included_in_split_input_bytes,included_in_pprf_bytes,included_in_pprf_bytes,80,9.3258056640625,74.6064453125,86.14098066678011,13.857383143317145
2026-07-23T09:02:09.819059+00:00,b33a10fa7851ba0c3a26bea531ffb004f00d9365,RM_COORD,INCLUDING_OT,2305843009213693951,61,64,128,2,16,65536,64,1024,8,9,0,OK,measured,PASS,tcp-loopback,0,2,0,1,0,60.736,632.454,0,0,included_in_expand_p0,included_in_expand_p1,included_in_expand_p0,included_in_expand_p1,included_in_expand_p0,included_in_expand_p1,679.557,15.953999999999999,695.511,15.953999999999999,15.28,724.4239999999999,16,128,1024,64,65536,16,16,tcp_two_process_loopback; tcp_two_process;,4542632,346776,346776,4542632,4889408,4889408,0,included_in_split_input_bytes,included_in_split_input_bytes,included_in_pprf_bytes,included_in_pprf_bytes,80,9.3258056640625,74.6064453125,86.14098066678011,13.857383143317145
2026-07-23T09:02:10.906675+00:00,b33a10fa7851ba0c3a26bea531ffb004f00d9365,RM_VECTOR,INCLUDING_OT,2305843009213693951,61,64,128,2,16,65536,64,1024,16,-1,1,OK,measured,PASS,tcp-loopback,0,2,0,1,0,170.839,150.345,0,0,included_in_expand_p0,included_in_expand_p1,included_in_expand_p0,included_in_expand_p1,included_in_expand_p0,included_in_expand_p1,275.099,26.749,301.849,26.749,26.549,374.48199999999997,2,128,1024,64,65536,2,2,tcp_two_process_loopback; tcp_two_process;,16820968,137448,137448,16820968,16958416,16958416,0,included_in_split_input_bytes,included_in_split_input_bytes,included_in_pprf_bytes,included_in_pprf_bytes,144,16.172805786132812,129.3824462890625,99.13723074136169,0.8619201227284435
2026-07-23T09:02:11.623441+00:00,b33a10fa7851ba0c3a26bea531ffb004f00d9365,RM_VECTOR,INCLUDING_OT,2305843009213693951,61,64,128,2,16,65536,64,1024,16,0,0,OK,measured,PASS,tcp-loopback,0,2,0,1,0,172.995,151.745,0,0,included_in_expand_p0,included_in_expand_p1,included_in_expand_p0,included_in_expand_p1,included_in_expand_p0,included_in_expand_p1,277.034,26.669,303.703,26.669,25.756,377.16499999999996,2,128,1024,64,65536,2,2,tcp_two_process_loopback; tcp_two_process;,16820968,137448,137448,16820968,16958416,16958416,0,included_in_split_input_bytes,included_in_split_input_bytes,included_in_pprf_bytes,included_in_pprf_bytes,144,16.172805786132812,129.3824462890625,99.13723074136169,0.8619201227284435
2026-07-23T09:02:12.343113+00:00,b33a10fa7851ba0c3a26bea531ffb004f00d9365,RM_VECTOR,INCLUDING_OT,2305843009213693951,61,64,128,2,16,65536,64,1024,16,1,0,OK,measured,PASS,tcp-loopback,0,2,0,1,0,172.08,152.786,0,0,included_in_expand_p0,included_in_expand_p1,included_in_expand_p0,included_in_expand_p1,included_in_expand_p0,included_in_expand_p1,277.412,26.955,304.36600000000004,26.955,25.761,377.582,2,128,1024,64,65536,2,2,tcp_two_process_loopback; tcp_two_process;,16820968,137448,137448,16820968,16958416,16958416,0,included_in_split_input_bytes,included_in_split_input_bytes,included_in_pprf_bytes,included_in_pprf_bytes,144,16.172805786132812,129.3824462890625,99.13723074136169,0.8619201227284435
2026-07-23T09:02:13.064067+00:00,b33a10fa7851ba0c3a26bea531ffb004f00d9365,RM_VECTOR,INCLUDING_OT,2305843009213693951,61,64,128,2,16,65536,64,1024,16,2,0,OK,measured,PASS,tcp-loopback,0,2,0,1,0,172.75199999999998,151.797,0,0,included_in_expand_p0,included_in_expand_p1,included_in_expand_p0,included_in_expand_p1,included_in_expand_p0,included_in_expand_p1,277.571,26.689999999999998,304.261,26.689999999999998,25.775,377.01399999999995,2,128,1024,64,65536,2,2,tcp_two_process_loopback; tcp_two_process;,16820968,137448,137448,16820968,16958416,16958416,0,included_in_split_input_bytes,included_in_split_input_bytes,included_in_pprf_bytes,included_in_pprf_bytes,144,16.172805786132812,129.3824462890625,99.13723074136169,0.8619201227284435
2026-07-23T09:02:13.783093+00:00,b33a10fa7851ba0c3a26bea531ffb004f00d9365,RM_VECTOR,INCLUDING_OT,2305843009213693951,61,64,128,2,16,65536,64,1024,16,3,0,OK,measured,PASS,tcp-loopback,0,2,0,1,0,170.815,146.132,0,0,included_in_expand_p0,included_in_expand_p1,included_in_expand_p0,included_in_expand_p1,included_in_expand_p0,included_in_expand_p1,272.57,26.610000000000003,298.207,26.610000000000003,25.637,369.194,2,128,1024,64,65536,2,2,tcp_two_process_loopback; tcp_two_process;,16820968,137448,137448,16820968,16958416,16958416,0,included_in_split_input_bytes,included_in_split_input_bytes,included_in_pprf_bytes,included_in_pprf_bytes,144,16.172805786132812,129.3824462890625,99.13723074136169,0.8619201227284435
2026-07-23T09:02:14.495395+00:00,b33a10fa7851ba0c3a26bea531ffb004f00d9365,RM_VECTOR,INCLUDING_OT,2305843009213693951,61,64,128,2,16,65536,64,1024,16,4,0,OK,measured,PASS,tcp-loopback,0,2,0,1,0,171.73,149.31900000000002,0,0,included_in_expand_p0,included_in_expand_p1,included_in_expand_p0,included_in_expand_p1,included_in_expand_p0,included_in_expand_p1,274.032,26.895,300.927,26.895,26.018,373.962,2,128,1024,64,65536,2,2,tcp_two_process_loopback; tcp_two_process;,16820968,137448,137448,16820968,16958416,16958416,0,included_in_split_input_bytes,included_in_split_input_bytes,included_in_pprf_bytes,included_in_pprf_bytes,144,16.172805786132812,129.3824462890625,99.13723074136169,0.8619201227284435
2026-07-23T09:02:15.211663+00:00,b33a10fa7851ba0c3a26bea531ffb004f00d9365,RM_VECTOR,INCLUDING_OT,2305843009213693951,61,64,128,2,16,65536,64,1024,16,5,0,OK,measured,PASS,tcp-loopback,0,2,0,1,0,168.076,149.19,0,0,included_in_expand_p0,included_in_expand_p1,included_in_expand_p0,included_in_expand_p1,included_in_expand_p0,included_in_expand_p1,277.855,26.671,304.526,26.671,25.657,369.59399999999994,2,128,1024,64,65536,2,2,tcp_two_process_loopback; tcp_two_process;,16820968,137448,137448,16820968,16958416,16958416,0,included_in_split_input_bytes,included_in_split_input_bytes,included_in_pprf_bytes,included_in_pprf_bytes,144,16.172805786132812,129.3824462890625,99.13723074136169,0.8619201227284435
2026-07-23T09:02:15.931073+00:00,b33a10fa7851ba0c3a26bea531ffb004f00d9365,RM_VECTOR,INCLUDING_OT,2305843009213693951,61,64,128,2,16,65536,64,1024,16,6,0,OK,measured,PASS,tcp-loopback,0,2,0,1,0,171.769,149.406,0,0,included_in_expand_p0,included_in_expand_p1,included_in_expand_p0,included_in_expand_p1,included_in_expand_p0,included_in_expand_p1,274.413,26.792,301.205,26.792,25.675,373.642,2,128,1024,64,65536,2,2,tcp_two_process_loopback; tcp_two_process;,16820968,137448,137448,16820968,16958416,16958416,0,included_in_split_input_bytes,included_in_split_input_bytes,included_in_pprf_bytes,included_in_pprf_bytes,144,16.172805786132812,129.3824462890625,99.13723074136169,0.8619201227284435
2026-07-23T09:02:16.647242+00:00,b33a10fa7851ba0c3a26bea531ffb004f00d9365,RM_VECTOR,INCLUDING_OT,2305843009213693951,61,64,128,2,16,65536,64,1024,16,7,0,OK,measured,PASS,tcp-loopback,0,2,0,1,0,172.37800000000001,152.386,0,0,included_in_expand_p0,included_in_expand_p1,included_in_expand_p0,included_in_expand_p1,included_in_expand_p0,included_in_expand_p1,278.00399999999996,26.761,304.765,26.761,25.881,377.40600000000006,2,128,1024,64,65536,2,2,tcp_two_process_loopback; tcp_two_process;,16820968,137448,137448,16820968,16958416,16958416,0,included_in_split_input_bytes,included_in_split_input_bytes,included_in_pprf_bytes,included_in_pprf_bytes,144,16.172805786132812,129.3824462890625,99.13723074136169,0.8619201227284435
2026-07-23T09:02:17.367277+00:00,b33a10fa7851ba0c3a26bea531ffb004f00d9365,RM_VECTOR,INCLUDING_OT,2305843009213693951,61,64,128,2,16,65536,64,1024,16,8,0,OK,measured,PASS,tcp-loopback,0,2,0,1,0,171.557,149.317,0,0,included_in_expand_p0,included_in_expand_p1,included_in_expand_p0,included_in_expand_p1,included_in_expand_p0,included_in_expand_p1,273.453,26.671,300.124,26.671,25.7,373.245,2,128,1024,64,65536,2,2,tcp_two_process_loopback; tcp_two_process;,16820968,137448,137448,16820968,16958416,16958416,0,included_in_split_input_bytes,included_in_split_input_bytes,included_in_pprf_bytes,included_in_pprf_bytes,144,16.172805786132812,129.3824462890625,99.13723074136169,0.8619201227284435
2026-07-23T09:02:18.083099+00:00,b33a10fa7851ba0c3a26bea531ffb004f00d9365,RM_VECTOR,INCLUDING_OT,2305843009213693951,61,64,128,2,16,65536,64,1024,16,9,0,OK,measured,PASS,tcp-loopback,0,2,0,1,0,170.41400000000002,150.26500000000001,0,0,included_in_expand_p0,included_in_expand_p1,included_in_expand_p0,included_in_expand_p1,included_in_expand_p0,included_in_expand_p1,274.297,26.789,301.086,26.789,25.756,373.22400000000005,2,128,1024,64,65536,2,2,tcp_two_process_loopback; tcp_two_process;,16820968,137448,137448,16820968,16958416,16958416,0,included_in_split_input_bytes,included_in_split_input_bytes,included_in_pprf_bytes,included_in_pprf_bytes,144,16.172805786132812,129.3824462890625,99.13723074136169,0.8619201227284435
2026-07-23T09:02:18.799843+00:00,b33a10fa7851ba0c3a26bea531ffb004f00d9365,RM_COORD,INCLUDING_OT,2305843009213693951,61,64,128,2,16,65536,64,1024,16,-1,1,OK,measured,PASS,tcp-loopback,0,2,0,1,0,172.713,1276.4489999999998,0,0,included_in_expand_p0,included_in_expand_p1,included_in_expand_p0,included_in_expand_p1,included_in_expand_p0,included_in_expand_p1,1401.361,31.066,1432.427,31.066,30.523000000000003,1510.7509999999997,32,128,1024,64,65536,32,32,tcp_two_process_loopback; tcp_two_process;,17473768,693528,693528,17473768,18167296,18167296,0,included_in_split_input_bytes,included_in_split_input_bytes,included_in_pprf_bytes,included_in_pprf_bytes,144,17.32568359375,138.60546875,92.54048593692754,7.458721429980554
2026-07-23T09:02:20.644142+00:00,b33a10fa7851ba0c3a26bea531ffb004f00d9365,RM_COORD,INCLUDING_OT,2305843009213693951,61,64,128,2,16,65536,64,1024,16,0,0,OK,measured,PASS,tcp-loopback,0,2,0,1,0,171.96900000000002,1273.3319999999999,0,0,included_in_expand_p0,included_in_expand_p1,included_in_expand_p0,included_in_expand_p1,included_in_expand_p0,included_in_expand_p1,1397.268,31.931,1429.199,31.931,30.699,1507.931,32,128,1024,64,65536,32,32,tcp_two_process_loopback; tcp_two_process;,17473768,693528,693528,17473768,18167296,18167296,0,included_in_split_input_bytes,included_in_split_input_bytes,included_in_pprf_bytes,included_in_pprf_bytes,144,17.32568359375,138.60546875,92.54048593692754,7.458721429980554
2026-07-23T09:02:22.484958+00:00,b33a10fa7851ba0c3a26bea531ffb004f00d9365,RM_COORD,INCLUDING_OT,2305843009213693951,61,64,128,2,16,65536,64,1024,16,1,0,OK,measured,PASS,tcp-loopback,0,2,0,1,0,173.30100000000002,1271.414,0,0,included_in_expand_p0,included_in_expand_p1,included_in_expand_p0,included_in_expand_p1,included_in_expand_p0,included_in_expand_p1,1396.9389999999999,31.164,1427.645,31.164,30.349999999999998,1506.2289999999998,32,128,1024,64,65536,32,32,tcp_two_process_loopback; tcp_two_process;,17473768,693528,693528,17473768,18167296,18167296,0,included_in_split_input_bytes,included_in_split_input_bytes,included_in_pprf_bytes,included_in_pprf_bytes,144,17.32568359375,138.60546875,92.54048593692754,7.458721429980554
2026-07-23T09:02:24.323906+00:00,b33a10fa7851ba0c3a26bea531ffb004f00d9365,RM_COORD,INCLUDING_OT,2305843009213693951,61,64,128,2,16,65536,64,1024,16,2,0,OK,measured,PASS,tcp-loopback,0,2,0,1,0,169.434,1275.535,0,0,included_in_expand_p0,included_in_expand_p1,included_in_expand_p0,included_in_expand_p1,included_in_expand_p0,included_in_expand_p1,1399.37,31.033,1430.403,31.033,30.411,1506.413,32,128,1024,64,65536,32,32,tcp_two_process_loopback; tcp_two_process;,17473768,693528,693528,17473768,18167296,18167296,0,included_in_split_input_bytes,included_in_split_input_bytes,included_in_pprf_bytes,included_in_pprf_bytes,144,17.32568359375,138.60546875,92.54048593692754,7.458721429980554
2026-07-23T09:02:26.163759+00:00,b33a10fa7851ba0c3a26bea531ffb004f00d9365,RM_COORD,INCLUDING_OT,2305843009213693951,61,64,128,2,16,65536,64,1024,16,3,0,OK,measured,PASS,tcp-loopback,0,2,0,1,0,171.785,1277.418,0,0,included_in_expand_p0,included_in_expand_p1,included_in_expand_p0,included_in_expand_p1,included_in_expand_p0,included_in_expand_p1,1402.066,30.983,1433.049,30.983,30.523999999999997,1510.7099999999998,32,128,1024,64,65536,32,32,tcp_two_process_loopback; tcp_two_process;,17473768,693528,693528,17473768,18167296,18167296,0,included_in_split_input_bytes,included_in_split_input_bytes,included_in_pprf_bytes,included_in_pprf_bytes,144,17.32568359375,138.60546875,92.54048593692754,7.458721429980554
2026-07-23T09:02:28.007759+00:00,b33a10fa7851ba0c3a26bea531ffb004f00d9365,RM_COORD,INCLUDING_OT,2305843009213693951,61,64,128,2,16,65536,64,1024,16,4,0,OK,measured,PASS,tcp-loopback,0,2,0,1,0,171.977,1269.0790000000002,0,0,included_in_expand_p0,included_in_expand_p1,included_in_expand_p0,included_in_expand_p1,included_in_expand_p0,included_in_expand_p1,1396.517,31.069,1426.922,31.069,30.406,1502.5310000000002,32,128,1024,64,65536,32,32,tcp_two_process_loopback; tcp_two_process;,17473768,693528,693528,17473768,18167296,18167296,0,included_in_split_input_bytes,included_in_split_input_bytes,included_in_pprf_bytes,included_in_pprf_bytes,144,17.32568359375,138.60546875,92.54048593692754,7.458721429980554
2026-07-23T09:02:29.843795+00:00,b33a10fa7851ba0c3a26bea531ffb004f00d9365,RM_COORD,INCLUDING_OT,2305843009213693951,61,64,128,2,16,65536,64,1024,16,5,0,OK,measured,PASS,tcp-loopback,0,2,0,1,0,171.816,1269.154,0,0,included_in_expand_p0,included_in_expand_p1,included_in_expand_p0,included_in_expand_p1,included_in_expand_p0,included_in_expand_p1,1396.356,31.171,1426.8529999999998,31.171,30.497,1502.6380000000001,32,128,1024,64,65536,32,32,tcp_two_process_loopback; tcp_two_process;,17473768,693528,693528,17473768,18167296,18167296,0,included_in_split_input_bytes,included_in_split_input_bytes,included_in_pprf_bytes,included_in_pprf_bytes,144,17.32568359375,138.60546875,92.54048593692754,7.458721429980554
2026-07-23T09:02:31.680243+00:00,b33a10fa7851ba0c3a26bea531ffb004f00d9365,RM_COORD,INCLUDING_OT,2305843009213693951,61,64,128,2,16,65536,64,1024,16,6,0,OK,measured,PASS,tcp-loopback,0,2,0,1,0,172.321,1272.335,0,0,included_in_expand_p0,included_in_expand_p1,included_in_expand_p0,included_in_expand_p1,included_in_expand_p0,included_in_expand_p1,1397.904,31.465,1428.507,31.465,30.603,1506.724,32,128,1024,64,65536,32,32,tcp_two_process_loopback; tcp_two_process;,17473768,693528,693528,17473768,18167296,18167296,0,included_in_split_input_bytes,included_in_split_input_bytes,included_in_pprf_bytes,included_in_pprf_bytes,144,17.32568359375,138.60546875,92.54048593692754,7.458721429980554
2026-07-23T09:02:33.520319+00:00,b33a10fa7851ba0c3a26bea531ffb004f00d9365,RM_COORD,INCLUDING_OT,2305843009213693951,61,64,128,2,16,65536,64,1024,16,7,0,OK,measured,PASS,tcp-loopback,0,2,0,1,0,172.611,1275.5590000000002,0,0,included_in_expand_p0,included_in_expand_p1,included_in_expand_p0,included_in_expand_p1,included_in_expand_p0,included_in_expand_p1,1399.932,31.128,1431.06,31.128,30.657,1509.955,32,128,1024,64,65536,32,32,tcp_two_process_loopback; tcp_two_process;,17473768,693528,693528,17473768,18167296,18167296,0,included_in_split_input_bytes,included_in_split_input_bytes,included_in_pprf_bytes,included_in_pprf_bytes,144,17.32568359375,138.60546875,92.54048593692754,7.458721429980554
2026-07-23T09:02:35.363928+00:00,b33a10fa7851ba0c3a26bea531ffb004f00d9365,RM_COORD,INCLUDING_OT,2305843009213693951,61,64,128,2,16,65536,64,1024,16,8,0,OK,measured,PASS,tcp-loopback,0,2,0,1,0,170.463,1274.508,0,0,included_in_expand_p0,included_in_expand_p1,included_in_expand_p0,included_in_expand_p1,included_in_expand_p0,included_in_expand_p1,1398.5369999999998,31.051,1429.5880000000002,31.051,30.462,1506.484,32,128,1024,64,65536,32,32,tcp_two_process_loopback; tcp_two_process;,17473768,693528,693528,17473768,18167296,18167296,0,included_in_split_input_bytes,included_in_split_input_bytes,included_in_pprf_bytes,included_in_pprf_bytes,144,17.32568359375,138.60546875,92.54048593692754,7.458721429980554
2026-07-23T09:02:37.203770+00:00,b33a10fa7851ba0c3a26bea531ffb004f00d9365,RM_COORD,INCLUDING_OT,2305843009213693951,61,64,128,2,16,65536,64,1024,16,9,0,OK,measured,PASS,tcp-loopback,0,2,0,1,0,170.806,1274.414,0,0,included_in_expand_p0,included_in_expand_p1,included_in_expand_p0,included_in_expand_p1,included_in_expand_p0,included_in_expand_p1,1398.536,31.067,1429.603,31.067,30.375,1506.662,32,128,1024,64,65536,32,32,tcp_two_process_loopback; tcp_two_process;,17473768,693528,693528,17473768,18167296,18167296,0,included_in_split_input_bytes,included_in_split_input_bytes,included_in_pprf_bytes,included_in_pprf_bytes,144,17.32568359375,138.60546875,92.54048593692754,7.458721429980554
2026-07-23T09:02:39.043829+00:00,b33a10fa7851ba0c3a26bea531ffb004f00d9365,RM_VECTOR,INCLUDING_OT,2305843009213693951,61,64,128,2,16,65536,64,1024,32,-1,1,OK,measured,PASS,tcp-loopback,0,2,0,1,0,424.605,233.55100000000002,0,0,included_in_expand_p0,included_in_expand_p1,included_in_expand_p0,included_in_expand_p1,included_in_expand_p0,included_in_expand_p1,553.845,52.738,605.835,52.738,51.991,762.885,2,128,1024,64,65536,2,2,tcp_two_process_loopback; tcp_two_process;,67152744,237800,237800,67152744,67390544,67390544,0,included_in_split_input_bytes,included_in_split_input_bytes,included_in_pprf_bytes,included_in_pprf_bytes,272,32.134315490722656,257.07452392578125,99.6854514188222,0.31414496372072614
2026-07-23T09:02:40.096426+00:00,b33a10fa7851ba0c3a26bea531ffb004f00d9365,RM_VECTOR,INCLUDING_OT,2305843009213693951,61,64,128,2,16,65536,64,1024,32,0,0,OK,measured,PASS,tcp-loopback,0,2,0,1,0,424.70799999999997,232.858,0,0,included_in_expand_p0,included_in_expand_p1,included_in_expand_p0,included_in_expand_p1,included_in_expand_p0,included_in_expand_p1,553.732,52.839999999999996,605.692,52.839999999999996,51.958999999999996,762.365,2,128,1024,64,65536,2,2,tcp_two_process_loopback; tcp_two_process;,67152744,237800,237800,67152744,67390544,67390544,0,included_in_split_input_bytes,included_in_split_input_bytes,included_in_pprf_bytes,included_in_pprf_bytes,272,32.134315490722656,257.07452392578125,99.6854514188222,0.31414496372072614
2026-07-23T09:02:41.148416+00:00,b33a10fa7851ba0c3a26bea531ffb004f00d9365,RM_VECTOR,INCLUDING_OT,2305843009213693951,61,64,128,2,16,65536,64,1024,32,1,0,OK,measured,PASS,tcp-loopback,0,2,0,1,0,420.427,229.814,0,0,included_in_expand_p0,included_in_expand_p1,included_in_expand_p0,included_in_expand_p1,included_in_expand_p0,included_in_expand_p1,546.809,53.063,599.191,53.063,52.382,755.6859999999999,2,128,1024,64,65536,2,2,tcp_two_process_loopback; tcp_two_process;,67152744,237800,237800,67152744,67390544,67390544,0,included_in_split_input_bytes,included_in_split_input_bytes,included_in_pprf_bytes,included_in_pprf_bytes,272,32.134315490722656,257.07452392578125,99.6854514188222,0.31414496372072614
2026-07-23T09:02:42.196626+00:00,b33a10fa7851ba0c3a26bea531ffb004f00d9365,RM_VECTOR,INCLUDING_OT,2305843009213693951,61,64,128,2,16,65536,64,1024,32,2,0,OK,measured,PASS,tcp-loopback,0,2,0,1,0,426.418,232.23,0,0,included_in_expand_p0,included_in_expand_p1,included_in_expand_p0,included_in_expand_p1,included_in_expand_p0,included_in_expand_p1,555.212,53.662,607.842,53.662,52.63,764.94,2,128,1024,64,65536,2,2,tcp_two_process_loopback; tcp_two_process;,67152744,237800,237800,67152744,67390544,67390544,0,included_in_split_input_bytes,included_in_split_input_bytes,included_in_pprf_bytes,included_in_pprf_bytes,272,32.134315490722656,257.07452392578125,99.6854514188222,0.31414496372072614
2026-07-23T09:02:43.249699+00:00,b33a10fa7851ba0c3a26bea531ffb004f00d9365,RM_VECTOR,INCLUDING_OT,2305843009213693951,61,64,128,2,16,65536,64,1024,32,3,0,OK,measured,PASS,tcp-loopback,0,2,0,1,0,428.318,230.13500000000002,0,0,included_in_expand_p0,included_in_expand_p1,included_in_expand_p0,included_in_expand_p1,included_in_expand_p0,included_in_expand_p1,554.387,52.975,606.4699999999999,52.975,52.083,763.511,2,128,1024,64,65536,2,2,tcp_two_process_loopback; tcp_two_process;,67152744,237800,237800,67152744,67390544,67390544,0,included_in_split_input_bytes,included_in_split_input_bytes,included_in_pprf_bytes,included_in_pprf_bytes,272,32.134315490722656,257.07452392578125,99.6854514188222,0.31414496372072614
2026-07-23T09:02:44.300624+00:00,b33a10fa7851ba0c3a26bea531ffb004f00d9365,RM_VECTOR,INCLUDING_OT,2305843009213693951,61,64,128,2,16,65536,64,1024,32,4,0,OK,measured,PASS,tcp-loopback,0,2,0,1,0,425.008,237.4,0,0,included_in_expand_p0,included_in_expand_p1,included_in_expand_p0,included_in_expand_p1,included_in_expand_p0,included_in_expand_p1,558.698,53.384,611.125,53.384,52.427,768.219,2,128,1024,64,65536,2,2,tcp_two_process_loopback; tcp_two_process;,67152744,237800,237800,67152744,67390544,67390544,0,included_in_split_input_bytes,included_in_split_input_bytes,included_in_pprf_bytes,included_in_pprf_bytes,272,32.134315490722656,257.07452392578125,99.6854514188222,0.31414496372072614
2026-07-23T09:02:45.357174+00:00,b33a10fa7851ba0c3a26bea531ffb004f00d9365,RM_VECTOR,INCLUDING_OT,2305843009213693951,61,64,128,2,16,65536,64,1024,32,5,0,OK,measured,PASS,tcp-loopback,0,2,0,1,0,420.237,230.214,0,0,included_in_expand_p0,included_in_expand_p1,included_in_expand_p0,included_in_expand_p1,included_in_expand_p0,included_in_expand_p1,546.2869999999999,53.448,598.622,53.448,52.335,756.234,2,128,1024,64,65536,2,2,tcp_two_process_loopback; tcp_two_process;,67152744,237800,237800,67152744,67390544,67390544,0,included_in_split_input_bytes,included_in_split_input_bytes,included_in_pprf_bytes,included_in_pprf_bytes,272,32.134315490722656,257.07452392578125,99.6854514188222,0.31414496372072614
2026-07-23T09:02:46.409228+00:00,b33a10fa7851ba0c3a26bea531ffb004f00d9365,RM_VECTOR,INCLUDING_OT,2305843009213693951,61,64,128,2,16,65536,64,1024,32,6,0,OK,measured,PASS,tcp-loopback,0,2,0,1,0,424.438,233.435,0,0,included_in_expand_p0,included_in_expand_p1,included_in_expand_p0,included_in_expand_p1,included_in_expand_p0,included_in_expand_p1,554.292,53.149,606.6049999999999,53.149,52.312999999999995,763.335,2,128,1024,64,65536,2,2,tcp_two_process_loopback; tcp_two_process;,67152744,237800,237800,67152744,67390544,67390544,0,included_in_split_input_bytes,included_in_split_input_bytes,included_in_pprf_bytes,included_in_pprf_bytes,272,32.134315490722656,257.07452392578125,99.6854514188222,0.31414496372072614
2026-07-23T09:02:47.460872+00:00,b33a10fa7851ba0c3a26bea531ffb004f00d9365,RM_VECTOR,INCLUDING_OT,2305843009213693951,61,64,128,2,16,65536,64,1024,32,7,0,OK,measured,PASS,tcp-loopback,0,2,0,1,0,425.679,232.187,0,0,included_in_expand_p0,included_in_expand_p1,included_in_expand_p0,included_in_expand_p1,included_in_expand_p0,included_in_expand_p1,554.168,52.92,606.2220000000001,52.92,52.054,762.8399999999999,2,128,1024,64,65536,2,2,tcp_two_process_loopback; tcp_two_process;,67152744,237800,237800,67152744,67390544,67390544,0,included_in_split_input_bytes,included_in_split_input_bytes,included_in_pprf_bytes,included_in_pprf_bytes,272,32.134315490722656,257.07452392578125,99.6854514188222,0.31414496372072614
2026-07-23T09:02:48.512620+00:00,b33a10fa7851ba0c3a26bea531ffb004f00d9365,RM_VECTOR,INCLUDING_OT,2305843009213693951,61,64,128,2,16,65536,64,1024,32,8,0,OK,measured,PASS,tcp-loopback,0,2,0,1,0,422.871,231.54,0,0,included_in_expand_p0,included_in_expand_p1,included_in_expand_p0,included_in_expand_p1,included_in_expand_p0,included_in_expand_p1,553.145,52.951,605.413,52.951,52.268,759.63,2,128,1024,64,65536,2,2,tcp_two_process_loopback; tcp_two_process;,67152744,237800,237800,67152744,67390544,67390544,0,included_in_split_input_bytes,included_in_split_input_bytes,included_in_pprf_bytes,included_in_pprf_bytes,272,32.134315490722656,257.07452392578125,99.6854514188222,0.31414496372072614
2026-07-23T09:02:49.560830+00:00,b33a10fa7851ba0c3a26bea531ffb004f00d9365,RM_VECTOR,INCLUDING_OT,2305843009213693951,61,64,128,2,16,65536,64,1024,32,9,0,OK,measured,PASS,tcp-loopback,0,2,0,1,0,424.524,229.853,0,0,included_in_expand_p0,included_in_expand_p1,included_in_expand_p0,included_in_expand_p1,included_in_expand_p0,included_in_expand_p1,550.924,52.913000000000004,602.9369999999999,52.913000000000004,52.013999999999996,759.304,2,128,1024,64,65536,2,2,tcp_two_process_loopback; tcp_two_process;,67152744,237800,237800,67152744,67390544,67390544,0,included_in_split_input_bytes,included_in_split_input_bytes,included_in_pprf_bytes,included_in_pprf_bytes,272,32.134315490722656,257.07452392578125,99.6854514188222,0.31414496372072614
2026-07-23T09:02:50.608989+00:00,b33a10fa7851ba0c3a26bea531ffb004f00d9365,RM_COORD,INCLUDING_OT,2305843009213693951,61,64,128,2,16,65536,64,1024,32,-1,1,OK,measured,PASS,tcp-loopback,0,2,0,1,0,425.80600000000004,2562.176,0,0,included_in_expand_p0,included_in_expand_p1,included_in_expand_p0,included_in_expand_p1,included_in_expand_p0,included_in_expand_p1,2883.683,71.51100000000001,2952.2819999999997,71.51100000000001,68.59899999999999,3128.092,64,128,1024,64,65536,64,64,tcp_two_process_loopback; tcp_two_process;,68501864,1387032,1387032,68501864,69888896,69888896,0,included_in_split_input_bytes,included_in_split_input_bytes,included_in_pprf_bytes,included_in_pprf_bytes,272,33.32562255859375,266.60498046875,96.12194761239324,3.877663198457163
2026-07-23T09:02:54.006556+00:00,b33a10fa7851ba0c3a26bea531ffb004f00d9365,RM_COORD,INCLUDING_OT,2305843009213693951,61,64,128,2,16,65536,64,1024,32,0,0,OK,measured,PASS,tcp-loopback,0,2,0,1,0,425.664,2558.84,0,0,included_in_expand_p0,included_in_expand_p1,included_in_expand_p0,included_in_expand_p1,included_in_expand_p0,included_in_expand_p1,2878.311,72.213,2947.572,72.213,69.26100000000001,3125.978,64,128,1024,64,65536,64,64,tcp_two_process_loopback; tcp_two_process;,68501864,1387032,1387032,68501864,69888896,69888896,0,included_in_split_input_bytes,included_in_split_input_bytes,included_in_pprf_bytes,included_in_pprf_bytes,272,33.32562255859375,266.60498046875,96.12194761239324,3.877663198457163
2026-07-23T09:02:57.399234+00:00,b33a10fa7851ba0c3a26bea531ffb004f00d9365,RM_COORD,INCLUDING_OT,2305843009213693951,61,64,128,2,16,65536,64,1024,32,1,0,OK,measured,PASS,tcp-loopback,0,2,0,1,0,427.25800000000004,2561.407,0,0,included_in_expand_p0,included_in_expand_p1,included_in_expand_p0,included_in_expand_p1,included_in_expand_p0,included_in_expand_p1,2882.904,71.87100000000001,2952.556,71.87100000000001,69.652,3130.188,64,128,1024,64,65536,64,64,tcp_two_process_loopback; tcp_two_process;,68501864,1387032,1387032,68501864,69888896,69888896,0,included_in_split_input_bytes,included_in_split_input_bytes,included_in_pprf_bytes,included_in_pprf_bytes,272,33.32562255859375,266.60498046875,96.12194761239324,3.877663198457163
2026-07-23T09:03:00.795005+00:00,b33a10fa7851ba0c3a26bea531ffb004f00d9365,RM_COORD,INCLUDING_OT,2305843009213693951,61,64,128,2,16,65536,64,1024,32,2,0,OK,measured,PASS,tcp-loopback,0,2,0,1,0,421.78700000000003,2558.363,0,0,included_in_expand_p0,included_in_expand_p1,included_in_expand_p0,included_in_expand_p1,included_in_expand_p0,included_in_expand_p1,2880.217,71.23400000000001,2949.201,71.23400000000001,68.98400000000001,3120.3679999999995,64,128,1024,64,65536,64,64,tcp_two_process_loopback; tcp_two_process;,68501864,1387032,1387032,68501864,69888896,69888896,0,included_in_split_input_bytes,included_in_split_input_bytes,included_in_pprf_bytes,included_in_pprf_bytes,272,33.32562255859375,266.60498046875,96.12194761239324,3.877663198457163
2026-07-23T09:03:04.186264+00:00,b33a10fa7851ba0c3a26bea531ffb004f00d9365,RM_COORD,INCLUDING_OT,2305843009213693951,61,64,128,2,16,65536,64,1024,32,3,0,OK,measured,PASS,tcp-loopback,0,2,0,1,0,422.85299999999995,2556.508,0,0,included_in_expand_p0,included_in_expand_p1,included_in_expand_p0,included_in_expand_p1,included_in_expand_p0,included_in_expand_p1,2878.347,71.665,2947.327,71.665,68.98,3120.006,64,128,1024,64,65536,64,64,tcp_two_process_loopback; tcp_two_process;,68501864,1387032,1387032,68501864,69888896,69888896,0,included_in_split_input_bytes,included_in_split_input_bytes,included_in_pprf_bytes,included_in_pprf_bytes,272,33.32562255859375,266.60498046875,96.12194761239324,3.877663198457163
2026-07-23T09:03:07.582983+00:00,b33a10fa7851ba0c3a26bea531ffb004f00d9365,RM_COORD,INCLUDING_OT,2305843009213693951,61,64,128,2,16,65536,64,1024,32,4,0,OK,measured,PASS,tcp-loopback,0,2,0,1,0,426.22900000000004,2562.045,0,0,included_in_expand_p0,included_in_expand_p1,included_in_expand_p0,included_in_expand_p1,included_in_expand_p0,included_in_expand_p1,2884.014,71.795,2952.847,71.795,68.834,3128.9030000000002,64,128,1024,64,65536,64,64,tcp_two_process_loopback; tcp_two_process;,68501864,1387032,1387032,68501864,69888896,69888896,0,included_in_split_input_bytes,included_in_split_input_bytes,included_in_pprf_bytes,included_in_pprf_bytes,272,33.32562255859375,266.60498046875,96.12194761239324,3.877663198457163
2026-07-23T09:03:10.983121+00:00,b33a10fa7851ba0c3a26bea531ffb004f00d9365,RM_COORD,INCLUDING_OT,2305843009213693951,61,64,128,2,16,65536,64,1024,32,5,0,OK,measured,PASS,tcp-loopback,0,2,0,1,0,425.014,2563.074,0,0,included_in_expand_p0,included_in_expand_p1,included_in_expand_p0,included_in_expand_p1,included_in_expand_p0,included_in_expand_p1,2881.323,71.42800000000001,2949.859,71.42800000000001,68.536,3128.052,64,128,1024,64,65536,64,64,tcp_two_process_loopback; tcp_two_process;,68501864,1387032,1387032,68501864,69888896,69888896,0,included_in_split_input_bytes,included_in_split_input_bytes,included_in_pprf_bytes,included_in_pprf_bytes,272,33.32562255859375,266.60498046875,96.12194761239324,3.877663198457163
2026-07-23T09:03:14.382859+00:00,b33a10fa7851ba0c3a26bea531ffb004f00d9365,RM_COORD,INCLUDING_OT,2305843009213693951,61,64,128,2,16,65536,64,1024,32,6,0,OK,measured,PASS,tcp-loopback,0,2,0,1,0,424.841,2559.7219999999998,0,0,included_in_expand_p0,included_in_expand_p1,included_in_expand_p0,included_in_expand_p1,included_in_expand_p0,included_in_expand_p1,2877.98,71.73,2946.817,71.73,68.83699999999999,3125.1299999999997,64,128,1024,64,65536,64,64,tcp_two_process_loopback; tcp_two_process;,68501864,1387032,1387032,68501864,69888896,69888896,0,included_in_split_input_bytes,included_in_split_input_bytes,included_in_pprf_bytes,included_in_pprf_bytes,272,33.32562255859375,266.60498046875,96.12194761239324,3.877663198457163
2026-07-23T09:03:17.778790+00:00,b33a10fa7851ba0c3a26bea531ffb004f00d9365,RM_COORD,INCLUDING_OT,2305843009213693951,61,64,128,2,16,65536,64,1024,32,7,0,OK,measured,PASS,tcp-loopback,0,2,0,1,0,426.00300000000004,2558.164,0,0,included_in_expand_p0,included_in_expand_p1,included_in_expand_p0,included_in_expand_p1,included_in_expand_p0,included_in_expand_p1,2878.1,71.30300000000001,2946.565,71.30300000000001,68.466,3123.936,64,128,1024,64,65536,64,64,tcp_two_process_loopback; tcp_two_process;,68501864,1387032,1387032,68501864,69888896,69888896,0,included_in_split_input_bytes,included_in_split_input_bytes,included_in_pprf_bytes,included_in_pprf_bytes,272,33.32562255859375,266.60498046875,96.12194761239324,3.877663198457163
2026-07-23T09:03:21.170359+00:00,b33a10fa7851ba0c3a26bea531ffb004f00d9365,RM_COORD,INCLUDING_OT,2305843009213693951,61,64,128,2,16,65536,64,1024,32,8,0,OK,measured,PASS,tcp-loopback,0,2,0,1,0,422.515,2560.8650000000002,0,0,included_in_expand_p0,included_in_expand_p1,included_in_expand_p0,included_in_expand_p1,included_in_expand_p0,included_in_expand_p1,2878.3059999999996,71.73599999999999,2947.107,71.73599999999999,68.801,3123.917,64,128,1024,64,65536,64,64,tcp_two_process_loopback; tcp_two_process;,68501864,1387032,1387032,68501864,69888896,69888896,0,included_in_split_input_bytes,included_in_split_input_bytes,included_in_pprf_bytes,included_in_pprf_bytes,272,33.32562255859375,266.60498046875,96.12194761239324,3.877663198457163
2026-07-23T09:03:24.566867+00:00,b33a10fa7851ba0c3a26bea531ffb004f00d9365,RM_COORD,INCLUDING_OT,2305843009213693951,61,64,128,2,16,65536,64,1024,32,9,0,OK,measured,PASS,tcp-loopback,0,2,0,1,0,421.566,2558.4500000000003,0,0,included_in_expand_p0,included_in_expand_p1,included_in_expand_p0,included_in_expand_p1,included_in_expand_p0,included_in_expand_p1,2876.81,71.79599999999999,2945.472,71.79599999999999,68.662,3120.4739999999997,64,128,1024,64,65536,64,64,tcp_two_process_loopback; tcp_two_process;,68501864,1387032,1387032,68501864,69888896,69888896,0,included_in_split_input_bytes,included_in_split_input_bytes,included_in_pprf_bytes,included_in_pprf_bytes,272,33.32562255859375,266.60498046875,96.12194761239324,3.877663198457163
2026-07-23T09:03:27.959216+00:00,b33a10fa7851ba0c3a26bea531ffb004f00d9365,RM_VECTOR,INCLUDING_OT,2305843009213693951,61,64,128,2,18,262144,64,4096,8,-1,1,OK,measured,PASS,tcp-loopback,0,2,0,1,0,108.41199999999999,167.928,0,0,included_in_expand_p0,included_in_expand_p1,included_in_expand_p0,included_in_expand_p1,included_in_expand_p0,included_in_expand_p1,254.915,70.45800000000001,320.184,70.45800000000001,65.26899999999999,412.067,2,128,4096,64,262144,2,2,tcp_two_process_loopback; tcp_two_process;,4246696,95464,95464,4246696,4342160,4342160,0,included_in_split_input_bytes,included_in_split_input_bytes,included_in_pprf_bytes,included_in_pprf_bytes,80,2.0705032348632812,16.56402587890625,96.99743906258637,3.000718536396632
2026-07-23T09:03:28.726779+00:00,b33a10fa7851ba0c3a26bea531ffb004f00d9365,RM_VECTOR,INCLUDING_OT,2305843009213693951,61,64,128,2,18,262144,64,4096,8,0,0,OK,measured,PASS,tcp-loopback,0,2,0,1,0,107.806,170.05100000000002,0,0,included_in_expand_p0,included_in_expand_p1,included_in_expand_p0,included_in_expand_p1,included_in_expand_p0,included_in_expand_p1,255.431,70.625,320.348,70.625,64.917,413.399,2,128,4096,64,262144,2,2,tcp_two_process_loopback; tcp_two_process;,4246696,95464,95464,4246696,4342160,4342160,0,included_in_split_input_bytes,included_in_split_input_bytes,included_in_pprf_bytes,included_in_pprf_bytes,80,2.0705032348632812,16.56402587890625,96.99743906258637,3.000718536396632
2026-07-23T09:03:29.496669+00:00,b33a10fa7851ba0c3a26bea531ffb004f00d9365,RM_VECTOR,INCLUDING_OT,2305843009213693951,61,64,128,2,18,262144,64,4096,8,1,0,OK,measured,PASS,tcp-loopback,0,2,0,1,0,109.31,164.286,0,0,included_in_expand_p0,included_in_expand_p1,included_in_expand_p0,included_in_expand_p1,included_in_expand_p0,included_in_expand_p1,255.414,71.09100000000001,320.732,71.09100000000001,65.318,410.005,2,128,4096,64,262144,2,2,tcp_two_process_loopback; tcp_two_process;,4246696,95464,95464,4246696,4342160,4342160,0,included_in_split_input_bytes,included_in_split_input_bytes,included_in_pprf_bytes,included_in_pprf_bytes,80,2.0705032348632812,16.56402587890625,96.99743906258637,3.000718536396632
2026-07-23T09:03:30.261250+00:00,b33a10fa7851ba0c3a26bea531ffb004f00d9365,RM_VECTOR,INCLUDING_OT,2305843009213693951,61,64,128,2,18,262144,64,4096,8,2,0,OK,measured,PASS,tcp-loopback,0,2,0,1,0,109.981,166.451,0,0,included_in_expand_p0,included_in_expand_p1,included_in_expand_p0,included_in_expand_p1,included_in_expand_p0,included_in_expand_p1,256.038,70.86,321.85,70.86,65.812,413.10400000000004,2,128,4096,64,262144,2,2,tcp_two_process_loopback; tcp_two_process;,4246696,95464,95464,4246696,4342160,4342160,0,included_in_split_input_bytes,included_in_split_input_bytes,included_in_pprf_bytes,included_in_pprf_bytes,80,2.0705032348632812,16.56402587890625,96.99743906258637,3.000718536396632
2026-07-23T09:03:31.027483+00:00,b33a10fa7851ba0c3a26bea531ffb004f00d9365,RM_VECTOR,INCLUDING_OT,2305843009213693951,61,64,128,2,18,262144,64,4096,8,3,0,OK,measured,PASS,tcp-loopback,0,2,0,1,0,108.601,169.208,0,0,included_in_expand_p0,included_in_expand_p1,included_in_expand_p0,included_in_expand_p1,included_in_expand_p0,included_in_expand_p1,255.129,70.842,320.623,70.842,65.493,414.14399999999995,2,128,4096,64,262144,2,2,tcp_two_process_loopback; tcp_two_process;,4246696,95464,95464,4246696,4342160,4342160,0,included_in_split_input_bytes,included_in_split_input_bytes,included_in_pprf_bytes,included_in_pprf_bytes,80,2.0705032348632812,16.56402587890625,96.99743906258637,3.000718536396632
2026-07-23T09:03:31.797149+00:00,b33a10fa7851ba0c3a26bea531ffb004f00d9365,RM_VECTOR,INCLUDING_OT,2305843009213693951,61,64,128,2,18,262144,64,4096,8,4,0,OK,measured,PASS,tcp-loopback,0,2,0,1,0,110.029,163.88400000000001,0,0,included_in_expand_p0,included_in_expand_p1,included_in_expand_p0,included_in_expand_p1,included_in_expand_p0,included_in_expand_p1,255.438,71.033,320.834,71.033,65.39699999999999,410.343,2,128,4096,64,262144,2,2,tcp_two_process_loopback; tcp_two_process;,4246696,95464,95464,4246696,4342160,4342160,0,included_in_split_input_bytes,included_in_split_input_bytes,included_in_pprf_bytes,included_in_pprf_bytes,80,2.0705032348632812,16.56402587890625,96.99743906258637,3.000718536396632
2026-07-23T09:03:32.561042+00:00,b33a10fa7851ba0c3a26bea531ffb004f00d9365,RM_VECTOR,INCLUDING_OT,2305843009213693951,61,64,128,2,18,262144,64,4096,8,5,0,OK,measured,PASS,tcp-loopback,0,2,0,1,0,109.167,167.464,0,0,included_in_expand_p0,included_in_expand_p1,included_in_expand_p0,included_in_expand_p1,included_in_expand_p0,included_in_expand_p1,255.148,70.487,320.07,70.487,64.922,412.03999999999996,2,128,4096,64,262144,2,2,tcp_two_process_loopback; tcp_two_process;,4246696,95464,95464,4246696,4342160,4342160,0,included_in_split_input_bytes,included_in_split_input_bytes,included_in_pprf_bytes,included_in_pprf_bytes,80,2.0705032348632812,16.56402587890625,96.99743906258637,3.000718536396632
2026-07-23T09:03:33.326737+00:00,b33a10fa7851ba0c3a26bea531ffb004f00d9365,RM_VECTOR,INCLUDING_OT,2305843009213693951,61,64,128,2,18,262144,64,4096,8,6,0,OK,measured,PASS,tcp-loopback,0,2,0,1,0,110.71000000000001,165.751,0,0,included_in_expand_p0,included_in_expand_p1,included_in_expand_p0,included_in_expand_p1,included_in_expand_p0,included_in_expand_p1,255.36599999999999,70.241,320.837,70.241,65.471,412.173,2,128,4096,64,262144,2,2,tcp_two_process_loopback; tcp_two_process;,4246696,95464,95464,4246696,4342160,4342160,0,included_in_split_input_bytes,included_in_split_input_bytes,included_in_pprf_bytes,included_in_pprf_bytes,80,2.0705032348632812,16.56402587890625,96.99743906258637,3.000718536396632
2026-07-23T09:03:34.090516+00:00,b33a10fa7851ba0c3a26bea531ffb004f00d9365,RM_VECTOR,INCLUDING_OT,2305843009213693951,61,64,128,2,18,262144,64,4096,8,7,0,OK,measured,PASS,tcp-loopback,0,2,0,1,0,99.315,170.744,0,0,included_in_expand_p0,included_in_expand_p1,included_in_expand_p0,included_in_expand_p1,included_in_expand_p0,included_in_expand_p1,247.528,70.56700000000001,312.61499999999995,70.56700000000001,65.087,405.71299999999997,2,128,4096,64,262144,2,2,tcp_two_process_loopback; tcp_two_process;,4246696,95464,95464,4246696,4342160,4342160,0,included_in_split_input_bytes,included_in_split_input_bytes,included_in_pprf_bytes,included_in_pprf_bytes,80,2.0705032348632812,16.56402587890625,96.99743906258637,3.000718536396632
2026-07-23T09:03:34.860440+00:00,b33a10fa7851ba0c3a26bea531ffb004f00d9365,RM_VECTOR,INCLUDING_OT,2305843009213693951,61,64,128,2,18,262144,64,4096,8,8,0,OK,measured,PASS,tcp-loopback,0,2,0,1,0,107.361,170.829,0,0,included_in_expand_p0,included_in_expand_p1,included_in_expand_p0,included_in_expand_p1,included_in_expand_p0,included_in_expand_p1,255.726,70.91300000000001,321.47900000000004,70.91300000000001,65.753,414.856,2,128,4096,64,262144,2,2,tcp_two_process_loopback; tcp_two_process;,4246696,95464,95464,4246696,4342160,4342160,0,included_in_split_input_bytes,included_in_split_input_bytes,included_in_pprf_bytes,included_in_pprf_bytes,80,2.0705032348632812,16.56402587890625,96.99743906258637,3.000718536396632
2026-07-23T09:03:35.628832+00:00,b33a10fa7851ba0c3a26bea531ffb004f00d9365,RM_VECTOR,INCLUDING_OT,2305843009213693951,61,64,128,2,18,262144,64,4096,8,9,0,OK,measured,PASS,tcp-loopback,0,2,0,1,0,109.78200000000001,168.233,0,0,included_in_expand_p0,included_in_expand_p1,included_in_expand_p0,included_in_expand_p1,included_in_expand_p0,included_in_expand_p1,255.691,70.833,321.307,70.833,65.616,414.46399999999994,2,128,4096,64,262144,2,2,tcp_two_process_loopback; tcp_two_process;,4246696,95464,95464,4246696,4342160,4342160,0,included_in_split_input_bytes,included_in_split_input_bytes,included_in_pprf_bytes,included_in_pprf_bytes,80,2.0705032348632812,16.56402587890625,96.99743906258637,3.000718536396632
2026-07-23T09:03:36.397047+00:00,b33a10fa7851ba0c3a26bea531ffb004f00d9365,RM_COORD,INCLUDING_OT,2305843009213693951,61,64,128,2,18,262144,64,4096,8,-1,1,OK,measured,PASS,tcp-loopback,0,2,0,1,0,110.28,807.545,0,0,included_in_expand_p0,included_in_expand_p1,included_in_expand_p0,included_in_expand_p1,included_in_expand_p0,included_in_expand_p1,894.189,78.526,968.603,78.526,74.41300000000001,1070.764,16,128,4096,64,262144,16,16,tcp_two_process_loopback; tcp_two_process;,4612264,412312,412312,4612264,5024576,5024576,0,included_in_split_input_bytes,included_in_split_input_bytes,included_in_pprf_bytes,included_in_pprf_bytes,80,2.395904541015625,19.167236328125,83.82366989771873,16.174737928135627
2026-07-23T09:03:37.811024+00:00,b33a10fa7851ba0c3a26bea531ffb004f00d9365,RM_COORD,INCLUDING_OT,2305843009213693951,61,64,128,2,18,262144,64,4096,8,0,0,OK,measured,PASS,tcp-loopback,0,2,0,1,0,107.07600000000001,806.8610000000001,0,0,included_in_expand_p0,included_in_expand_p1,included_in_expand_p0,included_in_expand_p1,included_in_expand_p0,included_in_expand_p1,891.023,78.459,964.931,78.459,73.908,1066.304,16,128,4096,64,262144,16,16,tcp_two_process_loopback; tcp_two_process;,4612264,412312,412312,4612264,5024576,5024576,0,included_in_split_input_bytes,included_in_split_input_bytes,included_in_pprf_bytes,included_in_pprf_bytes,80,2.395904541015625,19.167236328125,83.82366989771873,16.174737928135627
2026-07-23T09:03:39.222906+00:00,b33a10fa7851ba0c3a26bea531ffb004f00d9365,RM_COORD,INCLUDING_OT,2305843009213693951,61,64,128,2,18,262144,64,4096,8,1,0,OK,measured,PASS,tcp-loopback,0,2,0,1,0,109.32600000000001,808.132,0,0,included_in_expand_p0,included_in_expand_p1,included_in_expand_p0,included_in_expand_p1,included_in_expand_p0,included_in_expand_p1,895.3299999999999,78.988,969.609,78.988,74.279,1070.725,16,128,4096,64,262144,16,16,tcp_two_process_loopback; tcp_two_process;,4612264,412312,412312,4612264,5024576,5024576,0,included_in_split_input_bytes,included_in_split_input_bytes,included_in_pprf_bytes,included_in_pprf_bytes,80,2.395904541015625,19.167236328125,83.82366989771873,16.174737928135627
2026-07-23T09:03:40.639469+00:00,b33a10fa7851ba0c3a26bea531ffb004f00d9365,RM_COORD,INCLUDING_OT,2305843009213693951,61,64,128,2,18,262144,64,4096,8,2,0,OK,measured,PASS,tcp-loopback,0,2,0,1,0,105.987,808.5210000000001,0,0,included_in_expand_p0,included_in_expand_p1,included_in_expand_p0,included_in_expand_p1,included_in_expand_p0,included_in_expand_p1,889.792,78.604,963.716,78.604,73.924,1067.036,16,128,4096,64,262144,16,16,tcp_two_process_loopback; tcp_two_process;,4612264,412312,412312,4612264,5024576,5024576,0,included_in_split_input_bytes,included_in_split_input_bytes,included_in_pprf_bytes,included_in_pprf_bytes,80,2.395904541015625,19.167236328125,83.82366989771873,16.174737928135627
2026-07-23T09:03:42.054972+00:00,b33a10fa7851ba0c3a26bea531ffb004f00d9365,RM_COORD,INCLUDING_OT,2305843009213693951,61,64,128,2,18,262144,64,4096,8,3,0,OK,measured,PASS,tcp-loopback,0,2,0,1,0,107.484,806.298,0,0,included_in_expand_p0,included_in_expand_p1,included_in_expand_p0,included_in_expand_p1,included_in_expand_p0,included_in_expand_p1,890.83,78.503,964.6320000000001,78.503,73.802,1066.087,16,128,4096,64,262144,16,16,tcp_two_process_loopback; tcp_two_process;,4612264,412312,412312,4612264,5024576,5024576,0,included_in_split_input_bytes,included_in_split_input_bytes,included_in_pprf_bytes,included_in_pprf_bytes,80,2.395904541015625,19.167236328125,83.82366989771873,16.174737928135627
2026-07-23T09:03:43.466825+00:00,b33a10fa7851ba0c3a26bea531ffb004f00d9365,RM_COORD,INCLUDING_OT,2305843009213693951,61,64,128,2,18,262144,64,4096,8,4,0,OK,measured,PASS,tcp-loopback,0,2,0,1,0,110.042,807.833,0,0,included_in_expand_p0,included_in_expand_p1,included_in_expand_p0,included_in_expand_p1,included_in_expand_p0,included_in_expand_p1,894.357,79.651,968.8670000000001,79.651,74.51,1072.036,16,128,4096,64,262144,16,16,tcp_two_process_loopback; tcp_two_process;,4612264,412312,412312,4612264,5024576,5024576,0,included_in_split_input_bytes,included_in_split_input_bytes,included_in_pprf_bytes,included_in_pprf_bytes,80,2.395904541015625,19.167236328125,83.82366989771873,16.174737928135627
2026-07-23T09:03:44.880165+00:00,b33a10fa7851ba0c3a26bea531ffb004f00d9365,RM_COORD,INCLUDING_OT,2305843009213693951,61,64,128,2,18,262144,64,4096,8,5,0,OK,measured,PASS,tcp-loopback,0,2,0,1,0,107.476,822.794,0,0,included_in_expand_p0,included_in_expand_p1,included_in_expand_p0,included_in_expand_p1,included_in_expand_p0,included_in_expand_p1,895.365,79.046,970.109,79.046,74.745,1084.0610000000001,16,128,4096,64,262144,16,16,tcp_two_process_loopback; tcp_two_process;,4612264,412312,412312,4612264,5024576,5024576,0,included_in_split_input_bytes,included_in_split_input_bytes,included_in_pprf_bytes,included_in_pprf_bytes,80,2.395904541015625,19.167236328125,83.82366989771873,16.174737928135627
2026-07-23T09:03:46.307715+00:00,b33a10fa7851ba0c3a26bea531ffb004f00d9365,RM_COORD,INCLUDING_OT,2305843009213693951,61,64,128,2,18,262144,64,4096,8,6,0,OK,measured,PASS,tcp-loopback,0,2,0,1,0,110.10499999999999,811.951,0,0,included_in_expand_p0,included_in_expand_p1,included_in_expand_p0,included_in_expand_p1,included_in_expand_p0,included_in_expand_p1,897.798,78.491,971.582,78.491,73.784,1074.3310000000001,16,128,4096,64,262144,16,16,tcp_two_process_loopback; tcp_two_process;,4612264,412312,412312,4612264,5024576,5024576,0,included_in_split_input_bytes,included_in_split_input_bytes,included_in_pprf_bytes,included_in_pprf_bytes,80,2.395904541015625,19.167236328125,83.82366989771873,16.174737928135627
2026-07-23T09:03:47.726906+00:00,b33a10fa7851ba0c3a26bea531ffb004f00d9365,RM_COORD,INCLUDING_OT,2305843009213693951,61,64,128,2,18,262144,64,4096,8,7,0,OK,measured,PASS,tcp-loopback,0,2,0,1,0,107.834,806.2629999999999,0,0,included_in_expand_p0,included_in_expand_p1,included_in_expand_p0,included_in_expand_p1,included_in_expand_p0,included_in_expand_p1,891.923,78.685,965.681,78.685,73.75800000000001,1066.54,16,128,4096,64,262144,16,16,tcp_two_process_loopback; tcp_two_process;,4612264,412312,412312,4612264,5024576,5024576,0,included_in_split_input_bytes,included_in_split_input_bytes,included_in_pprf_bytes,included_in_pprf_bytes,80,2.395904541015625,19.167236328125,83.82366989771873,16.174737928135627
2026-07-23T09:03:49.139115+00:00,b33a10fa7851ba0c3a26bea531ffb004f00d9365,RM_COORD,INCLUDING_OT,2305843009213693951,61,64,128,2,18,262144,64,4096,8,8,0,OK,measured,PASS,tcp-loopback,0,2,0,1,0,103.775,806.487,0,0,included_in_expand_p0,included_in_expand_p1,included_in_expand_p0,included_in_expand_p1,included_in_expand_p0,included_in_expand_p1,889.258,78.618,962.857,78.618,73.598,1062.4779999999998,16,128,4096,64,262144,16,16,tcp_two_process_loopback; tcp_two_process;,4612264,412312,412312,4612264,5024576,5024576,0,included_in_split_input_bytes,included_in_split_input_bytes,included_in_pprf_bytes,included_in_pprf_bytes,80,2.395904541015625,19.167236328125,83.82366989771873,16.174737928135627
2026-07-23T09:03:50.551207+00:00,b33a10fa7851ba0c3a26bea531ffb004f00d9365,RM_COORD,INCLUDING_OT,2305843009213693951,61,64,128,2,18,262144,64,4096,8,9,0,OK,measured,PASS,tcp-loopback,0,2,0,1,0,108.229,813.571,0,0,included_in_expand_p0,included_in_expand_p1,included_in_expand_p0,included_in_expand_p1,included_in_expand_p0,included_in_expand_p1,896.861,78.669,971.067,78.669,74.20599999999999,1074.675,16,128,4096,64,262144,16,16,tcp_two_process_loopback; tcp_two_process;,4612264,412312,412312,4612264,5024576,5024576,0,included_in_split_input_bytes,included_in_split_input_bytes,included_in_pprf_bytes,included_in_pprf_bytes,80,2.395904541015625,19.167236328125,83.82366989771873,16.174737928135627
2026-07-23T09:03:51.971237+00:00,b33a10fa7851ba0c3a26bea531ffb004f00d9365,RM_VECTOR,INCLUDING_OT,2305843009213693951,61,64,128,2,18,262144,64,4096,16,-1,1,OK,measured,PASS,tcp-loopback,0,2,0,1,0,216.282,233.59,0,0,included_in_expand_p0,included_in_expand_p1,included_in_expand_p0,included_in_expand_p1,included_in_expand_p0,included_in_expand_p1,402.937,150.76600000000002,547.655,150.76600000000002,144.71800000000002,745.356,2,128,4096,64,262144,2,2,tcp_two_process_loopback; tcp_two_process;,16829672,145640,145640,16829672,16975312,16975312,0,included_in_split_input_bytes,included_in_split_input_bytes,included_in_pprf_bytes,included_in_pprf_bytes,144,4.047229766845703,32.377838134765625,99.03855669928187,0.9605950099768417
2026-07-23T09:03:53.034468+00:00,b33a10fa7851ba0c3a26bea531ffb004f00d9365,RM_VECTOR,INCLUDING_OT,2305843009213693951,61,64,128,2,18,262144,64,4096,16,0,0,OK,measured,PASS,tcp-loopback,0,2,0,1,0,220.932,237.01,0,0,included_in_expand_p0,included_in_expand_p1,included_in_expand_p0,included_in_expand_p1,included_in_expand_p0,included_in_expand_p1,410.646,150.307,555.593,150.307,144.947,753.196,2,128,4096,64,262144,2,2,tcp_two_process_loopback; tcp_two_process;,16829672,145640,145640,16829672,16975312,16975312,0,included_in_split_input_bytes,included_in_split_input_bytes,included_in_pprf_bytes,included_in_pprf_bytes,144,4.047229766845703,32.377838134765625,99.03855669928187,0.9605950099768417
2026-07-23T09:03:54.101569+00:00,b33a10fa7851ba0c3a26bea531ffb004f00d9365,RM_VECTOR,INCLUDING_OT,2305843009213693951,61,64,128,2,18,262144,64,4096,16,1,0,OK,measured,PASS,tcp-loopback,0,2,0,1,0,214.31,235.59199999999998,0,0,included_in_expand_p0,included_in_expand_p1,included_in_expand_p0,included_in_expand_p1,included_in_expand_p0,included_in_expand_p1,398.47700000000003,149.778,542.381,149.778,143.904,743.584,2,128,4096,64,262144,2,2,tcp_two_process_loopback; tcp_two_process;,16829672,145640,145640,16829672,16975312,16975312,0,included_in_split_input_bytes,included_in_split_input_bytes,included_in_pprf_bytes,included_in_pprf_bytes,144,4.047229766845703,32.377838134765625,99.03855669928187,0.9605950099768417
2026-07-23T09:03:55.165140+00:00,b33a10fa7851ba0c3a26bea531ffb004f00d9365,RM_VECTOR,INCLUDING_OT,2305843009213693951,61,64,128,2,18,262144,64,4096,16,2,0,OK,measured,PASS,tcp-loopback,0,2,0,1,0,218.271,236.275,0,0,included_in_expand_p0,included_in_expand_p1,included_in_expand_p0,included_in_expand_p1,included_in_expand_p0,included_in_expand_p1,403.366,150.161,547.282,150.161,143.917,748.624,2,128,4096,64,262144,2,2,tcp_two_process_loopback; tcp_two_process;,16829672,145640,145640,16829672,16975312,16975312,0,included_in_split_input_bytes,included_in_split_input_bytes,included_in_pprf_bytes,included_in_pprf_bytes,144,4.047229766845703,32.377838134765625,99.03855669928187,0.9605950099768417
2026-07-23T09:03:56.230389+00:00,b33a10fa7851ba0c3a26bea531ffb004f00d9365,RM_VECTOR,INCLUDING_OT,2305843009213693951,61,64,128,2,18,262144,64,4096,16,3,0,OK,measured,PASS,tcp-loopback,0,2,0,1,0,219.038,238.103,0,0,included_in_expand_p0,included_in_expand_p1,included_in_expand_p0,included_in_expand_p1,included_in_expand_p0,included_in_expand_p1,405.489,150.673,550.443,150.673,144.954,752.768,2,128,4096,64,262144,2,2,tcp_two_process_loopback; tcp_two_process;,16829672,145640,145640,16829672,16975312,16975312,0,included_in_split_input_bytes,included_in_split_input_bytes,included_in_pprf_bytes,included_in_pprf_bytes,144,4.047229766845703,32.377838134765625,99.03855669928187,0.9605950099768417
2026-07-23T09:03:57.298066+00:00,b33a10fa7851ba0c3a26bea531ffb004f00d9365,RM_VECTOR,INCLUDING_OT,2305843009213693951,61,64,128,2,18,262144,64,4096,16,4,0,OK,measured,PASS,tcp-loopback,0,2,0,1,0,217.578,240.277,0,0,included_in_expand_p0,included_in_expand_p1,included_in_expand_p0,included_in_expand_p1,included_in_expand_p0,included_in_expand_p1,407.25600000000003,150.481,551.676,150.481,144.41899999999998,752.755,2,128,4096,64,262144,2,2,tcp_two_process_loopback; tcp_two_process;,16829672,145640,145640,16829672,16975312,16975312,0,included_in_split_input_bytes,included_in_split_input_bytes,included_in_pprf_bytes,included_in_pprf_bytes,144,4.047229766845703,32.377838134765625,99.03855669928187,0.9605950099768417
2026-07-23T09:03:58.365568+00:00,b33a10fa7851ba0c3a26bea531ffb004f00d9365,RM_VECTOR,INCLUDING_OT,2305843009213693951,61,64,128,2,18,262144,64,4096,16,5,0,OK,measured,PASS,tcp-loopback,0,2,0,1,0,217.501,236.263,0,0,included_in_expand_p0,included_in_expand_p1,included_in_expand_p0,included_in_expand_p1,included_in_expand_p0,included_in_expand_p1,407.617,150.76999999999998,552.842,150.76999999999998,145.226,749.76,2,128,4096,64,262144,2,2,tcp_two_process_loopback; tcp_two_process;,16829672,145640,145640,16829672,16975312,16975312,0,included_in_split_input_bytes,included_in_split_input_bytes,included_in_pprf_bytes,included_in_pprf_bytes,144,4.047229766845703,32.377838134765625,99.03855669928187,0.9605950099768417
2026-07-23T09:03:59.429903+00:00,b33a10fa7851ba0c3a26bea531ffb004f00d9365,RM_VECTOR,INCLUDING_OT,2305843009213693951,61,64,128,2,18,262144,64,4096,16,6,0,OK,measured,PASS,tcp-loopback,0,2,0,1,0,217.142,240.531,0,0,included_in_expand_p0,included_in_expand_p1,included_in_expand_p0,included_in_expand_p1,included_in_expand_p0,included_in_expand_p1,406.242,151.31300000000002,551.413,151.31300000000002,145.171,754.1569999999999,2,128,4096,64,262144,2,2,tcp_two_process_loopback; tcp_two_process;,16829672,145640,145640,16829672,16975312,16975312,0,included_in_split_input_bytes,included_in_split_input_bytes,included_in_pprf_bytes,included_in_pprf_bytes,144,4.047229766845703,32.377838134765625,99.03855669928187,0.9605950099768417
2026-07-23T09:04:00.499367+00:00,b33a10fa7851ba0c3a26bea531ffb004f00d9365,RM_VECTOR,INCLUDING_OT,2305843009213693951,61,64,128,2,18,262144,64,4096,16,7,0,OK,measured,PASS,tcp-loopback,0,2,0,1,0,218.582,235.49,0,0,included_in_expand_p0,included_in_expand_p1,included_in_expand_p0,included_in_expand_p1,included_in_expand_p0,included_in_expand_p1,407.391,150.19,551.674,150.19,144.283,748.545,2,128,4096,64,262144,2,2,tcp_two_process_loopback; tcp_two_process;,16829672,145640,145640,16829672,16975312,16975312,0,included_in_split_input_bytes,included_in_split_input_bytes,included_in_pprf_bytes,included_in_pprf_bytes,144,4.047229766845703,32.377838134765625,99.03855669928187,0.9605950099768417
2026-07-23T09:04:01.561617+00:00,b33a10fa7851ba0c3a26bea531ffb004f00d9365,RM_VECTOR,INCLUDING_OT,2305843009213693951,61,64,128,2,18,262144,64,4096,16,8,0,OK,measured,PASS,tcp-loopback,0,2,0,1,0,219.307,239.44099999999997,0,0,included_in_expand_p0,included_in_expand_p1,included_in_expand_p0,included_in_expand_p1,included_in_expand_p0,included_in_expand_p1,407.177,150.657,551.319,150.657,144.142,753.547,2,128,4096,64,262144,2,2,tcp_two_process_loopback; tcp_two_process;,16829672,145640,145640,16829672,16975312,16975312,0,included_in_split_input_bytes,included_in_split_input_bytes,included_in_pprf_bytes,included_in_pprf_bytes,144,4.047229766845703,32.377838134765625,99.03855669928187,0.9605950099768417
2026-07-23T09:04:02.630333+00:00,b33a10fa7851ba0c3a26bea531ffb004f00d9365,RM_VECTOR,INCLUDING_OT,2305843009213693951,61,64,128,2,18,262144,64,4096,16,9,0,OK,measured,PASS,tcp-loopback,0,2,0,1,0,216.19299999999998,234.38500000000002,0,0,included_in_expand_p0,included_in_expand_p1,included_in_expand_p0,included_in_expand_p1,included_in_expand_p0,included_in_expand_p1,403.208,150.44299999999998,548.492,150.44299999999998,145.283,746.304,2,128,4096,64,262144,2,2,tcp_two_process_loopback; tcp_two_process;,16829672,145640,145640,16829672,16975312,16975312,0,included_in_split_input_bytes,included_in_split_input_bytes,included_in_pprf_bytes,included_in_pprf_bytes,144,4.047229766845703,32.377838134765625,99.03855669928187,0.9605950099768417
2026-07-23T09:04:03.693758+00:00,b33a10fa7851ba0c3a26bea531ffb004f00d9365,RM_COORD,INCLUDING_OT,2305843009213693951,61,64,128,2,18,262144,64,4096,16,-1,1,OK,measured,PASS,tcp-loopback,0,2,0,1,0,216.554,1617.102,0,0,included_in_expand_p0,included_in_expand_p1,included_in_expand_p0,included_in_expand_p1,included_in_expand_p0,included_in_expand_p1,1785.8670000000002,152.321,1931.98,152.321,146.113,2132.09,32,128,4096,64,262144,32,32,tcp_two_process_loopback; tcp_two_process;,17613032,824600,824600,17613032,18437632,18437632,0,included_in_split_input_bytes,included_in_split_input_bytes,included_in_pprf_bytes,included_in_pprf_bytes,144,4.3958740234375,35.1669921875,91.18364006831246,8.8155789203299
2026-07-23T09:04:06.122318+00:00,b33a10fa7851ba0c3a26bea531ffb004f00d9365,RM_COORD,INCLUDING_OT,2305843009213693951,61,64,128,2,18,262144,64,4096,16,0,0,OK,measured,PASS,tcp-loopback,0,2,0,1,0,212.189,1620.622,0,0,included_in_expand_p0,included_in_expand_p1,included_in_expand_p0,included_in_expand_p1,included_in_expand_p0,included_in_expand_p1,1782.429,152.357,1929.098,152.357,146.66899999999998,2131.837,32,128,4096,64,262144,32,32,tcp_two_process_loopback; tcp_two_process;,17613032,824600,824600,17613032,18437632,18437632,0,included_in_split_input_bytes,included_in_split_input_bytes,included_in_pprf_bytes,included_in_pprf_bytes,144,4.3958740234375,35.1669921875,91.18364006831246,8.8155789203299
2026-07-23T09:04:08.554431+00:00,b33a10fa7851ba0c3a26bea531ffb004f00d9365,RM_COORD,INCLUDING_OT,2305843009213693951,61,64,128,2,18,262144,64,4096,16,1,0,OK,measured,PASS,tcp-loopback,0,2,0,1,0,217.01899999999998,1620.03,0,0,included_in_expand_p0,included_in_expand_p1,included_in_expand_p0,included_in_expand_p1,included_in_expand_p0,included_in_expand_p1,1789.2630000000001,152.167,1935.1879999999999,152.167,145.925,2135.141,32,128,4096,64,262144,32,32,tcp_two_process_loopback; tcp_two_process;,17613032,824600,824600,17613032,18437632,18437632,0,included_in_split_input_bytes,included_in_split_input_bytes,included_in_pprf_bytes,included_in_pprf_bytes,144,4.3958740234375,35.1669921875,91.18364006831246,8.8155789203299
2026-07-23T09:04:10.985919+00:00,b33a10fa7851ba0c3a26bea531ffb004f00d9365,RM_COORD,INCLUDING_OT,2305843009213693951,61,64,128,2,18,262144,64,4096,16,2,0,OK,measured,PASS,tcp-loopback,0,2,0,1,0,216.832,1620.8229999999999,0,0,included_in_expand_p0,included_in_expand_p1,included_in_expand_p0,included_in_expand_p1,included_in_expand_p0,included_in_expand_p1,1788.336,151.826,1934.175,151.826,145.839,2135.3199999999997,32,128,4096,64,262144,32,32,tcp_two_process_loopback; tcp_two_process;,17613032,824600,824600,17613032,18437632,18437632,0,included_in_split_input_bytes,included_in_split_input_bytes,included_in_pprf_bytes,included_in_pprf_bytes,144,4.3958740234375,35.1669921875,91.18364006831246,8.8155789203299
2026-07-23T09:04:13.417777+00:00,b33a10fa7851ba0c3a26bea531ffb004f00d9365,RM_COORD,INCLUDING_OT,2305843009213693951,61,64,128,2,18,262144,64,4096,16,3,0,OK,measured,PASS,tcp-loopback,0,2,0,1,0,219.006,1619.15,0,0,included_in_expand_p0,included_in_expand_p1,included_in_expand_p0,included_in_expand_p1,included_in_expand_p0,included_in_expand_p1,1788.866,151.416,1934.888,151.416,146.02200000000002,2135.594,32,128,4096,64,262144,32,32,tcp_two_process_loopback; tcp_two_process;,17613032,824600,824600,17613032,18437632,18437632,0,included_in_split_input_bytes,included_in_split_input_bytes,included_in_pprf_bytes,included_in_pprf_bytes,144,4.3958740234375,35.1669921875,91.18364006831246,8.8155789203299
2026-07-23T09:04:15.845372+00:00,b33a10fa7851ba0c3a26bea531ffb004f00d9365,RM_COORD,INCLUDING_OT,2305843009213693951,61,64,128,2,18,262144,64,4096,16,4,0,OK,measured,PASS,tcp-loopback,0,2,0,1,0,219.42600000000002,1619.162,0,0,included_in_expand_p0,included_in_expand_p1,included_in_expand_p0,included_in_expand_p1,included_in_expand_p0,included_in_expand_p1,1787.8780000000002,151.401,1933.433,151.401,145.55499999999998,2135.544,32,128,4096,64,262144,32,32,tcp_two_process_loopback; tcp_two_process;,17613032,824600,824600,17613032,18437632,18437632,0,included_in_split_input_bytes,included_in_split_input_bytes,included_in_pprf_bytes,included_in_pprf_bytes,144,4.3958740234375,35.1669921875,91.18364006831246,8.8155789203299
2026-07-23T09:04:18.273046+00:00,b33a10fa7851ba0c3a26bea531ffb004f00d9365,RM_COORD,INCLUDING_OT,2305843009213693951,61,64,128,2,18,262144,64,4096,16,5,0,OK,measured,PASS,tcp-loopback,0,2,0,1,0,216.57299999999998,1617.341,0,0,included_in_expand_p0,included_in_expand_p1,included_in_expand_p0,included_in_expand_p1,included_in_expand_p0,included_in_expand_p1,1786.937,151.791,1932.32,151.791,145.383,2131.0879999999997,32,128,4096,64,262144,32,32,tcp_two_process_loopback; tcp_two_process;,17613032,824600,824600,17613032,18437632,18437632,0,included_in_split_input_bytes,included_in_split_input_bytes,included_in_pprf_bytes,included_in_pprf_bytes,144,4.3958740234375,35.1669921875,91.18364006831246,8.8155789203299
2026-07-23T09:04:20.697627+00:00,b33a10fa7851ba0c3a26bea531ffb004f00d9365,RM_COORD,INCLUDING_OT,2305843009213693951,61,64,128,2,18,262144,64,4096,16,6,0,OK,measured,PASS,tcp-loopback,0,2,0,1,0,217.47,1616.762,0,0,included_in_expand_p0,included_in_expand_p1,included_in_expand_p0,included_in_expand_p1,included_in_expand_p0,included_in_expand_p1,1788.585,152.038,1934.2140000000002,152.038,145.62900000000002,2131.899,32,128,4096,64,262144,32,32,tcp_two_process_loopback; tcp_two_process;,17613032,824600,824600,17613032,18437632,18437632,0,included_in_split_input_bytes,included_in_split_input_bytes,included_in_pprf_bytes,included_in_pprf_bytes,144,4.3958740234375,35.1669921875,91.18364006831246,8.8155789203299
2026-07-23T09:04:23.121774+00:00,b33a10fa7851ba0c3a26bea531ffb004f00d9365,RM_COORD,INCLUDING_OT,2305843009213693951,61,64,128,2,18,262144,64,4096,16,7,0,OK,measured,PASS,tcp-loopback,0,2,0,1,0,213.872,1616.002,0,0,included_in_expand_p0,included_in_expand_p1,included_in_expand_p0,included_in_expand_p1,included_in_expand_p0,included_in_expand_p1,1780.713,151.845,1927.1560000000002,151.845,146.44199999999998,2128.161,32,128,4096,64,262144,32,32,tcp_two_process_loopback; tcp_two_process;,17613032,824600,824600,17613032,18437632,18437632,0,included_in_split_input_bytes,included_in_split_input_bytes,included_in_pprf_bytes,included_in_pprf_bytes,144,4.3958740234375,35.1669921875,91.18364006831246,8.8155789203299
2026-07-23T09:04:25.545477+00:00,b33a10fa7851ba0c3a26bea531ffb004f00d9365,RM_COORD,INCLUDING_OT,2305843009213693951,61,64,128,2,18,262144,64,4096,16,8,0,OK,measured,PASS,tcp-loopback,0,2,0,1,0,217.215,1628.0520000000001,0,0,included_in_expand_p0,included_in_expand_p1,included_in_expand_p0,included_in_expand_p1,included_in_expand_p0,included_in_expand_p1,1795.3609999999999,153.831,1942.672,153.831,147.312,2146.41,32,128,4096,64,262144,32,32,tcp_two_process_loopback; tcp_two_process;,17613032,824600,824600,17613032,18437632,18437632,0,included_in_split_input_bytes,included_in_split_input_bytes,included_in_pprf_bytes,included_in_pprf_bytes,144,4.3958740234375,35.1669921875,91.18364006831246,8.8155789203299
2026-07-23T09:04:27.984041+00:00,b33a10fa7851ba0c3a26bea531ffb004f00d9365,RM_COORD,INCLUDING_OT,2305843009213693951,61,64,128,2,18,262144,64,4096,16,9,0,OK,measured,PASS,tcp-loopback,0,2,0,1,0,218.137,1619.214,0,0,included_in_expand_p0,included_in_expand_p1,included_in_expand_p0,included_in_expand_p1,included_in_expand_p0,included_in_expand_p1,1788.059,152.808,1934.437,152.808,146.37800000000001,2136.537,32,128,4096,64,262144,32,32,tcp_two_process_loopback; tcp_two_process;,17613032,824600,824600,17613032,18437632,18437632,0,included_in_split_input_bytes,included_in_split_input_bytes,included_in_pprf_bytes,included_in_pprf_bytes,144,4.3958740234375,35.1669921875,91.18364006831246,8.8155789203299
2026-07-23T09:04:30.414634+00:00,b33a10fa7851ba0c3a26bea531ffb004f00d9365,RM_VECTOR,INCLUDING_OT,2305843009213693951,61,64,128,2,18,262144,64,4096,32,-1,1,OK,measured,PASS,tcp-loopback,0,2,0,1,0,470.634,368.027,0,0,included_in_expand_p0,included_in_expand_p1,included_in_expand_p0,included_in_expand_p1,included_in_expand_p0,included_in_expand_p1,742.2760000000001,294.399,1033.539,294.399,291.263,1424.3229999999999,2,128,4096,64,262144,2,2,tcp_two_process_loopback; tcp_two_process;,67161448,245992,245992,67161448,67407440,67407440,0,included_in_split_input_bytes,included_in_split_input_bytes,included_in_pprf_bytes,included_in_pprf_bytes,272,8.035593032836914,64.28474426269531,99.6604647795555,0.3391317041560991
2026-07-23T09:04:32.064964+00:00,b33a10fa7851ba0c3a26bea531ffb004f00d9365,RM_VECTOR,INCLUDING_OT,2305843009213693951,61,64,128,2,18,262144,64,4096,32,0,0,OK,measured,PASS,tcp-loopback,0,2,0,1,0,471.251,364.421,0,0,included_in_expand_p0,included_in_expand_p1,included_in_expand_p0,included_in_expand_p1,included_in_expand_p0,included_in_expand_p1,737.874,294.16900000000004,1027.365,294.16900000000004,289.491,1419.332,2,128,4096,64,262144,2,2,tcp_two_process_loopback; tcp_two_process;,67161448,245992,245992,67161448,67407440,67407440,0,included_in_split_input_bytes,included_in_split_input_bytes,included_in_pprf_bytes,included_in_pprf_bytes,272,8.035593032836914,64.28474426269531,99.6604647795555,0.3391317041560991
2026-07-23T09:04:33.710668+00:00,b33a10fa7851ba0c3a26bea531ffb004f00d9365,RM_VECTOR,INCLUDING_OT,2305843009213693951,61,64,128,2,18,262144,64,4096,32,1,0,OK,measured,PASS,tcp-loopback,0,2,0,1,0,470.415,366.19,0,0,included_in_expand_p0,included_in_expand_p1,included_in_expand_p0,included_in_expand_p1,included_in_expand_p0,included_in_expand_p1,736.001,293.88100000000003,1025.506,293.88100000000003,289.505,1419.991,2,128,4096,64,262144,2,2,tcp_two_process_loopback; tcp_two_process;,67161448,245992,245992,67161448,67407440,67407440,0,included_in_split_input_bytes,included_in_split_input_bytes,included_in_pprf_bytes,included_in_pprf_bytes,272,8.035593032836914,64.28474426269531,99.6604647795555,0.3391317041560991
2026-07-23T09:04:35.354666+00:00,b33a10fa7851ba0c3a26bea531ffb004f00d9365,RM_VECTOR,INCLUDING_OT,2305843009213693951,61,64,128,2,18,262144,64,4096,32,2,0,OK,measured,PASS,tcp-loopback,0,2,0,1,0,472.66200000000003,367.834,0,0,included_in_expand_p0,included_in_expand_p1,included_in_expand_p0,included_in_expand_p1,included_in_expand_p0,included_in_expand_p1,743.1569999999999,294.333,1032.463,294.333,289.306,1424.1350000000002,2,128,4096,64,262144,2,2,tcp_two_process_loopback; tcp_two_process;,67161448,245992,245992,67161448,67407440,67407440,0,included_in_split_input_bytes,included_in_split_input_bytes,included_in_pprf_bytes,included_in_pprf_bytes,272,8.035593032836914,64.28474426269531,99.6604647795555,0.3391317041560991
2026-07-23T09:04:37.003494+00:00,b33a10fa7851ba0c3a26bea531ffb004f00d9365,RM_VECTOR,INCLUDING_OT,2305843009213693951,61,64,128,2,18,262144,64,4096,32,3,0,OK,measured,PASS,tcp-loopback,0,2,0,1,0,468.537,368.033,0,0,included_in_expand_p0,included_in_expand_p1,included_in_expand_p0,included_in_expand_p1,included_in_expand_p0,included_in_expand_p1,739.2879999999999,295.174,1029.4650000000001,295.174,290.177,1421.9209999999998,2,128,4096,64,262144,2,2,tcp_two_process_loopback; tcp_two_process;,67161448,245992,245992,67161448,67407440,67407440,0,included_in_split_input_bytes,included_in_split_input_bytes,included_in_pprf_bytes,included_in_pprf_bytes,272,8.035593032836914,64.28474426269531,99.6604647795555,0.3391317041560991
2026-07-23T09:04:38.652193+00:00,b33a10fa7851ba0c3a26bea531ffb004f00d9365,RM_VECTOR,INCLUDING_OT,2305843009213693951,61,64,128,2,18,262144,64,4096,32,4,0,OK,measured,PASS,tcp-loopback,0,2,0,1,0,470.071,364.12600000000003,0,0,included_in_expand_p0,included_in_expand_p1,included_in_expand_p0,included_in_expand_p1,included_in_expand_p0,included_in_expand_p1,736.635,294.137,1026.254,294.137,289.619,1417.953,2,128,4096,64,262144,2,2,tcp_two_process_loopback; tcp_two_process;,67161448,245992,245992,67161448,67407440,67407440,0,included_in_split_input_bytes,included_in_split_input_bytes,included_in_pprf_bytes,included_in_pprf_bytes,272,8.035593032836914,64.28474426269531,99.6604647795555,0.3391317041560991
2026-07-23T09:04:40.296058+00:00,b33a10fa7851ba0c3a26bea531ffb004f00d9365,RM_VECTOR,INCLUDING_OT,2305843009213693951,61,64,128,2,18,262144,64,4096,32,5,0,OK,measured,PASS,tcp-loopback,0,2,0,1,0,470.02500000000003,374.78099999999995,0,0,included_in_expand_p0,included_in_expand_p1,included_in_expand_p0,included_in_expand_p1,included_in_expand_p0,included_in_expand_p1,741.213,294.837,1030.8509999999999,294.837,289.63800000000003,1429.281,2,128,4096,64,262144,2,2,tcp_two_process_loopback; tcp_two_process;,67161448,245992,245992,67161448,67407440,67407440,0,included_in_split_input_bytes,included_in_split_input_bytes,included_in_pprf_bytes,included_in_pprf_bytes,272,8.035593032836914,64.28474426269531,99.6604647795555,0.3391317041560991
2026-07-23T09:04:41.952029+00:00,b33a10fa7851ba0c3a26bea531ffb004f00d9365,RM_VECTOR,INCLUDING_OT,2305843009213693951,61,64,128,2,18,262144,64,4096,32,6,0,OK,measured,PASS,tcp-loopback,0,2,0,1,0,471.371,367.057,0,0,included_in_expand_p0,included_in_expand_p1,included_in_expand_p0,included_in_expand_p1,included_in_expand_p0,included_in_expand_p1,741.466,295.46,1032.071,295.46,290.605,1424.493,2,128,4096,64,262144,2,2,tcp_two_process_loopback; tcp_two_process;,67161448,245992,245992,67161448,67407440,67407440,0,included_in_split_input_bytes,included_in_split_input_bytes,included_in_pprf_bytes,included_in_pprf_bytes,272,8.035593032836914,64.28474426269531,99.6604647795555,0.3391317041560991
2026-07-23T09:04:43.604097+00:00,b33a10fa7851ba0c3a26bea531ffb004f00d9365,RM_VECTOR,INCLUDING_OT,2305843009213693951,61,64,128,2,18,262144,64,4096,32,7,0,OK,measured,PASS,tcp-loopback,0,2,0,1,0,471.555,370.36,0,0,included_in_expand_p0,included_in_expand_p1,included_in_expand_p0,included_in_expand_p1,included_in_expand_p0,included_in_expand_p1,740.336,293.598,1029.148,293.598,288.812,1424.3249999999998,2,128,4096,64,262144,2,2,tcp_two_process_loopback; tcp_two_process;,67161448,245992,245992,67161448,67407440,67407440,0,included_in_split_input_bytes,included_in_split_input_bytes,included_in_pprf_bytes,included_in_pprf_bytes,272,8.035593032836914,64.28474426269531,99.6604647795555,0.3391317041560991
2026-07-23T09:04:45.255037+00:00,b33a10fa7851ba0c3a26bea531ffb004f00d9365,RM_VECTOR,INCLUDING_OT,2305843009213693951,61,64,128,2,18,262144,64,4096,32,8,0,OK,measured,PASS,tcp-loopback,0,2,0,1,0,468.082,377.229,0,0,included_in_expand_p0,included_in_expand_p1,included_in_expand_p0,included_in_expand_p1,included_in_expand_p0,included_in_expand_p1,745.522,294.821,1036.606,294.821,291.084,1431.2160000000001,2,128,4096,64,262144,2,2,tcp_two_process_loopback; tcp_two_process;,67161448,245992,245992,67161448,67407440,67407440,0,included_in_split_input_bytes,included_in_split_input_bytes,included_in_pprf_bytes,included_in_pprf_bytes,272,8.035593032836914,64.28474426269531,99.6604647795555,0.3391317041560991
2026-07-23T09:04:46.913266+00:00,b33a10fa7851ba0c3a26bea531ffb004f00d9365,RM_VECTOR,INCLUDING_OT,2305843009213693951,61,64,128,2,18,262144,64,4096,32,9,0,OK,measured,PASS,tcp-loopback,0,2,0,1,0,472.267,368.045,0,0,included_in_expand_p0,included_in_expand_p1,included_in_expand_p0,included_in_expand_p1,included_in_expand_p0,included_in_expand_p1,743.103,295.94599999999997,1034.231,295.94599999999997,291.128,1427.386,2,128,4096,64,262144,2,2,tcp_two_process_loopback; tcp_two_process;,67161448,245992,245992,67161448,67407440,67407440,0,included_in_split_input_bytes,included_in_split_input_bytes,included_in_pprf_bytes,included_in_pprf_bytes,272,8.035593032836914,64.28474426269531,99.6604647795555,0.3391317041560991
2026-07-23T09:04:48.565673+00:00,b33a10fa7851ba0c3a26bea531ffb004f00d9365,RM_COORD,INCLUDING_OT,2305843009213693951,61,64,128,2,18,262144,64,4096,32,-1,1,OK,measured,PASS,tcp-loopback,0,2,0,1,0,471.182,3263.87,0,0,included_in_expand_p0,included_in_expand_p1,included_in_expand_p0,included_in_expand_p1,included_in_expand_p0,included_in_expand_p1,3629.5,323.854,3944.577,323.854,315.077,4373.982999999999,64,128,4096,64,262144,64,64,tcp_two_process_loopback; tcp_two_process;,68780392,1649176,1649176,68780392,70429568,70429568,0,included_in_split_input_bytes,included_in_split_input_bytes,included_in_pprf_bytes,included_in_pprf_bytes,272,8.395858764648438,67.1668701171875,95.38404097551755,4.615572823050682
2026-07-23T09:04:53.118420+00:00,b33a10fa7851ba0c3a26bea531ffb004f00d9365,RM_COORD,INCLUDING_OT,2305843009213693951,61,64,128,2,18,262144,64,4096,32,0,0,OK,measured,PASS,tcp-loopback,0,2,0,1,0,467.263,3259.534,0,0,included_in_expand_p0,included_in_expand_p1,included_in_expand_p0,included_in_expand_p1,included_in_expand_p0,included_in_expand_p1,3620.829,325.462,3937.126,325.462,316.298,4368.557,64,128,4096,64,262144,64,64,tcp_two_process_loopback; tcp_two_process;,68780392,1649176,1649176,68780392,70429568,70429568,0,included_in_split_input_bytes,included_in_split_input_bytes,included_in_pprf_bytes,included_in_pprf_bytes,272,8.395858764648438,67.1668701171875,95.38404097551755,4.615572823050682
2026-07-23T09:04:57.667856+00:00,b33a10fa7851ba0c3a26bea531ffb004f00d9365,RM_COORD,INCLUDING_OT,2305843009213693951,61,64,128,2,18,262144,64,4096,32,1,0,OK,measured,PASS,tcp-loopback,0,2,0,1,0,468.901,3266.683,0,0,included_in_expand_p0,included_in_expand_p1,included_in_expand_p0,included_in_expand_p1,included_in_expand_p0,included_in_expand_p1,3628.451,321.569,3945.491,321.569,317.03999999999996,4374.192999999999,64,128,4096,64,262144,64,64,tcp_two_process_loopback; tcp_two_process;,68780392,1649176,1649176,68780392,70429568,70429568,0,included_in_split_input_bytes,included_in_split_input_bytes,included_in_pprf_bytes,included_in_pprf_bytes,272,8.395858764648438,67.1668701171875,95.38404097551755,4.615572823050682
2026-07-23T09:05:02.220347+00:00,b33a10fa7851ba0c3a26bea531ffb004f00d9365,RM_COORD,INCLUDING_OT,2305843009213693951,61,64,128,2,18,262144,64,4096,32,2,0,OK,measured,PASS,tcp-loopback,0,2,0,1,0,466.702,3272.2780000000002,0,0,included_in_expand_p0,included_in_expand_p1,included_in_expand_p0,included_in_expand_p1,included_in_expand_p0,included_in_expand_p1,3632.83,323.93499999999995,3949.154,323.93499999999995,316.324,4379.2390000000005,64,128,4096,64,262144,64,64,tcp_two_process_loopback; tcp_two_process;,68780392,1649176,1649176,68780392,70429568,70429568,0,included_in_split_input_bytes,included_in_split_input_bytes,included_in_pprf_bytes,included_in_pprf_bytes,272,8.395858764648438,67.1668701171875,95.38404097551755,4.615572823050682
2026-07-23T09:05:06.779442+00:00,b33a10fa7851ba0c3a26bea531ffb004f00d9365,RM_COORD,INCLUDING_OT,2305843009213693951,61,64,128,2,18,262144,64,4096,32,3,0,OK,measured,PASS,tcp-loopback,0,2,0,1,0,468.814,3261.458,0,0,included_in_expand_p0,included_in_expand_p1,included_in_expand_p0,included_in_expand_p1,included_in_expand_p0,included_in_expand_p1,3625.08,323.29200000000003,3939.788,323.29200000000003,314.709,4368.273,64,128,4096,64,262144,64,64,tcp_two_process_loopback; tcp_two_process;,68780392,1649176,1649176,68780392,70429568,70429568,0,included_in_split_input_bytes,included_in_split_input_bytes,included_in_pprf_bytes,included_in_pprf_bytes,272,8.395858764648438,67.1668701171875,95.38404097551755,4.615572823050682
2026-07-23T09:05:11.329801+00:00,b33a10fa7851ba0c3a26bea531ffb004f00d9365,RM_COORD,INCLUDING_OT,2305843009213693951,61,64,128,2,18,262144,64,4096,32,4,0,OK,measured,PASS,tcp-loopback,0,2,0,1,0,467.43800000000005,3269.715,0,0,included_in_expand_p0,included_in_expand_p1,included_in_expand_p0,included_in_expand_p1,included_in_expand_p0,included_in_expand_p1,3632.803,324.711,3950.44,324.711,317.638,4379.502,64,128,4096,64,262144,64,64,tcp_two_process_loopback; tcp_two_process;,68780392,1649176,1649176,68780392,70429568,70429568,0,included_in_split_input_bytes,included_in_split_input_bytes,included_in_pprf_bytes,included_in_pprf_bytes,272,8.395858764648438,67.1668701171875,95.38404097551755,4.615572823050682
2026-07-23T09:05:15.887287+00:00,b33a10fa7851ba0c3a26bea531ffb004f00d9365,RM_COORD,INCLUDING_OT,2305843009213693951,61,64,128,2,18,262144,64,4096,32,5,0,OK,measured,PASS,tcp-loopback,0,2,0,1,0,467.751,3266.156,0,0,included_in_expand_p0,included_in_expand_p1,included_in_expand_p0,included_in_expand_p1,included_in_expand_p0,included_in_expand_p1,3628.016,319.82899999999995,3942.174,319.82899999999995,314.15900000000005,4367.8949999999995,64,128,4096,64,262144,64,64,tcp_two_process_loopback; tcp_two_process;,68780392,1649176,1649176,68780392,70429568,70429568,0,included_in_split_input_bytes,included_in_split_input_bytes,included_in_pprf_bytes,included_in_pprf_bytes,272,8.395858764648438,67.1668701171875,95.38404097551755,4.615572823050682
2026-07-23T09:05:20.438110+00:00,b33a10fa7851ba0c3a26bea531ffb004f00d9365,RM_COORD,INCLUDING_OT,2305843009213693951,61,64,128,2,18,262144,64,4096,32,6,0,OK,measured,PASS,tcp-loopback,0,2,0,1,0,471.478,3268.034,0,0,included_in_expand_p0,included_in_expand_p1,included_in_expand_p0,included_in_expand_p1,included_in_expand_p0,included_in_expand_p1,3631.045,324.338,3947.015,324.338,315.969,4379.819,64,128,4096,64,262144,64,64,tcp_two_process_loopback; tcp_two_process;,68780392,1649176,1649176,68780392,70429568,70429568,0,included_in_split_input_bytes,included_in_split_input_bytes,included_in_pprf_bytes,included_in_pprf_bytes,272,8.395858764648438,67.1668701171875,95.38404097551755,4.615572823050682
2026-07-23T09:05:24.994609+00:00,b33a10fa7851ba0c3a26bea531ffb004f00d9365,RM_COORD,INCLUDING_OT,2305843009213693951,61,64,128,2,18,262144,64,4096,32,7,0,OK,measured,PASS,tcp-loopback,0,2,0,1,0,467.215,3260.623,0,0,included_in_expand_p0,included_in_expand_p1,included_in_expand_p0,included_in_expand_p1,included_in_expand_p0,included_in_expand_p1,3623.2129999999997,324.272,3938.623,324.272,315.41,4367.52,64,128,4096,64,262144,64,64,tcp_two_process_loopback; tcp_two_process;,68780392,1649176,1649176,68780392,70429568,70429568,0,included_in_split_input_bytes,included_in_split_input_bytes,included_in_pprf_bytes,included_in_pprf_bytes,272,8.395858764648438,67.1668701171875,95.38404097551755,4.615572823050682
2026-07-23T09:05:29.541774+00:00,b33a10fa7851ba0c3a26bea531ffb004f00d9365,RM_COORD,INCLUDING_OT,2305843009213693951,61,64,128,2,18,262144,64,4096,32,8,0,OK,measured,PASS,tcp-loopback,0,2,0,1,0,470.216,3261.828,0,0,included_in_expand_p0,included_in_expand_p1,included_in_expand_p0,included_in_expand_p1,included_in_expand_p0,included_in_expand_p1,3626.549,322.188,3942.2259999999997,322.188,315.67699999999996,4369.909,64,128,4096,64,262144,64,64,tcp_two_process_loopback; tcp_two_process;,68780392,1649176,1649176,68780392,70429568,70429568,0,included_in_split_input_bytes,included_in_split_input_bytes,included_in_pprf_bytes,included_in_pprf_bytes,272,8.395858764648438,67.1668701171875,95.38404097551755,4.615572823050682
2026-07-23T09:05:34.087626+00:00,b33a10fa7851ba0c3a26bea531ffb004f00d9365,RM_COORD,INCLUDING_OT,2305843009213693951,61,64,128,2,18,262144,64,4096,32,9,0,OK,measured,PASS,tcp-loopback,0,2,0,1,0,467.979,3259.301,0,0,included_in_expand_p0,included_in_expand_p1,included_in_expand_p0,included_in_expand_p1,included_in_expand_p0,included_in_expand_p1,3621.753,324.852,3937.1800000000003,324.852,315.427,4367.558999999999,64,128,4096,64,262144,64,64,tcp_two_process_loopback; tcp_two_process;,68780392,1649176,1649176,68780392,70429568,70429568,0,included_in_split_input_bytes,included_in_split_input_bytes,included_in_pprf_bytes,included_in_pprf_bytes,272,8.395858764648438,67.1668701171875,95.38404097551755,4.615572823050682
2026-07-23T09:05:38.634499+00:00,b33a10fa7851ba0c3a26bea531ffb004f00d9365,RM_VECTOR,INCLUDING_OT,2305843009213693951,61,64,128,2,20,1048576,64,16384,8,-1,1,OK,measured,PASS,tcp-loopback,0,2,0,1,0,299.23,316.948,0,0,included_in_expand_p0,included_in_expand_p1,included_in_expand_p0,included_in_expand_p1,included_in_expand_p0,included_in_expand_p1,596.711,337.846,912.659,337.846,315.948,1269.972,2,128,16384,64,1048576,2,2,tcp_two_process_loopback; tcp_two_process;,4255400,103656,103656,4255400,4359056,4359056,0,included_in_split_input_bytes,included_in_split_input_bytes,included_in_pprf_bytes,included_in_pprf_bytes,80,0.5196399688720703,4.1571197509765625,96.62147033669676,3.3766944035589357
2026-07-23T09:05:40.179735+00:00,b33a10fa7851ba0c3a26bea531ffb004f00d9365,RM_VECTOR,INCLUDING_OT,2305843009213693951,61,64,128,2,20,1048576,64,16384,8,0,0,OK,measured,PASS,tcp-loopback,0,2,0,1,0,289.74499999999995,313.964,0,0,included_in_expand_p0,included_in_expand_p1,included_in_expand_p0,included_in_expand_p1,included_in_expand_p0,included_in_expand_p1,587.254,338.811,903.202,338.811,315.948,1258.4679999999998,2,128,16384,64,1048576,2,2,tcp_two_process_loopback; tcp_two_process;,4255400,103656,103656,4255400,4359056,4359056,0,included_in_split_input_bytes,included_in_split_input_bytes,included_in_pprf_bytes,included_in_pprf_bytes,80,0.5196399688720703,4.1571197509765625,96.62147033669676,3.3766944035589357
2026-07-23T09:05:41.720630+00:00,b33a10fa7851ba0c3a26bea531ffb004f00d9365,RM_VECTOR,INCLUDING_OT,2305843009213693951,61,64,128,2,20,1048576,64,16384,8,1,0,OK,measured,PASS,tcp-loopback,0,2,0,1,0,294.903,322.023,0,0,included_in_expand_p0,included_in_expand_p1,included_in_expand_p0,included_in_expand_p1,included_in_expand_p0,included_in_expand_p1,595.015,338.353,912.9979999999999,338.353,317.983,1273.262,2,128,16384,64,1048576,2,2,tcp_two_process_loopback; tcp_two_process;,4255400,103656,103656,4255400,4359056,4359056,0,included_in_split_input_bytes,included_in_split_input_bytes,included_in_pprf_bytes,included_in_pprf_bytes,80,0.5196399688720703,4.1571197509765625,96.62147033669676,3.3766944035589357
2026-07-23T09:05:43.269338+00:00,b33a10fa7851ba0c3a26bea531ffb004f00d9365,RM_VECTOR,INCLUDING_OT,2305843009213693951,61,64,128,2,20,1048576,64,16384,8,2,0,OK,measured,PASS,tcp-loopback,0,2,0,1,0,296.421,315.611,0,0,included_in_expand_p0,included_in_expand_p1,included_in_expand_p0,included_in_expand_p1,included_in_expand_p0,included_in_expand_p1,596.0699999999999,338.57599999999996,912.1709999999999,338.57599999999996,316.101,1266.7089999999998,2,128,16384,64,1048576,2,2,tcp_two_process_loopback; tcp_two_process;,4255400,103656,103656,4255400,4359056,4359056,0,included_in_split_input_bytes,included_in_split_input_bytes,included_in_pprf_bytes,included_in_pprf_bytes,80,0.5196399688720703,4.1571197509765625,96.62147033669676,3.3766944035589357
2026-07-23T09:05:44.812152+00:00,b33a10fa7851ba0c3a26bea531ffb004f00d9365,RM_VECTOR,INCLUDING_OT,2305843009213693951,61,64,128,2,20,1048576,64,16384,8,3,0,OK,measured,PASS,tcp-loopback,0,2,0,1,0,290.194,317.542,0,0,included_in_expand_p0,included_in_expand_p1,included_in_expand_p0,included_in_expand_p1,included_in_expand_p0,included_in_expand_p1,588.313,337.597,904.257,337.597,315.944,1261.277,2,128,16384,64,1048576,2,2,tcp_two_process_loopback; tcp_two_process;,4255400,103656,103656,4255400,4359056,4359056,0,included_in_split_input_bytes,included_in_split_input_bytes,included_in_pprf_bytes,included_in_pprf_bytes,80,0.5196399688720703,4.1571197509765625,96.62147033669676,3.3766944035589357
2026-07-23T09:05:46.359465+00:00,b33a10fa7851ba0c3a26bea531ffb004f00d9365,RM_VECTOR,INCLUDING_OT,2305843009213693951,61,64,128,2,20,1048576,64,16384,8,4,0,OK,measured,PASS,tcp-loopback,0,2,0,1,0,290.962,321.38899999999995,0,0,included_in_expand_p0,included_in_expand_p1,included_in_expand_p0,included_in_expand_p1,included_in_expand_p0,included_in_expand_p1,588.94,340.04200000000003,908.77,340.04200000000003,319.83,1272.223,2,128,16384,64,1048576,2,2,tcp_two_process_loopback; tcp_two_process;,4255400,103656,103656,4255400,4359056,4359056,0,included_in_split_input_bytes,included_in_split_input_bytes,included_in_pprf_bytes,included_in_pprf_bytes,80,0.5196399688720703,4.1571197509765625,96.62147033669676,3.3766944035589357
2026-07-23T09:05:47.910109+00:00,b33a10fa7851ba0c3a26bea531ffb004f00d9365,RM_VECTOR,INCLUDING_OT,2305843009213693951,61,64,128,2,20,1048576,64,16384,8,5,0,OK,measured,PASS,tcp-loopback,0,2,0,1,0,296.949,313.952,0,0,included_in_expand_p0,included_in_expand_p1,included_in_expand_p0,included_in_expand_p1,included_in_expand_p0,included_in_expand_p1,594.446,338.099,910.033,338.099,315.587,1264.587,2,128,16384,64,1048576,2,2,tcp_two_process_loopback; tcp_two_process;,4255400,103656,103656,4255400,4359056,4359056,0,included_in_split_input_bytes,included_in_split_input_bytes,included_in_pprf_bytes,included_in_pprf_bytes,80,0.5196399688720703,4.1571197509765625,96.62147033669676,3.3766944035589357
2026-07-23T09:05:49.455383+00:00,b33a10fa7851ba0c3a26bea531ffb004f00d9365,RM_VECTOR,INCLUDING_OT,2305843009213693951,61,64,128,2,20,1048576,64,16384,8,6,0,OK,measured,PASS,tcp-loopback,0,2,0,1,0,298.344,313.556,0,0,included_in_expand_p0,included_in_expand_p1,included_in_expand_p0,included_in_expand_p1,included_in_expand_p0,included_in_expand_p1,596.015,337.399,910.508,337.399,314.493,1263.792,2,128,16384,64,1048576,2,2,tcp_two_process_loopback; tcp_two_process;,4255400,103656,103656,4255400,4359056,4359056,0,included_in_split_input_bytes,included_in_split_input_bytes,included_in_pprf_bytes,included_in_pprf_bytes,80,0.5196399688720703,4.1571197509765625,96.62147033669676,3.3766944035589357
2026-07-23T09:05:50.994757+00:00,b33a10fa7851ba0c3a26bea531ffb004f00d9365,RM_VECTOR,INCLUDING_OT,2305843009213693951,61,64,128,2,20,1048576,64,16384,8,7,0,OK,measured,PASS,tcp-loopback,0,2,0,1,0,297.625,319.425,0,0,included_in_expand_p0,included_in_expand_p1,included_in_expand_p0,included_in_expand_p1,included_in_expand_p0,included_in_expand_p1,598.255,338.58500000000004,915.416,338.58500000000004,317.161,1272.796,2,128,16384,64,1048576,2,2,tcp_two_process_loopback; tcp_two_process;,4255400,103656,103656,4255400,4359056,4359056,0,included_in_split_input_bytes,included_in_split_input_bytes,included_in_pprf_bytes,included_in_pprf_bytes,80,0.5196399688720703,4.1571197509765625,96.62147033669676,3.3766944035589357
2026-07-23T09:05:52.541563+00:00,b33a10fa7851ba0c3a26bea531ffb004f00d9365,RM_VECTOR,INCLUDING_OT,2305843009213693951,61,64,128,2,20,1048576,64,16384,8,8,0,OK,measured,PASS,tcp-loopback,0,2,0,1,0,298.07,320.755,0,0,included_in_expand_p0,included_in_expand_p1,included_in_expand_p0,included_in_expand_p1,included_in_expand_p0,included_in_expand_p1,595.615,341.09299999999996,914.427,341.09299999999996,318.812,1278.73,2,128,16384,64,1048576,2,2,tcp_two_process_loopback; tcp_two_process;,4255400,103656,103656,4255400,4359056,4359056,0,included_in_split_input_bytes,included_in_split_input_bytes,included_in_pprf_bytes,included_in_pprf_bytes,80,0.5196399688720703,4.1571197509765625,96.62147033669676,3.3766944035589357
2026-07-23T09:05:54.096548+00:00,b33a10fa7851ba0c3a26bea531ffb004f00d9365,RM_VECTOR,INCLUDING_OT,2305843009213693951,61,64,128,2,20,1048576,64,16384,8,9,0,OK,measured,PASS,tcp-loopback,0,2,0,1,0,290.103,310.17,0,0,included_in_expand_p0,included_in_expand_p1,included_in_expand_p0,included_in_expand_p1,included_in_expand_p0,included_in_expand_p1,584.601,339.404,902.3910000000001,339.404,317.79,1257.467,2,128,16384,64,1048576,2,2,tcp_two_process_loopback; tcp_two_process;,4255400,103656,103656,4255400,4359056,4359056,0,included_in_split_input_bytes,included_in_split_input_bytes,included_in_pprf_bytes,included_in_pprf_bytes,80,0.5196399688720703,4.1571197509765625,96.62147033669676,3.3766944035589357
2026-07-23T09:05:55.632997+00:00,b33a10fa7851ba0c3a26bea531ffb004f00d9365,RM_COORD,INCLUDING_OT,2305843009213693951,61,64,128,2,20,1048576,64,16384,8,-1,1,OK,measured,PASS,tcp-loopback,0,2,0,1,0,297.969,1152.879,0,0,included_in_expand_p0,included_in_expand_p1,included_in_expand_p0,included_in_expand_p1,included_in_expand_p0,included_in_expand_p1,1426.475,339.749,1747.089,339.749,320.61400000000003,2111.2110000000002,16,128,16384,64,1048576,16,16,tcp_two_process_loopback; tcp_two_process;,4681896,477848,477848,4681896,5159744,5159744,0,included_in_split_input_bytes,included_in_split_input_bytes,included_in_pprf_bytes,included_in_pprf_bytes,80,0.6150894165039062,4.92071533203125,81.62777068009575,18.370678855385073
2026-07-23T09:05:58.006576+00:00,b33a10fa7851ba0c3a26bea531ffb004f00d9365,RM_COORD,INCLUDING_OT,2305843009213693951,61,64,128,2,20,1048576,64,16384,8,0,0,OK,measured,PASS,tcp-loopback,0,2,0,1,0,299.83500000000004,1146.5430000000001,0,0,included_in_expand_p0,included_in_expand_p1,included_in_expand_p0,included_in_expand_p1,included_in_expand_p0,included_in_expand_p1,1426.043,338.175,1743.7579999999998,338.175,317.714,2102.2670000000003,16,128,16384,64,1048576,16,16,tcp_two_process_loopback; tcp_two_process;,4681896,477848,477848,4681896,5159744,5159744,0,included_in_split_input_bytes,included_in_split_input_bytes,included_in_pprf_bytes,included_in_pprf_bytes,80,0.6150894165039062,4.92071533203125,81.62777068009575,18.370678855385073
2026-07-23T09:06:00.372659+00:00,b33a10fa7851ba0c3a26bea531ffb004f00d9365,RM_COORD,INCLUDING_OT,2305843009213693951,61,64,128,2,20,1048576,64,16384,8,1,0,OK,measured,PASS,tcp-loopback,0,2,0,1,0,294.20099999999996,1148.3429999999998,0,0,included_in_expand_p0,included_in_expand_p1,included_in_expand_p0,included_in_expand_p1,included_in_expand_p0,included_in_expand_p1,1422.2379999999998,339.331,1742.077,339.331,319.838,2101.713,16,128,16384,64,1048576,16,16,tcp_two_process_loopback; tcp_two_process;,4681896,477848,477848,4681896,5159744,5159744,0,included_in_split_input_bytes,included_in_split_input_bytes,included_in_pprf_bytes,included_in_pprf_bytes,80,0.6150894165039062,4.92071533203125,81.62777068009575,18.370678855385073
2026-07-23T09:06:02.741751+00:00,b33a10fa7851ba0c3a26bea531ffb004f00d9365,RM_COORD,INCLUDING_OT,2305843009213693951,61,64,128,2,20,1048576,64,16384,8,2,0,OK,measured,PASS,tcp-loopback,0,2,0,1,0,301.145,1148.6970000000001,0,0,included_in_expand_p0,included_in_expand_p1,included_in_expand_p0,included_in_expand_p1,included_in_expand_p0,included_in_expand_p1,1429.7740000000001,338.374,1747.56,338.374,317.786,2106.002,16,128,16384,64,1048576,16,16,tcp_two_process_loopback; tcp_two_process;,4681896,477848,477848,4681896,5159744,5159744,0,included_in_split_input_bytes,included_in_split_input_bytes,included_in_pprf_bytes,included_in_pprf_bytes,80,0.6150894165039062,4.92071533203125,81.62777068009575,18.370678855385073
2026-07-23T09:06:05.112532+00:00,b33a10fa7851ba0c3a26bea531ffb004f00d9365,RM_COORD,INCLUDING_OT,2305843009213693951,61,64,128,2,20,1048576,64,16384,8,3,0,OK,measured,PASS,tcp-loopback,0,2,0,1,0,292.706,1145.89,0,0,included_in_expand_p0,included_in_expand_p1,included_in_expand_p0,included_in_expand_p1,included_in_expand_p0,included_in_expand_p1,1419.199,340.603,1740.483,340.603,321.284,2100.483,16,128,16384,64,1048576,16,16,tcp_two_process_loopback; tcp_two_process;,4681896,477848,477848,4681896,5159744,5159744,0,included_in_split_input_bytes,included_in_split_input_bytes,included_in_pprf_bytes,included_in_pprf_bytes,80,0.6150894165039062,4.92071533203125,81.62777068009575,18.370678855385073
2026-07-23T09:06:07.479130+00:00,b33a10fa7851ba0c3a26bea531ffb004f00d9365,RM_COORD,INCLUDING_OT,2305843009213693951,61,64,128,2,20,1048576,64,16384,8,4,0,OK,measured,PASS,tcp-loopback,0,2,0,1,0,298.557,1147.598,0,0,included_in_expand_p0,included_in_expand_p1,included_in_expand_p0,included_in_expand_p1,included_in_expand_p0,included_in_expand_p1,1426.671,338.697,1745.671,338.697,319.0,2103.852,16,128,16384,64,1048576,16,16,tcp_two_process_loopback; tcp_two_process;,4681896,477848,477848,4681896,5159744,5159744,0,included_in_split_input_bytes,included_in_split_input_bytes,included_in_pprf_bytes,included_in_pprf_bytes,80,0.6150894165039062,4.92071533203125,81.62777068009575,18.370678855385073
2026-07-23T09:06:09.849292+00:00,b33a10fa7851ba0c3a26bea531ffb004f00d9365,RM_COORD,INCLUDING_OT,2305843009213693951,61,64,128,2,20,1048576,64,16384,8,5,0,OK,measured,PASS,tcp-loopback,0,2,0,1,0,296.263,1147.734,0,0,included_in_expand_p0,included_in_expand_p1,included_in_expand_p0,included_in_expand_p1,included_in_expand_p0,included_in_expand_p1,1424.7240000000002,342.387,1745.687,342.387,320.963,2107.3469999999998,16,128,16384,64,1048576,16,16,tcp_two_process_loopback; tcp_two_process;,4681896,477848,477848,4681896,5159744,5159744,0,included_in_split_input_bytes,included_in_split_input_bytes,included_in_pprf_bytes,included_in_pprf_bytes,80,0.6150894165039062,4.92071533203125,81.62777068009575,18.370678855385073
2026-07-23T09:06:12.217776+00:00,b33a10fa7851ba0c3a26bea531ffb004f00d9365,RM_COORD,INCLUDING_OT,2305843009213693951,61,64,128,2,20,1048576,64,16384,8,6,0,OK,measured,PASS,tcp-loopback,0,2,0,1,0,293.805,1149.645,0,0,included_in_expand_p0,included_in_expand_p1,included_in_expand_p0,included_in_expand_p1,included_in_expand_p0,included_in_expand_p1,1419.887,339.60200000000003,1747.1000000000001,339.60200000000003,327.21299999999997,2110.2650000000003,16,128,16384,64,1048576,16,16,tcp_two_process_loopback; tcp_two_process;,4681896,477848,477848,4681896,5159744,5159744,0,included_in_split_input_bytes,included_in_split_input_bytes,included_in_pprf_bytes,included_in_pprf_bytes,80,0.6150894165039062,4.92071533203125,81.62777068009575,18.370678855385073
2026-07-23T09:06:14.585688+00:00,b33a10fa7851ba0c3a26bea531ffb004f00d9365,RM_COORD,INCLUDING_OT,2305843009213693951,61,64,128,2,20,1048576,64,16384,8,7,0,OK,measured,PASS,tcp-loopback,0,2,0,1,0,293.124,1148.0049999999999,0,0,included_in_expand_p0,included_in_expand_p1,included_in_expand_p0,included_in_expand_p1,included_in_expand_p0,included_in_expand_p1,1415.827,340.09299999999996,1734.839,340.09299999999996,319.012,2100.234,16,128,16384,64,1048576,16,16,tcp_two_process_loopback; tcp_two_process;,4681896,477848,477848,4681896,5159744,5159744,0,included_in_split_input_bytes,included_in_split_input_bytes,included_in_pprf_bytes,included_in_pprf_bytes,80,0.6150894165039062,4.92071533203125,81.62777068009575,18.370678855385073
2026-07-23T09:06:16.950875+00:00,b33a10fa7851ba0c3a26bea531ffb004f00d9365,RM_COORD,INCLUDING_OT,2305843009213693951,61,64,128,2,20,1048576,64,16384,8,8,0,OK,measured,PASS,tcp-loopback,0,2,0,1,0,298.002,1145.563,0,0,included_in_expand_p0,included_in_expand_p1,included_in_expand_p0,included_in_expand_p1,included_in_expand_p0,included_in_expand_p1,1419.535,343.457,1741.1970000000001,343.457,321.662,2108.6839999999997,16,128,16384,64,1048576,16,16,tcp_two_process_loopback; tcp_two_process;,4681896,477848,477848,4681896,5159744,5159744,0,included_in_split_input_bytes,included_in_split_input_bytes,included_in_pprf_bytes,included_in_pprf_bytes,80,0.6150894165039062,4.92071533203125,81.62777068009575,18.370678855385073
2026-07-23T09:06:19.317197+00:00,b33a10fa7851ba0c3a26bea531ffb004f00d9365,RM_COORD,INCLUDING_OT,2305843009213693951,61,64,128,2,20,1048576,64,16384,8,9,0,OK,measured,PASS,tcp-loopback,0,2,0,1,0,297.825,1153.657,0,0,included_in_expand_p0,included_in_expand_p1,included_in_expand_p0,included_in_expand_p1,included_in_expand_p0,included_in_expand_p1,1427.334,342.094,1750.9099999999999,342.094,323.57599999999996,2117.152,16,128,16384,64,1048576,16,16,tcp_two_process_loopback; tcp_two_process;,4681896,477848,477848,4681896,5159744,5159744,0,included_in_split_input_bytes,included_in_split_input_bytes,included_in_pprf_bytes,included_in_pprf_bytes,80,0.6150894165039062,4.92071533203125,81.62777068009575,18.370678855385073
2026-07-23T09:06:21.693027+00:00,b33a10fa7851ba0c3a26bea531ffb004f00d9365,RM_VECTOR,INCLUDING_OT,2305843009213693951,61,64,128,2,20,1048576,64,16384,16,-1,1,OK,measured,PASS,tcp-loopback,0,2,0,1,0,395.867,510.09099999999995,0,0,included_in_expand_p0,included_in_expand_p1,included_in_expand_p0,included_in_expand_p1,included_in_expand_p0,included_in_expand_p1,856.688,697.6569999999999,1540.163,697.6569999999999,683.475,2287.0899999999997,2,128,16384,64,1048576,2,2,tcp_two_process_loopback; tcp_two_process;,16838376,153832,153832,16838376,16992208,16992208,0,included_in_split_input_bytes,included_in_split_input_bytes,included_in_pprf_bytes,included_in_pprf_bytes,144,1.0128145217895508,8.102516174316406,98.94007888792322,1.0590736648233119
2026-07-23T09:06:24.126916+00:00,b33a10fa7851ba0c3a26bea531ffb004f00d9365,RM_VECTOR,INCLUDING_OT,2305843009213693951,61,64,128,2,20,1048576,64,16384,16,0,0,OK,measured,PASS,tcp-loopback,0,2,0,1,0,389.095,512.412,0,0,included_in_expand_p0,included_in_expand_p1,included_in_expand_p0,included_in_expand_p1,included_in_expand_p0,included_in_expand_p1,853.793,696.323,1531.2969999999998,696.323,677.5029999999999,2275.3329999999996,2,128,16384,64,1048576,2,2,tcp_two_process_loopback; tcp_two_process;,16838376,153832,153832,16838376,16992208,16992208,0,included_in_split_input_bytes,included_in_split_input_bytes,included_in_pprf_bytes,included_in_pprf_bytes,144,1.0128145217895508,8.102516174316406,98.94007888792322,1.0590736648233119
2026-07-23T09:06:26.559867+00:00,b33a10fa7851ba0c3a26bea531ffb004f00d9365,RM_VECTOR,INCLUDING_OT,2305843009213693951,61,64,128,2,20,1048576,64,16384,16,1,0,OK,measured,PASS,tcp-loopback,0,2,0,1,0,402.901,515.798,0,0,included_in_expand_p0,included_in_expand_p1,included_in_expand_p0,included_in_expand_p1,included_in_expand_p0,included_in_expand_p1,867.986,695.5029999999999,1547.105,695.5029999999999,679.119,2293.321,2,128,16384,64,1048576,2,2,tcp_two_process_loopback; tcp_two_process;,16838376,153832,153832,16838376,16992208,16992208,0,included_in_split_input_bytes,included_in_split_input_bytes,included_in_pprf_bytes,included_in_pprf_bytes,144,1.0128145217895508,8.102516174316406,98.94007888792322,1.0590736648233119
2026-07-23T09:06:29.004242+00:00,b33a10fa7851ba0c3a26bea531ffb004f00d9365,RM_VECTOR,INCLUDING_OT,2305843009213693951,61,64,128,2,20,1048576,64,16384,16,2,0,OK,measured,PASS,tcp-loopback,0,2,0,1,0,396.14500000000004,509.753,0,0,included_in_expand_p0,included_in_expand_p1,included_in_expand_p0,included_in_expand_p1,included_in_expand_p0,included_in_expand_p1,857.971,700.6949999999999,1543.125,700.6949999999999,685.154,2291.747,2,128,16384,64,1048576,2,2,tcp_two_process_loopback; tcp_two_process;,16838376,153832,153832,16838376,16992208,16992208,0,included_in_split_input_bytes,included_in_split_input_bytes,included_in_pprf_bytes,included_in_pprf_bytes,144,1.0128145217895508,8.102516174316406,98.94007888792322,1.0590736648233119
2026-07-23T09:06:31.439287+00:00,b33a10fa7851ba0c3a26bea531ffb004f00d9365,RM_VECTOR,INCLUDING_OT,2305843009213693951,61,64,128,2,20,1048576,64,16384,16,3,0,OK,measured,PASS,tcp-loopback,0,2,0,1,0,397.66200000000003,514.334,0,0,included_in_expand_p0,included_in_expand_p1,included_in_expand_p0,included_in_expand_p1,included_in_expand_p0,included_in_expand_p1,863.545,692.847,1542.087,692.847,678.542,2283.3849999999998,2,128,16384,64,1048576,2,2,tcp_two_process_loopback; tcp_two_process;,16838376,153832,153832,16838376,16992208,16992208,0,included_in_split_input_bytes,included_in_split_input_bytes,included_in_pprf_bytes,included_in_pprf_bytes,144,1.0128145217895508,8.102516174316406,98.94007888792322,1.0590736648233119
2026-07-23T09:06:33.874015+00:00,b33a10fa7851ba0c3a26bea531ffb004f00d9365,RM_VECTOR,INCLUDING_OT,2305843009213693951,61,64,128,2,20,1048576,64,16384,16,4,0,OK,measured,PASS,tcp-loopback,0,2,0,1,0,396.65099999999995,517.893,0,0,included_in_expand_p0,included_in_expand_p1,included_in_expand_p0,included_in_expand_p1,included_in_expand_p0,included_in_expand_p1,864.487,693.0070000000001,1543.394,693.0070000000001,678.907,2286.458,2,128,16384,64,1048576,2,2,tcp_two_process_loopback; tcp_two_process;,16838376,153832,153832,16838376,16992208,16992208,0,included_in_split_input_bytes,included_in_split_input_bytes,included_in_pprf_bytes,included_in_pprf_bytes,144,1.0128145217895508,8.102516174316406,98.94007888792322,1.0590736648233119
2026-07-23T09:06:36.308081+00:00,b33a10fa7851ba0c3a26bea531ffb004f00d9365,RM_VECTOR,INCLUDING_OT,2305843009213693951,61,64,128,2,20,1048576,64,16384,16,5,0,OK,measured,PASS,tcp-loopback,0,2,0,1,0,394.128,510.934,0,0,included_in_expand_p0,included_in_expand_p1,included_in_expand_p0,included_in_expand_p1,included_in_expand_p0,included_in_expand_p1,856.435,692.3249999999999,1533.185,692.3249999999999,676.75,2274.1369999999997,2,128,16384,64,1048576,2,2,tcp_two_process_loopback; tcp_two_process;,16838376,153832,153832,16838376,16992208,16992208,0,included_in_split_input_bytes,included_in_split_input_bytes,included_in_pprf_bytes,included_in_pprf_bytes,144,1.0128145217895508,8.102516174316406,98.94007888792322,1.0590736648233119
2026-07-23T09:06:38.737465+00:00,b33a10fa7851ba0c3a26bea531ffb004f00d9365,RM_VECTOR,INCLUDING_OT,2305843009213693951,61,64,128,2,20,1048576,64,16384,16,6,0,OK,measured,PASS,tcp-loopback,0,2,0,1,0,397.519,514.082,0,0,included_in_expand_p0,included_in_expand_p1,included_in_expand_p0,included_in_expand_p1,included_in_expand_p0,included_in_expand_p1,863.992,691.7149999999999,1544.16,691.7149999999999,680.168,2283.484,2,128,16384,64,1048576,2,2,tcp_two_process_loopback; tcp_two_process;,16838376,153832,153832,16838376,16992208,16992208,0,included_in_split_input_bytes,included_in_split_input_bytes,included_in_pprf_bytes,included_in_pprf_bytes,144,1.0128145217895508,8.102516174316406,98.94007888792322,1.0590736648233119
2026-07-23T09:06:41.166422+00:00,b33a10fa7851ba0c3a26bea531ffb004f00d9365,RM_VECTOR,INCLUDING_OT,2305843009213693951,61,64,128,2,20,1048576,64,16384,16,7,0,OK,measured,PASS,tcp-loopback,0,2,0,1,0,393.29900000000004,522.764,0,0,included_in_expand_p0,included_in_expand_p1,included_in_expand_p0,included_in_expand_p1,included_in_expand_p0,included_in_expand_p1,861.559,694.579,1542.581,694.579,681.023,2291.665,2,128,16384,64,1048576,2,2,tcp_two_process_loopback; tcp_two_process;,16838376,153832,153832,16838376,16992208,16992208,0,included_in_split_input_bytes,included_in_split_input_bytes,included_in_pprf_bytes,included_in_pprf_bytes,144,1.0128145217895508,8.102516174316406,98.94007888792322,1.0590736648233119
2026-07-23T09:06:43.613601+00:00,b33a10fa7851ba0c3a26bea531ffb004f00d9365,RM_VECTOR,INCLUDING_OT,2305843009213693951,61,64,128,2,20,1048576,64,16384,16,8,0,OK,measured,PASS,tcp-loopback,0,2,0,1,0,396.275,516.437,0,0,included_in_expand_p0,included_in_expand_p1,included_in_expand_p0,included_in_expand_p1,included_in_expand_p0,included_in_expand_p1,859.158,689.8689999999999,1536.98,689.8689999999999,677.822,2280.403,2,128,16384,64,1048576,2,2,tcp_two_process_loopback; tcp_two_process;,16838376,153832,153832,16838376,16992208,16992208,0,included_in_split_input_bytes,included_in_split_input_bytes,included_in_pprf_bytes,included_in_pprf_bytes,144,1.0128145217895508,8.102516174316406,98.94007888792322,1.0590736648233119
2026-07-23T09:06:46.043256+00:00,b33a10fa7851ba0c3a26bea531ffb004f00d9365,RM_VECTOR,INCLUDING_OT,2305843009213693951,61,64,128,2,20,1048576,64,16384,16,9,0,OK,measured,PASS,tcp-loopback,0,2,0,1,0,395.786,515.428,0,0,included_in_expand_p0,included_in_expand_p1,included_in_expand_p0,included_in_expand_p1,included_in_expand_p0,included_in_expand_p1,861.034,696.554,1542.9740000000002,696.554,681.939,2289.707,2,128,16384,64,1048576,2,2,tcp_two_process_loopback; tcp_two_process;,16838376,153832,153832,16838376,16992208,16992208,0,included_in_split_input_bytes,included_in_split_input_bytes,included_in_pprf_bytes,included_in_pprf_bytes,144,1.0128145217895508,8.102516174316406,98.94007888792322,1.0590736648233119
2026-07-23T09:06:48.482760+00:00,b33a10fa7851ba0c3a26bea531ffb004f00d9365,RM_COORD,INCLUDING_OT,2305843009213693951,61,64,128,2,20,1048576,64,16384,16,-1,1,OK,measured,PASS,tcp-loopback,0,2,0,1,0,397.52500000000003,2292.532,0,0,included_in_expand_p0,included_in_expand_p1,included_in_expand_p0,included_in_expand_p1,included_in_expand_p0,included_in_expand_p1,2645.0170000000003,689.698,3321.5080000000003,689.698,676.491,4056.246,32,128,16384,64,1048576,32,32,tcp_two_process_loopback; tcp_two_process;,17752296,955672,955672,17752296,18707968,18707968,0,included_in_split_input_bytes,included_in_split_input_bytes,included_in_pprf_bytes,included_in_pprf_bytes,144,1.115081787109375,8.920654296875,89.86600789567312,10.133222378828101
2026-07-23T09:06:52.610998+00:00,b33a10fa7851ba0c3a26bea531ffb004f00d9365,RM_COORD,INCLUDING_OT,2305843009213693951,61,64,128,2,20,1048576,64,16384,16,0,0,OK,measured,PASS,tcp-loopback,0,2,0,1,0,396.88800000000003,2290.773,0,0,included_in_expand_p0,included_in_expand_p1,included_in_expand_p0,included_in_expand_p1,included_in_expand_p0,included_in_expand_p1,2642.677,691.289,3314.9829999999997,691.289,672.3059999999999,4051.256,32,128,16384,64,1048576,32,32,tcp_two_process_loopback; tcp_two_process;,17752296,955672,955672,17752296,18707968,18707968,0,included_in_split_input_bytes,included_in_split_input_bytes,included_in_pprf_bytes,included_in_pprf_bytes,144,1.115081787109375,8.920654296875,89.86600789567312,10.133222378828101
2026-07-23T09:06:56.731761+00:00,b33a10fa7851ba0c3a26bea531ffb004f00d9365,RM_COORD,INCLUDING_OT,2305843009213693951,61,64,128,2,20,1048576,64,16384,16,1,0,OK,measured,PASS,tcp-loopback,0,2,0,1,0,395.266,2306.85,0,0,included_in_expand_p0,included_in_expand_p1,included_in_expand_p0,included_in_expand_p1,included_in_expand_p0,included_in_expand_p1,2656.0730000000003,695.451,3339.082,695.451,683.009,4080.576,32,128,16384,64,1048576,32,32,tcp_two_process_loopback; tcp_two_process;,17752296,955672,955672,17752296,18707968,18707968,0,included_in_split_input_bytes,included_in_split_input_bytes,included_in_pprf_bytes,included_in_pprf_bytes,144,1.115081787109375,8.920654296875,89.86600789567312,10.133222378828101
2026-07-23T09:07:00.877420+00:00,b33a10fa7851ba0c3a26bea531ffb004f00d9365,RM_COORD,INCLUDING_OT,2305843009213693951,61,64,128,2,20,1048576,64,16384,16,2,0,OK,measured,PASS,tcp-loopback,0,2,0,1,0,397.464,2293.266,0,0,included_in_expand_p0,included_in_expand_p1,included_in_expand_p0,included_in_expand_p1,included_in_expand_p0,included_in_expand_p1,2645.504,687.183,3318.7129999999997,687.183,673.209,4051.122,32,128,16384,64,1048576,32,32,tcp_two_process_loopback; tcp_two_process;,17752296,955672,955672,17752296,18707968,18707968,0,included_in_split_input_bytes,included_in_split_input_bytes,included_in_pprf_bytes,included_in_pprf_bytes,144,1.115081787109375,8.920654296875,89.86600789567312,10.133222378828101
2026-07-23T09:07:05.000416+00:00,b33a10fa7851ba0c3a26bea531ffb004f00d9365,RM_COORD,INCLUDING_OT,2305843009213693951,61,64,128,2,20,1048576,64,16384,16,3,0,OK,measured,PASS,tcp-loopback,0,2,0,1,0,392.755,2293.2999999999997,0,0,included_in_expand_p0,included_in_expand_p1,included_in_expand_p0,included_in_expand_p1,included_in_expand_p0,included_in_expand_p1,2642.376,690.846,3319.133,690.846,676.756,4053.6569999999997,32,128,16384,64,1048576,32,32,tcp_two_process_loopback; tcp_two_process;,17752296,955672,955672,17752296,18707968,18707968,0,included_in_split_input_bytes,included_in_split_input_bytes,included_in_pprf_bytes,included_in_pprf_bytes,144,1.115081787109375,8.920654296875,89.86600789567312,10.133222378828101
2026-07-23T09:07:09.123913+00:00,b33a10fa7851ba0c3a26bea531ffb004f00d9365,RM_COORD,INCLUDING_OT,2305843009213693951,61,64,128,2,20,1048576,64,16384,16,4,0,OK,measured,PASS,tcp-loopback,0,2,0,1,0,389.601,2296.68,0,0,included_in_expand_p0,included_in_expand_p1,included_in_expand_p0,included_in_expand_p1,included_in_expand_p0,included_in_expand_p1,2642.176,686.678,3315.5130000000004,686.678,673.338,4046.2969999999996,32,128,16384,64,1048576,32,32,tcp_two_process_loopback; tcp_two_process;,17752296,955672,955672,17752296,18707968,18707968,0,included_in_split_input_bytes,included_in_split_input_bytes,included_in_pprf_bytes,included_in_pprf_bytes,144,1.115081787109375,8.920654296875,89.86600789567312,10.133222378828101
2026-07-23T09:07:13.247349+00:00,b33a10fa7851ba0c3a26bea531ffb004f00d9365,RM_COORD,INCLUDING_OT,2305843009213693951,61,64,128,2,20,1048576,64,16384,16,5,0,OK,measured,PASS,tcp-loopback,0,2,0,1,0,394.61899999999997,2283.6789999999996,0,0,included_in_expand_p0,included_in_expand_p1,included_in_expand_p0,included_in_expand_p1,included_in_expand_p0,included_in_expand_p1,2636.644,686.466,3309.798,686.466,673.154,4037.9179999999997,32,128,16384,64,1048576,32,32,tcp_two_process_loopback; tcp_two_process;,17752296,955672,955672,17752296,18707968,18707968,0,included_in_split_input_bytes,included_in_split_input_bytes,included_in_pprf_bytes,included_in_pprf_bytes,144,1.115081787109375,8.920654296875,89.86600789567312,10.133222378828101
2026-07-23T09:07:17.360286+00:00,b33a10fa7851ba0c3a26bea531ffb004f00d9365,RM_COORD,INCLUDING_OT,2305843009213693951,61,64,128,2,20,1048576,64,16384,16,6,0,OK,measured,PASS,tcp-loopback,0,2,0,1,0,400.26800000000003,2289.586,0,0,included_in_expand_p0,included_in_expand_p1,included_in_expand_p0,included_in_expand_p1,included_in_expand_p0,included_in_expand_p1,2642.524,689.971,3321.6899999999996,689.971,679.166,4058.991,32,128,16384,64,1048576,32,32,tcp_two_process_loopback; tcp_two_process;,17752296,955672,955672,17752296,18707968,18707968,0,included_in_split_input_bytes,included_in_split_input_bytes,included_in_pprf_bytes,included_in_pprf_bytes,144,1.115081787109375,8.920654296875,89.86600789567312,10.133222378828101
2026-07-23T09:07:21.487215+00:00,b33a10fa7851ba0c3a26bea531ffb004f00d9365,RM_COORD,INCLUDING_OT,2305843009213693951,61,64,128,2,20,1048576,64,16384,16,7,0,OK,measured,PASS,tcp-loopback,0,2,0,1,0,395.241,2288.444,0,0,included_in_expand_p0,included_in_expand_p1,included_in_expand_p0,included_in_expand_p1,included_in_expand_p0,included_in_expand_p1,2638.395,690.62,3314.4779999999996,690.62,676.083,4050.388,32,128,16384,64,1048576,32,32,tcp_two_process_loopback; tcp_two_process;,17752296,955672,955672,17752296,18707968,18707968,0,included_in_split_input_bytes,included_in_split_input_bytes,included_in_pprf_bytes,included_in_pprf_bytes,144,1.115081787109375,8.920654296875,89.86600789567312,10.133222378828101
2026-07-23T09:07:25.607970+00:00,b33a10fa7851ba0c3a26bea531ffb004f00d9365,RM_COORD,INCLUDING_OT,2305843009213693951,61,64,128,2,20,1048576,64,16384,16,8,0,OK,measured,PASS,tcp-loopback,0,2,0,1,0,397.325,2298.7690000000002,0,0,included_in_expand_p0,included_in_expand_p1,included_in_expand_p0,included_in_expand_p1,included_in_expand_p0,included_in_expand_p1,2650.7290000000003,690.991,3329.586,690.991,678.856,4065.941,32,128,16384,64,1048576,32,32,tcp_two_process_loopback; tcp_two_process;,17752296,955672,955672,17752296,18707968,18707968,0,included_in_split_input_bytes,included_in_split_input_bytes,included_in_pprf_bytes,included_in_pprf_bytes,144,1.115081787109375,8.920654296875,89.86600789567312,10.133222378828101
2026-07-23T09:07:29.740114+00:00,b33a10fa7851ba0c3a26bea531ffb004f00d9365,RM_COORD,INCLUDING_OT,2305843009213693951,61,64,128,2,20,1048576,64,16384,16,9,0,OK,measured,PASS,tcp-loopback,0,2,0,1,0,395.621,2305.4320000000002,0,0,included_in_expand_p0,included_in_expand_p1,included_in_expand_p0,included_in_expand_p1,included_in_expand_p0,included_in_expand_p1,2655.957,695.159,3338.428,695.159,682.471,4078.6830000000004,32,128,16384,64,1048576,32,32,tcp_two_process_loopback; tcp_two_process;,17752296,955672,955672,17752296,18707968,18707968,0,included_in_split_input_bytes,included_in_split_input_bytes,included_in_pprf_bytes,included_in_pprf_bytes,144,1.115081787109375,8.920654296875,89.86600789567312,10.133222378828101
2026-07-23T09:07:33.885080+00:00,b33a10fa7851ba0c3a26bea531ffb004f00d9365,RM_VECTOR,INCLUDING_OT,2305843009213693951,61,64,128,2,20,1048576,64,16384,32,-1,1,OK,measured,PASS,tcp-loopback,0,2,0,1,0,647.738,948.967,0,0,included_in_expand_p0,included_in_expand_p1,included_in_expand_p0,included_in_expand_p1,included_in_expand_p0,included_in_expand_p1,1432.623,1459.2130000000002,2867.17,1459.2130000000002,1434.546,4490.464,2,128,16384,64,1048576,2,2,tcp_two_process_loopback; tcp_two_process;,67170152,254184,254184,67170152,67424336,67424336,0,included_in_split_input_bytes,included_in_split_input_bytes,included_in_pprf_bytes,included_in_pprf_bytes,272,2.009401798248291,16.075214385986328,99.63549066319318,0.36410592163636585
2026-07-23T09:07:38.203209+00:00,b33a10fa7851ba0c3a26bea531ffb004f00d9365,RM_VECTOR,INCLUDING_OT,2305843009213693951,61,64,128,2,20,1048576,64,16384,32,0,0,OK,measured,PASS,tcp-loopback,0,2,0,1,0,643.1510000000001,948.4200000000001,0,0,included_in_expand_p0,included_in_expand_p1,included_in_expand_p0,included_in_expand_p1,included_in_expand_p0,included_in_expand_p1,1435.144,1467.649,2902.794,1451.193,1467.649,4510.4130000000005,2,128,16384,64,1048576,2,2,tcp_two_process_loopback; tcp_two_process;,67170152,254184,254184,67170152,67424336,67424336,0,included_in_split_input_bytes,included_in_split_input_bytes,included_in_pprf_bytes,included_in_pprf_bytes,272,2.009401798248291,16.075214385986328,99.63549066319318,0.36410592163636585
2026-07-23T09:07:42.520090+00:00,b33a10fa7851ba0c3a26bea531ffb004f00d9365,RM_VECTOR,INCLUDING_OT,2305843009213693951,61,64,128,2,20,1048576,64,16384,32,1,0,OK,measured,PASS,tcp-loopback,0,2,0,1,0,646.121,936.158,0,0,included_in_expand_p0,included_in_expand_p1,included_in_expand_p0,included_in_expand_p1,included_in_expand_p0,included_in_expand_p1,1431.865,1453.035,2879.1980000000003,1453.035,1447.333,4482.647000000001,2,128,16384,64,1048576,2,2,tcp_two_process_loopback; tcp_two_process;,67170152,254184,254184,67170152,67424336,67424336,0,included_in_split_input_bytes,included_in_split_input_bytes,included_in_pprf_bytes,included_in_pprf_bytes,272,2.009401798248291,16.075214385986328,99.63549066319318,0.36410592163636585
2026-07-23T09:07:46.817704+00:00,b33a10fa7851ba0c3a26bea531ffb004f00d9365,RM_VECTOR,INCLUDING_OT,2305843009213693951,61,64,128,2,20,1048576,64,16384,32,2,0,OK,measured,PASS,tcp-loopback,0,2,0,1,0,648.3330000000001,948.16,0,0,included_in_expand_p0,included_in_expand_p1,included_in_expand_p0,included_in_expand_p1,included_in_expand_p0,included_in_expand_p1,1432.1699999999998,1455.115,2864.546,1455.115,1432.3760000000002,4483.984,2,128,16384,64,1048576,2,2,tcp_two_process_loopback; tcp_two_process;,67170152,254184,254184,67170152,67424336,67424336,0,included_in_split_input_bytes,included_in_split_input_bytes,included_in_pprf_bytes,included_in_pprf_bytes,272,2.009401798248291,16.075214385986328,99.63549066319318,0.36410592163636585
2026-07-23T09:07:51.135336+00:00,b33a10fa7851ba0c3a26bea531ffb004f00d9365,RM_VECTOR,INCLUDING_OT,2305843009213693951,61,64,128,2,20,1048576,64,16384,32,3,0,OK,measured,PASS,tcp-loopback,0,2,0,1,0,646.8660000000001,949.6419999999999,0,0,included_in_expand_p0,included_in_expand_p1,included_in_expand_p0,included_in_expand_p1,included_in_expand_p0,included_in_expand_p1,1438.972,1476.368,2915.3410000000003,1457.504,1476.368,4530.379999999999,2,128,16384,64,1048576,2,2,tcp_two_process_loopback; tcp_two_process;,67170152,254184,254184,67170152,67424336,67424336,0,included_in_split_input_bytes,included_in_split_input_bytes,included_in_pprf_bytes,included_in_pprf_bytes,272,2.009401798248291,16.075214385986328,99.63549066319318,0.36410592163636585
2026-07-23T09:07:55.456100+00:00,b33a10fa7851ba0c3a26bea531ffb004f00d9365,RM_VECTOR,INCLUDING_OT,2305843009213693951,61,64,128,2,20,1048576,64,16384,32,4,0,OK,measured,PASS,tcp-loopback,0,2,0,1,0,648.646,941.951,0,0,included_in_expand_p0,included_in_expand_p1,included_in_expand_p0,included_in_expand_p1,included_in_expand_p0,included_in_expand_p1,1428.885,1460.607,2867.895,1460.607,1439.01,4490.214,2,128,16384,64,1048576,2,2,tcp_two_process_loopback; tcp_two_process;,67170152,254184,254184,67170152,67424336,67424336,0,included_in_split_input_bytes,included_in_split_input_bytes,included_in_pprf_bytes,included_in_pprf_bytes,272,2.009401798248291,16.075214385986328,99.63549066319318,0.36410592163636585
2026-07-23T09:07:59.773545+00:00,b33a10fa7851ba0c3a26bea531ffb004f00d9365,RM_VECTOR,INCLUDING_OT,2305843009213693951,61,64,128,2,20,1048576,64,16384,32,5,0,OK,measured,PASS,tcp-loopback,0,2,0,1,0,644.614,938.727,0,0,included_in_expand_p0,included_in_expand_p1,included_in_expand_p0,included_in_expand_p1,included_in_expand_p0,included_in_expand_p1,1433.385,1454.317,2884.0150000000003,1454.317,1450.63,4488.2880000000005,2,128,16384,64,1048576,2,2,tcp_two_process_loopback; tcp_two_process;,67170152,254184,254184,67170152,67424336,67424336,0,included_in_split_input_bytes,included_in_split_input_bytes,included_in_pprf_bytes,included_in_pprf_bytes,272,2.009401798248291,16.075214385986328,99.63549066319318,0.36410592163636585
2026-07-23T09:08:04.072448+00:00,b33a10fa7851ba0c3a26bea531ffb004f00d9365,RM_VECTOR,INCLUDING_OT,2305843009213693951,61,64,128,2,20,1048576,64,16384,32,6,0,OK,measured,PASS,tcp-loopback,0,2,0,1,0,645.636,948.356,0,0,included_in_expand_p0,included_in_expand_p1,included_in_expand_p0,included_in_expand_p1,included_in_expand_p0,included_in_expand_p1,1438.9579999999999,1464.371,2887.136,1464.371,1448.1779999999999,4506.541,2,128,16384,64,1048576,2,2,tcp_two_process_loopback; tcp_two_process;,67170152,254184,254184,67170152,67424336,67424336,0,included_in_split_input_bytes,included_in_split_input_bytes,included_in_pprf_bytes,included_in_pprf_bytes,272,2.009401798248291,16.075214385986328,99.63549066319318,0.36410592163636585
2026-07-23T09:08:08.394205+00:00,b33a10fa7851ba0c3a26bea531ffb004f00d9365,RM_VECTOR,INCLUDING_OT,2305843009213693951,61,64,128,2,20,1048576,64,16384,32,7,0,OK,measured,PASS,tcp-loopback,0,2,0,1,0,649.548,945.954,0,0,included_in_expand_p0,included_in_expand_p1,included_in_expand_p0,included_in_expand_p1,included_in_expand_p0,included_in_expand_p1,1431.6960000000001,1463.002,2873.1749999999997,1463.002,1441.478,4499.982,2,128,16384,64,1048576,2,2,tcp_two_process_loopback; tcp_two_process;,67170152,254184,254184,67170152,67424336,67424336,0,included_in_split_input_bytes,included_in_split_input_bytes,included_in_pprf_bytes,included_in_pprf_bytes,272,2.009401798248291,16.075214385986328,99.63549066319318,0.36410592163636585
2026-07-23T09:08:12.724604+00:00,b33a10fa7851ba0c3a26bea531ffb004f00d9365,RM_VECTOR,INCLUDING_OT,2305843009213693951,61,64,128,2,20,1048576,64,16384,32,8,0,OK,measured,PASS,tcp-loopback,0,2,0,1,0,647.393,947.469,0,0,included_in_expand_p0,included_in_expand_p1,included_in_expand_p0,included_in_expand_p1,included_in_expand_p0,included_in_expand_p1,1438.814,1456.7,2895.514,1449.503,1456.7,4501.065,2,128,16384,64,1048576,2,2,tcp_two_process_loopback; tcp_two_process;,67170152,254184,254184,67170152,67424336,67424336,0,included_in_split_input_bytes,included_in_split_input_bytes,included_in_pprf_bytes,included_in_pprf_bytes,272,2.009401798248291,16.075214385986328,99.63549066319318,0.36410592163636585
2026-07-23T09:08:17.040130+00:00,b33a10fa7851ba0c3a26bea531ffb004f00d9365,RM_VECTOR,INCLUDING_OT,2305843009213693951,61,64,128,2,20,1048576,64,16384,32,9,0,OK,measured,PASS,tcp-loopback,0,2,0,1,0,645.97,936.082,0,0,included_in_expand_p0,included_in_expand_p1,included_in_expand_p0,included_in_expand_p1,included_in_expand_p0,included_in_expand_p1,1424.112,1458.938,2881.4579999999996,1458.938,1457.346,4498.336,2,128,16384,64,1048576,2,2,tcp_two_process_loopback; tcp_two_process;,67170152,254184,254184,67170152,67424336,67424336,0,included_in_split_input_bytes,included_in_split_input_bytes,included_in_pprf_bytes,included_in_pprf_bytes,272,2.009401798248291,16.075214385986328,99.63549066319318,0.36410592163636585
2026-07-23T09:08:21.347952+00:00,b33a10fa7851ba0c3a26bea531ffb004f00d9365,RM_COORD,INCLUDING_OT,2305843009213693951,61,64,128,2,20,1048576,64,16384,32,-1,1,OK,measured,PASS,tcp-loopback,0,2,0,1,0,649.362,4591.276,0,0,included_in_expand_p0,included_in_expand_p1,included_in_expand_p0,included_in_expand_p1,included_in_expand_p0,included_in_expand_p1,5139.456,1452.753,6576.658,1452.753,1437.202,8130.593,64,128,16384,64,1048576,64,64,tcp_two_process_loopback; tcp_two_process;,69058920,1911320,1911320,69058920,70970240,70970240,0,included_in_split_input_bytes,included_in_split_input_bytes,included_in_pprf_bytes,included_in_pprf_bytes,272,2.1150779724121094,16.920623779296875,94.65737751485693,5.342239225906521
2026-07-23T09:08:29.123349+00:00,b33a10fa7851ba0c3a26bea531ffb004f00d9365,RM_COORD,INCLUDING_OT,2305843009213693951,61,64,128,2,20,1048576,64,16384,32,0,0,OK,measured,PASS,tcp-loopback,0,2,0,1,0,645.277,4593.993,0,0,included_in_expand_p0,included_in_expand_p1,included_in_expand_p0,included_in_expand_p1,included_in_expand_p0,included_in_expand_p1,5141.5689999999995,1436.127,6538.117,1436.127,1396.548,8071.945000000001,64,128,16384,64,1048576,64,64,tcp_two_process_loopback; tcp_two_process;,69058920,1911320,1911320,69058920,70970240,70970240,0,included_in_split_input_bytes,included_in_split_input_bytes,included_in_pprf_bytes,included_in_pprf_bytes,272,2.1150779724121094,16.920623779296875,94.65737751485693,5.342239225906521
2026-07-23T09:08:36.884255+00:00,b33a10fa7851ba0c3a26bea531ffb004f00d9365,RM_COORD,INCLUDING_OT,2305843009213693951,61,64,128,2,20,1048576,64,16384,32,1,0,OK,measured,PASS,tcp-loopback,0,2,0,1,0,647.227,4607.14,0,0,included_in_expand_p0,included_in_expand_p1,included_in_expand_p0,included_in_expand_p1,included_in_expand_p0,included_in_expand_p1,5151.356,1449.384,6570.729,1449.384,1419.374,8123.125,64,128,16384,64,1048576,64,64,tcp_two_process_loopback; tcp_two_process;,69058920,1911320,1911320,69058920,70970240,70970240,0,included_in_split_input_bytes,included_in_split_input_bytes,included_in_pprf_bytes,included_in_pprf_bytes,272,2.1150779724121094,16.920623779296875,94.65737751485693,5.342239225906521
2026-07-23T09:08:44.670211+00:00,b33a10fa7851ba0c3a26bea531ffb004f00d9365,RM_COORD,INCLUDING_OT,2305843009213693951,61,64,128,2,20,1048576,64,16384,32,2,0,OK,measured,PASS,tcp-loopback,0,2,0,1,0,646.818,4610.549,0,0,included_in_expand_p0,included_in_expand_p1,included_in_expand_p0,included_in_expand_p1,included_in_expand_p0,included_in_expand_p1,5159.085,1448.234,6579.727,1448.234,1420.642,8126.243,64,128,16384,64,1048576,64,64,tcp_two_process_loopback; tcp_two_process;,69058920,1911320,1911320,69058920,70970240,70970240,0,included_in_split_input_bytes,included_in_split_input_bytes,included_in_pprf_bytes,included_in_pprf_bytes,272,2.1150779724121094,16.920623779296875,94.65737751485693,5.342239225906521
2026-07-23T09:08:52.453255+00:00,b33a10fa7851ba0c3a26bea531ffb004f00d9365,RM_COORD,INCLUDING_OT,2305843009213693951,61,64,128,2,20,1048576,64,16384,32,3,0,OK,measured,PASS,tcp-loopback,0,2,0,1,0,647.577,4588.666,0,0,included_in_expand_p0,included_in_expand_p1,included_in_expand_p0,included_in_expand_p1,included_in_expand_p0,included_in_expand_p1,5138.312,1440.5939999999998,6573.442,1440.5939999999998,1435.13,8111.967000000001,64,128,16384,64,1048576,64,64,tcp_two_process_loopback; tcp_two_process;,69058920,1911320,1911320,69058920,70970240,70970240,0,included_in_split_input_bytes,included_in_split_input_bytes,included_in_pprf_bytes,included_in_pprf_bytes,272,2.1150779724121094,16.920623779296875,94.65737751485693,5.342239225906521
2026-07-23T09:09:00.210837+00:00,b33a10fa7851ba0c3a26bea531ffb004f00d9365,RM_COORD,INCLUDING_OT,2305843009213693951,61,64,128,2,20,1048576,64,16384,32,4,0,OK,measured,PASS,tcp-loopback,0,2,0,1,0,648.561,4620.9490000000005,0,0,included_in_expand_p0,included_in_expand_p1,included_in_expand_p0,included_in_expand_p1,included_in_expand_p0,included_in_expand_p1,5166.616999999999,1539.3509999999999,6659.201,1539.3509999999999,1492.5839999999998,8301.445,64,128,16384,64,1048576,64,64,tcp_two_process_loopback; tcp_two_process;,69058920,1911320,1911320,69058920,70970240,70970240,0,included_in_split_input_bytes,included_in_split_input_bytes,included_in_pprf_bytes,included_in_pprf_bytes,272,2.1150779724121094,16.920623779296875,94.65737751485693,5.342239225906521
2026-07-23T09:09:08.098823+00:00,b33a10fa7851ba0c3a26bea531ffb004f00d9365,RM_COORD,INCLUDING_OT,2305843009213693951,61,64,128,2,20,1048576,64,16384,32,5,0,OK,measured,PASS,tcp-loopback,0,2,0,1,0,641.721,4615.624000000001,0,0,included_in_expand_p0,included_in_expand_p1,included_in_expand_p0,included_in_expand_p1,included_in_expand_p0,included_in_expand_p1,5150.151,1446.405,6552.492,1446.405,1402.3410000000001,8106.091000000001,64,128,16384,64,1048576,64,64,tcp_two_process_loopback; tcp_two_process;,69058920,1911320,1911320,69058920,70970240,70970240,0,included_in_split_input_bytes,included_in_split_input_bytes,included_in_pprf_bytes,included_in_pprf_bytes,272,2.1150779724121094,16.920623779296875,94.65737751485693,5.342239225906521
2026-07-23T09:09:15.894175+00:00,b33a10fa7851ba0c3a26bea531ffb004f00d9365,RM_COORD,INCLUDING_OT,2305843009213693951,61,64,128,2,20,1048576,64,16384,32,6,0,OK,measured,PASS,tcp-loopback,0,2,0,1,0,651.241,4595.816,0,0,included_in_expand_p0,included_in_expand_p1,included_in_expand_p0,included_in_expand_p1,included_in_expand_p0,included_in_expand_p1,5149.67,1438.752,6573.446,1438.752,1423.7759999999998,8109.584999999999,64,128,16384,64,1048576,64,64,tcp_two_process_loopback; tcp_two_process;,69058920,1911320,1911320,69058920,70970240,70970240,0,included_in_split_input_bytes,included_in_split_input_bytes,included_in_pprf_bytes,included_in_pprf_bytes,272,2.1150779724121094,16.920623779296875,94.65737751485693,5.342239225906521
2026-07-23T09:09:23.661024+00:00,b33a10fa7851ba0c3a26bea531ffb004f00d9365,RM_COORD,INCLUDING_OT,2305843009213693951,61,64,128,2,20,1048576,64,16384,32,7,0,OK,measured,PASS,tcp-loopback,0,2,0,1,0,650.73,4630.045,0,0,included_in_expand_p0,included_in_expand_p1,included_in_expand_p0,included_in_expand_p1,included_in_expand_p0,included_in_expand_p1,5176.549,1470.7920000000001,6616.226000000001,1470.7920000000001,1439.6770000000001,8191.244000000001,64,128,16384,64,1048576,64,64,tcp_two_process_loopback; tcp_two_process;,69058920,1911320,1911320,69058920,70970240,70970240,0,included_in_split_input_bytes,included_in_split_input_bytes,included_in_pprf_bytes,included_in_pprf_bytes,272,2.1150779724121094,16.920623779296875,94.65737751485693,5.342239225906521
2026-07-23T09:09:31.492700+00:00,b33a10fa7851ba0c3a26bea531ffb004f00d9365,RM_COORD,INCLUDING_OT,2305843009213693951,61,64,128,2,20,1048576,64,16384,32,8,0,OK,measured,PASS,tcp-loopback,0,2,0,1,0,648.3449999999999,4616.459,0,0,included_in_expand_p0,included_in_expand_p1,included_in_expand_p0,included_in_expand_p1,included_in_expand_p0,included_in_expand_p1,5158.492,1437.583,6576.518,1437.583,1418.0269999999998,8120.414000000001,64,128,16384,64,1048576,64,64,tcp_two_process_loopback; tcp_two_process;,69058920,1911320,1911320,69058920,70970240,70970240,0,included_in_split_input_bytes,included_in_split_input_bytes,included_in_pprf_bytes,included_in_pprf_bytes,272,2.1150779724121094,16.920623779296875,94.65737751485693,5.342239225906521
2026-07-23T09:09:39.278799+00:00,b33a10fa7851ba0c3a26bea531ffb004f00d9365,RM_COORD,INCLUDING_OT,2305843009213693951,61,64,128,2,20,1048576,64,16384,32,9,0,OK,measured,PASS,tcp-loopback,0,2,0,1,0,650.577,4617.426,0,0,included_in_expand_p0,included_in_expand_p1,included_in_expand_p0,included_in_expand_p1,included_in_expand_p0,included_in_expand_p1,5165.254,1435.792,6583.192999999999,1435.792,1417.939,8121.734,64,128,16384,64,1048576,64,64,tcp_two_process_loopback; tcp_two_process;,69058920,1911320,1911320,69058920,70970240,70970240,0,included_in_split_input_bytes,included_in_split_input_bytes,included_in_pprf_bytes,included_in_pprf_bytes,272,2.1150779724121094,16.920623779296875,94.65737751485693,5.342239225906521
