timestamp,benchmark_source_commit,method,base_ot_mode,p,base_field_bits,base_coordinate_storage_bits,lambda,c,logN,N,t,domainSize,m,trial_index,warmup,status,data_source,correctness,party,pprf_full_domain_eval_ms,wht_ms,pointwise_multiplication_ms,pointwise_addition_ms,output_materialization_ms,expand_total_ms,expand_latency_ms,expand_cpu_work_ms,notes
2026-07-23T09:15:27.274397+00:00,b33a10fa7851ba0c3a26bea531ffb004f00d9365,RM_VECTOR,INCLUDING_OT,2305843009213693951,61,64,128,2,12,4096,64,64,8,-1,1,OK,measured,PASS,P0,included_in_pprf_key_setup_ms,included_in_expand_total_ms,included_in_expand_total_ms,included_in_expand_total_ms,included_in_expand_total_ms,0.718,0.749,1.467,C++ end-to-end harness exposes aggregate expand per party; finer subphase timers are recorded as included.
2026-07-23T09:15:27.274439+00:00,b33a10fa7851ba0c3a26bea531ffb004f00d9365,RM_VECTOR,INCLUDING_OT,2305843009213693951,61,64,128,2,12,4096,64,64,8,-1,1,OK,measured,PASS,P1,included_in_pprf_key_setup_ms,included_in_expand_total_ms,included_in_expand_total_ms,included_in_expand_total_ms,included_in_expand_total_ms,0.749,0.749,1.467,C++ end-to-end harness exposes aggregate expand per party; finer subphase timers are recorded as included.
2026-07-23T09:15:27.274448+00:00,b33a10fa7851ba0c3a26bea531ffb004f00d9365,RM_VECTOR,INCLUDING_OT,2305843009213693951,61,64,128,2,12,4096,64,64,8,0,0,OK,measured,PASS,P0,included_in_pprf_key_setup_ms,included_in_expand_total_ms,included_in_expand_total_ms,included_in_expand_total_ms,included_in_expand_total_ms,0.6980000000000001,0.716,1.4140000000000001,C++ end-to-end harness exposes aggregate expand per party; finer subphase timers are recorded as included.
2026-07-23T09:15:27.274454+00:00,b33a10fa7851ba0c3a26bea531ffb004f00d9365,RM_VECTOR,INCLUDING_OT,2305843009213693951,61,64,128,2,12,4096,64,64,8,0,0,OK,measured,PASS,P1,included_in_pprf_key_setup_ms,included_in_expand_total_ms,included_in_expand_total_ms,included_in_expand_total_ms,included_in_expand_total_ms,0.716,0.716,1.4140000000000001,C++ end-to-end harness exposes aggregate expand per party; finer subphase timers are recorded as included.
2026-07-23T09:15:27.274461+00:00,b33a10fa7851ba0c3a26bea531ffb004f00d9365,RM_VECTOR,INCLUDING_OT,2305843009213693951,61,64,128,2,12,4096,64,64,8,1,0,OK,measured,PASS,P0,included_in_pprf_key_setup_ms,included_in_expand_total_ms,included_in_expand_total_ms,included_in_expand_total_ms,included_in_expand_total_ms,0.749,0.749,1.494,C++ end-to-end harness exposes aggregate expand per party; finer subphase timers are recorded as included.
2026-07-23T09:15:27.274466+00:00,b33a10fa7851ba0c3a26bea531ffb004f00d9365,RM_VECTOR,INCLUDING_OT,2305843009213693951,61,64,128,2,12,4096,64,64,8,1,0,OK,measured,PASS,P1,included_in_pprf_key_setup_ms,included_in_expand_total_ms,included_in_expand_total_ms,included_in_expand_total_ms,included_in_expand_total_ms,0.745,0.749,1.494,C++ end-to-end harness exposes aggregate expand per party; finer subphase timers are recorded as included.
2026-07-23T09:15:27.274472+00:00,b33a10fa7851ba0c3a26bea531ffb004f00d9365,RM_VECTOR,INCLUDING_OT,2305843009213693951,61,64,128,2,12,4096,64,64,8,2,0,OK,measured,PASS,P0,included_in_pprf_key_setup_ms,included_in_expand_total_ms,included_in_expand_total_ms,included_in_expand_total_ms,included_in_expand_total_ms,0.714,0.7380000000000001,1.452,C++ end-to-end harness exposes aggregate expand per party; finer subphase timers are recorded as included.
2026-07-23T09:15:27.274477+00:00,b33a10fa7851ba0c3a26bea531ffb004f00d9365,RM_VECTOR,INCLUDING_OT,2305843009213693951,61,64,128,2,12,4096,64,64,8,2,0,OK,measured,PASS,P1,included_in_pprf_key_setup_ms,included_in_expand_total_ms,included_in_expand_total_ms,included_in_expand_total_ms,included_in_expand_total_ms,0.7380000000000001,0.7380000000000001,1.452,C++ end-to-end harness exposes aggregate expand per party; finer subphase timers are recorded as included.
2026-07-23T09:15:27.274484+00:00,b33a10fa7851ba0c3a26bea531ffb004f00d9365,RM_VECTOR,INCLUDING_OT,2305843009213693951,61,64,128,2,12,4096,64,64,8,3,0,OK,measured,PASS,P0,included_in_pprf_key_setup_ms,included_in_expand_total_ms,included_in_expand_total_ms,included_in_expand_total_ms,included_in_expand_total_ms,0.7150000000000001,0.731,1.4460000000000002,C++ end-to-end harness exposes aggregate expand per party; finer subphase timers are recorded as included.
2026-07-23T09:15:27.274489+00:00,b33a10fa7851ba0c3a26bea531ffb004f00d9365,RM_VECTOR,INCLUDING_OT,2305843009213693951,61,64,128,2,12,4096,64,64,8,3,0,OK,measured,PASS,P1,included_in_pprf_key_setup_ms,included_in_expand_total_ms,included_in_expand_total_ms,included_in_expand_total_ms,included_in_expand_total_ms,0.731,0.731,1.4460000000000002,C++ end-to-end harness exposes aggregate expand per party; finer subphase timers are recorded as included.
2026-07-23T09:15:27.274496+00:00,b33a10fa7851ba0c3a26bea531ffb004f00d9365,RM_VECTOR,INCLUDING_OT,2305843009213693951,61,64,128,2,12,4096,64,64,8,4,0,OK,measured,PASS,P0,included_in_pprf_key_setup_ms,included_in_expand_total_ms,included_in_expand_total_ms,included_in_expand_total_ms,included_in_expand_total_ms,0.7290000000000001,0.743,1.472,C++ end-to-end harness exposes aggregate expand per party; finer subphase timers are recorded as included.
2026-07-23T09:15:27.274502+00:00,b33a10fa7851ba0c3a26bea531ffb004f00d9365,RM_VECTOR,INCLUDING_OT,2305843009213693951,61,64,128,2,12,4096,64,64,8,4,0,OK,measured,PASS,P1,included_in_pprf_key_setup_ms,included_in_expand_total_ms,included_in_expand_total_ms,included_in_expand_total_ms,included_in_expand_total_ms,0.743,0.743,1.472,C++ end-to-end harness exposes aggregate expand per party; finer subphase timers are recorded as included.
2026-07-23T09:15:27.274508+00:00,b33a10fa7851ba0c3a26bea531ffb004f00d9365,RM_VECTOR,INCLUDING_OT,2305843009213693951,61,64,128,2,12,4096,64,64,8,5,0,OK,measured,PASS,P0,included_in_pprf_key_setup_ms,included_in_expand_total_ms,included_in_expand_total_ms,included_in_expand_total_ms,included_in_expand_total_ms,0.7739999999999999,0.7739999999999999,1.5419999999999998,C++ end-to-end harness exposes aggregate expand per party; finer subphase timers are recorded as included.
2026-07-23T09:15:27.274512+00:00,b33a10fa7851ba0c3a26bea531ffb004f00d9365,RM_VECTOR,INCLUDING_OT,2305843009213693951,61,64,128,2,12,4096,64,64,8,5,0,OK,measured,PASS,P1,included_in_pprf_key_setup_ms,included_in_expand_total_ms,included_in_expand_total_ms,included_in_expand_total_ms,included_in_expand_total_ms,0.768,0.7739999999999999,1.5419999999999998,C++ end-to-end harness exposes aggregate expand per party; finer subphase timers are recorded as included.
2026-07-23T09:15:27.274520+00:00,b33a10fa7851ba0c3a26bea531ffb004f00d9365,RM_VECTOR,INCLUDING_OT,2305843009213693951,61,64,128,2,12,4096,64,64,8,6,0,OK,measured,PASS,P0,included_in_pprf_key_setup_ms,included_in_expand_total_ms,included_in_expand_total_ms,included_in_expand_total_ms,included_in_expand_total_ms,0.747,0.747,1.486,C++ end-to-end harness exposes aggregate expand per party; finer subphase timers are recorded as included.
2026-07-23T09:15:27.274526+00:00,b33a10fa7851ba0c3a26bea531ffb004f00d9365,RM_VECTOR,INCLUDING_OT,2305843009213693951,61,64,128,2,12,4096,64,64,8,6,0,OK,measured,PASS,P1,included_in_pprf_key_setup_ms,included_in_expand_total_ms,included_in_expand_total_ms,included_in_expand_total_ms,included_in_expand_total_ms,0.739,0.747,1.486,C++ end-to-end harness exposes aggregate expand per party; finer subphase timers are recorded as included.
2026-07-23T09:15:27.274532+00:00,b33a10fa7851ba0c3a26bea531ffb004f00d9365,RM_VECTOR,INCLUDING_OT,2305843009213693951,61,64,128,2,12,4096,64,64,8,7,0,OK,measured,PASS,P0,included_in_pprf_key_setup_ms,included_in_expand_total_ms,included_in_expand_total_ms,included_in_expand_total_ms,included_in_expand_total_ms,0.7200000000000001,0.745,1.465,C++ end-to-end harness exposes aggregate expand per party; finer subphase timers are recorded as included.
2026-07-23T09:15:27.274537+00:00,b33a10fa7851ba0c3a26bea531ffb004f00d9365,RM_VECTOR,INCLUDING_OT,2305843009213693951,61,64,128,2,12,4096,64,64,8,7,0,OK,measured,PASS,P1,included_in_pprf_key_setup_ms,included_in_expand_total_ms,included_in_expand_total_ms,included_in_expand_total_ms,included_in_expand_total_ms,0.745,0.745,1.465,C++ end-to-end harness exposes aggregate expand per party; finer subphase timers are recorded as included.
2026-07-23T09:15:27.274544+00:00,b33a10fa7851ba0c3a26bea531ffb004f00d9365,RM_VECTOR,INCLUDING_OT,2305843009213693951,61,64,128,2,12,4096,64,64,8,8,0,OK,measured,PASS,P0,included_in_pprf_key_setup_ms,included_in_expand_total_ms,included_in_expand_total_ms,included_in_expand_total_ms,included_in_expand_total_ms,0.717,0.743,1.46,C++ end-to-end harness exposes aggregate expand per party; finer subphase timers are recorded as included.
2026-07-23T09:15:27.274550+00:00,b33a10fa7851ba0c3a26bea531ffb004f00d9365,RM_VECTOR,INCLUDING_OT,2305843009213693951,61,64,128,2,12,4096,64,64,8,8,0,OK,measured,PASS,P1,included_in_pprf_key_setup_ms,included_in_expand_total_ms,included_in_expand_total_ms,included_in_expand_total_ms,included_in_expand_total_ms,0.743,0.743,1.46,C++ end-to-end harness exposes aggregate expand per party; finer subphase timers are recorded as included.
2026-07-23T09:15:27.274556+00:00,b33a10fa7851ba0c3a26bea531ffb004f00d9365,RM_VECTOR,INCLUDING_OT,2305843009213693951,61,64,128,2,12,4096,64,64,8,9,0,OK,measured,PASS,P0,included_in_pprf_key_setup_ms,included_in_expand_total_ms,included_in_expand_total_ms,included_in_expand_total_ms,included_in_expand_total_ms,0.713,0.741,1.454,C++ end-to-end harness exposes aggregate expand per party; finer subphase timers are recorded as included.
2026-07-23T09:15:27.274561+00:00,b33a10fa7851ba0c3a26bea531ffb004f00d9365,RM_VECTOR,INCLUDING_OT,2305843009213693951,61,64,128,2,12,4096,64,64,8,9,0,OK,measured,PASS,P1,included_in_pprf_key_setup_ms,included_in_expand_total_ms,included_in_expand_total_ms,included_in_expand_total_ms,included_in_expand_total_ms,0.741,0.741,1.454,C++ end-to-end harness exposes aggregate expand per party; finer subphase timers are recorded as included.
2026-07-23T09:15:27.274567+00:00,b33a10fa7851ba0c3a26bea531ffb004f00d9365,RM_COORD,INCLUDING_OT,2305843009213693951,61,64,128,2,12,4096,64,64,8,-1,1,OK,measured,PASS,P0,included_in_pprf_key_setup_ms,included_in_expand_total_ms,included_in_expand_total_ms,included_in_expand_total_ms,included_in_expand_total_ms,0.753,0.954,1.7069999999999999,C++ end-to-end harness exposes aggregate expand per party; finer subphase timers are recorded as included.
2026-07-23T09:15:27.274573+00:00,b33a10fa7851ba0c3a26bea531ffb004f00d9365,RM_COORD,INCLUDING_OT,2305843009213693951,61,64,128,2,12,4096,64,64,8,-1,1,OK,measured,PASS,P1,included_in_pprf_key_setup_ms,included_in_expand_total_ms,included_in_expand_total_ms,included_in_expand_total_ms,included_in_expand_total_ms,0.954,0.954,1.7069999999999999,C++ end-to-end harness exposes aggregate expand per party; finer subphase timers are recorded as included.
2026-07-23T09:15:27.274580+00:00,b33a10fa7851ba0c3a26bea531ffb004f00d9365,RM_COORD,INCLUDING_OT,2305843009213693951,61,64,128,2,12,4096,64,64,8,0,0,OK,measured,PASS,P0,included_in_pprf_key_setup_ms,included_in_expand_total_ms,included_in_expand_total_ms,included_in_expand_total_ms,included_in_expand_total_ms,0.754,0.9430000000000001,1.697,C++ end-to-end harness exposes aggregate expand per party; finer subphase timers are recorded as included.
2026-07-23T09:15:27.274584+00:00,b33a10fa7851ba0c3a26bea531ffb004f00d9365,RM_COORD,INCLUDING_OT,2305843009213693951,61,64,128,2,12,4096,64,64,8,0,0,OK,measured,PASS,P1,included_in_pprf_key_setup_ms,included_in_expand_total_ms,included_in_expand_total_ms,included_in_expand_total_ms,included_in_expand_total_ms,0.9430000000000001,0.9430000000000001,1.697,C++ end-to-end harness exposes aggregate expand per party; finer subphase timers are recorded as included.
2026-07-23T09:15:27.274591+00:00,b33a10fa7851ba0c3a26bea531ffb004f00d9365,RM_COORD,INCLUDING_OT,2305843009213693951,61,64,128,2,12,4096,64,64,8,1,0,OK,measured,PASS,P0,included_in_pprf_key_setup_ms,included_in_expand_total_ms,included_in_expand_total_ms,included_in_expand_total_ms,included_in_expand_total_ms,0.73,0.905,1.635,C++ end-to-end harness exposes aggregate expand per party; finer subphase timers are recorded as included.
2026-07-23T09:15:27.274610+00:00,b33a10fa7851ba0c3a26bea531ffb004f00d9365,RM_COORD,INCLUDING_OT,2305843009213693951,61,64,128,2,12,4096,64,64,8,1,0,OK,measured,PASS,P1,included_in_pprf_key_setup_ms,included_in_expand_total_ms,included_in_expand_total_ms,included_in_expand_total_ms,included_in_expand_total_ms,0.905,0.905,1.635,C++ end-to-end harness exposes aggregate expand per party; finer subphase timers are recorded as included.
2026-07-23T09:15:27.274616+00:00,b33a10fa7851ba0c3a26bea531ffb004f00d9365,RM_COORD,INCLUDING_OT,2305843009213693951,61,64,128,2,12,4096,64,64,8,2,0,OK,measured,PASS,P0,included_in_pprf_key_setup_ms,included_in_expand_total_ms,included_in_expand_total_ms,included_in_expand_total_ms,included_in_expand_total_ms,0.746,0.9309999999999999,1.677,C++ end-to-end harness exposes aggregate expand per party; finer subphase timers are recorded as included.
2026-07-23T09:15:27.274621+00:00,b33a10fa7851ba0c3a26bea531ffb004f00d9365,RM_COORD,INCLUDING_OT,2305843009213693951,61,64,128,2,12,4096,64,64,8,2,0,OK,measured,PASS,P1,included_in_pprf_key_setup_ms,included_in_expand_total_ms,included_in_expand_total_ms,included_in_expand_total_ms,included_in_expand_total_ms,0.9309999999999999,0.9309999999999999,1.677,C++ end-to-end harness exposes aggregate expand per party; finer subphase timers are recorded as included.
2026-07-23T09:15:27.274630+00:00,b33a10fa7851ba0c3a26bea531ffb004f00d9365,RM_COORD,INCLUDING_OT,2305843009213693951,61,64,128,2,12,4096,64,64,8,3,0,OK,measured,PASS,P0,included_in_pprf_key_setup_ms,included_in_expand_total_ms,included_in_expand_total_ms,included_in_expand_total_ms,included_in_expand_total_ms,0.741,0.9470000000000001,1.6880000000000002,C++ end-to-end harness exposes aggregate expand per party; finer subphase timers are recorded as included.
2026-07-23T09:15:27.274635+00:00,b33a10fa7851ba0c3a26bea531ffb004f00d9365,RM_COORD,INCLUDING_OT,2305843009213693951,61,64,128,2,12,4096,64,64,8,3,0,OK,measured,PASS,P1,included_in_pprf_key_setup_ms,included_in_expand_total_ms,included_in_expand_total_ms,included_in_expand_total_ms,included_in_expand_total_ms,0.9470000000000001,0.9470000000000001,1.6880000000000002,C++ end-to-end harness exposes aggregate expand per party; finer subphase timers are recorded as included.
2026-07-23T09:15:27.274641+00:00,b33a10fa7851ba0c3a26bea531ffb004f00d9365,RM_COORD,INCLUDING_OT,2305843009213693951,61,64,128,2,12,4096,64,64,8,4,0,OK,measured,PASS,P0,included_in_pprf_key_setup_ms,included_in_expand_total_ms,included_in_expand_total_ms,included_in_expand_total_ms,included_in_expand_total_ms,0.743,0.925,1.6680000000000001,C++ end-to-end harness exposes aggregate expand per party; finer subphase timers are recorded as included.
2026-07-23T09:15:27.274646+00:00,b33a10fa7851ba0c3a26bea531ffb004f00d9365,RM_COORD,INCLUDING_OT,2305843009213693951,61,64,128,2,12,4096,64,64,8,4,0,OK,measured,PASS,P1,included_in_pprf_key_setup_ms,included_in_expand_total_ms,included_in_expand_total_ms,included_in_expand_total_ms,included_in_expand_total_ms,0.925,0.925,1.6680000000000001,C++ end-to-end harness exposes aggregate expand per party; finer subphase timers are recorded as included.
2026-07-23T09:15:27.274652+00:00,b33a10fa7851ba0c3a26bea531ffb004f00d9365,RM_COORD,INCLUDING_OT,2305843009213693951,61,64,128,2,12,4096,64,64,8,5,0,OK,measured,PASS,P0,included_in_pprf_key_setup_ms,included_in_expand_total_ms,included_in_expand_total_ms,included_in_expand_total_ms,included_in_expand_total_ms,0.733,0.916,1.649,C++ end-to-end harness exposes aggregate expand per party; finer subphase timers are recorded as included.
2026-07-23T09:15:27.274657+00:00,b33a10fa7851ba0c3a26bea531ffb004f00d9365,RM_COORD,INCLUDING_OT,2305843009213693951,61,64,128,2,12,4096,64,64,8,5,0,OK,measured,PASS,P1,included_in_pprf_key_setup_ms,included_in_expand_total_ms,included_in_expand_total_ms,included_in_expand_total_ms,included_in_expand_total_ms,0.916,0.916,1.649,C++ end-to-end harness exposes aggregate expand per party; finer subphase timers are recorded as included.
2026-07-23T09:15:27.274663+00:00,b33a10fa7851ba0c3a26bea531ffb004f00d9365,RM_COORD,INCLUDING_OT,2305843009213693951,61,64,128,2,12,4096,64,64,8,6,0,OK,measured,PASS,P0,included_in_pprf_key_setup_ms,included_in_expand_total_ms,included_in_expand_total_ms,included_in_expand_total_ms,included_in_expand_total_ms,0.745,0.94,1.685,C++ end-to-end harness exposes aggregate expand per party; finer subphase timers are recorded as included.
2026-07-23T09:15:27.274667+00:00,b33a10fa7851ba0c3a26bea531ffb004f00d9365,RM_COORD,INCLUDING_OT,2305843009213693951,61,64,128,2,12,4096,64,64,8,6,0,OK,measured,PASS,P1,included_in_pprf_key_setup_ms,included_in_expand_total_ms,included_in_expand_total_ms,included_in_expand_total_ms,included_in_expand_total_ms,0.94,0.94,1.685,C++ end-to-end harness exposes aggregate expand per party; finer subphase timers are recorded as included.
2026-07-23T09:15:27.274675+00:00,b33a10fa7851ba0c3a26bea531ffb004f00d9365,RM_COORD,INCLUDING_OT,2305843009213693951,61,64,128,2,12,4096,64,64,8,7,0,OK,measured,PASS,P0,included_in_pprf_key_setup_ms,included_in_expand_total_ms,included_in_expand_total_ms,included_in_expand_total_ms,included_in_expand_total_ms,0.744,0.939,1.6829999999999998,C++ end-to-end harness exposes aggregate expand per party; finer subphase timers are recorded as included.
2026-07-23T09:15:27.274680+00:00,b33a10fa7851ba0c3a26bea531ffb004f00d9365,RM_COORD,INCLUDING_OT,2305843009213693951,61,64,128,2,12,4096,64,64,8,7,0,OK,measured,PASS,P1,included_in_pprf_key_setup_ms,included_in_expand_total_ms,included_in_expand_total_ms,included_in_expand_total_ms,included_in_expand_total_ms,0.939,0.939,1.6829999999999998,C++ end-to-end harness exposes aggregate expand per party; finer subphase timers are recorded as included.
2026-07-23T09:15:27.274686+00:00,b33a10fa7851ba0c3a26bea531ffb004f00d9365,RM_COORD,INCLUDING_OT,2305843009213693951,61,64,128,2,12,4096,64,64,8,8,0,OK,measured,PASS,P0,included_in_pprf_key_setup_ms,included_in_expand_total_ms,included_in_expand_total_ms,included_in_expand_total_ms,included_in_expand_total_ms,0.749,0.949,1.698,C++ end-to-end harness exposes aggregate expand per party; finer subphase timers are recorded as included.
2026-07-23T09:15:27.274696+00:00,b33a10fa7851ba0c3a26bea531ffb004f00d9365,RM_COORD,INCLUDING_OT,2305843009213693951,61,64,128,2,12,4096,64,64,8,8,0,OK,measured,PASS,P1,included_in_pprf_key_setup_ms,included_in_expand_total_ms,included_in_expand_total_ms,included_in_expand_total_ms,included_in_expand_total_ms,0.949,0.949,1.698,C++ end-to-end harness exposes aggregate expand per party; finer subphase timers are recorded as included.
2026-07-23T09:15:27.274702+00:00,b33a10fa7851ba0c3a26bea531ffb004f00d9365,RM_COORD,INCLUDING_OT,2305843009213693951,61,64,128,2,12,4096,64,64,8,9,0,OK,measured,PASS,P0,included_in_pprf_key_setup_ms,included_in_expand_total_ms,included_in_expand_total_ms,included_in_expand_total_ms,included_in_expand_total_ms,0.745,0.9309999999999999,1.676,C++ end-to-end harness exposes aggregate expand per party; finer subphase timers are recorded as included.
2026-07-23T09:15:27.274707+00:00,b33a10fa7851ba0c3a26bea531ffb004f00d9365,RM_COORD,INCLUDING_OT,2305843009213693951,61,64,128,2,12,4096,64,64,8,9,0,OK,measured,PASS,P1,included_in_pprf_key_setup_ms,included_in_expand_total_ms,included_in_expand_total_ms,included_in_expand_total_ms,included_in_expand_total_ms,0.9309999999999999,0.9309999999999999,1.676,C++ end-to-end harness exposes aggregate expand per party; finer subphase timers are recorded as included.
2026-07-23T09:15:27.274715+00:00,b33a10fa7851ba0c3a26bea531ffb004f00d9365,RM_VECTOR,INCLUDING_OT,2305843009213693951,61,64,128,2,12,4096,64,64,16,-1,1,OK,measured,PASS,P0,included_in_pprf_key_setup_ms,included_in_expand_total_ms,included_in_expand_total_ms,included_in_expand_total_ms,included_in_expand_total_ms,1.452,1.452,2.8659999999999997,C++ end-to-end harness exposes aggregate expand per party; finer subphase timers are recorded as included.
2026-07-23T09:15:27.274720+00:00,b33a10fa7851ba0c3a26bea531ffb004f00d9365,RM_VECTOR,INCLUDING_OT,2305843009213693951,61,64,128,2,12,4096,64,64,16,-1,1,OK,measured,PASS,P1,included_in_pprf_key_setup_ms,included_in_expand_total_ms,included_in_expand_total_ms,included_in_expand_total_ms,included_in_expand_total_ms,1.414,1.452,2.8659999999999997,C++ end-to-end harness exposes aggregate expand per party; finer subphase timers are recorded as included.
2026-07-23T09:15:27.274726+00:00,b33a10fa7851ba0c3a26bea531ffb004f00d9365,RM_VECTOR,INCLUDING_OT,2305843009213693951,61,64,128,2,12,4096,64,64,16,0,0,OK,measured,PASS,P0,included_in_pprf_key_setup_ms,included_in_expand_total_ms,included_in_expand_total_ms,included_in_expand_total_ms,included_in_expand_total_ms,1.411,1.411,2.8209999999999997,C++ end-to-end harness exposes aggregate expand per party; finer subphase timers are recorded as included.
2026-07-23T09:15:27.274731+00:00,b33a10fa7851ba0c3a26bea531ffb004f00d9365,RM_VECTOR,INCLUDING_OT,2305843009213693951,61,64,128,2,12,4096,64,64,16,0,0,OK,measured,PASS,P1,included_in_pprf_key_setup_ms,included_in_expand_total_ms,included_in_expand_total_ms,included_in_expand_total_ms,included_in_expand_total_ms,1.41,1.411,2.8209999999999997,C++ end-to-end harness exposes aggregate expand per party; finer subphase timers are recorded as included.
2026-07-23T09:15:27.274737+00:00,b33a10fa7851ba0c3a26bea531ffb004f00d9365,RM_VECTOR,INCLUDING_OT,2305843009213693951,61,64,128,2,12,4096,64,64,16,1,0,OK,measured,PASS,P0,included_in_pprf_key_setup_ms,included_in_expand_total_ms,included_in_expand_total_ms,included_in_expand_total_ms,included_in_expand_total_ms,1.4040000000000001,1.4040000000000001,2.793,C++ end-to-end harness exposes aggregate expand per party; finer subphase timers are recorded as included.
2026-07-23T09:15:27.274742+00:00,b33a10fa7851ba0c3a26bea531ffb004f00d9365,RM_VECTOR,INCLUDING_OT,2305843009213693951,61,64,128,2,12,4096,64,64,16,1,0,OK,measured,PASS,P1,included_in_pprf_key_setup_ms,included_in_expand_total_ms,included_in_expand_total_ms,included_in_expand_total_ms,included_in_expand_total_ms,1.389,1.4040000000000001,2.793,C++ end-to-end harness exposes aggregate expand per party; finer subphase timers are recorded as included.
2026-07-23T09:15:27.274751+00:00,b33a10fa7851ba0c3a26bea531ffb004f00d9365,RM_VECTOR,INCLUDING_OT,2305843009213693951,61,64,128,2,12,4096,64,64,16,2,0,OK,measured,PASS,P0,included_in_pprf_key_setup_ms,included_in_expand_total_ms,included_in_expand_total_ms,included_in_expand_total_ms,included_in_expand_total_ms,1.413,1.413,2.817,C++ end-to-end harness exposes aggregate expand per party; finer subphase timers are recorded as included.
2026-07-23T09:15:27.274756+00:00,b33a10fa7851ba0c3a26bea531ffb004f00d9365,RM_VECTOR,INCLUDING_OT,2305843009213693951,61,64,128,2,12,4096,64,64,16,2,0,OK,measured,PASS,P1,included_in_pprf_key_setup_ms,included_in_expand_total_ms,included_in_expand_total_ms,included_in_expand_total_ms,included_in_expand_total_ms,1.4040000000000001,1.413,2.817,C++ end-to-end harness exposes aggregate expand per party; finer subphase timers are recorded as included.
2026-07-23T09:15:27.274762+00:00,b33a10fa7851ba0c3a26bea531ffb004f00d9365,RM_VECTOR,INCLUDING_OT,2305843009213693951,61,64,128,2,12,4096,64,64,16,3,0,OK,measured,PASS,P0,included_in_pprf_key_setup_ms,included_in_expand_total_ms,included_in_expand_total_ms,included_in_expand_total_ms,included_in_expand_total_ms,1.4120000000000001,1.4120000000000001,2.792,C++ end-to-end harness exposes aggregate expand per party; finer subphase timers are recorded as included.
2026-07-23T09:15:27.274767+00:00,b33a10fa7851ba0c3a26bea531ffb004f00d9365,RM_VECTOR,INCLUDING_OT,2305843009213693951,61,64,128,2,12,4096,64,64,16,3,0,OK,measured,PASS,P1,included_in_pprf_key_setup_ms,included_in_expand_total_ms,included_in_expand_total_ms,included_in_expand_total_ms,included_in_expand_total_ms,1.38,1.4120000000000001,2.792,C++ end-to-end harness exposes aggregate expand per party; finer subphase timers are recorded as included.
2026-07-23T09:15:27.274773+00:00,b33a10fa7851ba0c3a26bea531ffb004f00d9365,RM_VECTOR,INCLUDING_OT,2305843009213693951,61,64,128,2,12,4096,64,64,16,4,0,OK,measured,PASS,P0,included_in_pprf_key_setup_ms,included_in_expand_total_ms,included_in_expand_total_ms,included_in_expand_total_ms,included_in_expand_total_ms,1.415,1.415,2.825,C++ end-to-end harness exposes aggregate expand per party; finer subphase timers are recorded as included.
2026-07-23T09:15:27.274780+00:00,b33a10fa7851ba0c3a26bea531ffb004f00d9365,RM_VECTOR,INCLUDING_OT,2305843009213693951,61,64,128,2,12,4096,64,64,16,4,0,OK,measured,PASS,P1,included_in_pprf_key_setup_ms,included_in_expand_total_ms,included_in_expand_total_ms,included_in_expand_total_ms,included_in_expand_total_ms,1.41,1.415,2.825,C++ end-to-end harness exposes aggregate expand per party; finer subphase timers are recorded as included.
2026-07-23T09:15:27.274785+00:00,b33a10fa7851ba0c3a26bea531ffb004f00d9365,RM_VECTOR,INCLUDING_OT,2305843009213693951,61,64,128,2,12,4096,64,64,16,5,0,OK,measured,PASS,P0,included_in_pprf_key_setup_ms,included_in_expand_total_ms,included_in_expand_total_ms,included_in_expand_total_ms,included_in_expand_total_ms,1.405,1.405,2.794,C++ end-to-end harness exposes aggregate expand per party; finer subphase timers are recorded as included.
2026-07-23T09:15:27.274789+00:00,b33a10fa7851ba0c3a26bea531ffb004f00d9365,RM_VECTOR,INCLUDING_OT,2305843009213693951,61,64,128,2,12,4096,64,64,16,5,0,OK,measured,PASS,P1,included_in_pprf_key_setup_ms,included_in_expand_total_ms,included_in_expand_total_ms,included_in_expand_total_ms,included_in_expand_total_ms,1.389,1.405,2.794,C++ end-to-end harness exposes aggregate expand per party; finer subphase timers are recorded as included.
2026-07-23T09:15:27.274795+00:00,b33a10fa7851ba0c3a26bea531ffb004f00d9365,RM_VECTOR,INCLUDING_OT,2305843009213693951,61,64,128,2,12,4096,64,64,16,6,0,OK,measured,PASS,P0,included_in_pprf_key_setup_ms,included_in_expand_total_ms,included_in_expand_total_ms,included_in_expand_total_ms,included_in_expand_total_ms,1.478,1.478,2.88,C++ end-to-end harness exposes aggregate expand per party; finer subphase timers are recorded as included.
2026-07-23T09:15:27.274802+00:00,b33a10fa7851ba0c3a26bea531ffb004f00d9365,RM_VECTOR,INCLUDING_OT,2305843009213693951,61,64,128,2,12,4096,64,64,16,6,0,OK,measured,PASS,P1,included_in_pprf_key_setup_ms,included_in_expand_total_ms,included_in_expand_total_ms,included_in_expand_total_ms,included_in_expand_total_ms,1.4020000000000001,1.478,2.88,C++ end-to-end harness exposes aggregate expand per party; finer subphase timers are recorded as included.
2026-07-23T09:15:27.274808+00:00,b33a10fa7851ba0c3a26bea531ffb004f00d9365,RM_VECTOR,INCLUDING_OT,2305843009213693951,61,64,128,2,12,4096,64,64,16,7,0,OK,measured,PASS,P0,included_in_pprf_key_setup_ms,included_in_expand_total_ms,included_in_expand_total_ms,included_in_expand_total_ms,included_in_expand_total_ms,1.4549999999999998,1.4549999999999998,2.843,C++ end-to-end harness exposes aggregate expand per party; finer subphase timers are recorded as included.
2026-07-23T09:15:27.274812+00:00,b33a10fa7851ba0c3a26bea531ffb004f00d9365,RM_VECTOR,INCLUDING_OT,2305843009213693951,61,64,128,2,12,4096,64,64,16,7,0,OK,measured,PASS,P1,included_in_pprf_key_setup_ms,included_in_expand_total_ms,included_in_expand_total_ms,included_in_expand_total_ms,included_in_expand_total_ms,1.388,1.4549999999999998,2.843,C++ end-to-end harness exposes aggregate expand per party; finer subphase timers are recorded as included.
2026-07-23T09:15:27.274820+00:00,b33a10fa7851ba0c3a26bea531ffb004f00d9365,RM_VECTOR,INCLUDING_OT,2305843009213693951,61,64,128,2,12,4096,64,64,16,8,0,OK,measured,PASS,P0,included_in_pprf_key_setup_ms,included_in_expand_total_ms,included_in_expand_total_ms,included_in_expand_total_ms,included_in_expand_total_ms,1.4020000000000001,1.4020000000000001,2.7830000000000004,C++ end-to-end harness exposes aggregate expand per party; finer subphase timers are recorded as included.
2026-07-23T09:15:27.274825+00:00,b33a10fa7851ba0c3a26bea531ffb004f00d9365,RM_VECTOR,INCLUDING_OT,2305843009213693951,61,64,128,2,12,4096,64,64,16,8,0,OK,measured,PASS,P1,included_in_pprf_key_setup_ms,included_in_expand_total_ms,included_in_expand_total_ms,included_in_expand_total_ms,included_in_expand_total_ms,1.381,1.4020000000000001,2.7830000000000004,C++ end-to-end harness exposes aggregate expand per party; finer subphase timers are recorded as included.
2026-07-23T09:15:27.274832+00:00,b33a10fa7851ba0c3a26bea531ffb004f00d9365,RM_VECTOR,INCLUDING_OT,2305843009213693951,61,64,128,2,12,4096,64,64,16,9,0,OK,measured,PASS,P0,included_in_pprf_key_setup_ms,included_in_expand_total_ms,included_in_expand_total_ms,included_in_expand_total_ms,included_in_expand_total_ms,1.4040000000000001,1.4040000000000001,2.7960000000000003,C++ end-to-end harness exposes aggregate expand per party; finer subphase timers are recorded as included.
2026-07-23T09:15:27.274837+00:00,b33a10fa7851ba0c3a26bea531ffb004f00d9365,RM_VECTOR,INCLUDING_OT,2305843009213693951,61,64,128,2,12,4096,64,64,16,9,0,OK,measured,PASS,P1,included_in_pprf_key_setup_ms,included_in_expand_total_ms,included_in_expand_total_ms,included_in_expand_total_ms,included_in_expand_total_ms,1.392,1.4040000000000001,2.7960000000000003,C++ end-to-end harness exposes aggregate expand per party; finer subphase timers are recorded as included.
2026-07-23T09:15:27.274844+00:00,b33a10fa7851ba0c3a26bea531ffb004f00d9365,RM_COORD,INCLUDING_OT,2305843009213693951,61,64,128,2,12,4096,64,64,16,-1,1,OK,measured,PASS,P0,included_in_pprf_key_setup_ms,included_in_expand_total_ms,included_in_expand_total_ms,included_in_expand_total_ms,included_in_expand_total_ms,1.4760000000000002,1.772,3.248,C++ end-to-end harness exposes aggregate expand per party; finer subphase timers are recorded as included.
2026-07-23T09:15:27.274849+00:00,b33a10fa7851ba0c3a26bea531ffb004f00d9365,RM_COORD,INCLUDING_OT,2305843009213693951,61,64,128,2,12,4096,64,64,16,-1,1,OK,measured,PASS,P1,included_in_pprf_key_setup_ms,included_in_expand_total_ms,included_in_expand_total_ms,included_in_expand_total_ms,included_in_expand_total_ms,1.772,1.772,3.248,C++ end-to-end harness exposes aggregate expand per party; finer subphase timers are recorded as included.
2026-07-23T09:15:27.274854+00:00,b33a10fa7851ba0c3a26bea531ffb004f00d9365,RM_COORD,INCLUDING_OT,2305843009213693951,61,64,128,2,12,4096,64,64,16,0,0,OK,measured,PASS,P0,included_in_pprf_key_setup_ms,included_in_expand_total_ms,included_in_expand_total_ms,included_in_expand_total_ms,included_in_expand_total_ms,1.435,1.764,3.199,C++ end-to-end harness exposes aggregate expand per party; finer subphase timers are recorded as included.
2026-07-23T09:15:27.274859+00:00,b33a10fa7851ba0c3a26bea531ffb004f00d9365,RM_COORD,INCLUDING_OT,2305843009213693951,61,64,128,2,12,4096,64,64,16,0,0,OK,measured,PASS,P1,included_in_pprf_key_setup_ms,included_in_expand_total_ms,included_in_expand_total_ms,included_in_expand_total_ms,included_in_expand_total_ms,1.764,1.764,3.199,C++ end-to-end harness exposes aggregate expand per party; finer subphase timers are recorded as included.
2026-07-23T09:15:27.274867+00:00,b33a10fa7851ba0c3a26bea531ffb004f00d9365,RM_COORD,INCLUDING_OT,2305843009213693951,61,64,128,2,12,4096,64,64,16,1,0,OK,measured,PASS,P0,included_in_pprf_key_setup_ms,included_in_expand_total_ms,included_in_expand_total_ms,included_in_expand_total_ms,included_in_expand_total_ms,1.441,1.739,3.18,C++ end-to-end harness exposes aggregate expand per party; finer subphase timers are recorded as included.
2026-07-23T09:15:27.274872+00:00,b33a10fa7851ba0c3a26bea531ffb004f00d9365,RM_COORD,INCLUDING_OT,2305843009213693951,61,64,128,2,12,4096,64,64,16,1,0,OK,measured,PASS,P1,included_in_pprf_key_setup_ms,included_in_expand_total_ms,included_in_expand_total_ms,included_in_expand_total_ms,included_in_expand_total_ms,1.739,1.739,3.18,C++ end-to-end harness exposes aggregate expand per party; finer subphase timers are recorded as included.
2026-07-23T09:15:27.274877+00:00,b33a10fa7851ba0c3a26bea531ffb004f00d9365,RM_COORD,INCLUDING_OT,2305843009213693951,61,64,128,2,12,4096,64,64,16,2,0,OK,measured,PASS,P0,included_in_pprf_key_setup_ms,included_in_expand_total_ms,included_in_expand_total_ms,included_in_expand_total_ms,included_in_expand_total_ms,1.431,1.7229999999999999,3.154,C++ end-to-end harness exposes aggregate expand per party; finer subphase timers are recorded as included.
2026-07-23T09:15:27.274885+00:00,b33a10fa7851ba0c3a26bea531ffb004f00d9365,RM_COORD,INCLUDING_OT,2305843009213693951,61,64,128,2,12,4096,64,64,16,2,0,OK,measured,PASS,P1,included_in_pprf_key_setup_ms,included_in_expand_total_ms,included_in_expand_total_ms,included_in_expand_total_ms,included_in_expand_total_ms,1.7229999999999999,1.7229999999999999,3.154,C++ end-to-end harness exposes aggregate expand per party; finer subphase timers are recorded as included.
2026-07-23T09:15:27.274892+00:00,b33a10fa7851ba0c3a26bea531ffb004f00d9365,RM_COORD,INCLUDING_OT,2305843009213693951,61,64,128,2,12,4096,64,64,16,3,0,OK,measured,PASS,P0,included_in_pprf_key_setup_ms,included_in_expand_total_ms,included_in_expand_total_ms,included_in_expand_total_ms,included_in_expand_total_ms,1.4480000000000002,1.772,3.22,C++ end-to-end harness exposes aggregate expand per party; finer subphase timers are recorded as included.
2026-07-23T09:15:27.274896+00:00,b33a10fa7851ba0c3a26bea531ffb004f00d9365,RM_COORD,INCLUDING_OT,2305843009213693951,61,64,128,2,12,4096,64,64,16,3,0,OK,measured,PASS,P1,included_in_pprf_key_setup_ms,included_in_expand_total_ms,included_in_expand_total_ms,included_in_expand_total_ms,included_in_expand_total_ms,1.772,1.772,3.22,C++ end-to-end harness exposes aggregate expand per party; finer subphase timers are recorded as included.
2026-07-23T09:15:27.274903+00:00,b33a10fa7851ba0c3a26bea531ffb004f00d9365,RM_COORD,INCLUDING_OT,2305843009213693951,61,64,128,2,12,4096,64,64,16,4,0,OK,measured,PASS,P0,included_in_pprf_key_setup_ms,included_in_expand_total_ms,included_in_expand_total_ms,included_in_expand_total_ms,included_in_expand_total_ms,1.428,1.7619999999999998,3.1899999999999995,C++ end-to-end harness exposes aggregate expand per party; finer subphase timers are recorded as included.
2026-07-23T09:15:27.274910+00:00,b33a10fa7851ba0c3a26bea531ffb004f00d9365,RM_COORD,INCLUDING_OT,2305843009213693951,61,64,128,2,12,4096,64,64,16,4,0,OK,measured,PASS,P1,included_in_pprf_key_setup_ms,included_in_expand_total_ms,included_in_expand_total_ms,included_in_expand_total_ms,included_in_expand_total_ms,1.7619999999999998,1.7619999999999998,3.1899999999999995,C++ end-to-end harness exposes aggregate expand per party; finer subphase timers are recorded as included.
2026-07-23T09:15:27.274917+00:00,b33a10fa7851ba0c3a26bea531ffb004f00d9365,RM_COORD,INCLUDING_OT,2305843009213693951,61,64,128,2,12,4096,64,64,16,5,0,OK,measured,PASS,P0,included_in_pprf_key_setup_ms,included_in_expand_total_ms,included_in_expand_total_ms,included_in_expand_total_ms,included_in_expand_total_ms,1.4400000000000002,1.782,3.2220000000000004,C++ end-to-end harness exposes aggregate expand per party; finer subphase timers are recorded as included.
2026-07-23T09:15:27.274921+00:00,b33a10fa7851ba0c3a26bea531ffb004f00d9365,RM_COORD,INCLUDING_OT,2305843009213693951,61,64,128,2,12,4096,64,64,16,5,0,OK,measured,PASS,P1,included_in_pprf_key_setup_ms,included_in_expand_total_ms,included_in_expand_total_ms,included_in_expand_total_ms,included_in_expand_total_ms,1.782,1.782,3.2220000000000004,C++ end-to-end harness exposes aggregate expand per party; finer subphase timers are recorded as included.
2026-07-23T09:15:27.274927+00:00,b33a10fa7851ba0c3a26bea531ffb004f00d9365,RM_COORD,INCLUDING_OT,2305843009213693951,61,64,128,2,12,4096,64,64,16,6,0,OK,measured,PASS,P0,included_in_pprf_key_setup_ms,included_in_expand_total_ms,included_in_expand_total_ms,included_in_expand_total_ms,included_in_expand_total_ms,1.495,1.79,3.285,C++ end-to-end harness exposes aggregate expand per party; finer subphase timers are recorded as included.
2026-07-23T09:15:27.274934+00:00,b33a10fa7851ba0c3a26bea531ffb004f00d9365,RM_COORD,INCLUDING_OT,2305843009213693951,61,64,128,2,12,4096,64,64,16,6,0,OK,measured,PASS,P1,included_in_pprf_key_setup_ms,included_in_expand_total_ms,included_in_expand_total_ms,included_in_expand_total_ms,included_in_expand_total_ms,1.79,1.79,3.285,C++ end-to-end harness exposes aggregate expand per party; finer subphase timers are recorded as included.
2026-07-23T09:15:27.274939+00:00,b33a10fa7851ba0c3a26bea531ffb004f00d9365,RM_COORD,INCLUDING_OT,2305843009213693951,61,64,128,2,12,4096,64,64,16,7,0,OK,measured,PASS,P0,included_in_pprf_key_setup_ms,included_in_expand_total_ms,included_in_expand_total_ms,included_in_expand_total_ms,included_in_expand_total_ms,1.444,1.792,3.2359999999999998,C++ end-to-end harness exposes aggregate expand per party; finer subphase timers are recorded as included.
2026-07-23T09:15:27.274944+00:00,b33a10fa7851ba0c3a26bea531ffb004f00d9365,RM_COORD,INCLUDING_OT,2305843009213693951,61,64,128,2,12,4096,64,64,16,7,0,OK,measured,PASS,P1,included_in_pprf_key_setup_ms,included_in_expand_total_ms,included_in_expand_total_ms,included_in_expand_total_ms,included_in_expand_total_ms,1.792,1.792,3.2359999999999998,C++ end-to-end harness exposes aggregate expand per party; finer subphase timers are recorded as included.
2026-07-23T09:15:27.274952+00:00,b33a10fa7851ba0c3a26bea531ffb004f00d9365,RM_COORD,INCLUDING_OT,2305843009213693951,61,64,128,2,12,4096,64,64,16,8,0,OK,measured,PASS,P0,included_in_pprf_key_setup_ms,included_in_expand_total_ms,included_in_expand_total_ms,included_in_expand_total_ms,included_in_expand_total_ms,1.472,1.7730000000000001,3.245,C++ end-to-end harness exposes aggregate expand per party; finer subphase timers are recorded as included.
2026-07-23T09:15:27.274957+00:00,b33a10fa7851ba0c3a26bea531ffb004f00d9365,RM_COORD,INCLUDING_OT,2305843009213693951,61,64,128,2,12,4096,64,64,16,8,0,OK,measured,PASS,P1,included_in_pprf_key_setup_ms,included_in_expand_total_ms,included_in_expand_total_ms,included_in_expand_total_ms,included_in_expand_total_ms,1.7730000000000001,1.7730000000000001,3.245,C++ end-to-end harness exposes aggregate expand per party; finer subphase timers are recorded as included.
2026-07-23T09:15:27.274963+00:00,b33a10fa7851ba0c3a26bea531ffb004f00d9365,RM_COORD,INCLUDING_OT,2305843009213693951,61,64,128,2,12,4096,64,64,16,9,0,OK,measured,PASS,P0,included_in_pprf_key_setup_ms,included_in_expand_total_ms,included_in_expand_total_ms,included_in_expand_total_ms,included_in_expand_total_ms,1.4400000000000002,1.732,3.172,C++ end-to-end harness exposes aggregate expand per party; finer subphase timers are recorded as included.
2026-07-23T09:15:27.274968+00:00,b33a10fa7851ba0c3a26bea531ffb004f00d9365,RM_COORD,INCLUDING_OT,2305843009213693951,61,64,128,2,12,4096,64,64,16,9,0,OK,measured,PASS,P1,included_in_pprf_key_setup_ms,included_in_expand_total_ms,included_in_expand_total_ms,included_in_expand_total_ms,included_in_expand_total_ms,1.732,1.732,3.172,C++ end-to-end harness exposes aggregate expand per party; finer subphase timers are recorded as included.
2026-07-23T09:15:27.274976+00:00,b33a10fa7851ba0c3a26bea531ffb004f00d9365,RM_VECTOR,INCLUDING_OT,2305843009213693951,61,64,128,2,12,4096,64,64,32,-1,1,OK,measured,PASS,P0,included_in_pprf_key_setup_ms,included_in_expand_total_ms,included_in_expand_total_ms,included_in_expand_total_ms,included_in_expand_total_ms,2.828,2.828,5.584,C++ end-to-end harness exposes aggregate expand per party; finer subphase timers are recorded as included.
2026-07-23T09:15:27.274981+00:00,b33a10fa7851ba0c3a26bea531ffb004f00d9365,RM_VECTOR,INCLUDING_OT,2305843009213693951,61,64,128,2,12,4096,64,64,32,-1,1,OK,measured,PASS,P1,included_in_pprf_key_setup_ms,included_in_expand_total_ms,included_in_expand_total_ms,included_in_expand_total_ms,included_in_expand_total_ms,2.7560000000000002,2.828,5.584,C++ end-to-end harness exposes aggregate expand per party; finer subphase timers are recorded as included.
2026-07-23T09:15:27.274988+00:00,b33a10fa7851ba0c3a26bea531ffb004f00d9365,RM_VECTOR,INCLUDING_OT,2305843009213693951,61,64,128,2,12,4096,64,64,32,0,0,OK,measured,PASS,P0,included_in_pprf_key_setup_ms,included_in_expand_total_ms,included_in_expand_total_ms,included_in_expand_total_ms,included_in_expand_total_ms,2.835,2.835,5.615,C++ end-to-end harness exposes aggregate expand per party; finer subphase timers are recorded as included.
2026-07-23T09:15:27.274994+00:00,b33a10fa7851ba0c3a26bea531ffb004f00d9365,RM_VECTOR,INCLUDING_OT,2305843009213693951,61,64,128,2,12,4096,64,64,32,0,0,OK,measured,PASS,P1,included_in_pprf_key_setup_ms,included_in_expand_total_ms,included_in_expand_total_ms,included_in_expand_total_ms,included_in_expand_total_ms,2.78,2.835,5.615,C++ end-to-end harness exposes aggregate expand per party; finer subphase timers are recorded as included.
2026-07-23T09:15:27.275000+00:00,b33a10fa7851ba0c3a26bea531ffb004f00d9365,RM_VECTOR,INCLUDING_OT,2305843009213693951,61,64,128,2,12,4096,64,64,32,1,0,OK,measured,PASS,P0,included_in_pprf_key_setup_ms,included_in_expand_total_ms,included_in_expand_total_ms,included_in_expand_total_ms,included_in_expand_total_ms,2.794,2.794,5.5600000000000005,C++ end-to-end harness exposes aggregate expand per party; finer subphase timers are recorded as included.
2026-07-23T09:15:27.275004+00:00,b33a10fa7851ba0c3a26bea531ffb004f00d9365,RM_VECTOR,INCLUDING_OT,2305843009213693951,61,64,128,2,12,4096,64,64,32,1,0,OK,measured,PASS,P1,included_in_pprf_key_setup_ms,included_in_expand_total_ms,included_in_expand_total_ms,included_in_expand_total_ms,included_in_expand_total_ms,2.766,2.794,5.5600000000000005,C++ end-to-end harness exposes aggregate expand per party; finer subphase timers are recorded as included.
2026-07-23T09:15:27.275026+00:00,b33a10fa7851ba0c3a26bea531ffb004f00d9365,RM_VECTOR,INCLUDING_OT,2305843009213693951,61,64,128,2,12,4096,64,64,32,2,0,OK,measured,PASS,P0,included_in_pprf_key_setup_ms,included_in_expand_total_ms,included_in_expand_total_ms,included_in_expand_total_ms,included_in_expand_total_ms,2.834,2.834,5.596,C++ end-to-end harness exposes aggregate expand per party; finer subphase timers are recorded as included.
2026-07-23T09:15:27.275032+00:00,b33a10fa7851ba0c3a26bea531ffb004f00d9365,RM_VECTOR,INCLUDING_OT,2305843009213693951,61,64,128,2,12,4096,64,64,32,2,0,OK,measured,PASS,P1,included_in_pprf_key_setup_ms,included_in_expand_total_ms,included_in_expand_total_ms,included_in_expand_total_ms,included_in_expand_total_ms,2.762,2.834,5.596,C++ end-to-end harness exposes aggregate expand per party; finer subphase timers are recorded as included.
2026-07-23T09:15:27.275038+00:00,b33a10fa7851ba0c3a26bea531ffb004f00d9365,RM_VECTOR,INCLUDING_OT,2305843009213693951,61,64,128,2,12,4096,64,64,32,3,0,OK,measured,PASS,P0,included_in_pprf_key_setup_ms,included_in_expand_total_ms,included_in_expand_total_ms,included_in_expand_total_ms,included_in_expand_total_ms,2.833,2.833,5.603,C++ end-to-end harness exposes aggregate expand per party; finer subphase timers are recorded as included.
2026-07-23T09:15:27.275043+00:00,b33a10fa7851ba0c3a26bea531ffb004f00d9365,RM_VECTOR,INCLUDING_OT,2305843009213693951,61,64,128,2,12,4096,64,64,32,3,0,OK,measured,PASS,P1,included_in_pprf_key_setup_ms,included_in_expand_total_ms,included_in_expand_total_ms,included_in_expand_total_ms,included_in_expand_total_ms,2.77,2.833,5.603,C++ end-to-end harness exposes aggregate expand per party; finer subphase timers are recorded as included.
2026-07-23T09:15:27.275051+00:00,b33a10fa7851ba0c3a26bea531ffb004f00d9365,RM_VECTOR,INCLUDING_OT,2305843009213693951,61,64,128,2,12,4096,64,64,32,4,0,OK,measured,PASS,P0,included_in_pprf_key_setup_ms,included_in_expand_total_ms,included_in_expand_total_ms,included_in_expand_total_ms,included_in_expand_total_ms,2.833,2.833,5.609,C++ end-to-end harness exposes aggregate expand per party; finer subphase timers are recorded as included.
2026-07-23T09:15:27.275056+00:00,b33a10fa7851ba0c3a26bea531ffb004f00d9365,RM_VECTOR,INCLUDING_OT,2305843009213693951,61,64,128,2,12,4096,64,64,32,4,0,OK,measured,PASS,P1,included_in_pprf_key_setup_ms,included_in_expand_total_ms,included_in_expand_total_ms,included_in_expand_total_ms,included_in_expand_total_ms,2.776,2.833,5.609,C++ end-to-end harness exposes aggregate expand per party; finer subphase timers are recorded as included.
2026-07-23T09:15:27.275062+00:00,b33a10fa7851ba0c3a26bea531ffb004f00d9365,RM_VECTOR,INCLUDING_OT,2305843009213693951,61,64,128,2,12,4096,64,64,32,5,0,OK,measured,PASS,P0,included_in_pprf_key_setup_ms,included_in_expand_total_ms,included_in_expand_total_ms,included_in_expand_total_ms,included_in_expand_total_ms,2.8249999999999997,2.8249999999999997,5.595,C++ end-to-end harness exposes aggregate expand per party; finer subphase timers are recorded as included.
2026-07-23T09:15:27.275067+00:00,b33a10fa7851ba0c3a26bea531ffb004f00d9365,RM_VECTOR,INCLUDING_OT,2305843009213693951,61,64,128,2,12,4096,64,64,32,5,0,OK,measured,PASS,P1,included_in_pprf_key_setup_ms,included_in_expand_total_ms,included_in_expand_total_ms,included_in_expand_total_ms,included_in_expand_total_ms,2.77,2.8249999999999997,5.595,C++ end-to-end harness exposes aggregate expand per party; finer subphase timers are recorded as included.
2026-07-23T09:15:27.275074+00:00,b33a10fa7851ba0c3a26bea531ffb004f00d9365,RM_VECTOR,INCLUDING_OT,2305843009213693951,61,64,128,2,12,4096,64,64,32,6,0,OK,measured,PASS,P0,included_in_pprf_key_setup_ms,included_in_expand_total_ms,included_in_expand_total_ms,included_in_expand_total_ms,included_in_expand_total_ms,2.81,2.81,5.567,C++ end-to-end harness exposes aggregate expand per party; finer subphase timers are recorded as included.
2026-07-23T09:15:27.275079+00:00,b33a10fa7851ba0c3a26bea531ffb004f00d9365,RM_VECTOR,INCLUDING_OT,2305843009213693951,61,64,128,2,12,4096,64,64,32,6,0,OK,measured,PASS,P1,included_in_pprf_key_setup_ms,included_in_expand_total_ms,included_in_expand_total_ms,included_in_expand_total_ms,included_in_expand_total_ms,2.757,2.81,5.567,C++ end-to-end harness exposes aggregate expand per party; finer subphase timers are recorded as included.
2026-07-23T09:15:27.275090+00:00,b33a10fa7851ba0c3a26bea531ffb004f00d9365,RM_VECTOR,INCLUDING_OT,2305843009213693951,61,64,128,2,12,4096,64,64,32,7,0,OK,measured,PASS,P0,included_in_pprf_key_setup_ms,included_in_expand_total_ms,included_in_expand_total_ms,included_in_expand_total_ms,included_in_expand_total_ms,2.839,2.839,5.598000000000001,C++ end-to-end harness exposes aggregate expand per party; finer subphase timers are recorded as included.
2026-07-23T09:15:27.275095+00:00,b33a10fa7851ba0c3a26bea531ffb004f00d9365,RM_VECTOR,INCLUDING_OT,2305843009213693951,61,64,128,2,12,4096,64,64,32,7,0,OK,measured,PASS,P1,included_in_pprf_key_setup_ms,included_in_expand_total_ms,included_in_expand_total_ms,included_in_expand_total_ms,included_in_expand_total_ms,2.7590000000000003,2.839,5.598000000000001,C++ end-to-end harness exposes aggregate expand per party; finer subphase timers are recorded as included.
2026-07-23T09:15:27.275106+00:00,b33a10fa7851ba0c3a26bea531ffb004f00d9365,RM_VECTOR,INCLUDING_OT,2305843009213693951,61,64,128,2,12,4096,64,64,32,8,0,OK,measured,PASS,P0,included_in_pprf_key_setup_ms,included_in_expand_total_ms,included_in_expand_total_ms,included_in_expand_total_ms,included_in_expand_total_ms,2.811,2.811,5.556,C++ end-to-end harness exposes aggregate expand per party; finer subphase timers are recorded as included.
2026-07-23T09:15:27.275111+00:00,b33a10fa7851ba0c3a26bea531ffb004f00d9365,RM_VECTOR,INCLUDING_OT,2305843009213693951,61,64,128,2,12,4096,64,64,32,8,0,OK,measured,PASS,P1,included_in_pprf_key_setup_ms,included_in_expand_total_ms,included_in_expand_total_ms,included_in_expand_total_ms,included_in_expand_total_ms,2.745,2.811,5.556,C++ end-to-end harness exposes aggregate expand per party; finer subphase timers are recorded as included.
2026-07-23T09:15:27.275119+00:00,b33a10fa7851ba0c3a26bea531ffb004f00d9365,RM_VECTOR,INCLUDING_OT,2305843009213693951,61,64,128,2,12,4096,64,64,32,9,0,OK,measured,PASS,P0,included_in_pprf_key_setup_ms,included_in_expand_total_ms,included_in_expand_total_ms,included_in_expand_total_ms,included_in_expand_total_ms,2.8449999999999998,2.8449999999999998,5.651,C++ end-to-end harness exposes aggregate expand per party; finer subphase timers are recorded as included.
2026-07-23T09:15:27.275123+00:00,b33a10fa7851ba0c3a26bea531ffb004f00d9365,RM_VECTOR,INCLUDING_OT,2305843009213693951,61,64,128,2,12,4096,64,64,32,9,0,OK,measured,PASS,P1,included_in_pprf_key_setup_ms,included_in_expand_total_ms,included_in_expand_total_ms,included_in_expand_total_ms,included_in_expand_total_ms,2.806,2.8449999999999998,5.651,C++ end-to-end harness exposes aggregate expand per party; finer subphase timers are recorded as included.
2026-07-23T09:15:27.275129+00:00,b33a10fa7851ba0c3a26bea531ffb004f00d9365,RM_COORD,INCLUDING_OT,2305843009213693951,61,64,128,2,12,4096,64,64,32,-1,1,OK,measured,PASS,P0,included_in_pprf_key_setup_ms,included_in_expand_total_ms,included_in_expand_total_ms,included_in_expand_total_ms,included_in_expand_total_ms,3.09,3.578,6.667999999999999,C++ end-to-end harness exposes aggregate expand per party; finer subphase timers are recorded as included.
2026-07-23T09:15:27.275134+00:00,b33a10fa7851ba0c3a26bea531ffb004f00d9365,RM_COORD,INCLUDING_OT,2305843009213693951,61,64,128,2,12,4096,64,64,32,-1,1,OK,measured,PASS,P1,included_in_pprf_key_setup_ms,included_in_expand_total_ms,included_in_expand_total_ms,included_in_expand_total_ms,included_in_expand_total_ms,3.578,3.578,6.667999999999999,C++ end-to-end harness exposes aggregate expand per party; finer subphase timers are recorded as included.
2026-07-23T09:15:27.275143+00:00,b33a10fa7851ba0c3a26bea531ffb004f00d9365,RM_COORD,INCLUDING_OT,2305843009213693951,61,64,128,2,12,4096,64,64,32,0,0,OK,measured,PASS,P0,included_in_pprf_key_setup_ms,included_in_expand_total_ms,included_in_expand_total_ms,included_in_expand_total_ms,included_in_expand_total_ms,3.0370000000000004,3.589,6.626,C++ end-to-end harness exposes aggregate expand per party; finer subphase timers are recorded as included.
2026-07-23T09:15:27.275150+00:00,b33a10fa7851ba0c3a26bea531ffb004f00d9365,RM_COORD,INCLUDING_OT,2305843009213693951,61,64,128,2,12,4096,64,64,32,0,0,OK,measured,PASS,P1,included_in_pprf_key_setup_ms,included_in_expand_total_ms,included_in_expand_total_ms,included_in_expand_total_ms,included_in_expand_total_ms,3.589,3.589,6.626,C++ end-to-end harness exposes aggregate expand per party; finer subphase timers are recorded as included.
2026-07-23T09:15:27.275158+00:00,b33a10fa7851ba0c3a26bea531ffb004f00d9365,RM_COORD,INCLUDING_OT,2305843009213693951,61,64,128,2,12,4096,64,64,32,1,0,OK,measured,PASS,P0,included_in_pprf_key_setup_ms,included_in_expand_total_ms,included_in_expand_total_ms,included_in_expand_total_ms,included_in_expand_total_ms,3.094,3.493,6.587,C++ end-to-end harness exposes aggregate expand per party; finer subphase timers are recorded as included.
2026-07-23T09:15:27.275162+00:00,b33a10fa7851ba0c3a26bea531ffb004f00d9365,RM_COORD,INCLUDING_OT,2305843009213693951,61,64,128,2,12,4096,64,64,32,1,0,OK,measured,PASS,P1,included_in_pprf_key_setup_ms,included_in_expand_total_ms,included_in_expand_total_ms,included_in_expand_total_ms,included_in_expand_total_ms,3.493,3.493,6.587,C++ end-to-end harness exposes aggregate expand per party; finer subphase timers are recorded as included.
2026-07-23T09:15:27.275171+00:00,b33a10fa7851ba0c3a26bea531ffb004f00d9365,RM_COORD,INCLUDING_OT,2305843009213693951,61,64,128,2,12,4096,64,64,32,2,0,OK,measured,PASS,P0,included_in_pprf_key_setup_ms,included_in_expand_total_ms,included_in_expand_total_ms,included_in_expand_total_ms,included_in_expand_total_ms,3.075,3.5869999999999997,6.662,C++ end-to-end harness exposes aggregate expand per party; finer subphase timers are recorded as included.
2026-07-23T09:15:27.275175+00:00,b33a10fa7851ba0c3a26bea531ffb004f00d9365,RM_COORD,INCLUDING_OT,2305843009213693951,61,64,128,2,12,4096,64,64,32,2,0,OK,measured,PASS,P1,included_in_pprf_key_setup_ms,included_in_expand_total_ms,included_in_expand_total_ms,included_in_expand_total_ms,included_in_expand_total_ms,3.5869999999999997,3.5869999999999997,6.662,C++ end-to-end harness exposes aggregate expand per party; finer subphase timers are recorded as included.
2026-07-23T09:15:27.275183+00:00,b33a10fa7851ba0c3a26bea531ffb004f00d9365,RM_COORD,INCLUDING_OT,2305843009213693951,61,64,128,2,12,4096,64,64,32,3,0,OK,measured,PASS,P0,included_in_pprf_key_setup_ms,included_in_expand_total_ms,included_in_expand_total_ms,included_in_expand_total_ms,included_in_expand_total_ms,3.081,3.4610000000000003,6.542,C++ end-to-end harness exposes aggregate expand per party; finer subphase timers are recorded as included.
2026-07-23T09:15:27.275188+00:00,b33a10fa7851ba0c3a26bea531ffb004f00d9365,RM_COORD,INCLUDING_OT,2305843009213693951,61,64,128,2,12,4096,64,64,32,3,0,OK,measured,PASS,P1,included_in_pprf_key_setup_ms,included_in_expand_total_ms,included_in_expand_total_ms,included_in_expand_total_ms,included_in_expand_total_ms,3.4610000000000003,3.4610000000000003,6.542,C++ end-to-end harness exposes aggregate expand per party; finer subphase timers are recorded as included.
2026-07-23T09:15:27.275196+00:00,b33a10fa7851ba0c3a26bea531ffb004f00d9365,RM_COORD,INCLUDING_OT,2305843009213693951,61,64,128,2,12,4096,64,64,32,4,0,OK,measured,PASS,P0,included_in_pprf_key_setup_ms,included_in_expand_total_ms,included_in_expand_total_ms,included_in_expand_total_ms,included_in_expand_total_ms,3.0500000000000003,3.591,6.641,C++ end-to-end harness exposes aggregate expand per party; finer subphase timers are recorded as included.
2026-07-23T09:15:27.275201+00:00,b33a10fa7851ba0c3a26bea531ffb004f00d9365,RM_COORD,INCLUDING_OT,2305843009213693951,61,64,128,2,12,4096,64,64,32,4,0,OK,measured,PASS,P1,included_in_pprf_key_setup_ms,included_in_expand_total_ms,included_in_expand_total_ms,included_in_expand_total_ms,included_in_expand_total_ms,3.591,3.591,6.641,C++ end-to-end harness exposes aggregate expand per party; finer subphase timers are recorded as included.
2026-07-23T09:15:27.275207+00:00,b33a10fa7851ba0c3a26bea531ffb004f00d9365,RM_COORD,INCLUDING_OT,2305843009213693951,61,64,128,2,12,4096,64,64,32,5,0,OK,measured,PASS,P0,included_in_pprf_key_setup_ms,included_in_expand_total_ms,included_in_expand_total_ms,included_in_expand_total_ms,included_in_expand_total_ms,3.216,3.579,6.795,C++ end-to-end harness exposes aggregate expand per party; finer subphase timers are recorded as included.
2026-07-23T09:15:27.275211+00:00,b33a10fa7851ba0c3a26bea531ffb004f00d9365,RM_COORD,INCLUDING_OT,2305843009213693951,61,64,128,2,12,4096,64,64,32,5,0,OK,measured,PASS,P1,included_in_pprf_key_setup_ms,included_in_expand_total_ms,included_in_expand_total_ms,included_in_expand_total_ms,included_in_expand_total_ms,3.579,3.579,6.795,C++ end-to-end harness exposes aggregate expand per party; finer subphase timers are recorded as included.
2026-07-23T09:15:27.275217+00:00,b33a10fa7851ba0c3a26bea531ffb004f00d9365,RM_COORD,INCLUDING_OT,2305843009213693951,61,64,128,2,12,4096,64,64,32,6,0,OK,measured,PASS,P0,included_in_pprf_key_setup_ms,included_in_expand_total_ms,included_in_expand_total_ms,included_in_expand_total_ms,included_in_expand_total_ms,3.048,3.57,6.618,C++ end-to-end harness exposes aggregate expand per party; finer subphase timers are recorded as included.
2026-07-23T09:15:27.275224+00:00,b33a10fa7851ba0c3a26bea531ffb004f00d9365,RM_COORD,INCLUDING_OT,2305843009213693951,61,64,128,2,12,4096,64,64,32,6,0,OK,measured,PASS,P1,included_in_pprf_key_setup_ms,included_in_expand_total_ms,included_in_expand_total_ms,included_in_expand_total_ms,included_in_expand_total_ms,3.57,3.57,6.618,C++ end-to-end harness exposes aggregate expand per party; finer subphase timers are recorded as included.
2026-07-23T09:15:27.275230+00:00,b33a10fa7851ba0c3a26bea531ffb004f00d9365,RM_COORD,INCLUDING_OT,2305843009213693951,61,64,128,2,12,4096,64,64,32,7,0,OK,measured,PASS,P0,included_in_pprf_key_setup_ms,included_in_expand_total_ms,included_in_expand_total_ms,included_in_expand_total_ms,included_in_expand_total_ms,3.039,3.4859999999999998,6.525,C++ end-to-end harness exposes aggregate expand per party; finer subphase timers are recorded as included.
2026-07-23T09:15:27.275235+00:00,b33a10fa7851ba0c3a26bea531ffb004f00d9365,RM_COORD,INCLUDING_OT,2305843009213693951,61,64,128,2,12,4096,64,64,32,7,0,OK,measured,PASS,P1,included_in_pprf_key_setup_ms,included_in_expand_total_ms,included_in_expand_total_ms,included_in_expand_total_ms,included_in_expand_total_ms,3.4859999999999998,3.4859999999999998,6.525,C++ end-to-end harness exposes aggregate expand per party; finer subphase timers are recorded as included.
2026-07-23T09:15:27.275241+00:00,b33a10fa7851ba0c3a26bea531ffb004f00d9365,RM_COORD,INCLUDING_OT,2305843009213693951,61,64,128,2,12,4096,64,64,32,8,0,OK,measured,PASS,P0,included_in_pprf_key_setup_ms,included_in_expand_total_ms,included_in_expand_total_ms,included_in_expand_total_ms,included_in_expand_total_ms,3.085,3.476,6.561,C++ end-to-end harness exposes aggregate expand per party; finer subphase timers are recorded as included.
2026-07-23T09:15:27.275249+00:00,b33a10fa7851ba0c3a26bea531ffb004f00d9365,RM_COORD,INCLUDING_OT,2305843009213693951,61,64,128,2,12,4096,64,64,32,8,0,OK,measured,PASS,P1,included_in_pprf_key_setup_ms,included_in_expand_total_ms,included_in_expand_total_ms,included_in_expand_total_ms,included_in_expand_total_ms,3.476,3.476,6.561,C++ end-to-end harness exposes aggregate expand per party; finer subphase timers are recorded as included.
2026-07-23T09:15:27.275254+00:00,b33a10fa7851ba0c3a26bea531ffb004f00d9365,RM_COORD,INCLUDING_OT,2305843009213693951,61,64,128,2,12,4096,64,64,32,9,0,OK,measured,PASS,P0,included_in_pprf_key_setup_ms,included_in_expand_total_ms,included_in_expand_total_ms,included_in_expand_total_ms,included_in_expand_total_ms,3.077,3.614,6.691,C++ end-to-end harness exposes aggregate expand per party; finer subphase timers are recorded as included.
2026-07-23T09:15:27.275259+00:00,b33a10fa7851ba0c3a26bea531ffb004f00d9365,RM_COORD,INCLUDING_OT,2305843009213693951,61,64,128,2,12,4096,64,64,32,9,0,OK,measured,PASS,P1,included_in_pprf_key_setup_ms,included_in_expand_total_ms,included_in_expand_total_ms,included_in_expand_total_ms,included_in_expand_total_ms,3.614,3.614,6.691,C++ end-to-end harness exposes aggregate expand per party; finer subphase timers are recorded as included.
2026-07-23T09:15:27.275266+00:00,b33a10fa7851ba0c3a26bea531ffb004f00d9365,RM_VECTOR,INCLUDING_OT,2305843009213693951,61,64,128,2,14,16384,64,256,8,-1,1,OK,measured,PASS,P0,included_in_pprf_key_setup_ms,included_in_expand_total_ms,included_in_expand_total_ms,included_in_expand_total_ms,included_in_expand_total_ms,3.279,3.279,6.301,C++ end-to-end harness exposes aggregate expand per party; finer subphase timers are recorded as included.
2026-07-23T09:15:27.275273+00:00,b33a10fa7851ba0c3a26bea531ffb004f00d9365,RM_VECTOR,INCLUDING_OT,2305843009213693951,61,64,128,2,14,16384,64,256,8,-1,1,OK,measured,PASS,P1,included_in_pprf_key_setup_ms,included_in_expand_total_ms,included_in_expand_total_ms,included_in_expand_total_ms,included_in_expand_total_ms,3.022,3.279,6.301,C++ end-to-end harness exposes aggregate expand per party; finer subphase timers are recorded as included.
2026-07-23T09:15:27.275279+00:00,b33a10fa7851ba0c3a26bea531ffb004f00d9365,RM_VECTOR,INCLUDING_OT,2305843009213693951,61,64,128,2,14,16384,64,256,8,0,0,OK,measured,PASS,P0,included_in_pprf_key_setup_ms,included_in_expand_total_ms,included_in_expand_total_ms,included_in_expand_total_ms,included_in_expand_total_ms,3.3409999999999997,3.3409999999999997,6.419,C++ end-to-end harness exposes aggregate expand per party; finer subphase timers are recorded as included.
2026-07-23T09:15:27.275284+00:00,b33a10fa7851ba0c3a26bea531ffb004f00d9365,RM_VECTOR,INCLUDING_OT,2305843009213693951,61,64,128,2,14,16384,64,256,8,0,0,OK,measured,PASS,P1,included_in_pprf_key_setup_ms,included_in_expand_total_ms,included_in_expand_total_ms,included_in_expand_total_ms,included_in_expand_total_ms,3.078,3.3409999999999997,6.419,C++ end-to-end harness exposes aggregate expand per party; finer subphase timers are recorded as included.
2026-07-23T09:15:27.275291+00:00,b33a10fa7851ba0c3a26bea531ffb004f00d9365,RM_VECTOR,INCLUDING_OT,2305843009213693951,61,64,128,2,14,16384,64,256,8,1,0,OK,measured,PASS,P0,included_in_pprf_key_setup_ms,included_in_expand_total_ms,included_in_expand_total_ms,included_in_expand_total_ms,included_in_expand_total_ms,3.4520000000000004,3.4520000000000004,6.49,C++ end-to-end harness exposes aggregate expand per party; finer subphase timers are recorded as included.
2026-07-23T09:15:27.275296+00:00,b33a10fa7851ba0c3a26bea531ffb004f00d9365,RM_VECTOR,INCLUDING_OT,2305843009213693951,61,64,128,2,14,16384,64,256,8,1,0,OK,measured,PASS,P1,included_in_pprf_key_setup_ms,included_in_expand_total_ms,included_in_expand_total_ms,included_in_expand_total_ms,included_in_expand_total_ms,3.038,3.4520000000000004,6.49,C++ end-to-end harness exposes aggregate expand per party; finer subphase timers are recorded as included.
2026-07-23T09:15:27.275302+00:00,b33a10fa7851ba0c3a26bea531ffb004f00d9365,RM_VECTOR,INCLUDING_OT,2305843009213693951,61,64,128,2,14,16384,64,256,8,2,0,OK,measured,PASS,P0,included_in_pprf_key_setup_ms,included_in_expand_total_ms,included_in_expand_total_ms,included_in_expand_total_ms,included_in_expand_total_ms,3.321,3.321,6.380000000000001,C++ end-to-end harness exposes aggregate expand per party; finer subphase timers are recorded as included.
2026-07-23T09:15:27.275307+00:00,b33a10fa7851ba0c3a26bea531ffb004f00d9365,RM_VECTOR,INCLUDING_OT,2305843009213693951,61,64,128,2,14,16384,64,256,8,2,0,OK,measured,PASS,P1,included_in_pprf_key_setup_ms,included_in_expand_total_ms,included_in_expand_total_ms,included_in_expand_total_ms,included_in_expand_total_ms,3.059,3.321,6.380000000000001,C++ end-to-end harness exposes aggregate expand per party; finer subphase timers are recorded as included.
2026-07-23T09:15:27.275314+00:00,b33a10fa7851ba0c3a26bea531ffb004f00d9365,RM_VECTOR,INCLUDING_OT,2305843009213693951,61,64,128,2,14,16384,64,256,8,3,0,OK,measured,PASS,P0,included_in_pprf_key_setup_ms,included_in_expand_total_ms,included_in_expand_total_ms,included_in_expand_total_ms,included_in_expand_total_ms,3.321,3.321,6.362,C++ end-to-end harness exposes aggregate expand per party; finer subphase timers are recorded as included.
2026-07-23T09:15:27.275319+00:00,b33a10fa7851ba0c3a26bea531ffb004f00d9365,RM_VECTOR,INCLUDING_OT,2305843009213693951,61,64,128,2,14,16384,64,256,8,3,0,OK,measured,PASS,P1,included_in_pprf_key_setup_ms,included_in_expand_total_ms,included_in_expand_total_ms,included_in_expand_total_ms,included_in_expand_total_ms,3.041,3.321,6.362,C++ end-to-end harness exposes aggregate expand per party; finer subphase timers are recorded as included.
2026-07-23T09:15:27.275325+00:00,b33a10fa7851ba0c3a26bea531ffb004f00d9365,RM_VECTOR,INCLUDING_OT,2305843009213693951,61,64,128,2,14,16384,64,256,8,4,0,OK,measured,PASS,P0,included_in_pprf_key_setup_ms,included_in_expand_total_ms,included_in_expand_total_ms,included_in_expand_total_ms,included_in_expand_total_ms,3.27,3.27,6.288,C++ end-to-end harness exposes aggregate expand per party; finer subphase timers are recorded as included.
2026-07-23T09:15:27.275329+00:00,b33a10fa7851ba0c3a26bea531ffb004f00d9365,RM_VECTOR,INCLUDING_OT,2305843009213693951,61,64,128,2,14,16384,64,256,8,4,0,OK,measured,PASS,P1,included_in_pprf_key_setup_ms,included_in_expand_total_ms,included_in_expand_total_ms,included_in_expand_total_ms,included_in_expand_total_ms,3.018,3.27,6.288,C++ end-to-end harness exposes aggregate expand per party; finer subphase timers are recorded as included.
2026-07-23T09:15:27.275337+00:00,b33a10fa7851ba0c3a26bea531ffb004f00d9365,RM_VECTOR,INCLUDING_OT,2305843009213693951,61,64,128,2,14,16384,64,256,8,5,0,OK,measured,PASS,P0,included_in_pprf_key_setup_ms,included_in_expand_total_ms,included_in_expand_total_ms,included_in_expand_total_ms,included_in_expand_total_ms,3.2529999999999997,3.2529999999999997,6.286999999999999,C++ end-to-end harness exposes aggregate expand per party; finer subphase timers are recorded as included.
2026-07-23T09:15:27.275341+00:00,b33a10fa7851ba0c3a26bea531ffb004f00d9365,RM_VECTOR,INCLUDING_OT,2305843009213693951,61,64,128,2,14,16384,64,256,8,5,0,OK,measured,PASS,P1,included_in_pprf_key_setup_ms,included_in_expand_total_ms,included_in_expand_total_ms,included_in_expand_total_ms,included_in_expand_total_ms,3.034,3.2529999999999997,6.286999999999999,C++ end-to-end harness exposes aggregate expand per party; finer subphase timers are recorded as included.
2026-07-23T09:15:27.275349+00:00,b33a10fa7851ba0c3a26bea531ffb004f00d9365,RM_VECTOR,INCLUDING_OT,2305843009213693951,61,64,128,2,14,16384,64,256,8,6,0,OK,measured,PASS,P0,included_in_pprf_key_setup_ms,included_in_expand_total_ms,included_in_expand_total_ms,included_in_expand_total_ms,included_in_expand_total_ms,3.297,3.297,6.323,C++ end-to-end harness exposes aggregate expand per party; finer subphase timers are recorded as included.
2026-07-23T09:15:27.275355+00:00,b33a10fa7851ba0c3a26bea531ffb004f00d9365,RM_VECTOR,INCLUDING_OT,2305843009213693951,61,64,128,2,14,16384,64,256,8,6,0,OK,measured,PASS,P1,included_in_pprf_key_setup_ms,included_in_expand_total_ms,included_in_expand_total_ms,included_in_expand_total_ms,included_in_expand_total_ms,3.0260000000000002,3.297,6.323,C++ end-to-end harness exposes aggregate expand per party; finer subphase timers are recorded as included.
2026-07-23T09:15:27.275361+00:00,b33a10fa7851ba0c3a26bea531ffb004f00d9365,RM_VECTOR,INCLUDING_OT,2305843009213693951,61,64,128,2,14,16384,64,256,8,7,0,OK,measured,PASS,P0,included_in_pprf_key_setup_ms,included_in_expand_total_ms,included_in_expand_total_ms,included_in_expand_total_ms,included_in_expand_total_ms,3.27,3.27,6.302,C++ end-to-end harness exposes aggregate expand per party; finer subphase timers are recorded as included.
2026-07-23T09:15:27.275366+00:00,b33a10fa7851ba0c3a26bea531ffb004f00d9365,RM_VECTOR,INCLUDING_OT,2305843009213693951,61,64,128,2,14,16384,64,256,8,7,0,OK,measured,PASS,P1,included_in_pprf_key_setup_ms,included_in_expand_total_ms,included_in_expand_total_ms,included_in_expand_total_ms,included_in_expand_total_ms,3.032,3.27,6.302,C++ end-to-end harness exposes aggregate expand per party; finer subphase timers are recorded as included.
2026-07-23T09:15:27.275371+00:00,b33a10fa7851ba0c3a26bea531ffb004f00d9365,RM_VECTOR,INCLUDING_OT,2305843009213693951,61,64,128,2,14,16384,64,256,8,8,0,OK,measured,PASS,P0,included_in_pprf_key_setup_ms,included_in_expand_total_ms,included_in_expand_total_ms,included_in_expand_total_ms,included_in_expand_total_ms,3.269,3.269,6.285,C++ end-to-end harness exposes aggregate expand per party; finer subphase timers are recorded as included.
2026-07-23T09:15:27.275378+00:00,b33a10fa7851ba0c3a26bea531ffb004f00d9365,RM_VECTOR,INCLUDING_OT,2305843009213693951,61,64,128,2,14,16384,64,256,8,8,0,OK,measured,PASS,P1,included_in_pprf_key_setup_ms,included_in_expand_total_ms,included_in_expand_total_ms,included_in_expand_total_ms,included_in_expand_total_ms,3.016,3.269,6.285,C++ end-to-end harness exposes aggregate expand per party; finer subphase timers are recorded as included.
2026-07-23T09:15:27.275384+00:00,b33a10fa7851ba0c3a26bea531ffb004f00d9365,RM_VECTOR,INCLUDING_OT,2305843009213693951,61,64,128,2,14,16384,64,256,8,9,0,OK,measured,PASS,P0,included_in_pprf_key_setup_ms,included_in_expand_total_ms,included_in_expand_total_ms,included_in_expand_total_ms,included_in_expand_total_ms,3.3040000000000003,3.3040000000000003,6.335,C++ end-to-end harness exposes aggregate expand per party; finer subphase timers are recorded as included.
2026-07-23T09:15:27.275388+00:00,b33a10fa7851ba0c3a26bea531ffb004f00d9365,RM_VECTOR,INCLUDING_OT,2305843009213693951,61,64,128,2,14,16384,64,256,8,9,0,OK,measured,PASS,P1,included_in_pprf_key_setup_ms,included_in_expand_total_ms,included_in_expand_total_ms,included_in_expand_total_ms,included_in_expand_total_ms,3.0309999999999997,3.3040000000000003,6.335,C++ end-to-end harness exposes aggregate expand per party; finer subphase timers are recorded as included.
2026-07-23T09:15:27.275396+00:00,b33a10fa7851ba0c3a26bea531ffb004f00d9365,RM_COORD,INCLUDING_OT,2305843009213693951,61,64,128,2,14,16384,64,256,8,-1,1,OK,measured,PASS,P0,included_in_pprf_key_setup_ms,included_in_expand_total_ms,included_in_expand_total_ms,included_in_expand_total_ms,included_in_expand_total_ms,3.5309999999999997,3.72,7.2509999999999994,C++ end-to-end harness exposes aggregate expand per party; finer subphase timers are recorded as included.
2026-07-23T09:15:27.275405+00:00,b33a10fa7851ba0c3a26bea531ffb004f00d9365,RM_COORD,INCLUDING_OT,2305843009213693951,61,64,128,2,14,16384,64,256,8,-1,1,OK,measured,PASS,P1,included_in_pprf_key_setup_ms,included_in_expand_total_ms,included_in_expand_total_ms,included_in_expand_total_ms,included_in_expand_total_ms,3.72,3.72,7.2509999999999994,C++ end-to-end harness exposes aggregate expand per party; finer subphase timers are recorded as included.
2026-07-23T09:15:27.275411+00:00,b33a10fa7851ba0c3a26bea531ffb004f00d9365,RM_COORD,INCLUDING_OT,2305843009213693951,61,64,128,2,14,16384,64,256,8,0,0,OK,measured,PASS,P0,included_in_pprf_key_setup_ms,included_in_expand_total_ms,included_in_expand_total_ms,included_in_expand_total_ms,included_in_expand_total_ms,3.48,3.7230000000000003,7.203,C++ end-to-end harness exposes aggregate expand per party; finer subphase timers are recorded as included.
2026-07-23T09:15:27.275416+00:00,b33a10fa7851ba0c3a26bea531ffb004f00d9365,RM_COORD,INCLUDING_OT,2305843009213693951,61,64,128,2,14,16384,64,256,8,0,0,OK,measured,PASS,P1,included_in_pprf_key_setup_ms,included_in_expand_total_ms,included_in_expand_total_ms,included_in_expand_total_ms,included_in_expand_total_ms,3.7230000000000003,3.7230000000000003,7.203,C++ end-to-end harness exposes aggregate expand per party; finer subphase timers are recorded as included.
2026-07-23T09:15:27.275425+00:00,b33a10fa7851ba0c3a26bea531ffb004f00d9365,RM_COORD,INCLUDING_OT,2305843009213693951,61,64,128,2,14,16384,64,256,8,1,0,OK,measured,PASS,P0,included_in_pprf_key_setup_ms,included_in_expand_total_ms,included_in_expand_total_ms,included_in_expand_total_ms,included_in_expand_total_ms,3.597,3.755,7.352,C++ end-to-end harness exposes aggregate expand per party; finer subphase timers are recorded as included.
2026-07-23T09:15:27.275430+00:00,b33a10fa7851ba0c3a26bea531ffb004f00d9365,RM_COORD,INCLUDING_OT,2305843009213693951,61,64,128,2,14,16384,64,256,8,1,0,OK,measured,PASS,P1,included_in_pprf_key_setup_ms,included_in_expand_total_ms,included_in_expand_total_ms,included_in_expand_total_ms,included_in_expand_total_ms,3.755,3.755,7.352,C++ end-to-end harness exposes aggregate expand per party; finer subphase timers are recorded as included.
2026-07-23T09:15:27.275435+00:00,b33a10fa7851ba0c3a26bea531ffb004f00d9365,RM_COORD,INCLUDING_OT,2305843009213693951,61,64,128,2,14,16384,64,256,8,2,0,OK,measured,PASS,P0,included_in_pprf_key_setup_ms,included_in_expand_total_ms,included_in_expand_total_ms,included_in_expand_total_ms,included_in_expand_total_ms,3.572,3.722,7.2940000000000005,C++ end-to-end harness exposes aggregate expand per party; finer subphase timers are recorded as included.
2026-07-23T09:15:27.275440+00:00,b33a10fa7851ba0c3a26bea531ffb004f00d9365,RM_COORD,INCLUDING_OT,2305843009213693951,61,64,128,2,14,16384,64,256,8,2,0,OK,measured,PASS,P1,included_in_pprf_key_setup_ms,included_in_expand_total_ms,included_in_expand_total_ms,included_in_expand_total_ms,included_in_expand_total_ms,3.722,3.722,7.2940000000000005,C++ end-to-end harness exposes aggregate expand per party; finer subphase timers are recorded as included.
2026-07-23T09:15:27.275448+00:00,b33a10fa7851ba0c3a26bea531ffb004f00d9365,RM_COORD,INCLUDING_OT,2305843009213693951,61,64,128,2,14,16384,64,256,8,3,0,OK,measured,PASS,P0,included_in_pprf_key_setup_ms,included_in_expand_total_ms,included_in_expand_total_ms,included_in_expand_total_ms,included_in_expand_total_ms,3.541,3.758,7.2989999999999995,C++ end-to-end harness exposes aggregate expand per party; finer subphase timers are recorded as included.
2026-07-23T09:15:27.275452+00:00,b33a10fa7851ba0c3a26bea531ffb004f00d9365,RM_COORD,INCLUDING_OT,2305843009213693951,61,64,128,2,14,16384,64,256,8,3,0,OK,measured,PASS,P1,included_in_pprf_key_setup_ms,included_in_expand_total_ms,included_in_expand_total_ms,included_in_expand_total_ms,included_in_expand_total_ms,3.758,3.758,7.2989999999999995,C++ end-to-end harness exposes aggregate expand per party; finer subphase timers are recorded as included.
2026-07-23T09:15:27.275458+00:00,b33a10fa7851ba0c3a26bea531ffb004f00d9365,RM_COORD,INCLUDING_OT,2305843009213693951,61,64,128,2,14,16384,64,256,8,4,0,OK,measured,PASS,P0,included_in_pprf_key_setup_ms,included_in_expand_total_ms,included_in_expand_total_ms,included_in_expand_total_ms,included_in_expand_total_ms,3.577,3.813,7.390000000000001,C++ end-to-end harness exposes aggregate expand per party; finer subphase timers are recorded as included.
2026-07-23T09:15:27.275463+00:00,b33a10fa7851ba0c3a26bea531ffb004f00d9365,RM_COORD,INCLUDING_OT,2305843009213693951,61,64,128,2,14,16384,64,256,8,4,0,OK,measured,PASS,P1,included_in_pprf_key_setup_ms,included_in_expand_total_ms,included_in_expand_total_ms,included_in_expand_total_ms,included_in_expand_total_ms,3.813,3.813,7.390000000000001,C++ end-to-end harness exposes aggregate expand per party; finer subphase timers are recorded as included.
2026-07-23T09:15:27.275471+00:00,b33a10fa7851ba0c3a26bea531ffb004f00d9365,RM_COORD,INCLUDING_OT,2305843009213693951,61,64,128,2,14,16384,64,256,8,5,0,OK,measured,PASS,P0,included_in_pprf_key_setup_ms,included_in_expand_total_ms,included_in_expand_total_ms,included_in_expand_total_ms,included_in_expand_total_ms,3.662,3.705,7.367,C++ end-to-end harness exposes aggregate expand per party; finer subphase timers are recorded as included.
2026-07-23T09:15:27.275476+00:00,b33a10fa7851ba0c3a26bea531ffb004f00d9365,RM_COORD,INCLUDING_OT,2305843009213693951,61,64,128,2,14,16384,64,256,8,5,0,OK,measured,PASS,P1,included_in_pprf_key_setup_ms,included_in_expand_total_ms,included_in_expand_total_ms,included_in_expand_total_ms,included_in_expand_total_ms,3.705,3.705,7.367,C++ end-to-end harness exposes aggregate expand per party; finer subphase timers are recorded as included.
2026-07-23T09:15:27.275482+00:00,b33a10fa7851ba0c3a26bea531ffb004f00d9365,RM_COORD,INCLUDING_OT,2305843009213693951,61,64,128,2,14,16384,64,256,8,6,0,OK,measured,PASS,P0,included_in_pprf_key_setup_ms,included_in_expand_total_ms,included_in_expand_total_ms,included_in_expand_total_ms,included_in_expand_total_ms,3.5300000000000002,3.813,7.343,C++ end-to-end harness exposes aggregate expand per party; finer subphase timers are recorded as included.
2026-07-23T09:15:27.275488+00:00,b33a10fa7851ba0c3a26bea531ffb004f00d9365,RM_COORD,INCLUDING_OT,2305843009213693951,61,64,128,2,14,16384,64,256,8,6,0,OK,measured,PASS,P1,included_in_pprf_key_setup_ms,included_in_expand_total_ms,included_in_expand_total_ms,included_in_expand_total_ms,included_in_expand_total_ms,3.813,3.813,7.343,C++ end-to-end harness exposes aggregate expand per party; finer subphase timers are recorded as included.
2026-07-23T09:15:27.275495+00:00,b33a10fa7851ba0c3a26bea531ffb004f00d9365,RM_COORD,INCLUDING_OT,2305843009213693951,61,64,128,2,14,16384,64,256,8,7,0,OK,measured,PASS,P0,included_in_pprf_key_setup_ms,included_in_expand_total_ms,included_in_expand_total_ms,included_in_expand_total_ms,included_in_expand_total_ms,3.57,3.738,7.308,C++ end-to-end harness exposes aggregate expand per party; finer subphase timers are recorded as included.
2026-07-23T09:15:27.275499+00:00,b33a10fa7851ba0c3a26bea531ffb004f00d9365,RM_COORD,INCLUDING_OT,2305843009213693951,61,64,128,2,14,16384,64,256,8,7,0,OK,measured,PASS,P1,included_in_pprf_key_setup_ms,included_in_expand_total_ms,included_in_expand_total_ms,included_in_expand_total_ms,included_in_expand_total_ms,3.738,3.738,7.308,C++ end-to-end harness exposes aggregate expand per party; finer subphase timers are recorded as included.
2026-07-23T09:15:27.275506+00:00,b33a10fa7851ba0c3a26bea531ffb004f00d9365,RM_COORD,INCLUDING_OT,2305843009213693951,61,64,128,2,14,16384,64,256,8,8,0,OK,measured,PASS,P0,included_in_pprf_key_setup_ms,included_in_expand_total_ms,included_in_expand_total_ms,included_in_expand_total_ms,included_in_expand_total_ms,3.5669999999999997,3.856,7.423,C++ end-to-end harness exposes aggregate expand per party; finer subphase timers are recorded as included.
2026-07-23T09:15:27.275512+00:00,b33a10fa7851ba0c3a26bea531ffb004f00d9365,RM_COORD,INCLUDING_OT,2305843009213693951,61,64,128,2,14,16384,64,256,8,8,0,OK,measured,PASS,P1,included_in_pprf_key_setup_ms,included_in_expand_total_ms,included_in_expand_total_ms,included_in_expand_total_ms,included_in_expand_total_ms,3.856,3.856,7.423,C++ end-to-end harness exposes aggregate expand per party; finer subphase timers are recorded as included.
2026-07-23T09:15:27.275519+00:00,b33a10fa7851ba0c3a26bea531ffb004f00d9365,RM_COORD,INCLUDING_OT,2305843009213693951,61,64,128,2,14,16384,64,256,8,9,0,OK,measured,PASS,P0,included_in_pprf_key_setup_ms,included_in_expand_total_ms,included_in_expand_total_ms,included_in_expand_total_ms,included_in_expand_total_ms,3.4949999999999997,3.7230000000000003,7.218,C++ end-to-end harness exposes aggregate expand per party; finer subphase timers are recorded as included.
2026-07-23T09:15:27.275524+00:00,b33a10fa7851ba0c3a26bea531ffb004f00d9365,RM_COORD,INCLUDING_OT,2305843009213693951,61,64,128,2,14,16384,64,256,8,9,0,OK,measured,PASS,P1,included_in_pprf_key_setup_ms,included_in_expand_total_ms,included_in_expand_total_ms,included_in_expand_total_ms,included_in_expand_total_ms,3.7230000000000003,3.7230000000000003,7.218,C++ end-to-end harness exposes aggregate expand per party; finer subphase timers are recorded as included.
2026-07-23T09:15:27.275533+00:00,b33a10fa7851ba0c3a26bea531ffb004f00d9365,RM_VECTOR,INCLUDING_OT,2305843009213693951,61,64,128,2,14,16384,64,256,16,-1,1,OK,measured,PASS,P0,included_in_pprf_key_setup_ms,included_in_expand_total_ms,included_in_expand_total_ms,included_in_expand_total_ms,included_in_expand_total_ms,6.292,6.292,12.24,C++ end-to-end harness exposes aggregate expand per party; finer subphase timers are recorded as included.
2026-07-23T09:15:27.275537+00:00,b33a10fa7851ba0c3a26bea531ffb004f00d9365,RM_VECTOR,INCLUDING_OT,2305843009213693951,61,64,128,2,14,16384,64,256,16,-1,1,OK,measured,PASS,P1,included_in_pprf_key_setup_ms,included_in_expand_total_ms,included_in_expand_total_ms,included_in_expand_total_ms,included_in_expand_total_ms,5.948,6.292,12.24,C++ end-to-end harness exposes aggregate expand per party; finer subphase timers are recorded as included.
2026-07-23T09:15:27.275542+00:00,b33a10fa7851ba0c3a26bea531ffb004f00d9365,RM_VECTOR,INCLUDING_OT,2305843009213693951,61,64,128,2,14,16384,64,256,16,0,0,OK,measured,PASS,P0,included_in_pprf_key_setup_ms,included_in_expand_total_ms,included_in_expand_total_ms,included_in_expand_total_ms,included_in_expand_total_ms,6.309,6.309,12.301,C++ end-to-end harness exposes aggregate expand per party; finer subphase timers are recorded as included.
2026-07-23T09:15:27.275547+00:00,b33a10fa7851ba0c3a26bea531ffb004f00d9365,RM_VECTOR,INCLUDING_OT,2305843009213693951,61,64,128,2,14,16384,64,256,16,0,0,OK,measured,PASS,P1,included_in_pprf_key_setup_ms,included_in_expand_total_ms,included_in_expand_total_ms,included_in_expand_total_ms,included_in_expand_total_ms,5.992,6.309,12.301,C++ end-to-end harness exposes aggregate expand per party; finer subphase timers are recorded as included.
2026-07-23T09:15:27.275555+00:00,b33a10fa7851ba0c3a26bea531ffb004f00d9365,RM_VECTOR,INCLUDING_OT,2305843009213693951,61,64,128,2,14,16384,64,256,16,1,0,OK,measured,PASS,P0,included_in_pprf_key_setup_ms,included_in_expand_total_ms,included_in_expand_total_ms,included_in_expand_total_ms,included_in_expand_total_ms,6.305,6.305,12.280999999999999,C++ end-to-end harness exposes aggregate expand per party; finer subphase timers are recorded as included.
2026-07-23T09:15:27.275559+00:00,b33a10fa7851ba0c3a26bea531ffb004f00d9365,RM_VECTOR,INCLUDING_OT,2305843009213693951,61,64,128,2,14,16384,64,256,16,1,0,OK,measured,PASS,P1,included_in_pprf_key_setup_ms,included_in_expand_total_ms,included_in_expand_total_ms,included_in_expand_total_ms,included_in_expand_total_ms,5.976,6.305,12.280999999999999,C++ end-to-end harness exposes aggregate expand per party; finer subphase timers are recorded as included.
2026-07-23T09:15:27.275565+00:00,b33a10fa7851ba0c3a26bea531ffb004f00d9365,RM_VECTOR,INCLUDING_OT,2305843009213693951,61,64,128,2,14,16384,64,256,16,2,0,OK,measured,PASS,P0,included_in_pprf_key_setup_ms,included_in_expand_total_ms,included_in_expand_total_ms,included_in_expand_total_ms,included_in_expand_total_ms,6.297,6.297,12.261,C++ end-to-end harness exposes aggregate expand per party; finer subphase timers are recorded as included.
2026-07-23T09:15:27.275571+00:00,b33a10fa7851ba0c3a26bea531ffb004f00d9365,RM_VECTOR,INCLUDING_OT,2305843009213693951,61,64,128,2,14,16384,64,256,16,2,0,OK,measured,PASS,P1,included_in_pprf_key_setup_ms,included_in_expand_total_ms,included_in_expand_total_ms,included_in_expand_total_ms,included_in_expand_total_ms,5.9639999999999995,6.297,12.261,C++ end-to-end harness exposes aggregate expand per party; finer subphase timers are recorded as included.
2026-07-23T09:15:27.275577+00:00,b33a10fa7851ba0c3a26bea531ffb004f00d9365,RM_VECTOR,INCLUDING_OT,2305843009213693951,61,64,128,2,14,16384,64,256,16,3,0,OK,measured,PASS,P0,included_in_pprf_key_setup_ms,included_in_expand_total_ms,included_in_expand_total_ms,included_in_expand_total_ms,included_in_expand_total_ms,6.306,6.306,12.425,C++ end-to-end harness exposes aggregate expand per party; finer subphase timers are recorded as included.
2026-07-23T09:15:27.275581+00:00,b33a10fa7851ba0c3a26bea531ffb004f00d9365,RM_VECTOR,INCLUDING_OT,2305843009213693951,61,64,128,2,14,16384,64,256,16,3,0,OK,measured,PASS,P1,included_in_pprf_key_setup_ms,included_in_expand_total_ms,included_in_expand_total_ms,included_in_expand_total_ms,included_in_expand_total_ms,6.119000000000001,6.306,12.425,C++ end-to-end harness exposes aggregate expand per party; finer subphase timers are recorded as included.
2026-07-23T09:15:27.275588+00:00,b33a10fa7851ba0c3a26bea531ffb004f00d9365,RM_VECTOR,INCLUDING_OT,2305843009213693951,61,64,128,2,14,16384,64,256,16,4,0,OK,measured,PASS,P0,included_in_pprf_key_setup_ms,included_in_expand_total_ms,included_in_expand_total_ms,included_in_expand_total_ms,included_in_expand_total_ms,6.276999999999999,6.276999999999999,12.253,C++ end-to-end harness exposes aggregate expand per party; finer subphase timers are recorded as included.
2026-07-23T09:15:27.275595+00:00,b33a10fa7851ba0c3a26bea531ffb004f00d9365,RM_VECTOR,INCLUDING_OT,2305843009213693951,61,64,128,2,14,16384,64,256,16,4,0,OK,measured,PASS,P1,included_in_pprf_key_setup_ms,included_in_expand_total_ms,included_in_expand_total_ms,included_in_expand_total_ms,included_in_expand_total_ms,5.976,6.276999999999999,12.253,C++ end-to-end harness exposes aggregate expand per party; finer subphase timers are recorded as included.
2026-07-23T09:15:27.275603+00:00,b33a10fa7851ba0c3a26bea531ffb004f00d9365,RM_VECTOR,INCLUDING_OT,2305843009213693951,61,64,128,2,14,16384,64,256,16,5,0,OK,measured,PASS,P0,included_in_pprf_key_setup_ms,included_in_expand_total_ms,included_in_expand_total_ms,included_in_expand_total_ms,included_in_expand_total_ms,6.313,6.313,12.271999999999998,C++ end-to-end harness exposes aggregate expand per party; finer subphase timers are recorded as included.
2026-07-23T09:15:27.275607+00:00,b33a10fa7851ba0c3a26bea531ffb004f00d9365,RM_VECTOR,INCLUDING_OT,2305843009213693951,61,64,128,2,14,16384,64,256,16,5,0,OK,measured,PASS,P1,included_in_pprf_key_setup_ms,included_in_expand_total_ms,included_in_expand_total_ms,included_in_expand_total_ms,included_in_expand_total_ms,5.959,6.313,12.271999999999998,C++ end-to-end harness exposes aggregate expand per party; finer subphase timers are recorded as included.
2026-07-23T09:15:27.275613+00:00,b33a10fa7851ba0c3a26bea531ffb004f00d9365,RM_VECTOR,INCLUDING_OT,2305843009213693951,61,64,128,2,14,16384,64,256,16,6,0,OK,measured,PASS,P0,included_in_pprf_key_setup_ms,included_in_expand_total_ms,included_in_expand_total_ms,included_in_expand_total_ms,included_in_expand_total_ms,6.289000000000001,6.289000000000001,12.260000000000002,C++ end-to-end harness exposes aggregate expand per party; finer subphase timers are recorded as included.
2026-07-23T09:15:27.275620+00:00,b33a10fa7851ba0c3a26bea531ffb004f00d9365,RM_VECTOR,INCLUDING_OT,2305843009213693951,61,64,128,2,14,16384,64,256,16,6,0,OK,measured,PASS,P1,included_in_pprf_key_setup_ms,included_in_expand_total_ms,included_in_expand_total_ms,included_in_expand_total_ms,included_in_expand_total_ms,5.971,6.289000000000001,12.260000000000002,C++ end-to-end harness exposes aggregate expand per party; finer subphase timers are recorded as included.
2026-07-23T09:15:27.275626+00:00,b33a10fa7851ba0c3a26bea531ffb004f00d9365,RM_VECTOR,INCLUDING_OT,2305843009213693951,61,64,128,2,14,16384,64,256,16,7,0,OK,measured,PASS,P0,included_in_pprf_key_setup_ms,included_in_expand_total_ms,included_in_expand_total_ms,included_in_expand_total_ms,included_in_expand_total_ms,6.321000000000001,6.321000000000001,12.291,C++ end-to-end harness exposes aggregate expand per party; finer subphase timers are recorded as included.
2026-07-23T09:15:27.275630+00:00,b33a10fa7851ba0c3a26bea531ffb004f00d9365,RM_VECTOR,INCLUDING_OT,2305843009213693951,61,64,128,2,14,16384,64,256,16,7,0,OK,measured,PASS,P1,included_in_pprf_key_setup_ms,included_in_expand_total_ms,included_in_expand_total_ms,included_in_expand_total_ms,included_in_expand_total_ms,5.97,6.321000000000001,12.291,C++ end-to-end harness exposes aggregate expand per party; finer subphase timers are recorded as included.
2026-07-23T09:15:27.275638+00:00,b33a10fa7851ba0c3a26bea531ffb004f00d9365,RM_VECTOR,INCLUDING_OT,2305843009213693951,61,64,128,2,14,16384,64,256,16,8,0,OK,measured,PASS,P0,included_in_pprf_key_setup_ms,included_in_expand_total_ms,included_in_expand_total_ms,included_in_expand_total_ms,included_in_expand_total_ms,6.297,6.297,12.277000000000001,C++ end-to-end harness exposes aggregate expand per party; finer subphase timers are recorded as included.
2026-07-23T09:15:27.275643+00:00,b33a10fa7851ba0c3a26bea531ffb004f00d9365,RM_VECTOR,INCLUDING_OT,2305843009213693951,61,64,128,2,14,16384,64,256,16,8,0,OK,measured,PASS,P1,included_in_pprf_key_setup_ms,included_in_expand_total_ms,included_in_expand_total_ms,included_in_expand_total_ms,included_in_expand_total_ms,5.98,6.297,12.277000000000001,C++ end-to-end harness exposes aggregate expand per party; finer subphase timers are recorded as included.
2026-07-23T09:15:27.275648+00:00,b33a10fa7851ba0c3a26bea531ffb004f00d9365,RM_VECTOR,INCLUDING_OT,2305843009213693951,61,64,128,2,14,16384,64,256,16,9,0,OK,measured,PASS,P0,included_in_pprf_key_setup_ms,included_in_expand_total_ms,included_in_expand_total_ms,included_in_expand_total_ms,included_in_expand_total_ms,6.289000000000001,6.289000000000001,12.257000000000001,C++ end-to-end harness exposes aggregate expand per party; finer subphase timers are recorded as included.
2026-07-23T09:15:27.275655+00:00,b33a10fa7851ba0c3a26bea531ffb004f00d9365,RM_VECTOR,INCLUDING_OT,2305843009213693951,61,64,128,2,14,16384,64,256,16,9,0,OK,measured,PASS,P1,included_in_pprf_key_setup_ms,included_in_expand_total_ms,included_in_expand_total_ms,included_in_expand_total_ms,included_in_expand_total_ms,5.968,6.289000000000001,12.257000000000001,C++ end-to-end harness exposes aggregate expand per party; finer subphase timers are recorded as included.
2026-07-23T09:15:27.275665+00:00,b33a10fa7851ba0c3a26bea531ffb004f00d9365,RM_COORD,INCLUDING_OT,2305843009213693951,61,64,128,2,14,16384,64,256,16,-1,1,OK,measured,PASS,P0,included_in_pprf_key_setup_ms,included_in_expand_total_ms,included_in_expand_total_ms,included_in_expand_total_ms,included_in_expand_total_ms,7.142,7.332,14.474,C++ end-to-end harness exposes aggregate expand per party; finer subphase timers are recorded as included.
2026-07-23T09:15:27.275670+00:00,b33a10fa7851ba0c3a26bea531ffb004f00d9365,RM_COORD,INCLUDING_OT,2305843009213693951,61,64,128,2,14,16384,64,256,16,-1,1,OK,measured,PASS,P1,included_in_pprf_key_setup_ms,included_in_expand_total_ms,included_in_expand_total_ms,included_in_expand_total_ms,included_in_expand_total_ms,7.332,7.332,14.474,C++ end-to-end harness exposes aggregate expand per party; finer subphase timers are recorded as included.
2026-07-23T09:15:27.275675+00:00,b33a10fa7851ba0c3a26bea531ffb004f00d9365,RM_COORD,INCLUDING_OT,2305843009213693951,61,64,128,2,14,16384,64,256,16,0,0,OK,measured,PASS,P0,included_in_pprf_key_setup_ms,included_in_expand_total_ms,included_in_expand_total_ms,included_in_expand_total_ms,included_in_expand_total_ms,7.159000000000001,7.378,14.537,C++ end-to-end harness exposes aggregate expand per party; finer subphase timers are recorded as included.
2026-07-23T09:15:27.275680+00:00,b33a10fa7851ba0c3a26bea531ffb004f00d9365,RM_COORD,INCLUDING_OT,2305843009213693951,61,64,128,2,14,16384,64,256,16,0,0,OK,measured,PASS,P1,included_in_pprf_key_setup_ms,included_in_expand_total_ms,included_in_expand_total_ms,included_in_expand_total_ms,included_in_expand_total_ms,7.378,7.378,14.537,C++ end-to-end harness exposes aggregate expand per party; finer subphase timers are recorded as included.
2026-07-23T09:15:27.275687+00:00,b33a10fa7851ba0c3a26bea531ffb004f00d9365,RM_COORD,INCLUDING_OT,2305843009213693951,61,64,128,2,14,16384,64,256,16,1,0,OK,measured,PASS,P0,included_in_pprf_key_setup_ms,included_in_expand_total_ms,included_in_expand_total_ms,included_in_expand_total_ms,included_in_expand_total_ms,7.064,7.396,14.46,C++ end-to-end harness exposes aggregate expand per party; finer subphase timers are recorded as included.
2026-07-23T09:15:27.275692+00:00,b33a10fa7851ba0c3a26bea531ffb004f00d9365,RM_COORD,INCLUDING_OT,2305843009213693951,61,64,128,2,14,16384,64,256,16,1,0,OK,measured,PASS,P1,included_in_pprf_key_setup_ms,included_in_expand_total_ms,included_in_expand_total_ms,included_in_expand_total_ms,included_in_expand_total_ms,7.396,7.396,14.46,C++ end-to-end harness exposes aggregate expand per party; finer subphase timers are recorded as included.
2026-07-23T09:15:27.275699+00:00,b33a10fa7851ba0c3a26bea531ffb004f00d9365,RM_COORD,INCLUDING_OT,2305843009213693951,61,64,128,2,14,16384,64,256,16,2,0,OK,measured,PASS,P0,included_in_pprf_key_setup_ms,included_in_expand_total_ms,included_in_expand_total_ms,included_in_expand_total_ms,included_in_expand_total_ms,7.224,7.436,14.66,C++ end-to-end harness exposes aggregate expand per party; finer subphase timers are recorded as included.
2026-07-23T09:15:27.275706+00:00,b33a10fa7851ba0c3a26bea531ffb004f00d9365,RM_COORD,INCLUDING_OT,2305843009213693951,61,64,128,2,14,16384,64,256,16,2,0,OK,measured,PASS,P1,included_in_pprf_key_setup_ms,included_in_expand_total_ms,included_in_expand_total_ms,included_in_expand_total_ms,included_in_expand_total_ms,7.436,7.436,14.66,C++ end-to-end harness exposes aggregate expand per party; finer subphase timers are recorded as included.
2026-07-23T09:15:27.275712+00:00,b33a10fa7851ba0c3a26bea531ffb004f00d9365,RM_COORD,INCLUDING_OT,2305843009213693951,61,64,128,2,14,16384,64,256,16,3,0,OK,measured,PASS,P0,included_in_pprf_key_setup_ms,included_in_expand_total_ms,included_in_expand_total_ms,included_in_expand_total_ms,included_in_expand_total_ms,7.237,7.382,14.619,C++ end-to-end harness exposes aggregate expand per party; finer subphase timers are recorded as included.
2026-07-23T09:15:27.275716+00:00,b33a10fa7851ba0c3a26bea531ffb004f00d9365,RM_COORD,INCLUDING_OT,2305843009213693951,61,64,128,2,14,16384,64,256,16,3,0,OK,measured,PASS,P1,included_in_pprf_key_setup_ms,included_in_expand_total_ms,included_in_expand_total_ms,included_in_expand_total_ms,included_in_expand_total_ms,7.382,7.382,14.619,C++ end-to-end harness exposes aggregate expand per party; finer subphase timers are recorded as included.
2026-07-23T09:15:27.275724+00:00,b33a10fa7851ba0c3a26bea531ffb004f00d9365,RM_COORD,INCLUDING_OT,2305843009213693951,61,64,128,2,14,16384,64,256,16,4,0,OK,measured,PASS,P0,included_in_pprf_key_setup_ms,included_in_expand_total_ms,included_in_expand_total_ms,included_in_expand_total_ms,included_in_expand_total_ms,7.18,7.311,14.491,C++ end-to-end harness exposes aggregate expand per party; finer subphase timers are recorded as included.
2026-07-23T09:15:27.275728+00:00,b33a10fa7851ba0c3a26bea531ffb004f00d9365,RM_COORD,INCLUDING_OT,2305843009213693951,61,64,128,2,14,16384,64,256,16,4,0,OK,measured,PASS,P1,included_in_pprf_key_setup_ms,included_in_expand_total_ms,included_in_expand_total_ms,included_in_expand_total_ms,included_in_expand_total_ms,7.311,7.311,14.491,C++ end-to-end harness exposes aggregate expand per party; finer subphase timers are recorded as included.
2026-07-23T09:15:27.275734+00:00,b33a10fa7851ba0c3a26bea531ffb004f00d9365,RM_COORD,INCLUDING_OT,2305843009213693951,61,64,128,2,14,16384,64,256,16,5,0,OK,measured,PASS,P0,included_in_pprf_key_setup_ms,included_in_expand_total_ms,included_in_expand_total_ms,included_in_expand_total_ms,included_in_expand_total_ms,6.971,7.483,14.454,C++ end-to-end harness exposes aggregate expand per party; finer subphase timers are recorded as included.
2026-07-23T09:15:27.275739+00:00,b33a10fa7851ba0c3a26bea531ffb004f00d9365,RM_COORD,INCLUDING_OT,2305843009213693951,61,64,128,2,14,16384,64,256,16,5,0,OK,measured,PASS,P1,included_in_pprf_key_setup_ms,included_in_expand_total_ms,included_in_expand_total_ms,included_in_expand_total_ms,included_in_expand_total_ms,7.483,7.483,14.454,C++ end-to-end harness exposes aggregate expand per party; finer subphase timers are recorded as included.
2026-07-23T09:15:27.275748+00:00,b33a10fa7851ba0c3a26bea531ffb004f00d9365,RM_COORD,INCLUDING_OT,2305843009213693951,61,64,128,2,14,16384,64,256,16,6,0,OK,measured,PASS,P0,included_in_pprf_key_setup_ms,included_in_expand_total_ms,included_in_expand_total_ms,included_in_expand_total_ms,included_in_expand_total_ms,7.223,7.347,14.57,C++ end-to-end harness exposes aggregate expand per party; finer subphase timers are recorded as included.
2026-07-23T09:15:27.275752+00:00,b33a10fa7851ba0c3a26bea531ffb004f00d9365,RM_COORD,INCLUDING_OT,2305843009213693951,61,64,128,2,14,16384,64,256,16,6,0,OK,measured,PASS,P1,included_in_pprf_key_setup_ms,included_in_expand_total_ms,included_in_expand_total_ms,included_in_expand_total_ms,included_in_expand_total_ms,7.347,7.347,14.57,C++ end-to-end harness exposes aggregate expand per party; finer subphase timers are recorded as included.
2026-07-23T09:15:27.275759+00:00,b33a10fa7851ba0c3a26bea531ffb004f00d9365,RM_COORD,INCLUDING_OT,2305843009213693951,61,64,128,2,14,16384,64,256,16,7,0,OK,measured,PASS,P0,included_in_pprf_key_setup_ms,included_in_expand_total_ms,included_in_expand_total_ms,included_in_expand_total_ms,included_in_expand_total_ms,7.152,7.547,14.699,C++ end-to-end harness exposes aggregate expand per party; finer subphase timers are recorded as included.
2026-07-23T09:15:27.275764+00:00,b33a10fa7851ba0c3a26bea531ffb004f00d9365,RM_COORD,INCLUDING_OT,2305843009213693951,61,64,128,2,14,16384,64,256,16,7,0,OK,measured,PASS,P1,included_in_pprf_key_setup_ms,included_in_expand_total_ms,included_in_expand_total_ms,included_in_expand_total_ms,included_in_expand_total_ms,7.547,7.547,14.699,C++ end-to-end harness exposes aggregate expand per party; finer subphase timers are recorded as included.
2026-07-23T09:15:27.275772+00:00,b33a10fa7851ba0c3a26bea531ffb004f00d9365,RM_COORD,INCLUDING_OT,2305843009213693951,61,64,128,2,14,16384,64,256,16,8,0,OK,measured,PASS,P0,included_in_pprf_key_setup_ms,included_in_expand_total_ms,included_in_expand_total_ms,included_in_expand_total_ms,included_in_expand_total_ms,7.224,7.32,14.544,C++ end-to-end harness exposes aggregate expand per party; finer subphase timers are recorded as included.
2026-07-23T09:15:27.275778+00:00,b33a10fa7851ba0c3a26bea531ffb004f00d9365,RM_COORD,INCLUDING_OT,2305843009213693951,61,64,128,2,14,16384,64,256,16,8,0,OK,measured,PASS,P1,included_in_pprf_key_setup_ms,included_in_expand_total_ms,included_in_expand_total_ms,included_in_expand_total_ms,included_in_expand_total_ms,7.32,7.32,14.544,C++ end-to-end harness exposes aggregate expand per party; finer subphase timers are recorded as included.
2026-07-23T09:15:27.275784+00:00,b33a10fa7851ba0c3a26bea531ffb004f00d9365,RM_COORD,INCLUDING_OT,2305843009213693951,61,64,128,2,14,16384,64,256,16,9,0,OK,measured,PASS,P0,included_in_pprf_key_setup_ms,included_in_expand_total_ms,included_in_expand_total_ms,included_in_expand_total_ms,included_in_expand_total_ms,7.159000000000001,7.335,14.494,C++ end-to-end harness exposes aggregate expand per party; finer subphase timers are recorded as included.
2026-07-23T09:15:27.275792+00:00,b33a10fa7851ba0c3a26bea531ffb004f00d9365,RM_COORD,INCLUDING_OT,2305843009213693951,61,64,128,2,14,16384,64,256,16,9,0,OK,measured,PASS,P1,included_in_pprf_key_setup_ms,included_in_expand_total_ms,included_in_expand_total_ms,included_in_expand_total_ms,included_in_expand_total_ms,7.335,7.335,14.494,C++ end-to-end harness exposes aggregate expand per party; finer subphase timers are recorded as included.
2026-07-23T09:15:27.275798+00:00,b33a10fa7851ba0c3a26bea531ffb004f00d9365,RM_VECTOR,INCLUDING_OT,2305843009213693951,61,64,128,2,14,16384,64,256,32,-1,1,OK,measured,PASS,P0,included_in_pprf_key_setup_ms,included_in_expand_total_ms,included_in_expand_total_ms,included_in_expand_total_ms,included_in_expand_total_ms,12.488000000000001,12.488000000000001,24.448,C++ end-to-end harness exposes aggregate expand per party; finer subphase timers are recorded as included.
2026-07-23T09:15:27.275802+00:00,b33a10fa7851ba0c3a26bea531ffb004f00d9365,RM_VECTOR,INCLUDING_OT,2305843009213693951,61,64,128,2,14,16384,64,256,32,-1,1,OK,measured,PASS,P1,included_in_pprf_key_setup_ms,included_in_expand_total_ms,included_in_expand_total_ms,included_in_expand_total_ms,included_in_expand_total_ms,11.96,12.488000000000001,24.448,C++ end-to-end harness exposes aggregate expand per party; finer subphase timers are recorded as included.
2026-07-23T09:15:27.275808+00:00,b33a10fa7851ba0c3a26bea531ffb004f00d9365,RM_VECTOR,INCLUDING_OT,2305843009213693951,61,64,128,2,14,16384,64,256,32,0,0,OK,measured,PASS,P0,included_in_pprf_key_setup_ms,included_in_expand_total_ms,included_in_expand_total_ms,included_in_expand_total_ms,included_in_expand_total_ms,12.382000000000001,12.382000000000001,24.51,C++ end-to-end harness exposes aggregate expand per party; finer subphase timers are recorded as included.
2026-07-23T09:15:27.275815+00:00,b33a10fa7851ba0c3a26bea531ffb004f00d9365,RM_VECTOR,INCLUDING_OT,2305843009213693951,61,64,128,2,14,16384,64,256,32,0,0,OK,measured,PASS,P1,included_in_pprf_key_setup_ms,included_in_expand_total_ms,included_in_expand_total_ms,included_in_expand_total_ms,included_in_expand_total_ms,12.128,12.382000000000001,24.51,C++ end-to-end harness exposes aggregate expand per party; finer subphase timers are recorded as included.
2026-07-23T09:15:27.275821+00:00,b33a10fa7851ba0c3a26bea531ffb004f00d9365,RM_VECTOR,INCLUDING_OT,2305843009213693951,61,64,128,2,14,16384,64,256,32,1,0,OK,measured,PASS,P0,included_in_pprf_key_setup_ms,included_in_expand_total_ms,included_in_expand_total_ms,included_in_expand_total_ms,included_in_expand_total_ms,12.417,12.417,24.631,C++ end-to-end harness exposes aggregate expand per party; finer subphase timers are recorded as included.
2026-07-23T09:15:27.275825+00:00,b33a10fa7851ba0c3a26bea531ffb004f00d9365,RM_VECTOR,INCLUDING_OT,2305843009213693951,61,64,128,2,14,16384,64,256,32,1,0,OK,measured,PASS,P1,included_in_pprf_key_setup_ms,included_in_expand_total_ms,included_in_expand_total_ms,included_in_expand_total_ms,included_in_expand_total_ms,12.213999999999999,12.417,24.631,C++ end-to-end harness exposes aggregate expand per party; finer subphase timers are recorded as included.
2026-07-23T09:15:27.275834+00:00,b33a10fa7851ba0c3a26bea531ffb004f00d9365,RM_VECTOR,INCLUDING_OT,2305843009213693951,61,64,128,2,14,16384,64,256,32,2,0,OK,measured,PASS,P0,included_in_pprf_key_setup_ms,included_in_expand_total_ms,included_in_expand_total_ms,included_in_expand_total_ms,included_in_expand_total_ms,12.368,12.368,24.533,C++ end-to-end harness exposes aggregate expand per party; finer subphase timers are recorded as included.
2026-07-23T09:15:27.275840+00:00,b33a10fa7851ba0c3a26bea531ffb004f00d9365,RM_VECTOR,INCLUDING_OT,2305843009213693951,61,64,128,2,14,16384,64,256,32,2,0,OK,measured,PASS,P1,included_in_pprf_key_setup_ms,included_in_expand_total_ms,included_in_expand_total_ms,included_in_expand_total_ms,included_in_expand_total_ms,12.165000000000001,12.368,24.533,C++ end-to-end harness exposes aggregate expand per party; finer subphase timers are recorded as included.
2026-07-23T09:15:27.275846+00:00,b33a10fa7851ba0c3a26bea531ffb004f00d9365,RM_VECTOR,INCLUDING_OT,2305843009213693951,61,64,128,2,14,16384,64,256,32,3,0,OK,measured,PASS,P0,included_in_pprf_key_setup_ms,included_in_expand_total_ms,included_in_expand_total_ms,included_in_expand_total_ms,included_in_expand_total_ms,12.359,12.359,24.516,C++ end-to-end harness exposes aggregate expand per party; finer subphase timers are recorded as included.
2026-07-23T09:15:27.275851+00:00,b33a10fa7851ba0c3a26bea531ffb004f00d9365,RM_VECTOR,INCLUDING_OT,2305843009213693951,61,64,128,2,14,16384,64,256,32,3,0,OK,measured,PASS,P1,included_in_pprf_key_setup_ms,included_in_expand_total_ms,included_in_expand_total_ms,included_in_expand_total_ms,included_in_expand_total_ms,12.157,12.359,24.516,C++ end-to-end harness exposes aggregate expand per party; finer subphase timers are recorded as included.
2026-07-23T09:15:27.275859+00:00,b33a10fa7851ba0c3a26bea531ffb004f00d9365,RM_VECTOR,INCLUDING_OT,2305843009213693951,61,64,128,2,14,16384,64,256,32,4,0,OK,measured,PASS,P0,included_in_pprf_key_setup_ms,included_in_expand_total_ms,included_in_expand_total_ms,included_in_expand_total_ms,included_in_expand_total_ms,12.335,12.335,24.491,C++ end-to-end harness exposes aggregate expand per party; finer subphase timers are recorded as included.
2026-07-23T09:15:27.275864+00:00,b33a10fa7851ba0c3a26bea531ffb004f00d9365,RM_VECTOR,INCLUDING_OT,2305843009213693951,61,64,128,2,14,16384,64,256,32,4,0,OK,measured,PASS,P1,included_in_pprf_key_setup_ms,included_in_expand_total_ms,included_in_expand_total_ms,included_in_expand_total_ms,included_in_expand_total_ms,12.156,12.335,24.491,C++ end-to-end harness exposes aggregate expand per party; finer subphase timers are recorded as included.
2026-07-23T09:15:27.275870+00:00,b33a10fa7851ba0c3a26bea531ffb004f00d9365,RM_VECTOR,INCLUDING_OT,2305843009213693951,61,64,128,2,14,16384,64,256,32,5,0,OK,measured,PASS,P0,included_in_pprf_key_setup_ms,included_in_expand_total_ms,included_in_expand_total_ms,included_in_expand_total_ms,included_in_expand_total_ms,12.33,12.33,24.495,C++ end-to-end harness exposes aggregate expand per party; finer subphase timers are recorded as included.
2026-07-23T09:15:27.275875+00:00,b33a10fa7851ba0c3a26bea531ffb004f00d9365,RM_VECTOR,INCLUDING_OT,2305843009213693951,61,64,128,2,14,16384,64,256,32,5,0,OK,measured,PASS,P1,included_in_pprf_key_setup_ms,included_in_expand_total_ms,included_in_expand_total_ms,included_in_expand_total_ms,included_in_expand_total_ms,12.165000000000001,12.33,24.495,C++ end-to-end harness exposes aggregate expand per party; finer subphase timers are recorded as included.
2026-07-23T09:15:27.275883+00:00,b33a10fa7851ba0c3a26bea531ffb004f00d9365,RM_VECTOR,INCLUDING_OT,2305843009213693951,61,64,128,2,14,16384,64,256,32,6,0,OK,measured,PASS,P0,included_in_pprf_key_setup_ms,included_in_expand_total_ms,included_in_expand_total_ms,included_in_expand_total_ms,included_in_expand_total_ms,12.331,12.331,24.47,C++ end-to-end harness exposes aggregate expand per party; finer subphase timers are recorded as included.
2026-07-23T09:15:27.275888+00:00,b33a10fa7851ba0c3a26bea531ffb004f00d9365,RM_VECTOR,INCLUDING_OT,2305843009213693951,61,64,128,2,14,16384,64,256,32,6,0,OK,measured,PASS,P1,included_in_pprf_key_setup_ms,included_in_expand_total_ms,included_in_expand_total_ms,included_in_expand_total_ms,included_in_expand_total_ms,12.139000000000001,12.331,24.47,C++ end-to-end harness exposes aggregate expand per party; finer subphase timers are recorded as included.
2026-07-23T09:15:27.275895+00:00,b33a10fa7851ba0c3a26bea531ffb004f00d9365,RM_VECTOR,INCLUDING_OT,2305843009213693951,61,64,128,2,14,16384,64,256,32,7,0,OK,measured,PASS,P0,included_in_pprf_key_setup_ms,included_in_expand_total_ms,included_in_expand_total_ms,included_in_expand_total_ms,included_in_expand_total_ms,12.42,12.42,24.549,C++ end-to-end harness exposes aggregate expand per party; finer subphase timers are recorded as included.
2026-07-23T09:15:27.275901+00:00,b33a10fa7851ba0c3a26bea531ffb004f00d9365,RM_VECTOR,INCLUDING_OT,2305843009213693951,61,64,128,2,14,16384,64,256,32,7,0,OK,measured,PASS,P1,included_in_pprf_key_setup_ms,included_in_expand_total_ms,included_in_expand_total_ms,included_in_expand_total_ms,included_in_expand_total_ms,12.129,12.42,24.549,C++ end-to-end harness exposes aggregate expand per party; finer subphase timers are recorded as included.
2026-07-23T09:15:27.275909+00:00,b33a10fa7851ba0c3a26bea531ffb004f00d9365,RM_VECTOR,INCLUDING_OT,2305843009213693951,61,64,128,2,14,16384,64,256,32,8,0,OK,measured,PASS,P0,included_in_pprf_key_setup_ms,included_in_expand_total_ms,included_in_expand_total_ms,included_in_expand_total_ms,included_in_expand_total_ms,12.35,12.35,24.505,C++ end-to-end harness exposes aggregate expand per party; finer subphase timers are recorded as included.
2026-07-23T09:15:27.275916+00:00,b33a10fa7851ba0c3a26bea531ffb004f00d9365,RM_VECTOR,INCLUDING_OT,2305843009213693951,61,64,128,2,14,16384,64,256,32,8,0,OK,measured,PASS,P1,included_in_pprf_key_setup_ms,included_in_expand_total_ms,included_in_expand_total_ms,included_in_expand_total_ms,included_in_expand_total_ms,12.155,12.35,24.505,C++ end-to-end harness exposes aggregate expand per party; finer subphase timers are recorded as included.
2026-07-23T09:15:27.275924+00:00,b33a10fa7851ba0c3a26bea531ffb004f00d9365,RM_VECTOR,INCLUDING_OT,2305843009213693951,61,64,128,2,14,16384,64,256,32,9,0,OK,measured,PASS,P0,included_in_pprf_key_setup_ms,included_in_expand_total_ms,included_in_expand_total_ms,included_in_expand_total_ms,included_in_expand_total_ms,12.359,12.359,24.491999999999997,C++ end-to-end harness exposes aggregate expand per party; finer subphase timers are recorded as included.
2026-07-23T09:15:27.275929+00:00,b33a10fa7851ba0c3a26bea531ffb004f00d9365,RM_VECTOR,INCLUDING_OT,2305843009213693951,61,64,128,2,14,16384,64,256,32,9,0,OK,measured,PASS,P1,included_in_pprf_key_setup_ms,included_in_expand_total_ms,included_in_expand_total_ms,included_in_expand_total_ms,included_in_expand_total_ms,12.133,12.359,24.491999999999997,C++ end-to-end harness exposes aggregate expand per party; finer subphase timers are recorded as included.
2026-07-23T09:15:27.275934+00:00,b33a10fa7851ba0c3a26bea531ffb004f00d9365,RM_COORD,INCLUDING_OT,2305843009213693951,61,64,128,2,14,16384,64,256,32,-1,1,OK,measured,PASS,P0,included_in_pprf_key_setup_ms,included_in_expand_total_ms,included_in_expand_total_ms,included_in_expand_total_ms,included_in_expand_total_ms,14.932,17.242,32.174,C++ end-to-end harness exposes aggregate expand per party; finer subphase timers are recorded as included.
2026-07-23T09:15:27.275939+00:00,b33a10fa7851ba0c3a26bea531ffb004f00d9365,RM_COORD,INCLUDING_OT,2305843009213693951,61,64,128,2,14,16384,64,256,32,-1,1,OK,measured,PASS,P1,included_in_pprf_key_setup_ms,included_in_expand_total_ms,included_in_expand_total_ms,included_in_expand_total_ms,included_in_expand_total_ms,17.242,17.242,32.174,C++ end-to-end harness exposes aggregate expand per party; finer subphase timers are recorded as included.
2026-07-23T09:15:27.275947+00:00,b33a10fa7851ba0c3a26bea531ffb004f00d9365,RM_COORD,INCLUDING_OT,2305843009213693951,61,64,128,2,14,16384,64,256,32,0,0,OK,measured,PASS,P0,included_in_pprf_key_setup_ms,included_in_expand_total_ms,included_in_expand_total_ms,included_in_expand_total_ms,included_in_expand_total_ms,14.763,17.305999999999997,32.068999999999996,C++ end-to-end harness exposes aggregate expand per party; finer subphase timers are recorded as included.
2026-07-23T09:15:27.275951+00:00,b33a10fa7851ba0c3a26bea531ffb004f00d9365,RM_COORD,INCLUDING_OT,2305843009213693951,61,64,128,2,14,16384,64,256,32,0,0,OK,measured,PASS,P1,included_in_pprf_key_setup_ms,included_in_expand_total_ms,included_in_expand_total_ms,included_in_expand_total_ms,included_in_expand_total_ms,17.305999999999997,17.305999999999997,32.068999999999996,C++ end-to-end harness exposes aggregate expand per party; finer subphase timers are recorded as included.
2026-07-23T09:15:27.275957+00:00,b33a10fa7851ba0c3a26bea531ffb004f00d9365,RM_COORD,INCLUDING_OT,2305843009213693951,61,64,128,2,14,16384,64,256,32,1,0,OK,measured,PASS,P0,included_in_pprf_key_setup_ms,included_in_expand_total_ms,included_in_expand_total_ms,included_in_expand_total_ms,included_in_expand_total_ms,14.789,17.172,31.961,C++ end-to-end harness exposes aggregate expand per party; finer subphase timers are recorded as included.
2026-07-23T09:15:27.275962+00:00,b33a10fa7851ba0c3a26bea531ffb004f00d9365,RM_COORD,INCLUDING_OT,2305843009213693951,61,64,128,2,14,16384,64,256,32,1,0,OK,measured,PASS,P1,included_in_pprf_key_setup_ms,included_in_expand_total_ms,included_in_expand_total_ms,included_in_expand_total_ms,included_in_expand_total_ms,17.172,17.172,31.961,C++ end-to-end harness exposes aggregate expand per party; finer subphase timers are recorded as included.
2026-07-23T09:15:27.275970+00:00,b33a10fa7851ba0c3a26bea531ffb004f00d9365,RM_COORD,INCLUDING_OT,2305843009213693951,61,64,128,2,14,16384,64,256,32,2,0,OK,measured,PASS,P0,included_in_pprf_key_setup_ms,included_in_expand_total_ms,included_in_expand_total_ms,included_in_expand_total_ms,included_in_expand_total_ms,14.76,17.230999999999998,31.991,C++ end-to-end harness exposes aggregate expand per party; finer subphase timers are recorded as included.
2026-07-23T09:15:27.275975+00:00,b33a10fa7851ba0c3a26bea531ffb004f00d9365,RM_COORD,INCLUDING_OT,2305843009213693951,61,64,128,2,14,16384,64,256,32,2,0,OK,measured,PASS,P1,included_in_pprf_key_setup_ms,included_in_expand_total_ms,included_in_expand_total_ms,included_in_expand_total_ms,included_in_expand_total_ms,17.230999999999998,17.230999999999998,31.991,C++ end-to-end harness exposes aggregate expand per party; finer subphase timers are recorded as included.
2026-07-23T09:15:27.275983+00:00,b33a10fa7851ba0c3a26bea531ffb004f00d9365,RM_COORD,INCLUDING_OT,2305843009213693951,61,64,128,2,14,16384,64,256,32,3,0,OK,measured,PASS,P0,included_in_pprf_key_setup_ms,included_in_expand_total_ms,included_in_expand_total_ms,included_in_expand_total_ms,included_in_expand_total_ms,14.641,17.357999999999997,31.998999999999995,C++ end-to-end harness exposes aggregate expand per party; finer subphase timers are recorded as included.
2026-07-23T09:15:27.275991+00:00,b33a10fa7851ba0c3a26bea531ffb004f00d9365,RM_COORD,INCLUDING_OT,2305843009213693951,61,64,128,2,14,16384,64,256,32,3,0,OK,measured,PASS,P1,included_in_pprf_key_setup_ms,included_in_expand_total_ms,included_in_expand_total_ms,included_in_expand_total_ms,included_in_expand_total_ms,17.357999999999997,17.357999999999997,31.998999999999995,C++ end-to-end harness exposes aggregate expand per party; finer subphase timers are recorded as included.
2026-07-23T09:15:27.275997+00:00,b33a10fa7851ba0c3a26bea531ffb004f00d9365,RM_COORD,INCLUDING_OT,2305843009213693951,61,64,128,2,14,16384,64,256,32,4,0,OK,measured,PASS,P0,included_in_pprf_key_setup_ms,included_in_expand_total_ms,included_in_expand_total_ms,included_in_expand_total_ms,included_in_expand_total_ms,14.764,17.37,32.134,C++ end-to-end harness exposes aggregate expand per party; finer subphase timers are recorded as included.
2026-07-23T09:15:27.276001+00:00,b33a10fa7851ba0c3a26bea531ffb004f00d9365,RM_COORD,INCLUDING_OT,2305843009213693951,61,64,128,2,14,16384,64,256,32,4,0,OK,measured,PASS,P1,included_in_pprf_key_setup_ms,included_in_expand_total_ms,included_in_expand_total_ms,included_in_expand_total_ms,included_in_expand_total_ms,17.37,17.37,32.134,C++ end-to-end harness exposes aggregate expand per party; finer subphase timers are recorded as included.
2026-07-23T09:15:27.276021+00:00,b33a10fa7851ba0c3a26bea531ffb004f00d9365,RM_COORD,INCLUDING_OT,2305843009213693951,61,64,128,2,14,16384,64,256,32,5,0,OK,measured,PASS,P0,included_in_pprf_key_setup_ms,included_in_expand_total_ms,included_in_expand_total_ms,included_in_expand_total_ms,included_in_expand_total_ms,14.804,17.453,32.257,C++ end-to-end harness exposes aggregate expand per party; finer subphase timers are recorded as included.
2026-07-23T09:15:27.276030+00:00,b33a10fa7851ba0c3a26bea531ffb004f00d9365,RM_COORD,INCLUDING_OT,2305843009213693951,61,64,128,2,14,16384,64,256,32,5,0,OK,measured,PASS,P1,included_in_pprf_key_setup_ms,included_in_expand_total_ms,included_in_expand_total_ms,included_in_expand_total_ms,included_in_expand_total_ms,17.453,17.453,32.257,C++ end-to-end harness exposes aggregate expand per party; finer subphase timers are recorded as included.
2026-07-23T09:15:27.276036+00:00,b33a10fa7851ba0c3a26bea531ffb004f00d9365,RM_COORD,INCLUDING_OT,2305843009213693951,61,64,128,2,14,16384,64,256,32,6,0,OK,measured,PASS,P0,included_in_pprf_key_setup_ms,included_in_expand_total_ms,included_in_expand_total_ms,included_in_expand_total_ms,included_in_expand_total_ms,14.594,17.035,31.628999999999998,C++ end-to-end harness exposes aggregate expand per party; finer subphase timers are recorded as included.
2026-07-23T09:15:27.276041+00:00,b33a10fa7851ba0c3a26bea531ffb004f00d9365,RM_COORD,INCLUDING_OT,2305843009213693951,61,64,128,2,14,16384,64,256,32,6,0,OK,measured,PASS,P1,included_in_pprf_key_setup_ms,included_in_expand_total_ms,included_in_expand_total_ms,included_in_expand_total_ms,included_in_expand_total_ms,17.035,17.035,31.628999999999998,C++ end-to-end harness exposes aggregate expand per party; finer subphase timers are recorded as included.
2026-07-23T09:15:27.276049+00:00,b33a10fa7851ba0c3a26bea531ffb004f00d9365,RM_COORD,INCLUDING_OT,2305843009213693951,61,64,128,2,14,16384,64,256,32,7,0,OK,measured,PASS,P0,included_in_pprf_key_setup_ms,included_in_expand_total_ms,included_in_expand_total_ms,included_in_expand_total_ms,included_in_expand_total_ms,14.902999999999999,17.081,31.983999999999998,C++ end-to-end harness exposes aggregate expand per party; finer subphase timers are recorded as included.
2026-07-23T09:15:27.276061+00:00,b33a10fa7851ba0c3a26bea531ffb004f00d9365,RM_COORD,INCLUDING_OT,2305843009213693951,61,64,128,2,14,16384,64,256,32,7,0,OK,measured,PASS,P1,included_in_pprf_key_setup_ms,included_in_expand_total_ms,included_in_expand_total_ms,included_in_expand_total_ms,included_in_expand_total_ms,17.081,17.081,31.983999999999998,C++ end-to-end harness exposes aggregate expand per party; finer subphase timers are recorded as included.
2026-07-23T09:15:27.276068+00:00,b33a10fa7851ba0c3a26bea531ffb004f00d9365,RM_COORD,INCLUDING_OT,2305843009213693951,61,64,128,2,14,16384,64,256,32,8,0,OK,measured,PASS,P0,included_in_pprf_key_setup_ms,included_in_expand_total_ms,included_in_expand_total_ms,included_in_expand_total_ms,included_in_expand_total_ms,14.806,17.297,32.103,C++ end-to-end harness exposes aggregate expand per party; finer subphase timers are recorded as included.
2026-07-23T09:15:27.276072+00:00,b33a10fa7851ba0c3a26bea531ffb004f00d9365,RM_COORD,INCLUDING_OT,2305843009213693951,61,64,128,2,14,16384,64,256,32,8,0,OK,measured,PASS,P1,included_in_pprf_key_setup_ms,included_in_expand_total_ms,included_in_expand_total_ms,included_in_expand_total_ms,included_in_expand_total_ms,17.297,17.297,32.103,C++ end-to-end harness exposes aggregate expand per party; finer subphase timers are recorded as included.
2026-07-23T09:15:27.276082+00:00,b33a10fa7851ba0c3a26bea531ffb004f00d9365,RM_COORD,INCLUDING_OT,2305843009213693951,61,64,128,2,14,16384,64,256,32,9,0,OK,measured,PASS,P0,included_in_pprf_key_setup_ms,included_in_expand_total_ms,included_in_expand_total_ms,included_in_expand_total_ms,included_in_expand_total_ms,14.731,17.122999999999998,31.854,C++ end-to-end harness exposes aggregate expand per party; finer subphase timers are recorded as included.
2026-07-23T09:15:27.276087+00:00,b33a10fa7851ba0c3a26bea531ffb004f00d9365,RM_COORD,INCLUDING_OT,2305843009213693951,61,64,128,2,14,16384,64,256,32,9,0,OK,measured,PASS,P1,included_in_pprf_key_setup_ms,included_in_expand_total_ms,included_in_expand_total_ms,included_in_expand_total_ms,included_in_expand_total_ms,17.122999999999998,17.122999999999998,31.854,C++ end-to-end harness exposes aggregate expand per party; finer subphase timers are recorded as included.
2026-07-23T09:15:27.276094+00:00,b33a10fa7851ba0c3a26bea531ffb004f00d9365,RM_VECTOR,INCLUDING_OT,2305843009213693951,61,64,128,2,16,65536,64,1024,8,-1,1,OK,measured,PASS,P0,included_in_pprf_key_setup_ms,included_in_expand_total_ms,included_in_expand_total_ms,included_in_expand_total_ms,included_in_expand_total_ms,13.988999999999999,13.988999999999999,27.158,C++ end-to-end harness exposes aggregate expand per party; finer subphase timers are recorded as included.
2026-07-23T09:15:27.276099+00:00,b33a10fa7851ba0c3a26bea531ffb004f00d9365,RM_VECTOR,INCLUDING_OT,2305843009213693951,61,64,128,2,16,65536,64,1024,8,-1,1,OK,measured,PASS,P1,included_in_pprf_key_setup_ms,included_in_expand_total_ms,included_in_expand_total_ms,included_in_expand_total_ms,included_in_expand_total_ms,13.169,13.988999999999999,27.158,C++ end-to-end harness exposes aggregate expand per party; finer subphase timers are recorded as included.
2026-07-23T09:15:27.276108+00:00,b33a10fa7851ba0c3a26bea531ffb004f00d9365,RM_VECTOR,INCLUDING_OT,2305843009213693951,61,64,128,2,16,65536,64,1024,8,0,0,OK,measured,PASS,P0,included_in_pprf_key_setup_ms,included_in_expand_total_ms,included_in_expand_total_ms,included_in_expand_total_ms,included_in_expand_total_ms,13.731,13.731,26.619999999999997,C++ end-to-end harness exposes aggregate expand per party; finer subphase timers are recorded as included.
2026-07-23T09:15:27.276113+00:00,b33a10fa7851ba0c3a26bea531ffb004f00d9365,RM_VECTOR,INCLUDING_OT,2305843009213693951,61,64,128,2,16,65536,64,1024,8,0,0,OK,measured,PASS,P1,included_in_pprf_key_setup_ms,included_in_expand_total_ms,included_in_expand_total_ms,included_in_expand_total_ms,included_in_expand_total_ms,12.889,13.731,26.619999999999997,C++ end-to-end harness exposes aggregate expand per party; finer subphase timers are recorded as included.
2026-07-23T09:15:27.276119+00:00,b33a10fa7851ba0c3a26bea531ffb004f00d9365,RM_VECTOR,INCLUDING_OT,2305843009213693951,61,64,128,2,16,65536,64,1024,8,1,0,OK,measured,PASS,P0,included_in_pprf_key_setup_ms,included_in_expand_total_ms,included_in_expand_total_ms,included_in_expand_total_ms,included_in_expand_total_ms,14.423,14.423,27.998,C++ end-to-end harness exposes aggregate expand per party; finer subphase timers are recorded as included.
2026-07-23T09:15:27.276124+00:00,b33a10fa7851ba0c3a26bea531ffb004f00d9365,RM_VECTOR,INCLUDING_OT,2305843009213693951,61,64,128,2,16,65536,64,1024,8,1,0,OK,measured,PASS,P1,included_in_pprf_key_setup_ms,included_in_expand_total_ms,included_in_expand_total_ms,included_in_expand_total_ms,included_in_expand_total_ms,13.575000000000001,14.423,27.998,C++ end-to-end harness exposes aggregate expand per party; finer subphase timers are recorded as included.
2026-07-23T09:15:27.276132+00:00,b33a10fa7851ba0c3a26bea531ffb004f00d9365,RM_VECTOR,INCLUDING_OT,2305843009213693951,61,64,128,2,16,65536,64,1024,8,2,0,OK,measured,PASS,P0,included_in_pprf_key_setup_ms,included_in_expand_total_ms,included_in_expand_total_ms,included_in_expand_total_ms,included_in_expand_total_ms,13.882,13.882,26.839,C++ end-to-end harness exposes aggregate expand per party; finer subphase timers are recorded as included.
2026-07-23T09:15:27.276137+00:00,b33a10fa7851ba0c3a26bea531ffb004f00d9365,RM_VECTOR,INCLUDING_OT,2305843009213693951,61,64,128,2,16,65536,64,1024,8,2,0,OK,measured,PASS,P1,included_in_pprf_key_setup_ms,included_in_expand_total_ms,included_in_expand_total_ms,included_in_expand_total_ms,included_in_expand_total_ms,12.956999999999999,13.882,26.839,C++ end-to-end harness exposes aggregate expand per party; finer subphase timers are recorded as included.
2026-07-23T09:15:27.276145+00:00,b33a10fa7851ba0c3a26bea531ffb004f00d9365,RM_VECTOR,INCLUDING_OT,2305843009213693951,61,64,128,2,16,65536,64,1024,8,3,0,OK,measured,PASS,P0,included_in_pprf_key_setup_ms,included_in_expand_total_ms,included_in_expand_total_ms,included_in_expand_total_ms,included_in_expand_total_ms,13.996,13.996,26.990000000000002,C++ end-to-end harness exposes aggregate expand per party; finer subphase timers are recorded as included.
2026-07-23T09:15:27.276150+00:00,b33a10fa7851ba0c3a26bea531ffb004f00d9365,RM_VECTOR,INCLUDING_OT,2305843009213693951,61,64,128,2,16,65536,64,1024,8,3,0,OK,measured,PASS,P1,included_in_pprf_key_setup_ms,included_in_expand_total_ms,included_in_expand_total_ms,included_in_expand_total_ms,included_in_expand_total_ms,12.994,13.996,26.990000000000002,C++ end-to-end harness exposes aggregate expand per party; finer subphase timers are recorded as included.
2026-07-23T09:15:27.276157+00:00,b33a10fa7851ba0c3a26bea531ffb004f00d9365,RM_VECTOR,INCLUDING_OT,2305843009213693951,61,64,128,2,16,65536,64,1024,8,4,0,OK,measured,PASS,P0,included_in_pprf_key_setup_ms,included_in_expand_total_ms,included_in_expand_total_ms,included_in_expand_total_ms,included_in_expand_total_ms,13.96,13.96,26.936,C++ end-to-end harness exposes aggregate expand per party; finer subphase timers are recorded as included.
2026-07-23T09:15:27.276164+00:00,b33a10fa7851ba0c3a26bea531ffb004f00d9365,RM_VECTOR,INCLUDING_OT,2305843009213693951,61,64,128,2,16,65536,64,1024,8,4,0,OK,measured,PASS,P1,included_in_pprf_key_setup_ms,included_in_expand_total_ms,included_in_expand_total_ms,included_in_expand_total_ms,included_in_expand_total_ms,12.975999999999999,13.96,26.936,C++ end-to-end harness exposes aggregate expand per party; finer subphase timers are recorded as included.
2026-07-23T09:15:27.276173+00:00,b33a10fa7851ba0c3a26bea531ffb004f00d9365,RM_VECTOR,INCLUDING_OT,2305843009213693951,61,64,128,2,16,65536,64,1024,8,5,0,OK,measured,PASS,P0,included_in_pprf_key_setup_ms,included_in_expand_total_ms,included_in_expand_total_ms,included_in_expand_total_ms,included_in_expand_total_ms,13.868,13.868,26.744999999999997,C++ end-to-end harness exposes aggregate expand per party; finer subphase timers are recorded as included.
2026-07-23T09:15:27.276178+00:00,b33a10fa7851ba0c3a26bea531ffb004f00d9365,RM_VECTOR,INCLUDING_OT,2305843009213693951,61,64,128,2,16,65536,64,1024,8,5,0,OK,measured,PASS,P1,included_in_pprf_key_setup_ms,included_in_expand_total_ms,included_in_expand_total_ms,included_in_expand_total_ms,included_in_expand_total_ms,12.876999999999999,13.868,26.744999999999997,C++ end-to-end harness exposes aggregate expand per party; finer subphase timers are recorded as included.
2026-07-23T09:15:27.276184+00:00,b33a10fa7851ba0c3a26bea531ffb004f00d9365,RM_VECTOR,INCLUDING_OT,2305843009213693951,61,64,128,2,16,65536,64,1024,8,6,0,OK,measured,PASS,P0,included_in_pprf_key_setup_ms,included_in_expand_total_ms,included_in_expand_total_ms,included_in_expand_total_ms,included_in_expand_total_ms,13.790999999999999,13.790999999999999,26.994,C++ end-to-end harness exposes aggregate expand per party; finer subphase timers are recorded as included.
2026-07-23T09:15:27.276191+00:00,b33a10fa7851ba0c3a26bea531ffb004f00d9365,RM_VECTOR,INCLUDING_OT,2305843009213693951,61,64,128,2,16,65536,64,1024,8,6,0,OK,measured,PASS,P1,included_in_pprf_key_setup_ms,included_in_expand_total_ms,included_in_expand_total_ms,included_in_expand_total_ms,included_in_expand_total_ms,13.203,13.790999999999999,26.994,C++ end-to-end harness exposes aggregate expand per party; finer subphase timers are recorded as included.
2026-07-23T09:15:27.276198+00:00,b33a10fa7851ba0c3a26bea531ffb004f00d9365,RM_VECTOR,INCLUDING_OT,2305843009213693951,61,64,128,2,16,65536,64,1024,8,7,0,OK,measured,PASS,P0,included_in_pprf_key_setup_ms,included_in_expand_total_ms,included_in_expand_total_ms,included_in_expand_total_ms,included_in_expand_total_ms,14.024,14.024,27.021,C++ end-to-end harness exposes aggregate expand per party; finer subphase timers are recorded as included.
2026-07-23T09:15:27.276204+00:00,b33a10fa7851ba0c3a26bea531ffb004f00d9365,RM_VECTOR,INCLUDING_OT,2305843009213693951,61,64,128,2,16,65536,64,1024,8,7,0,OK,measured,PASS,P1,included_in_pprf_key_setup_ms,included_in_expand_total_ms,included_in_expand_total_ms,included_in_expand_total_ms,included_in_expand_total_ms,12.997,14.024,27.021,C++ end-to-end harness exposes aggregate expand per party; finer subphase timers are recorded as included.
2026-07-23T09:15:27.276210+00:00,b33a10fa7851ba0c3a26bea531ffb004f00d9365,RM_VECTOR,INCLUDING_OT,2305843009213693951,61,64,128,2,16,65536,64,1024,8,8,0,OK,measured,PASS,P0,included_in_pprf_key_setup_ms,included_in_expand_total_ms,included_in_expand_total_ms,included_in_expand_total_ms,included_in_expand_total_ms,13.853000000000002,13.853000000000002,26.947000000000003,C++ end-to-end harness exposes aggregate expand per party; finer subphase timers are recorded as included.
2026-07-23T09:15:27.276216+00:00,b33a10fa7851ba0c3a26bea531ffb004f00d9365,RM_VECTOR,INCLUDING_OT,2305843009213693951,61,64,128,2,16,65536,64,1024,8,8,0,OK,measured,PASS,P1,included_in_pprf_key_setup_ms,included_in_expand_total_ms,included_in_expand_total_ms,included_in_expand_total_ms,included_in_expand_total_ms,13.094,13.853000000000002,26.947000000000003,C++ end-to-end harness exposes aggregate expand per party; finer subphase timers are recorded as included.
2026-07-23T09:15:27.276222+00:00,b33a10fa7851ba0c3a26bea531ffb004f00d9365,RM_VECTOR,INCLUDING_OT,2305843009213693951,61,64,128,2,16,65536,64,1024,8,9,0,OK,measured,PASS,P0,included_in_pprf_key_setup_ms,included_in_expand_total_ms,included_in_expand_total_ms,included_in_expand_total_ms,included_in_expand_total_ms,14.622,14.622,27.543999999999997,C++ end-to-end harness exposes aggregate expand per party; finer subphase timers are recorded as included.
2026-07-23T09:15:27.276227+00:00,b33a10fa7851ba0c3a26bea531ffb004f00d9365,RM_VECTOR,INCLUDING_OT,2305843009213693951,61,64,128,2,16,65536,64,1024,8,9,0,OK,measured,PASS,P1,included_in_pprf_key_setup_ms,included_in_expand_total_ms,included_in_expand_total_ms,included_in_expand_total_ms,included_in_expand_total_ms,12.921999999999999,14.622,27.543999999999997,C++ end-to-end harness exposes aggregate expand per party; finer subphase timers are recorded as included.
2026-07-23T09:15:27.276234+00:00,b33a10fa7851ba0c3a26bea531ffb004f00d9365,RM_COORD,INCLUDING_OT,2305843009213693951,61,64,128,2,16,65536,64,1024,8,-1,1,OK,measured,PASS,P0,included_in_pprf_key_setup_ms,included_in_expand_total_ms,included_in_expand_total_ms,included_in_expand_total_ms,included_in_expand_total_ms,16.351999999999997,16.351999999999997,31.726999999999997,C++ end-to-end harness exposes aggregate expand per party; finer subphase timers are recorded as included.
2026-07-23T09:15:27.276241+00:00,b33a10fa7851ba0c3a26bea531ffb004f00d9365,RM_COORD,INCLUDING_OT,2305843009213693951,61,64,128,2,16,65536,64,1024,8,-1,1,OK,measured,PASS,P1,included_in_pprf_key_setup_ms,included_in_expand_total_ms,included_in_expand_total_ms,included_in_expand_total_ms,included_in_expand_total_ms,15.375,16.351999999999997,31.726999999999997,C++ end-to-end harness exposes aggregate expand per party; finer subphase timers are recorded as included.
2026-07-23T09:15:27.276247+00:00,b33a10fa7851ba0c3a26bea531ffb004f00d9365,RM_COORD,INCLUDING_OT,2305843009213693951,61,64,128,2,16,65536,64,1024,8,0,0,OK,measured,PASS,P0,included_in_pprf_key_setup_ms,included_in_expand_total_ms,included_in_expand_total_ms,included_in_expand_total_ms,included_in_expand_total_ms,16.224,16.224,31.503,C++ end-to-end harness exposes aggregate expand per party; finer subphase timers are recorded as included.
2026-07-23T09:15:27.276252+00:00,b33a10fa7851ba0c3a26bea531ffb004f00d9365,RM_COORD,INCLUDING_OT,2305843009213693951,61,64,128,2,16,65536,64,1024,8,0,0,OK,measured,PASS,P1,included_in_pprf_key_setup_ms,included_in_expand_total_ms,included_in_expand_total_ms,included_in_expand_total_ms,included_in_expand_total_ms,15.279,16.224,31.503,C++ end-to-end harness exposes aggregate expand per party; finer subphase timers are recorded as included.
2026-07-23T09:15:27.276260+00:00,b33a10fa7851ba0c3a26bea531ffb004f00d9365,RM_COORD,INCLUDING_OT,2305843009213693951,61,64,128,2,16,65536,64,1024,8,1,0,OK,measured,PASS,P0,included_in_pprf_key_setup_ms,included_in_expand_total_ms,included_in_expand_total_ms,included_in_expand_total_ms,included_in_expand_total_ms,16.189,16.189,31.679000000000002,C++ end-to-end harness exposes aggregate expand per party; finer subphase timers are recorded as included.
2026-07-23T09:15:27.276264+00:00,b33a10fa7851ba0c3a26bea531ffb004f00d9365,RM_COORD,INCLUDING_OT,2305843009213693951,61,64,128,2,16,65536,64,1024,8,1,0,OK,measured,PASS,P1,included_in_pprf_key_setup_ms,included_in_expand_total_ms,included_in_expand_total_ms,included_in_expand_total_ms,included_in_expand_total_ms,15.49,16.189,31.679000000000002,C++ end-to-end harness exposes aggregate expand per party; finer subphase timers are recorded as included.
2026-07-23T09:15:27.276271+00:00,b33a10fa7851ba0c3a26bea531ffb004f00d9365,RM_COORD,INCLUDING_OT,2305843009213693951,61,64,128,2,16,65536,64,1024,8,2,0,OK,measured,PASS,P0,included_in_pprf_key_setup_ms,included_in_expand_total_ms,included_in_expand_total_ms,included_in_expand_total_ms,included_in_expand_total_ms,16.143,16.143,31.349000000000004,C++ end-to-end harness exposes aggregate expand per party; finer subphase timers are recorded as included.
2026-07-23T09:15:27.276275+00:00,b33a10fa7851ba0c3a26bea531ffb004f00d9365,RM_COORD,INCLUDING_OT,2305843009213693951,61,64,128,2,16,65536,64,1024,8,2,0,OK,measured,PASS,P1,included_in_pprf_key_setup_ms,included_in_expand_total_ms,included_in_expand_total_ms,included_in_expand_total_ms,included_in_expand_total_ms,15.206000000000001,16.143,31.349000000000004,C++ end-to-end harness exposes aggregate expand per party; finer subphase timers are recorded as included.
2026-07-23T09:15:27.276283+00:00,b33a10fa7851ba0c3a26bea531ffb004f00d9365,RM_COORD,INCLUDING_OT,2305843009213693951,61,64,128,2,16,65536,64,1024,8,3,0,OK,measured,PASS,P0,included_in_pprf_key_setup_ms,included_in_expand_total_ms,included_in_expand_total_ms,included_in_expand_total_ms,included_in_expand_total_ms,16.094,16.094,31.361,C++ end-to-end harness exposes aggregate expand per party; finer subphase timers are recorded as included.
2026-07-23T09:15:27.276287+00:00,b33a10fa7851ba0c3a26bea531ffb004f00d9365,RM_COORD,INCLUDING_OT,2305843009213693951,61,64,128,2,16,65536,64,1024,8,3,0,OK,measured,PASS,P1,included_in_pprf_key_setup_ms,included_in_expand_total_ms,included_in_expand_total_ms,included_in_expand_total_ms,included_in_expand_total_ms,15.267,16.094,31.361,C++ end-to-end harness exposes aggregate expand per party; finer subphase timers are recorded as included.
2026-07-23T09:15:27.276293+00:00,b33a10fa7851ba0c3a26bea531ffb004f00d9365,RM_COORD,INCLUDING_OT,2305843009213693951,61,64,128,2,16,65536,64,1024,8,4,0,OK,measured,PASS,P0,included_in_pprf_key_setup_ms,included_in_expand_total_ms,included_in_expand_total_ms,included_in_expand_total_ms,included_in_expand_total_ms,16.019,16.019,31.461,C++ end-to-end harness exposes aggregate expand per party; finer subphase timers are recorded as included.
2026-07-23T09:15:27.276298+00:00,b33a10fa7851ba0c3a26bea531ffb004f00d9365,RM_COORD,INCLUDING_OT,2305843009213693951,61,64,128,2,16,65536,64,1024,8,4,0,OK,measured,PASS,P1,included_in_pprf_key_setup_ms,included_in_expand_total_ms,included_in_expand_total_ms,included_in_expand_total_ms,included_in_expand_total_ms,15.442,16.019,31.461,C++ end-to-end harness exposes aggregate expand per party; finer subphase timers are recorded as included.
2026-07-23T09:15:27.276308+00:00,b33a10fa7851ba0c3a26bea531ffb004f00d9365,RM_COORD,INCLUDING_OT,2305843009213693951,61,64,128,2,16,65536,64,1024,8,5,0,OK,measured,PASS,P0,included_in_pprf_key_setup_ms,included_in_expand_total_ms,included_in_expand_total_ms,included_in_expand_total_ms,included_in_expand_total_ms,16.209,16.209,31.662,C++ end-to-end harness exposes aggregate expand per party; finer subphase timers are recorded as included.
2026-07-23T09:15:27.276313+00:00,b33a10fa7851ba0c3a26bea531ffb004f00d9365,RM_COORD,INCLUDING_OT,2305843009213693951,61,64,128,2,16,65536,64,1024,8,5,0,OK,measured,PASS,P1,included_in_pprf_key_setup_ms,included_in_expand_total_ms,included_in_expand_total_ms,included_in_expand_total_ms,included_in_expand_total_ms,15.453,16.209,31.662,C++ end-to-end harness exposes aggregate expand per party; finer subphase timers are recorded as included.
2026-07-23T09:15:27.276319+00:00,b33a10fa7851ba0c3a26bea531ffb004f00d9365,RM_COORD,INCLUDING_OT,2305843009213693951,61,64,128,2,16,65536,64,1024,8,6,0,OK,measured,PASS,P0,included_in_pprf_key_setup_ms,included_in_expand_total_ms,included_in_expand_total_ms,included_in_expand_total_ms,included_in_expand_total_ms,16.357,16.357,31.758,C++ end-to-end harness exposes aggregate expand per party; finer subphase timers are recorded as included.
2026-07-23T09:15:27.276326+00:00,b33a10fa7851ba0c3a26bea531ffb004f00d9365,RM_COORD,INCLUDING_OT,2305843009213693951,61,64,128,2,16,65536,64,1024,8,6,0,OK,measured,PASS,P1,included_in_pprf_key_setup_ms,included_in_expand_total_ms,included_in_expand_total_ms,included_in_expand_total_ms,included_in_expand_total_ms,15.401,16.357,31.758,C++ end-to-end harness exposes aggregate expand per party; finer subphase timers are recorded as included.
2026-07-23T09:15:27.276332+00:00,b33a10fa7851ba0c3a26bea531ffb004f00d9365,RM_COORD,INCLUDING_OT,2305843009213693951,61,64,128,2,16,65536,64,1024,8,7,0,OK,measured,PASS,P0,included_in_pprf_key_setup_ms,included_in_expand_total_ms,included_in_expand_total_ms,included_in_expand_total_ms,included_in_expand_total_ms,16.208,16.208,31.538999999999998,C++ end-to-end harness exposes aggregate expand per party; finer subphase timers are recorded as included.
2026-07-23T09:15:27.276337+00:00,b33a10fa7851ba0c3a26bea531ffb004f00d9365,RM_COORD,INCLUDING_OT,2305843009213693951,61,64,128,2,16,65536,64,1024,8,7,0,OK,measured,PASS,P1,included_in_pprf_key_setup_ms,included_in_expand_total_ms,included_in_expand_total_ms,included_in_expand_total_ms,included_in_expand_total_ms,15.331,16.208,31.538999999999998,C++ end-to-end harness exposes aggregate expand per party; finer subphase timers are recorded as included.
2026-07-23T09:15:27.276343+00:00,b33a10fa7851ba0c3a26bea531ffb004f00d9365,RM_COORD,INCLUDING_OT,2305843009213693951,61,64,128,2,16,65536,64,1024,8,8,0,OK,measured,PASS,P0,included_in_pprf_key_setup_ms,included_in_expand_total_ms,included_in_expand_total_ms,included_in_expand_total_ms,included_in_expand_total_ms,16.236,16.236,31.593000000000004,C++ end-to-end harness exposes aggregate expand per party; finer subphase timers are recorded as included.
2026-07-23T09:15:27.276349+00:00,b33a10fa7851ba0c3a26bea531ffb004f00d9365,RM_COORD,INCLUDING_OT,2305843009213693951,61,64,128,2,16,65536,64,1024,8,8,0,OK,measured,PASS,P1,included_in_pprf_key_setup_ms,included_in_expand_total_ms,included_in_expand_total_ms,included_in_expand_total_ms,included_in_expand_total_ms,15.357000000000001,16.236,31.593000000000004,C++ end-to-end harness exposes aggregate expand per party; finer subphase timers are recorded as included.
2026-07-23T09:15:27.276355+00:00,b33a10fa7851ba0c3a26bea531ffb004f00d9365,RM_COORD,INCLUDING_OT,2305843009213693951,61,64,128,2,16,65536,64,1024,8,9,0,OK,measured,PASS,P0,included_in_pprf_key_setup_ms,included_in_expand_total_ms,included_in_expand_total_ms,included_in_expand_total_ms,included_in_expand_total_ms,15.953999999999999,15.953999999999999,31.233999999999998,C++ end-to-end harness exposes aggregate expand per party; finer subphase timers are recorded as included.
2026-07-23T09:15:27.276360+00:00,b33a10fa7851ba0c3a26bea531ffb004f00d9365,RM_COORD,INCLUDING_OT,2305843009213693951,61,64,128,2,16,65536,64,1024,8,9,0,OK,measured,PASS,P1,included_in_pprf_key_setup_ms,included_in_expand_total_ms,included_in_expand_total_ms,included_in_expand_total_ms,included_in_expand_total_ms,15.28,15.953999999999999,31.233999999999998,C++ end-to-end harness exposes aggregate expand per party; finer subphase timers are recorded as included.
2026-07-23T09:15:27.276365+00:00,b33a10fa7851ba0c3a26bea531ffb004f00d9365,RM_VECTOR,INCLUDING_OT,2305843009213693951,61,64,128,2,16,65536,64,1024,16,-1,1,OK,measured,PASS,P0,included_in_pprf_key_setup_ms,included_in_expand_total_ms,included_in_expand_total_ms,included_in_expand_total_ms,included_in_expand_total_ms,26.749,26.749,53.298,C++ end-to-end harness exposes aggregate expand per party; finer subphase timers are recorded as included.
2026-07-23T09:15:27.276372+00:00,b33a10fa7851ba0c3a26bea531ffb004f00d9365,RM_VECTOR,INCLUDING_OT,2305843009213693951,61,64,128,2,16,65536,64,1024,16,-1,1,OK,measured,PASS,P1,included_in_pprf_key_setup_ms,included_in_expand_total_ms,included_in_expand_total_ms,included_in_expand_total_ms,included_in_expand_total_ms,26.549,26.749,53.298,C++ end-to-end harness exposes aggregate expand per party; finer subphase timers are recorded as included.
2026-07-23T09:15:27.276383+00:00,b33a10fa7851ba0c3a26bea531ffb004f00d9365,RM_VECTOR,INCLUDING_OT,2305843009213693951,61,64,128,2,16,65536,64,1024,16,0,0,OK,measured,PASS,P0,included_in_pprf_key_setup_ms,included_in_expand_total_ms,included_in_expand_total_ms,included_in_expand_total_ms,included_in_expand_total_ms,26.669,26.669,52.425,C++ end-to-end harness exposes aggregate expand per party; finer subphase timers are recorded as included.
2026-07-23T09:15:27.276388+00:00,b33a10fa7851ba0c3a26bea531ffb004f00d9365,RM_VECTOR,INCLUDING_OT,2305843009213693951,61,64,128,2,16,65536,64,1024,16,0,0,OK,measured,PASS,P1,included_in_pprf_key_setup_ms,included_in_expand_total_ms,included_in_expand_total_ms,included_in_expand_total_ms,included_in_expand_total_ms,25.756,26.669,52.425,C++ end-to-end harness exposes aggregate expand per party; finer subphase timers are recorded as included.
2026-07-23T09:15:27.276395+00:00,b33a10fa7851ba0c3a26bea531ffb004f00d9365,RM_VECTOR,INCLUDING_OT,2305843009213693951,61,64,128,2,16,65536,64,1024,16,1,0,OK,measured,PASS,P0,included_in_pprf_key_setup_ms,included_in_expand_total_ms,included_in_expand_total_ms,included_in_expand_total_ms,included_in_expand_total_ms,26.955,26.955,52.715999999999994,C++ end-to-end harness exposes aggregate expand per party; finer subphase timers are recorded as included.
2026-07-23T09:15:27.276401+00:00,b33a10fa7851ba0c3a26bea531ffb004f00d9365,RM_VECTOR,INCLUDING_OT,2305843009213693951,61,64,128,2,16,65536,64,1024,16,1,0,OK,measured,PASS,P1,included_in_pprf_key_setup_ms,included_in_expand_total_ms,included_in_expand_total_ms,included_in_expand_total_ms,included_in_expand_total_ms,25.761,26.955,52.715999999999994,C++ end-to-end harness exposes aggregate expand per party; finer subphase timers are recorded as included.
2026-07-23T09:15:27.276409+00:00,b33a10fa7851ba0c3a26bea531ffb004f00d9365,RM_VECTOR,INCLUDING_OT,2305843009213693951,61,64,128,2,16,65536,64,1024,16,2,0,OK,measured,PASS,P0,included_in_pprf_key_setup_ms,included_in_expand_total_ms,included_in_expand_total_ms,included_in_expand_total_ms,included_in_expand_total_ms,26.689999999999998,26.689999999999998,52.464999999999996,C++ end-to-end harness exposes aggregate expand per party; finer subphase timers are recorded as included.
2026-07-23T09:15:27.276415+00:00,b33a10fa7851ba0c3a26bea531ffb004f00d9365,RM_VECTOR,INCLUDING_OT,2305843009213693951,61,64,128,2,16,65536,64,1024,16,2,0,OK,measured,PASS,P1,included_in_pprf_key_setup_ms,included_in_expand_total_ms,included_in_expand_total_ms,included_in_expand_total_ms,included_in_expand_total_ms,25.775,26.689999999999998,52.464999999999996,C++ end-to-end harness exposes aggregate expand per party; finer subphase timers are recorded as included.
2026-07-23T09:15:27.276421+00:00,b33a10fa7851ba0c3a26bea531ffb004f00d9365,RM_VECTOR,INCLUDING_OT,2305843009213693951,61,64,128,2,16,65536,64,1024,16,3,0,OK,measured,PASS,P0,included_in_pprf_key_setup_ms,included_in_expand_total_ms,included_in_expand_total_ms,included_in_expand_total_ms,included_in_expand_total_ms,26.610000000000003,26.610000000000003,52.247,C++ end-to-end harness exposes aggregate expand per party; finer subphase timers are recorded as included.
2026-07-23T09:15:27.276427+00:00,b33a10fa7851ba0c3a26bea531ffb004f00d9365,RM_VECTOR,INCLUDING_OT,2305843009213693951,61,64,128,2,16,65536,64,1024,16,3,0,OK,measured,PASS,P1,included_in_pprf_key_setup_ms,included_in_expand_total_ms,included_in_expand_total_ms,included_in_expand_total_ms,included_in_expand_total_ms,25.637,26.610000000000003,52.247,C++ end-to-end harness exposes aggregate expand per party; finer subphase timers are recorded as included.
2026-07-23T09:15:27.276433+00:00,b33a10fa7851ba0c3a26bea531ffb004f00d9365,RM_VECTOR,INCLUDING_OT,2305843009213693951,61,64,128,2,16,65536,64,1024,16,4,0,OK,measured,PASS,P0,included_in_pprf_key_setup_ms,included_in_expand_total_ms,included_in_expand_total_ms,included_in_expand_total_ms,included_in_expand_total_ms,26.895,26.895,52.913,C++ end-to-end harness exposes aggregate expand per party; finer subphase timers are recorded as included.
2026-07-23T09:15:27.276440+00:00,b33a10fa7851ba0c3a26bea531ffb004f00d9365,RM_VECTOR,INCLUDING_OT,2305843009213693951,61,64,128,2,16,65536,64,1024,16,4,0,OK,measured,PASS,P1,included_in_pprf_key_setup_ms,included_in_expand_total_ms,included_in_expand_total_ms,included_in_expand_total_ms,included_in_expand_total_ms,26.018,26.895,52.913,C++ end-to-end harness exposes aggregate expand per party; finer subphase timers are recorded as included.
2026-07-23T09:15:27.276445+00:00,b33a10fa7851ba0c3a26bea531ffb004f00d9365,RM_VECTOR,INCLUDING_OT,2305843009213693951,61,64,128,2,16,65536,64,1024,16,5,0,OK,measured,PASS,P0,included_in_pprf_key_setup_ms,included_in_expand_total_ms,included_in_expand_total_ms,included_in_expand_total_ms,included_in_expand_total_ms,26.671,26.671,52.328,C++ end-to-end harness exposes aggregate expand per party; finer subphase timers are recorded as included.
2026-07-23T09:15:27.276450+00:00,b33a10fa7851ba0c3a26bea531ffb004f00d9365,RM_VECTOR,INCLUDING_OT,2305843009213693951,61,64,128,2,16,65536,64,1024,16,5,0,OK,measured,PASS,P1,included_in_pprf_key_setup_ms,included_in_expand_total_ms,included_in_expand_total_ms,included_in_expand_total_ms,included_in_expand_total_ms,25.657,26.671,52.328,C++ end-to-end harness exposes aggregate expand per party; finer subphase timers are recorded as included.
2026-07-23T09:15:27.276458+00:00,b33a10fa7851ba0c3a26bea531ffb004f00d9365,RM_VECTOR,INCLUDING_OT,2305843009213693951,61,64,128,2,16,65536,64,1024,16,6,0,OK,measured,PASS,P0,included_in_pprf_key_setup_ms,included_in_expand_total_ms,included_in_expand_total_ms,included_in_expand_total_ms,included_in_expand_total_ms,26.792,26.792,52.467,C++ end-to-end harness exposes aggregate expand per party; finer subphase timers are recorded as included.
2026-07-23T09:15:27.276466+00:00,b33a10fa7851ba0c3a26bea531ffb004f00d9365,RM_VECTOR,INCLUDING_OT,2305843009213693951,61,64,128,2,16,65536,64,1024,16,6,0,OK,measured,PASS,P1,included_in_pprf_key_setup_ms,included_in_expand_total_ms,included_in_expand_total_ms,included_in_expand_total_ms,included_in_expand_total_ms,25.675,26.792,52.467,C++ end-to-end harness exposes aggregate expand per party; finer subphase timers are recorded as included.
2026-07-23T09:15:27.276472+00:00,b33a10fa7851ba0c3a26bea531ffb004f00d9365,RM_VECTOR,INCLUDING_OT,2305843009213693951,61,64,128,2,16,65536,64,1024,16,7,0,OK,measured,PASS,P0,included_in_pprf_key_setup_ms,included_in_expand_total_ms,included_in_expand_total_ms,included_in_expand_total_ms,included_in_expand_total_ms,26.761,26.761,52.641999999999996,C++ end-to-end harness exposes aggregate expand per party; finer subphase timers are recorded as included.
2026-07-23T09:15:27.276477+00:00,b33a10fa7851ba0c3a26bea531ffb004f00d9365,RM_VECTOR,INCLUDING_OT,2305843009213693951,61,64,128,2,16,65536,64,1024,16,7,0,OK,measured,PASS,P1,included_in_pprf_key_setup_ms,included_in_expand_total_ms,included_in_expand_total_ms,included_in_expand_total_ms,included_in_expand_total_ms,25.881,26.761,52.641999999999996,C++ end-to-end harness exposes aggregate expand per party; finer subphase timers are recorded as included.
2026-07-23T09:15:27.276485+00:00,b33a10fa7851ba0c3a26bea531ffb004f00d9365,RM_VECTOR,INCLUDING_OT,2305843009213693951,61,64,128,2,16,65536,64,1024,16,8,0,OK,measured,PASS,P0,included_in_pprf_key_setup_ms,included_in_expand_total_ms,included_in_expand_total_ms,included_in_expand_total_ms,included_in_expand_total_ms,26.671,26.671,52.370999999999995,C++ end-to-end harness exposes aggregate expand per party; finer subphase timers are recorded as included.
2026-07-23T09:15:27.276489+00:00,b33a10fa7851ba0c3a26bea531ffb004f00d9365,RM_VECTOR,INCLUDING_OT,2305843009213693951,61,64,128,2,16,65536,64,1024,16,8,0,OK,measured,PASS,P1,included_in_pprf_key_setup_ms,included_in_expand_total_ms,included_in_expand_total_ms,included_in_expand_total_ms,included_in_expand_total_ms,25.7,26.671,52.370999999999995,C++ end-to-end harness exposes aggregate expand per party; finer subphase timers are recorded as included.
2026-07-23T09:15:27.276495+00:00,b33a10fa7851ba0c3a26bea531ffb004f00d9365,RM_VECTOR,INCLUDING_OT,2305843009213693951,61,64,128,2,16,65536,64,1024,16,9,0,OK,measured,PASS,P0,included_in_pprf_key_setup_ms,included_in_expand_total_ms,included_in_expand_total_ms,included_in_expand_total_ms,included_in_expand_total_ms,26.789,26.789,52.545,C++ end-to-end harness exposes aggregate expand per party; finer subphase timers are recorded as included.
2026-07-23T09:15:27.276499+00:00,b33a10fa7851ba0c3a26bea531ffb004f00d9365,RM_VECTOR,INCLUDING_OT,2305843009213693951,61,64,128,2,16,65536,64,1024,16,9,0,OK,measured,PASS,P1,included_in_pprf_key_setup_ms,included_in_expand_total_ms,included_in_expand_total_ms,included_in_expand_total_ms,included_in_expand_total_ms,25.756,26.789,52.545,C++ end-to-end harness exposes aggregate expand per party; finer subphase timers are recorded as included.
2026-07-23T09:15:27.276507+00:00,b33a10fa7851ba0c3a26bea531ffb004f00d9365,RM_COORD,INCLUDING_OT,2305843009213693951,61,64,128,2,16,65536,64,1024,16,-1,1,OK,measured,PASS,P0,included_in_pprf_key_setup_ms,included_in_expand_total_ms,included_in_expand_total_ms,included_in_expand_total_ms,included_in_expand_total_ms,31.066,31.066,61.589,C++ end-to-end harness exposes aggregate expand per party; finer subphase timers are recorded as included.
2026-07-23T09:15:27.276512+00:00,b33a10fa7851ba0c3a26bea531ffb004f00d9365,RM_COORD,INCLUDING_OT,2305843009213693951,61,64,128,2,16,65536,64,1024,16,-1,1,OK,measured,PASS,P1,included_in_pprf_key_setup_ms,included_in_expand_total_ms,included_in_expand_total_ms,included_in_expand_total_ms,included_in_expand_total_ms,30.523000000000003,31.066,61.589,C++ end-to-end harness exposes aggregate expand per party; finer subphase timers are recorded as included.
2026-07-23T09:15:27.276518+00:00,b33a10fa7851ba0c3a26bea531ffb004f00d9365,RM_COORD,INCLUDING_OT,2305843009213693951,61,64,128,2,16,65536,64,1024,16,0,0,OK,measured,PASS,P0,included_in_pprf_key_setup_ms,included_in_expand_total_ms,included_in_expand_total_ms,included_in_expand_total_ms,included_in_expand_total_ms,31.931,31.931,62.63,C++ end-to-end harness exposes aggregate expand per party; finer subphase timers are recorded as included.
2026-07-23T09:15:27.276523+00:00,b33a10fa7851ba0c3a26bea531ffb004f00d9365,RM_COORD,INCLUDING_OT,2305843009213693951,61,64,128,2,16,65536,64,1024,16,0,0,OK,measured,PASS,P1,included_in_pprf_key_setup_ms,included_in_expand_total_ms,included_in_expand_total_ms,included_in_expand_total_ms,included_in_expand_total_ms,30.699,31.931,62.63,C++ end-to-end harness exposes aggregate expand per party; finer subphase timers are recorded as included.
2026-07-23T09:15:27.276532+00:00,b33a10fa7851ba0c3a26bea531ffb004f00d9365,RM_COORD,INCLUDING_OT,2305843009213693951,61,64,128,2,16,65536,64,1024,16,1,0,OK,measured,PASS,P0,included_in_pprf_key_setup_ms,included_in_expand_total_ms,included_in_expand_total_ms,included_in_expand_total_ms,included_in_expand_total_ms,31.164,31.164,61.513999999999996,C++ end-to-end harness exposes aggregate expand per party; finer subphase timers are recorded as included.
2026-07-23T09:15:27.276537+00:00,b33a10fa7851ba0c3a26bea531ffb004f00d9365,RM_COORD,INCLUDING_OT,2305843009213693951,61,64,128,2,16,65536,64,1024,16,1,0,OK,measured,PASS,P1,included_in_pprf_key_setup_ms,included_in_expand_total_ms,included_in_expand_total_ms,included_in_expand_total_ms,included_in_expand_total_ms,30.349999999999998,31.164,61.513999999999996,C++ end-to-end harness exposes aggregate expand per party; finer subphase timers are recorded as included.
2026-07-23T09:15:27.276544+00:00,b33a10fa7851ba0c3a26bea531ffb004f00d9365,RM_COORD,INCLUDING_OT,2305843009213693951,61,64,128,2,16,65536,64,1024,16,2,0,OK,measured,PASS,P0,included_in_pprf_key_setup_ms,included_in_expand_total_ms,included_in_expand_total_ms,included_in_expand_total_ms,included_in_expand_total_ms,31.033,31.033,61.444,C++ end-to-end harness exposes aggregate expand per party; finer subphase timers are recorded as included.
2026-07-23T09:15:27.276550+00:00,b33a10fa7851ba0c3a26bea531ffb004f00d9365,RM_COORD,INCLUDING_OT,2305843009213693951,61,64,128,2,16,65536,64,1024,16,2,0,OK,measured,PASS,P1,included_in_pprf_key_setup_ms,included_in_expand_total_ms,included_in_expand_total_ms,included_in_expand_total_ms,included_in_expand_total_ms,30.411,31.033,61.444,C++ end-to-end harness exposes aggregate expand per party; finer subphase timers are recorded as included.
2026-07-23T09:15:27.276556+00:00,b33a10fa7851ba0c3a26bea531ffb004f00d9365,RM_COORD,INCLUDING_OT,2305843009213693951,61,64,128,2,16,65536,64,1024,16,3,0,OK,measured,PASS,P0,included_in_pprf_key_setup_ms,included_in_expand_total_ms,included_in_expand_total_ms,included_in_expand_total_ms,included_in_expand_total_ms,30.983,30.983,61.507,C++ end-to-end harness exposes aggregate expand per party; finer subphase timers are recorded as included.
2026-07-23T09:15:27.276560+00:00,b33a10fa7851ba0c3a26bea531ffb004f00d9365,RM_COORD,INCLUDING_OT,2305843009213693951,61,64,128,2,16,65536,64,1024,16,3,0,OK,measured,PASS,P1,included_in_pprf_key_setup_ms,included_in_expand_total_ms,included_in_expand_total_ms,included_in_expand_total_ms,included_in_expand_total_ms,30.523999999999997,30.983,61.507,C++ end-to-end harness exposes aggregate expand per party; finer subphase timers are recorded as included.
2026-07-23T09:15:27.276566+00:00,b33a10fa7851ba0c3a26bea531ffb004f00d9365,RM_COORD,INCLUDING_OT,2305843009213693951,61,64,128,2,16,65536,64,1024,16,4,0,OK,measured,PASS,P0,included_in_pprf_key_setup_ms,included_in_expand_total_ms,included_in_expand_total_ms,included_in_expand_total_ms,included_in_expand_total_ms,31.069,31.069,61.474999999999994,C++ end-to-end harness exposes aggregate expand per party; finer subphase timers are recorded as included.
2026-07-23T09:15:27.276573+00:00,b33a10fa7851ba0c3a26bea531ffb004f00d9365,RM_COORD,INCLUDING_OT,2305843009213693951,61,64,128,2,16,65536,64,1024,16,4,0,OK,measured,PASS,P1,included_in_pprf_key_setup_ms,included_in_expand_total_ms,included_in_expand_total_ms,included_in_expand_total_ms,included_in_expand_total_ms,30.406,31.069,61.474999999999994,C++ end-to-end harness exposes aggregate expand per party; finer subphase timers are recorded as included.
2026-07-23T09:15:27.276578+00:00,b33a10fa7851ba0c3a26bea531ffb004f00d9365,RM_COORD,INCLUDING_OT,2305843009213693951,61,64,128,2,16,65536,64,1024,16,5,0,OK,measured,PASS,P0,included_in_pprf_key_setup_ms,included_in_expand_total_ms,included_in_expand_total_ms,included_in_expand_total_ms,included_in_expand_total_ms,31.171,31.171,61.668,C++ end-to-end harness exposes aggregate expand per party; finer subphase timers are recorded as included.
2026-07-23T09:15:27.276583+00:00,b33a10fa7851ba0c3a26bea531ffb004f00d9365,RM_COORD,INCLUDING_OT,2305843009213693951,61,64,128,2,16,65536,64,1024,16,5,0,OK,measured,PASS,P1,included_in_pprf_key_setup_ms,included_in_expand_total_ms,included_in_expand_total_ms,included_in_expand_total_ms,included_in_expand_total_ms,30.497,31.171,61.668,C++ end-to-end harness exposes aggregate expand per party; finer subphase timers are recorded as included.
2026-07-23T09:15:27.276588+00:00,b33a10fa7851ba0c3a26bea531ffb004f00d9365,RM_COORD,INCLUDING_OT,2305843009213693951,61,64,128,2,16,65536,64,1024,16,6,0,OK,measured,PASS,P0,included_in_pprf_key_setup_ms,included_in_expand_total_ms,included_in_expand_total_ms,included_in_expand_total_ms,included_in_expand_total_ms,31.465,31.465,62.068,C++ end-to-end harness exposes aggregate expand per party; finer subphase timers are recorded as included.
2026-07-23T09:15:27.276595+00:00,b33a10fa7851ba0c3a26bea531ffb004f00d9365,RM_COORD,INCLUDING_OT,2305843009213693951,61,64,128,2,16,65536,64,1024,16,6,0,OK,measured,PASS,P1,included_in_pprf_key_setup_ms,included_in_expand_total_ms,included_in_expand_total_ms,included_in_expand_total_ms,included_in_expand_total_ms,30.603,31.465,62.068,C++ end-to-end harness exposes aggregate expand per party; finer subphase timers are recorded as included.
2026-07-23T09:15:27.276602+00:00,b33a10fa7851ba0c3a26bea531ffb004f00d9365,RM_COORD,INCLUDING_OT,2305843009213693951,61,64,128,2,16,65536,64,1024,16,7,0,OK,measured,PASS,P0,included_in_pprf_key_setup_ms,included_in_expand_total_ms,included_in_expand_total_ms,included_in_expand_total_ms,included_in_expand_total_ms,31.128,31.128,61.785,C++ end-to-end harness exposes aggregate expand per party; finer subphase timers are recorded as included.
2026-07-23T09:15:27.276607+00:00,b33a10fa7851ba0c3a26bea531ffb004f00d9365,RM_COORD,INCLUDING_OT,2305843009213693951,61,64,128,2,16,65536,64,1024,16,7,0,OK,measured,PASS,P1,included_in_pprf_key_setup_ms,included_in_expand_total_ms,included_in_expand_total_ms,included_in_expand_total_ms,included_in_expand_total_ms,30.657,31.128,61.785,C++ end-to-end harness exposes aggregate expand per party; finer subphase timers are recorded as included.
2026-07-23T09:15:27.276615+00:00,b33a10fa7851ba0c3a26bea531ffb004f00d9365,RM_COORD,INCLUDING_OT,2305843009213693951,61,64,128,2,16,65536,64,1024,16,8,0,OK,measured,PASS,P0,included_in_pprf_key_setup_ms,included_in_expand_total_ms,included_in_expand_total_ms,included_in_expand_total_ms,included_in_expand_total_ms,31.051,31.051,61.513,C++ end-to-end harness exposes aggregate expand per party; finer subphase timers are recorded as included.
2026-07-23T09:15:27.276619+00:00,b33a10fa7851ba0c3a26bea531ffb004f00d9365,RM_COORD,INCLUDING_OT,2305843009213693951,61,64,128,2,16,65536,64,1024,16,8,0,OK,measured,PASS,P1,included_in_pprf_key_setup_ms,included_in_expand_total_ms,included_in_expand_total_ms,included_in_expand_total_ms,included_in_expand_total_ms,30.462,31.051,61.513,C++ end-to-end harness exposes aggregate expand per party; finer subphase timers are recorded as included.
2026-07-23T09:15:27.276625+00:00,b33a10fa7851ba0c3a26bea531ffb004f00d9365,RM_COORD,INCLUDING_OT,2305843009213693951,61,64,128,2,16,65536,64,1024,16,9,0,OK,measured,PASS,P0,included_in_pprf_key_setup_ms,included_in_expand_total_ms,included_in_expand_total_ms,included_in_expand_total_ms,included_in_expand_total_ms,31.067,31.067,61.442,C++ end-to-end harness exposes aggregate expand per party; finer subphase timers are recorded as included.
2026-07-23T09:15:27.276630+00:00,b33a10fa7851ba0c3a26bea531ffb004f00d9365,RM_COORD,INCLUDING_OT,2305843009213693951,61,64,128,2,16,65536,64,1024,16,9,0,OK,measured,PASS,P1,included_in_pprf_key_setup_ms,included_in_expand_total_ms,included_in_expand_total_ms,included_in_expand_total_ms,included_in_expand_total_ms,30.375,31.067,61.442,C++ end-to-end harness exposes aggregate expand per party; finer subphase timers are recorded as included.
2026-07-23T09:15:27.276637+00:00,b33a10fa7851ba0c3a26bea531ffb004f00d9365,RM_VECTOR,INCLUDING_OT,2305843009213693951,61,64,128,2,16,65536,64,1024,32,-1,1,OK,measured,PASS,P0,included_in_pprf_key_setup_ms,included_in_expand_total_ms,included_in_expand_total_ms,included_in_expand_total_ms,included_in_expand_total_ms,52.738,52.738,104.729,C++ end-to-end harness exposes aggregate expand per party; finer subphase timers are recorded as included.
2026-07-23T09:15:27.276642+00:00,b33a10fa7851ba0c3a26bea531ffb004f00d9365,RM_VECTOR,INCLUDING_OT,2305843009213693951,61,64,128,2,16,65536,64,1024,32,-1,1,OK,measured,PASS,P1,included_in_pprf_key_setup_ms,included_in_expand_total_ms,included_in_expand_total_ms,included_in_expand_total_ms,included_in_expand_total_ms,51.991,52.738,104.729,C++ end-to-end harness exposes aggregate expand per party; finer subphase timers are recorded as included.
2026-07-23T09:15:27.276648+00:00,b33a10fa7851ba0c3a26bea531ffb004f00d9365,RM_VECTOR,INCLUDING_OT,2305843009213693951,61,64,128,2,16,65536,64,1024,32,0,0,OK,measured,PASS,P0,included_in_pprf_key_setup_ms,included_in_expand_total_ms,included_in_expand_total_ms,included_in_expand_total_ms,included_in_expand_total_ms,52.839999999999996,52.839999999999996,104.79899999999999,C++ end-to-end harness exposes aggregate expand per party; finer subphase timers are recorded as included.
2026-07-23T09:15:27.276655+00:00,b33a10fa7851ba0c3a26bea531ffb004f00d9365,RM_VECTOR,INCLUDING_OT,2305843009213693951,61,64,128,2,16,65536,64,1024,32,0,0,OK,measured,PASS,P1,included_in_pprf_key_setup_ms,included_in_expand_total_ms,included_in_expand_total_ms,included_in_expand_total_ms,included_in_expand_total_ms,51.958999999999996,52.839999999999996,104.79899999999999,C++ end-to-end harness exposes aggregate expand per party; finer subphase timers are recorded as included.
2026-07-23T09:15:27.276661+00:00,b33a10fa7851ba0c3a26bea531ffb004f00d9365,RM_VECTOR,INCLUDING_OT,2305843009213693951,61,64,128,2,16,65536,64,1024,32,1,0,OK,measured,PASS,P0,included_in_pprf_key_setup_ms,included_in_expand_total_ms,included_in_expand_total_ms,included_in_expand_total_ms,included_in_expand_total_ms,53.063,53.063,105.445,C++ end-to-end harness exposes aggregate expand per party; finer subphase timers are recorded as included.
2026-07-23T09:15:27.276666+00:00,b33a10fa7851ba0c3a26bea531ffb004f00d9365,RM_VECTOR,INCLUDING_OT,2305843009213693951,61,64,128,2,16,65536,64,1024,32,1,0,OK,measured,PASS,P1,included_in_pprf_key_setup_ms,included_in_expand_total_ms,included_in_expand_total_ms,included_in_expand_total_ms,included_in_expand_total_ms,52.382,53.063,105.445,C++ end-to-end harness exposes aggregate expand per party; finer subphase timers are recorded as included.
2026-07-23T09:15:27.276676+00:00,b33a10fa7851ba0c3a26bea531ffb004f00d9365,RM_VECTOR,INCLUDING_OT,2305843009213693951,61,64,128,2,16,65536,64,1024,32,2,0,OK,measured,PASS,P0,included_in_pprf_key_setup_ms,included_in_expand_total_ms,included_in_expand_total_ms,included_in_expand_total_ms,included_in_expand_total_ms,53.662,53.662,106.292,C++ end-to-end harness exposes aggregate expand per party; finer subphase timers are recorded as included.
2026-07-23T09:15:27.276683+00:00,b33a10fa7851ba0c3a26bea531ffb004f00d9365,RM_VECTOR,INCLUDING_OT,2305843009213693951,61,64,128,2,16,65536,64,1024,32,2,0,OK,measured,PASS,P1,included_in_pprf_key_setup_ms,included_in_expand_total_ms,included_in_expand_total_ms,included_in_expand_total_ms,included_in_expand_total_ms,52.63,53.662,106.292,C++ end-to-end harness exposes aggregate expand per party; finer subphase timers are recorded as included.
2026-07-23T09:15:27.276688+00:00,b33a10fa7851ba0c3a26bea531ffb004f00d9365,RM_VECTOR,INCLUDING_OT,2305843009213693951,61,64,128,2,16,65536,64,1024,32,3,0,OK,measured,PASS,P0,included_in_pprf_key_setup_ms,included_in_expand_total_ms,included_in_expand_total_ms,included_in_expand_total_ms,included_in_expand_total_ms,52.975,52.975,105.05799999999999,C++ end-to-end harness exposes aggregate expand per party; finer subphase timers are recorded as included.
2026-07-23T09:15:27.276693+00:00,b33a10fa7851ba0c3a26bea531ffb004f00d9365,RM_VECTOR,INCLUDING_OT,2305843009213693951,61,64,128,2,16,65536,64,1024,32,3,0,OK,measured,PASS,P1,included_in_pprf_key_setup_ms,included_in_expand_total_ms,included_in_expand_total_ms,included_in_expand_total_ms,included_in_expand_total_ms,52.083,52.975,105.05799999999999,C++ end-to-end harness exposes aggregate expand per party; finer subphase timers are recorded as included.
2026-07-23T09:15:27.276701+00:00,b33a10fa7851ba0c3a26bea531ffb004f00d9365,RM_VECTOR,INCLUDING_OT,2305843009213693951,61,64,128,2,16,65536,64,1024,32,4,0,OK,measured,PASS,P0,included_in_pprf_key_setup_ms,included_in_expand_total_ms,included_in_expand_total_ms,included_in_expand_total_ms,included_in_expand_total_ms,53.384,53.384,105.811,C++ end-to-end harness exposes aggregate expand per party; finer subphase timers are recorded as included.
2026-07-23T09:15:27.276705+00:00,b33a10fa7851ba0c3a26bea531ffb004f00d9365,RM_VECTOR,INCLUDING_OT,2305843009213693951,61,64,128,2,16,65536,64,1024,32,4,0,OK,measured,PASS,P1,included_in_pprf_key_setup_ms,included_in_expand_total_ms,included_in_expand_total_ms,included_in_expand_total_ms,included_in_expand_total_ms,52.427,53.384,105.811,C++ end-to-end harness exposes aggregate expand per party; finer subphase timers are recorded as included.
2026-07-23T09:15:27.276711+00:00,b33a10fa7851ba0c3a26bea531ffb004f00d9365,RM_VECTOR,INCLUDING_OT,2305843009213693951,61,64,128,2,16,65536,64,1024,32,5,0,OK,measured,PASS,P0,included_in_pprf_key_setup_ms,included_in_expand_total_ms,included_in_expand_total_ms,included_in_expand_total_ms,included_in_expand_total_ms,53.448,53.448,105.783,C++ end-to-end harness exposes aggregate expand per party; finer subphase timers are recorded as included.
2026-07-23T09:15:27.276717+00:00,b33a10fa7851ba0c3a26bea531ffb004f00d9365,RM_VECTOR,INCLUDING_OT,2305843009213693951,61,64,128,2,16,65536,64,1024,32,5,0,OK,measured,PASS,P1,included_in_pprf_key_setup_ms,included_in_expand_total_ms,included_in_expand_total_ms,included_in_expand_total_ms,included_in_expand_total_ms,52.335,53.448,105.783,C++ end-to-end harness exposes aggregate expand per party; finer subphase timers are recorded as included.
2026-07-23T09:15:27.276725+00:00,b33a10fa7851ba0c3a26bea531ffb004f00d9365,RM_VECTOR,INCLUDING_OT,2305843009213693951,61,64,128,2,16,65536,64,1024,32,6,0,OK,measured,PASS,P0,included_in_pprf_key_setup_ms,included_in_expand_total_ms,included_in_expand_total_ms,included_in_expand_total_ms,included_in_expand_total_ms,53.149,53.149,105.46199999999999,C++ end-to-end harness exposes aggregate expand per party; finer subphase timers are recorded as included.
2026-07-23T09:15:27.276729+00:00,b33a10fa7851ba0c3a26bea531ffb004f00d9365,RM_VECTOR,INCLUDING_OT,2305843009213693951,61,64,128,2,16,65536,64,1024,32,6,0,OK,measured,PASS,P1,included_in_pprf_key_setup_ms,included_in_expand_total_ms,included_in_expand_total_ms,included_in_expand_total_ms,included_in_expand_total_ms,52.312999999999995,53.149,105.46199999999999,C++ end-to-end harness exposes aggregate expand per party; finer subphase timers are recorded as included.
2026-07-23T09:15:27.276735+00:00,b33a10fa7851ba0c3a26bea531ffb004f00d9365,RM_VECTOR,INCLUDING_OT,2305843009213693951,61,64,128,2,16,65536,64,1024,32,7,0,OK,measured,PASS,P0,included_in_pprf_key_setup_ms,included_in_expand_total_ms,included_in_expand_total_ms,included_in_expand_total_ms,included_in_expand_total_ms,52.92,52.92,104.974,C++ end-to-end harness exposes aggregate expand per party; finer subphase timers are recorded as included.
2026-07-23T09:15:27.276742+00:00,b33a10fa7851ba0c3a26bea531ffb004f00d9365,RM_VECTOR,INCLUDING_OT,2305843009213693951,61,64,128,2,16,65536,64,1024,32,7,0,OK,measured,PASS,P1,included_in_pprf_key_setup_ms,included_in_expand_total_ms,included_in_expand_total_ms,included_in_expand_total_ms,included_in_expand_total_ms,52.054,52.92,104.974,C++ end-to-end harness exposes aggregate expand per party; finer subphase timers are recorded as included.
2026-07-23T09:15:27.276749+00:00,b33a10fa7851ba0c3a26bea531ffb004f00d9365,RM_VECTOR,INCLUDING_OT,2305843009213693951,61,64,128,2,16,65536,64,1024,32,8,0,OK,measured,PASS,P0,included_in_pprf_key_setup_ms,included_in_expand_total_ms,included_in_expand_total_ms,included_in_expand_total_ms,included_in_expand_total_ms,52.951,52.951,105.219,C++ end-to-end harness exposes aggregate expand per party; finer subphase timers are recorded as included.
2026-07-23T09:15:27.276754+00:00,b33a10fa7851ba0c3a26bea531ffb004f00d9365,RM_VECTOR,INCLUDING_OT,2305843009213693951,61,64,128,2,16,65536,64,1024,32,8,0,OK,measured,PASS,P1,included_in_pprf_key_setup_ms,included_in_expand_total_ms,included_in_expand_total_ms,included_in_expand_total_ms,included_in_expand_total_ms,52.268,52.951,105.219,C++ end-to-end harness exposes aggregate expand per party; finer subphase timers are recorded as included.
2026-07-23T09:15:27.276760+00:00,b33a10fa7851ba0c3a26bea531ffb004f00d9365,RM_VECTOR,INCLUDING_OT,2305843009213693951,61,64,128,2,16,65536,64,1024,32,9,0,OK,measured,PASS,P0,included_in_pprf_key_setup_ms,included_in_expand_total_ms,included_in_expand_total_ms,included_in_expand_total_ms,included_in_expand_total_ms,52.913000000000004,52.913000000000004,104.92699999999999,C++ end-to-end harness exposes aggregate expand per party; finer subphase timers are recorded as included.
2026-07-23T09:15:27.276767+00:00,b33a10fa7851ba0c3a26bea531ffb004f00d9365,RM_VECTOR,INCLUDING_OT,2305843009213693951,61,64,128,2,16,65536,64,1024,32,9,0,OK,measured,PASS,P1,included_in_pprf_key_setup_ms,included_in_expand_total_ms,included_in_expand_total_ms,included_in_expand_total_ms,included_in_expand_total_ms,52.013999999999996,52.913000000000004,104.92699999999999,C++ end-to-end harness exposes aggregate expand per party; finer subphase timers are recorded as included.
2026-07-23T09:15:27.276772+00:00,b33a10fa7851ba0c3a26bea531ffb004f00d9365,RM_COORD,INCLUDING_OT,2305843009213693951,61,64,128,2,16,65536,64,1024,32,-1,1,OK,measured,PASS,P0,included_in_pprf_key_setup_ms,included_in_expand_total_ms,included_in_expand_total_ms,included_in_expand_total_ms,included_in_expand_total_ms,71.51100000000001,71.51100000000001,140.11,C++ end-to-end harness exposes aggregate expand per party; finer subphase timers are recorded as included.
2026-07-23T09:15:27.276777+00:00,b33a10fa7851ba0c3a26bea531ffb004f00d9365,RM_COORD,INCLUDING_OT,2305843009213693951,61,64,128,2,16,65536,64,1024,32,-1,1,OK,measured,PASS,P1,included_in_pprf_key_setup_ms,included_in_expand_total_ms,included_in_expand_total_ms,included_in_expand_total_ms,included_in_expand_total_ms,68.59899999999999,71.51100000000001,140.11,C++ end-to-end harness exposes aggregate expand per party; finer subphase timers are recorded as included.
2026-07-23T09:15:27.276783+00:00,b33a10fa7851ba0c3a26bea531ffb004f00d9365,RM_COORD,INCLUDING_OT,2305843009213693951,61,64,128,2,16,65536,64,1024,32,0,0,OK,measured,PASS,P0,included_in_pprf_key_setup_ms,included_in_expand_total_ms,included_in_expand_total_ms,included_in_expand_total_ms,included_in_expand_total_ms,72.213,72.213,141.474,C++ end-to-end harness exposes aggregate expand per party; finer subphase timers are recorded as included.
2026-07-23T09:15:27.276793+00:00,b33a10fa7851ba0c3a26bea531ffb004f00d9365,RM_COORD,INCLUDING_OT,2305843009213693951,61,64,128,2,16,65536,64,1024,32,0,0,OK,measured,PASS,P1,included_in_pprf_key_setup_ms,included_in_expand_total_ms,included_in_expand_total_ms,included_in_expand_total_ms,included_in_expand_total_ms,69.26100000000001,72.213,141.474,C++ end-to-end harness exposes aggregate expand per party; finer subphase timers are recorded as included.
2026-07-23T09:15:27.276799+00:00,b33a10fa7851ba0c3a26bea531ffb004f00d9365,RM_COORD,INCLUDING_OT,2305843009213693951,61,64,128,2,16,65536,64,1024,32,1,0,OK,measured,PASS,P0,included_in_pprf_key_setup_ms,included_in_expand_total_ms,included_in_expand_total_ms,included_in_expand_total_ms,included_in_expand_total_ms,71.87100000000001,71.87100000000001,141.52300000000002,C++ end-to-end harness exposes aggregate expand per party; finer subphase timers are recorded as included.
2026-07-23T09:15:27.276803+00:00,b33a10fa7851ba0c3a26bea531ffb004f00d9365,RM_COORD,INCLUDING_OT,2305843009213693951,61,64,128,2,16,65536,64,1024,32,1,0,OK,measured,PASS,P1,included_in_pprf_key_setup_ms,included_in_expand_total_ms,included_in_expand_total_ms,included_in_expand_total_ms,included_in_expand_total_ms,69.652,71.87100000000001,141.52300000000002,C++ end-to-end harness exposes aggregate expand per party; finer subphase timers are recorded as included.
2026-07-23T09:15:27.276813+00:00,b33a10fa7851ba0c3a26bea531ffb004f00d9365,RM_COORD,INCLUDING_OT,2305843009213693951,61,64,128,2,16,65536,64,1024,32,2,0,OK,measured,PASS,P0,included_in_pprf_key_setup_ms,included_in_expand_total_ms,included_in_expand_total_ms,included_in_expand_total_ms,included_in_expand_total_ms,71.23400000000001,71.23400000000001,140.21800000000002,C++ end-to-end harness exposes aggregate expand per party; finer subphase timers are recorded as included.
2026-07-23T09:15:27.276818+00:00,b33a10fa7851ba0c3a26bea531ffb004f00d9365,RM_COORD,INCLUDING_OT,2305843009213693951,61,64,128,2,16,65536,64,1024,32,2,0,OK,measured,PASS,P1,included_in_pprf_key_setup_ms,included_in_expand_total_ms,included_in_expand_total_ms,included_in_expand_total_ms,included_in_expand_total_ms,68.98400000000001,71.23400000000001,140.21800000000002,C++ end-to-end harness exposes aggregate expand per party; finer subphase timers are recorded as included.
2026-07-23T09:15:27.276823+00:00,b33a10fa7851ba0c3a26bea531ffb004f00d9365,RM_COORD,INCLUDING_OT,2305843009213693951,61,64,128,2,16,65536,64,1024,32,3,0,OK,measured,PASS,P0,included_in_pprf_key_setup_ms,included_in_expand_total_ms,included_in_expand_total_ms,included_in_expand_total_ms,included_in_expand_total_ms,71.665,71.665,140.645,C++ end-to-end harness exposes aggregate expand per party; finer subphase timers are recorded as included.
2026-07-23T09:15:27.276828+00:00,b33a10fa7851ba0c3a26bea531ffb004f00d9365,RM_COORD,INCLUDING_OT,2305843009213693951,61,64,128,2,16,65536,64,1024,32,3,0,OK,measured,PASS,P1,included_in_pprf_key_setup_ms,included_in_expand_total_ms,included_in_expand_total_ms,included_in_expand_total_ms,included_in_expand_total_ms,68.98,71.665,140.645,C++ end-to-end harness exposes aggregate expand per party; finer subphase timers are recorded as included.
2026-07-23T09:15:27.276836+00:00,b33a10fa7851ba0c3a26bea531ffb004f00d9365,RM_COORD,INCLUDING_OT,2305843009213693951,61,64,128,2,16,65536,64,1024,32,4,0,OK,measured,PASS,P0,included_in_pprf_key_setup_ms,included_in_expand_total_ms,included_in_expand_total_ms,included_in_expand_total_ms,included_in_expand_total_ms,71.795,71.795,140.62900000000002,C++ end-to-end harness exposes aggregate expand per party; finer subphase timers are recorded as included.
2026-07-23T09:15:27.276841+00:00,b33a10fa7851ba0c3a26bea531ffb004f00d9365,RM_COORD,INCLUDING_OT,2305843009213693951,61,64,128,2,16,65536,64,1024,32,4,0,OK,measured,PASS,P1,included_in_pprf_key_setup_ms,included_in_expand_total_ms,included_in_expand_total_ms,included_in_expand_total_ms,included_in_expand_total_ms,68.834,71.795,140.62900000000002,C++ end-to-end harness exposes aggregate expand per party; finer subphase timers are recorded as included.
2026-07-23T09:15:27.276847+00:00,b33a10fa7851ba0c3a26bea531ffb004f00d9365,RM_COORD,INCLUDING_OT,2305843009213693951,61,64,128,2,16,65536,64,1024,32,5,0,OK,measured,PASS,P0,included_in_pprf_key_setup_ms,included_in_expand_total_ms,included_in_expand_total_ms,included_in_expand_total_ms,included_in_expand_total_ms,71.42800000000001,71.42800000000001,139.964,C++ end-to-end harness exposes aggregate expand per party; finer subphase timers are recorded as included.
2026-07-23T09:15:27.276852+00:00,b33a10fa7851ba0c3a26bea531ffb004f00d9365,RM_COORD,INCLUDING_OT,2305843009213693951,61,64,128,2,16,65536,64,1024,32,5,0,OK,measured,PASS,P1,included_in_pprf_key_setup_ms,included_in_expand_total_ms,included_in_expand_total_ms,included_in_expand_total_ms,included_in_expand_total_ms,68.536,71.42800000000001,139.964,C++ end-to-end harness exposes aggregate expand per party; finer subphase timers are recorded as included.
2026-07-23T09:15:27.276860+00:00,b33a10fa7851ba0c3a26bea531ffb004f00d9365,RM_COORD,INCLUDING_OT,2305843009213693951,61,64,128,2,16,65536,64,1024,32,6,0,OK,measured,PASS,P0,included_in_pprf_key_setup_ms,included_in_expand_total_ms,included_in_expand_total_ms,included_in_expand_total_ms,included_in_expand_total_ms,71.73,71.73,140.567,C++ end-to-end harness exposes aggregate expand per party; finer subphase timers are recorded as included.
2026-07-23T09:15:27.276865+00:00,b33a10fa7851ba0c3a26bea531ffb004f00d9365,RM_COORD,INCLUDING_OT,2305843009213693951,61,64,128,2,16,65536,64,1024,32,6,0,OK,measured,PASS,P1,included_in_pprf_key_setup_ms,included_in_expand_total_ms,included_in_expand_total_ms,included_in_expand_total_ms,included_in_expand_total_ms,68.83699999999999,71.73,140.567,C++ end-to-end harness exposes aggregate expand per party; finer subphase timers are recorded as included.
2026-07-23T09:15:27.276871+00:00,b33a10fa7851ba0c3a26bea531ffb004f00d9365,RM_COORD,INCLUDING_OT,2305843009213693951,61,64,128,2,16,65536,64,1024,32,7,0,OK,measured,PASS,P0,included_in_pprf_key_setup_ms,included_in_expand_total_ms,included_in_expand_total_ms,included_in_expand_total_ms,included_in_expand_total_ms,71.30300000000001,71.30300000000001,139.769,C++ end-to-end harness exposes aggregate expand per party; finer subphase timers are recorded as included.
2026-07-23T09:15:27.276878+00:00,b33a10fa7851ba0c3a26bea531ffb004f00d9365,RM_COORD,INCLUDING_OT,2305843009213693951,61,64,128,2,16,65536,64,1024,32,7,0,OK,measured,PASS,P1,included_in_pprf_key_setup_ms,included_in_expand_total_ms,included_in_expand_total_ms,included_in_expand_total_ms,included_in_expand_total_ms,68.466,71.30300000000001,139.769,C++ end-to-end harness exposes aggregate expand per party; finer subphase timers are recorded as included.
2026-07-23T09:15:27.276885+00:00,b33a10fa7851ba0c3a26bea531ffb004f00d9365,RM_COORD,INCLUDING_OT,2305843009213693951,61,64,128,2,16,65536,64,1024,32,8,0,OK,measured,PASS,P0,included_in_pprf_key_setup_ms,included_in_expand_total_ms,included_in_expand_total_ms,included_in_expand_total_ms,included_in_expand_total_ms,71.73599999999999,71.73599999999999,140.53699999999998,C++ end-to-end harness exposes aggregate expand per party; finer subphase timers are recorded as included.
2026-07-23T09:15:27.276890+00:00,b33a10fa7851ba0c3a26bea531ffb004f00d9365,RM_COORD,INCLUDING_OT,2305843009213693951,61,64,128,2,16,65536,64,1024,32,8,0,OK,measured,PASS,P1,included_in_pprf_key_setup_ms,included_in_expand_total_ms,included_in_expand_total_ms,included_in_expand_total_ms,included_in_expand_total_ms,68.801,71.73599999999999,140.53699999999998,C++ end-to-end harness exposes aggregate expand per party; finer subphase timers are recorded as included.
2026-07-23T09:15:27.276895+00:00,b33a10fa7851ba0c3a26bea531ffb004f00d9365,RM_COORD,INCLUDING_OT,2305843009213693951,61,64,128,2,16,65536,64,1024,32,9,0,OK,measured,PASS,P0,included_in_pprf_key_setup_ms,included_in_expand_total_ms,included_in_expand_total_ms,included_in_expand_total_ms,included_in_expand_total_ms,71.79599999999999,71.79599999999999,140.458,C++ end-to-end harness exposes aggregate expand per party; finer subphase timers are recorded as included.
2026-07-23T09:15:27.276902+00:00,b33a10fa7851ba0c3a26bea531ffb004f00d9365,RM_COORD,INCLUDING_OT,2305843009213693951,61,64,128,2,16,65536,64,1024,32,9,0,OK,measured,PASS,P1,included_in_pprf_key_setup_ms,included_in_expand_total_ms,included_in_expand_total_ms,included_in_expand_total_ms,included_in_expand_total_ms,68.662,71.79599999999999,140.458,C++ end-to-end harness exposes aggregate expand per party; finer subphase timers are recorded as included.
2026-07-23T09:15:27.276908+00:00,b33a10fa7851ba0c3a26bea531ffb004f00d9365,RM_VECTOR,INCLUDING_OT,2305843009213693951,61,64,128,2,18,262144,64,4096,8,-1,1,OK,measured,PASS,P0,included_in_pprf_key_setup_ms,included_in_expand_total_ms,included_in_expand_total_ms,included_in_expand_total_ms,included_in_expand_total_ms,70.45800000000001,70.45800000000001,135.727,C++ end-to-end harness exposes aggregate expand per party; finer subphase timers are recorded as included.
2026-07-23T09:15:27.276913+00:00,b33a10fa7851ba0c3a26bea531ffb004f00d9365,RM_VECTOR,INCLUDING_OT,2305843009213693951,61,64,128,2,18,262144,64,4096,8,-1,1,OK,measured,PASS,P1,included_in_pprf_key_setup_ms,included_in_expand_total_ms,included_in_expand_total_ms,included_in_expand_total_ms,included_in_expand_total_ms,65.26899999999999,70.45800000000001,135.727,C++ end-to-end harness exposes aggregate expand per party; finer subphase timers are recorded as included.
2026-07-23T09:15:27.276919+00:00,b33a10fa7851ba0c3a26bea531ffb004f00d9365,RM_VECTOR,INCLUDING_OT,2305843009213693951,61,64,128,2,18,262144,64,4096,8,0,0,OK,measured,PASS,P0,included_in_pprf_key_setup_ms,included_in_expand_total_ms,included_in_expand_total_ms,included_in_expand_total_ms,included_in_expand_total_ms,70.625,70.625,135.542,C++ end-to-end harness exposes aggregate expand per party; finer subphase timers are recorded as included.
2026-07-23T09:15:27.276927+00:00,b33a10fa7851ba0c3a26bea531ffb004f00d9365,RM_VECTOR,INCLUDING_OT,2305843009213693951,61,64,128,2,18,262144,64,4096,8,0,0,OK,measured,PASS,P1,included_in_pprf_key_setup_ms,included_in_expand_total_ms,included_in_expand_total_ms,included_in_expand_total_ms,included_in_expand_total_ms,64.917,70.625,135.542,C++ end-to-end harness exposes aggregate expand per party; finer subphase timers are recorded as included.
2026-07-23T09:15:27.276934+00:00,b33a10fa7851ba0c3a26bea531ffb004f00d9365,RM_VECTOR,INCLUDING_OT,2305843009213693951,61,64,128,2,18,262144,64,4096,8,1,0,OK,measured,PASS,P0,included_in_pprf_key_setup_ms,included_in_expand_total_ms,included_in_expand_total_ms,included_in_expand_total_ms,included_in_expand_total_ms,71.09100000000001,71.09100000000001,136.409,C++ end-to-end harness exposes aggregate expand per party; finer subphase timers are recorded as included.
2026-07-23T09:15:27.276940+00:00,b33a10fa7851ba0c3a26bea531ffb004f00d9365,RM_VECTOR,INCLUDING_OT,2305843009213693951,61,64,128,2,18,262144,64,4096,8,1,0,OK,measured,PASS,P1,included_in_pprf_key_setup_ms,included_in_expand_total_ms,included_in_expand_total_ms,included_in_expand_total_ms,included_in_expand_total_ms,65.318,71.09100000000001,136.409,C++ end-to-end harness exposes aggregate expand per party; finer subphase timers are recorded as included.
2026-07-23T09:15:27.276948+00:00,b33a10fa7851ba0c3a26bea531ffb004f00d9365,RM_VECTOR,INCLUDING_OT,2305843009213693951,61,64,128,2,18,262144,64,4096,8,2,0,OK,measured,PASS,P0,included_in_pprf_key_setup_ms,included_in_expand_total_ms,included_in_expand_total_ms,included_in_expand_total_ms,included_in_expand_total_ms,70.86,70.86,136.672,C++ end-to-end harness exposes aggregate expand per party; finer subphase timers are recorded as included.
2026-07-23T09:15:27.276953+00:00,b33a10fa7851ba0c3a26bea531ffb004f00d9365,RM_VECTOR,INCLUDING_OT,2305843009213693951,61,64,128,2,18,262144,64,4096,8,2,0,OK,measured,PASS,P1,included_in_pprf_key_setup_ms,included_in_expand_total_ms,included_in_expand_total_ms,included_in_expand_total_ms,included_in_expand_total_ms,65.812,70.86,136.672,C++ end-to-end harness exposes aggregate expand per party; finer subphase timers are recorded as included.
2026-07-23T09:15:27.276960+00:00,b33a10fa7851ba0c3a26bea531ffb004f00d9365,RM_VECTOR,INCLUDING_OT,2305843009213693951,61,64,128,2,18,262144,64,4096,8,3,0,OK,measured,PASS,P0,included_in_pprf_key_setup_ms,included_in_expand_total_ms,included_in_expand_total_ms,included_in_expand_total_ms,included_in_expand_total_ms,70.842,70.842,136.33499999999998,C++ end-to-end harness exposes aggregate expand per party; finer subphase timers are recorded as included.
2026-07-23T09:15:27.276964+00:00,b33a10fa7851ba0c3a26bea531ffb004f00d9365,RM_VECTOR,INCLUDING_OT,2305843009213693951,61,64,128,2,18,262144,64,4096,8,3,0,OK,measured,PASS,P1,included_in_pprf_key_setup_ms,included_in_expand_total_ms,included_in_expand_total_ms,included_in_expand_total_ms,included_in_expand_total_ms,65.493,70.842,136.33499999999998,C++ end-to-end harness exposes aggregate expand per party; finer subphase timers are recorded as included.
2026-07-23T09:15:27.276974+00:00,b33a10fa7851ba0c3a26bea531ffb004f00d9365,RM_VECTOR,INCLUDING_OT,2305843009213693951,61,64,128,2,18,262144,64,4096,8,4,0,OK,measured,PASS,P0,included_in_pprf_key_setup_ms,included_in_expand_total_ms,included_in_expand_total_ms,included_in_expand_total_ms,included_in_expand_total_ms,71.033,71.033,136.43,C++ end-to-end harness exposes aggregate expand per party; finer subphase timers are recorded as included.
2026-07-23T09:15:27.276981+00:00,b33a10fa7851ba0c3a26bea531ffb004f00d9365,RM_VECTOR,INCLUDING_OT,2305843009213693951,61,64,128,2,18,262144,64,4096,8,4,0,OK,measured,PASS,P1,included_in_pprf_key_setup_ms,included_in_expand_total_ms,included_in_expand_total_ms,included_in_expand_total_ms,included_in_expand_total_ms,65.39699999999999,71.033,136.43,C++ end-to-end harness exposes aggregate expand per party; finer subphase timers are recorded as included.
2026-07-23T09:15:27.276987+00:00,b33a10fa7851ba0c3a26bea531ffb004f00d9365,RM_VECTOR,INCLUDING_OT,2305843009213693951,61,64,128,2,18,262144,64,4096,8,5,0,OK,measured,PASS,P0,included_in_pprf_key_setup_ms,included_in_expand_total_ms,included_in_expand_total_ms,included_in_expand_total_ms,included_in_expand_total_ms,70.487,70.487,135.409,C++ end-to-end harness exposes aggregate expand per party; finer subphase timers are recorded as included.
2026-07-23T09:15:27.276992+00:00,b33a10fa7851ba0c3a26bea531ffb004f00d9365,RM_VECTOR,INCLUDING_OT,2305843009213693951,61,64,128,2,18,262144,64,4096,8,5,0,OK,measured,PASS,P1,included_in_pprf_key_setup_ms,included_in_expand_total_ms,included_in_expand_total_ms,included_in_expand_total_ms,included_in_expand_total_ms,64.922,70.487,135.409,C++ end-to-end harness exposes aggregate expand per party; finer subphase timers are recorded as included.
2026-07-23T09:15:27.276998+00:00,b33a10fa7851ba0c3a26bea531ffb004f00d9365,RM_VECTOR,INCLUDING_OT,2305843009213693951,61,64,128,2,18,262144,64,4096,8,6,0,OK,measured,PASS,P0,included_in_pprf_key_setup_ms,included_in_expand_total_ms,included_in_expand_total_ms,included_in_expand_total_ms,included_in_expand_total_ms,70.241,70.241,135.712,C++ end-to-end harness exposes aggregate expand per party; finer subphase timers are recorded as included.
2026-07-23T09:15:27.277002+00:00,b33a10fa7851ba0c3a26bea531ffb004f00d9365,RM_VECTOR,INCLUDING_OT,2305843009213693951,61,64,128,2,18,262144,64,4096,8,6,0,OK,measured,PASS,P1,included_in_pprf_key_setup_ms,included_in_expand_total_ms,included_in_expand_total_ms,included_in_expand_total_ms,included_in_expand_total_ms,65.471,70.241,135.712,C++ end-to-end harness exposes aggregate expand per party; finer subphase timers are recorded as included.
2026-07-23T09:15:27.277021+00:00,b33a10fa7851ba0c3a26bea531ffb004f00d9365,RM_VECTOR,INCLUDING_OT,2305843009213693951,61,64,128,2,18,262144,64,4096,8,7,0,OK,measured,PASS,P0,included_in_pprf_key_setup_ms,included_in_expand_total_ms,included_in_expand_total_ms,included_in_expand_total_ms,included_in_expand_total_ms,70.56700000000001,70.56700000000001,135.654,C++ end-to-end harness exposes aggregate expand per party; finer subphase timers are recorded as included.
2026-07-23T09:15:27.277027+00:00,b33a10fa7851ba0c3a26bea531ffb004f00d9365,RM_VECTOR,INCLUDING_OT,2305843009213693951,61,64,128,2,18,262144,64,4096,8,7,0,OK,measured,PASS,P1,included_in_pprf_key_setup_ms,included_in_expand_total_ms,included_in_expand_total_ms,included_in_expand_total_ms,included_in_expand_total_ms,65.087,70.56700000000001,135.654,C++ end-to-end harness exposes aggregate expand per party; finer subphase timers are recorded as included.
2026-07-23T09:15:27.277034+00:00,b33a10fa7851ba0c3a26bea531ffb004f00d9365,RM_VECTOR,INCLUDING_OT,2305843009213693951,61,64,128,2,18,262144,64,4096,8,8,0,OK,measured,PASS,P0,included_in_pprf_key_setup_ms,included_in_expand_total_ms,included_in_expand_total_ms,included_in_expand_total_ms,included_in_expand_total_ms,70.91300000000001,70.91300000000001,136.666,C++ end-to-end harness exposes aggregate expand per party; finer subphase timers are recorded as included.
2026-07-23T09:15:27.277040+00:00,b33a10fa7851ba0c3a26bea531ffb004f00d9365,RM_VECTOR,INCLUDING_OT,2305843009213693951,61,64,128,2,18,262144,64,4096,8,8,0,OK,measured,PASS,P1,included_in_pprf_key_setup_ms,included_in_expand_total_ms,included_in_expand_total_ms,included_in_expand_total_ms,included_in_expand_total_ms,65.753,70.91300000000001,136.666,C++ end-to-end harness exposes aggregate expand per party; finer subphase timers are recorded as included.
2026-07-23T09:15:27.277048+00:00,b33a10fa7851ba0c3a26bea531ffb004f00d9365,RM_VECTOR,INCLUDING_OT,2305843009213693951,61,64,128,2,18,262144,64,4096,8,9,0,OK,measured,PASS,P0,included_in_pprf_key_setup_ms,included_in_expand_total_ms,included_in_expand_total_ms,included_in_expand_total_ms,included_in_expand_total_ms,70.833,70.833,136.449,C++ end-to-end harness exposes aggregate expand per party; finer subphase timers are recorded as included.
2026-07-23T09:15:27.277053+00:00,b33a10fa7851ba0c3a26bea531ffb004f00d9365,RM_VECTOR,INCLUDING_OT,2305843009213693951,61,64,128,2,18,262144,64,4096,8,9,0,OK,measured,PASS,P1,included_in_pprf_key_setup_ms,included_in_expand_total_ms,included_in_expand_total_ms,included_in_expand_total_ms,included_in_expand_total_ms,65.616,70.833,136.449,C++ end-to-end harness exposes aggregate expand per party; finer subphase timers are recorded as included.
2026-07-23T09:15:27.277060+00:00,b33a10fa7851ba0c3a26bea531ffb004f00d9365,RM_COORD,INCLUDING_OT,2305843009213693951,61,64,128,2,18,262144,64,4096,8,-1,1,OK,measured,PASS,P0,included_in_pprf_key_setup_ms,included_in_expand_total_ms,included_in_expand_total_ms,included_in_expand_total_ms,included_in_expand_total_ms,78.526,78.526,152.93900000000002,C++ end-to-end harness exposes aggregate expand per party; finer subphase timers are recorded as included.
2026-07-23T09:15:27.277067+00:00,b33a10fa7851ba0c3a26bea531ffb004f00d9365,RM_COORD,INCLUDING_OT,2305843009213693951,61,64,128,2,18,262144,64,4096,8,-1,1,OK,measured,PASS,P1,included_in_pprf_key_setup_ms,included_in_expand_total_ms,included_in_expand_total_ms,included_in_expand_total_ms,included_in_expand_total_ms,74.41300000000001,78.526,152.93900000000002,C++ end-to-end harness exposes aggregate expand per party; finer subphase timers are recorded as included.
2026-07-23T09:15:27.277073+00:00,b33a10fa7851ba0c3a26bea531ffb004f00d9365,RM_COORD,INCLUDING_OT,2305843009213693951,61,64,128,2,18,262144,64,4096,8,0,0,OK,measured,PASS,P0,included_in_pprf_key_setup_ms,included_in_expand_total_ms,included_in_expand_total_ms,included_in_expand_total_ms,included_in_expand_total_ms,78.459,78.459,152.36700000000002,C++ end-to-end harness exposes aggregate expand per party; finer subphase timers are recorded as included.
2026-07-23T09:15:27.277078+00:00,b33a10fa7851ba0c3a26bea531ffb004f00d9365,RM_COORD,INCLUDING_OT,2305843009213693951,61,64,128,2,18,262144,64,4096,8,0,0,OK,measured,PASS,P1,included_in_pprf_key_setup_ms,included_in_expand_total_ms,included_in_expand_total_ms,included_in_expand_total_ms,included_in_expand_total_ms,73.908,78.459,152.36700000000002,C++ end-to-end harness exposes aggregate expand per party; finer subphase timers are recorded as included.
2026-07-23T09:15:27.277084+00:00,b33a10fa7851ba0c3a26bea531ffb004f00d9365,RM_COORD,INCLUDING_OT,2305843009213693951,61,64,128,2,18,262144,64,4096,8,1,0,OK,measured,PASS,P0,included_in_pprf_key_setup_ms,included_in_expand_total_ms,included_in_expand_total_ms,included_in_expand_total_ms,included_in_expand_total_ms,78.988,78.988,153.267,C++ end-to-end harness exposes aggregate expand per party; finer subphase timers are recorded as included.
2026-07-23T09:15:27.277091+00:00,b33a10fa7851ba0c3a26bea531ffb004f00d9365,RM_COORD,INCLUDING_OT,2305843009213693951,61,64,128,2,18,262144,64,4096,8,1,0,OK,measured,PASS,P1,included_in_pprf_key_setup_ms,included_in_expand_total_ms,included_in_expand_total_ms,included_in_expand_total_ms,included_in_expand_total_ms,74.279,78.988,153.267,C++ end-to-end harness exposes aggregate expand per party; finer subphase timers are recorded as included.
2026-07-23T09:15:27.277097+00:00,b33a10fa7851ba0c3a26bea531ffb004f00d9365,RM_COORD,INCLUDING_OT,2305843009213693951,61,64,128,2,18,262144,64,4096,8,2,0,OK,measured,PASS,P0,included_in_pprf_key_setup_ms,included_in_expand_total_ms,included_in_expand_total_ms,included_in_expand_total_ms,included_in_expand_total_ms,78.604,78.604,152.52800000000002,C++ end-to-end harness exposes aggregate expand per party; finer subphase timers are recorded as included.
2026-07-23T09:15:27.277102+00:00,b33a10fa7851ba0c3a26bea531ffb004f00d9365,RM_COORD,INCLUDING_OT,2305843009213693951,61,64,128,2,18,262144,64,4096,8,2,0,OK,measured,PASS,P1,included_in_pprf_key_setup_ms,included_in_expand_total_ms,included_in_expand_total_ms,included_in_expand_total_ms,included_in_expand_total_ms,73.924,78.604,152.52800000000002,C++ end-to-end harness exposes aggregate expand per party; finer subphase timers are recorded as included.
2026-07-23T09:15:27.277110+00:00,b33a10fa7851ba0c3a26bea531ffb004f00d9365,RM_COORD,INCLUDING_OT,2305843009213693951,61,64,128,2,18,262144,64,4096,8,3,0,OK,measured,PASS,P0,included_in_pprf_key_setup_ms,included_in_expand_total_ms,included_in_expand_total_ms,included_in_expand_total_ms,included_in_expand_total_ms,78.503,78.503,152.305,C++ end-to-end harness exposes aggregate expand per party; finer subphase timers are recorded as included.
2026-07-23T09:15:27.277115+00:00,b33a10fa7851ba0c3a26bea531ffb004f00d9365,RM_COORD,INCLUDING_OT,2305843009213693951,61,64,128,2,18,262144,64,4096,8,3,0,OK,measured,PASS,P1,included_in_pprf_key_setup_ms,included_in_expand_total_ms,included_in_expand_total_ms,included_in_expand_total_ms,included_in_expand_total_ms,73.802,78.503,152.305,C++ end-to-end harness exposes aggregate expand per party; finer subphase timers are recorded as included.
2026-07-23T09:15:27.277122+00:00,b33a10fa7851ba0c3a26bea531ffb004f00d9365,RM_COORD,INCLUDING_OT,2305843009213693951,61,64,128,2,18,262144,64,4096,8,4,0,OK,measured,PASS,P0,included_in_pprf_key_setup_ms,included_in_expand_total_ms,included_in_expand_total_ms,included_in_expand_total_ms,included_in_expand_total_ms,79.651,79.651,154.161,C++ end-to-end harness exposes aggregate expand per party; finer subphase timers are recorded as included.
2026-07-23T09:15:27.277127+00:00,b33a10fa7851ba0c3a26bea531ffb004f00d9365,RM_COORD,INCLUDING_OT,2305843009213693951,61,64,128,2,18,262144,64,4096,8,4,0,OK,measured,PASS,P1,included_in_pprf_key_setup_ms,included_in_expand_total_ms,included_in_expand_total_ms,included_in_expand_total_ms,included_in_expand_total_ms,74.51,79.651,154.161,C++ end-to-end harness exposes aggregate expand per party; finer subphase timers are recorded as included.
2026-07-23T09:15:27.277135+00:00,b33a10fa7851ba0c3a26bea531ffb004f00d9365,RM_COORD,INCLUDING_OT,2305843009213693951,61,64,128,2,18,262144,64,4096,8,5,0,OK,measured,PASS,P0,included_in_pprf_key_setup_ms,included_in_expand_total_ms,included_in_expand_total_ms,included_in_expand_total_ms,included_in_expand_total_ms,79.046,79.046,153.791,C++ end-to-end harness exposes aggregate expand per party; finer subphase timers are recorded as included.
2026-07-23T09:15:27.277140+00:00,b33a10fa7851ba0c3a26bea531ffb004f00d9365,RM_COORD,INCLUDING_OT,2305843009213693951,61,64,128,2,18,262144,64,4096,8,5,0,OK,measured,PASS,P1,included_in_pprf_key_setup_ms,included_in_expand_total_ms,included_in_expand_total_ms,included_in_expand_total_ms,included_in_expand_total_ms,74.745,79.046,153.791,C++ end-to-end harness exposes aggregate expand per party; finer subphase timers are recorded as included.
2026-07-23T09:15:27.277145+00:00,b33a10fa7851ba0c3a26bea531ffb004f00d9365,RM_COORD,INCLUDING_OT,2305843009213693951,61,64,128,2,18,262144,64,4096,8,6,0,OK,measured,PASS,P0,included_in_pprf_key_setup_ms,included_in_expand_total_ms,included_in_expand_total_ms,included_in_expand_total_ms,included_in_expand_total_ms,78.491,78.491,152.275,C++ end-to-end harness exposes aggregate expand per party; finer subphase timers are recorded as included.
2026-07-23T09:15:27.277150+00:00,b33a10fa7851ba0c3a26bea531ffb004f00d9365,RM_COORD,INCLUDING_OT,2305843009213693951,61,64,128,2,18,262144,64,4096,8,6,0,OK,measured,PASS,P1,included_in_pprf_key_setup_ms,included_in_expand_total_ms,included_in_expand_total_ms,included_in_expand_total_ms,included_in_expand_total_ms,73.784,78.491,152.275,C++ end-to-end harness exposes aggregate expand per party; finer subphase timers are recorded as included.
2026-07-23T09:15:27.277158+00:00,b33a10fa7851ba0c3a26bea531ffb004f00d9365,RM_COORD,INCLUDING_OT,2305843009213693951,61,64,128,2,18,262144,64,4096,8,7,0,OK,measured,PASS,P0,included_in_pprf_key_setup_ms,included_in_expand_total_ms,included_in_expand_total_ms,included_in_expand_total_ms,included_in_expand_total_ms,78.685,78.685,152.443,C++ end-to-end harness exposes aggregate expand per party; finer subphase timers are recorded as included.
2026-07-23T09:15:27.277163+00:00,b33a10fa7851ba0c3a26bea531ffb004f00d9365,RM_COORD,INCLUDING_OT,2305843009213693951,61,64,128,2,18,262144,64,4096,8,7,0,OK,measured,PASS,P1,included_in_pprf_key_setup_ms,included_in_expand_total_ms,included_in_expand_total_ms,included_in_expand_total_ms,included_in_expand_total_ms,73.75800000000001,78.685,152.443,C++ end-to-end harness exposes aggregate expand per party; finer subphase timers are recorded as included.
2026-07-23T09:15:27.277169+00:00,b33a10fa7851ba0c3a26bea531ffb004f00d9365,RM_COORD,INCLUDING_OT,2305843009213693951,61,64,128,2,18,262144,64,4096,8,8,0,OK,measured,PASS,P0,included_in_pprf_key_setup_ms,included_in_expand_total_ms,included_in_expand_total_ms,included_in_expand_total_ms,included_in_expand_total_ms,78.618,78.618,152.216,C++ end-to-end harness exposes aggregate expand per party; finer subphase timers are recorded as included.
2026-07-23T09:15:27.277176+00:00,b33a10fa7851ba0c3a26bea531ffb004f00d9365,RM_COORD,INCLUDING_OT,2305843009213693951,61,64,128,2,18,262144,64,4096,8,8,0,OK,measured,PASS,P1,included_in_pprf_key_setup_ms,included_in_expand_total_ms,included_in_expand_total_ms,included_in_expand_total_ms,included_in_expand_total_ms,73.598,78.618,152.216,C++ end-to-end harness exposes aggregate expand per party; finer subphase timers are recorded as included.
2026-07-23T09:15:27.277182+00:00,b33a10fa7851ba0c3a26bea531ffb004f00d9365,RM_COORD,INCLUDING_OT,2305843009213693951,61,64,128,2,18,262144,64,4096,8,9,0,OK,measured,PASS,P0,included_in_pprf_key_setup_ms,included_in_expand_total_ms,included_in_expand_total_ms,included_in_expand_total_ms,included_in_expand_total_ms,78.669,78.669,152.875,C++ end-to-end harness exposes aggregate expand per party; finer subphase timers are recorded as included.
2026-07-23T09:15:27.277187+00:00,b33a10fa7851ba0c3a26bea531ffb004f00d9365,RM_COORD,INCLUDING_OT,2305843009213693951,61,64,128,2,18,262144,64,4096,8,9,0,OK,measured,PASS,P1,included_in_pprf_key_setup_ms,included_in_expand_total_ms,included_in_expand_total_ms,included_in_expand_total_ms,included_in_expand_total_ms,74.20599999999999,78.669,152.875,C++ end-to-end harness exposes aggregate expand per party; finer subphase timers are recorded as included.
2026-07-23T09:15:27.277197+00:00,b33a10fa7851ba0c3a26bea531ffb004f00d9365,RM_VECTOR,INCLUDING_OT,2305843009213693951,61,64,128,2,18,262144,64,4096,16,-1,1,OK,measured,PASS,P0,included_in_pprf_key_setup_ms,included_in_expand_total_ms,included_in_expand_total_ms,included_in_expand_total_ms,included_in_expand_total_ms,150.76600000000002,150.76600000000002,295.48400000000004,C++ end-to-end harness exposes aggregate expand per party; finer subphase timers are recorded as included.
2026-07-23T09:15:27.277205+00:00,b33a10fa7851ba0c3a26bea531ffb004f00d9365,RM_VECTOR,INCLUDING_OT,2305843009213693951,61,64,128,2,18,262144,64,4096,16,-1,1,OK,measured,PASS,P1,included_in_pprf_key_setup_ms,included_in_expand_total_ms,included_in_expand_total_ms,included_in_expand_total_ms,included_in_expand_total_ms,144.71800000000002,150.76600000000002,295.48400000000004,C++ end-to-end harness exposes aggregate expand per party; finer subphase timers are recorded as included.
2026-07-23T09:15:27.277212+00:00,b33a10fa7851ba0c3a26bea531ffb004f00d9365,RM_VECTOR,INCLUDING_OT,2305843009213693951,61,64,128,2,18,262144,64,4096,16,0,0,OK,measured,PASS,P0,included_in_pprf_key_setup_ms,included_in_expand_total_ms,included_in_expand_total_ms,included_in_expand_total_ms,included_in_expand_total_ms,150.307,150.307,295.254,C++ end-to-end harness exposes aggregate expand per party; finer subphase timers are recorded as included.
2026-07-23T09:15:27.277218+00:00,b33a10fa7851ba0c3a26bea531ffb004f00d9365,RM_VECTOR,INCLUDING_OT,2305843009213693951,61,64,128,2,18,262144,64,4096,16,0,0,OK,measured,PASS,P1,included_in_pprf_key_setup_ms,included_in_expand_total_ms,included_in_expand_total_ms,included_in_expand_total_ms,included_in_expand_total_ms,144.947,150.307,295.254,C++ end-to-end harness exposes aggregate expand per party; finer subphase timers are recorded as included.
2026-07-23T09:15:27.277224+00:00,b33a10fa7851ba0c3a26bea531ffb004f00d9365,RM_VECTOR,INCLUDING_OT,2305843009213693951,61,64,128,2,18,262144,64,4096,16,1,0,OK,measured,PASS,P0,included_in_pprf_key_setup_ms,included_in_expand_total_ms,included_in_expand_total_ms,included_in_expand_total_ms,included_in_expand_total_ms,149.778,149.778,293.682,C++ end-to-end harness exposes aggregate expand per party; finer subphase timers are recorded as included.
2026-07-23T09:15:27.277231+00:00,b33a10fa7851ba0c3a26bea531ffb004f00d9365,RM_VECTOR,INCLUDING_OT,2305843009213693951,61,64,128,2,18,262144,64,4096,16,1,0,OK,measured,PASS,P1,included_in_pprf_key_setup_ms,included_in_expand_total_ms,included_in_expand_total_ms,included_in_expand_total_ms,included_in_expand_total_ms,143.904,149.778,293.682,C++ end-to-end harness exposes aggregate expand per party; finer subphase timers are recorded as included.
2026-07-23T09:15:27.277237+00:00,b33a10fa7851ba0c3a26bea531ffb004f00d9365,RM_VECTOR,INCLUDING_OT,2305843009213693951,61,64,128,2,18,262144,64,4096,16,2,0,OK,measured,PASS,P0,included_in_pprf_key_setup_ms,included_in_expand_total_ms,included_in_expand_total_ms,included_in_expand_total_ms,included_in_expand_total_ms,150.161,150.161,294.078,C++ end-to-end harness exposes aggregate expand per party; finer subphase timers are recorded as included.
2026-07-23T09:15:27.277242+00:00,b33a10fa7851ba0c3a26bea531ffb004f00d9365,RM_VECTOR,INCLUDING_OT,2305843009213693951,61,64,128,2,18,262144,64,4096,16,2,0,OK,measured,PASS,P1,included_in_pprf_key_setup_ms,included_in_expand_total_ms,included_in_expand_total_ms,included_in_expand_total_ms,included_in_expand_total_ms,143.917,150.161,294.078,C++ end-to-end harness exposes aggregate expand per party; finer subphase timers are recorded as included.
2026-07-23T09:15:27.277249+00:00,b33a10fa7851ba0c3a26bea531ffb004f00d9365,RM_VECTOR,INCLUDING_OT,2305843009213693951,61,64,128,2,18,262144,64,4096,16,3,0,OK,measured,PASS,P0,included_in_pprf_key_setup_ms,included_in_expand_total_ms,included_in_expand_total_ms,included_in_expand_total_ms,included_in_expand_total_ms,150.673,150.673,295.627,C++ end-to-end harness exposes aggregate expand per party; finer subphase timers are recorded as included.
2026-07-23T09:15:27.277256+00:00,b33a10fa7851ba0c3a26bea531ffb004f00d9365,RM_VECTOR,INCLUDING_OT,2305843009213693951,61,64,128,2,18,262144,64,4096,16,3,0,OK,measured,PASS,P1,included_in_pprf_key_setup_ms,included_in_expand_total_ms,included_in_expand_total_ms,included_in_expand_total_ms,included_in_expand_total_ms,144.954,150.673,295.627,C++ end-to-end harness exposes aggregate expand per party; finer subphase timers are recorded as included.
2026-07-23T09:15:27.277262+00:00,b33a10fa7851ba0c3a26bea531ffb004f00d9365,RM_VECTOR,INCLUDING_OT,2305843009213693951,61,64,128,2,18,262144,64,4096,16,4,0,OK,measured,PASS,P0,included_in_pprf_key_setup_ms,included_in_expand_total_ms,included_in_expand_total_ms,included_in_expand_total_ms,included_in_expand_total_ms,150.481,150.481,294.9,C++ end-to-end harness exposes aggregate expand per party; finer subphase timers are recorded as included.
2026-07-23T09:15:27.277266+00:00,b33a10fa7851ba0c3a26bea531ffb004f00d9365,RM_VECTOR,INCLUDING_OT,2305843009213693951,61,64,128,2,18,262144,64,4096,16,4,0,OK,measured,PASS,P1,included_in_pprf_key_setup_ms,included_in_expand_total_ms,included_in_expand_total_ms,included_in_expand_total_ms,included_in_expand_total_ms,144.41899999999998,150.481,294.9,C++ end-to-end harness exposes aggregate expand per party; finer subphase timers are recorded as included.
2026-07-23T09:15:27.277277+00:00,b33a10fa7851ba0c3a26bea531ffb004f00d9365,RM_VECTOR,INCLUDING_OT,2305843009213693951,61,64,128,2,18,262144,64,4096,16,5,0,OK,measured,PASS,P0,included_in_pprf_key_setup_ms,included_in_expand_total_ms,included_in_expand_total_ms,included_in_expand_total_ms,included_in_expand_total_ms,150.76999999999998,150.76999999999998,295.996,C++ end-to-end harness exposes aggregate expand per party; finer subphase timers are recorded as included.
2026-07-23T09:15:27.277282+00:00,b33a10fa7851ba0c3a26bea531ffb004f00d9365,RM_VECTOR,INCLUDING_OT,2305843009213693951,61,64,128,2,18,262144,64,4096,16,5,0,OK,measured,PASS,P1,included_in_pprf_key_setup_ms,included_in_expand_total_ms,included_in_expand_total_ms,included_in_expand_total_ms,included_in_expand_total_ms,145.226,150.76999999999998,295.996,C++ end-to-end harness exposes aggregate expand per party; finer subphase timers are recorded as included.
2026-07-23T09:15:27.277288+00:00,b33a10fa7851ba0c3a26bea531ffb004f00d9365,RM_VECTOR,INCLUDING_OT,2305843009213693951,61,64,128,2,18,262144,64,4096,16,6,0,OK,measured,PASS,P0,included_in_pprf_key_setup_ms,included_in_expand_total_ms,included_in_expand_total_ms,included_in_expand_total_ms,included_in_expand_total_ms,151.31300000000002,151.31300000000002,296.48400000000004,C++ end-to-end harness exposes aggregate expand per party; finer subphase timers are recorded as included.
2026-07-23T09:15:27.277293+00:00,b33a10fa7851ba0c3a26bea531ffb004f00d9365,RM_VECTOR,INCLUDING_OT,2305843009213693951,61,64,128,2,18,262144,64,4096,16,6,0,OK,measured,PASS,P1,included_in_pprf_key_setup_ms,included_in_expand_total_ms,included_in_expand_total_ms,included_in_expand_total_ms,included_in_expand_total_ms,145.171,151.31300000000002,296.48400000000004,C++ end-to-end harness exposes aggregate expand per party; finer subphase timers are recorded as included.
2026-07-23T09:15:27.277301+00:00,b33a10fa7851ba0c3a26bea531ffb004f00d9365,RM_VECTOR,INCLUDING_OT,2305843009213693951,61,64,128,2,18,262144,64,4096,16,7,0,OK,measured,PASS,P0,included_in_pprf_key_setup_ms,included_in_expand_total_ms,included_in_expand_total_ms,included_in_expand_total_ms,included_in_expand_total_ms,150.19,150.19,294.47299999999996,C++ end-to-end harness exposes aggregate expand per party; finer subphase timers are recorded as included.
2026-07-23T09:15:27.277306+00:00,b33a10fa7851ba0c3a26bea531ffb004f00d9365,RM_VECTOR,INCLUDING_OT,2305843009213693951,61,64,128,2,18,262144,64,4096,16,7,0,OK,measured,PASS,P1,included_in_pprf_key_setup_ms,included_in_expand_total_ms,included_in_expand_total_ms,included_in_expand_total_ms,included_in_expand_total_ms,144.283,150.19,294.47299999999996,C++ end-to-end harness exposes aggregate expand per party; finer subphase timers are recorded as included.
2026-07-23T09:15:27.277312+00:00,b33a10fa7851ba0c3a26bea531ffb004f00d9365,RM_VECTOR,INCLUDING_OT,2305843009213693951,61,64,128,2,18,262144,64,4096,16,8,0,OK,measured,PASS,P0,included_in_pprf_key_setup_ms,included_in_expand_total_ms,included_in_expand_total_ms,included_in_expand_total_ms,included_in_expand_total_ms,150.657,150.657,294.799,C++ end-to-end harness exposes aggregate expand per party; finer subphase timers are recorded as included.
2026-07-23T09:15:27.277318+00:00,b33a10fa7851ba0c3a26bea531ffb004f00d9365,RM_VECTOR,INCLUDING_OT,2305843009213693951,61,64,128,2,18,262144,64,4096,16,8,0,OK,measured,PASS,P1,included_in_pprf_key_setup_ms,included_in_expand_total_ms,included_in_expand_total_ms,included_in_expand_total_ms,included_in_expand_total_ms,144.142,150.657,294.799,C++ end-to-end harness exposes aggregate expand per party; finer subphase timers are recorded as included.
2026-07-23T09:15:27.277324+00:00,b33a10fa7851ba0c3a26bea531ffb004f00d9365,RM_VECTOR,INCLUDING_OT,2305843009213693951,61,64,128,2,18,262144,64,4096,16,9,0,OK,measured,PASS,P0,included_in_pprf_key_setup_ms,included_in_expand_total_ms,included_in_expand_total_ms,included_in_expand_total_ms,included_in_expand_total_ms,150.44299999999998,150.44299999999998,295.726,C++ end-to-end harness exposes aggregate expand per party; finer subphase timers are recorded as included.
2026-07-23T09:15:27.277329+00:00,b33a10fa7851ba0c3a26bea531ffb004f00d9365,RM_VECTOR,INCLUDING_OT,2305843009213693951,61,64,128,2,18,262144,64,4096,16,9,0,OK,measured,PASS,P1,included_in_pprf_key_setup_ms,included_in_expand_total_ms,included_in_expand_total_ms,included_in_expand_total_ms,included_in_expand_total_ms,145.283,150.44299999999998,295.726,C++ end-to-end harness exposes aggregate expand per party; finer subphase timers are recorded as included.
2026-07-23T09:15:27.277334+00:00,b33a10fa7851ba0c3a26bea531ffb004f00d9365,RM_COORD,INCLUDING_OT,2305843009213693951,61,64,128,2,18,262144,64,4096,16,-1,1,OK,measured,PASS,P0,included_in_pprf_key_setup_ms,included_in_expand_total_ms,included_in_expand_total_ms,included_in_expand_total_ms,included_in_expand_total_ms,152.321,152.321,298.43399999999997,C++ end-to-end harness exposes aggregate expand per party; finer subphase timers are recorded as included.
2026-07-23T09:15:27.277344+00:00,b33a10fa7851ba0c3a26bea531ffb004f00d9365,RM_COORD,INCLUDING_OT,2305843009213693951,61,64,128,2,18,262144,64,4096,16,-1,1,OK,measured,PASS,P1,included_in_pprf_key_setup_ms,included_in_expand_total_ms,included_in_expand_total_ms,included_in_expand_total_ms,included_in_expand_total_ms,146.113,152.321,298.43399999999997,C++ end-to-end harness exposes aggregate expand per party; finer subphase timers are recorded as included.
2026-07-23T09:15:27.277351+00:00,b33a10fa7851ba0c3a26bea531ffb004f00d9365,RM_COORD,INCLUDING_OT,2305843009213693951,61,64,128,2,18,262144,64,4096,16,0,0,OK,measured,PASS,P0,included_in_pprf_key_setup_ms,included_in_expand_total_ms,included_in_expand_total_ms,included_in_expand_total_ms,included_in_expand_total_ms,152.357,152.357,299.02599999999995,C++ end-to-end harness exposes aggregate expand per party; finer subphase timers are recorded as included.
2026-07-23T09:15:27.277356+00:00,b33a10fa7851ba0c3a26bea531ffb004f00d9365,RM_COORD,INCLUDING_OT,2305843009213693951,61,64,128,2,18,262144,64,4096,16,0,0,OK,measured,PASS,P1,included_in_pprf_key_setup_ms,included_in_expand_total_ms,included_in_expand_total_ms,included_in_expand_total_ms,included_in_expand_total_ms,146.66899999999998,152.357,299.02599999999995,C++ end-to-end harness exposes aggregate expand per party; finer subphase timers are recorded as included.
2026-07-23T09:15:27.277362+00:00,b33a10fa7851ba0c3a26bea531ffb004f00d9365,RM_COORD,INCLUDING_OT,2305843009213693951,61,64,128,2,18,262144,64,4096,16,1,0,OK,measured,PASS,P0,included_in_pprf_key_setup_ms,included_in_expand_total_ms,included_in_expand_total_ms,included_in_expand_total_ms,included_in_expand_total_ms,152.167,152.167,298.092,C++ end-to-end harness exposes aggregate expand per party; finer subphase timers are recorded as included.
2026-07-23T09:15:27.277368+00:00,b33a10fa7851ba0c3a26bea531ffb004f00d9365,RM_COORD,INCLUDING_OT,2305843009213693951,61,64,128,2,18,262144,64,4096,16,1,0,OK,measured,PASS,P1,included_in_pprf_key_setup_ms,included_in_expand_total_ms,included_in_expand_total_ms,included_in_expand_total_ms,included_in_expand_total_ms,145.925,152.167,298.092,C++ end-to-end harness exposes aggregate expand per party; finer subphase timers are recorded as included.
2026-07-23T09:15:27.277374+00:00,b33a10fa7851ba0c3a26bea531ffb004f00d9365,RM_COORD,INCLUDING_OT,2305843009213693951,61,64,128,2,18,262144,64,4096,16,2,0,OK,measured,PASS,P0,included_in_pprf_key_setup_ms,included_in_expand_total_ms,included_in_expand_total_ms,included_in_expand_total_ms,included_in_expand_total_ms,151.826,151.826,297.66499999999996,C++ end-to-end harness exposes aggregate expand per party; finer subphase timers are recorded as included.
2026-07-23T09:15:27.277379+00:00,b33a10fa7851ba0c3a26bea531ffb004f00d9365,RM_COORD,INCLUDING_OT,2305843009213693951,61,64,128,2,18,262144,64,4096,16,2,0,OK,measured,PASS,P1,included_in_pprf_key_setup_ms,included_in_expand_total_ms,included_in_expand_total_ms,included_in_expand_total_ms,included_in_expand_total_ms,145.839,151.826,297.66499999999996,C++ end-to-end harness exposes aggregate expand per party; finer subphase timers are recorded as included.
2026-07-23T09:15:27.277387+00:00,b33a10fa7851ba0c3a26bea531ffb004f00d9365,RM_COORD,INCLUDING_OT,2305843009213693951,61,64,128,2,18,262144,64,4096,16,3,0,OK,measured,PASS,P0,included_in_pprf_key_setup_ms,included_in_expand_total_ms,included_in_expand_total_ms,included_in_expand_total_ms,included_in_expand_total_ms,151.416,151.416,297.438,C++ end-to-end harness exposes aggregate expand per party; finer subphase timers are recorded as included.
2026-07-23T09:15:27.277392+00:00,b33a10fa7851ba0c3a26bea531ffb004f00d9365,RM_COORD,INCLUDING_OT,2305843009213693951,61,64,128,2,18,262144,64,4096,16,3,0,OK,measured,PASS,P1,included_in_pprf_key_setup_ms,included_in_expand_total_ms,included_in_expand_total_ms,included_in_expand_total_ms,included_in_expand_total_ms,146.02200000000002,151.416,297.438,C++ end-to-end harness exposes aggregate expand per party; finer subphase timers are recorded as included.
2026-07-23T09:15:27.277398+00:00,b33a10fa7851ba0c3a26bea531ffb004f00d9365,RM_COORD,INCLUDING_OT,2305843009213693951,61,64,128,2,18,262144,64,4096,16,4,0,OK,measured,PASS,P0,included_in_pprf_key_setup_ms,included_in_expand_total_ms,included_in_expand_total_ms,included_in_expand_total_ms,included_in_expand_total_ms,151.401,151.401,296.956,C++ end-to-end harness exposes aggregate expand per party; finer subphase timers are recorded as included.
2026-07-23T09:15:27.277405+00:00,b33a10fa7851ba0c3a26bea531ffb004f00d9365,RM_COORD,INCLUDING_OT,2305843009213693951,61,64,128,2,18,262144,64,4096,16,4,0,OK,measured,PASS,P1,included_in_pprf_key_setup_ms,included_in_expand_total_ms,included_in_expand_total_ms,included_in_expand_total_ms,included_in_expand_total_ms,145.55499999999998,151.401,296.956,C++ end-to-end harness exposes aggregate expand per party; finer subphase timers are recorded as included.
2026-07-23T09:15:27.277411+00:00,b33a10fa7851ba0c3a26bea531ffb004f00d9365,RM_COORD,INCLUDING_OT,2305843009213693951,61,64,128,2,18,262144,64,4096,16,5,0,OK,measured,PASS,P0,included_in_pprf_key_setup_ms,included_in_expand_total_ms,included_in_expand_total_ms,included_in_expand_total_ms,included_in_expand_total_ms,151.791,151.791,297.174,C++ end-to-end harness exposes aggregate expand per party; finer subphase timers are recorded as included.
2026-07-23T09:15:27.277416+00:00,b33a10fa7851ba0c3a26bea531ffb004f00d9365,RM_COORD,INCLUDING_OT,2305843009213693951,61,64,128,2,18,262144,64,4096,16,5,0,OK,measured,PASS,P1,included_in_pprf_key_setup_ms,included_in_expand_total_ms,included_in_expand_total_ms,included_in_expand_total_ms,included_in_expand_total_ms,145.383,151.791,297.174,C++ end-to-end harness exposes aggregate expand per party; finer subphase timers are recorded as included.
2026-07-23T09:15:27.277423+00:00,b33a10fa7851ba0c3a26bea531ffb004f00d9365,RM_COORD,INCLUDING_OT,2305843009213693951,61,64,128,2,18,262144,64,4096,16,6,0,OK,measured,PASS,P0,included_in_pprf_key_setup_ms,included_in_expand_total_ms,included_in_expand_total_ms,included_in_expand_total_ms,included_in_expand_total_ms,152.038,152.038,297.66700000000003,C++ end-to-end harness exposes aggregate expand per party; finer subphase timers are recorded as included.
2026-07-23T09:15:27.277430+00:00,b33a10fa7851ba0c3a26bea531ffb004f00d9365,RM_COORD,INCLUDING_OT,2305843009213693951,61,64,128,2,18,262144,64,4096,16,6,0,OK,measured,PASS,P1,included_in_pprf_key_setup_ms,included_in_expand_total_ms,included_in_expand_total_ms,included_in_expand_total_ms,included_in_expand_total_ms,145.62900000000002,152.038,297.66700000000003,C++ end-to-end harness exposes aggregate expand per party; finer subphase timers are recorded as included.
2026-07-23T09:15:27.277436+00:00,b33a10fa7851ba0c3a26bea531ffb004f00d9365,RM_COORD,INCLUDING_OT,2305843009213693951,61,64,128,2,18,262144,64,4096,16,7,0,OK,measured,PASS,P0,included_in_pprf_key_setup_ms,included_in_expand_total_ms,included_in_expand_total_ms,included_in_expand_total_ms,included_in_expand_total_ms,151.845,151.845,298.287,C++ end-to-end harness exposes aggregate expand per party; finer subphase timers are recorded as included.
2026-07-23T09:15:27.277440+00:00,b33a10fa7851ba0c3a26bea531ffb004f00d9365,RM_COORD,INCLUDING_OT,2305843009213693951,61,64,128,2,18,262144,64,4096,16,7,0,OK,measured,PASS,P1,included_in_pprf_key_setup_ms,included_in_expand_total_ms,included_in_expand_total_ms,included_in_expand_total_ms,included_in_expand_total_ms,146.44199999999998,151.845,298.287,C++ end-to-end harness exposes aggregate expand per party; finer subphase timers are recorded as included.
2026-07-23T09:15:27.277446+00:00,b33a10fa7851ba0c3a26bea531ffb004f00d9365,RM_COORD,INCLUDING_OT,2305843009213693951,61,64,128,2,18,262144,64,4096,16,8,0,OK,measured,PASS,P0,included_in_pprf_key_setup_ms,included_in_expand_total_ms,included_in_expand_total_ms,included_in_expand_total_ms,included_in_expand_total_ms,153.831,153.831,301.14300000000003,C++ end-to-end harness exposes aggregate expand per party; finer subphase timers are recorded as included.
2026-07-23T09:15:27.277453+00:00,b33a10fa7851ba0c3a26bea531ffb004f00d9365,RM_COORD,INCLUDING_OT,2305843009213693951,61,64,128,2,18,262144,64,4096,16,8,0,OK,measured,PASS,P1,included_in_pprf_key_setup_ms,included_in_expand_total_ms,included_in_expand_total_ms,included_in_expand_total_ms,included_in_expand_total_ms,147.312,153.831,301.14300000000003,C++ end-to-end harness exposes aggregate expand per party; finer subphase timers are recorded as included.
2026-07-23T09:15:27.277459+00:00,b33a10fa7851ba0c3a26bea531ffb004f00d9365,RM_COORD,INCLUDING_OT,2305843009213693951,61,64,128,2,18,262144,64,4096,16,9,0,OK,measured,PASS,P0,included_in_pprf_key_setup_ms,included_in_expand_total_ms,included_in_expand_total_ms,included_in_expand_total_ms,included_in_expand_total_ms,152.808,152.808,299.18600000000004,C++ end-to-end harness exposes aggregate expand per party; finer subphase timers are recorded as included.
2026-07-23T09:15:27.277463+00:00,b33a10fa7851ba0c3a26bea531ffb004f00d9365,RM_COORD,INCLUDING_OT,2305843009213693951,61,64,128,2,18,262144,64,4096,16,9,0,OK,measured,PASS,P1,included_in_pprf_key_setup_ms,included_in_expand_total_ms,included_in_expand_total_ms,included_in_expand_total_ms,included_in_expand_total_ms,146.37800000000001,152.808,299.18600000000004,C++ end-to-end harness exposes aggregate expand per party; finer subphase timers are recorded as included.
2026-07-23T09:15:27.277472+00:00,b33a10fa7851ba0c3a26bea531ffb004f00d9365,RM_VECTOR,INCLUDING_OT,2305843009213693951,61,64,128,2,18,262144,64,4096,32,-1,1,OK,measured,PASS,P0,included_in_pprf_key_setup_ms,included_in_expand_total_ms,included_in_expand_total_ms,included_in_expand_total_ms,included_in_expand_total_ms,294.399,294.399,585.662,C++ end-to-end harness exposes aggregate expand per party; finer subphase timers are recorded as included.
2026-07-23T09:15:27.277480+00:00,b33a10fa7851ba0c3a26bea531ffb004f00d9365,RM_VECTOR,INCLUDING_OT,2305843009213693951,61,64,128,2,18,262144,64,4096,32,-1,1,OK,measured,PASS,P1,included_in_pprf_key_setup_ms,included_in_expand_total_ms,included_in_expand_total_ms,included_in_expand_total_ms,included_in_expand_total_ms,291.263,294.399,585.662,C++ end-to-end harness exposes aggregate expand per party; finer subphase timers are recorded as included.
2026-07-23T09:15:27.277486+00:00,b33a10fa7851ba0c3a26bea531ffb004f00d9365,RM_VECTOR,INCLUDING_OT,2305843009213693951,61,64,128,2,18,262144,64,4096,32,0,0,OK,measured,PASS,P0,included_in_pprf_key_setup_ms,included_in_expand_total_ms,included_in_expand_total_ms,included_in_expand_total_ms,included_in_expand_total_ms,294.16900000000004,294.16900000000004,583.6600000000001,C++ end-to-end harness exposes aggregate expand per party; finer subphase timers are recorded as included.
2026-07-23T09:15:27.277490+00:00,b33a10fa7851ba0c3a26bea531ffb004f00d9365,RM_VECTOR,INCLUDING_OT,2305843009213693951,61,64,128,2,18,262144,64,4096,32,0,0,OK,measured,PASS,P1,included_in_pprf_key_setup_ms,included_in_expand_total_ms,included_in_expand_total_ms,included_in_expand_total_ms,included_in_expand_total_ms,289.491,294.16900000000004,583.6600000000001,C++ end-to-end harness exposes aggregate expand per party; finer subphase timers are recorded as included.
2026-07-23T09:15:27.277500+00:00,b33a10fa7851ba0c3a26bea531ffb004f00d9365,RM_VECTOR,INCLUDING_OT,2305843009213693951,61,64,128,2,18,262144,64,4096,32,1,0,OK,measured,PASS,P0,included_in_pprf_key_setup_ms,included_in_expand_total_ms,included_in_expand_total_ms,included_in_expand_total_ms,included_in_expand_total_ms,293.88100000000003,293.88100000000003,583.386,C++ end-to-end harness exposes aggregate expand per party; finer subphase timers are recorded as included.
2026-07-23T09:15:27.277505+00:00,b33a10fa7851ba0c3a26bea531ffb004f00d9365,RM_VECTOR,INCLUDING_OT,2305843009213693951,61,64,128,2,18,262144,64,4096,32,1,0,OK,measured,PASS,P1,included_in_pprf_key_setup_ms,included_in_expand_total_ms,included_in_expand_total_ms,included_in_expand_total_ms,included_in_expand_total_ms,289.505,293.88100000000003,583.386,C++ end-to-end harness exposes aggregate expand per party; finer subphase timers are recorded as included.
2026-07-23T09:15:27.277511+00:00,b33a10fa7851ba0c3a26bea531ffb004f00d9365,RM_VECTOR,INCLUDING_OT,2305843009213693951,61,64,128,2,18,262144,64,4096,32,2,0,OK,measured,PASS,P0,included_in_pprf_key_setup_ms,included_in_expand_total_ms,included_in_expand_total_ms,included_in_expand_total_ms,included_in_expand_total_ms,294.333,294.333,583.639,C++ end-to-end harness exposes aggregate expand per party; finer subphase timers are recorded as included.
2026-07-23T09:15:27.277518+00:00,b33a10fa7851ba0c3a26bea531ffb004f00d9365,RM_VECTOR,INCLUDING_OT,2305843009213693951,61,64,128,2,18,262144,64,4096,32,2,0,OK,measured,PASS,P1,included_in_pprf_key_setup_ms,included_in_expand_total_ms,included_in_expand_total_ms,included_in_expand_total_ms,included_in_expand_total_ms,289.306,294.333,583.639,C++ end-to-end harness exposes aggregate expand per party; finer subphase timers are recorded as included.
2026-07-23T09:15:27.277526+00:00,b33a10fa7851ba0c3a26bea531ffb004f00d9365,RM_VECTOR,INCLUDING_OT,2305843009213693951,61,64,128,2,18,262144,64,4096,32,3,0,OK,measured,PASS,P0,included_in_pprf_key_setup_ms,included_in_expand_total_ms,included_in_expand_total_ms,included_in_expand_total_ms,included_in_expand_total_ms,295.174,295.174,585.351,C++ end-to-end harness exposes aggregate expand per party; finer subphase timers are recorded as included.
2026-07-23T09:15:27.277531+00:00,b33a10fa7851ba0c3a26bea531ffb004f00d9365,RM_VECTOR,INCLUDING_OT,2305843009213693951,61,64,128,2,18,262144,64,4096,32,3,0,OK,measured,PASS,P1,included_in_pprf_key_setup_ms,included_in_expand_total_ms,included_in_expand_total_ms,included_in_expand_total_ms,included_in_expand_total_ms,290.177,295.174,585.351,C++ end-to-end harness exposes aggregate expand per party; finer subphase timers are recorded as included.
2026-07-23T09:15:27.277536+00:00,b33a10fa7851ba0c3a26bea531ffb004f00d9365,RM_VECTOR,INCLUDING_OT,2305843009213693951,61,64,128,2,18,262144,64,4096,32,4,0,OK,measured,PASS,P0,included_in_pprf_key_setup_ms,included_in_expand_total_ms,included_in_expand_total_ms,included_in_expand_total_ms,included_in_expand_total_ms,294.137,294.137,583.7560000000001,C++ end-to-end harness exposes aggregate expand per party; finer subphase timers are recorded as included.
2026-07-23T09:15:27.277545+00:00,b33a10fa7851ba0c3a26bea531ffb004f00d9365,RM_VECTOR,INCLUDING_OT,2305843009213693951,61,64,128,2,18,262144,64,4096,32,4,0,OK,measured,PASS,P1,included_in_pprf_key_setup_ms,included_in_expand_total_ms,included_in_expand_total_ms,included_in_expand_total_ms,included_in_expand_total_ms,289.619,294.137,583.7560000000001,C++ end-to-end harness exposes aggregate expand per party; finer subphase timers are recorded as included.
2026-07-23T09:15:27.277551+00:00,b33a10fa7851ba0c3a26bea531ffb004f00d9365,RM_VECTOR,INCLUDING_OT,2305843009213693951,61,64,128,2,18,262144,64,4096,32,5,0,OK,measured,PASS,P0,included_in_pprf_key_setup_ms,included_in_expand_total_ms,included_in_expand_total_ms,included_in_expand_total_ms,included_in_expand_total_ms,294.837,294.837,584.475,C++ end-to-end harness exposes aggregate expand per party; finer subphase timers are recorded as included.
2026-07-23T09:15:27.277555+00:00,b33a10fa7851ba0c3a26bea531ffb004f00d9365,RM_VECTOR,INCLUDING_OT,2305843009213693951,61,64,128,2,18,262144,64,4096,32,5,0,OK,measured,PASS,P1,included_in_pprf_key_setup_ms,included_in_expand_total_ms,included_in_expand_total_ms,included_in_expand_total_ms,included_in_expand_total_ms,289.63800000000003,294.837,584.475,C++ end-to-end harness exposes aggregate expand per party; finer subphase timers are recorded as included.
2026-07-23T09:15:27.277563+00:00,b33a10fa7851ba0c3a26bea531ffb004f00d9365,RM_VECTOR,INCLUDING_OT,2305843009213693951,61,64,128,2,18,262144,64,4096,32,6,0,OK,measured,PASS,P0,included_in_pprf_key_setup_ms,included_in_expand_total_ms,included_in_expand_total_ms,included_in_expand_total_ms,included_in_expand_total_ms,295.46,295.46,586.065,C++ end-to-end harness exposes aggregate expand per party; finer subphase timers are recorded as included.
2026-07-23T09:15:27.277570+00:00,b33a10fa7851ba0c3a26bea531ffb004f00d9365,RM_VECTOR,INCLUDING_OT,2305843009213693951,61,64,128,2,18,262144,64,4096,32,6,0,OK,measured,PASS,P1,included_in_pprf_key_setup_ms,included_in_expand_total_ms,included_in_expand_total_ms,included_in_expand_total_ms,included_in_expand_total_ms,290.605,295.46,586.065,C++ end-to-end harness exposes aggregate expand per party; finer subphase timers are recorded as included.
2026-07-23T09:15:27.277576+00:00,b33a10fa7851ba0c3a26bea531ffb004f00d9365,RM_VECTOR,INCLUDING_OT,2305843009213693951,61,64,128,2,18,262144,64,4096,32,7,0,OK,measured,PASS,P0,included_in_pprf_key_setup_ms,included_in_expand_total_ms,included_in_expand_total_ms,included_in_expand_total_ms,included_in_expand_total_ms,293.598,293.598,582.4100000000001,C++ end-to-end harness exposes aggregate expand per party; finer subphase timers are recorded as included.
2026-07-23T09:15:27.277580+00:00,b33a10fa7851ba0c3a26bea531ffb004f00d9365,RM_VECTOR,INCLUDING_OT,2305843009213693951,61,64,128,2,18,262144,64,4096,32,7,0,OK,measured,PASS,P1,included_in_pprf_key_setup_ms,included_in_expand_total_ms,included_in_expand_total_ms,included_in_expand_total_ms,included_in_expand_total_ms,288.812,293.598,582.4100000000001,C++ end-to-end harness exposes aggregate expand per party; finer subphase timers are recorded as included.
2026-07-23T09:15:27.277588+00:00,b33a10fa7851ba0c3a26bea531ffb004f00d9365,RM_VECTOR,INCLUDING_OT,2305843009213693951,61,64,128,2,18,262144,64,4096,32,8,0,OK,measured,PASS,P0,included_in_pprf_key_setup_ms,included_in_expand_total_ms,included_in_expand_total_ms,included_in_expand_total_ms,included_in_expand_total_ms,294.821,294.821,585.905,C++ end-to-end harness exposes aggregate expand per party; finer subphase timers are recorded as included.
2026-07-23T09:15:27.277595+00:00,b33a10fa7851ba0c3a26bea531ffb004f00d9365,RM_VECTOR,INCLUDING_OT,2305843009213693951,61,64,128,2,18,262144,64,4096,32,8,0,OK,measured,PASS,P1,included_in_pprf_key_setup_ms,included_in_expand_total_ms,included_in_expand_total_ms,included_in_expand_total_ms,included_in_expand_total_ms,291.084,294.821,585.905,C++ end-to-end harness exposes aggregate expand per party; finer subphase timers are recorded as included.
2026-07-23T09:15:27.277601+00:00,b33a10fa7851ba0c3a26bea531ffb004f00d9365,RM_VECTOR,INCLUDING_OT,2305843009213693951,61,64,128,2,18,262144,64,4096,32,9,0,OK,measured,PASS,P0,included_in_pprf_key_setup_ms,included_in_expand_total_ms,included_in_expand_total_ms,included_in_expand_total_ms,included_in_expand_total_ms,295.94599999999997,295.94599999999997,587.074,C++ end-to-end harness exposes aggregate expand per party; finer subphase timers are recorded as included.
2026-07-23T09:15:27.277606+00:00,b33a10fa7851ba0c3a26bea531ffb004f00d9365,RM_VECTOR,INCLUDING_OT,2305843009213693951,61,64,128,2,18,262144,64,4096,32,9,0,OK,measured,PASS,P1,included_in_pprf_key_setup_ms,included_in_expand_total_ms,included_in_expand_total_ms,included_in_expand_total_ms,included_in_expand_total_ms,291.128,295.94599999999997,587.074,C++ end-to-end harness exposes aggregate expand per party; finer subphase timers are recorded as included.
2026-07-23T09:15:27.277614+00:00,b33a10fa7851ba0c3a26bea531ffb004f00d9365,RM_COORD,INCLUDING_OT,2305843009213693951,61,64,128,2,18,262144,64,4096,32,-1,1,OK,measured,PASS,P0,included_in_pprf_key_setup_ms,included_in_expand_total_ms,included_in_expand_total_ms,included_in_expand_total_ms,included_in_expand_total_ms,323.854,323.854,638.931,C++ end-to-end harness exposes aggregate expand per party; finer subphase timers are recorded as included.
2026-07-23T09:15:27.277619+00:00,b33a10fa7851ba0c3a26bea531ffb004f00d9365,RM_COORD,INCLUDING_OT,2305843009213693951,61,64,128,2,18,262144,64,4096,32,-1,1,OK,measured,PASS,P1,included_in_pprf_key_setup_ms,included_in_expand_total_ms,included_in_expand_total_ms,included_in_expand_total_ms,included_in_expand_total_ms,315.077,323.854,638.931,C++ end-to-end harness exposes aggregate expand per party; finer subphase timers are recorded as included.
2026-07-23T09:15:27.277625+00:00,b33a10fa7851ba0c3a26bea531ffb004f00d9365,RM_COORD,INCLUDING_OT,2305843009213693951,61,64,128,2,18,262144,64,4096,32,0,0,OK,measured,PASS,P0,included_in_pprf_key_setup_ms,included_in_expand_total_ms,included_in_expand_total_ms,included_in_expand_total_ms,included_in_expand_total_ms,325.462,325.462,641.76,C++ end-to-end harness exposes aggregate expand per party; finer subphase timers are recorded as included.
2026-07-23T09:15:27.277630+00:00,b33a10fa7851ba0c3a26bea531ffb004f00d9365,RM_COORD,INCLUDING_OT,2305843009213693951,61,64,128,2,18,262144,64,4096,32,0,0,OK,measured,PASS,P1,included_in_pprf_key_setup_ms,included_in_expand_total_ms,included_in_expand_total_ms,included_in_expand_total_ms,included_in_expand_total_ms,316.298,325.462,641.76,C++ end-to-end harness exposes aggregate expand per party; finer subphase timers are recorded as included.
2026-07-23T09:15:27.277640+00:00,b33a10fa7851ba0c3a26bea531ffb004f00d9365,RM_COORD,INCLUDING_OT,2305843009213693951,61,64,128,2,18,262144,64,4096,32,1,0,OK,measured,PASS,P0,included_in_pprf_key_setup_ms,included_in_expand_total_ms,included_in_expand_total_ms,included_in_expand_total_ms,included_in_expand_total_ms,321.569,321.569,638.6089999999999,C++ end-to-end harness exposes aggregate expand per party; finer subphase timers are recorded as included.
2026-07-23T09:15:27.277645+00:00,b33a10fa7851ba0c3a26bea531ffb004f00d9365,RM_COORD,INCLUDING_OT,2305843009213693951,61,64,128,2,18,262144,64,4096,32,1,0,OK,measured,PASS,P1,included_in_pprf_key_setup_ms,included_in_expand_total_ms,included_in_expand_total_ms,included_in_expand_total_ms,included_in_expand_total_ms,317.03999999999996,321.569,638.6089999999999,C++ end-to-end harness exposes aggregate expand per party; finer subphase timers are recorded as included.
2026-07-23T09:15:27.277651+00:00,b33a10fa7851ba0c3a26bea531ffb004f00d9365,RM_COORD,INCLUDING_OT,2305843009213693951,61,64,128,2,18,262144,64,4096,32,2,0,OK,measured,PASS,P0,included_in_pprf_key_setup_ms,included_in_expand_total_ms,included_in_expand_total_ms,included_in_expand_total_ms,included_in_expand_total_ms,323.93499999999995,323.93499999999995,640.259,C++ end-to-end harness exposes aggregate expand per party; finer subphase timers are recorded as included.
2026-07-23T09:15:27.277657+00:00,b33a10fa7851ba0c3a26bea531ffb004f00d9365,RM_COORD,INCLUDING_OT,2305843009213693951,61,64,128,2,18,262144,64,4096,32,2,0,OK,measured,PASS,P1,included_in_pprf_key_setup_ms,included_in_expand_total_ms,included_in_expand_total_ms,included_in_expand_total_ms,included_in_expand_total_ms,316.324,323.93499999999995,640.259,C++ end-to-end harness exposes aggregate expand per party; finer subphase timers are recorded as included.
2026-07-23T09:15:27.277663+00:00,b33a10fa7851ba0c3a26bea531ffb004f00d9365,RM_COORD,INCLUDING_OT,2305843009213693951,61,64,128,2,18,262144,64,4096,32,3,0,OK,measured,PASS,P0,included_in_pprf_key_setup_ms,included_in_expand_total_ms,included_in_expand_total_ms,included_in_expand_total_ms,included_in_expand_total_ms,323.29200000000003,323.29200000000003,638.001,C++ end-to-end harness exposes aggregate expand per party; finer subphase timers are recorded as included.
2026-07-23T09:15:27.277667+00:00,b33a10fa7851ba0c3a26bea531ffb004f00d9365,RM_COORD,INCLUDING_OT,2305843009213693951,61,64,128,2,18,262144,64,4096,32,3,0,OK,measured,PASS,P1,included_in_pprf_key_setup_ms,included_in_expand_total_ms,included_in_expand_total_ms,included_in_expand_total_ms,included_in_expand_total_ms,314.709,323.29200000000003,638.001,C++ end-to-end harness exposes aggregate expand per party; finer subphase timers are recorded as included.
2026-07-23T09:15:27.277673+00:00,b33a10fa7851ba0c3a26bea531ffb004f00d9365,RM_COORD,INCLUDING_OT,2305843009213693951,61,64,128,2,18,262144,64,4096,32,4,0,OK,measured,PASS,P0,included_in_pprf_key_setup_ms,included_in_expand_total_ms,included_in_expand_total_ms,included_in_expand_total_ms,included_in_expand_total_ms,324.711,324.711,642.3489999999999,C++ end-to-end harness exposes aggregate expand per party; finer subphase timers are recorded as included.
2026-07-23T09:15:27.277679+00:00,b33a10fa7851ba0c3a26bea531ffb004f00d9365,RM_COORD,INCLUDING_OT,2305843009213693951,61,64,128,2,18,262144,64,4096,32,4,0,OK,measured,PASS,P1,included_in_pprf_key_setup_ms,included_in_expand_total_ms,included_in_expand_total_ms,included_in_expand_total_ms,included_in_expand_total_ms,317.638,324.711,642.3489999999999,C++ end-to-end harness exposes aggregate expand per party; finer subphase timers are recorded as included.
2026-07-23T09:15:27.277685+00:00,b33a10fa7851ba0c3a26bea531ffb004f00d9365,RM_COORD,INCLUDING_OT,2305843009213693951,61,64,128,2,18,262144,64,4096,32,5,0,OK,measured,PASS,P0,included_in_pprf_key_setup_ms,included_in_expand_total_ms,included_in_expand_total_ms,included_in_expand_total_ms,included_in_expand_total_ms,319.82899999999995,319.82899999999995,633.988,C++ end-to-end harness exposes aggregate expand per party; finer subphase timers are recorded as included.
2026-07-23T09:15:27.277689+00:00,b33a10fa7851ba0c3a26bea531ffb004f00d9365,RM_COORD,INCLUDING_OT,2305843009213693951,61,64,128,2,18,262144,64,4096,32,5,0,OK,measured,PASS,P1,included_in_pprf_key_setup_ms,included_in_expand_total_ms,included_in_expand_total_ms,included_in_expand_total_ms,included_in_expand_total_ms,314.15900000000005,319.82899999999995,633.988,C++ end-to-end harness exposes aggregate expand per party; finer subphase timers are recorded as included.
2026-07-23T09:15:27.277695+00:00,b33a10fa7851ba0c3a26bea531ffb004f00d9365,RM_COORD,INCLUDING_OT,2305843009213693951,61,64,128,2,18,262144,64,4096,32,6,0,OK,measured,PASS,P0,included_in_pprf_key_setup_ms,included_in_expand_total_ms,included_in_expand_total_ms,included_in_expand_total_ms,included_in_expand_total_ms,324.338,324.338,640.307,C++ end-to-end harness exposes aggregate expand per party; finer subphase timers are recorded as included.
2026-07-23T09:15:27.277702+00:00,b33a10fa7851ba0c3a26bea531ffb004f00d9365,RM_COORD,INCLUDING_OT,2305843009213693951,61,64,128,2,18,262144,64,4096,32,6,0,OK,measured,PASS,P1,included_in_pprf_key_setup_ms,included_in_expand_total_ms,included_in_expand_total_ms,included_in_expand_total_ms,included_in_expand_total_ms,315.969,324.338,640.307,C++ end-to-end harness exposes aggregate expand per party; finer subphase timers are recorded as included.
2026-07-23T09:15:27.277709+00:00,b33a10fa7851ba0c3a26bea531ffb004f00d9365,RM_COORD,INCLUDING_OT,2305843009213693951,61,64,128,2,18,262144,64,4096,32,7,0,OK,measured,PASS,P0,included_in_pprf_key_setup_ms,included_in_expand_total_ms,included_in_expand_total_ms,included_in_expand_total_ms,included_in_expand_total_ms,324.272,324.272,639.682,C++ end-to-end harness exposes aggregate expand per party; finer subphase timers are recorded as included.
2026-07-23T09:15:27.277714+00:00,b33a10fa7851ba0c3a26bea531ffb004f00d9365,RM_COORD,INCLUDING_OT,2305843009213693951,61,64,128,2,18,262144,64,4096,32,7,0,OK,measured,PASS,P1,included_in_pprf_key_setup_ms,included_in_expand_total_ms,included_in_expand_total_ms,included_in_expand_total_ms,included_in_expand_total_ms,315.41,324.272,639.682,C++ end-to-end harness exposes aggregate expand per party; finer subphase timers are recorded as included.
2026-07-23T09:15:27.277722+00:00,b33a10fa7851ba0c3a26bea531ffb004f00d9365,RM_COORD,INCLUDING_OT,2305843009213693951,61,64,128,2,18,262144,64,4096,32,8,0,OK,measured,PASS,P0,included_in_pprf_key_setup_ms,included_in_expand_total_ms,included_in_expand_total_ms,included_in_expand_total_ms,included_in_expand_total_ms,322.188,322.188,637.865,C++ end-to-end harness exposes aggregate expand per party; finer subphase timers are recorded as included.
2026-07-23T09:15:27.277726+00:00,b33a10fa7851ba0c3a26bea531ffb004f00d9365,RM_COORD,INCLUDING_OT,2305843009213693951,61,64,128,2,18,262144,64,4096,32,8,0,OK,measured,PASS,P1,included_in_pprf_key_setup_ms,included_in_expand_total_ms,included_in_expand_total_ms,included_in_expand_total_ms,included_in_expand_total_ms,315.67699999999996,322.188,637.865,C++ end-to-end harness exposes aggregate expand per party; finer subphase timers are recorded as included.
2026-07-23T09:15:27.277732+00:00,b33a10fa7851ba0c3a26bea531ffb004f00d9365,RM_COORD,INCLUDING_OT,2305843009213693951,61,64,128,2,18,262144,64,4096,32,9,0,OK,measured,PASS,P0,included_in_pprf_key_setup_ms,included_in_expand_total_ms,included_in_expand_total_ms,included_in_expand_total_ms,included_in_expand_total_ms,324.852,324.852,640.279,C++ end-to-end harness exposes aggregate expand per party; finer subphase timers are recorded as included.
2026-07-23T09:15:27.277760+00:00,b33a10fa7851ba0c3a26bea531ffb004f00d9365,RM_COORD,INCLUDING_OT,2305843009213693951,61,64,128,2,18,262144,64,4096,32,9,0,OK,measured,PASS,P1,included_in_pprf_key_setup_ms,included_in_expand_total_ms,included_in_expand_total_ms,included_in_expand_total_ms,included_in_expand_total_ms,315.427,324.852,640.279,C++ end-to-end harness exposes aggregate expand per party; finer subphase timers are recorded as included.
2026-07-23T09:15:27.277778+00:00,b33a10fa7851ba0c3a26bea531ffb004f00d9365,RM_VECTOR,INCLUDING_OT,2305843009213693951,61,64,128,2,20,1048576,64,16384,8,-1,1,OK,measured,PASS,P0,included_in_pprf_key_setup_ms,included_in_expand_total_ms,included_in_expand_total_ms,included_in_expand_total_ms,included_in_expand_total_ms,337.846,337.846,653.794,C++ end-to-end harness exposes aggregate expand per party; finer subphase timers are recorded as included.
2026-07-23T09:15:27.277790+00:00,b33a10fa7851ba0c3a26bea531ffb004f00d9365,RM_VECTOR,INCLUDING_OT,2305843009213693951,61,64,128,2,20,1048576,64,16384,8,-1,1,OK,measured,PASS,P1,included_in_pprf_key_setup_ms,included_in_expand_total_ms,included_in_expand_total_ms,included_in_expand_total_ms,included_in_expand_total_ms,315.948,337.846,653.794,C++ end-to-end harness exposes aggregate expand per party; finer subphase timers are recorded as included.
2026-07-23T09:15:27.277804+00:00,b33a10fa7851ba0c3a26bea531ffb004f00d9365,RM_VECTOR,INCLUDING_OT,2305843009213693951,61,64,128,2,20,1048576,64,16384,8,0,0,OK,measured,PASS,P0,included_in_pprf_key_setup_ms,included_in_expand_total_ms,included_in_expand_total_ms,included_in_expand_total_ms,included_in_expand_total_ms,338.811,338.811,654.759,C++ end-to-end harness exposes aggregate expand per party; finer subphase timers are recorded as included.
2026-07-23T09:15:27.277817+00:00,b33a10fa7851ba0c3a26bea531ffb004f00d9365,RM_VECTOR,INCLUDING_OT,2305843009213693951,61,64,128,2,20,1048576,64,16384,8,0,0,OK,measured,PASS,P1,included_in_pprf_key_setup_ms,included_in_expand_total_ms,included_in_expand_total_ms,included_in_expand_total_ms,included_in_expand_total_ms,315.948,338.811,654.759,C++ end-to-end harness exposes aggregate expand per party; finer subphase timers are recorded as included.
2026-07-23T09:15:27.277834+00:00,b33a10fa7851ba0c3a26bea531ffb004f00d9365,RM_VECTOR,INCLUDING_OT,2305843009213693951,61,64,128,2,20,1048576,64,16384,8,1,0,OK,measured,PASS,P0,included_in_pprf_key_setup_ms,included_in_expand_total_ms,included_in_expand_total_ms,included_in_expand_total_ms,included_in_expand_total_ms,338.353,338.353,656.336,C++ end-to-end harness exposes aggregate expand per party; finer subphase timers are recorded as included.
2026-07-23T09:15:27.277841+00:00,b33a10fa7851ba0c3a26bea531ffb004f00d9365,RM_VECTOR,INCLUDING_OT,2305843009213693951,61,64,128,2,20,1048576,64,16384,8,1,0,OK,measured,PASS,P1,included_in_pprf_key_setup_ms,included_in_expand_total_ms,included_in_expand_total_ms,included_in_expand_total_ms,included_in_expand_total_ms,317.983,338.353,656.336,C++ end-to-end harness exposes aggregate expand per party; finer subphase timers are recorded as included.
2026-07-23T09:15:27.277852+00:00,b33a10fa7851ba0c3a26bea531ffb004f00d9365,RM_VECTOR,INCLUDING_OT,2305843009213693951,61,64,128,2,20,1048576,64,16384,8,2,0,OK,measured,PASS,P0,included_in_pprf_key_setup_ms,included_in_expand_total_ms,included_in_expand_total_ms,included_in_expand_total_ms,included_in_expand_total_ms,338.57599999999996,338.57599999999996,654.6769999999999,C++ end-to-end harness exposes aggregate expand per party; finer subphase timers are recorded as included.
2026-07-23T09:15:27.277857+00:00,b33a10fa7851ba0c3a26bea531ffb004f00d9365,RM_VECTOR,INCLUDING_OT,2305843009213693951,61,64,128,2,20,1048576,64,16384,8,2,0,OK,measured,PASS,P1,included_in_pprf_key_setup_ms,included_in_expand_total_ms,included_in_expand_total_ms,included_in_expand_total_ms,included_in_expand_total_ms,316.101,338.57599999999996,654.6769999999999,C++ end-to-end harness exposes aggregate expand per party; finer subphase timers are recorded as included.
2026-07-23T09:15:27.277863+00:00,b33a10fa7851ba0c3a26bea531ffb004f00d9365,RM_VECTOR,INCLUDING_OT,2305843009213693951,61,64,128,2,20,1048576,64,16384,8,3,0,OK,measured,PASS,P0,included_in_pprf_key_setup_ms,included_in_expand_total_ms,included_in_expand_total_ms,included_in_expand_total_ms,included_in_expand_total_ms,337.597,337.597,653.5409999999999,C++ end-to-end harness exposes aggregate expand per party; finer subphase timers are recorded as included.
2026-07-23T09:15:27.277868+00:00,b33a10fa7851ba0c3a26bea531ffb004f00d9365,RM_VECTOR,INCLUDING_OT,2305843009213693951,61,64,128,2,20,1048576,64,16384,8,3,0,OK,measured,PASS,P1,included_in_pprf_key_setup_ms,included_in_expand_total_ms,included_in_expand_total_ms,included_in_expand_total_ms,included_in_expand_total_ms,315.944,337.597,653.5409999999999,C++ end-to-end harness exposes aggregate expand per party; finer subphase timers are recorded as included.
2026-07-23T09:15:27.277876+00:00,b33a10fa7851ba0c3a26bea531ffb004f00d9365,RM_VECTOR,INCLUDING_OT,2305843009213693951,61,64,128,2,20,1048576,64,16384,8,4,0,OK,measured,PASS,P0,included_in_pprf_key_setup_ms,included_in_expand_total_ms,included_in_expand_total_ms,included_in_expand_total_ms,included_in_expand_total_ms,340.04200000000003,340.04200000000003,659.8720000000001,C++ end-to-end harness exposes aggregate expand per party; finer subphase timers are recorded as included.
2026-07-23T09:15:27.277881+00:00,b33a10fa7851ba0c3a26bea531ffb004f00d9365,RM_VECTOR,INCLUDING_OT,2305843009213693951,61,64,128,2,20,1048576,64,16384,8,4,0,OK,measured,PASS,P1,included_in_pprf_key_setup_ms,included_in_expand_total_ms,included_in_expand_total_ms,included_in_expand_total_ms,included_in_expand_total_ms,319.83,340.04200000000003,659.8720000000001,C++ end-to-end harness exposes aggregate expand per party; finer subphase timers are recorded as included.
2026-07-23T09:15:27.277887+00:00,b33a10fa7851ba0c3a26bea531ffb004f00d9365,RM_VECTOR,INCLUDING_OT,2305843009213693951,61,64,128,2,20,1048576,64,16384,8,5,0,OK,measured,PASS,P0,included_in_pprf_key_setup_ms,included_in_expand_total_ms,included_in_expand_total_ms,included_in_expand_total_ms,included_in_expand_total_ms,338.099,338.099,653.6859999999999,C++ end-to-end harness exposes aggregate expand per party; finer subphase timers are recorded as included.
2026-07-23T09:15:27.277894+00:00,b33a10fa7851ba0c3a26bea531ffb004f00d9365,RM_VECTOR,INCLUDING_OT,2305843009213693951,61,64,128,2,20,1048576,64,16384,8,5,0,OK,measured,PASS,P1,included_in_pprf_key_setup_ms,included_in_expand_total_ms,included_in_expand_total_ms,included_in_expand_total_ms,included_in_expand_total_ms,315.587,338.099,653.6859999999999,C++ end-to-end harness exposes aggregate expand per party; finer subphase timers are recorded as included.
2026-07-23T09:15:27.277900+00:00,b33a10fa7851ba0c3a26bea531ffb004f00d9365,RM_VECTOR,INCLUDING_OT,2305843009213693951,61,64,128,2,20,1048576,64,16384,8,6,0,OK,measured,PASS,P0,included_in_pprf_key_setup_ms,included_in_expand_total_ms,included_in_expand_total_ms,included_in_expand_total_ms,included_in_expand_total_ms,337.399,337.399,651.892,C++ end-to-end harness exposes aggregate expand per party; finer subphase timers are recorded as included.
2026-07-23T09:15:27.277904+00:00,b33a10fa7851ba0c3a26bea531ffb004f00d9365,RM_VECTOR,INCLUDING_OT,2305843009213693951,61,64,128,2,20,1048576,64,16384,8,6,0,OK,measured,PASS,P1,included_in_pprf_key_setup_ms,included_in_expand_total_ms,included_in_expand_total_ms,included_in_expand_total_ms,included_in_expand_total_ms,314.493,337.399,651.892,C++ end-to-end harness exposes aggregate expand per party; finer subphase timers are recorded as included.
2026-07-23T09:15:27.277910+00:00,b33a10fa7851ba0c3a26bea531ffb004f00d9365,RM_VECTOR,INCLUDING_OT,2305843009213693951,61,64,128,2,20,1048576,64,16384,8,7,0,OK,measured,PASS,P0,included_in_pprf_key_setup_ms,included_in_expand_total_ms,included_in_expand_total_ms,included_in_expand_total_ms,included_in_expand_total_ms,338.58500000000004,338.58500000000004,655.7460000000001,C++ end-to-end harness exposes aggregate expand per party; finer subphase timers are recorded as included.
2026-07-23T09:15:27.277917+00:00,b33a10fa7851ba0c3a26bea531ffb004f00d9365,RM_VECTOR,INCLUDING_OT,2305843009213693951,61,64,128,2,20,1048576,64,16384,8,7,0,OK,measured,PASS,P1,included_in_pprf_key_setup_ms,included_in_expand_total_ms,included_in_expand_total_ms,included_in_expand_total_ms,included_in_expand_total_ms,317.161,338.58500000000004,655.7460000000001,C++ end-to-end harness exposes aggregate expand per party; finer subphase timers are recorded as included.
2026-07-23T09:15:27.277924+00:00,b33a10fa7851ba0c3a26bea531ffb004f00d9365,RM_VECTOR,INCLUDING_OT,2305843009213693951,61,64,128,2,20,1048576,64,16384,8,8,0,OK,measured,PASS,P0,included_in_pprf_key_setup_ms,included_in_expand_total_ms,included_in_expand_total_ms,included_in_expand_total_ms,included_in_expand_total_ms,341.09299999999996,341.09299999999996,659.905,C++ end-to-end harness exposes aggregate expand per party; finer subphase timers are recorded as included.
2026-07-23T09:15:27.277929+00:00,b33a10fa7851ba0c3a26bea531ffb004f00d9365,RM_VECTOR,INCLUDING_OT,2305843009213693951,61,64,128,2,20,1048576,64,16384,8,8,0,OK,measured,PASS,P1,included_in_pprf_key_setup_ms,included_in_expand_total_ms,included_in_expand_total_ms,included_in_expand_total_ms,included_in_expand_total_ms,318.812,341.09299999999996,659.905,C++ end-to-end harness exposes aggregate expand per party; finer subphase timers are recorded as included.
2026-07-23T09:15:27.277935+00:00,b33a10fa7851ba0c3a26bea531ffb004f00d9365,RM_VECTOR,INCLUDING_OT,2305843009213693951,61,64,128,2,20,1048576,64,16384,8,9,0,OK,measured,PASS,P0,included_in_pprf_key_setup_ms,included_in_expand_total_ms,included_in_expand_total_ms,included_in_expand_total_ms,included_in_expand_total_ms,339.404,339.404,657.194,C++ end-to-end harness exposes aggregate expand per party; finer subphase timers are recorded as included.
2026-07-23T09:15:27.277942+00:00,b33a10fa7851ba0c3a26bea531ffb004f00d9365,RM_VECTOR,INCLUDING_OT,2305843009213693951,61,64,128,2,20,1048576,64,16384,8,9,0,OK,measured,PASS,P1,included_in_pprf_key_setup_ms,included_in_expand_total_ms,included_in_expand_total_ms,included_in_expand_total_ms,included_in_expand_total_ms,317.79,339.404,657.194,C++ end-to-end harness exposes aggregate expand per party; finer subphase timers are recorded as included.
2026-07-23T09:15:27.277948+00:00,b33a10fa7851ba0c3a26bea531ffb004f00d9365,RM_COORD,INCLUDING_OT,2305843009213693951,61,64,128,2,20,1048576,64,16384,8,-1,1,OK,measured,PASS,P0,included_in_pprf_key_setup_ms,included_in_expand_total_ms,included_in_expand_total_ms,included_in_expand_total_ms,included_in_expand_total_ms,339.749,339.749,660.363,C++ end-to-end harness exposes aggregate expand per party; finer subphase timers are recorded as included.
2026-07-23T09:15:27.277953+00:00,b33a10fa7851ba0c3a26bea531ffb004f00d9365,RM_COORD,INCLUDING_OT,2305843009213693951,61,64,128,2,20,1048576,64,16384,8,-1,1,OK,measured,PASS,P1,included_in_pprf_key_setup_ms,included_in_expand_total_ms,included_in_expand_total_ms,included_in_expand_total_ms,included_in_expand_total_ms,320.61400000000003,339.749,660.363,C++ end-to-end harness exposes aggregate expand per party; finer subphase timers are recorded as included.
2026-07-23T09:15:27.277961+00:00,b33a10fa7851ba0c3a26bea531ffb004f00d9365,RM_COORD,INCLUDING_OT,2305843009213693951,61,64,128,2,20,1048576,64,16384,8,0,0,OK,measured,PASS,P0,included_in_pprf_key_setup_ms,included_in_expand_total_ms,included_in_expand_total_ms,included_in_expand_total_ms,included_in_expand_total_ms,338.175,338.175,655.889,C++ end-to-end harness exposes aggregate expand per party; finer subphase timers are recorded as included.
2026-07-23T09:15:27.277965+00:00,b33a10fa7851ba0c3a26bea531ffb004f00d9365,RM_COORD,INCLUDING_OT,2305843009213693951,61,64,128,2,20,1048576,64,16384,8,0,0,OK,measured,PASS,P1,included_in_pprf_key_setup_ms,included_in_expand_total_ms,included_in_expand_total_ms,included_in_expand_total_ms,included_in_expand_total_ms,317.714,338.175,655.889,C++ end-to-end harness exposes aggregate expand per party; finer subphase timers are recorded as included.
2026-07-23T09:15:27.277971+00:00,b33a10fa7851ba0c3a26bea531ffb004f00d9365,RM_COORD,INCLUDING_OT,2305843009213693951,61,64,128,2,20,1048576,64,16384,8,1,0,OK,measured,PASS,P0,included_in_pprf_key_setup_ms,included_in_expand_total_ms,included_in_expand_total_ms,included_in_expand_total_ms,included_in_expand_total_ms,339.331,339.331,659.1690000000001,C++ end-to-end harness exposes aggregate expand per party; finer subphase timers are recorded as included.
2026-07-23T09:15:27.277976+00:00,b33a10fa7851ba0c3a26bea531ffb004f00d9365,RM_COORD,INCLUDING_OT,2305843009213693951,61,64,128,2,20,1048576,64,16384,8,1,0,OK,measured,PASS,P1,included_in_pprf_key_setup_ms,included_in_expand_total_ms,included_in_expand_total_ms,included_in_expand_total_ms,included_in_expand_total_ms,319.838,339.331,659.1690000000001,C++ end-to-end harness exposes aggregate expand per party; finer subphase timers are recorded as included.
2026-07-23T09:15:27.277984+00:00,b33a10fa7851ba0c3a26bea531ffb004f00d9365,RM_COORD,INCLUDING_OT,2305843009213693951,61,64,128,2,20,1048576,64,16384,8,2,0,OK,measured,PASS,P0,included_in_pprf_key_setup_ms,included_in_expand_total_ms,included_in_expand_total_ms,included_in_expand_total_ms,included_in_expand_total_ms,338.374,338.374,656.1600000000001,C++ end-to-end harness exposes aggregate expand per party; finer subphase timers are recorded as included.
2026-07-23T09:15:27.277989+00:00,b33a10fa7851ba0c3a26bea531ffb004f00d9365,RM_COORD,INCLUDING_OT,2305843009213693951,61,64,128,2,20,1048576,64,16384,8,2,0,OK,measured,PASS,P1,included_in_pprf_key_setup_ms,included_in_expand_total_ms,included_in_expand_total_ms,included_in_expand_total_ms,included_in_expand_total_ms,317.786,338.374,656.1600000000001,C++ end-to-end harness exposes aggregate expand per party; finer subphase timers are recorded as included.
2026-07-23T09:15:27.277996+00:00,b33a10fa7851ba0c3a26bea531ffb004f00d9365,RM_COORD,INCLUDING_OT,2305843009213693951,61,64,128,2,20,1048576,64,16384,8,3,0,OK,measured,PASS,P0,included_in_pprf_key_setup_ms,included_in_expand_total_ms,included_in_expand_total_ms,included_in_expand_total_ms,included_in_expand_total_ms,340.603,340.603,661.887,C++ end-to-end harness exposes aggregate expand per party; finer subphase timers are recorded as included.
2026-07-23T09:15:27.278001+00:00,b33a10fa7851ba0c3a26bea531ffb004f00d9365,RM_COORD,INCLUDING_OT,2305843009213693951,61,64,128,2,20,1048576,64,16384,8,3,0,OK,measured,PASS,P1,included_in_pprf_key_setup_ms,included_in_expand_total_ms,included_in_expand_total_ms,included_in_expand_total_ms,included_in_expand_total_ms,321.284,340.603,661.887,C++ end-to-end harness exposes aggregate expand per party; finer subphase timers are recorded as included.
2026-07-23T09:15:27.278258+00:00,b33a10fa7851ba0c3a26bea531ffb004f00d9365,RM_COORD,INCLUDING_OT,2305843009213693951,61,64,128,2,20,1048576,64,16384,8,4,0,OK,measured,PASS,P0,included_in_pprf_key_setup_ms,included_in_expand_total_ms,included_in_expand_total_ms,included_in_expand_total_ms,included_in_expand_total_ms,338.697,338.697,657.697,C++ end-to-end harness exposes aggregate expand per party; finer subphase timers are recorded as included.
2026-07-23T09:15:27.278274+00:00,b33a10fa7851ba0c3a26bea531ffb004f00d9365,RM_COORD,INCLUDING_OT,2305843009213693951,61,64,128,2,20,1048576,64,16384,8,4,0,OK,measured,PASS,P1,included_in_pprf_key_setup_ms,included_in_expand_total_ms,included_in_expand_total_ms,included_in_expand_total_ms,included_in_expand_total_ms,319.0,338.697,657.697,C++ end-to-end harness exposes aggregate expand per party; finer subphase timers are recorded as included.
2026-07-23T09:15:27.278280+00:00,b33a10fa7851ba0c3a26bea531ffb004f00d9365,RM_COORD,INCLUDING_OT,2305843009213693951,61,64,128,2,20,1048576,64,16384,8,5,0,OK,measured,PASS,P0,included_in_pprf_key_setup_ms,included_in_expand_total_ms,included_in_expand_total_ms,included_in_expand_total_ms,included_in_expand_total_ms,342.387,342.387,663.35,C++ end-to-end harness exposes aggregate expand per party; finer subphase timers are recorded as included.
2026-07-23T09:15:27.278288+00:00,b33a10fa7851ba0c3a26bea531ffb004f00d9365,RM_COORD,INCLUDING_OT,2305843009213693951,61,64,128,2,20,1048576,64,16384,8,5,0,OK,measured,PASS,P1,included_in_pprf_key_setup_ms,included_in_expand_total_ms,included_in_expand_total_ms,included_in_expand_total_ms,included_in_expand_total_ms,320.963,342.387,663.35,C++ end-to-end harness exposes aggregate expand per party; finer subphase timers are recorded as included.
2026-07-23T09:15:27.278294+00:00,b33a10fa7851ba0c3a26bea531ffb004f00d9365,RM_COORD,INCLUDING_OT,2305843009213693951,61,64,128,2,20,1048576,64,16384,8,6,0,OK,measured,PASS,P0,included_in_pprf_key_setup_ms,included_in_expand_total_ms,included_in_expand_total_ms,included_in_expand_total_ms,included_in_expand_total_ms,339.60200000000003,339.60200000000003,666.815,C++ end-to-end harness exposes aggregate expand per party; finer subphase timers are recorded as included.
2026-07-23T09:15:27.278299+00:00,b33a10fa7851ba0c3a26bea531ffb004f00d9365,RM_COORD,INCLUDING_OT,2305843009213693951,61,64,128,2,20,1048576,64,16384,8,6,0,OK,measured,PASS,P1,included_in_pprf_key_setup_ms,included_in_expand_total_ms,included_in_expand_total_ms,included_in_expand_total_ms,included_in_expand_total_ms,327.21299999999997,339.60200000000003,666.815,C++ end-to-end harness exposes aggregate expand per party; finer subphase timers are recorded as included.
2026-07-23T09:15:27.278308+00:00,b33a10fa7851ba0c3a26bea531ffb004f00d9365,RM_COORD,INCLUDING_OT,2305843009213693951,61,64,128,2,20,1048576,64,16384,8,7,0,OK,measured,PASS,P0,included_in_pprf_key_setup_ms,included_in_expand_total_ms,included_in_expand_total_ms,included_in_expand_total_ms,included_in_expand_total_ms,340.09299999999996,340.09299999999996,659.105,C++ end-to-end harness exposes aggregate expand per party; finer subphase timers are recorded as included.
2026-07-23T09:15:27.278315+00:00,b33a10fa7851ba0c3a26bea531ffb004f00d9365,RM_COORD,INCLUDING_OT,2305843009213693951,61,64,128,2,20,1048576,64,16384,8,7,0,OK,measured,PASS,P1,included_in_pprf_key_setup_ms,included_in_expand_total_ms,included_in_expand_total_ms,included_in_expand_total_ms,included_in_expand_total_ms,319.012,340.09299999999996,659.105,C++ end-to-end harness exposes aggregate expand per party; finer subphase timers are recorded as included.
2026-07-23T09:15:27.278322+00:00,b33a10fa7851ba0c3a26bea531ffb004f00d9365,RM_COORD,INCLUDING_OT,2305843009213693951,61,64,128,2,20,1048576,64,16384,8,8,0,OK,measured,PASS,P0,included_in_pprf_key_setup_ms,included_in_expand_total_ms,included_in_expand_total_ms,included_in_expand_total_ms,included_in_expand_total_ms,343.457,343.457,665.1189999999999,C++ end-to-end harness exposes aggregate expand per party; finer subphase timers are recorded as included.
2026-07-23T09:15:27.278329+00:00,b33a10fa7851ba0c3a26bea531ffb004f00d9365,RM_COORD,INCLUDING_OT,2305843009213693951,61,64,128,2,20,1048576,64,16384,8,8,0,OK,measured,PASS,P1,included_in_pprf_key_setup_ms,included_in_expand_total_ms,included_in_expand_total_ms,included_in_expand_total_ms,included_in_expand_total_ms,321.662,343.457,665.1189999999999,C++ end-to-end harness exposes aggregate expand per party; finer subphase timers are recorded as included.
2026-07-23T09:15:27.278337+00:00,b33a10fa7851ba0c3a26bea531ffb004f00d9365,RM_COORD,INCLUDING_OT,2305843009213693951,61,64,128,2,20,1048576,64,16384,8,9,0,OK,measured,PASS,P0,included_in_pprf_key_setup_ms,included_in_expand_total_ms,included_in_expand_total_ms,included_in_expand_total_ms,included_in_expand_total_ms,342.094,342.094,665.67,C++ end-to-end harness exposes aggregate expand per party; finer subphase timers are recorded as included.
2026-07-23T09:15:27.278346+00:00,b33a10fa7851ba0c3a26bea531ffb004f00d9365,RM_COORD,INCLUDING_OT,2305843009213693951,61,64,128,2,20,1048576,64,16384,8,9,0,OK,measured,PASS,P1,included_in_pprf_key_setup_ms,included_in_expand_total_ms,included_in_expand_total_ms,included_in_expand_total_ms,included_in_expand_total_ms,323.57599999999996,342.094,665.67,C++ end-to-end harness exposes aggregate expand per party; finer subphase timers are recorded as included.
2026-07-23T09:15:27.278353+00:00,b33a10fa7851ba0c3a26bea531ffb004f00d9365,RM_VECTOR,INCLUDING_OT,2305843009213693951,61,64,128,2,20,1048576,64,16384,16,-1,1,OK,measured,PASS,P0,included_in_pprf_key_setup_ms,included_in_expand_total_ms,included_in_expand_total_ms,included_in_expand_total_ms,included_in_expand_total_ms,697.6569999999999,697.6569999999999,1381.132,C++ end-to-end harness exposes aggregate expand per party; finer subphase timers are recorded as included.
2026-07-23T09:15:27.278358+00:00,b33a10fa7851ba0c3a26bea531ffb004f00d9365,RM_VECTOR,INCLUDING_OT,2305843009213693951,61,64,128,2,20,1048576,64,16384,16,-1,1,OK,measured,PASS,P1,included_in_pprf_key_setup_ms,included_in_expand_total_ms,included_in_expand_total_ms,included_in_expand_total_ms,included_in_expand_total_ms,683.475,697.6569999999999,1381.132,C++ end-to-end harness exposes aggregate expand per party; finer subphase timers are recorded as included.
2026-07-23T09:15:27.278366+00:00,b33a10fa7851ba0c3a26bea531ffb004f00d9365,RM_VECTOR,INCLUDING_OT,2305843009213693951,61,64,128,2,20,1048576,64,16384,16,0,0,OK,measured,PASS,P0,included_in_pprf_key_setup_ms,included_in_expand_total_ms,included_in_expand_total_ms,included_in_expand_total_ms,included_in_expand_total_ms,696.323,696.323,1373.826,C++ end-to-end harness exposes aggregate expand per party; finer subphase timers are recorded as included.
2026-07-23T09:15:27.278373+00:00,b33a10fa7851ba0c3a26bea531ffb004f00d9365,RM_VECTOR,INCLUDING_OT,2305843009213693951,61,64,128,2,20,1048576,64,16384,16,0,0,OK,measured,PASS,P1,included_in_pprf_key_setup_ms,included_in_expand_total_ms,included_in_expand_total_ms,included_in_expand_total_ms,included_in_expand_total_ms,677.5029999999999,696.323,1373.826,C++ end-to-end harness exposes aggregate expand per party; finer subphase timers are recorded as included.
2026-07-23T09:15:27.278380+00:00,b33a10fa7851ba0c3a26bea531ffb004f00d9365,RM_VECTOR,INCLUDING_OT,2305843009213693951,61,64,128,2,20,1048576,64,16384,16,1,0,OK,measured,PASS,P0,included_in_pprf_key_setup_ms,included_in_expand_total_ms,included_in_expand_total_ms,included_in_expand_total_ms,included_in_expand_total_ms,695.5029999999999,695.5029999999999,1374.6219999999998,C++ end-to-end harness exposes aggregate expand per party; finer subphase timers are recorded as included.
2026-07-23T09:15:27.278384+00:00,b33a10fa7851ba0c3a26bea531ffb004f00d9365,RM_VECTOR,INCLUDING_OT,2305843009213693951,61,64,128,2,20,1048576,64,16384,16,1,0,OK,measured,PASS,P1,included_in_pprf_key_setup_ms,included_in_expand_total_ms,included_in_expand_total_ms,included_in_expand_total_ms,included_in_expand_total_ms,679.119,695.5029999999999,1374.6219999999998,C++ end-to-end harness exposes aggregate expand per party; finer subphase timers are recorded as included.
2026-07-23T09:15:27.278393+00:00,b33a10fa7851ba0c3a26bea531ffb004f00d9365,RM_VECTOR,INCLUDING_OT,2305843009213693951,61,64,128,2,20,1048576,64,16384,16,2,0,OK,measured,PASS,P0,included_in_pprf_key_setup_ms,included_in_expand_total_ms,included_in_expand_total_ms,included_in_expand_total_ms,included_in_expand_total_ms,700.6949999999999,700.6949999999999,1385.849,C++ end-to-end harness exposes aggregate expand per party; finer subphase timers are recorded as included.
2026-07-23T09:15:27.278398+00:00,b33a10fa7851ba0c3a26bea531ffb004f00d9365,RM_VECTOR,INCLUDING_OT,2305843009213693951,61,64,128,2,20,1048576,64,16384,16,2,0,OK,measured,PASS,P1,included_in_pprf_key_setup_ms,included_in_expand_total_ms,included_in_expand_total_ms,included_in_expand_total_ms,included_in_expand_total_ms,685.154,700.6949999999999,1385.849,C++ end-to-end harness exposes aggregate expand per party; finer subphase timers are recorded as included.
2026-07-23T09:15:27.278404+00:00,b33a10fa7851ba0c3a26bea531ffb004f00d9365,RM_VECTOR,INCLUDING_OT,2305843009213693951,61,64,128,2,20,1048576,64,16384,16,3,0,OK,measured,PASS,P0,included_in_pprf_key_setup_ms,included_in_expand_total_ms,included_in_expand_total_ms,included_in_expand_total_ms,included_in_expand_total_ms,692.847,692.847,1371.3890000000001,C++ end-to-end harness exposes aggregate expand per party; finer subphase timers are recorded as included.
2026-07-23T09:15:27.278409+00:00,b33a10fa7851ba0c3a26bea531ffb004f00d9365,RM_VECTOR,INCLUDING_OT,2305843009213693951,61,64,128,2,20,1048576,64,16384,16,3,0,OK,measured,PASS,P1,included_in_pprf_key_setup_ms,included_in_expand_total_ms,included_in_expand_total_ms,included_in_expand_total_ms,included_in_expand_total_ms,678.542,692.847,1371.3890000000001,C++ end-to-end harness exposes aggregate expand per party; finer subphase timers are recorded as included.
2026-07-23T09:15:27.278419+00:00,b33a10fa7851ba0c3a26bea531ffb004f00d9365,RM_VECTOR,INCLUDING_OT,2305843009213693951,61,64,128,2,20,1048576,64,16384,16,4,0,OK,measured,PASS,P0,included_in_pprf_key_setup_ms,included_in_expand_total_ms,included_in_expand_total_ms,included_in_expand_total_ms,included_in_expand_total_ms,693.0070000000001,693.0070000000001,1371.9140000000002,C++ end-to-end harness exposes aggregate expand per party; finer subphase timers are recorded as included.
2026-07-23T09:15:27.278424+00:00,b33a10fa7851ba0c3a26bea531ffb004f00d9365,RM_VECTOR,INCLUDING_OT,2305843009213693951,61,64,128,2,20,1048576,64,16384,16,4,0,OK,measured,PASS,P1,included_in_pprf_key_setup_ms,included_in_expand_total_ms,included_in_expand_total_ms,included_in_expand_total_ms,included_in_expand_total_ms,678.907,693.0070000000001,1371.9140000000002,C++ end-to-end harness exposes aggregate expand per party; finer subphase timers are recorded as included.
2026-07-23T09:15:27.278430+00:00,b33a10fa7851ba0c3a26bea531ffb004f00d9365,RM_VECTOR,INCLUDING_OT,2305843009213693951,61,64,128,2,20,1048576,64,16384,16,5,0,OK,measured,PASS,P0,included_in_pprf_key_setup_ms,included_in_expand_total_ms,included_in_expand_total_ms,included_in_expand_total_ms,included_in_expand_total_ms,692.3249999999999,692.3249999999999,1369.0749999999998,C++ end-to-end harness exposes aggregate expand per party; finer subphase timers are recorded as included.
2026-07-23T09:15:27.278437+00:00,b33a10fa7851ba0c3a26bea531ffb004f00d9365,RM_VECTOR,INCLUDING_OT,2305843009213693951,61,64,128,2,20,1048576,64,16384,16,5,0,OK,measured,PASS,P1,included_in_pprf_key_setup_ms,included_in_expand_total_ms,included_in_expand_total_ms,included_in_expand_total_ms,included_in_expand_total_ms,676.75,692.3249999999999,1369.0749999999998,C++ end-to-end harness exposes aggregate expand per party; finer subphase timers are recorded as included.
2026-07-23T09:15:27.278443+00:00,b33a10fa7851ba0c3a26bea531ffb004f00d9365,RM_VECTOR,INCLUDING_OT,2305843009213693951,61,64,128,2,20,1048576,64,16384,16,6,0,OK,measured,PASS,P0,included_in_pprf_key_setup_ms,included_in_expand_total_ms,included_in_expand_total_ms,included_in_expand_total_ms,included_in_expand_total_ms,691.7149999999999,691.7149999999999,1371.8829999999998,C++ end-to-end harness exposes aggregate expand per party; finer subphase timers are recorded as included.
2026-07-23T09:15:27.278448+00:00,b33a10fa7851ba0c3a26bea531ffb004f00d9365,RM_VECTOR,INCLUDING_OT,2305843009213693951,61,64,128,2,20,1048576,64,16384,16,6,0,OK,measured,PASS,P1,included_in_pprf_key_setup_ms,included_in_expand_total_ms,included_in_expand_total_ms,included_in_expand_total_ms,included_in_expand_total_ms,680.168,691.7149999999999,1371.8829999999998,C++ end-to-end harness exposes aggregate expand per party; finer subphase timers are recorded as included.
2026-07-23T09:15:27.278453+00:00,b33a10fa7851ba0c3a26bea531ffb004f00d9365,RM_VECTOR,INCLUDING_OT,2305843009213693951,61,64,128,2,20,1048576,64,16384,16,7,0,OK,measured,PASS,P0,included_in_pprf_key_setup_ms,included_in_expand_total_ms,included_in_expand_total_ms,included_in_expand_total_ms,included_in_expand_total_ms,694.579,694.579,1375.6019999999999,C++ end-to-end harness exposes aggregate expand per party; finer subphase timers are recorded as included.
2026-07-23T09:15:27.278460+00:00,b33a10fa7851ba0c3a26bea531ffb004f00d9365,RM_VECTOR,INCLUDING_OT,2305843009213693951,61,64,128,2,20,1048576,64,16384,16,7,0,OK,measured,PASS,P1,included_in_pprf_key_setup_ms,included_in_expand_total_ms,included_in_expand_total_ms,included_in_expand_total_ms,included_in_expand_total_ms,681.023,694.579,1375.6019999999999,C++ end-to-end harness exposes aggregate expand per party; finer subphase timers are recorded as included.
2026-07-23T09:15:27.278466+00:00,b33a10fa7851ba0c3a26bea531ffb004f00d9365,RM_VECTOR,INCLUDING_OT,2305843009213693951,61,64,128,2,20,1048576,64,16384,16,8,0,OK,measured,PASS,P0,included_in_pprf_key_setup_ms,included_in_expand_total_ms,included_in_expand_total_ms,included_in_expand_total_ms,included_in_expand_total_ms,689.8689999999999,689.8689999999999,1367.6909999999998,C++ end-to-end harness exposes aggregate expand per party; finer subphase timers are recorded as included.
2026-07-23T09:15:27.278471+00:00,b33a10fa7851ba0c3a26bea531ffb004f00d9365,RM_VECTOR,INCLUDING_OT,2305843009213693951,61,64,128,2,20,1048576,64,16384,16,8,0,OK,measured,PASS,P1,included_in_pprf_key_setup_ms,included_in_expand_total_ms,included_in_expand_total_ms,included_in_expand_total_ms,included_in_expand_total_ms,677.822,689.8689999999999,1367.6909999999998,C++ end-to-end harness exposes aggregate expand per party; finer subphase timers are recorded as included.
2026-07-23T09:15:27.278477+00:00,b33a10fa7851ba0c3a26bea531ffb004f00d9365,RM_VECTOR,INCLUDING_OT,2305843009213693951,61,64,128,2,20,1048576,64,16384,16,9,0,OK,measured,PASS,P0,included_in_pprf_key_setup_ms,included_in_expand_total_ms,included_in_expand_total_ms,included_in_expand_total_ms,included_in_expand_total_ms,696.554,696.554,1378.493,C++ end-to-end harness exposes aggregate expand per party; finer subphase timers are recorded as included.
2026-07-23T09:15:27.278483+00:00,b33a10fa7851ba0c3a26bea531ffb004f00d9365,RM_VECTOR,INCLUDING_OT,2305843009213693951,61,64,128,2,20,1048576,64,16384,16,9,0,OK,measured,PASS,P1,included_in_pprf_key_setup_ms,included_in_expand_total_ms,included_in_expand_total_ms,included_in_expand_total_ms,included_in_expand_total_ms,681.939,696.554,1378.493,C++ end-to-end harness exposes aggregate expand per party; finer subphase timers are recorded as included.
2026-07-23T09:15:27.278491+00:00,b33a10fa7851ba0c3a26bea531ffb004f00d9365,RM_COORD,INCLUDING_OT,2305843009213693951,61,64,128,2,20,1048576,64,16384,16,-1,1,OK,measured,PASS,P0,included_in_pprf_key_setup_ms,included_in_expand_total_ms,included_in_expand_total_ms,included_in_expand_total_ms,included_in_expand_total_ms,689.698,689.698,1366.1889999999999,C++ end-to-end harness exposes aggregate expand per party; finer subphase timers are recorded as included.
2026-07-23T09:15:27.278495+00:00,b33a10fa7851ba0c3a26bea531ffb004f00d9365,RM_COORD,INCLUDING_OT,2305843009213693951,61,64,128,2,20,1048576,64,16384,16,-1,1,OK,measured,PASS,P1,included_in_pprf_key_setup_ms,included_in_expand_total_ms,included_in_expand_total_ms,included_in_expand_total_ms,included_in_expand_total_ms,676.491,689.698,1366.1889999999999,C++ end-to-end harness exposes aggregate expand per party; finer subphase timers are recorded as included.
2026-07-23T09:15:27.278505+00:00,b33a10fa7851ba0c3a26bea531ffb004f00d9365,RM_COORD,INCLUDING_OT,2305843009213693951,61,64,128,2,20,1048576,64,16384,16,0,0,OK,measured,PASS,P0,included_in_pprf_key_setup_ms,included_in_expand_total_ms,included_in_expand_total_ms,included_in_expand_total_ms,included_in_expand_total_ms,691.289,691.289,1363.5949999999998,C++ end-to-end harness exposes aggregate expand per party; finer subphase timers are recorded as included.
2026-07-23T09:15:27.278509+00:00,b33a10fa7851ba0c3a26bea531ffb004f00d9365,RM_COORD,INCLUDING_OT,2305843009213693951,61,64,128,2,20,1048576,64,16384,16,0,0,OK,measured,PASS,P1,included_in_pprf_key_setup_ms,included_in_expand_total_ms,included_in_expand_total_ms,included_in_expand_total_ms,included_in_expand_total_ms,672.3059999999999,691.289,1363.5949999999998,C++ end-to-end harness exposes aggregate expand per party; finer subphase timers are recorded as included.
2026-07-23T09:15:27.278515+00:00,b33a10fa7851ba0c3a26bea531ffb004f00d9365,RM_COORD,INCLUDING_OT,2305843009213693951,61,64,128,2,20,1048576,64,16384,16,1,0,OK,measured,PASS,P0,included_in_pprf_key_setup_ms,included_in_expand_total_ms,included_in_expand_total_ms,included_in_expand_total_ms,included_in_expand_total_ms,695.451,695.451,1378.46,C++ end-to-end harness exposes aggregate expand per party; finer subphase timers are recorded as included.
2026-07-23T09:15:27.278528+00:00,b33a10fa7851ba0c3a26bea531ffb004f00d9365,RM_COORD,INCLUDING_OT,2305843009213693951,61,64,128,2,20,1048576,64,16384,16,1,0,OK,measured,PASS,P1,included_in_pprf_key_setup_ms,included_in_expand_total_ms,included_in_expand_total_ms,included_in_expand_total_ms,included_in_expand_total_ms,683.009,695.451,1378.46,C++ end-to-end harness exposes aggregate expand per party; finer subphase timers are recorded as included.
2026-07-23T09:15:27.278535+00:00,b33a10fa7851ba0c3a26bea531ffb004f00d9365,RM_COORD,INCLUDING_OT,2305843009213693951,61,64,128,2,20,1048576,64,16384,16,2,0,OK,measured,PASS,P0,included_in_pprf_key_setup_ms,included_in_expand_total_ms,included_in_expand_total_ms,included_in_expand_total_ms,included_in_expand_total_ms,687.183,687.183,1360.3919999999998,C++ end-to-end harness exposes aggregate expand per party; finer subphase timers are recorded as included.
2026-07-23T09:15:27.278540+00:00,b33a10fa7851ba0c3a26bea531ffb004f00d9365,RM_COORD,INCLUDING_OT,2305843009213693951,61,64,128,2,20,1048576,64,16384,16,2,0,OK,measured,PASS,P1,included_in_pprf_key_setup_ms,included_in_expand_total_ms,included_in_expand_total_ms,included_in_expand_total_ms,included_in_expand_total_ms,673.209,687.183,1360.3919999999998,C++ end-to-end harness exposes aggregate expand per party; finer subphase timers are recorded as included.
2026-07-23T09:15:27.278546+00:00,b33a10fa7851ba0c3a26bea531ffb004f00d9365,RM_COORD,INCLUDING_OT,2305843009213693951,61,64,128,2,20,1048576,64,16384,16,3,0,OK,measured,PASS,P0,included_in_pprf_key_setup_ms,included_in_expand_total_ms,included_in_expand_total_ms,included_in_expand_total_ms,included_in_expand_total_ms,690.846,690.846,1367.6019999999999,C++ end-to-end harness exposes aggregate expand per party; finer subphase timers are recorded as included.
2026-07-23T09:15:27.278551+00:00,b33a10fa7851ba0c3a26bea531ffb004f00d9365,RM_COORD,INCLUDING_OT,2305843009213693951,61,64,128,2,20,1048576,64,16384,16,3,0,OK,measured,PASS,P1,included_in_pprf_key_setup_ms,included_in_expand_total_ms,included_in_expand_total_ms,included_in_expand_total_ms,included_in_expand_total_ms,676.756,690.846,1367.6019999999999,C++ end-to-end harness exposes aggregate expand per party; finer subphase timers are recorded as included.
2026-07-23T09:15:27.278559+00:00,b33a10fa7851ba0c3a26bea531ffb004f00d9365,RM_COORD,INCLUDING_OT,2305843009213693951,61,64,128,2,20,1048576,64,16384,16,4,0,OK,measured,PASS,P0,included_in_pprf_key_setup_ms,included_in_expand_total_ms,included_in_expand_total_ms,included_in_expand_total_ms,included_in_expand_total_ms,686.678,686.678,1360.016,C++ end-to-end harness exposes aggregate expand per party; finer subphase timers are recorded as included.
2026-07-23T09:15:27.278564+00:00,b33a10fa7851ba0c3a26bea531ffb004f00d9365,RM_COORD,INCLUDING_OT,2305843009213693951,61,64,128,2,20,1048576,64,16384,16,4,0,OK,measured,PASS,P1,included_in_pprf_key_setup_ms,included_in_expand_total_ms,included_in_expand_total_ms,included_in_expand_total_ms,included_in_expand_total_ms,673.338,686.678,1360.016,C++ end-to-end harness exposes aggregate expand per party; finer subphase timers are recorded as included.
2026-07-23T09:15:27.278574+00:00,b33a10fa7851ba0c3a26bea531ffb004f00d9365,RM_COORD,INCLUDING_OT,2305843009213693951,61,64,128,2,20,1048576,64,16384,16,5,0,OK,measured,PASS,P0,included_in_pprf_key_setup_ms,included_in_expand_total_ms,included_in_expand_total_ms,included_in_expand_total_ms,included_in_expand_total_ms,686.466,686.466,1359.62,C++ end-to-end harness exposes aggregate expand per party; finer subphase timers are recorded as included.
2026-07-23T09:15:27.278579+00:00,b33a10fa7851ba0c3a26bea531ffb004f00d9365,RM_COORD,INCLUDING_OT,2305843009213693951,61,64,128,2,20,1048576,64,16384,16,5,0,OK,measured,PASS,P1,included_in_pprf_key_setup_ms,included_in_expand_total_ms,included_in_expand_total_ms,included_in_expand_total_ms,included_in_expand_total_ms,673.154,686.466,1359.62,C++ end-to-end harness exposes aggregate expand per party; finer subphase timers are recorded as included.
2026-07-23T09:15:27.278585+00:00,b33a10fa7851ba0c3a26bea531ffb004f00d9365,RM_COORD,INCLUDING_OT,2305843009213693951,61,64,128,2,20,1048576,64,16384,16,6,0,OK,measured,PASS,P0,included_in_pprf_key_setup_ms,included_in_expand_total_ms,included_in_expand_total_ms,included_in_expand_total_ms,included_in_expand_total_ms,689.971,689.971,1369.1370000000002,C++ end-to-end harness exposes aggregate expand per party; finer subphase timers are recorded as included.
2026-07-23T09:15:27.278590+00:00,b33a10fa7851ba0c3a26bea531ffb004f00d9365,RM_COORD,INCLUDING_OT,2305843009213693951,61,64,128,2,20,1048576,64,16384,16,6,0,OK,measured,PASS,P1,included_in_pprf_key_setup_ms,included_in_expand_total_ms,included_in_expand_total_ms,included_in_expand_total_ms,included_in_expand_total_ms,679.166,689.971,1369.1370000000002,C++ end-to-end harness exposes aggregate expand per party; finer subphase timers are recorded as included.
2026-07-23T09:15:27.278610+00:00,b33a10fa7851ba0c3a26bea531ffb004f00d9365,RM_COORD,INCLUDING_OT,2305843009213693951,61,64,128,2,20,1048576,64,16384,16,7,0,OK,measured,PASS,P0,included_in_pprf_key_setup_ms,included_in_expand_total_ms,included_in_expand_total_ms,included_in_expand_total_ms,included_in_expand_total_ms,690.62,690.62,1366.703,C++ end-to-end harness exposes aggregate expand per party; finer subphase timers are recorded as included.
2026-07-23T09:15:27.278618+00:00,b33a10fa7851ba0c3a26bea531ffb004f00d9365,RM_COORD,INCLUDING_OT,2305843009213693951,61,64,128,2,20,1048576,64,16384,16,7,0,OK,measured,PASS,P1,included_in_pprf_key_setup_ms,included_in_expand_total_ms,included_in_expand_total_ms,included_in_expand_total_ms,included_in_expand_total_ms,676.083,690.62,1366.703,C++ end-to-end harness exposes aggregate expand per party; finer subphase timers are recorded as included.
2026-07-23T09:15:27.278624+00:00,b33a10fa7851ba0c3a26bea531ffb004f00d9365,RM_COORD,INCLUDING_OT,2305843009213693951,61,64,128,2,20,1048576,64,16384,16,8,0,OK,measured,PASS,P0,included_in_pprf_key_setup_ms,included_in_expand_total_ms,included_in_expand_total_ms,included_in_expand_total_ms,included_in_expand_total_ms,690.991,690.991,1369.847,C++ end-to-end harness exposes aggregate expand per party; finer subphase timers are recorded as included.
2026-07-23T09:15:27.278629+00:00,b33a10fa7851ba0c3a26bea531ffb004f00d9365,RM_COORD,INCLUDING_OT,2305843009213693951,61,64,128,2,20,1048576,64,16384,16,8,0,OK,measured,PASS,P1,included_in_pprf_key_setup_ms,included_in_expand_total_ms,included_in_expand_total_ms,included_in_expand_total_ms,included_in_expand_total_ms,678.856,690.991,1369.847,C++ end-to-end harness exposes aggregate expand per party; finer subphase timers are recorded as included.
2026-07-23T09:15:27.278643+00:00,b33a10fa7851ba0c3a26bea531ffb004f00d9365,RM_COORD,INCLUDING_OT,2305843009213693951,61,64,128,2,20,1048576,64,16384,16,9,0,OK,measured,PASS,P0,included_in_pprf_key_setup_ms,included_in_expand_total_ms,included_in_expand_total_ms,included_in_expand_total_ms,included_in_expand_total_ms,695.159,695.159,1377.63,C++ end-to-end harness exposes aggregate expand per party; finer subphase timers are recorded as included.
2026-07-23T09:15:27.278648+00:00,b33a10fa7851ba0c3a26bea531ffb004f00d9365,RM_COORD,INCLUDING_OT,2305843009213693951,61,64,128,2,20,1048576,64,16384,16,9,0,OK,measured,PASS,P1,included_in_pprf_key_setup_ms,included_in_expand_total_ms,included_in_expand_total_ms,included_in_expand_total_ms,included_in_expand_total_ms,682.471,695.159,1377.63,C++ end-to-end harness exposes aggregate expand per party; finer subphase timers are recorded as included.
2026-07-23T09:15:27.278654+00:00,b33a10fa7851ba0c3a26bea531ffb004f00d9365,RM_VECTOR,INCLUDING_OT,2305843009213693951,61,64,128,2,20,1048576,64,16384,32,-1,1,OK,measured,PASS,P0,included_in_pprf_key_setup_ms,included_in_expand_total_ms,included_in_expand_total_ms,included_in_expand_total_ms,included_in_expand_total_ms,1459.2130000000002,1459.2130000000002,2893.759,C++ end-to-end harness exposes aggregate expand per party; finer subphase timers are recorded as included.
2026-07-23T09:15:27.278664+00:00,b33a10fa7851ba0c3a26bea531ffb004f00d9365,RM_VECTOR,INCLUDING_OT,2305843009213693951,61,64,128,2,20,1048576,64,16384,32,-1,1,OK,measured,PASS,P1,included_in_pprf_key_setup_ms,included_in_expand_total_ms,included_in_expand_total_ms,included_in_expand_total_ms,included_in_expand_total_ms,1434.546,1459.2130000000002,2893.759,C++ end-to-end harness exposes aggregate expand per party; finer subphase timers are recorded as included.
2026-07-23T09:15:27.278673+00:00,b33a10fa7851ba0c3a26bea531ffb004f00d9365,RM_VECTOR,INCLUDING_OT,2305843009213693951,61,64,128,2,20,1048576,64,16384,32,0,0,OK,measured,PASS,P0,included_in_pprf_key_setup_ms,included_in_expand_total_ms,included_in_expand_total_ms,included_in_expand_total_ms,included_in_expand_total_ms,1451.193,1467.649,2918.8419999999996,C++ end-to-end harness exposes aggregate expand per party; finer subphase timers are recorded as included.
2026-07-23T09:15:27.278677+00:00,b33a10fa7851ba0c3a26bea531ffb004f00d9365,RM_VECTOR,INCLUDING_OT,2305843009213693951,61,64,128,2,20,1048576,64,16384,32,0,0,OK,measured,PASS,P1,included_in_pprf_key_setup_ms,included_in_expand_total_ms,included_in_expand_total_ms,included_in_expand_total_ms,included_in_expand_total_ms,1467.649,1467.649,2918.8419999999996,C++ end-to-end harness exposes aggregate expand per party; finer subphase timers are recorded as included.
2026-07-23T09:15:27.278684+00:00,b33a10fa7851ba0c3a26bea531ffb004f00d9365,RM_VECTOR,INCLUDING_OT,2305843009213693951,61,64,128,2,20,1048576,64,16384,32,1,0,OK,measured,PASS,P0,included_in_pprf_key_setup_ms,included_in_expand_total_ms,included_in_expand_total_ms,included_in_expand_total_ms,included_in_expand_total_ms,1453.035,1453.035,2900.3680000000004,C++ end-to-end harness exposes aggregate expand per party; finer subphase timers are recorded as included.
2026-07-23T09:15:27.278691+00:00,b33a10fa7851ba0c3a26bea531ffb004f00d9365,RM_VECTOR,INCLUDING_OT,2305843009213693951,61,64,128,2,20,1048576,64,16384,32,1,0,OK,measured,PASS,P1,included_in_pprf_key_setup_ms,included_in_expand_total_ms,included_in_expand_total_ms,included_in_expand_total_ms,included_in_expand_total_ms,1447.333,1453.035,2900.3680000000004,C++ end-to-end harness exposes aggregate expand per party; finer subphase timers are recorded as included.
2026-07-23T09:15:27.278697+00:00,b33a10fa7851ba0c3a26bea531ffb004f00d9365,RM_VECTOR,INCLUDING_OT,2305843009213693951,61,64,128,2,20,1048576,64,16384,32,2,0,OK,measured,PASS,P0,included_in_pprf_key_setup_ms,included_in_expand_total_ms,included_in_expand_total_ms,included_in_expand_total_ms,included_in_expand_total_ms,1455.115,1455.115,2887.491,C++ end-to-end harness exposes aggregate expand per party; finer subphase timers are recorded as included.
2026-07-23T09:15:27.278702+00:00,b33a10fa7851ba0c3a26bea531ffb004f00d9365,RM_VECTOR,INCLUDING_OT,2305843009213693951,61,64,128,2,20,1048576,64,16384,32,2,0,OK,measured,PASS,P1,included_in_pprf_key_setup_ms,included_in_expand_total_ms,included_in_expand_total_ms,included_in_expand_total_ms,included_in_expand_total_ms,1432.3760000000002,1455.115,2887.491,C++ end-to-end harness exposes aggregate expand per party; finer subphase timers are recorded as included.
2026-07-23T09:15:27.278723+00:00,b33a10fa7851ba0c3a26bea531ffb004f00d9365,RM_VECTOR,INCLUDING_OT,2305843009213693951,61,64,128,2,20,1048576,64,16384,32,3,0,OK,measured,PASS,P0,included_in_pprf_key_setup_ms,included_in_expand_total_ms,included_in_expand_total_ms,included_in_expand_total_ms,included_in_expand_total_ms,1457.504,1476.368,2933.872,C++ end-to-end harness exposes aggregate expand per party; finer subphase timers are recorded as included.
2026-07-23T09:15:27.278731+00:00,b33a10fa7851ba0c3a26bea531ffb004f00d9365,RM_VECTOR,INCLUDING_OT,2305843009213693951,61,64,128,2,20,1048576,64,16384,32,3,0,OK,measured,PASS,P1,included_in_pprf_key_setup_ms,included_in_expand_total_ms,included_in_expand_total_ms,included_in_expand_total_ms,included_in_expand_total_ms,1476.368,1476.368,2933.872,C++ end-to-end harness exposes aggregate expand per party; finer subphase timers are recorded as included.
2026-07-23T09:15:27.278737+00:00,b33a10fa7851ba0c3a26bea531ffb004f00d9365,RM_VECTOR,INCLUDING_OT,2305843009213693951,61,64,128,2,20,1048576,64,16384,32,4,0,OK,measured,PASS,P0,included_in_pprf_key_setup_ms,included_in_expand_total_ms,included_in_expand_total_ms,included_in_expand_total_ms,included_in_expand_total_ms,1460.607,1460.607,2899.617,C++ end-to-end harness exposes aggregate expand per party; finer subphase timers are recorded as included.
2026-07-23T09:15:27.278743+00:00,b33a10fa7851ba0c3a26bea531ffb004f00d9365,RM_VECTOR,INCLUDING_OT,2305843009213693951,61,64,128,2,20,1048576,64,16384,32,4,0,OK,measured,PASS,P1,included_in_pprf_key_setup_ms,included_in_expand_total_ms,included_in_expand_total_ms,included_in_expand_total_ms,included_in_expand_total_ms,1439.01,1460.607,2899.617,C++ end-to-end harness exposes aggregate expand per party; finer subphase timers are recorded as included.
2026-07-23T09:15:27.278753+00:00,b33a10fa7851ba0c3a26bea531ffb004f00d9365,RM_VECTOR,INCLUDING_OT,2305843009213693951,61,64,128,2,20,1048576,64,16384,32,5,0,OK,measured,PASS,P0,included_in_pprf_key_setup_ms,included_in_expand_total_ms,included_in_expand_total_ms,included_in_expand_total_ms,included_in_expand_total_ms,1454.317,1454.317,2904.947,C++ end-to-end harness exposes aggregate expand per party; finer subphase timers are recorded as included.
2026-07-23T09:15:27.278759+00:00,b33a10fa7851ba0c3a26bea531ffb004f00d9365,RM_VECTOR,INCLUDING_OT,2305843009213693951,61,64,128,2,20,1048576,64,16384,32,5,0,OK,measured,PASS,P1,included_in_pprf_key_setup_ms,included_in_expand_total_ms,included_in_expand_total_ms,included_in_expand_total_ms,included_in_expand_total_ms,1450.63,1454.317,2904.947,C++ end-to-end harness exposes aggregate expand per party; finer subphase timers are recorded as included.
2026-07-23T09:15:27.278766+00:00,b33a10fa7851ba0c3a26bea531ffb004f00d9365,RM_VECTOR,INCLUDING_OT,2305843009213693951,61,64,128,2,20,1048576,64,16384,32,6,0,OK,measured,PASS,P0,included_in_pprf_key_setup_ms,included_in_expand_total_ms,included_in_expand_total_ms,included_in_expand_total_ms,included_in_expand_total_ms,1464.371,1464.371,2912.549,C++ end-to-end harness exposes aggregate expand per party; finer subphase timers are recorded as included.
2026-07-23T09:15:27.278770+00:00,b33a10fa7851ba0c3a26bea531ffb004f00d9365,RM_VECTOR,INCLUDING_OT,2305843009213693951,61,64,128,2,20,1048576,64,16384,32,6,0,OK,measured,PASS,P1,included_in_pprf_key_setup_ms,included_in_expand_total_ms,included_in_expand_total_ms,included_in_expand_total_ms,included_in_expand_total_ms,1448.1779999999999,1464.371,2912.549,C++ end-to-end harness exposes aggregate expand per party; finer subphase timers are recorded as included.
2026-07-23T09:15:27.278779+00:00,b33a10fa7851ba0c3a26bea531ffb004f00d9365,RM_VECTOR,INCLUDING_OT,2305843009213693951,61,64,128,2,20,1048576,64,16384,32,7,0,OK,measured,PASS,P0,included_in_pprf_key_setup_ms,included_in_expand_total_ms,included_in_expand_total_ms,included_in_expand_total_ms,included_in_expand_total_ms,1463.002,1463.002,2904.48,C++ end-to-end harness exposes aggregate expand per party; finer subphase timers are recorded as included.
2026-07-23T09:15:27.278783+00:00,b33a10fa7851ba0c3a26bea531ffb004f00d9365,RM_VECTOR,INCLUDING_OT,2305843009213693951,61,64,128,2,20,1048576,64,16384,32,7,0,OK,measured,PASS,P1,included_in_pprf_key_setup_ms,included_in_expand_total_ms,included_in_expand_total_ms,included_in_expand_total_ms,included_in_expand_total_ms,1441.478,1463.002,2904.48,C++ end-to-end harness exposes aggregate expand per party; finer subphase timers are recorded as included.
2026-07-23T09:15:27.278789+00:00,b33a10fa7851ba0c3a26bea531ffb004f00d9365,RM_VECTOR,INCLUDING_OT,2305843009213693951,61,64,128,2,20,1048576,64,16384,32,8,0,OK,measured,PASS,P0,included_in_pprf_key_setup_ms,included_in_expand_total_ms,included_in_expand_total_ms,included_in_expand_total_ms,included_in_expand_total_ms,1449.503,1456.7,2906.203,C++ end-to-end harness exposes aggregate expand per party; finer subphase timers are recorded as included.
2026-07-23T09:15:27.278794+00:00,b33a10fa7851ba0c3a26bea531ffb004f00d9365,RM_VECTOR,INCLUDING_OT,2305843009213693951,61,64,128,2,20,1048576,64,16384,32,8,0,OK,measured,PASS,P1,included_in_pprf_key_setup_ms,included_in_expand_total_ms,included_in_expand_total_ms,included_in_expand_total_ms,included_in_expand_total_ms,1456.7,1456.7,2906.203,C++ end-to-end harness exposes aggregate expand per party; finer subphase timers are recorded as included.
2026-07-23T09:15:27.278802+00:00,b33a10fa7851ba0c3a26bea531ffb004f00d9365,RM_VECTOR,INCLUDING_OT,2305843009213693951,61,64,128,2,20,1048576,64,16384,32,9,0,OK,measured,PASS,P0,included_in_pprf_key_setup_ms,included_in_expand_total_ms,included_in_expand_total_ms,included_in_expand_total_ms,included_in_expand_total_ms,1458.938,1458.938,2916.284,C++ end-to-end harness exposes aggregate expand per party; finer subphase timers are recorded as included.
2026-07-23T09:15:27.278806+00:00,b33a10fa7851ba0c3a26bea531ffb004f00d9365,RM_VECTOR,INCLUDING_OT,2305843009213693951,61,64,128,2,20,1048576,64,16384,32,9,0,OK,measured,PASS,P1,included_in_pprf_key_setup_ms,included_in_expand_total_ms,included_in_expand_total_ms,included_in_expand_total_ms,included_in_expand_total_ms,1457.346,1458.938,2916.284,C++ end-to-end harness exposes aggregate expand per party; finer subphase timers are recorded as included.
2026-07-23T09:15:27.278812+00:00,b33a10fa7851ba0c3a26bea531ffb004f00d9365,RM_COORD,INCLUDING_OT,2305843009213693951,61,64,128,2,20,1048576,64,16384,32,-1,1,OK,measured,PASS,P0,included_in_pprf_key_setup_ms,included_in_expand_total_ms,included_in_expand_total_ms,included_in_expand_total_ms,included_in_expand_total_ms,1452.753,1452.753,2889.955,C++ end-to-end harness exposes aggregate expand per party; finer subphase timers are recorded as included.
2026-07-23T09:15:27.278819+00:00,b33a10fa7851ba0c3a26bea531ffb004f00d9365,RM_COORD,INCLUDING_OT,2305843009213693951,61,64,128,2,20,1048576,64,16384,32,-1,1,OK,measured,PASS,P1,included_in_pprf_key_setup_ms,included_in_expand_total_ms,included_in_expand_total_ms,included_in_expand_total_ms,included_in_expand_total_ms,1437.202,1452.753,2889.955,C++ end-to-end harness exposes aggregate expand per party; finer subphase timers are recorded as included.
2026-07-23T09:15:27.278827+00:00,b33a10fa7851ba0c3a26bea531ffb004f00d9365,RM_COORD,INCLUDING_OT,2305843009213693951,61,64,128,2,20,1048576,64,16384,32,0,0,OK,measured,PASS,P0,included_in_pprf_key_setup_ms,included_in_expand_total_ms,included_in_expand_total_ms,included_in_expand_total_ms,included_in_expand_total_ms,1436.127,1436.127,2832.675,C++ end-to-end harness exposes aggregate expand per party; finer subphase timers are recorded as included.
2026-07-23T09:15:27.278832+00:00,b33a10fa7851ba0c3a26bea531ffb004f00d9365,RM_COORD,INCLUDING_OT,2305843009213693951,61,64,128,2,20,1048576,64,16384,32,0,0,OK,measured,PASS,P1,included_in_pprf_key_setup_ms,included_in_expand_total_ms,included_in_expand_total_ms,included_in_expand_total_ms,included_in_expand_total_ms,1396.548,1436.127,2832.675,C++ end-to-end harness exposes aggregate expand per party; finer subphase timers are recorded as included.
2026-07-23T09:15:27.278838+00:00,b33a10fa7851ba0c3a26bea531ffb004f00d9365,RM_COORD,INCLUDING_OT,2305843009213693951,61,64,128,2,20,1048576,64,16384,32,1,0,OK,measured,PASS,P0,included_in_pprf_key_setup_ms,included_in_expand_total_ms,included_in_expand_total_ms,included_in_expand_total_ms,included_in_expand_total_ms,1449.384,1449.384,2868.758,C++ end-to-end harness exposes aggregate expand per party; finer subphase timers are recorded as included.
2026-07-23T09:15:27.278844+00:00,b33a10fa7851ba0c3a26bea531ffb004f00d9365,RM_COORD,INCLUDING_OT,2305843009213693951,61,64,128,2,20,1048576,64,16384,32,1,0,OK,measured,PASS,P1,included_in_pprf_key_setup_ms,included_in_expand_total_ms,included_in_expand_total_ms,included_in_expand_total_ms,included_in_expand_total_ms,1419.374,1449.384,2868.758,C++ end-to-end harness exposes aggregate expand per party; finer subphase timers are recorded as included.
2026-07-23T09:15:27.278850+00:00,b33a10fa7851ba0c3a26bea531ffb004f00d9365,RM_COORD,INCLUDING_OT,2305843009213693951,61,64,128,2,20,1048576,64,16384,32,2,0,OK,measured,PASS,P0,included_in_pprf_key_setup_ms,included_in_expand_total_ms,included_in_expand_total_ms,included_in_expand_total_ms,included_in_expand_total_ms,1448.234,1448.234,2868.876,C++ end-to-end harness exposes aggregate expand per party; finer subphase timers are recorded as included.
2026-07-23T09:15:27.278855+00:00,b33a10fa7851ba0c3a26bea531ffb004f00d9365,RM_COORD,INCLUDING_OT,2305843009213693951,61,64,128,2,20,1048576,64,16384,32,2,0,OK,measured,PASS,P1,included_in_pprf_key_setup_ms,included_in_expand_total_ms,included_in_expand_total_ms,included_in_expand_total_ms,included_in_expand_total_ms,1420.642,1448.234,2868.876,C++ end-to-end harness exposes aggregate expand per party; finer subphase timers are recorded as included.
2026-07-23T09:15:27.278860+00:00,b33a10fa7851ba0c3a26bea531ffb004f00d9365,RM_COORD,INCLUDING_OT,2305843009213693951,61,64,128,2,20,1048576,64,16384,32,3,0,OK,measured,PASS,P0,included_in_pprf_key_setup_ms,included_in_expand_total_ms,included_in_expand_total_ms,included_in_expand_total_ms,included_in_expand_total_ms,1440.5939999999998,1440.5939999999998,2875.724,C++ end-to-end harness exposes aggregate expand per party; finer subphase timers are recorded as included.
2026-07-23T09:15:27.278867+00:00,b33a10fa7851ba0c3a26bea531ffb004f00d9365,RM_COORD,INCLUDING_OT,2305843009213693951,61,64,128,2,20,1048576,64,16384,32,3,0,OK,measured,PASS,P1,included_in_pprf_key_setup_ms,included_in_expand_total_ms,included_in_expand_total_ms,included_in_expand_total_ms,included_in_expand_total_ms,1435.13,1440.5939999999998,2875.724,C++ end-to-end harness exposes aggregate expand per party; finer subphase timers are recorded as included.
2026-07-23T09:15:27.278873+00:00,b33a10fa7851ba0c3a26bea531ffb004f00d9365,RM_COORD,INCLUDING_OT,2305843009213693951,61,64,128,2,20,1048576,64,16384,32,4,0,OK,measured,PASS,P0,included_in_pprf_key_setup_ms,included_in_expand_total_ms,included_in_expand_total_ms,included_in_expand_total_ms,included_in_expand_total_ms,1539.3509999999999,1539.3509999999999,3031.9349999999995,C++ end-to-end harness exposes aggregate expand per party; finer subphase timers are recorded as included.
2026-07-23T09:15:27.278877+00:00,b33a10fa7851ba0c3a26bea531ffb004f00d9365,RM_COORD,INCLUDING_OT,2305843009213693951,61,64,128,2,20,1048576,64,16384,32,4,0,OK,measured,PASS,P1,included_in_pprf_key_setup_ms,included_in_expand_total_ms,included_in_expand_total_ms,included_in_expand_total_ms,included_in_expand_total_ms,1492.5839999999998,1539.3509999999999,3031.9349999999995,C++ end-to-end harness exposes aggregate expand per party; finer subphase timers are recorded as included.
2026-07-23T09:15:27.278885+00:00,b33a10fa7851ba0c3a26bea531ffb004f00d9365,RM_COORD,INCLUDING_OT,2305843009213693951,61,64,128,2,20,1048576,64,16384,32,5,0,OK,measured,PASS,P0,included_in_pprf_key_setup_ms,included_in_expand_total_ms,included_in_expand_total_ms,included_in_expand_total_ms,included_in_expand_total_ms,1446.405,1446.405,2848.746,C++ end-to-end harness exposes aggregate expand per party; finer subphase timers are recorded as included.
2026-07-23T09:15:27.278890+00:00,b33a10fa7851ba0c3a26bea531ffb004f00d9365,RM_COORD,INCLUDING_OT,2305843009213693951,61,64,128,2,20,1048576,64,16384,32,5,0,OK,measured,PASS,P1,included_in_pprf_key_setup_ms,included_in_expand_total_ms,included_in_expand_total_ms,included_in_expand_total_ms,included_in_expand_total_ms,1402.3410000000001,1446.405,2848.746,C++ end-to-end harness exposes aggregate expand per party; finer subphase timers are recorded as included.
2026-07-23T09:15:27.278896+00:00,b33a10fa7851ba0c3a26bea531ffb004f00d9365,RM_COORD,INCLUDING_OT,2305843009213693951,61,64,128,2,20,1048576,64,16384,32,6,0,OK,measured,PASS,P0,included_in_pprf_key_setup_ms,included_in_expand_total_ms,included_in_expand_total_ms,included_in_expand_total_ms,included_in_expand_total_ms,1438.752,1438.752,2862.528,C++ end-to-end harness exposes aggregate expand per party; finer subphase timers are recorded as included.
2026-07-23T09:15:27.278903+00:00,b33a10fa7851ba0c3a26bea531ffb004f00d9365,RM_COORD,INCLUDING_OT,2305843009213693951,61,64,128,2,20,1048576,64,16384,32,6,0,OK,measured,PASS,P1,included_in_pprf_key_setup_ms,included_in_expand_total_ms,included_in_expand_total_ms,included_in_expand_total_ms,included_in_expand_total_ms,1423.7759999999998,1438.752,2862.528,C++ end-to-end harness exposes aggregate expand per party; finer subphase timers are recorded as included.
2026-07-23T09:15:27.278912+00:00,b33a10fa7851ba0c3a26bea531ffb004f00d9365,RM_COORD,INCLUDING_OT,2305843009213693951,61,64,128,2,20,1048576,64,16384,32,7,0,OK,measured,PASS,P0,included_in_pprf_key_setup_ms,included_in_expand_total_ms,included_in_expand_total_ms,included_in_expand_total_ms,included_in_expand_total_ms,1470.7920000000001,1470.7920000000001,2910.469,C++ end-to-end harness exposes aggregate expand per party; finer subphase timers are recorded as included.
2026-07-23T09:15:27.278917+00:00,b33a10fa7851ba0c3a26bea531ffb004f00d9365,RM_COORD,INCLUDING_OT,2305843009213693951,61,64,128,2,20,1048576,64,16384,32,7,0,OK,measured,PASS,P1,included_in_pprf_key_setup_ms,included_in_expand_total_ms,included_in_expand_total_ms,included_in_expand_total_ms,included_in_expand_total_ms,1439.6770000000001,1470.7920000000001,2910.469,C++ end-to-end harness exposes aggregate expand per party; finer subphase timers are recorded as included.
2026-07-23T09:15:27.278923+00:00,b33a10fa7851ba0c3a26bea531ffb004f00d9365,RM_COORD,INCLUDING_OT,2305843009213693951,61,64,128,2,20,1048576,64,16384,32,8,0,OK,measured,PASS,P0,included_in_pprf_key_setup_ms,included_in_expand_total_ms,included_in_expand_total_ms,included_in_expand_total_ms,included_in_expand_total_ms,1437.583,1437.583,2855.6099999999997,C++ end-to-end harness exposes aggregate expand per party; finer subphase timers are recorded as included.
2026-07-23T09:15:27.278928+00:00,b33a10fa7851ba0c3a26bea531ffb004f00d9365,RM_COORD,INCLUDING_OT,2305843009213693951,61,64,128,2,20,1048576,64,16384,32,8,0,OK,measured,PASS,P1,included_in_pprf_key_setup_ms,included_in_expand_total_ms,included_in_expand_total_ms,included_in_expand_total_ms,included_in_expand_total_ms,1418.0269999999998,1437.583,2855.6099999999997,C++ end-to-end harness exposes aggregate expand per party; finer subphase timers are recorded as included.
2026-07-23T09:15:27.278937+00:00,b33a10fa7851ba0c3a26bea531ffb004f00d9365,RM_COORD,INCLUDING_OT,2305843009213693951,61,64,128,2,20,1048576,64,16384,32,9,0,OK,measured,PASS,P0,included_in_pprf_key_setup_ms,included_in_expand_total_ms,included_in_expand_total_ms,included_in_expand_total_ms,included_in_expand_total_ms,1435.792,1435.792,2853.7309999999998,C++ end-to-end harness exposes aggregate expand per party; finer subphase timers are recorded as included.
2026-07-23T09:15:27.278945+00:00,b33a10fa7851ba0c3a26bea531ffb004f00d9365,RM_COORD,INCLUDING_OT,2305843009213693951,61,64,128,2,20,1048576,64,16384,32,9,0,OK,measured,PASS,P1,included_in_pprf_key_setup_ms,included_in_expand_total_ms,included_in_expand_total_ms,included_in_expand_total_ms,included_in_expand_total_ms,1417.939,1435.792,2853.7309999999998,C++ end-to-end harness exposes aggregate expand per party; finer subphase timers are recorded as included.
