timestamp,benchmark_source_commit,method,base_ot_mode,p,base_field_bits,base_coordinate_storage_bits,lambda,c,logN,N,t,domainSize,m,trial_index,warmup,status,data_source,correctness,pprf_instance_count,consumed_ot_count,base_ot_protocol_invocations,ot_generation_time_ms,ot_communication_bytes,pprf_only_time_ms,key_setup_wall_ms,pprf_setup_bytes,pprf_payload_bytes,total_comm_bytes,p0_peak_rss_bytes,p1_peak_rss_bytes,notes
2026-07-23T08:42:42.625561+00:00,b33a10fa7851ba0c3a26bea531ffb004f00d9365,VECTOR_PPRF,PREPROCESSED_OT,2305843009213693951,61,64,128,2,12,4096,64,64,8,-1,1,OK,measured,PASS,2,2,2,0.0,0,72.909,72.909,79616,79616,79616,76161024,76161024,PPRF ablation row excludes base-OT cost by accounting convention; current executable exposes integrated local setup timing only.
2026-07-23T08:42:42.703817+00:00,b33a10fa7851ba0c3a26bea531ffb004f00d9365,VECTOR_PPRF,PREPROCESSED_OT,2305843009213693951,61,64,128,2,12,4096,64,64,8,0,0,OK,measured,PASS,2,2,2,0.0,0,74.052,74.052,79616,79616,79616,76161024,76161024,PPRF ablation row excludes base-OT cost by accounting convention; current executable exposes integrated local setup timing only.
2026-07-23T08:42:42.782209+00:00,b33a10fa7851ba0c3a26bea531ffb004f00d9365,VECTOR_PPRF,PREPROCESSED_OT,2305843009213693951,61,64,128,2,12,4096,64,64,8,1,0,OK,measured,PASS,2,2,2,0.0,0,72.99300000000001,72.99300000000001,79616,79616,79616,76161024,76161024,PPRF ablation row excludes base-OT cost by accounting convention; current executable exposes integrated local setup timing only.
2026-07-23T08:42:42.859396+00:00,b33a10fa7851ba0c3a26bea531ffb004f00d9365,VECTOR_PPRF,PREPROCESSED_OT,2305843009213693951,61,64,128,2,12,4096,64,64,8,2,0,OK,measured,PASS,2,2,2,0.0,0,74.41799999999999,74.41799999999999,79616,79616,79616,76161024,76161024,PPRF ablation row excludes base-OT cost by accounting convention; current executable exposes integrated local setup timing only.
2026-07-23T08:42:42.937873+00:00,b33a10fa7851ba0c3a26bea531ffb004f00d9365,VECTOR_PPRF,PREPROCESSED_OT,2305843009213693951,61,64,128,2,12,4096,64,64,8,3,0,OK,measured,PASS,2,2,2,0.0,0,72.824,72.824,79616,79616,79616,76161024,76161024,PPRF ablation row excludes base-OT cost by accounting convention; current executable exposes integrated local setup timing only.
2026-07-23T08:42:43.014643+00:00,b33a10fa7851ba0c3a26bea531ffb004f00d9365,VECTOR_PPRF,PREPROCESSED_OT,2305843009213693951,61,64,128,2,12,4096,64,64,8,4,0,OK,measured,PASS,2,2,2,0.0,0,74.394,74.394,79616,79616,79616,76161024,76161024,PPRF ablation row excludes base-OT cost by accounting convention; current executable exposes integrated local setup timing only.
2026-07-23T08:42:43.092730+00:00,b33a10fa7851ba0c3a26bea531ffb004f00d9365,VECTOR_PPRF,PREPROCESSED_OT,2305843009213693951,61,64,128,2,12,4096,64,64,8,5,0,OK,measured,PASS,2,2,2,0.0,0,73.299,73.299,79616,79616,79616,76161024,76161024,PPRF ablation row excludes base-OT cost by accounting convention; current executable exposes integrated local setup timing only.
2026-07-23T08:42:43.169825+00:00,b33a10fa7851ba0c3a26bea531ffb004f00d9365,VECTOR_PPRF,PREPROCESSED_OT,2305843009213693951,61,64,128,2,12,4096,64,64,8,6,0,OK,measured,PASS,2,2,2,0.0,0,73.885,73.885,79616,79616,79616,76161024,76161024,PPRF ablation row excludes base-OT cost by accounting convention; current executable exposes integrated local setup timing only.
2026-07-23T08:42:43.247439+00:00,b33a10fa7851ba0c3a26bea531ffb004f00d9365,VECTOR_PPRF,PREPROCESSED_OT,2305843009213693951,61,64,128,2,12,4096,64,64,8,7,0,OK,measured,PASS,2,2,2,0.0,0,73.931,73.931,79616,79616,79616,76161024,76161024,PPRF ablation row excludes base-OT cost by accounting convention; current executable exposes integrated local setup timing only.
2026-07-23T08:42:43.325103+00:00,b33a10fa7851ba0c3a26bea531ffb004f00d9365,VECTOR_PPRF,PREPROCESSED_OT,2305843009213693951,61,64,128,2,12,4096,64,64,8,8,0,OK,measured,PASS,2,2,2,0.0,0,72.84100000000001,72.84100000000001,79616,79616,79616,76161024,76161024,PPRF ablation row excludes base-OT cost by accounting convention; current executable exposes integrated local setup timing only.
2026-07-23T08:42:43.401603+00:00,b33a10fa7851ba0c3a26bea531ffb004f00d9365,VECTOR_PPRF,PREPROCESSED_OT,2305843009213693951,61,64,128,2,12,4096,64,64,8,9,0,OK,measured,PASS,2,2,2,0.0,0,73.51,73.51,79616,79616,79616,76161024,76161024,PPRF ablation row excludes base-OT cost by accounting convention; current executable exposes integrated local setup timing only.
2026-07-23T08:42:43.478760+00:00,b33a10fa7851ba0c3a26bea531ffb004f00d9365,COORDINATE_PPRF,PREPROCESSED_OT,2305843009213693951,61,64,128,2,12,4096,64,64,8,-1,1,OK,measured,PASS,16,16,16,0.0,0,575.429,575.429,407216,407216,407216,76161024,76161024,PPRF ablation row excludes base-OT cost by accounting convention; current executable exposes integrated local setup timing only.
2026-07-23T08:42:44.057982+00:00,b33a10fa7851ba0c3a26bea531ffb004f00d9365,COORDINATE_PPRF,PREPROCESSED_OT,2305843009213693951,61,64,128,2,12,4096,64,64,8,0,0,OK,measured,PASS,16,16,16,0.0,0,571.635,571.635,407216,407216,407216,76161024,76161024,PPRF ablation row excludes base-OT cost by accounting convention; current executable exposes integrated local setup timing only.
2026-07-23T08:42:44.633997+00:00,b33a10fa7851ba0c3a26bea531ffb004f00d9365,COORDINATE_PPRF,PREPROCESSED_OT,2305843009213693951,61,64,128,2,12,4096,64,64,8,1,0,OK,measured,PASS,16,16,16,0.0,0,571.759,571.759,407216,407216,407216,76161024,76161024,PPRF ablation row excludes base-OT cost by accounting convention; current executable exposes integrated local setup timing only.
2026-07-23T08:42:45.210163+00:00,b33a10fa7851ba0c3a26bea531ffb004f00d9365,COORDINATE_PPRF,PREPROCESSED_OT,2305843009213693951,61,64,128,2,12,4096,64,64,8,2,0,OK,measured,PASS,16,16,16,0.0,0,579.944,579.944,407216,407216,407216,76161024,76161024,PPRF ablation row excludes base-OT cost by accounting convention; current executable exposes integrated local setup timing only.
2026-07-23T08:42:45.795354+00:00,b33a10fa7851ba0c3a26bea531ffb004f00d9365,COORDINATE_PPRF,PREPROCESSED_OT,2305843009213693951,61,64,128,2,12,4096,64,64,8,3,0,OK,measured,PASS,16,16,16,0.0,0,573.758,573.758,407216,407216,407216,76161024,76161024,PPRF ablation row excludes base-OT cost by accounting convention; current executable exposes integrated local setup timing only.
2026-07-23T08:42:46.373947+00:00,b33a10fa7851ba0c3a26bea531ffb004f00d9365,COORDINATE_PPRF,PREPROCESSED_OT,2305843009213693951,61,64,128,2,12,4096,64,64,8,4,0,OK,measured,PASS,16,16,16,0.0,0,581.284,581.284,407216,407216,407216,76161024,76161024,PPRF ablation row excludes base-OT cost by accounting convention; current executable exposes integrated local setup timing only.
2026-07-23T08:42:46.960288+00:00,b33a10fa7851ba0c3a26bea531ffb004f00d9365,COORDINATE_PPRF,PREPROCESSED_OT,2305843009213693951,61,64,128,2,12,4096,64,64,8,5,0,OK,measured,PASS,16,16,16,0.0,0,572.429,572.429,407216,407216,407216,76161024,76161024,PPRF ablation row excludes base-OT cost by accounting convention; current executable exposes integrated local setup timing only.
2026-07-23T08:42:47.538310+00:00,b33a10fa7851ba0c3a26bea531ffb004f00d9365,COORDINATE_PPRF,PREPROCESSED_OT,2305843009213693951,61,64,128,2,12,4096,64,64,8,6,0,OK,measured,PASS,16,16,16,0.0,0,580.1279999999999,580.1279999999999,407216,407216,407216,76161024,76161024,PPRF ablation row excludes base-OT cost by accounting convention; current executable exposes integrated local setup timing only.
2026-07-23T08:42:48.123469+00:00,b33a10fa7851ba0c3a26bea531ffb004f00d9365,COORDINATE_PPRF,PREPROCESSED_OT,2305843009213693951,61,64,128,2,12,4096,64,64,8,7,0,OK,measured,PASS,16,16,16,0.0,0,573.303,573.303,407216,407216,407216,76161024,76161024,PPRF ablation row excludes base-OT cost by accounting convention; current executable exposes integrated local setup timing only.
2026-07-23T08:42:48.701668+00:00,b33a10fa7851ba0c3a26bea531ffb004f00d9365,COORDINATE_PPRF,PREPROCESSED_OT,2305843009213693951,61,64,128,2,12,4096,64,64,8,8,0,OK,measured,PASS,16,16,16,0.0,0,579.8539999999999,579.8539999999999,407216,407216,407216,76161024,76161024,PPRF ablation row excludes base-OT cost by accounting convention; current executable exposes integrated local setup timing only.
2026-07-23T08:42:49.286739+00:00,b33a10fa7851ba0c3a26bea531ffb004f00d9365,COORDINATE_PPRF,PREPROCESSED_OT,2305843009213693951,61,64,128,2,12,4096,64,64,8,9,0,OK,measured,PASS,16,16,16,0.0,0,581.9100000000001,581.9100000000001,407216,407216,407216,76161024,76161024,PPRF ablation row excludes base-OT cost by accounting convention; current executable exposes integrated local setup timing only.
2026-07-23T08:42:49.873842+00:00,b33a10fa7851ba0c3a26bea531ffb004f00d9365,VECTOR_PPRF,PREPROCESSED_OT,2305843009213693951,61,64,128,2,12,4096,64,64,16,-1,1,OK,measured,PASS,2,2,2,0.0,0,74.96600000000001,74.96600000000001,112384,112384,112384,76161024,76161024,PPRF ablation row excludes base-OT cost by accounting convention; current executable exposes integrated local setup timing only.
2026-07-23T08:42:49.953610+00:00,b33a10fa7851ba0c3a26bea531ffb004f00d9365,VECTOR_PPRF,PREPROCESSED_OT,2305843009213693951,61,64,128,2,12,4096,64,64,16,0,0,OK,measured,PASS,2,2,2,0.0,0,73.345,73.345,112384,112384,112384,76161024,76161024,PPRF ablation row excludes base-OT cost by accounting convention; current executable exposes integrated local setup timing only.
2026-07-23T08:42:50.031125+00:00,b33a10fa7851ba0c3a26bea531ffb004f00d9365,VECTOR_PPRF,PREPROCESSED_OT,2305843009213693951,61,64,128,2,12,4096,64,64,16,1,0,OK,measured,PASS,2,2,2,0.0,0,74.256,74.256,112384,112384,112384,76161024,76161024,PPRF ablation row excludes base-OT cost by accounting convention; current executable exposes integrated local setup timing only.
2026-07-23T08:42:50.109234+00:00,b33a10fa7851ba0c3a26bea531ffb004f00d9365,VECTOR_PPRF,PREPROCESSED_OT,2305843009213693951,61,64,128,2,12,4096,64,64,16,2,0,OK,measured,PASS,2,2,2,0.0,0,73.27,73.27,112384,112384,112384,76161024,76161024,PPRF ablation row excludes base-OT cost by accounting convention; current executable exposes integrated local setup timing only.
2026-07-23T08:42:50.186270+00:00,b33a10fa7851ba0c3a26bea531ffb004f00d9365,VECTOR_PPRF,PREPROCESSED_OT,2305843009213693951,61,64,128,2,12,4096,64,64,16,3,0,OK,measured,PASS,2,2,2,0.0,0,74.545,74.545,112384,112384,112384,76161024,76161024,PPRF ablation row excludes base-OT cost by accounting convention; current executable exposes integrated local setup timing only.
2026-07-23T08:42:50.264506+00:00,b33a10fa7851ba0c3a26bea531ffb004f00d9365,VECTOR_PPRF,PREPROCESSED_OT,2305843009213693951,61,64,128,2,12,4096,64,64,16,4,0,OK,measured,PASS,2,2,2,0.0,0,73.504,73.504,112384,112384,112384,76161024,76161024,PPRF ablation row excludes base-OT cost by accounting convention; current executable exposes integrated local setup timing only.
2026-07-23T08:42:50.341715+00:00,b33a10fa7851ba0c3a26bea531ffb004f00d9365,VECTOR_PPRF,PREPROCESSED_OT,2305843009213693951,61,64,128,2,12,4096,64,64,16,5,0,OK,measured,PASS,2,2,2,0.0,0,74.494,74.494,112384,112384,112384,76161024,76161024,PPRF ablation row excludes base-OT cost by accounting convention; current executable exposes integrated local setup timing only.
2026-07-23T08:42:50.419878+00:00,b33a10fa7851ba0c3a26bea531ffb004f00d9365,VECTOR_PPRF,PREPROCESSED_OT,2305843009213693951,61,64,128,2,12,4096,64,64,16,6,0,OK,measured,PASS,2,2,2,0.0,0,74.334,74.334,112384,112384,112384,76161024,76161024,PPRF ablation row excludes base-OT cost by accounting convention; current executable exposes integrated local setup timing only.
2026-07-23T08:42:50.497906+00:00,b33a10fa7851ba0c3a26bea531ffb004f00d9365,VECTOR_PPRF,PREPROCESSED_OT,2305843009213693951,61,64,128,2,12,4096,64,64,16,7,0,OK,measured,PASS,2,2,2,0.0,0,74.502,74.502,112384,112384,112384,76161024,76161024,PPRF ablation row excludes base-OT cost by accounting convention; current executable exposes integrated local setup timing only.
2026-07-23T08:42:50.576112+00:00,b33a10fa7851ba0c3a26bea531ffb004f00d9365,VECTOR_PPRF,PREPROCESSED_OT,2305843009213693951,61,64,128,2,12,4096,64,64,16,8,0,OK,measured,PASS,2,2,2,0.0,0,73.56899999999999,73.56899999999999,112384,112384,112384,76161024,76161024,PPRF ablation row excludes base-OT cost by accounting convention; current executable exposes integrated local setup timing only.
2026-07-23T08:42:50.653431+00:00,b33a10fa7851ba0c3a26bea531ffb004f00d9365,VECTOR_PPRF,PREPROCESSED_OT,2305843009213693951,61,64,128,2,12,4096,64,64,16,9,0,OK,measured,PASS,2,2,2,0.0,0,74.751,74.751,112384,112384,112384,76161024,76161024,PPRF ablation row excludes base-OT cost by accounting convention; current executable exposes integrated local setup timing only.
2026-07-23T08:42:50.731856+00:00,b33a10fa7851ba0c3a26bea531ffb004f00d9365,COORDINATE_PPRF,PREPROCESSED_OT,2305843009213693951,61,64,128,2,12,4096,64,64,16,-1,1,OK,measured,PASS,32,32,32,0.0,0,1157.2579999999998,1157.2579999999998,814384,814384,814384,76161024,76161024,PPRF ablation row excludes base-OT cost by accounting convention; current executable exposes integrated local setup timing only.
2026-07-23T08:42:51.893211+00:00,b33a10fa7851ba0c3a26bea531ffb004f00d9365,COORDINATE_PPRF,PREPROCESSED_OT,2305843009213693951,61,64,128,2,12,4096,64,64,16,0,0,OK,measured,PASS,32,32,32,0.0,0,1156.723,1156.723,814384,814384,814384,76161024,76161024,PPRF ablation row excludes base-OT cost by accounting convention; current executable exposes integrated local setup timing only.
2026-07-23T08:42:53.055607+00:00,b33a10fa7851ba0c3a26bea531ffb004f00d9365,COORDINATE_PPRF,PREPROCESSED_OT,2305843009213693951,61,64,128,2,12,4096,64,64,16,1,0,OK,measured,PASS,32,32,32,0.0,0,1156.9959999999999,1156.9959999999999,814384,814384,814384,76161024,76161024,PPRF ablation row excludes base-OT cost by accounting convention; current executable exposes integrated local setup timing only.
2026-07-23T08:42:54.217975+00:00,b33a10fa7851ba0c3a26bea531ffb004f00d9365,COORDINATE_PPRF,PREPROCESSED_OT,2305843009213693951,61,64,128,2,12,4096,64,64,16,2,0,OK,measured,PASS,32,32,32,0.0,0,1156.989,1156.989,814384,814384,814384,76161024,76161024,PPRF ablation row excludes base-OT cost by accounting convention; current executable exposes integrated local setup timing only.
2026-07-23T08:42:55.380436+00:00,b33a10fa7851ba0c3a26bea531ffb004f00d9365,COORDINATE_PPRF,PREPROCESSED_OT,2305843009213693951,61,64,128,2,12,4096,64,64,16,3,0,OK,measured,PASS,32,32,32,0.0,0,1151.3960000000002,1151.3960000000002,814384,814384,814384,76161024,76161024,PPRF ablation row excludes base-OT cost by accounting convention; current executable exposes integrated local setup timing only.
2026-07-23T08:42:56.537458+00:00,b33a10fa7851ba0c3a26bea531ffb004f00d9365,COORDINATE_PPRF,PREPROCESSED_OT,2305843009213693951,61,64,128,2,12,4096,64,64,16,4,0,OK,measured,PASS,32,32,32,0.0,0,1160.1999999999998,1160.1999999999998,814384,814384,814384,76161024,76161024,PPRF ablation row excludes base-OT cost by accounting convention; current executable exposes integrated local setup timing only.
2026-07-23T08:42:57.703338+00:00,b33a10fa7851ba0c3a26bea531ffb004f00d9365,COORDINATE_PPRF,PREPROCESSED_OT,2305843009213693951,61,64,128,2,12,4096,64,64,16,5,0,OK,measured,PASS,32,32,32,0.0,0,1151.124,1151.124,814384,814384,814384,76161024,76161024,PPRF ablation row excludes base-OT cost by accounting convention; current executable exposes integrated local setup timing only.
2026-07-23T08:42:58.860044+00:00,b33a10fa7851ba0c3a26bea531ffb004f00d9365,COORDINATE_PPRF,PREPROCESSED_OT,2305843009213693951,61,64,128,2,12,4096,64,64,16,6,0,OK,measured,PASS,32,32,32,0.0,0,1145.707,1145.707,814384,814384,814384,76161024,76161024,PPRF ablation row excludes base-OT cost by accounting convention; current executable exposes integrated local setup timing only.
2026-07-23T08:43:00.011384+00:00,b33a10fa7851ba0c3a26bea531ffb004f00d9365,COORDINATE_PPRF,PREPROCESSED_OT,2305843009213693951,61,64,128,2,12,4096,64,64,16,7,0,OK,measured,PASS,32,32,32,0.0,0,1147.113,1147.113,814384,814384,814384,76161024,76161024,PPRF ablation row excludes base-OT cost by accounting convention; current executable exposes integrated local setup timing only.
2026-07-23T08:43:01.164268+00:00,b33a10fa7851ba0c3a26bea531ffb004f00d9365,COORDINATE_PPRF,PREPROCESSED_OT,2305843009213693951,61,64,128,2,12,4096,64,64,16,8,0,OK,measured,PASS,32,32,32,0.0,0,1156.474,1156.474,814384,814384,814384,76161024,76161024,PPRF ablation row excludes base-OT cost by accounting convention; current executable exposes integrated local setup timing only.
2026-07-23T08:43:02.326427+00:00,b33a10fa7851ba0c3a26bea531ffb004f00d9365,COORDINATE_PPRF,PREPROCESSED_OT,2305843009213693951,61,64,128,2,12,4096,64,64,16,9,0,OK,measured,PASS,32,32,32,0.0,0,1144.549,1144.549,814384,814384,814384,76161024,76161024,PPRF ablation row excludes base-OT cost by accounting convention; current executable exposes integrated local setup timing only.
2026-07-23T08:43:03.476654+00:00,b33a10fa7851ba0c3a26bea531ffb004f00d9365,VECTOR_PPRF,PREPROCESSED_OT,2305843009213693951,61,64,128,2,12,4096,64,64,32,-1,1,OK,measured,PASS,2,2,2,0.0,0,77.67,77.67,177920,177920,177920,76161024,76161024,PPRF ablation row excludes base-OT cost by accounting convention; current executable exposes integrated local setup timing only.
2026-07-23T08:43:03.559666+00:00,b33a10fa7851ba0c3a26bea531ffb004f00d9365,VECTOR_PPRF,PREPROCESSED_OT,2305843009213693951,61,64,128,2,12,4096,64,64,32,0,0,OK,measured,PASS,2,2,2,0.0,0,75.99000000000001,75.99000000000001,177920,177920,177920,76161024,76161024,PPRF ablation row excludes base-OT cost by accounting convention; current executable exposes integrated local setup timing only.
2026-07-23T08:43:03.640291+00:00,b33a10fa7851ba0c3a26bea531ffb004f00d9365,VECTOR_PPRF,PREPROCESSED_OT,2305843009213693951,61,64,128,2,12,4096,64,64,32,1,0,OK,measured,PASS,2,2,2,0.0,0,76.389,76.389,177920,177920,177920,76161024,76161024,PPRF ablation row excludes base-OT cost by accounting convention; current executable exposes integrated local setup timing only.
2026-07-23T08:43:03.721077+00:00,b33a10fa7851ba0c3a26bea531ffb004f00d9365,VECTOR_PPRF,PREPROCESSED_OT,2305843009213693951,61,64,128,2,12,4096,64,64,32,2,0,OK,measured,PASS,2,2,2,0.0,0,77.378,77.378,177920,177920,177920,76161024,76161024,PPRF ablation row excludes base-OT cost by accounting convention; current executable exposes integrated local setup timing only.
2026-07-23T08:43:03.802679+00:00,b33a10fa7851ba0c3a26bea531ffb004f00d9365,VECTOR_PPRF,PREPROCESSED_OT,2305843009213693951,61,64,128,2,12,4096,64,64,32,3,0,OK,measured,PASS,2,2,2,0.0,0,76.74000000000001,76.74000000000001,177920,177920,177920,76161024,76161024,PPRF ablation row excludes base-OT cost by accounting convention; current executable exposes integrated local setup timing only.
2026-07-23T08:43:03.883520+00:00,b33a10fa7851ba0c3a26bea531ffb004f00d9365,VECTOR_PPRF,PREPROCESSED_OT,2305843009213693951,61,64,128,2,12,4096,64,64,32,4,0,OK,measured,PASS,2,2,2,0.0,0,77.168,77.168,177920,177920,177920,76161024,76161024,PPRF ablation row excludes base-OT cost by accounting convention; current executable exposes integrated local setup timing only.
2026-07-23T08:43:03.964840+00:00,b33a10fa7851ba0c3a26bea531ffb004f00d9365,VECTOR_PPRF,PREPROCESSED_OT,2305843009213693951,61,64,128,2,12,4096,64,64,32,5,0,OK,measured,PASS,2,2,2,0.0,0,76.113,76.113,177920,177920,177920,76161024,76161024,PPRF ablation row excludes base-OT cost by accounting convention; current executable exposes integrated local setup timing only.
2026-07-23T08:43:04.044897+00:00,b33a10fa7851ba0c3a26bea531ffb004f00d9365,VECTOR_PPRF,PREPROCESSED_OT,2305843009213693951,61,64,128,2,12,4096,64,64,32,6,0,OK,measured,PASS,2,2,2,0.0,0,75.97,75.97,177920,177920,177920,76161024,76161024,PPRF ablation row excludes base-OT cost by accounting convention; current executable exposes integrated local setup timing only.
2026-07-23T08:43:04.124632+00:00,b33a10fa7851ba0c3a26bea531ffb004f00d9365,VECTOR_PPRF,PREPROCESSED_OT,2305843009213693951,61,64,128,2,12,4096,64,64,32,7,0,OK,measured,PASS,2,2,2,0.0,0,76.52000000000001,76.52000000000001,177920,177920,177920,76161024,76161024,PPRF ablation row excludes base-OT cost by accounting convention; current executable exposes integrated local setup timing only.
2026-07-23T08:43:04.204969+00:00,b33a10fa7851ba0c3a26bea531ffb004f00d9365,VECTOR_PPRF,PREPROCESSED_OT,2305843009213693951,61,64,128,2,12,4096,64,64,32,8,0,OK,measured,PASS,2,2,2,0.0,0,77.166,77.166,177920,177920,177920,76161024,76161024,PPRF ablation row excludes base-OT cost by accounting convention; current executable exposes integrated local setup timing only.
2026-07-23T08:43:04.285969+00:00,b33a10fa7851ba0c3a26bea531ffb004f00d9365,VECTOR_PPRF,PREPROCESSED_OT,2305843009213693951,61,64,128,2,12,4096,64,64,32,9,0,OK,measured,PASS,2,2,2,0.0,0,75.88799999999999,75.88799999999999,177920,177920,177920,76161024,76161024,PPRF ablation row excludes base-OT cost by accounting convention; current executable exposes integrated local setup timing only.
2026-07-23T08:43:04.365592+00:00,b33a10fa7851ba0c3a26bea531ffb004f00d9365,COORDINATE_PPRF,PREPROCESSED_OT,2305843009213693951,61,64,128,2,12,4096,64,64,32,-1,1,OK,measured,PASS,64,64,64,0.0,0,2320.9010000000003,2320.9010000000003,1628720,1628720,1628720,76161024,76161024,PPRF ablation row excludes base-OT cost by accounting convention; current executable exposes integrated local setup timing only.
2026-07-23T08:43:06.690671+00:00,b33a10fa7851ba0c3a26bea531ffb004f00d9365,COORDINATE_PPRF,PREPROCESSED_OT,2305843009213693951,61,64,128,2,12,4096,64,64,32,0,0,OK,measured,PASS,64,64,64,0.0,0,2280.462,2280.462,1628720,1628720,1628720,76161024,76161024,PPRF ablation row excludes base-OT cost by accounting convention; current executable exposes integrated local setup timing only.
2026-07-23T08:43:08.977017+00:00,b33a10fa7851ba0c3a26bea531ffb004f00d9365,COORDINATE_PPRF,PREPROCESSED_OT,2305843009213693951,61,64,128,2,12,4096,64,64,32,1,0,OK,measured,PASS,64,64,64,0.0,0,2294.181,2294.181,1628720,1628720,1628720,76161024,76161024,PPRF ablation row excludes base-OT cost by accounting convention; current executable exposes integrated local setup timing only.
2026-07-23T08:43:11.276989+00:00,b33a10fa7851ba0c3a26bea531ffb004f00d9365,COORDINATE_PPRF,PREPROCESSED_OT,2305843009213693951,61,64,128,2,12,4096,64,64,32,2,0,OK,measured,PASS,64,64,64,0.0,0,2278.6780000000003,2278.6780000000003,1628720,1628720,1628720,76161024,76161024,PPRF ablation row excludes base-OT cost by accounting convention; current executable exposes integrated local setup timing only.
2026-07-23T08:43:13.561418+00:00,b33a10fa7851ba0c3a26bea531ffb004f00d9365,COORDINATE_PPRF,PREPROCESSED_OT,2305843009213693951,61,64,128,2,12,4096,64,64,32,3,0,OK,measured,PASS,64,64,64,0.0,0,2274.8810000000003,2274.8810000000003,1628720,1628720,1628720,76161024,76161024,PPRF ablation row excludes base-OT cost by accounting convention; current executable exposes integrated local setup timing only.
2026-07-23T08:43:15.842173+00:00,b33a10fa7851ba0c3a26bea531ffb004f00d9365,COORDINATE_PPRF,PREPROCESSED_OT,2305843009213693951,61,64,128,2,12,4096,64,64,32,4,0,OK,measured,PASS,64,64,64,0.0,0,2284.411,2284.411,1628720,1628720,1628720,76161024,76161024,PPRF ablation row excludes base-OT cost by accounting convention; current executable exposes integrated local setup timing only.
2026-07-23T08:43:18.132436+00:00,b33a10fa7851ba0c3a26bea531ffb004f00d9365,COORDINATE_PPRF,PREPROCESSED_OT,2305843009213693951,61,64,128,2,12,4096,64,64,32,5,0,OK,measured,PASS,64,64,64,0.0,0,2300.09,2300.09,1628720,1628720,1628720,76161024,76161024,PPRF ablation row excludes base-OT cost by accounting convention; current executable exposes integrated local setup timing only.
2026-07-23T08:43:20.438396+00:00,b33a10fa7851ba0c3a26bea531ffb004f00d9365,COORDINATE_PPRF,PREPROCESSED_OT,2305843009213693951,61,64,128,2,12,4096,64,64,32,6,0,OK,measured,PASS,64,64,64,0.0,0,2275.436,2275.436,1628720,1628720,1628720,76161024,76161024,PPRF ablation row excludes base-OT cost by accounting convention; current executable exposes integrated local setup timing only.
2026-07-23T08:43:22.719801+00:00,b33a10fa7851ba0c3a26bea531ffb004f00d9365,COORDINATE_PPRF,PREPROCESSED_OT,2305843009213693951,61,64,128,2,12,4096,64,64,32,7,0,OK,measured,PASS,64,64,64,0.0,0,2277.804,2277.804,1628720,1628720,1628720,76161024,76161024,PPRF ablation row excludes base-OT cost by accounting convention; current executable exposes integrated local setup timing only.
2026-07-23T08:43:25.003568+00:00,b33a10fa7851ba0c3a26bea531ffb004f00d9365,COORDINATE_PPRF,PREPROCESSED_OT,2305843009213693951,61,64,128,2,12,4096,64,64,32,8,0,OK,measured,PASS,64,64,64,0.0,0,2278.333,2278.333,1628720,1628720,1628720,76161024,76161024,PPRF ablation row excludes base-OT cost by accounting convention; current executable exposes integrated local setup timing only.
2026-07-23T08:43:27.287704+00:00,b33a10fa7851ba0c3a26bea531ffb004f00d9365,COORDINATE_PPRF,PREPROCESSED_OT,2305843009213693951,61,64,128,2,12,4096,64,64,32,9,0,OK,measured,PASS,64,64,64,0.0,0,2282.5570000000002,2282.5570000000002,1628720,1628720,1628720,76161024,76161024,PPRF ablation row excludes base-OT cost by accounting convention; current executable exposes integrated local setup timing only.
2026-07-23T08:43:29.576146+00:00,b33a10fa7851ba0c3a26bea531ffb004f00d9365,VECTOR_PPRF,PREPROCESSED_OT,2305843009213693951,61,64,128,2,14,16384,64,256,8,-1,1,OK,measured,PASS,2,2,2,0.0,0,101.106,101.106,96512,96512,96512,76161024,76161024,PPRF ablation row excludes base-OT cost by accounting convention; current executable exposes integrated local setup timing only.
2026-07-23T08:43:29.682992+00:00,b33a10fa7851ba0c3a26bea531ffb004f00d9365,VECTOR_PPRF,PREPROCESSED_OT,2305843009213693951,61,64,128,2,14,16384,64,256,8,0,0,OK,measured,PASS,2,2,2,0.0,0,100.12,100.12,96512,96512,96512,76161024,76161024,PPRF ablation row excludes base-OT cost by accounting convention; current executable exposes integrated local setup timing only.
2026-07-23T08:43:29.787829+00:00,b33a10fa7851ba0c3a26bea531ffb004f00d9365,VECTOR_PPRF,PREPROCESSED_OT,2305843009213693951,61,64,128,2,14,16384,64,256,8,1,0,OK,measured,PASS,2,2,2,0.0,0,101.566,101.566,96512,96512,96512,76161024,76161024,PPRF ablation row excludes base-OT cost by accounting convention; current executable exposes integrated local setup timing only.
2026-07-23T08:43:29.893679+00:00,b33a10fa7851ba0c3a26bea531ffb004f00d9365,VECTOR_PPRF,PREPROCESSED_OT,2305843009213693951,61,64,128,2,14,16384,64,256,8,2,0,OK,measured,PASS,2,2,2,0.0,0,99.43,99.43,96512,96512,96512,76161024,76161024,PPRF ablation row excludes base-OT cost by accounting convention; current executable exposes integrated local setup timing only.
2026-07-23T08:43:29.997353+00:00,b33a10fa7851ba0c3a26bea531ffb004f00d9365,VECTOR_PPRF,PREPROCESSED_OT,2305843009213693951,61,64,128,2,14,16384,64,256,8,3,0,OK,measured,PASS,2,2,2,0.0,0,101.533,101.533,96512,96512,96512,76161024,76161024,PPRF ablation row excludes base-OT cost by accounting convention; current executable exposes integrated local setup timing only.
2026-07-23T08:43:30.103089+00:00,b33a10fa7851ba0c3a26bea531ffb004f00d9365,VECTOR_PPRF,PREPROCESSED_OT,2305843009213693951,61,64,128,2,14,16384,64,256,8,4,0,OK,measured,PASS,2,2,2,0.0,0,99.557,99.557,96512,96512,96512,76161024,76161024,PPRF ablation row excludes base-OT cost by accounting convention; current executable exposes integrated local setup timing only.
2026-07-23T08:43:30.206636+00:00,b33a10fa7851ba0c3a26bea531ffb004f00d9365,VECTOR_PPRF,PREPROCESSED_OT,2305843009213693951,61,64,128,2,14,16384,64,256,8,5,0,OK,measured,PASS,2,2,2,0.0,0,101.08399999999999,101.08399999999999,96512,96512,96512,76161024,76161024,PPRF ablation row excludes base-OT cost by accounting convention; current executable exposes integrated local setup timing only.
2026-07-23T08:43:30.311648+00:00,b33a10fa7851ba0c3a26bea531ffb004f00d9365,VECTOR_PPRF,PREPROCESSED_OT,2305843009213693951,61,64,128,2,14,16384,64,256,8,6,0,OK,measured,PASS,2,2,2,0.0,0,101.258,101.258,96512,96512,96512,76161024,76161024,PPRF ablation row excludes base-OT cost by accounting convention; current executable exposes integrated local setup timing only.
2026-07-23T08:43:30.416841+00:00,b33a10fa7851ba0c3a26bea531ffb004f00d9365,VECTOR_PPRF,PREPROCESSED_OT,2305843009213693951,61,64,128,2,14,16384,64,256,8,7,0,OK,measured,PASS,2,2,2,0.0,0,100.835,100.835,96512,96512,96512,76161024,76161024,PPRF ablation row excludes base-OT cost by accounting convention; current executable exposes integrated local setup timing only.
2026-07-23T08:43:30.521550+00:00,b33a10fa7851ba0c3a26bea531ffb004f00d9365,VECTOR_PPRF,PREPROCESSED_OT,2305843009213693951,61,64,128,2,14,16384,64,256,8,8,0,OK,measured,PASS,2,2,2,0.0,0,100.93299999999999,100.93299999999999,96512,96512,96512,76161024,76161024,PPRF ablation row excludes base-OT cost by accounting convention; current executable exposes integrated local setup timing only.
2026-07-23T08:43:30.626458+00:00,b33a10fa7851ba0c3a26bea531ffb004f00d9365,VECTOR_PPRF,PREPROCESSED_OT,2305843009213693951,61,64,128,2,14,16384,64,256,8,9,0,OK,measured,PASS,2,2,2,0.0,0,99.81700000000001,99.81700000000001,96512,96512,96512,76161024,76161024,PPRF ablation row excludes base-OT cost by accounting convention; current executable exposes integrated local setup timing only.
2026-07-23T08:43:30.730220+00:00,b33a10fa7851ba0c3a26bea531ffb004f00d9365,COORDINATE_PPRF,PREPROCESSED_OT,2305843009213693951,61,64,128,2,14,16384,64,256,8,-1,1,OK,measured,PASS,16,16,16,0.0,0,774.5379999999999,774.5379999999999,542384,542384,542384,76161024,76161024,PPRF ablation row excludes base-OT cost by accounting convention; current executable exposes integrated local setup timing only.
2026-07-23T08:43:31.509363+00:00,b33a10fa7851ba0c3a26bea531ffb004f00d9365,COORDINATE_PPRF,PREPROCESSED_OT,2305843009213693951,61,64,128,2,14,16384,64,256,8,0,0,OK,measured,PASS,16,16,16,0.0,0,776.8230000000001,776.8230000000001,542384,542384,542384,76161024,76161024,PPRF ablation row excludes base-OT cost by accounting convention; current executable exposes integrated local setup timing only.
2026-07-23T08:43:32.291669+00:00,b33a10fa7851ba0c3a26bea531ffb004f00d9365,COORDINATE_PPRF,PREPROCESSED_OT,2305843009213693951,61,64,128,2,14,16384,64,256,8,1,0,OK,measured,PASS,16,16,16,0.0,0,761.6899999999999,761.6899999999999,542384,542384,542384,76161024,76161024,PPRF ablation row excludes base-OT cost by accounting convention; current executable exposes integrated local setup timing only.
2026-07-23T08:43:33.058580+00:00,b33a10fa7851ba0c3a26bea531ffb004f00d9365,COORDINATE_PPRF,PREPROCESSED_OT,2305843009213693951,61,64,128,2,14,16384,64,256,8,2,0,OK,measured,PASS,16,16,16,0.0,0,772.734,772.734,542384,542384,542384,76161024,76161024,PPRF ablation row excludes base-OT cost by accounting convention; current executable exposes integrated local setup timing only.
2026-07-23T08:43:33.836326+00:00,b33a10fa7851ba0c3a26bea531ffb004f00d9365,COORDINATE_PPRF,PREPROCESSED_OT,2305843009213693951,61,64,128,2,14,16384,64,256,8,3,0,OK,measured,PASS,16,16,16,0.0,0,761.124,761.124,542384,542384,542384,76161024,76161024,PPRF ablation row excludes base-OT cost by accounting convention; current executable exposes integrated local setup timing only.
2026-07-23T08:43:34.602799+00:00,b33a10fa7851ba0c3a26bea531ffb004f00d9365,COORDINATE_PPRF,PREPROCESSED_OT,2305843009213693951,61,64,128,2,14,16384,64,256,8,4,0,OK,measured,PASS,16,16,16,0.0,0,774.89,774.89,542384,542384,542384,76161024,76161024,PPRF ablation row excludes base-OT cost by accounting convention; current executable exposes integrated local setup timing only.
2026-07-23T08:43:35.382691+00:00,b33a10fa7851ba0c3a26bea531ffb004f00d9365,COORDINATE_PPRF,PREPROCESSED_OT,2305843009213693951,61,64,128,2,14,16384,64,256,8,5,0,OK,measured,PASS,16,16,16,0.0,0,775.038,775.038,542384,542384,542384,76161024,76161024,PPRF ablation row excludes base-OT cost by accounting convention; current executable exposes integrated local setup timing only.
2026-07-23T08:43:36.162445+00:00,b33a10fa7851ba0c3a26bea531ffb004f00d9365,COORDINATE_PPRF,PREPROCESSED_OT,2305843009213693951,61,64,128,2,14,16384,64,256,8,6,0,OK,measured,PASS,16,16,16,0.0,0,776.427,776.427,542384,542384,542384,76161024,76161024,PPRF ablation row excludes base-OT cost by accounting convention; current executable exposes integrated local setup timing only.
2026-07-23T08:43:36.943666+00:00,b33a10fa7851ba0c3a26bea531ffb004f00d9365,COORDINATE_PPRF,PREPROCESSED_OT,2305843009213693951,61,64,128,2,14,16384,64,256,8,7,0,OK,measured,PASS,16,16,16,0.0,0,762.156,762.156,542384,542384,542384,76161024,76161024,PPRF ablation row excludes base-OT cost by accounting convention; current executable exposes integrated local setup timing only.
2026-07-23T08:43:37.711309+00:00,b33a10fa7851ba0c3a26bea531ffb004f00d9365,COORDINATE_PPRF,PREPROCESSED_OT,2305843009213693951,61,64,128,2,14,16384,64,256,8,8,0,OK,measured,PASS,16,16,16,0.0,0,766.411,766.411,542384,542384,542384,76161024,76161024,PPRF ablation row excludes base-OT cost by accounting convention; current executable exposes integrated local setup timing only.
2026-07-23T08:43:38.483176+00:00,b33a10fa7851ba0c3a26bea531ffb004f00d9365,COORDINATE_PPRF,PREPROCESSED_OT,2305843009213693951,61,64,128,2,14,16384,64,256,8,9,0,OK,measured,PASS,16,16,16,0.0,0,775.16,775.16,542384,542384,542384,76161024,76161024,PPRF ablation row excludes base-OT cost by accounting convention; current executable exposes integrated local setup timing only.
2026-07-23T08:43:39.263788+00:00,b33a10fa7851ba0c3a26bea531ffb004f00d9365,VECTOR_PPRF,PREPROCESSED_OT,2305843009213693951,61,64,128,2,14,16384,64,256,16,-1,1,OK,measured,PASS,2,2,2,0.0,0,104.66,104.66,129280,129280,129280,76161024,76161024,PPRF ablation row excludes base-OT cost by accounting convention; current executable exposes integrated local setup timing only.
2026-07-23T08:43:39.373850+00:00,b33a10fa7851ba0c3a26bea531ffb004f00d9365,VECTOR_PPRF,PREPROCESSED_OT,2305843009213693951,61,64,128,2,14,16384,64,256,16,0,0,OK,measured,PASS,2,2,2,0.0,0,105.61099999999999,105.61099999999999,129280,129280,129280,76161024,76161024,PPRF ablation row excludes base-OT cost by accounting convention; current executable exposes integrated local setup timing only.
2026-07-23T08:43:39.484078+00:00,b33a10fa7851ba0c3a26bea531ffb004f00d9365,VECTOR_PPRF,PREPROCESSED_OT,2305843009213693951,61,64,128,2,14,16384,64,256,16,1,0,OK,measured,PASS,2,2,2,0.0,0,105.344,105.344,129280,129280,129280,76161024,76161024,PPRF ablation row excludes base-OT cost by accounting convention; current executable exposes integrated local setup timing only.
2026-07-23T08:43:39.594028+00:00,b33a10fa7851ba0c3a26bea531ffb004f00d9365,VECTOR_PPRF,PREPROCESSED_OT,2305843009213693951,61,64,128,2,14,16384,64,256,16,2,0,OK,measured,PASS,2,2,2,0.0,0,105.132,105.132,129280,129280,129280,76161024,76161024,PPRF ablation row excludes base-OT cost by accounting convention; current executable exposes integrated local setup timing only.
2026-07-23T08:43:39.703817+00:00,b33a10fa7851ba0c3a26bea531ffb004f00d9365,VECTOR_PPRF,PREPROCESSED_OT,2305843009213693951,61,64,128,2,14,16384,64,256,16,3,0,OK,measured,PASS,2,2,2,0.0,0,106.67,106.67,129280,129280,129280,76161024,76161024,PPRF ablation row excludes base-OT cost by accounting convention; current executable exposes integrated local setup timing only.
2026-07-23T08:43:39.815504+00:00,b33a10fa7851ba0c3a26bea531ffb004f00d9365,VECTOR_PPRF,PREPROCESSED_OT,2305843009213693951,61,64,128,2,14,16384,64,256,16,4,0,OK,measured,PASS,2,2,2,0.0,0,105.83800000000001,105.83800000000001,129280,129280,129280,76161024,76161024,PPRF ablation row excludes base-OT cost by accounting convention; current executable exposes integrated local setup timing only.
2026-07-23T08:43:39.926420+00:00,b33a10fa7851ba0c3a26bea531ffb004f00d9365,VECTOR_PPRF,PREPROCESSED_OT,2305843009213693951,61,64,128,2,14,16384,64,256,16,5,0,OK,measured,PASS,2,2,2,0.0,0,105.19000000000001,105.19000000000001,129280,129280,129280,76161024,76161024,PPRF ablation row excludes base-OT cost by accounting convention; current executable exposes integrated local setup timing only.
2026-07-23T08:43:40.036364+00:00,b33a10fa7851ba0c3a26bea531ffb004f00d9365,VECTOR_PPRF,PREPROCESSED_OT,2305843009213693951,61,64,128,2,14,16384,64,256,16,6,0,OK,measured,PASS,2,2,2,0.0,0,105.27799999999999,105.27799999999999,129280,129280,129280,76161024,76161024,PPRF ablation row excludes base-OT cost by accounting convention; current executable exposes integrated local setup timing only.
2026-07-23T08:43:40.146142+00:00,b33a10fa7851ba0c3a26bea531ffb004f00d9365,VECTOR_PPRF,PREPROCESSED_OT,2305843009213693951,61,64,128,2,14,16384,64,256,16,7,0,OK,measured,PASS,2,2,2,0.0,0,105.364,105.364,129280,129280,129280,76161024,76161024,PPRF ablation row excludes base-OT cost by accounting convention; current executable exposes integrated local setup timing only.
2026-07-23T08:43:40.255778+00:00,b33a10fa7851ba0c3a26bea531ffb004f00d9365,VECTOR_PPRF,PREPROCESSED_OT,2305843009213693951,61,64,128,2,14,16384,64,256,16,8,0,OK,measured,PASS,2,2,2,0.0,0,105.431,105.431,129280,129280,129280,76161024,76161024,PPRF ablation row excludes base-OT cost by accounting convention; current executable exposes integrated local setup timing only.
2026-07-23T08:43:40.365612+00:00,b33a10fa7851ba0c3a26bea531ffb004f00d9365,VECTOR_PPRF,PREPROCESSED_OT,2305843009213693951,61,64,128,2,14,16384,64,256,16,9,0,OK,measured,PASS,2,2,2,0.0,0,105.408,105.408,129280,129280,129280,76161024,76161024,PPRF ablation row excludes base-OT cost by accounting convention; current executable exposes integrated local setup timing only.
2026-07-23T08:43:40.475265+00:00,b33a10fa7851ba0c3a26bea531ffb004f00d9365,COORDINATE_PPRF,PREPROCESSED_OT,2305843009213693951,61,64,128,2,14,16384,64,256,16,-1,1,OK,measured,PASS,32,32,32,0.0,0,1551.31,1551.31,1084720,1084720,1084720,76161024,76161024,PPRF ablation row excludes base-OT cost by accounting convention; current executable exposes integrated local setup timing only.
2026-07-23T08:43:42.031208+00:00,b33a10fa7851ba0c3a26bea531ffb004f00d9365,COORDINATE_PPRF,PREPROCESSED_OT,2305843009213693951,61,64,128,2,14,16384,64,256,16,0,0,OK,measured,PASS,32,32,32,0.0,0,1547.877,1547.877,1084720,1084720,1084720,76161024,76161024,PPRF ablation row excludes base-OT cost by accounting convention; current executable exposes integrated local setup timing only.
2026-07-23T08:43:43.584824+00:00,b33a10fa7851ba0c3a26bea531ffb004f00d9365,COORDINATE_PPRF,PREPROCESSED_OT,2305843009213693951,61,64,128,2,14,16384,64,256,16,1,0,OK,measured,PASS,32,32,32,0.0,0,1518.4009999999998,1518.4009999999998,1084720,1084720,1084720,76161024,76161024,PPRF ablation row excludes base-OT cost by accounting convention; current executable exposes integrated local setup timing only.
2026-07-23T08:43:45.109013+00:00,b33a10fa7851ba0c3a26bea531ffb004f00d9365,COORDINATE_PPRF,PREPROCESSED_OT,2305843009213693951,61,64,128,2,14,16384,64,256,16,2,0,OK,measured,PASS,32,32,32,0.0,0,1522.532,1522.532,1084720,1084720,1084720,76161024,76161024,PPRF ablation row excludes base-OT cost by accounting convention; current executable exposes integrated local setup timing only.
2026-07-23T08:43:46.637166+00:00,b33a10fa7851ba0c3a26bea531ffb004f00d9365,COORDINATE_PPRF,PREPROCESSED_OT,2305843009213693951,61,64,128,2,14,16384,64,256,16,3,0,OK,measured,PASS,32,32,32,0.0,0,1552.638,1552.638,1084720,1084720,1084720,76161024,76161024,PPRF ablation row excludes base-OT cost by accounting convention; current executable exposes integrated local setup timing only.
2026-07-23T08:43:48.195628+00:00,b33a10fa7851ba0c3a26bea531ffb004f00d9365,COORDINATE_PPRF,PREPROCESSED_OT,2305843009213693951,61,64,128,2,14,16384,64,256,16,4,0,OK,measured,PASS,32,32,32,0.0,0,1518.644,1518.644,1084720,1084720,1084720,76161024,76161024,PPRF ablation row excludes base-OT cost by accounting convention; current executable exposes integrated local setup timing only.
2026-07-23T08:43:49.720103+00:00,b33a10fa7851ba0c3a26bea531ffb004f00d9365,COORDINATE_PPRF,PREPROCESSED_OT,2305843009213693951,61,64,128,2,14,16384,64,256,16,5,0,OK,measured,PASS,32,32,32,0.0,0,1521.129,1521.129,1084720,1084720,1084720,76161024,76161024,PPRF ablation row excludes base-OT cost by accounting convention; current executable exposes integrated local setup timing only.
2026-07-23T08:43:51.247163+00:00,b33a10fa7851ba0c3a26bea531ffb004f00d9365,COORDINATE_PPRF,PREPROCESSED_OT,2305843009213693951,61,64,128,2,14,16384,64,256,16,6,0,OK,measured,PASS,32,32,32,0.0,0,1517.471,1517.471,1084720,1084720,1084720,76161024,76161024,PPRF ablation row excludes base-OT cost by accounting convention; current executable exposes integrated local setup timing only.
2026-07-23T08:43:52.770421+00:00,b33a10fa7851ba0c3a26bea531ffb004f00d9365,COORDINATE_PPRF,PREPROCESSED_OT,2305843009213693951,61,64,128,2,14,16384,64,256,16,7,0,OK,measured,PASS,32,32,32,0.0,0,1544.505,1544.505,1084720,1084720,1084720,76161024,76161024,PPRF ablation row excludes base-OT cost by accounting convention; current executable exposes integrated local setup timing only.
2026-07-23T08:43:54.320597+00:00,b33a10fa7851ba0c3a26bea531ffb004f00d9365,COORDINATE_PPRF,PREPROCESSED_OT,2305843009213693951,61,64,128,2,14,16384,64,256,16,8,0,OK,measured,PASS,32,32,32,0.0,0,1516.4370000000001,1516.4370000000001,1084720,1084720,1084720,76161024,76161024,PPRF ablation row excludes base-OT cost by accounting convention; current executable exposes integrated local setup timing only.
2026-07-23T08:43:55.842731+00:00,b33a10fa7851ba0c3a26bea531ffb004f00d9365,COORDINATE_PPRF,PREPROCESSED_OT,2305843009213693951,61,64,128,2,14,16384,64,256,16,9,0,OK,measured,PASS,32,32,32,0.0,0,1521.6799999999998,1521.6799999999998,1084720,1084720,1084720,76161024,76161024,PPRF ablation row excludes base-OT cost by accounting convention; current executable exposes integrated local setup timing only.
2026-07-23T08:43:57.370132+00:00,b33a10fa7851ba0c3a26bea531ffb004f00d9365,VECTOR_PPRF,PREPROCESSED_OT,2305843009213693951,61,64,128,2,14,16384,64,256,32,-1,1,OK,measured,PASS,2,2,2,0.0,0,113.831,113.831,194816,194816,194816,76161024,76161024,PPRF ablation row excludes base-OT cost by accounting convention; current executable exposes integrated local setup timing only.
2026-07-23T08:43:57.490122+00:00,b33a10fa7851ba0c3a26bea531ffb004f00d9365,VECTOR_PPRF,PREPROCESSED_OT,2305843009213693951,61,64,128,2,14,16384,64,256,32,0,0,OK,measured,PASS,2,2,2,0.0,0,114.343,114.343,194816,194816,194816,76161024,76161024,PPRF ablation row excludes base-OT cost by accounting convention; current executable exposes integrated local setup timing only.
2026-07-23T08:43:57.610145+00:00,b33a10fa7851ba0c3a26bea531ffb004f00d9365,VECTOR_PPRF,PREPROCESSED_OT,2305843009213693951,61,64,128,2,14,16384,64,256,32,1,0,OK,measured,PASS,2,2,2,0.0,0,113.071,113.071,194816,194816,194816,76161024,76161024,PPRF ablation row excludes base-OT cost by accounting convention; current executable exposes integrated local setup timing only.
2026-07-23T08:43:57.728250+00:00,b33a10fa7851ba0c3a26bea531ffb004f00d9365,VECTOR_PPRF,PREPROCESSED_OT,2305843009213693951,61,64,128,2,14,16384,64,256,32,2,0,OK,measured,PASS,2,2,2,0.0,0,112.21000000000001,112.21000000000001,194816,194816,194816,76161024,76161024,PPRF ablation row excludes base-OT cost by accounting convention; current executable exposes integrated local setup timing only.
2026-07-23T08:43:57.845228+00:00,b33a10fa7851ba0c3a26bea531ffb004f00d9365,VECTOR_PPRF,PREPROCESSED_OT,2305843009213693951,61,64,128,2,14,16384,64,256,32,3,0,OK,measured,PASS,2,2,2,0.0,0,113.797,113.797,194816,194816,194816,76161024,76161024,PPRF ablation row excludes base-OT cost by accounting convention; current executable exposes integrated local setup timing only.
2026-07-23T08:43:57.963823+00:00,b33a10fa7851ba0c3a26bea531ffb004f00d9365,VECTOR_PPRF,PREPROCESSED_OT,2305843009213693951,61,64,128,2,14,16384,64,256,32,4,0,OK,measured,PASS,2,2,2,0.0,0,112.274,112.274,194816,194816,194816,76161024,76161024,PPRF ablation row excludes base-OT cost by accounting convention; current executable exposes integrated local setup timing only.
2026-07-23T08:43:58.081309+00:00,b33a10fa7851ba0c3a26bea531ffb004f00d9365,VECTOR_PPRF,PREPROCESSED_OT,2305843009213693951,61,64,128,2,14,16384,64,256,32,5,0,OK,measured,PASS,2,2,2,0.0,0,113.08999999999999,113.08999999999999,194816,194816,194816,76161024,76161024,PPRF ablation row excludes base-OT cost by accounting convention; current executable exposes integrated local setup timing only.
2026-07-23T08:43:58.199004+00:00,b33a10fa7851ba0c3a26bea531ffb004f00d9365,VECTOR_PPRF,PREPROCESSED_OT,2305843009213693951,61,64,128,2,14,16384,64,256,32,6,0,OK,measured,PASS,2,2,2,0.0,0,113.312,113.312,194816,194816,194816,76161024,76161024,PPRF ablation row excludes base-OT cost by accounting convention; current executable exposes integrated local setup timing only.
2026-07-23T08:43:58.316859+00:00,b33a10fa7851ba0c3a26bea531ffb004f00d9365,VECTOR_PPRF,PREPROCESSED_OT,2305843009213693951,61,64,128,2,14,16384,64,256,32,7,0,OK,measured,PASS,2,2,2,0.0,0,115.28399999999999,115.28399999999999,194816,194816,194816,76161024,76161024,PPRF ablation row excludes base-OT cost by accounting convention; current executable exposes integrated local setup timing only.
2026-07-23T08:43:58.437070+00:00,b33a10fa7851ba0c3a26bea531ffb004f00d9365,VECTOR_PPRF,PREPROCESSED_OT,2305843009213693951,61,64,128,2,14,16384,64,256,32,8,0,OK,measured,PASS,2,2,2,0.0,0,114.828,114.828,194816,194816,194816,76161024,76161024,PPRF ablation row excludes base-OT cost by accounting convention; current executable exposes integrated local setup timing only.
2026-07-23T08:43:58.557929+00:00,b33a10fa7851ba0c3a26bea531ffb004f00d9365,VECTOR_PPRF,PREPROCESSED_OT,2305843009213693951,61,64,128,2,14,16384,64,256,32,9,0,OK,measured,PASS,2,2,2,0.0,0,112.042,112.042,194816,194816,194816,76161024,76161024,PPRF ablation row excludes base-OT cost by accounting convention; current executable exposes integrated local setup timing only.
2026-07-23T08:43:58.675640+00:00,b33a10fa7851ba0c3a26bea531ffb004f00d9365,COORDINATE_PPRF,PREPROCESSED_OT,2305843009213693951,61,64,128,2,14,16384,64,256,32,-1,1,OK,measured,PASS,64,64,64,0.0,0,3044.722,3044.722,2169392,2169392,2169392,76161024,76161024,PPRF ablation row excludes base-OT cost by accounting convention; current executable exposes integrated local setup timing only.
2026-07-23T08:44:01.725226+00:00,b33a10fa7851ba0c3a26bea531ffb004f00d9365,COORDINATE_PPRF,PREPROCESSED_OT,2305843009213693951,61,64,128,2,14,16384,64,256,32,0,0,OK,measured,PASS,64,64,64,0.0,0,3031.663,3031.663,2169392,2169392,2169392,76161024,76161024,PPRF ablation row excludes base-OT cost by accounting convention; current executable exposes integrated local setup timing only.
2026-07-23T08:44:04.762756+00:00,b33a10fa7851ba0c3a26bea531ffb004f00d9365,COORDINATE_PPRF,PREPROCESSED_OT,2305843009213693951,61,64,128,2,14,16384,64,256,32,1,0,OK,measured,PASS,64,64,64,0.0,0,3095.038,3095.038,2169392,2169392,2169392,76161024,76161024,PPRF ablation row excludes base-OT cost by accounting convention; current executable exposes integrated local setup timing only.
2026-07-23T08:44:07.863654+00:00,b33a10fa7851ba0c3a26bea531ffb004f00d9365,COORDINATE_PPRF,PREPROCESSED_OT,2305843009213693951,61,64,128,2,14,16384,64,256,32,2,0,OK,measured,PASS,64,64,64,0.0,0,3046.046,3046.046,2169392,2169392,2169392,76161024,76161024,PPRF ablation row excludes base-OT cost by accounting convention; current executable exposes integrated local setup timing only.
2026-07-23T08:44:10.915614+00:00,b33a10fa7851ba0c3a26bea531ffb004f00d9365,COORDINATE_PPRF,PREPROCESSED_OT,2305843009213693951,61,64,128,2,14,16384,64,256,32,3,0,OK,measured,PASS,64,64,64,0.0,0,3102.583,3102.583,2169392,2169392,2169392,76161024,76161024,PPRF ablation row excludes base-OT cost by accounting convention; current executable exposes integrated local setup timing only.
2026-07-23T08:44:14.024057+00:00,b33a10fa7851ba0c3a26bea531ffb004f00d9365,COORDINATE_PPRF,PREPROCESSED_OT,2305843009213693951,61,64,128,2,14,16384,64,256,32,4,0,OK,measured,PASS,64,64,64,0.0,0,3041.77,3041.77,2169392,2169392,2169392,76161024,76161024,PPRF ablation row excludes base-OT cost by accounting convention; current executable exposes integrated local setup timing only.
2026-07-23T08:44:17.071613+00:00,b33a10fa7851ba0c3a26bea531ffb004f00d9365,COORDINATE_PPRF,PREPROCESSED_OT,2305843009213693951,61,64,128,2,14,16384,64,256,32,5,0,OK,measured,PASS,64,64,64,0.0,0,3042.461,3042.461,2169392,2169392,2169392,76161024,76161024,PPRF ablation row excludes base-OT cost by accounting convention; current executable exposes integrated local setup timing only.
2026-07-23T08:44:20.119919+00:00,b33a10fa7851ba0c3a26bea531ffb004f00d9365,COORDINATE_PPRF,PREPROCESSED_OT,2305843009213693951,61,64,128,2,14,16384,64,256,32,6,0,OK,measured,PASS,64,64,64,0.0,0,3049.835,3049.835,2169392,2169392,2169392,76161024,76161024,PPRF ablation row excludes base-OT cost by accounting convention; current executable exposes integrated local setup timing only.
2026-07-23T08:44:23.175529+00:00,b33a10fa7851ba0c3a26bea531ffb004f00d9365,COORDINATE_PPRF,PREPROCESSED_OT,2305843009213693951,61,64,128,2,14,16384,64,256,32,7,0,OK,measured,PASS,64,64,64,0.0,0,3087.958,3087.958,2169392,2169392,2169392,76161024,76161024,PPRF ablation row excludes base-OT cost by accounting convention; current executable exposes integrated local setup timing only.
2026-07-23T08:44:26.269132+00:00,b33a10fa7851ba0c3a26bea531ffb004f00d9365,COORDINATE_PPRF,PREPROCESSED_OT,2305843009213693951,61,64,128,2,14,16384,64,256,32,8,0,OK,measured,PASS,64,64,64,0.0,0,3036.489,3036.489,2169392,2169392,2169392,76161024,76161024,PPRF ablation row excludes base-OT cost by accounting convention; current executable exposes integrated local setup timing only.
2026-07-23T08:44:29.311455+00:00,b33a10fa7851ba0c3a26bea531ffb004f00d9365,COORDINATE_PPRF,PREPROCESSED_OT,2305843009213693951,61,64,128,2,14,16384,64,256,32,9,0,OK,measured,PASS,64,64,64,0.0,0,3083.415,3083.415,2169392,2169392,2169392,76161024,76161024,PPRF ablation row excludes base-OT cost by accounting convention; current executable exposes integrated local setup timing only.
2026-07-23T08:44:32.400656+00:00,b33a10fa7851ba0c3a26bea531ffb004f00d9365,VECTOR_PPRF,PREPROCESSED_OT,2305843009213693951,61,64,128,2,16,65536,64,1024,8,-1,1,OK,measured,PASS,2,2,2,0.0,0,138.939,138.939,113408,113408,113408,76161024,76161024,PPRF ablation row excludes base-OT cost by accounting convention; current executable exposes integrated local setup timing only.
2026-07-23T08:44:32.545843+00:00,b33a10fa7851ba0c3a26bea531ffb004f00d9365,VECTOR_PPRF,PREPROCESSED_OT,2305843009213693951,61,64,128,2,16,65536,64,1024,8,0,0,OK,measured,PASS,2,2,2,0.0,0,139.01,139.01,113408,113408,113408,76161024,76161024,PPRF ablation row excludes base-OT cost by accounting convention; current executable exposes integrated local setup timing only.
2026-07-23T08:44:32.690226+00:00,b33a10fa7851ba0c3a26bea531ffb004f00d9365,VECTOR_PPRF,PREPROCESSED_OT,2305843009213693951,61,64,128,2,16,65536,64,1024,8,1,0,OK,measured,PASS,2,2,2,0.0,0,137.935,137.935,113408,113408,113408,76161024,76161024,PPRF ablation row excludes base-OT cost by accounting convention; current executable exposes integrated local setup timing only.
2026-07-23T08:44:32.833145+00:00,b33a10fa7851ba0c3a26bea531ffb004f00d9365,VECTOR_PPRF,PREPROCESSED_OT,2305843009213693951,61,64,128,2,16,65536,64,1024,8,2,0,OK,measured,PASS,2,2,2,0.0,0,137.964,137.964,113408,113408,113408,76161024,76161024,PPRF ablation row excludes base-OT cost by accounting convention; current executable exposes integrated local setup timing only.
2026-07-23T08:44:32.975957+00:00,b33a10fa7851ba0c3a26bea531ffb004f00d9365,VECTOR_PPRF,PREPROCESSED_OT,2305843009213693951,61,64,128,2,16,65536,64,1024,8,3,0,OK,measured,PASS,2,2,2,0.0,0,139.354,139.354,113408,113408,113408,76161024,76161024,PPRF ablation row excludes base-OT cost by accounting convention; current executable exposes integrated local setup timing only.
2026-07-23T08:44:33.120108+00:00,b33a10fa7851ba0c3a26bea531ffb004f00d9365,VECTOR_PPRF,PREPROCESSED_OT,2305843009213693951,61,64,128,2,16,65536,64,1024,8,4,0,OK,measured,PASS,2,2,2,0.0,0,137.036,137.036,113408,113408,113408,76161024,76161024,PPRF ablation row excludes base-OT cost by accounting convention; current executable exposes integrated local setup timing only.
2026-07-23T08:44:33.261848+00:00,b33a10fa7851ba0c3a26bea531ffb004f00d9365,VECTOR_PPRF,PREPROCESSED_OT,2305843009213693951,61,64,128,2,16,65536,64,1024,8,5,0,OK,measured,PASS,2,2,2,0.0,0,138.82500000000002,138.82500000000002,113408,113408,113408,76161024,76161024,PPRF ablation row excludes base-OT cost by accounting convention; current executable exposes integrated local setup timing only.
2026-07-23T08:44:33.405265+00:00,b33a10fa7851ba0c3a26bea531ffb004f00d9365,VECTOR_PPRF,PREPROCESSED_OT,2305843009213693951,61,64,128,2,16,65536,64,1024,8,6,0,OK,measured,PASS,2,2,2,0.0,0,137.333,137.333,113408,113408,113408,76161024,76161024,PPRF ablation row excludes base-OT cost by accounting convention; current executable exposes integrated local setup timing only.
2026-07-23T08:44:33.547483+00:00,b33a10fa7851ba0c3a26bea531ffb004f00d9365,VECTOR_PPRF,PREPROCESSED_OT,2305843009213693951,61,64,128,2,16,65536,64,1024,8,7,0,OK,measured,PASS,2,2,2,0.0,0,141.70499999999998,141.70499999999998,113408,113408,113408,76161024,76161024,PPRF ablation row excludes base-OT cost by accounting convention; current executable exposes integrated local setup timing only.
2026-07-23T08:44:33.695525+00:00,b33a10fa7851ba0c3a26bea531ffb004f00d9365,VECTOR_PPRF,PREPROCESSED_OT,2305843009213693951,61,64,128,2,16,65536,64,1024,8,8,0,OK,measured,PASS,2,2,2,0.0,0,138.094,138.094,113408,113408,113408,76161024,76161024,PPRF ablation row excludes base-OT cost by accounting convention; current executable exposes integrated local setup timing only.
2026-07-23T08:44:33.840029+00:00,b33a10fa7851ba0c3a26bea531ffb004f00d9365,VECTOR_PPRF,PREPROCESSED_OT,2305843009213693951,61,64,128,2,16,65536,64,1024,8,9,0,OK,measured,PASS,2,2,2,0.0,0,139.304,139.304,113408,113408,113408,76161024,76161024,PPRF ablation row excludes base-OT cost by accounting convention; current executable exposes integrated local setup timing only.
2026-07-23T08:44:33.985698+00:00,b33a10fa7851ba0c3a26bea531ffb004f00d9365,COORDINATE_PPRF,PREPROCESSED_OT,2305843009213693951,61,64,128,2,16,65536,64,1024,8,-1,1,OK,measured,PASS,16,16,16,0.0,0,961.69,961.69,677552,677552,677552,76161024,76161024,PPRF ablation row excludes base-OT cost by accounting convention; current executable exposes integrated local setup timing only.
2026-07-23T08:44:34.953150+00:00,b33a10fa7851ba0c3a26bea531ffb004f00d9365,COORDINATE_PPRF,PREPROCESSED_OT,2305843009213693951,61,64,128,2,16,65536,64,1024,8,0,0,OK,measured,PASS,16,16,16,0.0,0,971.268,971.268,677552,677552,677552,76161024,76161024,PPRF ablation row excludes base-OT cost by accounting convention; current executable exposes integrated local setup timing only.
2026-07-23T08:44:35.930745+00:00,b33a10fa7851ba0c3a26bea531ffb004f00d9365,COORDINATE_PPRF,PREPROCESSED_OT,2305843009213693951,61,64,128,2,16,65536,64,1024,8,1,0,OK,measured,PASS,16,16,16,0.0,0,958.009,958.009,677552,677552,677552,76161024,76161024,PPRF ablation row excludes base-OT cost by accounting convention; current executable exposes integrated local setup timing only.
2026-07-23T08:44:36.895499+00:00,b33a10fa7851ba0c3a26bea531ffb004f00d9365,COORDINATE_PPRF,PREPROCESSED_OT,2305843009213693951,61,64,128,2,16,65536,64,1024,8,2,0,OK,measured,PASS,16,16,16,0.0,0,958.2429999999999,958.2429999999999,677552,677552,677552,76161024,76161024,PPRF ablation row excludes base-OT cost by accounting convention; current executable exposes integrated local setup timing only.
2026-07-23T08:44:37.860009+00:00,b33a10fa7851ba0c3a26bea531ffb004f00d9365,COORDINATE_PPRF,PREPROCESSED_OT,2305843009213693951,61,64,128,2,16,65536,64,1024,8,3,0,OK,measured,PASS,16,16,16,0.0,0,959.802,959.802,677552,677552,677552,76161024,76161024,PPRF ablation row excludes base-OT cost by accounting convention; current executable exposes integrated local setup timing only.
2026-07-23T08:44:38.826190+00:00,b33a10fa7851ba0c3a26bea531ffb004f00d9365,COORDINATE_PPRF,PREPROCESSED_OT,2305843009213693951,61,64,128,2,16,65536,64,1024,8,4,0,OK,measured,PASS,16,16,16,0.0,0,959.551,959.551,677552,677552,677552,76161024,76161024,PPRF ablation row excludes base-OT cost by accounting convention; current executable exposes integrated local setup timing only.
2026-07-23T08:44:39.792873+00:00,b33a10fa7851ba0c3a26bea531ffb004f00d9365,COORDINATE_PPRF,PREPROCESSED_OT,2305843009213693951,61,64,128,2,16,65536,64,1024,8,5,0,OK,measured,PASS,16,16,16,0.0,0,955.945,955.945,677552,677552,677552,76161024,76161024,PPRF ablation row excludes base-OT cost by accounting convention; current executable exposes integrated local setup timing only.
2026-07-23T08:44:40.755155+00:00,b33a10fa7851ba0c3a26bea531ffb004f00d9365,COORDINATE_PPRF,PREPROCESSED_OT,2305843009213693951,61,64,128,2,16,65536,64,1024,8,6,0,OK,measured,PASS,16,16,16,0.0,0,962.132,962.132,677552,677552,677552,76161024,76161024,PPRF ablation row excludes base-OT cost by accounting convention; current executable exposes integrated local setup timing only.
2026-07-23T08:44:41.723263+00:00,b33a10fa7851ba0c3a26bea531ffb004f00d9365,COORDINATE_PPRF,PREPROCESSED_OT,2305843009213693951,61,64,128,2,16,65536,64,1024,8,7,0,OK,measured,PASS,16,16,16,0.0,0,960.43,960.43,677552,677552,677552,76161024,76161024,PPRF ablation row excludes base-OT cost by accounting convention; current executable exposes integrated local setup timing only.
2026-07-23T08:44:42.690163+00:00,b33a10fa7851ba0c3a26bea531ffb004f00d9365,COORDINATE_PPRF,PREPROCESSED_OT,2305843009213693951,61,64,128,2,16,65536,64,1024,8,8,0,OK,measured,PASS,16,16,16,0.0,0,958.697,958.697,677552,677552,677552,76161024,76161024,PPRF ablation row excludes base-OT cost by accounting convention; current executable exposes integrated local setup timing only.
2026-07-23T08:44:43.655465+00:00,b33a10fa7851ba0c3a26bea531ffb004f00d9365,COORDINATE_PPRF,PREPROCESSED_OT,2305843009213693951,61,64,128,2,16,65536,64,1024,8,9,0,OK,measured,PASS,16,16,16,0.0,0,957.504,957.504,677552,677552,677552,76161024,76161024,PPRF ablation row excludes base-OT cost by accounting convention; current executable exposes integrated local setup timing only.
2026-07-23T08:44:44.619356+00:00,b33a10fa7851ba0c3a26bea531ffb004f00d9365,VECTOR_PPRF,PREPROCESSED_OT,2305843009213693951,61,64,128,2,16,65536,64,1024,16,-1,1,OK,measured,PASS,2,2,2,0.0,0,159.037,159.037,146176,146176,146176,76161024,76161024,PPRF ablation row excludes base-OT cost by accounting convention; current executable exposes integrated local setup timing only.
2026-07-23T08:44:44.785834+00:00,b33a10fa7851ba0c3a26bea531ffb004f00d9365,VECTOR_PPRF,PREPROCESSED_OT,2305843009213693951,61,64,128,2,16,65536,64,1024,16,0,0,OK,measured,PASS,2,2,2,0.0,0,159.532,159.532,146176,146176,146176,76161024,76161024,PPRF ablation row excludes base-OT cost by accounting convention; current executable exposes integrated local setup timing only.
2026-07-23T08:44:44.952268+00:00,b33a10fa7851ba0c3a26bea531ffb004f00d9365,VECTOR_PPRF,PREPROCESSED_OT,2305843009213693951,61,64,128,2,16,65536,64,1024,16,1,0,OK,measured,PASS,2,2,2,0.0,0,156.816,156.816,146176,146176,146176,76161024,76161024,PPRF ablation row excludes base-OT cost by accounting convention; current executable exposes integrated local setup timing only.
2026-07-23T08:44:45.116069+00:00,b33a10fa7851ba0c3a26bea531ffb004f00d9365,VECTOR_PPRF,PREPROCESSED_OT,2305843009213693951,61,64,128,2,16,65536,64,1024,16,2,0,OK,measured,PASS,2,2,2,0.0,0,156.45700000000002,156.45700000000002,146176,146176,146176,76161024,76161024,PPRF ablation row excludes base-OT cost by accounting convention; current executable exposes integrated local setup timing only.
2026-07-23T08:44:45.279193+00:00,b33a10fa7851ba0c3a26bea531ffb004f00d9365,VECTOR_PPRF,PREPROCESSED_OT,2305843009213693951,61,64,128,2,16,65536,64,1024,16,3,0,OK,measured,PASS,2,2,2,0.0,0,155.248,155.248,146176,146176,146176,76161024,76161024,PPRF ablation row excludes base-OT cost by accounting convention; current executable exposes integrated local setup timing only.
2026-07-23T08:44:45.440891+00:00,b33a10fa7851ba0c3a26bea531ffb004f00d9365,VECTOR_PPRF,PREPROCESSED_OT,2305843009213693951,61,64,128,2,16,65536,64,1024,16,4,0,OK,measured,PASS,2,2,2,0.0,0,158.42600000000002,158.42600000000002,146176,146176,146176,76161024,76161024,PPRF ablation row excludes base-OT cost by accounting convention; current executable exposes integrated local setup timing only.
2026-07-23T08:44:45.605639+00:00,b33a10fa7851ba0c3a26bea531ffb004f00d9365,VECTOR_PPRF,PREPROCESSED_OT,2305843009213693951,61,64,128,2,16,65536,64,1024,16,5,0,OK,measured,PASS,2,2,2,0.0,0,156.838,156.838,146176,146176,146176,76161024,76161024,PPRF ablation row excludes base-OT cost by accounting convention; current executable exposes integrated local setup timing only.
2026-07-23T08:44:45.769048+00:00,b33a10fa7851ba0c3a26bea531ffb004f00d9365,VECTOR_PPRF,PREPROCESSED_OT,2305843009213693951,61,64,128,2,16,65536,64,1024,16,6,0,OK,measured,PASS,2,2,2,0.0,0,155.45000000000002,155.45000000000002,146176,146176,146176,76161024,76161024,PPRF ablation row excludes base-OT cost by accounting convention; current executable exposes integrated local setup timing only.
2026-07-23T08:44:45.930880+00:00,b33a10fa7851ba0c3a26bea531ffb004f00d9365,VECTOR_PPRF,PREPROCESSED_OT,2305843009213693951,61,64,128,2,16,65536,64,1024,16,7,0,OK,measured,PASS,2,2,2,0.0,0,156.522,156.522,146176,146176,146176,76161024,76161024,PPRF ablation row excludes base-OT cost by accounting convention; current executable exposes integrated local setup timing only.
2026-07-23T08:44:46.093994+00:00,b33a10fa7851ba0c3a26bea531ffb004f00d9365,VECTOR_PPRF,PREPROCESSED_OT,2305843009213693951,61,64,128,2,16,65536,64,1024,16,8,0,OK,measured,PASS,2,2,2,0.0,0,162.866,162.866,146176,146176,146176,76161024,76161024,PPRF ablation row excludes base-OT cost by accounting convention; current executable exposes integrated local setup timing only.
2026-07-23T08:44:46.264411+00:00,b33a10fa7851ba0c3a26bea531ffb004f00d9365,VECTOR_PPRF,PREPROCESSED_OT,2305843009213693951,61,64,128,2,16,65536,64,1024,16,9,0,OK,measured,PASS,2,2,2,0.0,0,158.863,158.863,146176,146176,146176,76161024,76161024,PPRF ablation row excludes base-OT cost by accounting convention; current executable exposes integrated local setup timing only.
2026-07-23T08:44:46.431231+00:00,b33a10fa7851ba0c3a26bea531ffb004f00d9365,COORDINATE_PPRF,PREPROCESSED_OT,2305843009213693951,61,64,128,2,16,65536,64,1024,16,-1,1,OK,measured,PASS,32,32,32,0.0,0,1928.2140000000002,1928.2140000000002,1355056,1355056,1355056,76161024,76161024,PPRF ablation row excludes base-OT cost by accounting convention; current executable exposes integrated local setup timing only.
2026-07-23T08:44:48.365911+00:00,b33a10fa7851ba0c3a26bea531ffb004f00d9365,COORDINATE_PPRF,PREPROCESSED_OT,2305843009213693951,61,64,128,2,16,65536,64,1024,16,0,0,OK,measured,PASS,32,32,32,0.0,0,1953.487,1953.487,1355056,1355056,1355056,76161024,76161024,PPRF ablation row excludes base-OT cost by accounting convention; current executable exposes integrated local setup timing only.
2026-07-23T08:44:50.325832+00:00,b33a10fa7851ba0c3a26bea531ffb004f00d9365,COORDINATE_PPRF,PREPROCESSED_OT,2305843009213693951,61,64,128,2,16,65536,64,1024,16,1,0,OK,measured,PASS,32,32,32,0.0,0,1947.571,1947.571,1355056,1355056,1355056,76161024,76161024,PPRF ablation row excludes base-OT cost by accounting convention; current executable exposes integrated local setup timing only.
2026-07-23T08:44:52.279943+00:00,b33a10fa7851ba0c3a26bea531ffb004f00d9365,COORDINATE_PPRF,PREPROCESSED_OT,2305843009213693951,61,64,128,2,16,65536,64,1024,16,2,0,OK,measured,PASS,32,32,32,0.0,0,1910.4460000000001,1910.4460000000001,1355056,1355056,1355056,76161024,76161024,PPRF ablation row excludes base-OT cost by accounting convention; current executable exposes integrated local setup timing only.
2026-07-23T08:44:54.197081+00:00,b33a10fa7851ba0c3a26bea531ffb004f00d9365,COORDINATE_PPRF,PREPROCESSED_OT,2305843009213693951,61,64,128,2,16,65536,64,1024,16,3,0,OK,measured,PASS,32,32,32,0.0,0,1915.981,1915.981,1355056,1355056,1355056,76161024,76161024,PPRF ablation row excludes base-OT cost by accounting convention; current executable exposes integrated local setup timing only.
2026-07-23T08:44:56.119640+00:00,b33a10fa7851ba0c3a26bea531ffb004f00d9365,COORDINATE_PPRF,PREPROCESSED_OT,2305843009213693951,61,64,128,2,16,65536,64,1024,16,4,0,OK,measured,PASS,32,32,32,0.0,0,1909.042,1909.042,1355056,1355056,1355056,76161024,76161024,PPRF ablation row excludes base-OT cost by accounting convention; current executable exposes integrated local setup timing only.
2026-07-23T08:44:58.035214+00:00,b33a10fa7851ba0c3a26bea531ffb004f00d9365,COORDINATE_PPRF,PREPROCESSED_OT,2305843009213693951,61,64,128,2,16,65536,64,1024,16,5,0,OK,measured,PASS,32,32,32,0.0,0,1920.236,1920.236,1355056,1355056,1355056,76161024,76161024,PPRF ablation row excludes base-OT cost by accounting convention; current executable exposes integrated local setup timing only.
2026-07-23T08:44:59.961922+00:00,b33a10fa7851ba0c3a26bea531ffb004f00d9365,COORDINATE_PPRF,PREPROCESSED_OT,2305843009213693951,61,64,128,2,16,65536,64,1024,16,6,0,OK,measured,PASS,32,32,32,0.0,0,1940.408,1940.408,1355056,1355056,1355056,76161024,76161024,PPRF ablation row excludes base-OT cost by accounting convention; current executable exposes integrated local setup timing only.
2026-07-23T08:45:01.908933+00:00,b33a10fa7851ba0c3a26bea531ffb004f00d9365,COORDINATE_PPRF,PREPROCESSED_OT,2305843009213693951,61,64,128,2,16,65536,64,1024,16,7,0,OK,measured,PASS,32,32,32,0.0,0,1962.038,1962.038,1355056,1355056,1355056,76161024,76161024,PPRF ablation row excludes base-OT cost by accounting convention; current executable exposes integrated local setup timing only.
2026-07-23T08:45:03.877625+00:00,b33a10fa7851ba0c3a26bea531ffb004f00d9365,COORDINATE_PPRF,PREPROCESSED_OT,2305843009213693951,61,64,128,2,16,65536,64,1024,16,8,0,OK,measured,PASS,32,32,32,0.0,0,1930.184,1930.184,1355056,1355056,1355056,76161024,76161024,PPRF ablation row excludes base-OT cost by accounting convention; current executable exposes integrated local setup timing only.
2026-07-23T08:45:05.814432+00:00,b33a10fa7851ba0c3a26bea531ffb004f00d9365,COORDINATE_PPRF,PREPROCESSED_OT,2305843009213693951,61,64,128,2,16,65536,64,1024,16,9,0,OK,measured,PASS,32,32,32,0.0,0,1965.49,1965.49,1355056,1355056,1355056,76161024,76161024,PPRF ablation row excludes base-OT cost by accounting convention; current executable exposes integrated local setup timing only.
2026-07-23T08:45:07.786303+00:00,b33a10fa7851ba0c3a26bea531ffb004f00d9365,VECTOR_PPRF,PREPROCESSED_OT,2305843009213693951,61,64,128,2,16,65536,64,1024,32,-1,1,OK,measured,PASS,2,2,2,0.0,0,200.845,200.845,211712,211712,211712,76161024,76161024,PPRF ablation row excludes base-OT cost by accounting convention; current executable exposes integrated local setup timing only.
2026-07-23T08:45:07.997066+00:00,b33a10fa7851ba0c3a26bea531ffb004f00d9365,VECTOR_PPRF,PREPROCESSED_OT,2305843009213693951,61,64,128,2,16,65536,64,1024,32,0,0,OK,measured,PASS,2,2,2,0.0,0,197.655,197.655,211712,211712,211712,76161024,76161024,PPRF ablation row excludes base-OT cost by accounting convention; current executable exposes integrated local setup timing only.
2026-07-23T08:45:08.204181+00:00,b33a10fa7851ba0c3a26bea531ffb004f00d9365,VECTOR_PPRF,PREPROCESSED_OT,2305843009213693951,61,64,128,2,16,65536,64,1024,32,1,0,OK,measured,PASS,2,2,2,0.0,0,196.406,196.406,211712,211712,211712,76161024,76161024,PPRF ablation row excludes base-OT cost by accounting convention; current executable exposes integrated local setup timing only.
2026-07-23T08:45:08.409913+00:00,b33a10fa7851ba0c3a26bea531ffb004f00d9365,VECTOR_PPRF,PREPROCESSED_OT,2305843009213693951,61,64,128,2,16,65536,64,1024,32,2,0,OK,measured,PASS,2,2,2,0.0,0,196.208,196.208,211712,211712,211712,76161024,76161024,PPRF ablation row excludes base-OT cost by accounting convention; current executable exposes integrated local setup timing only.
2026-07-23T08:45:08.615737+00:00,b33a10fa7851ba0c3a26bea531ffb004f00d9365,VECTOR_PPRF,PREPROCESSED_OT,2305843009213693951,61,64,128,2,16,65536,64,1024,32,3,0,OK,measured,PASS,2,2,2,0.0,0,194.404,194.404,211712,211712,211712,76161024,76161024,PPRF ablation row excludes base-OT cost by accounting convention; current executable exposes integrated local setup timing only.
2026-07-23T08:45:08.819746+00:00,b33a10fa7851ba0c3a26bea531ffb004f00d9365,VECTOR_PPRF,PREPROCESSED_OT,2305843009213693951,61,64,128,2,16,65536,64,1024,32,4,0,OK,measured,PASS,2,2,2,0.0,0,200.536,200.536,211712,211712,211712,76161024,76161024,PPRF ablation row excludes base-OT cost by accounting convention; current executable exposes integrated local setup timing only.
2026-07-23T08:45:09.030137+00:00,b33a10fa7851ba0c3a26bea531ffb004f00d9365,VECTOR_PPRF,PREPROCESSED_OT,2305843009213693951,61,64,128,2,16,65536,64,1024,32,5,0,OK,measured,PASS,2,2,2,0.0,0,196.574,196.574,211712,211712,211712,76161024,76161024,PPRF ablation row excludes base-OT cost by accounting convention; current executable exposes integrated local setup timing only.
2026-07-23T08:45:09.236267+00:00,b33a10fa7851ba0c3a26bea531ffb004f00d9365,VECTOR_PPRF,PREPROCESSED_OT,2305843009213693951,61,64,128,2,16,65536,64,1024,32,6,0,OK,measured,PASS,2,2,2,0.0,0,200.68,200.68,211712,211712,211712,76161024,76161024,PPRF ablation row excludes base-OT cost by accounting convention; current executable exposes integrated local setup timing only.
2026-07-23T08:45:09.446723+00:00,b33a10fa7851ba0c3a26bea531ffb004f00d9365,VECTOR_PPRF,PREPROCESSED_OT,2305843009213693951,61,64,128,2,16,65536,64,1024,32,7,0,OK,measured,PASS,2,2,2,0.0,0,201.18800000000002,201.18800000000002,211712,211712,211712,76161024,76161024,PPRF ablation row excludes base-OT cost by accounting convention; current executable exposes integrated local setup timing only.
2026-07-23T08:45:09.657741+00:00,b33a10fa7851ba0c3a26bea531ffb004f00d9365,VECTOR_PPRF,PREPROCESSED_OT,2305843009213693951,61,64,128,2,16,65536,64,1024,32,8,0,OK,measured,PASS,2,2,2,0.0,0,195.603,195.603,211712,211712,211712,76161024,76161024,PPRF ablation row excludes base-OT cost by accounting convention; current executable exposes integrated local setup timing only.
2026-07-23T08:45:09.862886+00:00,b33a10fa7851ba0c3a26bea531ffb004f00d9365,VECTOR_PPRF,PREPROCESSED_OT,2305843009213693951,61,64,128,2,16,65536,64,1024,32,9,0,OK,measured,PASS,2,2,2,0.0,0,198.836,198.836,211712,211712,211712,76161024,76161024,PPRF ablation row excludes base-OT cost by accounting convention; current executable exposes integrated local setup timing only.
2026-07-23T08:45:10.071373+00:00,b33a10fa7851ba0c3a26bea531ffb004f00d9365,COORDINATE_PPRF,PREPROCESSED_OT,2305843009213693951,61,64,128,2,16,65536,64,1024,32,-1,1,OK,measured,PASS,64,64,64,0.0,0,3824.472,3824.472,2710064,2710064,2710064,76161024,76161024,PPRF ablation row excludes base-OT cost by accounting convention; current executable exposes integrated local setup timing only.
2026-07-23T08:45:13.902258+00:00,b33a10fa7851ba0c3a26bea531ffb004f00d9365,COORDINATE_PPRF,PREPROCESSED_OT,2305843009213693951,61,64,128,2,16,65536,64,1024,32,0,0,OK,measured,PASS,64,64,64,0.0,0,3899.5860000000002,3899.5860000000002,2710064,2710064,2710064,76161024,76161024,PPRF ablation row excludes base-OT cost by accounting convention; current executable exposes integrated local setup timing only.
2026-07-23T08:45:17.808621+00:00,b33a10fa7851ba0c3a26bea531ffb004f00d9365,COORDINATE_PPRF,PREPROCESSED_OT,2305843009213693951,61,64,128,2,16,65536,64,1024,32,1,0,OK,measured,PASS,64,64,64,0.0,0,3813.353,3813.353,2710064,2710064,2710064,76161024,76161024,PPRF ablation row excludes base-OT cost by accounting convention; current executable exposes integrated local setup timing only.
2026-07-23T08:45:21.628571+00:00,b33a10fa7851ba0c3a26bea531ffb004f00d9365,COORDINATE_PPRF,PREPROCESSED_OT,2305843009213693951,61,64,128,2,16,65536,64,1024,32,2,0,OK,measured,PASS,64,64,64,0.0,0,3884.3320000000003,3884.3320000000003,2710064,2710064,2710064,76161024,76161024,PPRF ablation row excludes base-OT cost by accounting convention; current executable exposes integrated local setup timing only.
2026-07-23T08:45:25.519555+00:00,b33a10fa7851ba0c3a26bea531ffb004f00d9365,COORDINATE_PPRF,PREPROCESSED_OT,2305843009213693951,61,64,128,2,16,65536,64,1024,32,3,0,OK,measured,PASS,64,64,64,0.0,0,3824.4060000000004,3824.4060000000004,2710064,2710064,2710064,76161024,76161024,PPRF ablation row excludes base-OT cost by accounting convention; current executable exposes integrated local setup timing only.
2026-07-23T08:45:29.350561+00:00,b33a10fa7851ba0c3a26bea531ffb004f00d9365,COORDINATE_PPRF,PREPROCESSED_OT,2305843009213693951,61,64,128,2,16,65536,64,1024,32,4,0,OK,measured,PASS,64,64,64,0.0,0,3902.993,3902.993,2710064,2710064,2710064,76161024,76161024,PPRF ablation row excludes base-OT cost by accounting convention; current executable exposes integrated local setup timing only.
2026-07-23T08:45:33.260248+00:00,b33a10fa7851ba0c3a26bea531ffb004f00d9365,COORDINATE_PPRF,PREPROCESSED_OT,2305843009213693951,61,64,128,2,16,65536,64,1024,32,5,0,OK,measured,PASS,64,64,64,0.0,0,3851.298,3851.298,2710064,2710064,2710064,76161024,76161024,PPRF ablation row excludes base-OT cost by accounting convention; current executable exposes integrated local setup timing only.
2026-07-23T08:45:37.118135+00:00,b33a10fa7851ba0c3a26bea531ffb004f00d9365,COORDINATE_PPRF,PREPROCESSED_OT,2305843009213693951,61,64,128,2,16,65536,64,1024,32,6,0,OK,measured,PASS,64,64,64,0.0,0,3826.529,3826.529,2710064,2710064,2710064,76161024,76161024,PPRF ablation row excludes base-OT cost by accounting convention; current executable exposes integrated local setup timing only.
2026-07-23T08:45:40.951281+00:00,b33a10fa7851ba0c3a26bea531ffb004f00d9365,COORDINATE_PPRF,PREPROCESSED_OT,2305843009213693951,61,64,128,2,16,65536,64,1024,32,7,0,OK,measured,PASS,64,64,64,0.0,0,3853.211,3853.211,2710064,2710064,2710064,76161024,76161024,PPRF ablation row excludes base-OT cost by accounting convention; current executable exposes integrated local setup timing only.
2026-07-23T08:45:44.811114+00:00,b33a10fa7851ba0c3a26bea531ffb004f00d9365,COORDINATE_PPRF,PREPROCESSED_OT,2305843009213693951,61,64,128,2,16,65536,64,1024,32,8,0,OK,measured,PASS,64,64,64,0.0,0,3818.106,3818.106,2710064,2710064,2710064,76161024,76161024,PPRF ablation row excludes base-OT cost by accounting convention; current executable exposes integrated local setup timing only.
2026-07-23T08:45:48.635804+00:00,b33a10fa7851ba0c3a26bea531ffb004f00d9365,COORDINATE_PPRF,PREPROCESSED_OT,2305843009213693951,61,64,128,2,16,65536,64,1024,32,9,0,OK,measured,PASS,64,64,64,0.0,0,3840.86,3840.86,2710064,2710064,2710064,76161024,76161024,PPRF ablation row excludes base-OT cost by accounting convention; current executable exposes integrated local setup timing only.
2026-07-23T08:45:52.483224+00:00,b33a10fa7851ba0c3a26bea531ffb004f00d9365,VECTOR_PPRF,PREPROCESSED_OT,2305843009213693951,61,64,128,2,18,262144,64,4096,8,-1,1,OK,measured,PASS,2,2,2,0.0,0,229.703,229.703,130304,130304,130304,76161024,76161024,PPRF ablation row excludes base-OT cost by accounting convention; current executable exposes integrated local setup timing only.
2026-07-23T08:45:52.722788+00:00,b33a10fa7851ba0c3a26bea531ffb004f00d9365,VECTOR_PPRF,PREPROCESSED_OT,2305843009213693951,61,64,128,2,18,262144,64,4096,8,0,0,OK,measured,PASS,2,2,2,0.0,0,227.728,227.728,130304,130304,130304,76161024,76161024,PPRF ablation row excludes base-OT cost by accounting convention; current executable exposes integrated local setup timing only.
2026-07-23T08:45:52.959925+00:00,b33a10fa7851ba0c3a26bea531ffb004f00d9365,VECTOR_PPRF,PREPROCESSED_OT,2305843009213693951,61,64,128,2,18,262144,64,4096,8,1,0,OK,measured,PASS,2,2,2,0.0,0,228.631,228.631,130304,130304,130304,76161024,76161024,PPRF ablation row excludes base-OT cost by accounting convention; current executable exposes integrated local setup timing only.
2026-07-23T08:45:53.198262+00:00,b33a10fa7851ba0c3a26bea531ffb004f00d9365,VECTOR_PPRF,PREPROCESSED_OT,2305843009213693951,61,64,128,2,18,262144,64,4096,8,2,0,OK,measured,PASS,2,2,2,0.0,0,227.09799999999998,227.09799999999998,130304,130304,130304,76161024,76161024,PPRF ablation row excludes base-OT cost by accounting convention; current executable exposes integrated local setup timing only.
2026-07-23T08:45:53.434952+00:00,b33a10fa7851ba0c3a26bea531ffb004f00d9365,VECTOR_PPRF,PREPROCESSED_OT,2305843009213693951,61,64,128,2,18,262144,64,4096,8,3,0,OK,measured,PASS,2,2,2,0.0,0,227.19400000000002,227.19400000000002,130304,130304,130304,76161024,76161024,PPRF ablation row excludes base-OT cost by accounting convention; current executable exposes integrated local setup timing only.
2026-07-23T08:45:53.671630+00:00,b33a10fa7851ba0c3a26bea531ffb004f00d9365,VECTOR_PPRF,PREPROCESSED_OT,2305843009213693951,61,64,128,2,18,262144,64,4096,8,4,0,OK,measured,PASS,2,2,2,0.0,0,230.025,230.025,130304,130304,130304,76161024,76161024,PPRF ablation row excludes base-OT cost by accounting convention; current executable exposes integrated local setup timing only.
2026-07-23T08:45:53.911040+00:00,b33a10fa7851ba0c3a26bea531ffb004f00d9365,VECTOR_PPRF,PREPROCESSED_OT,2305843009213693951,61,64,128,2,18,262144,64,4096,8,5,0,OK,measured,PASS,2,2,2,0.0,0,228.96099999999998,228.96099999999998,130304,130304,130304,76161024,76161024,PPRF ablation row excludes base-OT cost by accounting convention; current executable exposes integrated local setup timing only.
2026-07-23T08:45:54.149684+00:00,b33a10fa7851ba0c3a26bea531ffb004f00d9365,VECTOR_PPRF,PREPROCESSED_OT,2305843009213693951,61,64,128,2,18,262144,64,4096,8,6,0,OK,measured,PASS,2,2,2,0.0,0,231.89499999999998,231.89499999999998,130304,130304,130304,76161024,76161024,PPRF ablation row excludes base-OT cost by accounting convention; current executable exposes integrated local setup timing only.
2026-07-23T08:45:54.391537+00:00,b33a10fa7851ba0c3a26bea531ffb004f00d9365,VECTOR_PPRF,PREPROCESSED_OT,2305843009213693951,61,64,128,2,18,262144,64,4096,8,7,0,OK,measured,PASS,2,2,2,0.0,0,225.179,225.179,130304,130304,130304,76161024,76161024,PPRF ablation row excludes base-OT cost by accounting convention; current executable exposes integrated local setup timing only.
2026-07-23T08:45:54.626095+00:00,b33a10fa7851ba0c3a26bea531ffb004f00d9365,VECTOR_PPRF,PREPROCESSED_OT,2305843009213693951,61,64,128,2,18,262144,64,4096,8,8,0,OK,measured,PASS,2,2,2,0.0,0,227.00799999999998,227.00799999999998,130304,130304,130304,76161024,76161024,PPRF ablation row excludes base-OT cost by accounting convention; current executable exposes integrated local setup timing only.
2026-07-23T08:45:54.862317+00:00,b33a10fa7851ba0c3a26bea531ffb004f00d9365,VECTOR_PPRF,PREPROCESSED_OT,2305843009213693951,61,64,128,2,18,262144,64,4096,8,9,0,OK,measured,PASS,2,2,2,0.0,0,227.42499999999998,227.42499999999998,130304,130304,130304,76161024,76161024,PPRF ablation row excludes base-OT cost by accounting convention; current executable exposes integrated local setup timing only.
2026-07-23T08:45:55.099148+00:00,b33a10fa7851ba0c3a26bea531ffb004f00d9365,COORDINATE_PPRF,PREPROCESSED_OT,2305843009213693951,61,64,128,2,18,262144,64,4096,8,-1,1,OK,measured,PASS,16,16,16,0.0,0,1226.153,1226.153,812720,812720,812720,76161024,76161024,PPRF ablation row excludes base-OT cost by accounting convention; current executable exposes integrated local setup timing only.
2026-07-23T08:45:56.334141+00:00,b33a10fa7851ba0c3a26bea531ffb004f00d9365,COORDINATE_PPRF,PREPROCESSED_OT,2305843009213693951,61,64,128,2,18,262144,64,4096,8,0,0,OK,measured,PASS,16,16,16,0.0,0,1228.094,1228.094,812720,812720,812720,76161024,76161024,PPRF ablation row excludes base-OT cost by accounting convention; current executable exposes integrated local setup timing only.
2026-07-23T08:45:57.571308+00:00,b33a10fa7851ba0c3a26bea531ffb004f00d9365,COORDINATE_PPRF,PREPROCESSED_OT,2305843009213693951,61,64,128,2,18,262144,64,4096,8,1,0,OK,measured,PASS,16,16,16,0.0,0,1224.8159999999998,1224.8159999999998,812720,812720,812720,76161024,76161024,PPRF ablation row excludes base-OT cost by accounting convention; current executable exposes integrated local setup timing only.
2026-07-23T08:45:58.804992+00:00,b33a10fa7851ba0c3a26bea531ffb004f00d9365,COORDINATE_PPRF,PREPROCESSED_OT,2305843009213693951,61,64,128,2,18,262144,64,4096,8,2,0,OK,measured,PASS,16,16,16,0.0,0,1250.593,1250.593,812720,812720,812720,76161024,76161024,PPRF ablation row excludes base-OT cost by accounting convention; current executable exposes integrated local setup timing only.
2026-07-23T08:46:00.065009+00:00,b33a10fa7851ba0c3a26bea531ffb004f00d9365,COORDINATE_PPRF,PREPROCESSED_OT,2305843009213693951,61,64,128,2,18,262144,64,4096,8,3,0,OK,measured,PASS,16,16,16,0.0,0,1248.792,1248.792,812720,812720,812720,76161024,76161024,PPRF ablation row excludes base-OT cost by accounting convention; current executable exposes integrated local setup timing only.
2026-07-23T08:46:01.323376+00:00,b33a10fa7851ba0c3a26bea531ffb004f00d9365,COORDINATE_PPRF,PREPROCESSED_OT,2305843009213693951,61,64,128,2,18,262144,64,4096,8,4,0,OK,measured,PASS,16,16,16,0.0,0,1226.2640000000001,1226.2640000000001,812720,812720,812720,76161024,76161024,PPRF ablation row excludes base-OT cost by accounting convention; current executable exposes integrated local setup timing only.
2026-07-23T08:46:02.558760+00:00,b33a10fa7851ba0c3a26bea531ffb004f00d9365,COORDINATE_PPRF,PREPROCESSED_OT,2305843009213693951,61,64,128,2,18,262144,64,4096,8,5,0,OK,measured,PASS,16,16,16,0.0,0,1252.736,1252.736,812720,812720,812720,76161024,76161024,PPRF ablation row excludes base-OT cost by accounting convention; current executable exposes integrated local setup timing only.
2026-07-23T08:46:03.820990+00:00,b33a10fa7851ba0c3a26bea531ffb004f00d9365,COORDINATE_PPRF,PREPROCESSED_OT,2305843009213693951,61,64,128,2,18,262144,64,4096,8,6,0,OK,measured,PASS,16,16,16,0.0,0,1225.041,1225.041,812720,812720,812720,76161024,76161024,PPRF ablation row excludes base-OT cost by accounting convention; current executable exposes integrated local setup timing only.
2026-07-23T08:46:05.054737+00:00,b33a10fa7851ba0c3a26bea531ffb004f00d9365,COORDINATE_PPRF,PREPROCESSED_OT,2305843009213693951,61,64,128,2,18,262144,64,4096,8,7,0,OK,measured,PASS,16,16,16,0.0,0,1248.0910000000001,1248.0910000000001,812720,812720,812720,76161024,76161024,PPRF ablation row excludes base-OT cost by accounting convention; current executable exposes integrated local setup timing only.
2026-07-23T08:46:06.311590+00:00,b33a10fa7851ba0c3a26bea531ffb004f00d9365,COORDINATE_PPRF,PREPROCESSED_OT,2305843009213693951,61,64,128,2,18,262144,64,4096,8,8,0,OK,measured,PASS,16,16,16,0.0,0,1226.5839999999998,1226.5839999999998,812720,812720,812720,76161024,76161024,PPRF ablation row excludes base-OT cost by accounting convention; current executable exposes integrated local setup timing only.
2026-07-23T08:46:07.546915+00:00,b33a10fa7851ba0c3a26bea531ffb004f00d9365,COORDINATE_PPRF,PREPROCESSED_OT,2305843009213693951,61,64,128,2,18,262144,64,4096,8,9,0,OK,measured,PASS,16,16,16,0.0,0,1251.234,1251.234,812720,812720,812720,76161024,76161024,PPRF ablation row excludes base-OT cost by accounting convention; current executable exposes integrated local setup timing only.
2026-07-23T08:46:08.807847+00:00,b33a10fa7851ba0c3a26bea531ffb004f00d9365,VECTOR_PPRF,PREPROCESSED_OT,2305843009213693951,61,64,128,2,18,262144,64,4096,16,-1,1,OK,measured,PASS,2,2,2,0.0,0,309.692,309.692,163072,163072,163072,76161024,76161024,PPRF ablation row excludes base-OT cost by accounting convention; current executable exposes integrated local setup timing only.
2026-07-23T08:46:09.130980+00:00,b33a10fa7851ba0c3a26bea531ffb004f00d9365,VECTOR_PPRF,PREPROCESSED_OT,2305843009213693951,61,64,128,2,18,262144,64,4096,16,0,0,OK,measured,PASS,2,2,2,0.0,0,311.24,311.24,163072,163072,163072,76161024,76161024,PPRF ablation row excludes base-OT cost by accounting convention; current executable exposes integrated local setup timing only.
2026-07-23T08:46:09.455444+00:00,b33a10fa7851ba0c3a26bea531ffb004f00d9365,VECTOR_PPRF,PREPROCESSED_OT,2305843009213693951,61,64,128,2,18,262144,64,4096,16,1,0,OK,measured,PASS,2,2,2,0.0,0,307.606,307.606,163072,163072,163072,76161024,76161024,PPRF ablation row excludes base-OT cost by accounting convention; current executable exposes integrated local setup timing only.
2026-07-23T08:46:09.776311+00:00,b33a10fa7851ba0c3a26bea531ffb004f00d9365,VECTOR_PPRF,PREPROCESSED_OT,2305843009213693951,61,64,128,2,18,262144,64,4096,16,2,0,OK,measured,PASS,2,2,2,0.0,0,313.05899999999997,313.05899999999997,163072,163072,163072,76161024,76161024,PPRF ablation row excludes base-OT cost by accounting convention; current executable exposes integrated local setup timing only.
2026-07-23T08:46:10.102692+00:00,b33a10fa7851ba0c3a26bea531ffb004f00d9365,VECTOR_PPRF,PREPROCESSED_OT,2305843009213693951,61,64,128,2,18,262144,64,4096,16,3,0,OK,measured,PASS,2,2,2,0.0,0,312.86,312.86,163072,163072,163072,76161024,76161024,PPRF ablation row excludes base-OT cost by accounting convention; current executable exposes integrated local setup timing only.
2026-07-23T08:46:10.428904+00:00,b33a10fa7851ba0c3a26bea531ffb004f00d9365,VECTOR_PPRF,PREPROCESSED_OT,2305843009213693951,61,64,128,2,18,262144,64,4096,16,4,0,OK,measured,PASS,2,2,2,0.0,0,307.968,307.968,163072,163072,163072,76161024,76161024,PPRF ablation row excludes base-OT cost by accounting convention; current executable exposes integrated local setup timing only.
2026-07-23T08:46:10.750046+00:00,b33a10fa7851ba0c3a26bea531ffb004f00d9365,VECTOR_PPRF,PREPROCESSED_OT,2305843009213693951,61,64,128,2,18,262144,64,4096,16,5,0,OK,measured,PASS,2,2,2,0.0,0,313.614,313.614,163072,163072,163072,76161024,76161024,PPRF ablation row excludes base-OT cost by accounting convention; current executable exposes integrated local setup timing only.
2026-07-23T08:46:11.077125+00:00,b33a10fa7851ba0c3a26bea531ffb004f00d9365,VECTOR_PPRF,PREPROCESSED_OT,2305843009213693951,61,64,128,2,18,262144,64,4096,16,6,0,OK,measured,PASS,2,2,2,0.0,0,311.77700000000004,311.77700000000004,163072,163072,163072,76161024,76161024,PPRF ablation row excludes base-OT cost by accounting convention; current executable exposes integrated local setup timing only.
2026-07-23T08:46:11.402085+00:00,b33a10fa7851ba0c3a26bea531ffb004f00d9365,VECTOR_PPRF,PREPROCESSED_OT,2305843009213693951,61,64,128,2,18,262144,64,4096,16,7,0,OK,measured,PASS,2,2,2,0.0,0,312.484,312.484,163072,163072,163072,76161024,76161024,PPRF ablation row excludes base-OT cost by accounting convention; current executable exposes integrated local setup timing only.
2026-07-23T08:46:11.727698+00:00,b33a10fa7851ba0c3a26bea531ffb004f00d9365,VECTOR_PPRF,PREPROCESSED_OT,2305843009213693951,61,64,128,2,18,262144,64,4096,16,8,0,OK,measured,PASS,2,2,2,0.0,0,310.47999999999996,310.47999999999996,163072,163072,163072,76161024,76161024,PPRF ablation row excludes base-OT cost by accounting convention; current executable exposes integrated local setup timing only.
2026-07-23T08:46:12.051560+00:00,b33a10fa7851ba0c3a26bea531ffb004f00d9365,VECTOR_PPRF,PREPROCESSED_OT,2305843009213693951,61,64,128,2,18,262144,64,4096,16,9,0,OK,measured,PASS,2,2,2,0.0,0,312.447,312.447,163072,163072,163072,76161024,76161024,PPRF ablation row excludes base-OT cost by accounting convention; current executable exposes integrated local setup timing only.
2026-07-23T08:46:12.377377+00:00,b33a10fa7851ba0c3a26bea531ffb004f00d9365,COORDINATE_PPRF,PREPROCESSED_OT,2305843009213693951,61,64,128,2,18,262144,64,4096,16,-1,1,OK,measured,PASS,32,32,32,0.0,0,2506.51,2506.51,1625392,1625392,1625392,76161024,76161024,PPRF ablation row excludes base-OT cost by accounting convention; current executable exposes integrated local setup timing only.
2026-07-23T08:46:14.896544+00:00,b33a10fa7851ba0c3a26bea531ffb004f00d9365,COORDINATE_PPRF,PREPROCESSED_OT,2305843009213693951,61,64,128,2,18,262144,64,4096,16,0,0,OK,measured,PASS,32,32,32,0.0,0,2460.4849999999997,2460.4849999999997,1625392,1625392,1625392,76161024,76161024,PPRF ablation row excludes base-OT cost by accounting convention; current executable exposes integrated local setup timing only.
2026-07-23T08:46:17.369329+00:00,b33a10fa7851ba0c3a26bea531ffb004f00d9365,COORDINATE_PPRF,PREPROCESSED_OT,2305843009213693951,61,64,128,2,18,262144,64,4096,16,1,0,OK,measured,PASS,32,32,32,0.0,0,2484.584,2484.584,1625392,1625392,1625392,76161024,76161024,PPRF ablation row excludes base-OT cost by accounting convention; current executable exposes integrated local setup timing only.
2026-07-23T08:46:19.865830+00:00,b33a10fa7851ba0c3a26bea531ffb004f00d9365,COORDINATE_PPRF,PREPROCESSED_OT,2305843009213693951,61,64,128,2,18,262144,64,4096,16,2,0,OK,measured,PASS,32,32,32,0.0,0,2491.741,2491.741,1625392,1625392,1625392,76161024,76161024,PPRF ablation row excludes base-OT cost by accounting convention; current executable exposes integrated local setup timing only.
2026-07-23T08:46:22.368950+00:00,b33a10fa7851ba0c3a26bea531ffb004f00d9365,COORDINATE_PPRF,PREPROCESSED_OT,2305843009213693951,61,64,128,2,18,262144,64,4096,16,3,0,OK,measured,PASS,32,32,32,0.0,0,2454.75,2454.75,1625392,1625392,1625392,76161024,76161024,PPRF ablation row excludes base-OT cost by accounting convention; current executable exposes integrated local setup timing only.
2026-07-23T08:46:24.835608+00:00,b33a10fa7851ba0c3a26bea531ffb004f00d9365,COORDINATE_PPRF,PREPROCESSED_OT,2305843009213693951,61,64,128,2,18,262144,64,4096,16,4,0,OK,measured,PASS,32,32,32,0.0,0,2490.777,2490.777,1625392,1625392,1625392,76161024,76161024,PPRF ablation row excludes base-OT cost by accounting convention; current executable exposes integrated local setup timing only.
2026-07-23T08:46:27.337907+00:00,b33a10fa7851ba0c3a26bea531ffb004f00d9365,COORDINATE_PPRF,PREPROCESSED_OT,2305843009213693951,61,64,128,2,18,262144,64,4096,16,5,0,OK,measured,PASS,32,32,32,0.0,0,2460.1820000000002,2460.1820000000002,1625392,1625392,1625392,76161024,76161024,PPRF ablation row excludes base-OT cost by accounting convention; current executable exposes integrated local setup timing only.
2026-07-23T08:46:29.809417+00:00,b33a10fa7851ba0c3a26bea531ffb004f00d9365,COORDINATE_PPRF,PREPROCESSED_OT,2305843009213693951,61,64,128,2,18,262144,64,4096,16,6,0,OK,measured,PASS,32,32,32,0.0,0,2458.9629999999997,2458.9629999999997,1625392,1625392,1625392,76161024,76161024,PPRF ablation row excludes base-OT cost by accounting convention; current executable exposes integrated local setup timing only.
2026-07-23T08:46:32.280533+00:00,b33a10fa7851ba0c3a26bea531ffb004f00d9365,COORDINATE_PPRF,PREPROCESSED_OT,2305843009213693951,61,64,128,2,18,262144,64,4096,16,7,0,OK,measured,PASS,32,32,32,0.0,0,2483.4030000000002,2483.4030000000002,1625392,1625392,1625392,76161024,76161024,PPRF ablation row excludes base-OT cost by accounting convention; current executable exposes integrated local setup timing only.
2026-07-23T08:46:34.775314+00:00,b33a10fa7851ba0c3a26bea531ffb004f00d9365,COORDINATE_PPRF,PREPROCESSED_OT,2305843009213693951,61,64,128,2,18,262144,64,4096,16,8,0,OK,measured,PASS,32,32,32,0.0,0,2468.515,2468.515,1625392,1625392,1625392,76161024,76161024,PPRF ablation row excludes base-OT cost by accounting convention; current executable exposes integrated local setup timing only.
2026-07-23T08:46:37.256054+00:00,b33a10fa7851ba0c3a26bea531ffb004f00d9365,COORDINATE_PPRF,PREPROCESSED_OT,2305843009213693951,61,64,128,2,18,262144,64,4096,16,9,0,OK,measured,PASS,32,32,32,0.0,0,2489.888,2489.888,1625392,1625392,1625392,76161024,76161024,PPRF ablation row excludes base-OT cost by accounting convention; current executable exposes integrated local setup timing only.
2026-07-23T08:46:39.757384+00:00,b33a10fa7851ba0c3a26bea531ffb004f00d9365,VECTOR_PPRF,PREPROCESSED_OT,2305843009213693951,61,64,128,2,18,262144,64,4096,32,-1,1,OK,measured,PASS,2,2,2,0.0,0,468.719,468.719,228608,228608,228608,76161024,76161024,PPRF ablation row excludes base-OT cost by accounting convention; current executable exposes integrated local setup timing only.
2026-07-23T08:46:40.247256+00:00,b33a10fa7851ba0c3a26bea531ffb004f00d9365,VECTOR_PPRF,PREPROCESSED_OT,2305843009213693951,61,64,128,2,18,262144,64,4096,32,0,0,OK,measured,PASS,2,2,2,0.0,0,463.706,463.706,228608,228608,228608,76161024,76161024,PPRF ablation row excludes base-OT cost by accounting convention; current executable exposes integrated local setup timing only.
2026-07-23T08:46:40.732411+00:00,b33a10fa7851ba0c3a26bea531ffb004f00d9365,VECTOR_PPRF,PREPROCESSED_OT,2305843009213693951,61,64,128,2,18,262144,64,4096,32,1,0,OK,measured,PASS,2,2,2,0.0,0,466.69500000000005,466.69500000000005,228608,228608,228608,76161024,76161024,PPRF ablation row excludes base-OT cost by accounting convention; current executable exposes integrated local setup timing only.
2026-07-23T08:46:41.220126+00:00,b33a10fa7851ba0c3a26bea531ffb004f00d9365,VECTOR_PPRF,PREPROCESSED_OT,2305843009213693951,61,64,128,2,18,262144,64,4096,32,2,0,OK,measured,PASS,2,2,2,0.0,0,462.482,462.482,228608,228608,228608,76161024,76161024,PPRF ablation row excludes base-OT cost by accounting convention; current executable exposes integrated local setup timing only.
2026-07-23T08:46:41.703420+00:00,b33a10fa7851ba0c3a26bea531ffb004f00d9365,VECTOR_PPRF,PREPROCESSED_OT,2305843009213693951,61,64,128,2,18,262144,64,4096,32,3,0,OK,measured,PASS,2,2,2,0.0,0,466.165,466.165,228608,228608,228608,76161024,76161024,PPRF ablation row excludes base-OT cost by accounting convention; current executable exposes integrated local setup timing only.
2026-07-23T08:46:42.190696+00:00,b33a10fa7851ba0c3a26bea531ffb004f00d9365,VECTOR_PPRF,PREPROCESSED_OT,2305843009213693951,61,64,128,2,18,262144,64,4096,32,4,0,OK,measured,PASS,2,2,2,0.0,0,464.005,464.005,228608,228608,228608,76161024,76161024,PPRF ablation row excludes base-OT cost by accounting convention; current executable exposes integrated local setup timing only.
2026-07-23T08:46:42.675619+00:00,b33a10fa7851ba0c3a26bea531ffb004f00d9365,VECTOR_PPRF,PREPROCESSED_OT,2305843009213693951,61,64,128,2,18,262144,64,4096,32,5,0,OK,measured,PASS,2,2,2,0.0,0,464.977,464.977,228608,228608,228608,76161024,76161024,PPRF ablation row excludes base-OT cost by accounting convention; current executable exposes integrated local setup timing only.
2026-07-23T08:46:43.161547+00:00,b33a10fa7851ba0c3a26bea531ffb004f00d9365,VECTOR_PPRF,PREPROCESSED_OT,2305843009213693951,61,64,128,2,18,262144,64,4096,32,6,0,OK,measured,PASS,2,2,2,0.0,0,464.36100000000005,464.36100000000005,228608,228608,228608,76161024,76161024,PPRF ablation row excludes base-OT cost by accounting convention; current executable exposes integrated local setup timing only.
2026-07-23T08:46:43.647225+00:00,b33a10fa7851ba0c3a26bea531ffb004f00d9365,VECTOR_PPRF,PREPROCESSED_OT,2305843009213693951,61,64,128,2,18,262144,64,4096,32,7,0,OK,measured,PASS,2,2,2,0.0,0,464.097,464.097,228608,228608,228608,76161024,76161024,PPRF ablation row excludes base-OT cost by accounting convention; current executable exposes integrated local setup timing only.
2026-07-23T08:46:44.132238+00:00,b33a10fa7851ba0c3a26bea531ffb004f00d9365,VECTOR_PPRF,PREPROCESSED_OT,2305843009213693951,61,64,128,2,18,262144,64,4096,32,8,0,OK,measured,PASS,2,2,2,0.0,0,464.668,464.668,228608,228608,228608,76161024,76161024,PPRF ablation row excludes base-OT cost by accounting convention; current executable exposes integrated local setup timing only.
2026-07-23T08:46:44.617891+00:00,b33a10fa7851ba0c3a26bea531ffb004f00d9365,VECTOR_PPRF,PREPROCESSED_OT,2305843009213693951,61,64,128,2,18,262144,64,4096,32,9,0,OK,measured,PASS,2,2,2,0.0,0,465.943,465.943,228608,228608,228608,76161024,76161024,PPRF ablation row excludes base-OT cost by accounting convention; current executable exposes integrated local setup timing only.
2026-07-23T08:46:45.105010+00:00,b33a10fa7851ba0c3a26bea531ffb004f00d9365,COORDINATE_PPRF,PREPROCESSED_OT,2305843009213693951,61,64,128,2,18,262144,64,4096,32,-1,1,OK,measured,PASS,64,64,64,0.0,0,4996.602,4996.602,3250736,3250736,3250736,76161024,76161024,PPRF ablation row excludes base-OT cost by accounting convention; current executable exposes integrated local setup timing only.
2026-07-23T08:46:50.119721+00:00,b33a10fa7851ba0c3a26bea531ffb004f00d9365,COORDINATE_PPRF,PREPROCESSED_OT,2305843009213693951,61,64,128,2,18,262144,64,4096,32,0,0,OK,measured,PASS,64,64,64,0.0,0,4904.351000000001,4904.351000000001,3250736,3250736,3250736,76161024,76161024,PPRF ablation row excludes base-OT cost by accounting convention; current executable exposes integrated local setup timing only.
2026-07-23T08:46:55.041014+00:00,b33a10fa7851ba0c3a26bea531ffb004f00d9365,COORDINATE_PPRF,PREPROCESSED_OT,2305843009213693951,61,64,128,2,18,262144,64,4096,32,1,0,OK,measured,PASS,64,64,64,0.0,0,4889.876,4889.876,3250736,3250736,3250736,76161024,76161024,PPRF ablation row excludes base-OT cost by accounting convention; current executable exposes integrated local setup timing only.
2026-07-23T08:46:59.947124+00:00,b33a10fa7851ba0c3a26bea531ffb004f00d9365,COORDINATE_PPRF,PREPROCESSED_OT,2305843009213693951,61,64,128,2,18,262144,64,4096,32,2,0,OK,measured,PASS,64,64,64,0.0,0,4907.84,4907.84,3250736,3250736,3250736,76161024,76161024,PPRF ablation row excludes base-OT cost by accounting convention; current executable exposes integrated local setup timing only.
2026-07-23T08:47:04.871468+00:00,b33a10fa7851ba0c3a26bea531ffb004f00d9365,COORDINATE_PPRF,PREPROCESSED_OT,2305843009213693951,61,64,128,2,18,262144,64,4096,32,3,0,OK,measured,PASS,64,64,64,0.0,0,4915.424,4915.424,3250736,3250736,3250736,76161024,76161024,PPRF ablation row excludes base-OT cost by accounting convention; current executable exposes integrated local setup timing only.
2026-07-23T08:47:09.804133+00:00,b33a10fa7851ba0c3a26bea531ffb004f00d9365,COORDINATE_PPRF,PREPROCESSED_OT,2305843009213693951,61,64,128,2,18,262144,64,4096,32,4,0,OK,measured,PASS,64,64,64,0.0,0,4902.254,4902.254,3250736,3250736,3250736,76161024,76161024,PPRF ablation row excludes base-OT cost by accounting convention; current executable exposes integrated local setup timing only.
2026-07-23T08:47:14.723680+00:00,b33a10fa7851ba0c3a26bea531ffb004f00d9365,COORDINATE_PPRF,PREPROCESSED_OT,2305843009213693951,61,64,128,2,18,262144,64,4096,32,5,0,OK,measured,PASS,64,64,64,0.0,0,4975.023,4975.023,3250736,3250736,3250736,76161024,76161024,PPRF ablation row excludes base-OT cost by accounting convention; current executable exposes integrated local setup timing only.
2026-07-23T08:47:19.716001+00:00,b33a10fa7851ba0c3a26bea531ffb004f00d9365,COORDINATE_PPRF,PREPROCESSED_OT,2305843009213693951,61,64,128,2,18,262144,64,4096,32,6,0,OK,measured,PASS,64,64,64,0.0,0,4899.378,4899.378,3250736,3250736,3250736,76161024,76161024,PPRF ablation row excludes base-OT cost by accounting convention; current executable exposes integrated local setup timing only.
2026-07-23T08:47:24.631269+00:00,b33a10fa7851ba0c3a26bea531ffb004f00d9365,COORDINATE_PPRF,PREPROCESSED_OT,2305843009213693951,61,64,128,2,18,262144,64,4096,32,7,0,OK,measured,PASS,64,64,64,0.0,0,4936.46,4936.46,3250736,3250736,3250736,76161024,76161024,PPRF ablation row excludes base-OT cost by accounting convention; current executable exposes integrated local setup timing only.
2026-07-23T08:47:29.584434+00:00,b33a10fa7851ba0c3a26bea531ffb004f00d9365,COORDINATE_PPRF,PREPROCESSED_OT,2305843009213693951,61,64,128,2,18,262144,64,4096,32,8,0,OK,measured,PASS,64,64,64,0.0,0,4942.414000000001,4942.414000000001,3250736,3250736,3250736,76161024,76161024,PPRF ablation row excludes base-OT cost by accounting convention; current executable exposes integrated local setup timing only.
2026-07-23T08:47:34.542870+00:00,b33a10fa7851ba0c3a26bea531ffb004f00d9365,COORDINATE_PPRF,PREPROCESSED_OT,2305843009213693951,61,64,128,2,18,262144,64,4096,32,9,0,OK,measured,PASS,64,64,64,0.0,0,4969.866,4969.866,3250736,3250736,3250736,76161024,76161024,PPRF ablation row excludes base-OT cost by accounting convention; current executable exposes integrated local setup timing only.
2026-07-23T08:47:39.528785+00:00,b33a10fa7851ba0c3a26bea531ffb004f00d9365,VECTOR_PPRF,PREPROCESSED_OT,2305843009213693951,61,64,128,2,20,1048576,64,16384,8,-1,1,OK,measured,PASS,2,2,2,0.0,0,514.7420000000001,514.7420000000001,147200,147200,147200,76161024,76161024,PPRF ablation row excludes base-OT cost by accounting convention; current executable exposes integrated local setup timing only.
2026-07-23T08:47:40.062741+00:00,b33a10fa7851ba0c3a26bea531ffb004f00d9365,VECTOR_PPRF,PREPROCESSED_OT,2305843009213693951,61,64,128,2,20,1048576,64,16384,8,0,0,OK,measured,PASS,2,2,2,0.0,0,516.064,516.064,147200,147200,147200,76161024,76161024,PPRF ablation row excludes base-OT cost by accounting convention; current executable exposes integrated local setup timing only.
2026-07-23T08:47:40.597981+00:00,b33a10fa7851ba0c3a26bea531ffb004f00d9365,VECTOR_PPRF,PREPROCESSED_OT,2305843009213693951,61,64,128,2,20,1048576,64,16384,8,1,0,OK,measured,PASS,2,2,2,0.0,0,513.9200000000001,513.9200000000001,147200,147200,147200,76161024,76161024,PPRF ablation row excludes base-OT cost by accounting convention; current executable exposes integrated local setup timing only.
2026-07-23T08:47:41.130645+00:00,b33a10fa7851ba0c3a26bea531ffb004f00d9365,VECTOR_PPRF,PREPROCESSED_OT,2305843009213693951,61,64,128,2,20,1048576,64,16384,8,2,0,OK,measured,PASS,2,2,2,0.0,0,515.422,515.422,147200,147200,147200,76161024,76161024,PPRF ablation row excludes base-OT cost by accounting convention; current executable exposes integrated local setup timing only.
2026-07-23T08:47:41.664747+00:00,b33a10fa7851ba0c3a26bea531ffb004f00d9365,VECTOR_PPRF,PREPROCESSED_OT,2305843009213693951,61,64,128,2,20,1048576,64,16384,8,3,0,OK,measured,PASS,2,2,2,0.0,0,516.0169999999999,516.0169999999999,147200,147200,147200,76161024,76161024,PPRF ablation row excludes base-OT cost by accounting convention; current executable exposes integrated local setup timing only.
2026-07-23T08:47:42.199741+00:00,b33a10fa7851ba0c3a26bea531ffb004f00d9365,VECTOR_PPRF,PREPROCESSED_OT,2305843009213693951,61,64,128,2,20,1048576,64,16384,8,4,0,OK,measured,PASS,2,2,2,0.0,0,514.765,514.765,147200,147200,147200,76161024,76161024,PPRF ablation row excludes base-OT cost by accounting convention; current executable exposes integrated local setup timing only.
2026-07-23T08:47:42.733080+00:00,b33a10fa7851ba0c3a26bea531ffb004f00d9365,VECTOR_PPRF,PREPROCESSED_OT,2305843009213693951,61,64,128,2,20,1048576,64,16384,8,5,0,OK,measured,PASS,2,2,2,0.0,0,514.152,514.152,147200,147200,147200,76161024,76161024,PPRF ablation row excludes base-OT cost by accounting convention; current executable exposes integrated local setup timing only.
2026-07-23T08:47:43.266032+00:00,b33a10fa7851ba0c3a26bea531ffb004f00d9365,VECTOR_PPRF,PREPROCESSED_OT,2305843009213693951,61,64,128,2,20,1048576,64,16384,8,6,0,OK,measured,PASS,2,2,2,0.0,0,513.826,513.826,147200,147200,147200,76161024,76161024,PPRF ablation row excludes base-OT cost by accounting convention; current executable exposes integrated local setup timing only.
2026-07-23T08:47:43.798646+00:00,b33a10fa7851ba0c3a26bea531ffb004f00d9365,VECTOR_PPRF,PREPROCESSED_OT,2305843009213693951,61,64,128,2,20,1048576,64,16384,8,7,0,OK,measured,PASS,2,2,2,0.0,0,516.42,516.42,147200,147200,147200,76161024,76161024,PPRF ablation row excludes base-OT cost by accounting convention; current executable exposes integrated local setup timing only.
2026-07-23T08:47:44.333680+00:00,b33a10fa7851ba0c3a26bea531ffb004f00d9365,VECTOR_PPRF,PREPROCESSED_OT,2305843009213693951,61,64,128,2,20,1048576,64,16384,8,8,0,OK,measured,PASS,2,2,2,0.0,0,513.738,513.738,147200,147200,147200,76161024,76161024,PPRF ablation row excludes base-OT cost by accounting convention; current executable exposes integrated local setup timing only.
2026-07-23T08:47:44.866127+00:00,b33a10fa7851ba0c3a26bea531ffb004f00d9365,VECTOR_PPRF,PREPROCESSED_OT,2305843009213693951,61,64,128,2,20,1048576,64,16384,8,9,0,OK,measured,PASS,2,2,2,0.0,0,515.389,515.389,147200,147200,147200,76161024,76161024,PPRF ablation row excludes base-OT cost by accounting convention; current executable exposes integrated local setup timing only.
2026-07-23T08:47:45.400156+00:00,b33a10fa7851ba0c3a26bea531ffb004f00d9365,COORDINATE_PPRF,PREPROCESSED_OT,2305843009213693951,61,64,128,2,20,1048576,64,16384,8,-1,1,OK,measured,PASS,16,16,16,0.0,0,1760.563,1760.563,947888,947888,947888,76161024,76161024,PPRF ablation row excludes base-OT cost by accounting convention; current executable exposes integrated local setup timing only.
2026-07-23T08:47:47.179147+00:00,b33a10fa7851ba0c3a26bea531ffb004f00d9365,COORDINATE_PPRF,PREPROCESSED_OT,2305843009213693951,61,64,128,2,20,1048576,64,16384,8,0,0,OK,measured,PASS,16,16,16,0.0,0,1752.848,1752.848,947888,947888,947888,76161024,76161024,PPRF ablation row excludes base-OT cost by accounting convention; current executable exposes integrated local setup timing only.
2026-07-23T08:47:48.950741+00:00,b33a10fa7851ba0c3a26bea531ffb004f00d9365,COORDINATE_PPRF,PREPROCESSED_OT,2305843009213693951,61,64,128,2,20,1048576,64,16384,8,1,0,OK,measured,PASS,16,16,16,0.0,0,1745.9370000000001,1745.9370000000001,947888,947888,947888,76161024,76161024,PPRF ablation row excludes base-OT cost by accounting convention; current executable exposes integrated local setup timing only.
2026-07-23T08:47:50.715493+00:00,b33a10fa7851ba0c3a26bea531ffb004f00d9365,COORDINATE_PPRF,PREPROCESSED_OT,2305843009213693951,61,64,128,2,20,1048576,64,16384,8,2,0,OK,measured,PASS,16,16,16,0.0,0,1726.641,1726.641,947888,947888,947888,76161024,76161024,PPRF ablation row excludes base-OT cost by accounting convention; current executable exposes integrated local setup timing only.
2026-07-23T08:47:52.459776+00:00,b33a10fa7851ba0c3a26bea531ffb004f00d9365,COORDINATE_PPRF,PREPROCESSED_OT,2305843009213693951,61,64,128,2,20,1048576,64,16384,8,3,0,OK,measured,PASS,16,16,16,0.0,0,1756.4299999999998,1756.4299999999998,947888,947888,947888,76161024,76161024,PPRF ablation row excludes base-OT cost by accounting convention; current executable exposes integrated local setup timing only.
2026-07-23T08:47:54.234088+00:00,b33a10fa7851ba0c3a26bea531ffb004f00d9365,COORDINATE_PPRF,PREPROCESSED_OT,2305843009213693951,61,64,128,2,20,1048576,64,16384,8,4,0,OK,measured,PASS,16,16,16,0.0,0,1751.8100000000002,1751.8100000000002,947888,947888,947888,76161024,76161024,PPRF ablation row excludes base-OT cost by accounting convention; current executable exposes integrated local setup timing only.
2026-07-23T08:47:56.003482+00:00,b33a10fa7851ba0c3a26bea531ffb004f00d9365,COORDINATE_PPRF,PREPROCESSED_OT,2305843009213693951,61,64,128,2,20,1048576,64,16384,8,5,0,OK,measured,PASS,16,16,16,0.0,0,1724.845,1724.845,947888,947888,947888,76161024,76161024,PPRF ablation row excludes base-OT cost by accounting convention; current executable exposes integrated local setup timing only.
2026-07-23T08:47:57.746163+00:00,b33a10fa7851ba0c3a26bea531ffb004f00d9365,COORDINATE_PPRF,PREPROCESSED_OT,2305843009213693951,61,64,128,2,20,1048576,64,16384,8,6,0,OK,measured,PASS,16,16,16,0.0,0,1727.096,1727.096,947888,947888,947888,76161024,76161024,PPRF ablation row excludes base-OT cost by accounting convention; current executable exposes integrated local setup timing only.
2026-07-23T08:47:59.490988+00:00,b33a10fa7851ba0c3a26bea531ffb004f00d9365,COORDINATE_PPRF,PREPROCESSED_OT,2305843009213693951,61,64,128,2,20,1048576,64,16384,8,7,0,OK,measured,PASS,16,16,16,0.0,0,1731.874,1731.874,947888,947888,947888,76161024,76161024,PPRF ablation row excludes base-OT cost by accounting convention; current executable exposes integrated local setup timing only.
2026-07-23T08:48:01.241416+00:00,b33a10fa7851ba0c3a26bea531ffb004f00d9365,COORDINATE_PPRF,PREPROCESSED_OT,2305843009213693951,61,64,128,2,20,1048576,64,16384,8,8,0,OK,measured,PASS,16,16,16,0.0,0,1749.111,1749.111,947888,947888,947888,76161024,76161024,PPRF ablation row excludes base-OT cost by accounting convention; current executable exposes integrated local setup timing only.
2026-07-23T08:48:03.009622+00:00,b33a10fa7851ba0c3a26bea531ffb004f00d9365,COORDINATE_PPRF,PREPROCESSED_OT,2305843009213693951,61,64,128,2,20,1048576,64,16384,8,9,0,OK,measured,PASS,16,16,16,0.0,0,1723.084,1723.084,947888,947888,947888,76161024,76161024,PPRF ablation row excludes base-OT cost by accounting convention; current executable exposes integrated local setup timing only.
2026-07-23T08:48:04.750835+00:00,b33a10fa7851ba0c3a26bea531ffb004f00d9365,VECTOR_PPRF,PREPROCESSED_OT,2305843009213693951,61,64,128,2,20,1048576,64,16384,16,-1,1,OK,measured,PASS,2,2,2,0.0,0,843.638,843.638,179968,179968,179968,76161024,76161024,PPRF ablation row excludes base-OT cost by accounting convention; current executable exposes integrated local setup timing only.
2026-07-23T08:48:05.630152+00:00,b33a10fa7851ba0c3a26bea531ffb004f00d9365,VECTOR_PPRF,PREPROCESSED_OT,2305843009213693951,61,64,128,2,20,1048576,64,16384,16,0,0,OK,measured,PASS,2,2,2,0.0,0,842.2669999999999,842.2669999999999,179968,179968,179968,76161024,76161024,PPRF ablation row excludes base-OT cost by accounting convention; current executable exposes integrated local setup timing only.
2026-07-23T08:48:06.507997+00:00,b33a10fa7851ba0c3a26bea531ffb004f00d9365,VECTOR_PPRF,PREPROCESSED_OT,2305843009213693951,61,64,128,2,20,1048576,64,16384,16,1,0,OK,measured,PASS,2,2,2,0.0,0,836.1410000000001,836.1410000000001,179968,179968,179968,76161024,76161024,PPRF ablation row excludes base-OT cost by accounting convention; current executable exposes integrated local setup timing only.
2026-07-23T08:48:07.379902+00:00,b33a10fa7851ba0c3a26bea531ffb004f00d9365,VECTOR_PPRF,PREPROCESSED_OT,2305843009213693951,61,64,128,2,20,1048576,64,16384,16,2,0,OK,measured,PASS,2,2,2,0.0,0,837.53,837.53,179968,179968,179968,76161024,76161024,PPRF ablation row excludes base-OT cost by accounting convention; current executable exposes integrated local setup timing only.
2026-07-23T08:48:08.253176+00:00,b33a10fa7851ba0c3a26bea531ffb004f00d9365,VECTOR_PPRF,PREPROCESSED_OT,2305843009213693951,61,64,128,2,20,1048576,64,16384,16,3,0,OK,measured,PASS,2,2,2,0.0,0,847.088,847.088,179968,179968,179968,76161024,76161024,PPRF ablation row excludes base-OT cost by accounting convention; current executable exposes integrated local setup timing only.
2026-07-23T08:48:09.135797+00:00,b33a10fa7851ba0c3a26bea531ffb004f00d9365,VECTOR_PPRF,PREPROCESSED_OT,2305843009213693951,61,64,128,2,20,1048576,64,16384,16,4,0,OK,measured,PASS,2,2,2,0.0,0,841.0029999999999,841.0029999999999,179968,179968,179968,76161024,76161024,PPRF ablation row excludes base-OT cost by accounting convention; current executable exposes integrated local setup timing only.
2026-07-23T08:48:10.012595+00:00,b33a10fa7851ba0c3a26bea531ffb004f00d9365,VECTOR_PPRF,PREPROCESSED_OT,2305843009213693951,61,64,128,2,20,1048576,64,16384,16,5,0,OK,measured,PASS,2,2,2,0.0,0,843.54,843.54,179968,179968,179968,76161024,76161024,PPRF ablation row excludes base-OT cost by accounting convention; current executable exposes integrated local setup timing only.
2026-07-23T08:48:10.891654+00:00,b33a10fa7851ba0c3a26bea531ffb004f00d9365,VECTOR_PPRF,PREPROCESSED_OT,2305843009213693951,61,64,128,2,20,1048576,64,16384,16,6,0,OK,measured,PASS,2,2,2,0.0,0,843.554,843.554,179968,179968,179968,76161024,76161024,PPRF ablation row excludes base-OT cost by accounting convention; current executable exposes integrated local setup timing only.
2026-07-23T08:48:11.770966+00:00,b33a10fa7851ba0c3a26bea531ffb004f00d9365,VECTOR_PPRF,PREPROCESSED_OT,2305843009213693951,61,64,128,2,20,1048576,64,16384,16,7,0,OK,measured,PASS,2,2,2,0.0,0,841.031,841.031,179968,179968,179968,76161024,76161024,PPRF ablation row excludes base-OT cost by accounting convention; current executable exposes integrated local setup timing only.
2026-07-23T08:48:12.647692+00:00,b33a10fa7851ba0c3a26bea531ffb004f00d9365,VECTOR_PPRF,PREPROCESSED_OT,2305843009213693951,61,64,128,2,20,1048576,64,16384,16,8,0,OK,measured,PASS,2,2,2,0.0,0,838.579,838.579,179968,179968,179968,76161024,76161024,PPRF ablation row excludes base-OT cost by accounting convention; current executable exposes integrated local setup timing only.
2026-07-23T08:48:13.521731+00:00,b33a10fa7851ba0c3a26bea531ffb004f00d9365,VECTOR_PPRF,PREPROCESSED_OT,2305843009213693951,61,64,128,2,20,1048576,64,16384,16,9,0,OK,measured,PASS,2,2,2,0.0,0,838.4509999999999,838.4509999999999,179968,179968,179968,76161024,76161024,PPRF ablation row excludes base-OT cost by accounting convention; current executable exposes integrated local setup timing only.
2026-07-23T08:48:14.395802+00:00,b33a10fa7851ba0c3a26bea531ffb004f00d9365,COORDINATE_PPRF,PREPROCESSED_OT,2305843009213693951,61,64,128,2,20,1048576,64,16384,16,-1,1,OK,measured,PASS,32,32,32,0.0,0,3471.317,3471.317,1895728,1895728,1895728,76161024,76161024,PPRF ablation row excludes base-OT cost by accounting convention; current executable exposes integrated local setup timing only.
2026-07-23T08:48:17.898100+00:00,b33a10fa7851ba0c3a26bea531ffb004f00d9365,COORDINATE_PPRF,PREPROCESSED_OT,2305843009213693951,61,64,128,2,20,1048576,64,16384,16,0,0,OK,measured,PASS,32,32,32,0.0,0,3505.924,3505.924,1895728,1895728,1895728,76161024,76161024,PPRF ablation row excludes base-OT cost by accounting convention; current executable exposes integrated local setup timing only.
2026-07-23T08:48:21.433379+00:00,b33a10fa7851ba0c3a26bea531ffb004f00d9365,COORDINATE_PPRF,PREPROCESSED_OT,2305843009213693951,61,64,128,2,20,1048576,64,16384,16,1,0,OK,measured,PASS,32,32,32,0.0,0,3511.025,3511.025,1895728,1895728,1895728,76161024,76161024,PPRF ablation row excludes base-OT cost by accounting convention; current executable exposes integrated local setup timing only.
2026-07-23T08:48:24.974781+00:00,b33a10fa7851ba0c3a26bea531ffb004f00d9365,COORDINATE_PPRF,PREPROCESSED_OT,2305843009213693951,61,64,128,2,20,1048576,64,16384,16,2,0,OK,measured,PASS,32,32,32,0.0,0,3535.764,3535.764,1895728,1895728,1895728,76161024,76161024,PPRF ablation row excludes base-OT cost by accounting convention; current executable exposes integrated local setup timing only.
2026-07-23T08:48:28.543227+00:00,b33a10fa7851ba0c3a26bea531ffb004f00d9365,COORDINATE_PPRF,PREPROCESSED_OT,2305843009213693951,61,64,128,2,20,1048576,64,16384,16,3,0,OK,measured,PASS,32,32,32,0.0,0,3473.3450000000003,3473.3450000000003,1895728,1895728,1895728,76161024,76161024,PPRF ablation row excludes base-OT cost by accounting convention; current executable exposes integrated local setup timing only.
2026-07-23T08:48:32.048542+00:00,b33a10fa7851ba0c3a26bea531ffb004f00d9365,COORDINATE_PPRF,PREPROCESSED_OT,2305843009213693951,61,64,128,2,20,1048576,64,16384,16,4,0,OK,measured,PASS,32,32,32,0.0,0,3497.231,3497.231,1895728,1895728,1895728,76161024,76161024,PPRF ablation row excludes base-OT cost by accounting convention; current executable exposes integrated local setup timing only.
2026-07-23T08:48:35.579942+00:00,b33a10fa7851ba0c3a26bea531ffb004f00d9365,COORDINATE_PPRF,PREPROCESSED_OT,2305843009213693951,61,64,128,2,20,1048576,64,16384,16,5,0,OK,measured,PASS,32,32,32,0.0,0,3499.603,3499.603,1895728,1895728,1895728,76161024,76161024,PPRF ablation row excludes base-OT cost by accounting convention; current executable exposes integrated local setup timing only.
2026-07-23T08:48:39.112506+00:00,b33a10fa7851ba0c3a26bea531ffb004f00d9365,COORDINATE_PPRF,PREPROCESSED_OT,2305843009213693951,61,64,128,2,20,1048576,64,16384,16,6,0,OK,measured,PASS,32,32,32,0.0,0,3487.0480000000002,3487.0480000000002,1895728,1895728,1895728,76161024,76161024,PPRF ablation row excludes base-OT cost by accounting convention; current executable exposes integrated local setup timing only.
2026-07-23T08:48:42.632109+00:00,b33a10fa7851ba0c3a26bea531ffb004f00d9365,COORDINATE_PPRF,PREPROCESSED_OT,2305843009213693951,61,64,128,2,20,1048576,64,16384,16,7,0,OK,measured,PASS,32,32,32,0.0,0,3482.701,3482.701,1895728,1895728,1895728,76161024,76161024,PPRF ablation row excludes base-OT cost by accounting convention; current executable exposes integrated local setup timing only.
2026-07-23T08:48:46.147538+00:00,b33a10fa7851ba0c3a26bea531ffb004f00d9365,COORDINATE_PPRF,PREPROCESSED_OT,2305843009213693951,61,64,128,2,20,1048576,64,16384,16,8,0,OK,measured,PASS,32,32,32,0.0,0,3546.038,3546.038,1895728,1895728,1895728,76161024,76161024,PPRF ablation row excludes base-OT cost by accounting convention; current executable exposes integrated local setup timing only.
2026-07-23T08:48:49.726755+00:00,b33a10fa7851ba0c3a26bea531ffb004f00d9365,COORDINATE_PPRF,PREPROCESSED_OT,2305843009213693951,61,64,128,2,20,1048576,64,16384,16,9,0,OK,measured,PASS,32,32,32,0.0,0,3560.37,3560.37,1895728,1895728,1895728,76161024,76161024,PPRF ablation row excludes base-OT cost by accounting convention; current executable exposes integrated local setup timing only.
2026-07-23T08:48:53.318158+00:00,b33a10fa7851ba0c3a26bea531ffb004f00d9365,VECTOR_PPRF,PREPROCESSED_OT,2305843009213693951,61,64,128,2,20,1048576,64,16384,32,-1,1,OK,measured,PASS,2,2,2,0.0,0,1509.018,1509.018,245504,245504,245504,76161024,76161024,PPRF ablation row excludes base-OT cost by accounting convention; current executable exposes integrated local setup timing only.
2026-07-23T08:48:54.890214+00:00,b33a10fa7851ba0c3a26bea531ffb004f00d9365,VECTOR_PPRF,PREPROCESSED_OT,2305843009213693951,61,64,128,2,20,1048576,64,16384,32,0,0,OK,measured,PASS,2,2,2,0.0,0,1503.6560000000002,1503.6560000000002,245504,245504,245504,76161024,76161024,PPRF ablation row excludes base-OT cost by accounting convention; current executable exposes integrated local setup timing only.
2026-07-23T08:48:56.457211+00:00,b33a10fa7851ba0c3a26bea531ffb004f00d9365,VECTOR_PPRF,PREPROCESSED_OT,2305843009213693951,61,64,128,2,20,1048576,64,16384,32,1,0,OK,measured,PASS,2,2,2,0.0,0,1506.109,1506.109,245504,245504,245504,76161024,76161024,PPRF ablation row excludes base-OT cost by accounting convention; current executable exposes integrated local setup timing only.
2026-07-23T08:48:58.026581+00:00,b33a10fa7851ba0c3a26bea531ffb004f00d9365,VECTOR_PPRF,PREPROCESSED_OT,2305843009213693951,61,64,128,2,20,1048576,64,16384,32,2,0,OK,measured,PASS,2,2,2,0.0,0,1509.447,1509.447,245504,245504,245504,76161024,76161024,PPRF ablation row excludes base-OT cost by accounting convention; current executable exposes integrated local setup timing only.
2026-07-23T08:48:59.599296+00:00,b33a10fa7851ba0c3a26bea531ffb004f00d9365,VECTOR_PPRF,PREPROCESSED_OT,2305843009213693951,61,64,128,2,20,1048576,64,16384,32,3,0,OK,measured,PASS,2,2,2,0.0,0,1504.5910000000001,1504.5910000000001,245504,245504,245504,76161024,76161024,PPRF ablation row excludes base-OT cost by accounting convention; current executable exposes integrated local setup timing only.
2026-07-23T08:49:01.168869+00:00,b33a10fa7851ba0c3a26bea531ffb004f00d9365,VECTOR_PPRF,PREPROCESSED_OT,2305843009213693951,61,64,128,2,20,1048576,64,16384,32,4,0,OK,measured,PASS,2,2,2,0.0,0,1478.982,1478.982,245504,245504,245504,76161024,76161024,PPRF ablation row excludes base-OT cost by accounting convention; current executable exposes integrated local setup timing only.
2026-07-23T08:49:02.703124+00:00,b33a10fa7851ba0c3a26bea531ffb004f00d9365,VECTOR_PPRF,PREPROCESSED_OT,2305843009213693951,61,64,128,2,20,1048576,64,16384,32,5,0,OK,measured,PASS,2,2,2,0.0,0,1492.138,1492.138,245504,245504,245504,76161024,76161024,PPRF ablation row excludes base-OT cost by accounting convention; current executable exposes integrated local setup timing only.
2026-07-23T08:49:04.250237+00:00,b33a10fa7851ba0c3a26bea531ffb004f00d9365,VECTOR_PPRF,PREPROCESSED_OT,2305843009213693951,61,64,128,2,20,1048576,64,16384,32,6,0,OK,measured,PASS,2,2,2,0.0,0,1488.1409999999998,1488.1409999999998,245504,245504,245504,76161024,76161024,PPRF ablation row excludes base-OT cost by accounting convention; current executable exposes integrated local setup timing only.
2026-07-23T08:49:05.793348+00:00,b33a10fa7851ba0c3a26bea531ffb004f00d9365,VECTOR_PPRF,PREPROCESSED_OT,2305843009213693951,61,64,128,2,20,1048576,64,16384,32,7,0,OK,measured,PASS,2,2,2,0.0,0,1481.881,1481.881,245504,245504,245504,76161024,76161024,PPRF ablation row excludes base-OT cost by accounting convention; current executable exposes integrated local setup timing only.
2026-07-23T08:49:07.330247+00:00,b33a10fa7851ba0c3a26bea531ffb004f00d9365,VECTOR_PPRF,PREPROCESSED_OT,2305843009213693951,61,64,128,2,20,1048576,64,16384,32,8,0,OK,measured,PASS,2,2,2,0.0,0,1487.17,1487.17,245504,245504,245504,76161024,76161024,PPRF ablation row excludes base-OT cost by accounting convention; current executable exposes integrated local setup timing only.
2026-07-23T08:49:08.872000+00:00,b33a10fa7851ba0c3a26bea531ffb004f00d9365,VECTOR_PPRF,PREPROCESSED_OT,2305843009213693951,61,64,128,2,20,1048576,64,16384,32,9,0,OK,measured,PASS,2,2,2,0.0,0,1477.4640000000002,1477.4640000000002,245504,245504,245504,76161024,76161024,PPRF ablation row excludes base-OT cost by accounting convention; current executable exposes integrated local setup timing only.
2026-07-23T08:49:10.404352+00:00,b33a10fa7851ba0c3a26bea531ffb004f00d9365,COORDINATE_PPRF,PREPROCESSED_OT,2305843009213693951,61,64,128,2,20,1048576,64,16384,32,-1,1,OK,measured,PASS,64,64,64,0.0,0,6953.442,6953.442,3791408,3791408,3791408,76161024,76161024,PPRF ablation row excludes base-OT cost by accounting convention; current executable exposes integrated local setup timing only.
2026-07-23T08:49:17.415771+00:00,b33a10fa7851ba0c3a26bea531ffb004f00d9365,COORDINATE_PPRF,PREPROCESSED_OT,2305843009213693951,61,64,128,2,20,1048576,64,16384,32,0,0,OK,measured,PASS,64,64,64,0.0,0,6946.073,6946.073,3791408,3791408,3791408,76161024,76161024,PPRF ablation row excludes base-OT cost by accounting convention; current executable exposes integrated local setup timing only.
2026-07-23T08:49:24.421909+00:00,b33a10fa7851ba0c3a26bea531ffb004f00d9365,COORDINATE_PPRF,PREPROCESSED_OT,2305843009213693951,61,64,128,2,20,1048576,64,16384,32,1,0,OK,measured,PASS,64,64,64,0.0,0,6975.375,6975.375,3791408,3791408,3791408,76161024,76161024,PPRF ablation row excludes base-OT cost by accounting convention; current executable exposes integrated local setup timing only.
2026-07-23T08:49:31.457762+00:00,b33a10fa7851ba0c3a26bea531ffb004f00d9365,COORDINATE_PPRF,PREPROCESSED_OT,2305843009213693951,61,64,128,2,20,1048576,64,16384,32,2,0,OK,measured,PASS,64,64,64,0.0,0,7068.456,7068.456,3791408,3791408,3791408,76161024,76161024,PPRF ablation row excludes base-OT cost by accounting convention; current executable exposes integrated local setup timing only.
2026-07-23T08:49:38.587729+00:00,b33a10fa7851ba0c3a26bea531ffb004f00d9365,COORDINATE_PPRF,PREPROCESSED_OT,2305843009213693951,61,64,128,2,20,1048576,64,16384,32,3,0,OK,measured,PASS,64,64,64,0.0,0,6995.144,6995.144,3791408,3791408,3791408,76161024,76161024,PPRF ablation row excludes base-OT cost by accounting convention; current executable exposes integrated local setup timing only.
2026-07-23T08:49:45.639954+00:00,b33a10fa7851ba0c3a26bea531ffb004f00d9365,COORDINATE_PPRF,PREPROCESSED_OT,2305843009213693951,61,64,128,2,20,1048576,64,16384,32,4,0,OK,measured,PASS,64,64,64,0.0,0,7016.201,7016.201,3791408,3791408,3791408,76161024,76161024,PPRF ablation row excludes base-OT cost by accounting convention; current executable exposes integrated local setup timing only.
2026-07-23T08:49:52.720987+00:00,b33a10fa7851ba0c3a26bea531ffb004f00d9365,COORDINATE_PPRF,PREPROCESSED_OT,2305843009213693951,61,64,128,2,20,1048576,64,16384,32,5,0,OK,measured,PASS,64,64,64,0.0,0,6953.307,6953.307,3791408,3791408,3791408,76161024,76161024,PPRF ablation row excludes base-OT cost by accounting convention; current executable exposes integrated local setup timing only.
2026-07-23T08:49:59.734020+00:00,b33a10fa7851ba0c3a26bea531ffb004f00d9365,COORDINATE_PPRF,PREPROCESSED_OT,2305843009213693951,61,64,128,2,20,1048576,64,16384,32,6,0,OK,measured,PASS,64,64,64,0.0,0,6992.222,6992.222,3791408,3791408,3791408,76161024,76161024,PPRF ablation row excludes base-OT cost by accounting convention; current executable exposes integrated local setup timing only.
2026-07-23T08:50:06.784365+00:00,b33a10fa7851ba0c3a26bea531ffb004f00d9365,COORDINATE_PPRF,PREPROCESSED_OT,2305843009213693951,61,64,128,2,20,1048576,64,16384,32,7,0,OK,measured,PASS,64,64,64,0.0,0,6929.037,6929.037,3791408,3791408,3791408,76161024,76161024,PPRF ablation row excludes base-OT cost by accounting convention; current executable exposes integrated local setup timing only.
2026-07-23T08:50:13.771083+00:00,b33a10fa7851ba0c3a26bea531ffb004f00d9365,COORDINATE_PPRF,PREPROCESSED_OT,2305843009213693951,61,64,128,2,20,1048576,64,16384,32,8,0,OK,measured,PASS,64,64,64,0.0,0,7060.9890000000005,7060.9890000000005,3791408,3791408,3791408,76161024,76161024,PPRF ablation row excludes base-OT cost by accounting convention; current executable exposes integrated local setup timing only.
2026-07-23T08:50:20.892010+00:00,b33a10fa7851ba0c3a26bea531ffb004f00d9365,COORDINATE_PPRF,PREPROCESSED_OT,2305843009213693951,61,64,128,2,20,1048576,64,16384,32,9,0,OK,measured,PASS,64,64,64,0.0,0,7030.619,7030.619,3791408,3791408,3791408,76161024,76161024,PPRF ablation row excludes base-OT cost by accounting convention; current executable exposes integrated local setup timing only.
