$ cmake -S . -B build-final -DCMAKE_BUILD_TYPE=Release -DCMAKE_PREFIX_PATH=/home/cyy/pcg-experiments/local
-- The CXX compiler identification is GNU 11.5.0
-- Detecting CXX compiler ABI info
-- Detecting CXX compiler ABI info - done
-- Check for working CXX compiler: /usr/bin/c++ - skipped
-- Detecting CXX compile features
-- Detecting CXX compile features - done
-- Performing Test CMAKE_HAVE_LIBC_PTHREAD
-- Performing Test CMAKE_HAVE_LIBC_PTHREAD - Failed
-- Looking for pthread_create in pthreads
-- Looking for pthread_create in pthreads - not found
-- Looking for pthread_create in pthread
-- Looking for pthread_create in pthread - found
-- Found Threads: TRUE  
-- Found OpenMP_CXX: -fopenmp (found version "4.5") 
-- Found OpenMP: TRUE (found version "4.5")  
libOTeConfig.cmake: /home/cyy/pcg-experiments/local/lib/cmake/libOTe
cryptoToolsConfig.cmake: /home/cyy/pcg-experiments/local/lib/cmake/cryptoTools
-- SODIUM_INCLUDE_DIRS:  /home/cyy/pcg-experiments/local/include
-- SODIUM_LIBRARIES:  /home/cyy/pcg-experiments/local/lib/libsodium.a
-- SODIUM_MONTGOMERY:  ON

coprotoConfig.cmake: /home/cyy/pcg-experiments/local/lib/cmake/coproto/coprotoConfig.cmake
find_package(macoro REQUIRED COMPONENTS cpp_20;no_pic;no_asan;Release) @ /home/cyy/pcg-experiments/local/lib/cmake/coproto/coprotoFindDeps.cmake
macoroConfig.cmake: /home/cyy/pcg-experiments/local/lib/cmake/macoro/macoroConfig.cmake
-- Found Boost: /home/cyy/pcg-experiments/local/lib/cmake/Boost-1.86.0/BoostConfig.cmake (found suitable version "1.86.0", minimum required is "1.84.0") found components: system thread regex 


Boost_LIB: Boost::system;Boost::thread;Boost::regex
Boost_INC: /home/cyy/pcg-experiments/local/include


-- Found OpenSSL: /usr/lib/x86_64-linux-gnu/libcrypto.so (found version "1.1.1f")  
OPENSSL_INCLUDE_DIR=/usr/include
OPENSSL_SSL_LIBRARY=/usr/lib/x86_64-linux-gnu/libssl.so
OPENSSL_LIBRARIES  =/usr/lib/x86_64-linux-gnu/libssl.so;/usr/lib/x86_64-linux-gnu/libcrypto.so
OPENSSL_VERSION    =1.1.1f
-- LIBDIVIDE_INCLUDE_DIRS:  /home/cyy/pcg-experiments/local/include
-- Configuring done (0.6s)
-- Generating done (0.0s)
-- Build files have been written to: /home/cyy/pcg-experiments/mVOLE-local-silent-bench/build-final
[exit=0 elapsed_s=0.590978]

$ cmake --build build-final -j2
[ 50%] Building CXX object CMakeFiles/main.dir/main.cpp.o
In file included from /home/cyy/pcg-experiments/mVOLE-local-silent-bench/libOTe/libOTe/Triple/Foleage/fft/FoleageFft.h:19,
                 from /home/cyy/pcg-experiments/mVOLE-local-silent-bench/main.cpp:6:
/home/cyy/pcg-experiments/mVOLE-local-silent-bench/libOTe/libOTe/Triple/Foleage/FoleageUtils.h: In function ‘void osuCrypto::F4Multiply(osuCrypto::span<osuCrypto::block>, osuCrypto::span<osuCrypto::block>, osuCrypto::span<osuCrypto::block>, size_t)’:
/home/cyy/pcg-experiments/mVOLE-local-silent-bench/libOTe/libOTe/Triple/Foleage/FoleageUtils.h:319:60: warning: ‘osuCrypto::block osuCrypto::block::operator<<(const uint8_t&) const’ is deprecated: use slli_epi64 instead [-Wdeprecated-declarations]
  319 |                         res_poly[i] = tmp ^ (a_h & (b_l << 1));
      |                                                            ^
In file included from /home/cyy/pcg-experiments/local/include/cryptoTools/Common/Defines.h:7,
                 from /home/cyy/pcg-experiments/local/include/cryptoTools/Common/BitVector.h:3,
                 from /home/cyy/pcg-experiments/mVOLE-local-silent-bench/libOTe/libOTe/Vole/Noisy/NoisyVoleSender.h:30,
                 from /home/cyy/pcg-experiments/mVOLE-local-silent-bench/Coeff128.h:2,
                 from /home/cyy/pcg-experiments/mVOLE-local-silent-bench/main.cpp:5:
/home/cyy/pcg-experiments/local/include/cryptoTools/Common/block.h:317:67: note: declared here
  317 |                 OC_CUDA_CALLABLE OC_FORCEINLINE  osuCrypto::block operator<<(const std::uint8_t& rhs)const
      |                                                                   ^~~~~~~~
In file included from /home/cyy/pcg-experiments/mVOLE-local-silent-bench/libOTe/libOTe/Triple/Foleage/fft/FoleageFft.h:19,
                 from /home/cyy/pcg-experiments/mVOLE-local-silent-bench/main.cpp:6:
/home/cyy/pcg-experiments/mVOLE-local-silent-bench/libOTe/libOTe/Triple/Foleage/FoleageUtils.h:320:49: warning: ‘osuCrypto::block osuCrypto::block::operator<<(const uint8_t&) const’ is deprecated: use slli_epi64 instead [-Wdeprecated-declarations]
  320 |                         res_poly[i] ^= ((a_l << 1) & b_h);
      |                                                 ^
In file included from /home/cyy/pcg-experiments/local/include/cryptoTools/Common/Defines.h:7,
                 from /home/cyy/pcg-experiments/local/include/cryptoTools/Common/BitVector.h:3,
                 from /home/cyy/pcg-experiments/mVOLE-local-silent-bench/libOTe/libOTe/Vole/Noisy/NoisyVoleSender.h:30,
                 from /home/cyy/pcg-experiments/mVOLE-local-silent-bench/Coeff128.h:2,
                 from /home/cyy/pcg-experiments/mVOLE-local-silent-bench/main.cpp:5:
/home/cyy/pcg-experiments/local/include/cryptoTools/Common/block.h:317:67: note: declared here
  317 |                 OC_CUDA_CALLABLE OC_FORCEINLINE  osuCrypto::block operator<<(const std::uint8_t& rhs)const
      |                                                                   ^~~~~~~~
In file included from /home/cyy/pcg-experiments/mVOLE-local-silent-bench/Prime_test.h:11,
                 from /home/cyy/pcg-experiments/mVOLE-local-silent-bench/main.cpp:13:
/home/cyy/pcg-experiments/mVOLE-local-silent-bench/Dpf.h: In instantiation of ‘macoro::task<> osuCrypto::RegularPrimeDpf::implExpand(osuCrypto::span<long unsigned int>, osuCrypto::span<long unsigned int>, osuCrypto::block, osuCrypto::RegularPrimeDpfKey*, Output&&, coproto::Socket&, osuCrypto::RegularPrimeDpfKey*) [with Output = RegularPrimeDpf_Test()::<lambda(auto:62, auto:63, osuCrypto::u64, osuCrypto::block)>&; osuCrypto::span<long unsigned int> = std::span<long unsigned int, 18446744073709551615>]’:
/home/cyy/pcg-experiments/mVOLE-local-silent-bench/Dpf.h:247:20:   required from ‘macoro::task<> osuCrypto::RegularPrimeDpf::expand(osuCrypto::span<long unsigned int>, osuCrypto::span<long unsigned int>, osuCrypto::block, Output&&, coproto::Socket&) [with Output = RegularPrimeDpf_Test()::<lambda(auto:62, auto:63, osuCrypto::u64, osuCrypto::block)>; osuCrypto::span<long unsigned int> = std::span<long unsigned int, 18446744073709551615>]’
/home/cyy/pcg-experiments/mVOLE-local-silent-bench/Prime_OLE.h:66:16:   required from here
/home/cyy/pcg-experiments/mVOLE-local-silent-bench/Dpf.h:809:9: warning: ‘osuCrypto::RegularPrimeDpf::implExpand<RegularPrimeDpf_Test()::<lambda(auto:62, auto:63, osuCrypto::u64, osuCrypto::block)>&>(osuCrypto::span<long unsigned int>, osuCrypto::span<long unsigned int>, osuCrypto::block, osuCrypto::RegularPrimeDpfKey*, RegularPrimeDpf_Test()::<lambda(auto:62, auto:63, osuCrypto::u64, osuCrypto::block)>&, coproto::Socket&, osuCrypto::RegularPrimeDpfKey*)::_ZN9osuCrypto15RegularPrimeDpf10implExpandIRZ20RegularPrimeDpf_TestvEUlT_T0_mNS_5blockEE_EEN6macoro4taskIvLb1EEESt4spanImLm18446744073709551615EESB_S4_PNS_18RegularPrimeDpfKeyEOS2_RN7coproto6SocketESD_.Frame’ has a field ‘osuCrypto::RegularPrimeDpf::implExpand<RegularPrimeDpf_Test()::<lambda(auto:62, auto:63, osuCrypto::u64, osuCrypto::block)>&>(osuCrypto::span<long unsigned int>, osuCrypto::span<long unsigned int>, osuCrypto::block, osuCrypto::RegularPrimeDpfKey*, RegularPrimeDpf_Test()::<lambda(auto:62, auto:63, osuCrypto::u64, osuCrypto::block)>&, coproto::Socket&, osuCrypto::RegularPrimeDpfKey*)::_ZN9osuCrypto15RegularPrimeDpf10implExpandIRZ20RegularPrimeDpf_TestvEUlT_T0_mNS_5blockEE_EEN6macoro4taskIvLb1EEESt4spanImLm18446744073709551615EESB_S4_PNS_18RegularPrimeDpfKeyEOS2_RN7coproto6SocketESD_.Frame::output’ whose type depends on the type ‘RegularPrimeDpf_Test()::<lambda(auto:62, auto:63, osuCrypto::u64, osuCrypto::block)>’ which has no linkage [-Wsubobject-linkage]
  809 |         }
      |         ^
/home/cyy/pcg-experiments/mVOLE-local-silent-bench/Dpf.h:809:9: warning: ‘osuCrypto::RegularPrimeDpf::implExpand<RegularPrimeDpf_Test()::<lambda(auto:62, auto:63, osuCrypto::u64, osuCrypto::block)>&>(osuCrypto::span<long unsigned int>, osuCrypto::span<long unsigned int>, osuCrypto::block, osuCrypto::RegularPrimeDpfKey*, RegularPrimeDpf_Test()::<lambda(auto:62, auto:63, osuCrypto::u64, osuCrypto::block)>&, coproto::Socket&, osuCrypto::RegularPrimeDpfKey*)::_ZN9osuCrypto15RegularPrimeDpf10implExpandIRZ20RegularPrimeDpf_TestvEUlT_T0_mNS_5blockEE_EEN6macoro4taskIvLb1EEESt4spanImLm18446744073709551615EESB_S4_PNS_18RegularPrimeDpfKeyEOS2_RN7coproto6SocketESD_.Frame’ has a field ‘osuCrypto::RegularPrimeDpf::implExpand<RegularPrimeDpf_Test()::<lambda(auto:62, auto:63, osuCrypto::u64, osuCrypto::block)>&>(osuCrypto::span<long unsigned int>, osuCrypto::span<long unsigned int>, osuCrypto::block, osuCrypto::RegularPrimeDpfKey*, RegularPrimeDpf_Test()::<lambda(auto:62, auto:63, osuCrypto::u64, osuCrypto::block)>&, coproto::Socket&, osuCrypto::RegularPrimeDpfKey*)::_ZN9osuCrypto15RegularPrimeDpf10implExpandIRZ20RegularPrimeDpf_TestvEUlT_T0_mNS_5blockEE_EEN6macoro4taskIvLb1EEESt4spanImLm18446744073709551615EESB_S4_PNS_18RegularPrimeDpfKeyEOS2_RN7coproto6SocketESD_.Frame::getRow_1_2’ whose type has no linkage [-Wsubobject-linkage]
/home/cyy/pcg-experiments/mVOLE-local-silent-bench/Dpf.h: In instantiation of ‘macoro::task<> osuCrypto::RegularPrimeDpf::implExpand(osuCrypto::span<long unsigned int>, osuCrypto::span<long unsigned int>, osuCrypto::block, osuCrypto::RegularPrimeDpfKey*, Output&&, coproto::Socket&, osuCrypto::RegularPrimeDpfKey*) [with Output = RegularPrimeDpf_Test()::<lambda(auto:64, auto:65, osuCrypto::u64, osuCrypto::block)>&; osuCrypto::span<long unsigned int> = std::span<long unsigned int, 18446744073709551615>]’:
/home/cyy/pcg-experiments/mVOLE-local-silent-bench/Dpf.h:247:20:   required from ‘macoro::task<> osuCrypto::RegularPrimeDpf::expand(osuCrypto::span<long unsigned int>, osuCrypto::span<long unsigned int>, osuCrypto::block, Output&&, coproto::Socket&) [with Output = RegularPrimeDpf_Test()::<lambda(auto:64, auto:65, osuCrypto::u64, osuCrypto::block)>; osuCrypto::span<long unsigned int> = std::span<long unsigned int, 18446744073709551615>]’
/home/cyy/pcg-experiments/mVOLE-local-silent-bench/Prime_OLE.h:67:16:   required from here
/home/cyy/pcg-experiments/mVOLE-local-silent-bench/Dpf.h:809:9: warning: ‘osuCrypto::RegularPrimeDpf::implExpand<RegularPrimeDpf_Test()::<lambda(auto:64, auto:65, osuCrypto::u64, osuCrypto::block)>&>(osuCrypto::span<long unsigned int>, osuCrypto::span<long unsigned int>, osuCrypto::block, osuCrypto::RegularPrimeDpfKey*, RegularPrimeDpf_Test()::<lambda(auto:64, auto:65, osuCrypto::u64, osuCrypto::block)>&, coproto::Socket&, osuCrypto::RegularPrimeDpfKey*)::_ZN9osuCrypto15RegularPrimeDpf10implExpandIRZ20RegularPrimeDpf_TestvEUlT_T0_mNS_5blockEE0_EEN6macoro4taskIvLb1EEESt4spanImLm18446744073709551615EESB_S4_PNS_18RegularPrimeDpfKeyEOS2_RN7coproto6SocketESD_.Frame’ has a field ‘osuCrypto::RegularPrimeDpf::implExpand<RegularPrimeDpf_Test()::<lambda(auto:64, auto:65, osuCrypto::u64, osuCrypto::block)>&>(osuCrypto::span<long unsigned int>, osuCrypto::span<long unsigned int>, osuCrypto::block, osuCrypto::RegularPrimeDpfKey*, RegularPrimeDpf_Test()::<lambda(auto:64, auto:65, osuCrypto::u64, osuCrypto::block)>&, coproto::Socket&, osuCrypto::RegularPrimeDpfKey*)::_ZN9osuCrypto15RegularPrimeDpf10implExpandIRZ20RegularPrimeDpf_TestvEUlT_T0_mNS_5blockEE0_EEN6macoro4taskIvLb1EEESt4spanImLm18446744073709551615EESB_S4_PNS_18RegularPrimeDpfKeyEOS2_RN7coproto6SocketESD_.Frame::output’ whose type depends on the type ‘RegularPrimeDpf_Test()::<lambda(auto:64, auto:65, osuCrypto::u64, osuCrypto::block)>’ which has no linkage [-Wsubobject-linkage]
/home/cyy/pcg-experiments/mVOLE-local-silent-bench/Dpf.h:809:9: warning: ‘osuCrypto::RegularPrimeDpf::implExpand<RegularPrimeDpf_Test()::<lambda(auto:64, auto:65, osuCrypto::u64, osuCrypto::block)>&>(osuCrypto::span<long unsigned int>, osuCrypto::span<long unsigned int>, osuCrypto::block, osuCrypto::RegularPrimeDpfKey*, RegularPrimeDpf_Test()::<lambda(auto:64, auto:65, osuCrypto::u64, osuCrypto::block)>&, coproto::Socket&, osuCrypto::RegularPrimeDpfKey*)::_ZN9osuCrypto15RegularPrimeDpf10implExpandIRZ20RegularPrimeDpf_TestvEUlT_T0_mNS_5blockEE0_EEN6macoro4taskIvLb1EEESt4spanImLm18446744073709551615EESB_S4_PNS_18RegularPrimeDpfKeyEOS2_RN7coproto6SocketESD_.Frame’ has a field ‘osuCrypto::RegularPrimeDpf::implExpand<RegularPrimeDpf_Test()::<lambda(auto:64, auto:65, osuCrypto::u64, osuCrypto::block)>&>(osuCrypto::span<long unsigned int>, osuCrypto::span<long unsigned int>, osuCrypto::block, osuCrypto::RegularPrimeDpfKey*, RegularPrimeDpf_Test()::<lambda(auto:64, auto:65, osuCrypto::u64, osuCrypto::block)>&, coproto::Socket&, osuCrypto::RegularPrimeDpfKey*)::_ZN9osuCrypto15RegularPrimeDpf10implExpandIRZ20RegularPrimeDpf_TestvEUlT_T0_mNS_5blockEE0_EEN6macoro4taskIvLb1EEESt4spanImLm18446744073709551615EESB_S4_PNS_18RegularPrimeDpfKeyEOS2_RN7coproto6SocketESD_.Frame::getRow_1_2’ whose type has no linkage [-Wsubobject-linkage]
[100%] Linking CXX executable main
[100%] Built target main
[exit=0 elapsed_s=89.436216]

$ cmake -S . -B build-probes -DCMAKE_BUILD_TYPE=Release -DCMAKE_PREFIX_PATH=/home/cyy/pcg-experiments/local -DBUILD_SILENT_PROBES=ON
-- The CXX compiler identification is GNU 11.5.0
-- Detecting CXX compiler ABI info
-- Detecting CXX compiler ABI info - done
-- Check for working CXX compiler: /usr/bin/c++ - skipped
-- Detecting CXX compile features
-- Detecting CXX compile features - done
-- Performing Test CMAKE_HAVE_LIBC_PTHREAD
-- Performing Test CMAKE_HAVE_LIBC_PTHREAD - Failed
-- Looking for pthread_create in pthreads
-- Looking for pthread_create in pthreads - not found
-- Looking for pthread_create in pthread
-- Looking for pthread_create in pthread - found
-- Found Threads: TRUE  
-- Found OpenMP_CXX: -fopenmp (found version "4.5") 
-- Found OpenMP: TRUE (found version "4.5")  
libOTeConfig.cmake: /home/cyy/pcg-experiments/local/lib/cmake/libOTe
cryptoToolsConfig.cmake: /home/cyy/pcg-experiments/local/lib/cmake/cryptoTools
-- SODIUM_INCLUDE_DIRS:  /home/cyy/pcg-experiments/local/include
-- SODIUM_LIBRARIES:  /home/cyy/pcg-experiments/local/lib/libsodium.a
-- SODIUM_MONTGOMERY:  ON

coprotoConfig.cmake: /home/cyy/pcg-experiments/local/lib/cmake/coproto/coprotoConfig.cmake
find_package(macoro REQUIRED COMPONENTS cpp_20;no_pic;no_asan;Release) @ /home/cyy/pcg-experiments/local/lib/cmake/coproto/coprotoFindDeps.cmake
macoroConfig.cmake: /home/cyy/pcg-experiments/local/lib/cmake/macoro/macoroConfig.cmake
-- Found Boost: /home/cyy/pcg-experiments/local/lib/cmake/Boost-1.86.0/BoostConfig.cmake (found suitable version "1.86.0", minimum required is "1.84.0") found components: system thread regex 


Boost_LIB: Boost::system;Boost::thread;Boost::regex
Boost_INC: /home/cyy/pcg-experiments/local/include


-- Found OpenSSL: /usr/lib/x86_64-linux-gnu/libcrypto.so (found version "1.1.1f")  
OPENSSL_INCLUDE_DIR=/usr/include
OPENSSL_SSL_LIBRARY=/usr/lib/x86_64-linux-gnu/libssl.so
OPENSSL_LIBRARIES  =/usr/lib/x86_64-linux-gnu/libssl.so;/usr/lib/x86_64-linux-gnu/libcrypto.so
OPENSSL_VERSION    =1.1.1f
-- LIBDIVIDE_INCLUDE_DIRS:  /home/cyy/pcg-experiments/local/include
-- Configuring done (0.6s)
-- Generating done (0.0s)
-- Build files have been written to: /home/cyy/pcg-experiments/mVOLE-local-silent-bench/build-probes
[exit=0 elapsed_s=0.609924]

$ cmake --build build-probes --target probe_silent_supported -j2
[ 50%] Building CXX object CMakeFiles/probe_silent_supported.dir/probes/probe_silent_supported.cpp.o
[100%] Linking CXX executable probe_silent_supported
[100%] Built target probe_silent_supported
[exit=0 elapsed_s=12.472135]

$ /home/cyy/pcg-experiments/mVOLE-local-silent-bench/build-probes/probe_silent_supported
[exit=0 elapsed_s=0.405413]

$ cmake --build build-probes --target probe_silent_module -j2
[ 50%] Building CXX object CMakeFiles/probe_silent_module.dir/probes/probe_silent_module.cpp.o
[100%] Linking CXX executable probe_silent_module
[100%] Built target probe_silent_module
[exit=0 elapsed_s=16.648238]

$ /home/cyy/pcg-experiments/mVOLE-local-silent-bench/build-probes/probe_silent_module
[exit=0 elapsed_s=0.600367]

$ cmake --build build-probes --target probe_silent_toy -j2
[ 50%] Building CXX object CMakeFiles/probe_silent_toy.dir/probes/probe_silent_toy.cpp.o
[100%] Linking CXX executable probe_silent_toy
[100%] Built target probe_silent_toy
[exit=0 elapsed_s=14.091577]

$ /home/cyy/pcg-experiments/mVOLE-local-silent-bench/build-probes/probe_silent_toy
[exit=0 elapsed_s=0.426052]

$ cmake --build build-probes --target probe_silent_linearity -j2
[ 50%] Building CXX object CMakeFiles/probe_silent_linearity.dir/probes/probe_silent_linearity.cpp.o
[100%] Linking CXX executable probe_silent_linearity
[100%] Built target probe_silent_linearity
[exit=0 elapsed_s=8.889838]

$ /home/cyy/pcg-experiments/mVOLE-local-silent-bench/build-probes/probe_silent_linearity
test,M,message_size,code_size,expander_weight,accumulator_weight,ok
ExConv_module_vs_coordinate,8,32,64,7,24,1
[exit=0 elapsed_s=0.004320]

$ taskset -c 0 /home/cyy/pcg-experiments/mVOLE-local-silent-bench/build-final/main --RMVOLE_NET_BENCH direct-server 0.0.0.0 39200 12 8 1 verify &
$ taskset -c 2 /home/cyy/pcg-experiments/mVOLE-local-silent-bench/build-final/main --RMVOLE_NET_BENCH direct-client 127.0.0.1 39200 12 8 1 verify
DIRECT_NOISY_SVOLE_TCP method=DIRECT_NOISY_SVOLE role=receiver-server-p0 mode=verify network=tcp-loopback address=0.0.0.0:39200 logN=12 N=4096 m=8 reps=1 requested_N=4096 generated_N=4096 code_size=0 noise_weight=0 partition_count=0 size_per_partition=0 base_ot_count=512 base_ot_protocol_invocations=1 base_noisy_vole_count=0 silent_extension_count=0 base_correlation_setup_s=0.574326 silent_extension_s=0.000000 local_output_mapping_s=0.000000 total_s=0.574326 verify_s=0.343299 bytes_sent_by_role=134217872 bytes_received_by_role=279584 harness_metadata_bytes=64 verification_opening_bytes=262144 clean_protocol_bytes_by_role=134217808 direct_payload_bytes=134217808 silent_base_ot_bytes=0 silent_base_noisy_vole_bytes=0 silent_extension_payload_bytes=0 framing_bytes=0 notes=tcp_two_process; direct_libOTe_NoisyVole_length_N; BaseElem=u64; ExtElem=array<u64,M>; x=c; Z0=a; Z1=-b PASS
DIRECT_NOISY_SVOLE_TCP method=DIRECT_NOISY_SVOLE role=sender-client-p1 mode=verify network=tcp-loopback address=127.0.0.1:39200 logN=12 N=4096 m=8 reps=1 requested_N=4096 generated_N=4096 code_size=0 noise_weight=0 partition_count=0 size_per_partition=0 base_ot_count=512 base_ot_protocol_invocations=1 base_noisy_vole_count=0 silent_extension_count=0 base_correlation_setup_s=0.916027 silent_extension_s=0.000000 local_output_mapping_s=0.000000 total_s=0.916027 verify_s=0.000313 bytes_sent_by_role=279584 bytes_received_by_role=134217872 harness_metadata_bytes=0 verification_opening_bytes=262144 clean_protocol_bytes_by_role=17440 direct_payload_bytes=17440 silent_base_ot_bytes=0 silent_base_noisy_vole_bytes=0 silent_extension_payload_bytes=0 framing_bytes=0 notes=tcp_two_process; direct_libOTe_NoisyVole_length_N; BaseElem=u64; ExtElem=array<u64,M>; x=c; Z0=a; Z1=-b PASS
[server_exit=0 client_exit=0]

$ taskset -c 0 /home/cyy/pcg-experiments/mVOLE-local-silent-bench/build-final/main --RMVOLE_NET_BENCH direct-server 0.0.0.0 39201 12 8 1 bench &
$ taskset -c 2 /home/cyy/pcg-experiments/mVOLE-local-silent-bench/build-final/main --RMVOLE_NET_BENCH direct-client 127.0.0.1 39201 12 8 1 bench
DIRECT_NOISY_SVOLE_TCP method=DIRECT_NOISY_SVOLE role=receiver-server-p0 mode=bench network=tcp-loopback address=0.0.0.0:39201 logN=12 N=4096 m=8 reps=1 requested_N=4096 generated_N=4096 code_size=0 noise_weight=0 partition_count=0 size_per_partition=0 base_ot_count=512 base_ot_protocol_invocations=1 base_noisy_vole_count=0 silent_extension_count=0 base_correlation_setup_s=0.572757 silent_extension_s=0.000000 local_output_mapping_s=0.000000 total_s=0.572757 verify_s=0.000000 bytes_sent_by_role=134217872 bytes_received_by_role=17432 harness_metadata_bytes=64 verification_opening_bytes=0 clean_protocol_bytes_by_role=134217808 direct_payload_bytes=134217808 silent_base_ot_bytes=0 silent_base_noisy_vole_bytes=0 silent_extension_payload_bytes=0 framing_bytes=0 notes=tcp_two_process; direct_libOTe_NoisyVole_length_N; BaseElem=u64; ExtElem=array<u64,M>; x=c; Z0=a; Z1=-b PASS
DIRECT_NOISY_SVOLE_TCP method=DIRECT_NOISY_SVOLE role=sender-client-p1 mode=bench network=tcp-loopback address=127.0.0.1:39201 logN=12 N=4096 m=8 reps=1 requested_N=4096 generated_N=4096 code_size=0 noise_weight=0 partition_count=0 size_per_partition=0 base_ot_count=512 base_ot_protocol_invocations=1 base_noisy_vole_count=0 silent_extension_count=0 base_correlation_setup_s=0.912087 silent_extension_s=0.000000 local_output_mapping_s=0.000000 total_s=0.912087 verify_s=0.000000 bytes_sent_by_role=17432 bytes_received_by_role=134217872 harness_metadata_bytes=0 verification_opening_bytes=0 clean_protocol_bytes_by_role=17432 direct_payload_bytes=17432 silent_base_ot_bytes=0 silent_base_noisy_vole_bytes=0 silent_extension_payload_bytes=0 framing_bytes=0 notes=tcp_two_process; direct_libOTe_NoisyVole_length_N; BaseElem=u64; ExtElem=array<u64,M>; x=c; Z0=a; Z1=-b PASS
[server_exit=0 client_exit=0]

$ taskset -c 0 /home/cyy/pcg-experiments/mVOLE-local-silent-bench/build-final/main --RMVOLE_NET_BENCH direct-server 0.0.0.0 39202 12 8 1 bench &
$ taskset -c 2 /home/cyy/pcg-experiments/mVOLE-local-silent-bench/build-final/main --RMVOLE_NET_BENCH direct-client 127.0.0.1 39202 12 8 1 bench
DIRECT_NOISY_SVOLE_TCP method=DIRECT_NOISY_SVOLE role=receiver-server-p0 mode=bench network=tcp-loopback address=0.0.0.0:39202 logN=12 N=4096 m=8 reps=1 requested_N=4096 generated_N=4096 code_size=0 noise_weight=0 partition_count=0 size_per_partition=0 base_ot_count=512 base_ot_protocol_invocations=1 base_noisy_vole_count=0 silent_extension_count=0 base_correlation_setup_s=0.573096 silent_extension_s=0.000000 local_output_mapping_s=0.000000 total_s=0.573096 verify_s=0.000000 bytes_sent_by_role=134217872 bytes_received_by_role=17432 harness_metadata_bytes=64 verification_opening_bytes=0 clean_protocol_bytes_by_role=134217808 direct_payload_bytes=134217808 silent_base_ot_bytes=0 silent_base_noisy_vole_bytes=0 silent_extension_payload_bytes=0 framing_bytes=0 notes=tcp_two_process; direct_libOTe_NoisyVole_length_N; BaseElem=u64; ExtElem=array<u64,M>; x=c; Z0=a; Z1=-b PASS
DIRECT_NOISY_SVOLE_TCP method=DIRECT_NOISY_SVOLE role=sender-client-p1 mode=bench network=tcp-loopback address=127.0.0.1:39202 logN=12 N=4096 m=8 reps=1 requested_N=4096 generated_N=4096 code_size=0 noise_weight=0 partition_count=0 size_per_partition=0 base_ot_count=512 base_ot_protocol_invocations=1 base_noisy_vole_count=0 silent_extension_count=0 base_correlation_setup_s=0.914743 silent_extension_s=0.000000 local_output_mapping_s=0.000000 total_s=0.914743 verify_s=0.000000 bytes_sent_by_role=17432 bytes_received_by_role=134217872 harness_metadata_bytes=0 verification_opening_bytes=0 clean_protocol_bytes_by_role=17432 direct_payload_bytes=17432 silent_base_ot_bytes=0 silent_base_noisy_vole_bytes=0 silent_extension_payload_bytes=0 framing_bytes=0 notes=tcp_two_process; direct_libOTe_NoisyVole_length_N; BaseElem=u64; ExtElem=array<u64,M>; x=c; Z0=a; Z1=-b PASS
[server_exit=0 client_exit=0]

$ taskset -c 0 /home/cyy/pcg-experiments/mVOLE-local-silent-bench/build-final/main --RMVOLE_NET_BENCH direct-server 0.0.0.0 39203 12 8 1 bench &
$ taskset -c 2 /home/cyy/pcg-experiments/mVOLE-local-silent-bench/build-final/main --RMVOLE_NET_BENCH direct-client 127.0.0.1 39203 12 8 1 bench
DIRECT_NOISY_SVOLE_TCP method=DIRECT_NOISY_SVOLE role=receiver-server-p0 mode=bench network=tcp-loopback address=0.0.0.0:39203 logN=12 N=4096 m=8 reps=1 requested_N=4096 generated_N=4096 code_size=0 noise_weight=0 partition_count=0 size_per_partition=0 base_ot_count=512 base_ot_protocol_invocations=1 base_noisy_vole_count=0 silent_extension_count=0 base_correlation_setup_s=0.572870 silent_extension_s=0.000000 local_output_mapping_s=0.000000 total_s=0.572870 verify_s=0.000000 bytes_sent_by_role=134217872 bytes_received_by_role=17432 harness_metadata_bytes=64 verification_opening_bytes=0 clean_protocol_bytes_by_role=134217808 direct_payload_bytes=134217808 silent_base_ot_bytes=0 silent_base_noisy_vole_bytes=0 silent_extension_payload_bytes=0 framing_bytes=0 notes=tcp_two_process; direct_libOTe_NoisyVole_length_N; BaseElem=u64; ExtElem=array<u64,M>; x=c; Z0=a; Z1=-b PASS
DIRECT_NOISY_SVOLE_TCP method=DIRECT_NOISY_SVOLE role=sender-client-p1 mode=bench network=tcp-loopback address=127.0.0.1:39203 logN=12 N=4096 m=8 reps=1 requested_N=4096 generated_N=4096 code_size=0 noise_weight=0 partition_count=0 size_per_partition=0 base_ot_count=512 base_ot_protocol_invocations=1 base_noisy_vole_count=0 silent_extension_count=0 base_correlation_setup_s=0.910520 silent_extension_s=0.000000 local_output_mapping_s=0.000000 total_s=0.910520 verify_s=0.000000 bytes_sent_by_role=17432 bytes_received_by_role=134217872 harness_metadata_bytes=0 verification_opening_bytes=0 clean_protocol_bytes_by_role=17432 direct_payload_bytes=17432 silent_base_ot_bytes=0 silent_base_noisy_vole_bytes=0 silent_extension_payload_bytes=0 framing_bytes=0 notes=tcp_two_process; direct_libOTe_NoisyVole_length_N; BaseElem=u64; ExtElem=array<u64,M>; x=c; Z0=a; Z1=-b PASS
[server_exit=0 client_exit=0]

$ taskset -c 0 /home/cyy/pcg-experiments/mVOLE-local-silent-bench/build-final/main --RMVOLE_NET_BENCH direct-server 0.0.0.0 39204 12 8 1 bench &
$ taskset -c 2 /home/cyy/pcg-experiments/mVOLE-local-silent-bench/build-final/main --RMVOLE_NET_BENCH direct-client 127.0.0.1 39204 12 8 1 bench
DIRECT_NOISY_SVOLE_TCP method=DIRECT_NOISY_SVOLE role=receiver-server-p0 mode=bench network=tcp-loopback address=0.0.0.0:39204 logN=12 N=4096 m=8 reps=1 requested_N=4096 generated_N=4096 code_size=0 noise_weight=0 partition_count=0 size_per_partition=0 base_ot_count=512 base_ot_protocol_invocations=1 base_noisy_vole_count=0 silent_extension_count=0 base_correlation_setup_s=0.574271 silent_extension_s=0.000000 local_output_mapping_s=0.000000 total_s=0.574271 verify_s=0.000000 bytes_sent_by_role=134217872 bytes_received_by_role=17432 harness_metadata_bytes=64 verification_opening_bytes=0 clean_protocol_bytes_by_role=134217808 direct_payload_bytes=134217808 silent_base_ot_bytes=0 silent_base_noisy_vole_bytes=0 silent_extension_payload_bytes=0 framing_bytes=0 notes=tcp_two_process; direct_libOTe_NoisyVole_length_N; BaseElem=u64; ExtElem=array<u64,M>; x=c; Z0=a; Z1=-b PASS
DIRECT_NOISY_SVOLE_TCP method=DIRECT_NOISY_SVOLE role=sender-client-p1 mode=bench network=tcp-loopback address=127.0.0.1:39204 logN=12 N=4096 m=8 reps=1 requested_N=4096 generated_N=4096 code_size=0 noise_weight=0 partition_count=0 size_per_partition=0 base_ot_count=512 base_ot_protocol_invocations=1 base_noisy_vole_count=0 silent_extension_count=0 base_correlation_setup_s=0.914172 silent_extension_s=0.000000 local_output_mapping_s=0.000000 total_s=0.914172 verify_s=0.000000 bytes_sent_by_role=17432 bytes_received_by_role=134217872 harness_metadata_bytes=0 verification_opening_bytes=0 clean_protocol_bytes_by_role=17432 direct_payload_bytes=17432 silent_base_ot_bytes=0 silent_base_noisy_vole_bytes=0 silent_extension_payload_bytes=0 framing_bytes=0 notes=tcp_two_process; direct_libOTe_NoisyVole_length_N; BaseElem=u64; ExtElem=array<u64,M>; x=c; Z0=a; Z1=-b PASS
[server_exit=0 client_exit=0]

$ taskset -c 0 /home/cyy/pcg-experiments/mVOLE-local-silent-bench/build-final/main --RMVOLE_NET_BENCH direct-server 0.0.0.0 39205 12 8 1 bench &
$ taskset -c 2 /home/cyy/pcg-experiments/mVOLE-local-silent-bench/build-final/main --RMVOLE_NET_BENCH direct-client 127.0.0.1 39205 12 8 1 bench
DIRECT_NOISY_SVOLE_TCP method=DIRECT_NOISY_SVOLE role=receiver-server-p0 mode=bench network=tcp-loopback address=0.0.0.0:39205 logN=12 N=4096 m=8 reps=1 requested_N=4096 generated_N=4096 code_size=0 noise_weight=0 partition_count=0 size_per_partition=0 base_ot_count=512 base_ot_protocol_invocations=1 base_noisy_vole_count=0 silent_extension_count=0 base_correlation_setup_s=0.573173 silent_extension_s=0.000000 local_output_mapping_s=0.000000 total_s=0.573173 verify_s=0.000000 bytes_sent_by_role=134217872 bytes_received_by_role=17432 harness_metadata_bytes=64 verification_opening_bytes=0 clean_protocol_bytes_by_role=134217808 direct_payload_bytes=134217808 silent_base_ot_bytes=0 silent_base_noisy_vole_bytes=0 silent_extension_payload_bytes=0 framing_bytes=0 notes=tcp_two_process; direct_libOTe_NoisyVole_length_N; BaseElem=u64; ExtElem=array<u64,M>; x=c; Z0=a; Z1=-b PASS
DIRECT_NOISY_SVOLE_TCP method=DIRECT_NOISY_SVOLE role=sender-client-p1 mode=bench network=tcp-loopback address=127.0.0.1:39205 logN=12 N=4096 m=8 reps=1 requested_N=4096 generated_N=4096 code_size=0 noise_weight=0 partition_count=0 size_per_partition=0 base_ot_count=512 base_ot_protocol_invocations=1 base_noisy_vole_count=0 silent_extension_count=0 base_correlation_setup_s=0.912468 silent_extension_s=0.000000 local_output_mapping_s=0.000000 total_s=0.912468 verify_s=0.000000 bytes_sent_by_role=17432 bytes_received_by_role=134217872 harness_metadata_bytes=0 verification_opening_bytes=0 clean_protocol_bytes_by_role=17432 direct_payload_bytes=17432 silent_base_ot_bytes=0 silent_base_noisy_vole_bytes=0 silent_extension_payload_bytes=0 framing_bytes=0 notes=tcp_two_process; direct_libOTe_NoisyVole_length_N; BaseElem=u64; ExtElem=array<u64,M>; x=c; Z0=a; Z1=-b PASS
[server_exit=0 client_exit=0]

$ taskset -c 0 /home/cyy/pcg-experiments/mVOLE-local-silent-bench/build-final/main --RMVOLE_NET_BENCH direct-server 0.0.0.0 39206 12 8 1 bench &
$ taskset -c 2 /home/cyy/pcg-experiments/mVOLE-local-silent-bench/build-final/main --RMVOLE_NET_BENCH direct-client 127.0.0.1 39206 12 8 1 bench
DIRECT_NOISY_SVOLE_TCP method=DIRECT_NOISY_SVOLE role=receiver-server-p0 mode=bench network=tcp-loopback address=0.0.0.0:39206 logN=12 N=4096 m=8 reps=1 requested_N=4096 generated_N=4096 code_size=0 noise_weight=0 partition_count=0 size_per_partition=0 base_ot_count=512 base_ot_protocol_invocations=1 base_noisy_vole_count=0 silent_extension_count=0 base_correlation_setup_s=0.573677 silent_extension_s=0.000000 local_output_mapping_s=0.000000 total_s=0.573677 verify_s=0.000000 bytes_sent_by_role=134217872 bytes_received_by_role=17432 harness_metadata_bytes=64 verification_opening_bytes=0 clean_protocol_bytes_by_role=134217808 direct_payload_bytes=134217808 silent_base_ot_bytes=0 silent_base_noisy_vole_bytes=0 silent_extension_payload_bytes=0 framing_bytes=0 notes=tcp_two_process; direct_libOTe_NoisyVole_length_N; BaseElem=u64; ExtElem=array<u64,M>; x=c; Z0=a; Z1=-b PASS
DIRECT_NOISY_SVOLE_TCP method=DIRECT_NOISY_SVOLE role=sender-client-p1 mode=bench network=tcp-loopback address=127.0.0.1:39206 logN=12 N=4096 m=8 reps=1 requested_N=4096 generated_N=4096 code_size=0 noise_weight=0 partition_count=0 size_per_partition=0 base_ot_count=512 base_ot_protocol_invocations=1 base_noisy_vole_count=0 silent_extension_count=0 base_correlation_setup_s=0.913888 silent_extension_s=0.000000 local_output_mapping_s=0.000000 total_s=0.913888 verify_s=0.000000 bytes_sent_by_role=17432 bytes_received_by_role=134217872 harness_metadata_bytes=0 verification_opening_bytes=0 clean_protocol_bytes_by_role=17432 direct_payload_bytes=17432 silent_base_ot_bytes=0 silent_base_noisy_vole_bytes=0 silent_extension_payload_bytes=0 framing_bytes=0 notes=tcp_two_process; direct_libOTe_NoisyVole_length_N; BaseElem=u64; ExtElem=array<u64,M>; x=c; Z0=a; Z1=-b PASS
[server_exit=0 client_exit=0]

$ taskset -c 0 /home/cyy/pcg-experiments/mVOLE-local-silent-bench/build-final/main --RMVOLE_NET_BENCH direct-server 0.0.0.0 39207 12 8 1 bench &
$ taskset -c 2 /home/cyy/pcg-experiments/mVOLE-local-silent-bench/build-final/main --RMVOLE_NET_BENCH direct-client 127.0.0.1 39207 12 8 1 bench
DIRECT_NOISY_SVOLE_TCP method=DIRECT_NOISY_SVOLE role=receiver-server-p0 mode=bench network=tcp-loopback address=0.0.0.0:39207 logN=12 N=4096 m=8 reps=1 requested_N=4096 generated_N=4096 code_size=0 noise_weight=0 partition_count=0 size_per_partition=0 base_ot_count=512 base_ot_protocol_invocations=1 base_noisy_vole_count=0 silent_extension_count=0 base_correlation_setup_s=0.572982 silent_extension_s=0.000000 local_output_mapping_s=0.000000 total_s=0.572982 verify_s=0.000000 bytes_sent_by_role=134217872 bytes_received_by_role=17432 harness_metadata_bytes=64 verification_opening_bytes=0 clean_protocol_bytes_by_role=134217808 direct_payload_bytes=134217808 silent_base_ot_bytes=0 silent_base_noisy_vole_bytes=0 silent_extension_payload_bytes=0 framing_bytes=0 notes=tcp_two_process; direct_libOTe_NoisyVole_length_N; BaseElem=u64; ExtElem=array<u64,M>; x=c; Z0=a; Z1=-b PASS
DIRECT_NOISY_SVOLE_TCP method=DIRECT_NOISY_SVOLE role=sender-client-p1 mode=bench network=tcp-loopback address=127.0.0.1:39207 logN=12 N=4096 m=8 reps=1 requested_N=4096 generated_N=4096 code_size=0 noise_weight=0 partition_count=0 size_per_partition=0 base_ot_count=512 base_ot_protocol_invocations=1 base_noisy_vole_count=0 silent_extension_count=0 base_correlation_setup_s=0.915036 silent_extension_s=0.000000 local_output_mapping_s=0.000000 total_s=0.915036 verify_s=0.000000 bytes_sent_by_role=17432 bytes_received_by_role=134217872 harness_metadata_bytes=0 verification_opening_bytes=0 clean_protocol_bytes_by_role=17432 direct_payload_bytes=17432 silent_base_ot_bytes=0 silent_base_noisy_vole_bytes=0 silent_extension_payload_bytes=0 framing_bytes=0 notes=tcp_two_process; direct_libOTe_NoisyVole_length_N; BaseElem=u64; ExtElem=array<u64,M>; x=c; Z0=a; Z1=-b PASS
[server_exit=0 client_exit=0]

$ taskset -c 0 /home/cyy/pcg-experiments/mVOLE-local-silent-bench/build-final/main --RMVOLE_NET_BENCH direct-server 0.0.0.0 39208 12 8 1 bench &
$ taskset -c 2 /home/cyy/pcg-experiments/mVOLE-local-silent-bench/build-final/main --RMVOLE_NET_BENCH direct-client 127.0.0.1 39208 12 8 1 bench
DIRECT_NOISY_SVOLE_TCP method=DIRECT_NOISY_SVOLE role=receiver-server-p0 mode=bench network=tcp-loopback address=0.0.0.0:39208 logN=12 N=4096 m=8 reps=1 requested_N=4096 generated_N=4096 code_size=0 noise_weight=0 partition_count=0 size_per_partition=0 base_ot_count=512 base_ot_protocol_invocations=1 base_noisy_vole_count=0 silent_extension_count=0 base_correlation_setup_s=0.578774 silent_extension_s=0.000000 local_output_mapping_s=0.000000 total_s=0.578774 verify_s=0.000000 bytes_sent_by_role=134217872 bytes_received_by_role=17432 harness_metadata_bytes=64 verification_opening_bytes=0 clean_protocol_bytes_by_role=134217808 direct_payload_bytes=134217808 silent_base_ot_bytes=0 silent_base_noisy_vole_bytes=0 silent_extension_payload_bytes=0 framing_bytes=0 notes=tcp_two_process; direct_libOTe_NoisyVole_length_N; BaseElem=u64; ExtElem=array<u64,M>; x=c; Z0=a; Z1=-b PASS
DIRECT_NOISY_SVOLE_TCP method=DIRECT_NOISY_SVOLE role=sender-client-p1 mode=bench network=tcp-loopback address=127.0.0.1:39208 logN=12 N=4096 m=8 reps=1 requested_N=4096 generated_N=4096 code_size=0 noise_weight=0 partition_count=0 size_per_partition=0 base_ot_count=512 base_ot_protocol_invocations=1 base_noisy_vole_count=0 silent_extension_count=0 base_correlation_setup_s=0.918942 silent_extension_s=0.000000 local_output_mapping_s=0.000000 total_s=0.918942 verify_s=0.000000 bytes_sent_by_role=17432 bytes_received_by_role=134217872 harness_metadata_bytes=0 verification_opening_bytes=0 clean_protocol_bytes_by_role=17432 direct_payload_bytes=17432 silent_base_ot_bytes=0 silent_base_noisy_vole_bytes=0 silent_extension_payload_bytes=0 framing_bytes=0 notes=tcp_two_process; direct_libOTe_NoisyVole_length_N; BaseElem=u64; ExtElem=array<u64,M>; x=c; Z0=a; Z1=-b PASS
[server_exit=0 client_exit=0]

$ taskset -c 0 /home/cyy/pcg-experiments/mVOLE-local-silent-bench/build-final/main --RMVOLE_NET_BENCH direct-server 0.0.0.0 39209 12 8 1 bench &
$ taskset -c 2 /home/cyy/pcg-experiments/mVOLE-local-silent-bench/build-final/main --RMVOLE_NET_BENCH direct-client 127.0.0.1 39209 12 8 1 bench
DIRECT_NOISY_SVOLE_TCP method=DIRECT_NOISY_SVOLE role=receiver-server-p0 mode=bench network=tcp-loopback address=0.0.0.0:39209 logN=12 N=4096 m=8 reps=1 requested_N=4096 generated_N=4096 code_size=0 noise_weight=0 partition_count=0 size_per_partition=0 base_ot_count=512 base_ot_protocol_invocations=1 base_noisy_vole_count=0 silent_extension_count=0 base_correlation_setup_s=0.572662 silent_extension_s=0.000000 local_output_mapping_s=0.000000 total_s=0.572662 verify_s=0.000000 bytes_sent_by_role=134217872 bytes_received_by_role=17432 harness_metadata_bytes=64 verification_opening_bytes=0 clean_protocol_bytes_by_role=134217808 direct_payload_bytes=134217808 silent_base_ot_bytes=0 silent_base_noisy_vole_bytes=0 silent_extension_payload_bytes=0 framing_bytes=0 notes=tcp_two_process; direct_libOTe_NoisyVole_length_N; BaseElem=u64; ExtElem=array<u64,M>; x=c; Z0=a; Z1=-b PASS
DIRECT_NOISY_SVOLE_TCP method=DIRECT_NOISY_SVOLE role=sender-client-p1 mode=bench network=tcp-loopback address=127.0.0.1:39209 logN=12 N=4096 m=8 reps=1 requested_N=4096 generated_N=4096 code_size=0 noise_weight=0 partition_count=0 size_per_partition=0 base_ot_count=512 base_ot_protocol_invocations=1 base_noisy_vole_count=0 silent_extension_count=0 base_correlation_setup_s=0.912118 silent_extension_s=0.000000 local_output_mapping_s=0.000000 total_s=0.912118 verify_s=0.000000 bytes_sent_by_role=17432 bytes_received_by_role=134217872 harness_metadata_bytes=0 verification_opening_bytes=0 clean_protocol_bytes_by_role=17432 direct_payload_bytes=17432 silent_base_ot_bytes=0 silent_base_noisy_vole_bytes=0 silent_extension_payload_bytes=0 framing_bytes=0 notes=tcp_two_process; direct_libOTe_NoisyVole_length_N; BaseElem=u64; ExtElem=array<u64,M>; x=c; Z0=a; Z1=-b PASS
[server_exit=0 client_exit=0]

$ taskset -c 0 /home/cyy/pcg-experiments/mVOLE-local-silent-bench/build-final/main --RMVOLE_NET_BENCH direct-server 0.0.0.0 39210 12 8 1 bench &
$ taskset -c 2 /home/cyy/pcg-experiments/mVOLE-local-silent-bench/build-final/main --RMVOLE_NET_BENCH direct-client 127.0.0.1 39210 12 8 1 bench
DIRECT_NOISY_SVOLE_TCP method=DIRECT_NOISY_SVOLE role=receiver-server-p0 mode=bench network=tcp-loopback address=0.0.0.0:39210 logN=12 N=4096 m=8 reps=1 requested_N=4096 generated_N=4096 code_size=0 noise_weight=0 partition_count=0 size_per_partition=0 base_ot_count=512 base_ot_protocol_invocations=1 base_noisy_vole_count=0 silent_extension_count=0 base_correlation_setup_s=0.573461 silent_extension_s=0.000000 local_output_mapping_s=0.000000 total_s=0.573461 verify_s=0.000000 bytes_sent_by_role=134217872 bytes_received_by_role=17432 harness_metadata_bytes=64 verification_opening_bytes=0 clean_protocol_bytes_by_role=134217808 direct_payload_bytes=134217808 silent_base_ot_bytes=0 silent_base_noisy_vole_bytes=0 silent_extension_payload_bytes=0 framing_bytes=0 notes=tcp_two_process; direct_libOTe_NoisyVole_length_N; BaseElem=u64; ExtElem=array<u64,M>; x=c; Z0=a; Z1=-b PASS
DIRECT_NOISY_SVOLE_TCP method=DIRECT_NOISY_SVOLE role=sender-client-p1 mode=bench network=tcp-loopback address=127.0.0.1:39210 logN=12 N=4096 m=8 reps=1 requested_N=4096 generated_N=4096 code_size=0 noise_weight=0 partition_count=0 size_per_partition=0 base_ot_count=512 base_ot_protocol_invocations=1 base_noisy_vole_count=0 silent_extension_count=0 base_correlation_setup_s=0.915952 silent_extension_s=0.000000 local_output_mapping_s=0.000000 total_s=0.915952 verify_s=0.000000 bytes_sent_by_role=17432 bytes_received_by_role=134217872 harness_metadata_bytes=0 verification_opening_bytes=0 clean_protocol_bytes_by_role=17432 direct_payload_bytes=17432 silent_base_ot_bytes=0 silent_base_noisy_vole_bytes=0 silent_extension_payload_bytes=0 framing_bytes=0 notes=tcp_two_process; direct_libOTe_NoisyVole_length_N; BaseElem=u64; ExtElem=array<u64,M>; x=c; Z0=a; Z1=-b PASS
[server_exit=0 client_exit=0]

$ taskset -c 0 /home/cyy/pcg-experiments/mVOLE-local-silent-bench/build-final/main --RMVOLE_NET_BENCH direct-server 0.0.0.0 39211 12 8 1 bench &
$ taskset -c 2 /home/cyy/pcg-experiments/mVOLE-local-silent-bench/build-final/main --RMVOLE_NET_BENCH direct-client 127.0.0.1 39211 12 8 1 bench
DIRECT_NOISY_SVOLE_TCP method=DIRECT_NOISY_SVOLE role=receiver-server-p0 mode=bench network=tcp-loopback address=0.0.0.0:39211 logN=12 N=4096 m=8 reps=1 requested_N=4096 generated_N=4096 code_size=0 noise_weight=0 partition_count=0 size_per_partition=0 base_ot_count=512 base_ot_protocol_invocations=1 base_noisy_vole_count=0 silent_extension_count=0 base_correlation_setup_s=0.573820 silent_extension_s=0.000000 local_output_mapping_s=0.000000 total_s=0.573820 verify_s=0.000000 bytes_sent_by_role=134217872 bytes_received_by_role=17432 harness_metadata_bytes=64 verification_opening_bytes=0 clean_protocol_bytes_by_role=134217808 direct_payload_bytes=134217808 silent_base_ot_bytes=0 silent_base_noisy_vole_bytes=0 silent_extension_payload_bytes=0 framing_bytes=0 notes=tcp_two_process; direct_libOTe_NoisyVole_length_N; BaseElem=u64; ExtElem=array<u64,M>; x=c; Z0=a; Z1=-b PASS
DIRECT_NOISY_SVOLE_TCP method=DIRECT_NOISY_SVOLE role=sender-client-p1 mode=bench network=tcp-loopback address=127.0.0.1:39211 logN=12 N=4096 m=8 reps=1 requested_N=4096 generated_N=4096 code_size=0 noise_weight=0 partition_count=0 size_per_partition=0 base_ot_count=512 base_ot_protocol_invocations=1 base_noisy_vole_count=0 silent_extension_count=0 base_correlation_setup_s=0.915701 silent_extension_s=0.000000 local_output_mapping_s=0.000000 total_s=0.915701 verify_s=0.000000 bytes_sent_by_role=17432 bytes_received_by_role=134217872 harness_metadata_bytes=0 verification_opening_bytes=0 clean_protocol_bytes_by_role=17432 direct_payload_bytes=17432 silent_base_ot_bytes=0 silent_base_noisy_vole_bytes=0 silent_extension_payload_bytes=0 framing_bytes=0 notes=tcp_two_process; direct_libOTe_NoisyVole_length_N; BaseElem=u64; ExtElem=array<u64,M>; x=c; Z0=a; Z1=-b PASS
[server_exit=0 client_exit=0]

$ taskset -c 0 /home/cyy/pcg-experiments/mVOLE-local-silent-bench/build-final/main --RMVOLE_NET_BENCH direct-server 0.0.0.0 39212 12 16 1 verify &
$ taskset -c 2 /home/cyy/pcg-experiments/mVOLE-local-silent-bench/build-final/main --RMVOLE_NET_BENCH direct-client 127.0.0.1 39212 12 16 1 verify
DIRECT_NOISY_SVOLE_TCP method=DIRECT_NOISY_SVOLE role=receiver-server-p0 mode=verify network=tcp-loopback address=0.0.0.0:39212 logN=12 N=4096 m=16 reps=1 requested_N=4096 generated_N=4096 code_size=0 noise_weight=0 partition_count=0 size_per_partition=0 base_ot_count=1024 base_ot_protocol_invocations=1 base_noisy_vole_count=0 silent_extension_count=0 base_correlation_setup_s=2.311389 silent_extension_s=0.000000 local_output_mapping_s=0.000000 total_s=2.311389 verify_s=1.323153 bytes_sent_by_role=536871120 bytes_received_by_role=559136 harness_metadata_bytes=128 verification_opening_bytes=524288 clean_protocol_bytes_by_role=536870992 direct_payload_bytes=536870992 silent_base_ot_bytes=0 silent_base_noisy_vole_bytes=0 silent_extension_payload_bytes=0 framing_bytes=0 notes=tcp_two_process; direct_libOTe_NoisyVole_length_N; BaseElem=u64; ExtElem=array<u64,M>; x=c; Z0=a; Z1=-b PASS
DIRECT_NOISY_SVOLE_TCP method=DIRECT_NOISY_SVOLE role=sender-client-p1 mode=verify network=tcp-loopback address=127.0.0.1:39212 logN=12 N=4096 m=16 reps=1 requested_N=4096 generated_N=4096 code_size=0 noise_weight=0 partition_count=0 size_per_partition=0 base_ot_count=1024 base_ot_protocol_invocations=1 base_noisy_vole_count=0 silent_extension_count=0 base_correlation_setup_s=3.631009 silent_extension_s=0.000000 local_output_mapping_s=0.000000 total_s=3.631009 verify_s=0.000633 bytes_sent_by_role=559136 bytes_received_by_role=536871120 harness_metadata_bytes=0 verification_opening_bytes=524288 clean_protocol_bytes_by_role=34848 direct_payload_bytes=34848 silent_base_ot_bytes=0 silent_base_noisy_vole_bytes=0 silent_extension_payload_bytes=0 framing_bytes=0 notes=tcp_two_process; direct_libOTe_NoisyVole_length_N; BaseElem=u64; ExtElem=array<u64,M>; x=c; Z0=a; Z1=-b PASS
[server_exit=0 client_exit=0]

$ taskset -c 0 /home/cyy/pcg-experiments/mVOLE-local-silent-bench/build-final/main --RMVOLE_NET_BENCH direct-server 0.0.0.0 39213 12 16 1 bench &
$ taskset -c 2 /home/cyy/pcg-experiments/mVOLE-local-silent-bench/build-final/main --RMVOLE_NET_BENCH direct-client 127.0.0.1 39213 12 16 1 bench
DIRECT_NOISY_SVOLE_TCP method=DIRECT_NOISY_SVOLE role=receiver-server-p0 mode=bench network=tcp-loopback address=0.0.0.0:39213 logN=12 N=4096 m=16 reps=1 requested_N=4096 generated_N=4096 code_size=0 noise_weight=0 partition_count=0 size_per_partition=0 base_ot_count=1024 base_ot_protocol_invocations=1 base_noisy_vole_count=0 silent_extension_count=0 base_correlation_setup_s=2.306042 silent_extension_s=0.000000 local_output_mapping_s=0.000000 total_s=2.306042 verify_s=0.000000 bytes_sent_by_role=536871120 bytes_received_by_role=34840 harness_metadata_bytes=128 verification_opening_bytes=0 clean_protocol_bytes_by_role=536870992 direct_payload_bytes=536870992 silent_base_ot_bytes=0 silent_base_noisy_vole_bytes=0 silent_extension_payload_bytes=0 framing_bytes=0 notes=tcp_two_process; direct_libOTe_NoisyVole_length_N; BaseElem=u64; ExtElem=array<u64,M>; x=c; Z0=a; Z1=-b PASS
DIRECT_NOISY_SVOLE_TCP method=DIRECT_NOISY_SVOLE role=sender-client-p1 mode=bench network=tcp-loopback address=127.0.0.1:39213 logN=12 N=4096 m=16 reps=1 requested_N=4096 generated_N=4096 code_size=0 noise_weight=0 partition_count=0 size_per_partition=0 base_ot_count=1024 base_ot_protocol_invocations=1 base_noisy_vole_count=0 silent_extension_count=0 base_correlation_setup_s=3.635273 silent_extension_s=0.000000 local_output_mapping_s=0.000000 total_s=3.635273 verify_s=0.000000 bytes_sent_by_role=34840 bytes_received_by_role=536871120 harness_metadata_bytes=0 verification_opening_bytes=0 clean_protocol_bytes_by_role=34840 direct_payload_bytes=34840 silent_base_ot_bytes=0 silent_base_noisy_vole_bytes=0 silent_extension_payload_bytes=0 framing_bytes=0 notes=tcp_two_process; direct_libOTe_NoisyVole_length_N; BaseElem=u64; ExtElem=array<u64,M>; x=c; Z0=a; Z1=-b PASS
[server_exit=0 client_exit=0]

$ taskset -c 0 /home/cyy/pcg-experiments/mVOLE-local-silent-bench/build-final/main --RMVOLE_NET_BENCH direct-server 0.0.0.0 39214 12 16 1 bench &
$ taskset -c 2 /home/cyy/pcg-experiments/mVOLE-local-silent-bench/build-final/main --RMVOLE_NET_BENCH direct-client 127.0.0.1 39214 12 16 1 bench
DIRECT_NOISY_SVOLE_TCP method=DIRECT_NOISY_SVOLE role=receiver-server-p0 mode=bench network=tcp-loopback address=0.0.0.0:39214 logN=12 N=4096 m=16 reps=1 requested_N=4096 generated_N=4096 code_size=0 noise_weight=0 partition_count=0 size_per_partition=0 base_ot_count=1024 base_ot_protocol_invocations=1 base_noisy_vole_count=0 silent_extension_count=0 base_correlation_setup_s=2.306600 silent_extension_s=0.000000 local_output_mapping_s=0.000000 total_s=2.306600 verify_s=0.000000 bytes_sent_by_role=536871120 bytes_received_by_role=34840 harness_metadata_bytes=128 verification_opening_bytes=0 clean_protocol_bytes_by_role=536870992 direct_payload_bytes=536870992 silent_base_ot_bytes=0 silent_base_noisy_vole_bytes=0 silent_extension_payload_bytes=0 framing_bytes=0 notes=tcp_two_process; direct_libOTe_NoisyVole_length_N; BaseElem=u64; ExtElem=array<u64,M>; x=c; Z0=a; Z1=-b PASS
DIRECT_NOISY_SVOLE_TCP method=DIRECT_NOISY_SVOLE role=sender-client-p1 mode=bench network=tcp-loopback address=127.0.0.1:39214 logN=12 N=4096 m=16 reps=1 requested_N=4096 generated_N=4096 code_size=0 noise_weight=0 partition_count=0 size_per_partition=0 base_ot_count=1024 base_ot_protocol_invocations=1 base_noisy_vole_count=0 silent_extension_count=0 base_correlation_setup_s=3.626043 silent_extension_s=0.000000 local_output_mapping_s=0.000000 total_s=3.626043 verify_s=0.000000 bytes_sent_by_role=34840 bytes_received_by_role=536871120 harness_metadata_bytes=0 verification_opening_bytes=0 clean_protocol_bytes_by_role=34840 direct_payload_bytes=34840 silent_base_ot_bytes=0 silent_base_noisy_vole_bytes=0 silent_extension_payload_bytes=0 framing_bytes=0 notes=tcp_two_process; direct_libOTe_NoisyVole_length_N; BaseElem=u64; ExtElem=array<u64,M>; x=c; Z0=a; Z1=-b PASS
[server_exit=0 client_exit=0]

$ taskset -c 0 /home/cyy/pcg-experiments/mVOLE-local-silent-bench/build-final/main --RMVOLE_NET_BENCH direct-server 0.0.0.0 39215 12 16 1 bench &
$ taskset -c 2 /home/cyy/pcg-experiments/mVOLE-local-silent-bench/build-final/main --RMVOLE_NET_BENCH direct-client 127.0.0.1 39215 12 16 1 bench
DIRECT_NOISY_SVOLE_TCP method=DIRECT_NOISY_SVOLE role=receiver-server-p0 mode=bench network=tcp-loopback address=0.0.0.0:39215 logN=12 N=4096 m=16 reps=1 requested_N=4096 generated_N=4096 code_size=0 noise_weight=0 partition_count=0 size_per_partition=0 base_ot_count=1024 base_ot_protocol_invocations=1 base_noisy_vole_count=0 silent_extension_count=0 base_correlation_setup_s=2.319778 silent_extension_s=0.000000 local_output_mapping_s=0.000000 total_s=2.319778 verify_s=0.000000 bytes_sent_by_role=536871120 bytes_received_by_role=34840 harness_metadata_bytes=128 verification_opening_bytes=0 clean_protocol_bytes_by_role=536870992 direct_payload_bytes=536870992 silent_base_ot_bytes=0 silent_base_noisy_vole_bytes=0 silent_extension_payload_bytes=0 framing_bytes=0 notes=tcp_two_process; direct_libOTe_NoisyVole_length_N; BaseElem=u64; ExtElem=array<u64,M>; x=c; Z0=a; Z1=-b PASS
DIRECT_NOISY_SVOLE_TCP method=DIRECT_NOISY_SVOLE role=sender-client-p1 mode=bench network=tcp-loopback address=127.0.0.1:39215 logN=12 N=4096 m=16 reps=1 requested_N=4096 generated_N=4096 code_size=0 noise_weight=0 partition_count=0 size_per_partition=0 base_ot_count=1024 base_ot_protocol_invocations=1 base_noisy_vole_count=0 silent_extension_count=0 base_correlation_setup_s=3.643495 silent_extension_s=0.000000 local_output_mapping_s=0.000000 total_s=3.643495 verify_s=0.000000 bytes_sent_by_role=34840 bytes_received_by_role=536871120 harness_metadata_bytes=0 verification_opening_bytes=0 clean_protocol_bytes_by_role=34840 direct_payload_bytes=34840 silent_base_ot_bytes=0 silent_base_noisy_vole_bytes=0 silent_extension_payload_bytes=0 framing_bytes=0 notes=tcp_two_process; direct_libOTe_NoisyVole_length_N; BaseElem=u64; ExtElem=array<u64,M>; x=c; Z0=a; Z1=-b PASS
[server_exit=0 client_exit=0]

$ taskset -c 0 /home/cyy/pcg-experiments/mVOLE-local-silent-bench/build-final/main --RMVOLE_NET_BENCH direct-server 0.0.0.0 39216 12 16 1 bench &
$ taskset -c 2 /home/cyy/pcg-experiments/mVOLE-local-silent-bench/build-final/main --RMVOLE_NET_BENCH direct-client 127.0.0.1 39216 12 16 1 bench
DIRECT_NOISY_SVOLE_TCP method=DIRECT_NOISY_SVOLE role=receiver-server-p0 mode=bench network=tcp-loopback address=0.0.0.0:39216 logN=12 N=4096 m=16 reps=1 requested_N=4096 generated_N=4096 code_size=0 noise_weight=0 partition_count=0 size_per_partition=0 base_ot_count=1024 base_ot_protocol_invocations=1 base_noisy_vole_count=0 silent_extension_count=0 base_correlation_setup_s=2.309802 silent_extension_s=0.000000 local_output_mapping_s=0.000000 total_s=2.309802 verify_s=0.000000 bytes_sent_by_role=536871120 bytes_received_by_role=34840 harness_metadata_bytes=128 verification_opening_bytes=0 clean_protocol_bytes_by_role=536870992 direct_payload_bytes=536870992 silent_base_ot_bytes=0 silent_base_noisy_vole_bytes=0 silent_extension_payload_bytes=0 framing_bytes=0 notes=tcp_two_process; direct_libOTe_NoisyVole_length_N; BaseElem=u64; ExtElem=array<u64,M>; x=c; Z0=a; Z1=-b PASS
DIRECT_NOISY_SVOLE_TCP method=DIRECT_NOISY_SVOLE role=sender-client-p1 mode=bench network=tcp-loopback address=127.0.0.1:39216 logN=12 N=4096 m=16 reps=1 requested_N=4096 generated_N=4096 code_size=0 noise_weight=0 partition_count=0 size_per_partition=0 base_ot_count=1024 base_ot_protocol_invocations=1 base_noisy_vole_count=0 silent_extension_count=0 base_correlation_setup_s=3.647341 silent_extension_s=0.000000 local_output_mapping_s=0.000000 total_s=3.647341 verify_s=0.000000 bytes_sent_by_role=34840 bytes_received_by_role=536871120 harness_metadata_bytes=0 verification_opening_bytes=0 clean_protocol_bytes_by_role=34840 direct_payload_bytes=34840 silent_base_ot_bytes=0 silent_base_noisy_vole_bytes=0 silent_extension_payload_bytes=0 framing_bytes=0 notes=tcp_two_process; direct_libOTe_NoisyVole_length_N; BaseElem=u64; ExtElem=array<u64,M>; x=c; Z0=a; Z1=-b PASS
[server_exit=0 client_exit=0]

$ taskset -c 0 /home/cyy/pcg-experiments/mVOLE-local-silent-bench/build-final/main --RMVOLE_NET_BENCH direct-server 0.0.0.0 39217 12 16 1 bench &
$ taskset -c 2 /home/cyy/pcg-experiments/mVOLE-local-silent-bench/build-final/main --RMVOLE_NET_BENCH direct-client 127.0.0.1 39217 12 16 1 bench
DIRECT_NOISY_SVOLE_TCP method=DIRECT_NOISY_SVOLE role=receiver-server-p0 mode=bench network=tcp-loopback address=0.0.0.0:39217 logN=12 N=4096 m=16 reps=1 requested_N=4096 generated_N=4096 code_size=0 noise_weight=0 partition_count=0 size_per_partition=0 base_ot_count=1024 base_ot_protocol_invocations=1 base_noisy_vole_count=0 silent_extension_count=0 base_correlation_setup_s=2.304813 silent_extension_s=0.000000 local_output_mapping_s=0.000000 total_s=2.304813 verify_s=0.000000 bytes_sent_by_role=536871120 bytes_received_by_role=34840 harness_metadata_bytes=128 verification_opening_bytes=0 clean_protocol_bytes_by_role=536870992 direct_payload_bytes=536870992 silent_base_ot_bytes=0 silent_base_noisy_vole_bytes=0 silent_extension_payload_bytes=0 framing_bytes=0 notes=tcp_two_process; direct_libOTe_NoisyVole_length_N; BaseElem=u64; ExtElem=array<u64,M>; x=c; Z0=a; Z1=-b PASS
DIRECT_NOISY_SVOLE_TCP method=DIRECT_NOISY_SVOLE role=sender-client-p1 mode=bench network=tcp-loopback address=127.0.0.1:39217 logN=12 N=4096 m=16 reps=1 requested_N=4096 generated_N=4096 code_size=0 noise_weight=0 partition_count=0 size_per_partition=0 base_ot_count=1024 base_ot_protocol_invocations=1 base_noisy_vole_count=0 silent_extension_count=0 base_correlation_setup_s=3.618835 silent_extension_s=0.000000 local_output_mapping_s=0.000000 total_s=3.618835 verify_s=0.000000 bytes_sent_by_role=34840 bytes_received_by_role=536871120 harness_metadata_bytes=0 verification_opening_bytes=0 clean_protocol_bytes_by_role=34840 direct_payload_bytes=34840 silent_base_ot_bytes=0 silent_base_noisy_vole_bytes=0 silent_extension_payload_bytes=0 framing_bytes=0 notes=tcp_two_process; direct_libOTe_NoisyVole_length_N; BaseElem=u64; ExtElem=array<u64,M>; x=c; Z0=a; Z1=-b PASS
[server_exit=0 client_exit=0]

$ taskset -c 0 /home/cyy/pcg-experiments/mVOLE-local-silent-bench/build-final/main --RMVOLE_NET_BENCH direct-server 0.0.0.0 39218 12 16 1 bench &
$ taskset -c 2 /home/cyy/pcg-experiments/mVOLE-local-silent-bench/build-final/main --RMVOLE_NET_BENCH direct-client 127.0.0.1 39218 12 16 1 bench
DIRECT_NOISY_SVOLE_TCP method=DIRECT_NOISY_SVOLE role=receiver-server-p0 mode=bench network=tcp-loopback address=0.0.0.0:39218 logN=12 N=4096 m=16 reps=1 requested_N=4096 generated_N=4096 code_size=0 noise_weight=0 partition_count=0 size_per_partition=0 base_ot_count=1024 base_ot_protocol_invocations=1 base_noisy_vole_count=0 silent_extension_count=0 base_correlation_setup_s=2.303448 silent_extension_s=0.000000 local_output_mapping_s=0.000000 total_s=2.303448 verify_s=0.000000 bytes_sent_by_role=536871120 bytes_received_by_role=34840 harness_metadata_bytes=128 verification_opening_bytes=0 clean_protocol_bytes_by_role=536870992 direct_payload_bytes=536870992 silent_base_ot_bytes=0 silent_base_noisy_vole_bytes=0 silent_extension_payload_bytes=0 framing_bytes=0 notes=tcp_two_process; direct_libOTe_NoisyVole_length_N; BaseElem=u64; ExtElem=array<u64,M>; x=c; Z0=a; Z1=-b PASS
DIRECT_NOISY_SVOLE_TCP method=DIRECT_NOISY_SVOLE role=sender-client-p1 mode=bench network=tcp-loopback address=127.0.0.1:39218 logN=12 N=4096 m=16 reps=1 requested_N=4096 generated_N=4096 code_size=0 noise_weight=0 partition_count=0 size_per_partition=0 base_ot_count=1024 base_ot_protocol_invocations=1 base_noisy_vole_count=0 silent_extension_count=0 base_correlation_setup_s=3.638278 silent_extension_s=0.000000 local_output_mapping_s=0.000000 total_s=3.638278 verify_s=0.000000 bytes_sent_by_role=34840 bytes_received_by_role=536871120 harness_metadata_bytes=0 verification_opening_bytes=0 clean_protocol_bytes_by_role=34840 direct_payload_bytes=34840 silent_base_ot_bytes=0 silent_base_noisy_vole_bytes=0 silent_extension_payload_bytes=0 framing_bytes=0 notes=tcp_two_process; direct_libOTe_NoisyVole_length_N; BaseElem=u64; ExtElem=array<u64,M>; x=c; Z0=a; Z1=-b PASS
[server_exit=0 client_exit=0]

$ taskset -c 0 /home/cyy/pcg-experiments/mVOLE-local-silent-bench/build-final/main --RMVOLE_NET_BENCH direct-server 0.0.0.0 39219 12 16 1 bench &
$ taskset -c 2 /home/cyy/pcg-experiments/mVOLE-local-silent-bench/build-final/main --RMVOLE_NET_BENCH direct-client 127.0.0.1 39219 12 16 1 bench
DIRECT_NOISY_SVOLE_TCP method=DIRECT_NOISY_SVOLE role=receiver-server-p0 mode=bench network=tcp-loopback address=0.0.0.0:39219 logN=12 N=4096 m=16 reps=1 requested_N=4096 generated_N=4096 code_size=0 noise_weight=0 partition_count=0 size_per_partition=0 base_ot_count=1024 base_ot_protocol_invocations=1 base_noisy_vole_count=0 silent_extension_count=0 base_correlation_setup_s=2.311248 silent_extension_s=0.000000 local_output_mapping_s=0.000000 total_s=2.311248 verify_s=0.000000 bytes_sent_by_role=536871120 bytes_received_by_role=34840 harness_metadata_bytes=128 verification_opening_bytes=0 clean_protocol_bytes_by_role=536870992 direct_payload_bytes=536870992 silent_base_ot_bytes=0 silent_base_noisy_vole_bytes=0 silent_extension_payload_bytes=0 framing_bytes=0 notes=tcp_two_process; direct_libOTe_NoisyVole_length_N; BaseElem=u64; ExtElem=array<u64,M>; x=c; Z0=a; Z1=-b PASS
DIRECT_NOISY_SVOLE_TCP method=DIRECT_NOISY_SVOLE role=sender-client-p1 mode=bench network=tcp-loopback address=127.0.0.1:39219 logN=12 N=4096 m=16 reps=1 requested_N=4096 generated_N=4096 code_size=0 noise_weight=0 partition_count=0 size_per_partition=0 base_ot_count=1024 base_ot_protocol_invocations=1 base_noisy_vole_count=0 silent_extension_count=0 base_correlation_setup_s=3.651106 silent_extension_s=0.000000 local_output_mapping_s=0.000000 total_s=3.651106 verify_s=0.000000 bytes_sent_by_role=34840 bytes_received_by_role=536871120 harness_metadata_bytes=0 verification_opening_bytes=0 clean_protocol_bytes_by_role=34840 direct_payload_bytes=34840 silent_base_ot_bytes=0 silent_base_noisy_vole_bytes=0 silent_extension_payload_bytes=0 framing_bytes=0 notes=tcp_two_process; direct_libOTe_NoisyVole_length_N; BaseElem=u64; ExtElem=array<u64,M>; x=c; Z0=a; Z1=-b PASS
[server_exit=0 client_exit=0]

$ taskset -c 0 /home/cyy/pcg-experiments/mVOLE-local-silent-bench/build-final/main --RMVOLE_NET_BENCH direct-server 0.0.0.0 39220 12 16 1 bench &
$ taskset -c 2 /home/cyy/pcg-experiments/mVOLE-local-silent-bench/build-final/main --RMVOLE_NET_BENCH direct-client 127.0.0.1 39220 12 16 1 bench
DIRECT_NOISY_SVOLE_TCP method=DIRECT_NOISY_SVOLE role=receiver-server-p0 mode=bench network=tcp-loopback address=0.0.0.0:39220 logN=12 N=4096 m=16 reps=1 requested_N=4096 generated_N=4096 code_size=0 noise_weight=0 partition_count=0 size_per_partition=0 base_ot_count=1024 base_ot_protocol_invocations=1 base_noisy_vole_count=0 silent_extension_count=0 base_correlation_setup_s=2.303615 silent_extension_s=0.000000 local_output_mapping_s=0.000000 total_s=2.303615 verify_s=0.000000 bytes_sent_by_role=536871120 bytes_received_by_role=34840 harness_metadata_bytes=128 verification_opening_bytes=0 clean_protocol_bytes_by_role=536870992 direct_payload_bytes=536870992 silent_base_ot_bytes=0 silent_base_noisy_vole_bytes=0 silent_extension_payload_bytes=0 framing_bytes=0 notes=tcp_two_process; direct_libOTe_NoisyVole_length_N; BaseElem=u64; ExtElem=array<u64,M>; x=c; Z0=a; Z1=-b PASS
DIRECT_NOISY_SVOLE_TCP method=DIRECT_NOISY_SVOLE role=sender-client-p1 mode=bench network=tcp-loopback address=127.0.0.1:39220 logN=12 N=4096 m=16 reps=1 requested_N=4096 generated_N=4096 code_size=0 noise_weight=0 partition_count=0 size_per_partition=0 base_ot_count=1024 base_ot_protocol_invocations=1 base_noisy_vole_count=0 silent_extension_count=0 base_correlation_setup_s=3.640430 silent_extension_s=0.000000 local_output_mapping_s=0.000000 total_s=3.640430 verify_s=0.000000 bytes_sent_by_role=34840 bytes_received_by_role=536871120 harness_metadata_bytes=0 verification_opening_bytes=0 clean_protocol_bytes_by_role=34840 direct_payload_bytes=34840 silent_base_ot_bytes=0 silent_base_noisy_vole_bytes=0 silent_extension_payload_bytes=0 framing_bytes=0 notes=tcp_two_process; direct_libOTe_NoisyVole_length_N; BaseElem=u64; ExtElem=array<u64,M>; x=c; Z0=a; Z1=-b PASS
[server_exit=0 client_exit=0]

$ taskset -c 0 /home/cyy/pcg-experiments/mVOLE-local-silent-bench/build-final/main --RMVOLE_NET_BENCH direct-server 0.0.0.0 39221 12 16 1 bench &
$ taskset -c 2 /home/cyy/pcg-experiments/mVOLE-local-silent-bench/build-final/main --RMVOLE_NET_BENCH direct-client 127.0.0.1 39221 12 16 1 bench
DIRECT_NOISY_SVOLE_TCP method=DIRECT_NOISY_SVOLE role=receiver-server-p0 mode=bench network=tcp-loopback address=0.0.0.0:39221 logN=12 N=4096 m=16 reps=1 requested_N=4096 generated_N=4096 code_size=0 noise_weight=0 partition_count=0 size_per_partition=0 base_ot_count=1024 base_ot_protocol_invocations=1 base_noisy_vole_count=0 silent_extension_count=0 base_correlation_setup_s=2.305807 silent_extension_s=0.000000 local_output_mapping_s=0.000000 total_s=2.305807 verify_s=0.000000 bytes_sent_by_role=536871120 bytes_received_by_role=34840 harness_metadata_bytes=128 verification_opening_bytes=0 clean_protocol_bytes_by_role=536870992 direct_payload_bytes=536870992 silent_base_ot_bytes=0 silent_base_noisy_vole_bytes=0 silent_extension_payload_bytes=0 framing_bytes=0 notes=tcp_two_process; direct_libOTe_NoisyVole_length_N; BaseElem=u64; ExtElem=array<u64,M>; x=c; Z0=a; Z1=-b PASS
DIRECT_NOISY_SVOLE_TCP method=DIRECT_NOISY_SVOLE role=sender-client-p1 mode=bench network=tcp-loopback address=127.0.0.1:39221 logN=12 N=4096 m=16 reps=1 requested_N=4096 generated_N=4096 code_size=0 noise_weight=0 partition_count=0 size_per_partition=0 base_ot_count=1024 base_ot_protocol_invocations=1 base_noisy_vole_count=0 silent_extension_count=0 base_correlation_setup_s=3.628705 silent_extension_s=0.000000 local_output_mapping_s=0.000000 total_s=3.628705 verify_s=0.000000 bytes_sent_by_role=34840 bytes_received_by_role=536871120 harness_metadata_bytes=0 verification_opening_bytes=0 clean_protocol_bytes_by_role=34840 direct_payload_bytes=34840 silent_base_ot_bytes=0 silent_base_noisy_vole_bytes=0 silent_extension_payload_bytes=0 framing_bytes=0 notes=tcp_two_process; direct_libOTe_NoisyVole_length_N; BaseElem=u64; ExtElem=array<u64,M>; x=c; Z0=a; Z1=-b PASS
[server_exit=0 client_exit=0]

$ taskset -c 0 /home/cyy/pcg-experiments/mVOLE-local-silent-bench/build-final/main --RMVOLE_NET_BENCH direct-server 0.0.0.0 39222 12 16 1 bench &
$ taskset -c 2 /home/cyy/pcg-experiments/mVOLE-local-silent-bench/build-final/main --RMVOLE_NET_BENCH direct-client 127.0.0.1 39222 12 16 1 bench
DIRECT_NOISY_SVOLE_TCP method=DIRECT_NOISY_SVOLE role=receiver-server-p0 mode=bench network=tcp-loopback address=0.0.0.0:39222 logN=12 N=4096 m=16 reps=1 requested_N=4096 generated_N=4096 code_size=0 noise_weight=0 partition_count=0 size_per_partition=0 base_ot_count=1024 base_ot_protocol_invocations=1 base_noisy_vole_count=0 silent_extension_count=0 base_correlation_setup_s=2.311035 silent_extension_s=0.000000 local_output_mapping_s=0.000000 total_s=2.311035 verify_s=0.000000 bytes_sent_by_role=536871120 bytes_received_by_role=34840 harness_metadata_bytes=128 verification_opening_bytes=0 clean_protocol_bytes_by_role=536870992 direct_payload_bytes=536870992 silent_base_ot_bytes=0 silent_base_noisy_vole_bytes=0 silent_extension_payload_bytes=0 framing_bytes=0 notes=tcp_two_process; direct_libOTe_NoisyVole_length_N; BaseElem=u64; ExtElem=array<u64,M>; x=c; Z0=a; Z1=-b PASS
DIRECT_NOISY_SVOLE_TCP method=DIRECT_NOISY_SVOLE role=sender-client-p1 mode=bench network=tcp-loopback address=127.0.0.1:39222 logN=12 N=4096 m=16 reps=1 requested_N=4096 generated_N=4096 code_size=0 noise_weight=0 partition_count=0 size_per_partition=0 base_ot_count=1024 base_ot_protocol_invocations=1 base_noisy_vole_count=0 silent_extension_count=0 base_correlation_setup_s=3.647163 silent_extension_s=0.000000 local_output_mapping_s=0.000000 total_s=3.647163 verify_s=0.000000 bytes_sent_by_role=34840 bytes_received_by_role=536871120 harness_metadata_bytes=0 verification_opening_bytes=0 clean_protocol_bytes_by_role=34840 direct_payload_bytes=34840 silent_base_ot_bytes=0 silent_base_noisy_vole_bytes=0 silent_extension_payload_bytes=0 framing_bytes=0 notes=tcp_two_process; direct_libOTe_NoisyVole_length_N; BaseElem=u64; ExtElem=array<u64,M>; x=c; Z0=a; Z1=-b PASS
[server_exit=0 client_exit=0]

$ taskset -c 0 /home/cyy/pcg-experiments/mVOLE-local-silent-bench/build-final/main --RMVOLE_NET_BENCH direct-server 0.0.0.0 39223 12 16 1 bench &
$ taskset -c 2 /home/cyy/pcg-experiments/mVOLE-local-silent-bench/build-final/main --RMVOLE_NET_BENCH direct-client 127.0.0.1 39223 12 16 1 bench
DIRECT_NOISY_SVOLE_TCP method=DIRECT_NOISY_SVOLE role=receiver-server-p0 mode=bench network=tcp-loopback address=0.0.0.0:39223 logN=12 N=4096 m=16 reps=1 requested_N=4096 generated_N=4096 code_size=0 noise_weight=0 partition_count=0 size_per_partition=0 base_ot_count=1024 base_ot_protocol_invocations=1 base_noisy_vole_count=0 silent_extension_count=0 base_correlation_setup_s=2.311887 silent_extension_s=0.000000 local_output_mapping_s=0.000000 total_s=2.311887 verify_s=0.000000 bytes_sent_by_role=536871120 bytes_received_by_role=34840 harness_metadata_bytes=128 verification_opening_bytes=0 clean_protocol_bytes_by_role=536870992 direct_payload_bytes=536870992 silent_base_ot_bytes=0 silent_base_noisy_vole_bytes=0 silent_extension_payload_bytes=0 framing_bytes=0 notes=tcp_two_process; direct_libOTe_NoisyVole_length_N; BaseElem=u64; ExtElem=array<u64,M>; x=c; Z0=a; Z1=-b PASS
DIRECT_NOISY_SVOLE_TCP method=DIRECT_NOISY_SVOLE role=sender-client-p1 mode=bench network=tcp-loopback address=127.0.0.1:39223 logN=12 N=4096 m=16 reps=1 requested_N=4096 generated_N=4096 code_size=0 noise_weight=0 partition_count=0 size_per_partition=0 base_ot_count=1024 base_ot_protocol_invocations=1 base_noisy_vole_count=0 silent_extension_count=0 base_correlation_setup_s=3.639308 silent_extension_s=0.000000 local_output_mapping_s=0.000000 total_s=3.639308 verify_s=0.000000 bytes_sent_by_role=34840 bytes_received_by_role=536871120 harness_metadata_bytes=0 verification_opening_bytes=0 clean_protocol_bytes_by_role=34840 direct_payload_bytes=34840 silent_base_ot_bytes=0 silent_base_noisy_vole_bytes=0 silent_extension_payload_bytes=0 framing_bytes=0 notes=tcp_two_process; direct_libOTe_NoisyVole_length_N; BaseElem=u64; ExtElem=array<u64,M>; x=c; Z0=a; Z1=-b PASS
[server_exit=0 client_exit=0]

$ taskset -c 0 /home/cyy/pcg-experiments/mVOLE-local-silent-bench/build-final/main --RMVOLE_NET_BENCH direct-server 0.0.0.0 39224 12 32 1 verify &
$ taskset -c 2 /home/cyy/pcg-experiments/mVOLE-local-silent-bench/build-final/main --RMVOLE_NET_BENCH direct-client 127.0.0.1 39224 12 32 1 verify
DIRECT_NOISY_SVOLE_TCP method=DIRECT_NOISY_SVOLE role=receiver-server-p0 mode=verify network=tcp-loopback address=0.0.0.0:39224 logN=12 N=4096 m=32 reps=1 requested_N=4096 generated_N=4096 code_size=0 noise_weight=0 partition_count=0 size_per_partition=0 base_ot_count=2048 base_ot_protocol_invocations=1 base_noisy_vole_count=0 silent_extension_count=0 base_correlation_setup_s=6.460682 silent_extension_s=0.000000 local_output_mapping_s=0.000000 total_s=6.460682 verify_s=3.594737 bytes_sent_by_role=2147483984 bytes_received_by_role=1118240 harness_metadata_bytes=256 verification_opening_bytes=1048576 clean_protocol_bytes_by_role=2147483728 direct_payload_bytes=2147483728 silent_base_ot_bytes=0 silent_base_noisy_vole_bytes=0 silent_extension_payload_bytes=0 framing_bytes=0 notes=tcp_two_process; direct_libOTe_NoisyVole_length_N; BaseElem=u64; ExtElem=array<u64,M>; x=c; Z0=a; Z1=-b PASS
DIRECT_NOISY_SVOLE_TCP method=DIRECT_NOISY_SVOLE role=sender-client-p1 mode=verify network=tcp-loopback address=127.0.0.1:39224 logN=12 N=4096 m=32 reps=1 requested_N=4096 generated_N=4096 code_size=0 noise_weight=0 partition_count=0 size_per_partition=0 base_ot_count=2048 base_ot_protocol_invocations=1 base_noisy_vole_count=0 silent_extension_count=0 base_correlation_setup_s=10.051996 silent_extension_s=0.000000 local_output_mapping_s=0.000000 total_s=10.051996 verify_s=0.001412 bytes_sent_by_role=1118240 bytes_received_by_role=2147483984 harness_metadata_bytes=0 verification_opening_bytes=1048576 clean_protocol_bytes_by_role=69664 direct_payload_bytes=69664 silent_base_ot_bytes=0 silent_base_noisy_vole_bytes=0 silent_extension_payload_bytes=0 framing_bytes=0 notes=tcp_two_process; direct_libOTe_NoisyVole_length_N; BaseElem=u64; ExtElem=array<u64,M>; x=c; Z0=a; Z1=-b PASS
[server_exit=0 client_exit=0]

$ taskset -c 0 /home/cyy/pcg-experiments/mVOLE-local-silent-bench/build-final/main --RMVOLE_NET_BENCH direct-server 0.0.0.0 39225 12 32 1 bench &
$ taskset -c 2 /home/cyy/pcg-experiments/mVOLE-local-silent-bench/build-final/main --RMVOLE_NET_BENCH direct-client 127.0.0.1 39225 12 32 1 bench
DIRECT_NOISY_SVOLE_TCP method=DIRECT_NOISY_SVOLE role=receiver-server-p0 mode=bench network=tcp-loopback address=0.0.0.0:39225 logN=12 N=4096 m=32 reps=1 requested_N=4096 generated_N=4096 code_size=0 noise_weight=0 partition_count=0 size_per_partition=0 base_ot_count=2048 base_ot_protocol_invocations=1 base_noisy_vole_count=0 silent_extension_count=0 base_correlation_setup_s=6.383029 silent_extension_s=0.000000 local_output_mapping_s=0.000000 total_s=6.383029 verify_s=0.000000 bytes_sent_by_role=2147483984 bytes_received_by_role=69656 harness_metadata_bytes=256 verification_opening_bytes=0 clean_protocol_bytes_by_role=2147483728 direct_payload_bytes=2147483728 silent_base_ot_bytes=0 silent_base_noisy_vole_bytes=0 silent_extension_payload_bytes=0 framing_bytes=0 notes=tcp_two_process; direct_libOTe_NoisyVole_length_N; BaseElem=u64; ExtElem=array<u64,M>; x=c; Z0=a; Z1=-b PASS
DIRECT_NOISY_SVOLE_TCP method=DIRECT_NOISY_SVOLE role=sender-client-p1 mode=bench network=tcp-loopback address=127.0.0.1:39225 logN=12 N=4096 m=32 reps=1 requested_N=4096 generated_N=4096 code_size=0 noise_weight=0 partition_count=0 size_per_partition=0 base_ot_count=2048 base_ot_protocol_invocations=1 base_noisy_vole_count=0 silent_extension_count=0 base_correlation_setup_s=9.962863 silent_extension_s=0.000000 local_output_mapping_s=0.000000 total_s=9.962863 verify_s=0.000000 bytes_sent_by_role=69656 bytes_received_by_role=2147483984 harness_metadata_bytes=0 verification_opening_bytes=0 clean_protocol_bytes_by_role=69656 direct_payload_bytes=69656 silent_base_ot_bytes=0 silent_base_noisy_vole_bytes=0 silent_extension_payload_bytes=0 framing_bytes=0 notes=tcp_two_process; direct_libOTe_NoisyVole_length_N; BaseElem=u64; ExtElem=array<u64,M>; x=c; Z0=a; Z1=-b PASS
[server_exit=0 client_exit=0]

$ taskset -c 0 /home/cyy/pcg-experiments/mVOLE-local-silent-bench/build-final/main --RMVOLE_NET_BENCH direct-server 0.0.0.0 39226 12 32 1 bench &
$ taskset -c 2 /home/cyy/pcg-experiments/mVOLE-local-silent-bench/build-final/main --RMVOLE_NET_BENCH direct-client 127.0.0.1 39226 12 32 1 bench
DIRECT_NOISY_SVOLE_TCP method=DIRECT_NOISY_SVOLE role=receiver-server-p0 mode=bench network=tcp-loopback address=0.0.0.0:39226 logN=12 N=4096 m=32 reps=1 requested_N=4096 generated_N=4096 code_size=0 noise_weight=0 partition_count=0 size_per_partition=0 base_ot_count=2048 base_ot_protocol_invocations=1 base_noisy_vole_count=0 silent_extension_count=0 base_correlation_setup_s=6.359868 silent_extension_s=0.000000 local_output_mapping_s=0.000000 total_s=6.359868 verify_s=0.000000 bytes_sent_by_role=2147483984 bytes_received_by_role=69656 harness_metadata_bytes=256 verification_opening_bytes=0 clean_protocol_bytes_by_role=2147483728 direct_payload_bytes=2147483728 silent_base_ot_bytes=0 silent_base_noisy_vole_bytes=0 silent_extension_payload_bytes=0 framing_bytes=0 notes=tcp_two_process; direct_libOTe_NoisyVole_length_N; BaseElem=u64; ExtElem=array<u64,M>; x=c; Z0=a; Z1=-b PASS
DIRECT_NOISY_SVOLE_TCP method=DIRECT_NOISY_SVOLE role=sender-client-p1 mode=bench network=tcp-loopback address=127.0.0.1:39226 logN=12 N=4096 m=32 reps=1 requested_N=4096 generated_N=4096 code_size=0 noise_weight=0 partition_count=0 size_per_partition=0 base_ot_count=2048 base_ot_protocol_invocations=1 base_noisy_vole_count=0 silent_extension_count=0 base_correlation_setup_s=9.917361 silent_extension_s=0.000000 local_output_mapping_s=0.000000 total_s=9.917361 verify_s=0.000000 bytes_sent_by_role=69656 bytes_received_by_role=2147483984 harness_metadata_bytes=0 verification_opening_bytes=0 clean_protocol_bytes_by_role=69656 direct_payload_bytes=69656 silent_base_ot_bytes=0 silent_base_noisy_vole_bytes=0 silent_extension_payload_bytes=0 framing_bytes=0 notes=tcp_two_process; direct_libOTe_NoisyVole_length_N; BaseElem=u64; ExtElem=array<u64,M>; x=c; Z0=a; Z1=-b PASS
[server_exit=0 client_exit=0]

$ taskset -c 0 /home/cyy/pcg-experiments/mVOLE-local-silent-bench/build-final/main --RMVOLE_NET_BENCH direct-server 0.0.0.0 39227 12 32 1 bench &
$ taskset -c 2 /home/cyy/pcg-experiments/mVOLE-local-silent-bench/build-final/main --RMVOLE_NET_BENCH direct-client 127.0.0.1 39227 12 32 1 bench
DIRECT_NOISY_SVOLE_TCP method=DIRECT_NOISY_SVOLE role=receiver-server-p0 mode=bench network=tcp-loopback address=0.0.0.0:39227 logN=12 N=4096 m=32 reps=1 requested_N=4096 generated_N=4096 code_size=0 noise_weight=0 partition_count=0 size_per_partition=0 base_ot_count=2048 base_ot_protocol_invocations=1 base_noisy_vole_count=0 silent_extension_count=0 base_correlation_setup_s=6.407995 silent_extension_s=0.000000 local_output_mapping_s=0.000000 total_s=6.407995 verify_s=0.000000 bytes_sent_by_role=2147483984 bytes_received_by_role=69656 harness_metadata_bytes=256 verification_opening_bytes=0 clean_protocol_bytes_by_role=2147483728 direct_payload_bytes=2147483728 silent_base_ot_bytes=0 silent_base_noisy_vole_bytes=0 silent_extension_payload_bytes=0 framing_bytes=0 notes=tcp_two_process; direct_libOTe_NoisyVole_length_N; BaseElem=u64; ExtElem=array<u64,M>; x=c; Z0=a; Z1=-b PASS
DIRECT_NOISY_SVOLE_TCP method=DIRECT_NOISY_SVOLE role=sender-client-p1 mode=bench network=tcp-loopback address=127.0.0.1:39227 logN=12 N=4096 m=32 reps=1 requested_N=4096 generated_N=4096 code_size=0 noise_weight=0 partition_count=0 size_per_partition=0 base_ot_count=2048 base_ot_protocol_invocations=1 base_noisy_vole_count=0 silent_extension_count=0 base_correlation_setup_s=9.972655 silent_extension_s=0.000000 local_output_mapping_s=0.000000 total_s=9.972655 verify_s=0.000000 bytes_sent_by_role=69656 bytes_received_by_role=2147483984 harness_metadata_bytes=0 verification_opening_bytes=0 clean_protocol_bytes_by_role=69656 direct_payload_bytes=69656 silent_base_ot_bytes=0 silent_base_noisy_vole_bytes=0 silent_extension_payload_bytes=0 framing_bytes=0 notes=tcp_two_process; direct_libOTe_NoisyVole_length_N; BaseElem=u64; ExtElem=array<u64,M>; x=c; Z0=a; Z1=-b PASS
[server_exit=0 client_exit=0]

$ taskset -c 0 /home/cyy/pcg-experiments/mVOLE-local-silent-bench/build-final/main --RMVOLE_NET_BENCH direct-server 0.0.0.0 39228 12 32 1 bench &
$ taskset -c 2 /home/cyy/pcg-experiments/mVOLE-local-silent-bench/build-final/main --RMVOLE_NET_BENCH direct-client 127.0.0.1 39228 12 32 1 bench
DIRECT_NOISY_SVOLE_TCP method=DIRECT_NOISY_SVOLE role=receiver-server-p0 mode=bench network=tcp-loopback address=0.0.0.0:39228 logN=12 N=4096 m=32 reps=1 requested_N=4096 generated_N=4096 code_size=0 noise_weight=0 partition_count=0 size_per_partition=0 base_ot_count=2048 base_ot_protocol_invocations=1 base_noisy_vole_count=0 silent_extension_count=0 base_correlation_setup_s=6.459253 silent_extension_s=0.000000 local_output_mapping_s=0.000000 total_s=6.459253 verify_s=0.000000 bytes_sent_by_role=2147483984 bytes_received_by_role=69656 harness_metadata_bytes=256 verification_opening_bytes=0 clean_protocol_bytes_by_role=2147483728 direct_payload_bytes=2147483728 silent_base_ot_bytes=0 silent_base_noisy_vole_bytes=0 silent_extension_payload_bytes=0 framing_bytes=0 notes=tcp_two_process; direct_libOTe_NoisyVole_length_N; BaseElem=u64; ExtElem=array<u64,M>; x=c; Z0=a; Z1=-b PASS
DIRECT_NOISY_SVOLE_TCP method=DIRECT_NOISY_SVOLE role=sender-client-p1 mode=bench network=tcp-loopback address=127.0.0.1:39228 logN=12 N=4096 m=32 reps=1 requested_N=4096 generated_N=4096 code_size=0 noise_weight=0 partition_count=0 size_per_partition=0 base_ot_count=2048 base_ot_protocol_invocations=1 base_noisy_vole_count=0 silent_extension_count=0 base_correlation_setup_s=10.032623 silent_extension_s=0.000000 local_output_mapping_s=0.000000 total_s=10.032623 verify_s=0.000000 bytes_sent_by_role=69656 bytes_received_by_role=2147483984 harness_metadata_bytes=0 verification_opening_bytes=0 clean_protocol_bytes_by_role=69656 direct_payload_bytes=69656 silent_base_ot_bytes=0 silent_base_noisy_vole_bytes=0 silent_extension_payload_bytes=0 framing_bytes=0 notes=tcp_two_process; direct_libOTe_NoisyVole_length_N; BaseElem=u64; ExtElem=array<u64,M>; x=c; Z0=a; Z1=-b PASS
[server_exit=0 client_exit=0]

$ taskset -c 0 /home/cyy/pcg-experiments/mVOLE-local-silent-bench/build-final/main --RMVOLE_NET_BENCH direct-server 0.0.0.0 39229 12 32 1 bench &
$ taskset -c 2 /home/cyy/pcg-experiments/mVOLE-local-silent-bench/build-final/main --RMVOLE_NET_BENCH direct-client 127.0.0.1 39229 12 32 1 bench
DIRECT_NOISY_SVOLE_TCP method=DIRECT_NOISY_SVOLE role=receiver-server-p0 mode=bench network=tcp-loopback address=0.0.0.0:39229 logN=12 N=4096 m=32 reps=1 requested_N=4096 generated_N=4096 code_size=0 noise_weight=0 partition_count=0 size_per_partition=0 base_ot_count=2048 base_ot_protocol_invocations=1 base_noisy_vole_count=0 silent_extension_count=0 base_correlation_setup_s=6.395317 silent_extension_s=0.000000 local_output_mapping_s=0.000000 total_s=6.395317 verify_s=0.000000 bytes_sent_by_role=2147483984 bytes_received_by_role=69656 harness_metadata_bytes=256 verification_opening_bytes=0 clean_protocol_bytes_by_role=2147483728 direct_payload_bytes=2147483728 silent_base_ot_bytes=0 silent_base_noisy_vole_bytes=0 silent_extension_payload_bytes=0 framing_bytes=0 notes=tcp_two_process; direct_libOTe_NoisyVole_length_N; BaseElem=u64; ExtElem=array<u64,M>; x=c; Z0=a; Z1=-b PASS
DIRECT_NOISY_SVOLE_TCP method=DIRECT_NOISY_SVOLE role=sender-client-p1 mode=bench network=tcp-loopback address=127.0.0.1:39229 logN=12 N=4096 m=32 reps=1 requested_N=4096 generated_N=4096 code_size=0 noise_weight=0 partition_count=0 size_per_partition=0 base_ot_count=2048 base_ot_protocol_invocations=1 base_noisy_vole_count=0 silent_extension_count=0 base_correlation_setup_s=9.969713 silent_extension_s=0.000000 local_output_mapping_s=0.000000 total_s=9.969713 verify_s=0.000000 bytes_sent_by_role=69656 bytes_received_by_role=2147483984 harness_metadata_bytes=0 verification_opening_bytes=0 clean_protocol_bytes_by_role=69656 direct_payload_bytes=69656 silent_base_ot_bytes=0 silent_base_noisy_vole_bytes=0 silent_extension_payload_bytes=0 framing_bytes=0 notes=tcp_two_process; direct_libOTe_NoisyVole_length_N; BaseElem=u64; ExtElem=array<u64,M>; x=c; Z0=a; Z1=-b PASS
[server_exit=0 client_exit=0]

$ taskset -c 0 /home/cyy/pcg-experiments/mVOLE-local-silent-bench/build-final/main --RMVOLE_NET_BENCH direct-server 0.0.0.0 39230 12 32 1 bench &
$ taskset -c 2 /home/cyy/pcg-experiments/mVOLE-local-silent-bench/build-final/main --RMVOLE_NET_BENCH direct-client 127.0.0.1 39230 12 32 1 bench
DIRECT_NOISY_SVOLE_TCP method=DIRECT_NOISY_SVOLE role=receiver-server-p0 mode=bench network=tcp-loopback address=0.0.0.0:39230 logN=12 N=4096 m=32 reps=1 requested_N=4096 generated_N=4096 code_size=0 noise_weight=0 partition_count=0 size_per_partition=0 base_ot_count=2048 base_ot_protocol_invocations=1 base_noisy_vole_count=0 silent_extension_count=0 base_correlation_setup_s=6.375195 silent_extension_s=0.000000 local_output_mapping_s=0.000000 total_s=6.375195 verify_s=0.000000 bytes_sent_by_role=2147483984 bytes_received_by_role=69656 harness_metadata_bytes=256 verification_opening_bytes=0 clean_protocol_bytes_by_role=2147483728 direct_payload_bytes=2147483728 silent_base_ot_bytes=0 silent_base_noisy_vole_bytes=0 silent_extension_payload_bytes=0 framing_bytes=0 notes=tcp_two_process; direct_libOTe_NoisyVole_length_N; BaseElem=u64; ExtElem=array<u64,M>; x=c; Z0=a; Z1=-b PASS
DIRECT_NOISY_SVOLE_TCP method=DIRECT_NOISY_SVOLE role=sender-client-p1 mode=bench network=tcp-loopback address=127.0.0.1:39230 logN=12 N=4096 m=32 reps=1 requested_N=4096 generated_N=4096 code_size=0 noise_weight=0 partition_count=0 size_per_partition=0 base_ot_count=2048 base_ot_protocol_invocations=1 base_noisy_vole_count=0 silent_extension_count=0 base_correlation_setup_s=9.941152 silent_extension_s=0.000000 local_output_mapping_s=0.000000 total_s=9.941152 verify_s=0.000000 bytes_sent_by_role=69656 bytes_received_by_role=2147483984 harness_metadata_bytes=0 verification_opening_bytes=0 clean_protocol_bytes_by_role=69656 direct_payload_bytes=69656 silent_base_ot_bytes=0 silent_base_noisy_vole_bytes=0 silent_extension_payload_bytes=0 framing_bytes=0 notes=tcp_two_process; direct_libOTe_NoisyVole_length_N; BaseElem=u64; ExtElem=array<u64,M>; x=c; Z0=a; Z1=-b PASS
[server_exit=0 client_exit=0]

$ taskset -c 0 /home/cyy/pcg-experiments/mVOLE-local-silent-bench/build-final/main --RMVOLE_NET_BENCH direct-server 0.0.0.0 39231 14 8 1 verify &
$ taskset -c 2 /home/cyy/pcg-experiments/mVOLE-local-silent-bench/build-final/main --RMVOLE_NET_BENCH direct-client 127.0.0.1 39231 14 8 1 verify
DIRECT_NOISY_SVOLE_TCP method=DIRECT_NOISY_SVOLE role=receiver-server-p0 mode=verify network=tcp-loopback address=0.0.0.0:39231 logN=14 N=16384 m=8 reps=1 requested_N=16384 generated_N=16384 code_size=0 noise_weight=0 partition_count=0 size_per_partition=0 base_ot_count=512 base_ot_protocol_invocations=1 base_noisy_vole_count=0 silent_extension_count=0 base_correlation_setup_s=2.403228 silent_extension_s=0.000000 local_output_mapping_s=0.000000 total_s=2.403228 verify_s=1.376836 bytes_sent_by_role=536871056 bytes_received_by_role=1066016 harness_metadata_bytes=64 verification_opening_bytes=1048576 clean_protocol_bytes_by_role=536870992 direct_payload_bytes=536870992 silent_base_ot_bytes=0 silent_base_noisy_vole_bytes=0 silent_extension_payload_bytes=0 framing_bytes=0 notes=tcp_two_process; direct_libOTe_NoisyVole_length_N; BaseElem=u64; ExtElem=array<u64,M>; x=c; Z0=a; Z1=-b PASS
DIRECT_NOISY_SVOLE_TCP method=DIRECT_NOISY_SVOLE role=sender-client-p1 mode=verify network=tcp-loopback address=127.0.0.1:39231 logN=14 N=16384 m=8 reps=1 requested_N=16384 generated_N=16384 code_size=0 noise_weight=0 partition_count=0 size_per_partition=0 base_ot_count=512 base_ot_protocol_invocations=1 base_noisy_vole_count=0 silent_extension_count=0 base_correlation_setup_s=3.774883 silent_extension_s=0.000000 local_output_mapping_s=0.000000 total_s=3.774883 verify_s=0.001335 bytes_sent_by_role=1066016 bytes_received_by_role=536871056 harness_metadata_bytes=0 verification_opening_bytes=1048576 clean_protocol_bytes_by_role=17440 direct_payload_bytes=17440 silent_base_ot_bytes=0 silent_base_noisy_vole_bytes=0 silent_extension_payload_bytes=0 framing_bytes=0 notes=tcp_two_process; direct_libOTe_NoisyVole_length_N; BaseElem=u64; ExtElem=array<u64,M>; x=c; Z0=a; Z1=-b PASS
[server_exit=0 client_exit=0]

$ taskset -c 0 /home/cyy/pcg-experiments/mVOLE-local-silent-bench/build-final/main --RMVOLE_NET_BENCH direct-server 0.0.0.0 39232 14 8 1 bench &
$ taskset -c 2 /home/cyy/pcg-experiments/mVOLE-local-silent-bench/build-final/main --RMVOLE_NET_BENCH direct-client 127.0.0.1 39232 14 8 1 bench
DIRECT_NOISY_SVOLE_TCP method=DIRECT_NOISY_SVOLE role=receiver-server-p0 mode=bench network=tcp-loopback address=0.0.0.0:39232 logN=14 N=16384 m=8 reps=1 requested_N=16384 generated_N=16384 code_size=0 noise_weight=0 partition_count=0 size_per_partition=0 base_ot_count=512 base_ot_protocol_invocations=1 base_noisy_vole_count=0 silent_extension_count=0 base_correlation_setup_s=2.401017 silent_extension_s=0.000000 local_output_mapping_s=0.000000 total_s=2.401017 verify_s=0.000000 bytes_sent_by_role=536871056 bytes_received_by_role=17432 harness_metadata_bytes=64 verification_opening_bytes=0 clean_protocol_bytes_by_role=536870992 direct_payload_bytes=536870992 silent_base_ot_bytes=0 silent_base_noisy_vole_bytes=0 silent_extension_payload_bytes=0 framing_bytes=0 notes=tcp_two_process; direct_libOTe_NoisyVole_length_N; BaseElem=u64; ExtElem=array<u64,M>; x=c; Z0=a; Z1=-b PASS
DIRECT_NOISY_SVOLE_TCP method=DIRECT_NOISY_SVOLE role=sender-client-p1 mode=bench network=tcp-loopback address=127.0.0.1:39232 logN=14 N=16384 m=8 reps=1 requested_N=16384 generated_N=16384 code_size=0 noise_weight=0 partition_count=0 size_per_partition=0 base_ot_count=512 base_ot_protocol_invocations=1 base_noisy_vole_count=0 silent_extension_count=0 base_correlation_setup_s=3.759445 silent_extension_s=0.000000 local_output_mapping_s=0.000000 total_s=3.759445 verify_s=0.000000 bytes_sent_by_role=17432 bytes_received_by_role=536871056 harness_metadata_bytes=0 verification_opening_bytes=0 clean_protocol_bytes_by_role=17432 direct_payload_bytes=17432 silent_base_ot_bytes=0 silent_base_noisy_vole_bytes=0 silent_extension_payload_bytes=0 framing_bytes=0 notes=tcp_two_process; direct_libOTe_NoisyVole_length_N; BaseElem=u64; ExtElem=array<u64,M>; x=c; Z0=a; Z1=-b PASS
[server_exit=0 client_exit=0]

$ taskset -c 0 /home/cyy/pcg-experiments/mVOLE-local-silent-bench/build-final/main --RMVOLE_NET_BENCH direct-server 0.0.0.0 39233 14 8 1 bench &
$ taskset -c 2 /home/cyy/pcg-experiments/mVOLE-local-silent-bench/build-final/main --RMVOLE_NET_BENCH direct-client 127.0.0.1 39233 14 8 1 bench
DIRECT_NOISY_SVOLE_TCP method=DIRECT_NOISY_SVOLE role=receiver-server-p0 mode=bench network=tcp-loopback address=0.0.0.0:39233 logN=14 N=16384 m=8 reps=1 requested_N=16384 generated_N=16384 code_size=0 noise_weight=0 partition_count=0 size_per_partition=0 base_ot_count=512 base_ot_protocol_invocations=1 base_noisy_vole_count=0 silent_extension_count=0 base_correlation_setup_s=2.401948 silent_extension_s=0.000000 local_output_mapping_s=0.000000 total_s=2.401948 verify_s=0.000000 bytes_sent_by_role=536871056 bytes_received_by_role=17432 harness_metadata_bytes=64 verification_opening_bytes=0 clean_protocol_bytes_by_role=536870992 direct_payload_bytes=536870992 silent_base_ot_bytes=0 silent_base_noisy_vole_bytes=0 silent_extension_payload_bytes=0 framing_bytes=0 notes=tcp_two_process; direct_libOTe_NoisyVole_length_N; BaseElem=u64; ExtElem=array<u64,M>; x=c; Z0=a; Z1=-b PASS
DIRECT_NOISY_SVOLE_TCP method=DIRECT_NOISY_SVOLE role=sender-client-p1 mode=bench network=tcp-loopback address=127.0.0.1:39233 logN=14 N=16384 m=8 reps=1 requested_N=16384 generated_N=16384 code_size=0 noise_weight=0 partition_count=0 size_per_partition=0 base_ot_count=512 base_ot_protocol_invocations=1 base_noisy_vole_count=0 silent_extension_count=0 base_correlation_setup_s=3.763088 silent_extension_s=0.000000 local_output_mapping_s=0.000000 total_s=3.763088 verify_s=0.000000 bytes_sent_by_role=17432 bytes_received_by_role=536871056 harness_metadata_bytes=0 verification_opening_bytes=0 clean_protocol_bytes_by_role=17432 direct_payload_bytes=17432 silent_base_ot_bytes=0 silent_base_noisy_vole_bytes=0 silent_extension_payload_bytes=0 framing_bytes=0 notes=tcp_two_process; direct_libOTe_NoisyVole_length_N; BaseElem=u64; ExtElem=array<u64,M>; x=c; Z0=a; Z1=-b PASS
[server_exit=0 client_exit=0]

$ taskset -c 0 /home/cyy/pcg-experiments/mVOLE-local-silent-bench/build-final/main --RMVOLE_NET_BENCH direct-server 0.0.0.0 39234 14 8 1 bench &
$ taskset -c 2 /home/cyy/pcg-experiments/mVOLE-local-silent-bench/build-final/main --RMVOLE_NET_BENCH direct-client 127.0.0.1 39234 14 8 1 bench
DIRECT_NOISY_SVOLE_TCP method=DIRECT_NOISY_SVOLE role=receiver-server-p0 mode=bench network=tcp-loopback address=0.0.0.0:39234 logN=14 N=16384 m=8 reps=1 requested_N=16384 generated_N=16384 code_size=0 noise_weight=0 partition_count=0 size_per_partition=0 base_ot_count=512 base_ot_protocol_invocations=1 base_noisy_vole_count=0 silent_extension_count=0 base_correlation_setup_s=2.405840 silent_extension_s=0.000000 local_output_mapping_s=0.000000 total_s=2.405840 verify_s=0.000000 bytes_sent_by_role=536871056 bytes_received_by_role=17432 harness_metadata_bytes=64 verification_opening_bytes=0 clean_protocol_bytes_by_role=536870992 direct_payload_bytes=536870992 silent_base_ot_bytes=0 silent_base_noisy_vole_bytes=0 silent_extension_payload_bytes=0 framing_bytes=0 notes=tcp_two_process; direct_libOTe_NoisyVole_length_N; BaseElem=u64; ExtElem=array<u64,M>; x=c; Z0=a; Z1=-b PASS
DIRECT_NOISY_SVOLE_TCP method=DIRECT_NOISY_SVOLE role=sender-client-p1 mode=bench network=tcp-loopback address=127.0.0.1:39234 logN=14 N=16384 m=8 reps=1 requested_N=16384 generated_N=16384 code_size=0 noise_weight=0 partition_count=0 size_per_partition=0 base_ot_count=512 base_ot_protocol_invocations=1 base_noisy_vole_count=0 silent_extension_count=0 base_correlation_setup_s=3.770960 silent_extension_s=0.000000 local_output_mapping_s=0.000000 total_s=3.770960 verify_s=0.000000 bytes_sent_by_role=17432 bytes_received_by_role=536871056 harness_metadata_bytes=0 verification_opening_bytes=0 clean_protocol_bytes_by_role=17432 direct_payload_bytes=17432 silent_base_ot_bytes=0 silent_base_noisy_vole_bytes=0 silent_extension_payload_bytes=0 framing_bytes=0 notes=tcp_two_process; direct_libOTe_NoisyVole_length_N; BaseElem=u64; ExtElem=array<u64,M>; x=c; Z0=a; Z1=-b PASS
[server_exit=0 client_exit=0]

$ taskset -c 0 /home/cyy/pcg-experiments/mVOLE-local-silent-bench/build-final/main --RMVOLE_NET_BENCH direct-server 0.0.0.0 39235 14 8 1 bench &
$ taskset -c 2 /home/cyy/pcg-experiments/mVOLE-local-silent-bench/build-final/main --RMVOLE_NET_BENCH direct-client 127.0.0.1 39235 14 8 1 bench
DIRECT_NOISY_SVOLE_TCP method=DIRECT_NOISY_SVOLE role=receiver-server-p0 mode=bench network=tcp-loopback address=0.0.0.0:39235 logN=14 N=16384 m=8 reps=1 requested_N=16384 generated_N=16384 code_size=0 noise_weight=0 partition_count=0 size_per_partition=0 base_ot_count=512 base_ot_protocol_invocations=1 base_noisy_vole_count=0 silent_extension_count=0 base_correlation_setup_s=2.400925 silent_extension_s=0.000000 local_output_mapping_s=0.000000 total_s=2.400925 verify_s=0.000000 bytes_sent_by_role=536871056 bytes_received_by_role=17432 harness_metadata_bytes=64 verification_opening_bytes=0 clean_protocol_bytes_by_role=536870992 direct_payload_bytes=536870992 silent_base_ot_bytes=0 silent_base_noisy_vole_bytes=0 silent_extension_payload_bytes=0 framing_bytes=0 notes=tcp_two_process; direct_libOTe_NoisyVole_length_N; BaseElem=u64; ExtElem=array<u64,M>; x=c; Z0=a; Z1=-b PASS
DIRECT_NOISY_SVOLE_TCP method=DIRECT_NOISY_SVOLE role=sender-client-p1 mode=bench network=tcp-loopback address=127.0.0.1:39235 logN=14 N=16384 m=8 reps=1 requested_N=16384 generated_N=16384 code_size=0 noise_weight=0 partition_count=0 size_per_partition=0 base_ot_count=512 base_ot_protocol_invocations=1 base_noisy_vole_count=0 silent_extension_count=0 base_correlation_setup_s=3.779057 silent_extension_s=0.000000 local_output_mapping_s=0.000000 total_s=3.779057 verify_s=0.000000 bytes_sent_by_role=17432 bytes_received_by_role=536871056 harness_metadata_bytes=0 verification_opening_bytes=0 clean_protocol_bytes_by_role=17432 direct_payload_bytes=17432 silent_base_ot_bytes=0 silent_base_noisy_vole_bytes=0 silent_extension_payload_bytes=0 framing_bytes=0 notes=tcp_two_process; direct_libOTe_NoisyVole_length_N; BaseElem=u64; ExtElem=array<u64,M>; x=c; Z0=a; Z1=-b PASS
[server_exit=0 client_exit=0]

$ taskset -c 0 /home/cyy/pcg-experiments/mVOLE-local-silent-bench/build-final/main --RMVOLE_NET_BENCH direct-server 0.0.0.0 39236 14 8 1 bench &
$ taskset -c 2 /home/cyy/pcg-experiments/mVOLE-local-silent-bench/build-final/main --RMVOLE_NET_BENCH direct-client 127.0.0.1 39236 14 8 1 bench
DIRECT_NOISY_SVOLE_TCP method=DIRECT_NOISY_SVOLE role=receiver-server-p0 mode=bench network=tcp-loopback address=0.0.0.0:39236 logN=14 N=16384 m=8 reps=1 requested_N=16384 generated_N=16384 code_size=0 noise_weight=0 partition_count=0 size_per_partition=0 base_ot_count=512 base_ot_protocol_invocations=1 base_noisy_vole_count=0 silent_extension_count=0 base_correlation_setup_s=2.402753 silent_extension_s=0.000000 local_output_mapping_s=0.000000 total_s=2.402753 verify_s=0.000000 bytes_sent_by_role=536871056 bytes_received_by_role=17432 harness_metadata_bytes=64 verification_opening_bytes=0 clean_protocol_bytes_by_role=536870992 direct_payload_bytes=536870992 silent_base_ot_bytes=0 silent_base_noisy_vole_bytes=0 silent_extension_payload_bytes=0 framing_bytes=0 notes=tcp_two_process; direct_libOTe_NoisyVole_length_N; BaseElem=u64; ExtElem=array<u64,M>; x=c; Z0=a; Z1=-b PASS
DIRECT_NOISY_SVOLE_TCP method=DIRECT_NOISY_SVOLE role=sender-client-p1 mode=bench network=tcp-loopback address=127.0.0.1:39236 logN=14 N=16384 m=8 reps=1 requested_N=16384 generated_N=16384 code_size=0 noise_weight=0 partition_count=0 size_per_partition=0 base_ot_count=512 base_ot_protocol_invocations=1 base_noisy_vole_count=0 silent_extension_count=0 base_correlation_setup_s=3.788604 silent_extension_s=0.000000 local_output_mapping_s=0.000000 total_s=3.788604 verify_s=0.000000 bytes_sent_by_role=17432 bytes_received_by_role=536871056 harness_metadata_bytes=0 verification_opening_bytes=0 clean_protocol_bytes_by_role=17432 direct_payload_bytes=17432 silent_base_ot_bytes=0 silent_base_noisy_vole_bytes=0 silent_extension_payload_bytes=0 framing_bytes=0 notes=tcp_two_process; direct_libOTe_NoisyVole_length_N; BaseElem=u64; ExtElem=array<u64,M>; x=c; Z0=a; Z1=-b PASS
[server_exit=0 client_exit=0]

$ taskset -c 0 /home/cyy/pcg-experiments/mVOLE-local-silent-bench/build-final/main --RMVOLE_NET_BENCH direct-server 0.0.0.0 39237 14 8 1 bench &
$ taskset -c 2 /home/cyy/pcg-experiments/mVOLE-local-silent-bench/build-final/main --RMVOLE_NET_BENCH direct-client 127.0.0.1 39237 14 8 1 bench
DIRECT_NOISY_SVOLE_TCP method=DIRECT_NOISY_SVOLE role=receiver-server-p0 mode=bench network=tcp-loopback address=0.0.0.0:39237 logN=14 N=16384 m=8 reps=1 requested_N=16384 generated_N=16384 code_size=0 noise_weight=0 partition_count=0 size_per_partition=0 base_ot_count=512 base_ot_protocol_invocations=1 base_noisy_vole_count=0 silent_extension_count=0 base_correlation_setup_s=2.410824 silent_extension_s=0.000000 local_output_mapping_s=0.000000 total_s=2.410824 verify_s=0.000000 bytes_sent_by_role=536871056 bytes_received_by_role=17432 harness_metadata_bytes=64 verification_opening_bytes=0 clean_protocol_bytes_by_role=536870992 direct_payload_bytes=536870992 silent_base_ot_bytes=0 silent_base_noisy_vole_bytes=0 silent_extension_payload_bytes=0 framing_bytes=0 notes=tcp_two_process; direct_libOTe_NoisyVole_length_N; BaseElem=u64; ExtElem=array<u64,M>; x=c; Z0=a; Z1=-b PASS
DIRECT_NOISY_SVOLE_TCP method=DIRECT_NOISY_SVOLE role=sender-client-p1 mode=bench network=tcp-loopback address=127.0.0.1:39237 logN=14 N=16384 m=8 reps=1 requested_N=16384 generated_N=16384 code_size=0 noise_weight=0 partition_count=0 size_per_partition=0 base_ot_count=512 base_ot_protocol_invocations=1 base_noisy_vole_count=0 silent_extension_count=0 base_correlation_setup_s=3.774191 silent_extension_s=0.000000 local_output_mapping_s=0.000000 total_s=3.774191 verify_s=0.000000 bytes_sent_by_role=17432 bytes_received_by_role=536871056 harness_metadata_bytes=0 verification_opening_bytes=0 clean_protocol_bytes_by_role=17432 direct_payload_bytes=17432 silent_base_ot_bytes=0 silent_base_noisy_vole_bytes=0 silent_extension_payload_bytes=0 framing_bytes=0 notes=tcp_two_process; direct_libOTe_NoisyVole_length_N; BaseElem=u64; ExtElem=array<u64,M>; x=c; Z0=a; Z1=-b PASS
[server_exit=0 client_exit=0]

$ taskset -c 0 /home/cyy/pcg-experiments/mVOLE-local-silent-bench/build-final/main --RMVOLE_NET_BENCH direct-server 0.0.0.0 39238 14 8 1 bench &
$ taskset -c 2 /home/cyy/pcg-experiments/mVOLE-local-silent-bench/build-final/main --RMVOLE_NET_BENCH direct-client 127.0.0.1 39238 14 8 1 bench
DIRECT_NOISY_SVOLE_TCP method=DIRECT_NOISY_SVOLE role=receiver-server-p0 mode=bench network=tcp-loopback address=0.0.0.0:39238 logN=14 N=16384 m=8 reps=1 requested_N=16384 generated_N=16384 code_size=0 noise_weight=0 partition_count=0 size_per_partition=0 base_ot_count=512 base_ot_protocol_invocations=1 base_noisy_vole_count=0 silent_extension_count=0 base_correlation_setup_s=2.411657 silent_extension_s=0.000000 local_output_mapping_s=0.000000 total_s=2.411657 verify_s=0.000000 bytes_sent_by_role=536871056 bytes_received_by_role=17432 harness_metadata_bytes=64 verification_opening_bytes=0 clean_protocol_bytes_by_role=536870992 direct_payload_bytes=536870992 silent_base_ot_bytes=0 silent_base_noisy_vole_bytes=0 silent_extension_payload_bytes=0 framing_bytes=0 notes=tcp_two_process; direct_libOTe_NoisyVole_length_N; BaseElem=u64; ExtElem=array<u64,M>; x=c; Z0=a; Z1=-b PASS
DIRECT_NOISY_SVOLE_TCP method=DIRECT_NOISY_SVOLE role=sender-client-p1 mode=bench network=tcp-loopback address=127.0.0.1:39238 logN=14 N=16384 m=8 reps=1 requested_N=16384 generated_N=16384 code_size=0 noise_weight=0 partition_count=0 size_per_partition=0 base_ot_count=512 base_ot_protocol_invocations=1 base_noisy_vole_count=0 silent_extension_count=0 base_correlation_setup_s=3.774112 silent_extension_s=0.000000 local_output_mapping_s=0.000000 total_s=3.774112 verify_s=0.000000 bytes_sent_by_role=17432 bytes_received_by_role=536871056 harness_metadata_bytes=0 verification_opening_bytes=0 clean_protocol_bytes_by_role=17432 direct_payload_bytes=17432 silent_base_ot_bytes=0 silent_base_noisy_vole_bytes=0 silent_extension_payload_bytes=0 framing_bytes=0 notes=tcp_two_process; direct_libOTe_NoisyVole_length_N; BaseElem=u64; ExtElem=array<u64,M>; x=c; Z0=a; Z1=-b PASS
[server_exit=0 client_exit=0]

$ taskset -c 0 /home/cyy/pcg-experiments/mVOLE-local-silent-bench/build-final/main --RMVOLE_NET_BENCH direct-server 0.0.0.0 39239 14 8 1 bench &
$ taskset -c 2 /home/cyy/pcg-experiments/mVOLE-local-silent-bench/build-final/main --RMVOLE_NET_BENCH direct-client 127.0.0.1 39239 14 8 1 bench
DIRECT_NOISY_SVOLE_TCP method=DIRECT_NOISY_SVOLE role=receiver-server-p0 mode=bench network=tcp-loopback address=0.0.0.0:39239 logN=14 N=16384 m=8 reps=1 requested_N=16384 generated_N=16384 code_size=0 noise_weight=0 partition_count=0 size_per_partition=0 base_ot_count=512 base_ot_protocol_invocations=1 base_noisy_vole_count=0 silent_extension_count=0 base_correlation_setup_s=2.406977 silent_extension_s=0.000000 local_output_mapping_s=0.000000 total_s=2.406977 verify_s=0.000000 bytes_sent_by_role=536871056 bytes_received_by_role=17432 harness_metadata_bytes=64 verification_opening_bytes=0 clean_protocol_bytes_by_role=536870992 direct_payload_bytes=536870992 silent_base_ot_bytes=0 silent_base_noisy_vole_bytes=0 silent_extension_payload_bytes=0 framing_bytes=0 notes=tcp_two_process; direct_libOTe_NoisyVole_length_N; BaseElem=u64; ExtElem=array<u64,M>; x=c; Z0=a; Z1=-b PASS
DIRECT_NOISY_SVOLE_TCP method=DIRECT_NOISY_SVOLE role=sender-client-p1 mode=bench network=tcp-loopback address=127.0.0.1:39239 logN=14 N=16384 m=8 reps=1 requested_N=16384 generated_N=16384 code_size=0 noise_weight=0 partition_count=0 size_per_partition=0 base_ot_count=512 base_ot_protocol_invocations=1 base_noisy_vole_count=0 silent_extension_count=0 base_correlation_setup_s=3.777612 silent_extension_s=0.000000 local_output_mapping_s=0.000000 total_s=3.777612 verify_s=0.000000 bytes_sent_by_role=17432 bytes_received_by_role=536871056 harness_metadata_bytes=0 verification_opening_bytes=0 clean_protocol_bytes_by_role=17432 direct_payload_bytes=17432 silent_base_ot_bytes=0 silent_base_noisy_vole_bytes=0 silent_extension_payload_bytes=0 framing_bytes=0 notes=tcp_two_process; direct_libOTe_NoisyVole_length_N; BaseElem=u64; ExtElem=array<u64,M>; x=c; Z0=a; Z1=-b PASS
[server_exit=0 client_exit=0]

$ taskset -c 0 /home/cyy/pcg-experiments/mVOLE-local-silent-bench/build-final/main --RMVOLE_NET_BENCH direct-server 0.0.0.0 39240 14 8 1 bench &
$ taskset -c 2 /home/cyy/pcg-experiments/mVOLE-local-silent-bench/build-final/main --RMVOLE_NET_BENCH direct-client 127.0.0.1 39240 14 8 1 bench
DIRECT_NOISY_SVOLE_TCP method=DIRECT_NOISY_SVOLE role=receiver-server-p0 mode=bench network=tcp-loopback address=0.0.0.0:39240 logN=14 N=16384 m=8 reps=1 requested_N=16384 generated_N=16384 code_size=0 noise_weight=0 partition_count=0 size_per_partition=0 base_ot_count=512 base_ot_protocol_invocations=1 base_noisy_vole_count=0 silent_extension_count=0 base_correlation_setup_s=2.402755 silent_extension_s=0.000000 local_output_mapping_s=0.000000 total_s=2.402755 verify_s=0.000000 bytes_sent_by_role=536871056 bytes_received_by_role=17432 harness_metadata_bytes=64 verification_opening_bytes=0 clean_protocol_bytes_by_role=536870992 direct_payload_bytes=536870992 silent_base_ot_bytes=0 silent_base_noisy_vole_bytes=0 silent_extension_payload_bytes=0 framing_bytes=0 notes=tcp_two_process; direct_libOTe_NoisyVole_length_N; BaseElem=u64; ExtElem=array<u64,M>; x=c; Z0=a; Z1=-b PASS
DIRECT_NOISY_SVOLE_TCP method=DIRECT_NOISY_SVOLE role=sender-client-p1 mode=bench network=tcp-loopback address=127.0.0.1:39240 logN=14 N=16384 m=8 reps=1 requested_N=16384 generated_N=16384 code_size=0 noise_weight=0 partition_count=0 size_per_partition=0 base_ot_count=512 base_ot_protocol_invocations=1 base_noisy_vole_count=0 silent_extension_count=0 base_correlation_setup_s=3.782652 silent_extension_s=0.000000 local_output_mapping_s=0.000000 total_s=3.782652 verify_s=0.000000 bytes_sent_by_role=17432 bytes_received_by_role=536871056 harness_metadata_bytes=0 verification_opening_bytes=0 clean_protocol_bytes_by_role=17432 direct_payload_bytes=17432 silent_base_ot_bytes=0 silent_base_noisy_vole_bytes=0 silent_extension_payload_bytes=0 framing_bytes=0 notes=tcp_two_process; direct_libOTe_NoisyVole_length_N; BaseElem=u64; ExtElem=array<u64,M>; x=c; Z0=a; Z1=-b PASS
[server_exit=0 client_exit=0]

$ taskset -c 0 /home/cyy/pcg-experiments/mVOLE-local-silent-bench/build-final/main --RMVOLE_NET_BENCH direct-server 0.0.0.0 39241 14 8 1 bench &
$ taskset -c 2 /home/cyy/pcg-experiments/mVOLE-local-silent-bench/build-final/main --RMVOLE_NET_BENCH direct-client 127.0.0.1 39241 14 8 1 bench
DIRECT_NOISY_SVOLE_TCP method=DIRECT_NOISY_SVOLE role=receiver-server-p0 mode=bench network=tcp-loopback address=0.0.0.0:39241 logN=14 N=16384 m=8 reps=1 requested_N=16384 generated_N=16384 code_size=0 noise_weight=0 partition_count=0 size_per_partition=0 base_ot_count=512 base_ot_protocol_invocations=1 base_noisy_vole_count=0 silent_extension_count=0 base_correlation_setup_s=2.400678 silent_extension_s=0.000000 local_output_mapping_s=0.000000 total_s=2.400678 verify_s=0.000000 bytes_sent_by_role=536871056 bytes_received_by_role=17432 harness_metadata_bytes=64 verification_opening_bytes=0 clean_protocol_bytes_by_role=536870992 direct_payload_bytes=536870992 silent_base_ot_bytes=0 silent_base_noisy_vole_bytes=0 silent_extension_payload_bytes=0 framing_bytes=0 notes=tcp_two_process; direct_libOTe_NoisyVole_length_N; BaseElem=u64; ExtElem=array<u64,M>; x=c; Z0=a; Z1=-b PASS
DIRECT_NOISY_SVOLE_TCP method=DIRECT_NOISY_SVOLE role=sender-client-p1 mode=bench network=tcp-loopback address=127.0.0.1:39241 logN=14 N=16384 m=8 reps=1 requested_N=16384 generated_N=16384 code_size=0 noise_weight=0 partition_count=0 size_per_partition=0 base_ot_count=512 base_ot_protocol_invocations=1 base_noisy_vole_count=0 silent_extension_count=0 base_correlation_setup_s=3.776820 silent_extension_s=0.000000 local_output_mapping_s=0.000000 total_s=3.776820 verify_s=0.000000 bytes_sent_by_role=17432 bytes_received_by_role=536871056 harness_metadata_bytes=0 verification_opening_bytes=0 clean_protocol_bytes_by_role=17432 direct_payload_bytes=17432 silent_base_ot_bytes=0 silent_base_noisy_vole_bytes=0 silent_extension_payload_bytes=0 framing_bytes=0 notes=tcp_two_process; direct_libOTe_NoisyVole_length_N; BaseElem=u64; ExtElem=array<u64,M>; x=c; Z0=a; Z1=-b PASS
[server_exit=0 client_exit=0]

$ taskset -c 0 /home/cyy/pcg-experiments/mVOLE-local-silent-bench/build-final/main --RMVOLE_NET_BENCH direct-server 0.0.0.0 39242 14 8 1 bench &
$ taskset -c 2 /home/cyy/pcg-experiments/mVOLE-local-silent-bench/build-final/main --RMVOLE_NET_BENCH direct-client 127.0.0.1 39242 14 8 1 bench
DIRECT_NOISY_SVOLE_TCP method=DIRECT_NOISY_SVOLE role=receiver-server-p0 mode=bench network=tcp-loopback address=0.0.0.0:39242 logN=14 N=16384 m=8 reps=1 requested_N=16384 generated_N=16384 code_size=0 noise_weight=0 partition_count=0 size_per_partition=0 base_ot_count=512 base_ot_protocol_invocations=1 base_noisy_vole_count=0 silent_extension_count=0 base_correlation_setup_s=2.402895 silent_extension_s=0.000000 local_output_mapping_s=0.000000 total_s=2.402895 verify_s=0.000000 bytes_sent_by_role=536871056 bytes_received_by_role=17432 harness_metadata_bytes=64 verification_opening_bytes=0 clean_protocol_bytes_by_role=536870992 direct_payload_bytes=536870992 silent_base_ot_bytes=0 silent_base_noisy_vole_bytes=0 silent_extension_payload_bytes=0 framing_bytes=0 notes=tcp_two_process; direct_libOTe_NoisyVole_length_N; BaseElem=u64; ExtElem=array<u64,M>; x=c; Z0=a; Z1=-b PASS
DIRECT_NOISY_SVOLE_TCP method=DIRECT_NOISY_SVOLE role=sender-client-p1 mode=bench network=tcp-loopback address=127.0.0.1:39242 logN=14 N=16384 m=8 reps=1 requested_N=16384 generated_N=16384 code_size=0 noise_weight=0 partition_count=0 size_per_partition=0 base_ot_count=512 base_ot_protocol_invocations=1 base_noisy_vole_count=0 silent_extension_count=0 base_correlation_setup_s=3.766311 silent_extension_s=0.000000 local_output_mapping_s=0.000000 total_s=3.766311 verify_s=0.000000 bytes_sent_by_role=17432 bytes_received_by_role=536871056 harness_metadata_bytes=0 verification_opening_bytes=0 clean_protocol_bytes_by_role=17432 direct_payload_bytes=17432 silent_base_ot_bytes=0 silent_base_noisy_vole_bytes=0 silent_extension_payload_bytes=0 framing_bytes=0 notes=tcp_two_process; direct_libOTe_NoisyVole_length_N; BaseElem=u64; ExtElem=array<u64,M>; x=c; Z0=a; Z1=-b PASS
[server_exit=0 client_exit=0]

$ taskset -c 0 /home/cyy/pcg-experiments/mVOLE-local-silent-bench/build-final/main --RMVOLE_NET_BENCH direct-server 0.0.0.0 39243 14 16 1 verify &
$ taskset -c 2 /home/cyy/pcg-experiments/mVOLE-local-silent-bench/build-final/main --RMVOLE_NET_BENCH direct-client 127.0.0.1 39243 14 16 1 verify
DIRECT_NOISY_SVOLE_TCP method=DIRECT_NOISY_SVOLE role=receiver-server-p0 mode=verify network=tcp-loopback address=0.0.0.0:39243 logN=14 N=16384 m=16 reps=1 requested_N=16384 generated_N=16384 code_size=0 noise_weight=0 partition_count=0 size_per_partition=0 base_ot_count=1024 base_ot_protocol_invocations=1 base_noisy_vole_count=0 silent_extension_count=0 base_correlation_setup_s=9.036066 silent_extension_s=0.000000 local_output_mapping_s=0.000000 total_s=9.036066 verify_s=5.253218 bytes_sent_by_role=2147483856 bytes_received_by_role=2132000 harness_metadata_bytes=128 verification_opening_bytes=2097152 clean_protocol_bytes_by_role=2147483728 direct_payload_bytes=2147483728 silent_base_ot_bytes=0 silent_base_noisy_vole_bytes=0 silent_extension_payload_bytes=0 framing_bytes=0 notes=tcp_two_process; direct_libOTe_NoisyVole_length_N; BaseElem=u64; ExtElem=array<u64,M>; x=c; Z0=a; Z1=-b PASS
DIRECT_NOISY_SVOLE_TCP method=DIRECT_NOISY_SVOLE role=sender-client-p1 mode=verify network=tcp-loopback address=127.0.0.1:39243 logN=14 N=16384 m=16 reps=1 requested_N=16384 generated_N=16384 code_size=0 noise_weight=0 partition_count=0 size_per_partition=0 base_ot_count=1024 base_ot_protocol_invocations=1 base_noisy_vole_count=0 silent_extension_count=0 base_correlation_setup_s=14.275163 silent_extension_s=0.000000 local_output_mapping_s=0.000000 total_s=14.275163 verify_s=0.003233 bytes_sent_by_role=2132000 bytes_received_by_role=2147483856 harness_metadata_bytes=0 verification_opening_bytes=2097152 clean_protocol_bytes_by_role=34848 direct_payload_bytes=34848 silent_base_ot_bytes=0 silent_base_noisy_vole_bytes=0 silent_extension_payload_bytes=0 framing_bytes=0 notes=tcp_two_process; direct_libOTe_NoisyVole_length_N; BaseElem=u64; ExtElem=array<u64,M>; x=c; Z0=a; Z1=-b PASS
[server_exit=0 client_exit=0]

$ taskset -c 0 /home/cyy/pcg-experiments/mVOLE-local-silent-bench/build-final/main --RMVOLE_NET_BENCH direct-server 0.0.0.0 39244 14 16 1 bench &
$ taskset -c 2 /home/cyy/pcg-experiments/mVOLE-local-silent-bench/build-final/main --RMVOLE_NET_BENCH direct-client 127.0.0.1 39244 14 16 1 bench
DIRECT_NOISY_SVOLE_TCP method=DIRECT_NOISY_SVOLE role=receiver-server-p0 mode=bench network=tcp-loopback address=0.0.0.0:39244 logN=14 N=16384 m=16 reps=1 requested_N=16384 generated_N=16384 code_size=0 noise_weight=0 partition_count=0 size_per_partition=0 base_ot_count=1024 base_ot_protocol_invocations=1 base_noisy_vole_count=0 silent_extension_count=0 base_correlation_setup_s=9.013464 silent_extension_s=0.000000 local_output_mapping_s=0.000000 total_s=9.013464 verify_s=0.000000 bytes_sent_by_role=2147483856 bytes_received_by_role=34840 harness_metadata_bytes=128 verification_opening_bytes=0 clean_protocol_bytes_by_role=2147483728 direct_payload_bytes=2147483728 silent_base_ot_bytes=0 silent_base_noisy_vole_bytes=0 silent_extension_payload_bytes=0 framing_bytes=0 notes=tcp_two_process; direct_libOTe_NoisyVole_length_N; BaseElem=u64; ExtElem=array<u64,M>; x=c; Z0=a; Z1=-b PASS
DIRECT_NOISY_SVOLE_TCP method=DIRECT_NOISY_SVOLE role=sender-client-p1 mode=bench network=tcp-loopback address=127.0.0.1:39244 logN=14 N=16384 m=16 reps=1 requested_N=16384 generated_N=16384 code_size=0 noise_weight=0 partition_count=0 size_per_partition=0 base_ot_count=1024 base_ot_protocol_invocations=1 base_noisy_vole_count=0 silent_extension_count=0 base_correlation_setup_s=14.277329 silent_extension_s=0.000000 local_output_mapping_s=0.000000 total_s=14.277329 verify_s=0.000000 bytes_sent_by_role=34840 bytes_received_by_role=2147483856 harness_metadata_bytes=0 verification_opening_bytes=0 clean_protocol_bytes_by_role=34840 direct_payload_bytes=34840 silent_base_ot_bytes=0 silent_base_noisy_vole_bytes=0 silent_extension_payload_bytes=0 framing_bytes=0 notes=tcp_two_process; direct_libOTe_NoisyVole_length_N; BaseElem=u64; ExtElem=array<u64,M>; x=c; Z0=a; Z1=-b PASS
[server_exit=0 client_exit=0]

$ taskset -c 0 /home/cyy/pcg-experiments/mVOLE-local-silent-bench/build-final/main --RMVOLE_NET_BENCH direct-server 0.0.0.0 39245 14 16 1 bench &
$ taskset -c 2 /home/cyy/pcg-experiments/mVOLE-local-silent-bench/build-final/main --RMVOLE_NET_BENCH direct-client 127.0.0.1 39245 14 16 1 bench
DIRECT_NOISY_SVOLE_TCP method=DIRECT_NOISY_SVOLE role=receiver-server-p0 mode=bench network=tcp-loopback address=0.0.0.0:39245 logN=14 N=16384 m=16 reps=1 requested_N=16384 generated_N=16384 code_size=0 noise_weight=0 partition_count=0 size_per_partition=0 base_ot_count=1024 base_ot_protocol_invocations=1 base_noisy_vole_count=0 silent_extension_count=0 base_correlation_setup_s=9.017899 silent_extension_s=0.000000 local_output_mapping_s=0.000000 total_s=9.017899 verify_s=0.000000 bytes_sent_by_role=2147483856 bytes_received_by_role=34840 harness_metadata_bytes=128 verification_opening_bytes=0 clean_protocol_bytes_by_role=2147483728 direct_payload_bytes=2147483728 silent_base_ot_bytes=0 silent_base_noisy_vole_bytes=0 silent_extension_payload_bytes=0 framing_bytes=0 notes=tcp_two_process; direct_libOTe_NoisyVole_length_N; BaseElem=u64; ExtElem=array<u64,M>; x=c; Z0=a; Z1=-b PASS
DIRECT_NOISY_SVOLE_TCP method=DIRECT_NOISY_SVOLE role=sender-client-p1 mode=bench network=tcp-loopback address=127.0.0.1:39245 logN=14 N=16384 m=16 reps=1 requested_N=16384 generated_N=16384 code_size=0 noise_weight=0 partition_count=0 size_per_partition=0 base_ot_count=1024 base_ot_protocol_invocations=1 base_noisy_vole_count=0 silent_extension_count=0 base_correlation_setup_s=14.263964 silent_extension_s=0.000000 local_output_mapping_s=0.000000 total_s=14.263964 verify_s=0.000000 bytes_sent_by_role=34840 bytes_received_by_role=2147483856 harness_metadata_bytes=0 verification_opening_bytes=0 clean_protocol_bytes_by_role=34840 direct_payload_bytes=34840 silent_base_ot_bytes=0 silent_base_noisy_vole_bytes=0 silent_extension_payload_bytes=0 framing_bytes=0 notes=tcp_two_process; direct_libOTe_NoisyVole_length_N; BaseElem=u64; ExtElem=array<u64,M>; x=c; Z0=a; Z1=-b PASS
[server_exit=0 client_exit=0]

$ taskset -c 0 /home/cyy/pcg-experiments/mVOLE-local-silent-bench/build-final/main --RMVOLE_NET_BENCH direct-server 0.0.0.0 39246 14 16 1 bench &
$ taskset -c 2 /home/cyy/pcg-experiments/mVOLE-local-silent-bench/build-final/main --RMVOLE_NET_BENCH direct-client 127.0.0.1 39246 14 16 1 bench
DIRECT_NOISY_SVOLE_TCP method=DIRECT_NOISY_SVOLE role=receiver-server-p0 mode=bench network=tcp-loopback address=0.0.0.0:39246 logN=14 N=16384 m=16 reps=1 requested_N=16384 generated_N=16384 code_size=0 noise_weight=0 partition_count=0 size_per_partition=0 base_ot_count=1024 base_ot_protocol_invocations=1 base_noisy_vole_count=0 silent_extension_count=0 base_correlation_setup_s=9.012368 silent_extension_s=0.000000 local_output_mapping_s=0.000000 total_s=9.012368 verify_s=0.000000 bytes_sent_by_role=2147483856 bytes_received_by_role=34840 harness_metadata_bytes=128 verification_opening_bytes=0 clean_protocol_bytes_by_role=2147483728 direct_payload_bytes=2147483728 silent_base_ot_bytes=0 silent_base_noisy_vole_bytes=0 silent_extension_payload_bytes=0 framing_bytes=0 notes=tcp_two_process; direct_libOTe_NoisyVole_length_N; BaseElem=u64; ExtElem=array<u64,M>; x=c; Z0=a; Z1=-b PASS
DIRECT_NOISY_SVOLE_TCP method=DIRECT_NOISY_SVOLE role=sender-client-p1 mode=bench network=tcp-loopback address=127.0.0.1:39246 logN=14 N=16384 m=16 reps=1 requested_N=16384 generated_N=16384 code_size=0 noise_weight=0 partition_count=0 size_per_partition=0 base_ot_count=1024 base_ot_protocol_invocations=1 base_noisy_vole_count=0 silent_extension_count=0 base_correlation_setup_s=14.259329 silent_extension_s=0.000000 local_output_mapping_s=0.000000 total_s=14.259329 verify_s=0.000000 bytes_sent_by_role=34840 bytes_received_by_role=2147483856 harness_metadata_bytes=0 verification_opening_bytes=0 clean_protocol_bytes_by_role=34840 direct_payload_bytes=34840 silent_base_ot_bytes=0 silent_base_noisy_vole_bytes=0 silent_extension_payload_bytes=0 framing_bytes=0 notes=tcp_two_process; direct_libOTe_NoisyVole_length_N; BaseElem=u64; ExtElem=array<u64,M>; x=c; Z0=a; Z1=-b PASS
[server_exit=0 client_exit=0]

$ taskset -c 0 /home/cyy/pcg-experiments/mVOLE-local-silent-bench/build-final/main --RMVOLE_NET_BENCH direct-server 0.0.0.0 39247 14 16 1 bench &
$ taskset -c 2 /home/cyy/pcg-experiments/mVOLE-local-silent-bench/build-final/main --RMVOLE_NET_BENCH direct-client 127.0.0.1 39247 14 16 1 bench
DIRECT_NOISY_SVOLE_TCP method=DIRECT_NOISY_SVOLE role=receiver-server-p0 mode=bench network=tcp-loopback address=0.0.0.0:39247 logN=14 N=16384 m=16 reps=1 requested_N=16384 generated_N=16384 code_size=0 noise_weight=0 partition_count=0 size_per_partition=0 base_ot_count=1024 base_ot_protocol_invocations=1 base_noisy_vole_count=0 silent_extension_count=0 base_correlation_setup_s=9.037789 silent_extension_s=0.000000 local_output_mapping_s=0.000000 total_s=9.037789 verify_s=0.000000 bytes_sent_by_role=2147483856 bytes_received_by_role=34840 harness_metadata_bytes=128 verification_opening_bytes=0 clean_protocol_bytes_by_role=2147483728 direct_payload_bytes=2147483728 silent_base_ot_bytes=0 silent_base_noisy_vole_bytes=0 silent_extension_payload_bytes=0 framing_bytes=0 notes=tcp_two_process; direct_libOTe_NoisyVole_length_N; BaseElem=u64; ExtElem=array<u64,M>; x=c; Z0=a; Z1=-b PASS
DIRECT_NOISY_SVOLE_TCP method=DIRECT_NOISY_SVOLE role=sender-client-p1 mode=bench network=tcp-loopback address=127.0.0.1:39247 logN=14 N=16384 m=16 reps=1 requested_N=16384 generated_N=16384 code_size=0 noise_weight=0 partition_count=0 size_per_partition=0 base_ot_count=1024 base_ot_protocol_invocations=1 base_noisy_vole_count=0 silent_extension_count=0 base_correlation_setup_s=14.263087 silent_extension_s=0.000000 local_output_mapping_s=0.000000 total_s=14.263087 verify_s=0.000000 bytes_sent_by_role=34840 bytes_received_by_role=2147483856 harness_metadata_bytes=0 verification_opening_bytes=0 clean_protocol_bytes_by_role=34840 direct_payload_bytes=34840 silent_base_ot_bytes=0 silent_base_noisy_vole_bytes=0 silent_extension_payload_bytes=0 framing_bytes=0 notes=tcp_two_process; direct_libOTe_NoisyVole_length_N; BaseElem=u64; ExtElem=array<u64,M>; x=c; Z0=a; Z1=-b PASS
[server_exit=0 client_exit=0]

$ taskset -c 0 /home/cyy/pcg-experiments/mVOLE-local-silent-bench/build-final/main --RMVOLE_NET_BENCH direct-server 0.0.0.0 39248 14 16 1 bench &
$ taskset -c 2 /home/cyy/pcg-experiments/mVOLE-local-silent-bench/build-final/main --RMVOLE_NET_BENCH direct-client 127.0.0.1 39248 14 16 1 bench
DIRECT_NOISY_SVOLE_TCP method=DIRECT_NOISY_SVOLE role=receiver-server-p0 mode=bench network=tcp-loopback address=0.0.0.0:39248 logN=14 N=16384 m=16 reps=1 requested_N=16384 generated_N=16384 code_size=0 noise_weight=0 partition_count=0 size_per_partition=0 base_ot_count=1024 base_ot_protocol_invocations=1 base_noisy_vole_count=0 silent_extension_count=0 base_correlation_setup_s=9.023009 silent_extension_s=0.000000 local_output_mapping_s=0.000000 total_s=9.023009 verify_s=0.000000 bytes_sent_by_role=2147483856 bytes_received_by_role=34840 harness_metadata_bytes=128 verification_opening_bytes=0 clean_protocol_bytes_by_role=2147483728 direct_payload_bytes=2147483728 silent_base_ot_bytes=0 silent_base_noisy_vole_bytes=0 silent_extension_payload_bytes=0 framing_bytes=0 notes=tcp_two_process; direct_libOTe_NoisyVole_length_N; BaseElem=u64; ExtElem=array<u64,M>; x=c; Z0=a; Z1=-b PASS
DIRECT_NOISY_SVOLE_TCP method=DIRECT_NOISY_SVOLE role=sender-client-p1 mode=bench network=tcp-loopback address=127.0.0.1:39248 logN=14 N=16384 m=16 reps=1 requested_N=16384 generated_N=16384 code_size=0 noise_weight=0 partition_count=0 size_per_partition=0 base_ot_count=1024 base_ot_protocol_invocations=1 base_noisy_vole_count=0 silent_extension_count=0 base_correlation_setup_s=14.254310 silent_extension_s=0.000000 local_output_mapping_s=0.000000 total_s=14.254310 verify_s=0.000000 bytes_sent_by_role=34840 bytes_received_by_role=2147483856 harness_metadata_bytes=0 verification_opening_bytes=0 clean_protocol_bytes_by_role=34840 direct_payload_bytes=34840 silent_base_ot_bytes=0 silent_base_noisy_vole_bytes=0 silent_extension_payload_bytes=0 framing_bytes=0 notes=tcp_two_process; direct_libOTe_NoisyVole_length_N; BaseElem=u64; ExtElem=array<u64,M>; x=c; Z0=a; Z1=-b PASS
[server_exit=0 client_exit=0]

$ taskset -c 0 /home/cyy/pcg-experiments/mVOLE-local-silent-bench/build-final/main --RMVOLE_NET_BENCH direct-server 0.0.0.0 39249 14 16 1 bench &
$ taskset -c 2 /home/cyy/pcg-experiments/mVOLE-local-silent-bench/build-final/main --RMVOLE_NET_BENCH direct-client 127.0.0.1 39249 14 16 1 bench
DIRECT_NOISY_SVOLE_TCP method=DIRECT_NOISY_SVOLE role=receiver-server-p0 mode=bench network=tcp-loopback address=0.0.0.0:39249 logN=14 N=16384 m=16 reps=1 requested_N=16384 generated_N=16384 code_size=0 noise_weight=0 partition_count=0 size_per_partition=0 base_ot_count=1024 base_ot_protocol_invocations=1 base_noisy_vole_count=0 silent_extension_count=0 base_correlation_setup_s=9.020945 silent_extension_s=0.000000 local_output_mapping_s=0.000000 total_s=9.020945 verify_s=0.000000 bytes_sent_by_role=2147483856 bytes_received_by_role=34840 harness_metadata_bytes=128 verification_opening_bytes=0 clean_protocol_bytes_by_role=2147483728 direct_payload_bytes=2147483728 silent_base_ot_bytes=0 silent_base_noisy_vole_bytes=0 silent_extension_payload_bytes=0 framing_bytes=0 notes=tcp_two_process; direct_libOTe_NoisyVole_length_N; BaseElem=u64; ExtElem=array<u64,M>; x=c; Z0=a; Z1=-b PASS
DIRECT_NOISY_SVOLE_TCP method=DIRECT_NOISY_SVOLE role=sender-client-p1 mode=bench network=tcp-loopback address=127.0.0.1:39249 logN=14 N=16384 m=16 reps=1 requested_N=16384 generated_N=16384 code_size=0 noise_weight=0 partition_count=0 size_per_partition=0 base_ot_count=1024 base_ot_protocol_invocations=1 base_noisy_vole_count=0 silent_extension_count=0 base_correlation_setup_s=14.235492 silent_extension_s=0.000000 local_output_mapping_s=0.000000 total_s=14.235492 verify_s=0.000000 bytes_sent_by_role=34840 bytes_received_by_role=2147483856 harness_metadata_bytes=0 verification_opening_bytes=0 clean_protocol_bytes_by_role=34840 direct_payload_bytes=34840 silent_base_ot_bytes=0 silent_base_noisy_vole_bytes=0 silent_extension_payload_bytes=0 framing_bytes=0 notes=tcp_two_process; direct_libOTe_NoisyVole_length_N; BaseElem=u64; ExtElem=array<u64,M>; x=c; Z0=a; Z1=-b PASS
[server_exit=0 client_exit=0]

$ taskset -c 0 /home/cyy/pcg-experiments/mVOLE-local-silent-bench/build-final/main --RMVOLE_NET_BENCH direct-server 0.0.0.0 39250 16 8 1 verify &
$ taskset -c 2 /home/cyy/pcg-experiments/mVOLE-local-silent-bench/build-final/main --RMVOLE_NET_BENCH direct-client 127.0.0.1 39250 16 8 1 verify
DIRECT_NOISY_SVOLE_TCP method=DIRECT_NOISY_SVOLE role=receiver-server-p0 mode=verify network=tcp-loopback address=0.0.0.0:39250 logN=16 N=65536 m=8 reps=1 requested_N=65536 generated_N=65536 code_size=0 noise_weight=0 partition_count=0 size_per_partition=0 base_ot_count=512 base_ot_protocol_invocations=1 base_noisy_vole_count=0 silent_extension_count=0 base_correlation_setup_s=9.459140 silent_extension_s=0.000000 local_output_mapping_s=0.000000 total_s=9.459140 verify_s=5.428507 bytes_sent_by_role=2147483792 bytes_received_by_role=4211744 harness_metadata_bytes=64 verification_opening_bytes=4194304 clean_protocol_bytes_by_role=2147483728 direct_payload_bytes=2147483728 silent_base_ot_bytes=0 silent_base_noisy_vole_bytes=0 silent_extension_payload_bytes=0 framing_bytes=0 notes=tcp_two_process; direct_libOTe_NoisyVole_length_N; BaseElem=u64; ExtElem=array<u64,M>; x=c; Z0=a; Z1=-b PASS
DIRECT_NOISY_SVOLE_TCP method=DIRECT_NOISY_SVOLE role=sender-client-p1 mode=verify network=tcp-loopback address=127.0.0.1:39250 logN=16 N=65536 m=8 reps=1 requested_N=65536 generated_N=65536 code_size=0 noise_weight=0 partition_count=0 size_per_partition=0 base_ot_count=512 base_ot_protocol_invocations=1 base_noisy_vole_count=0 silent_extension_count=0 base_correlation_setup_s=14.864517 silent_extension_s=0.000000 local_output_mapping_s=0.000000 total_s=14.864517 verify_s=0.007110 bytes_sent_by_role=4211744 bytes_received_by_role=2147483792 harness_metadata_bytes=0 verification_opening_bytes=4194304 clean_protocol_bytes_by_role=17440 direct_payload_bytes=17440 silent_base_ot_bytes=0 silent_base_noisy_vole_bytes=0 silent_extension_payload_bytes=0 framing_bytes=0 notes=tcp_two_process; direct_libOTe_NoisyVole_length_N; BaseElem=u64; ExtElem=array<u64,M>; x=c; Z0=a; Z1=-b PASS
[server_exit=0 client_exit=0]

$ taskset -c 0 /home/cyy/pcg-experiments/mVOLE-local-silent-bench/build-final/main --RMVOLE_NET_BENCH direct-server 0.0.0.0 39251 16 8 1 bench &
$ taskset -c 2 /home/cyy/pcg-experiments/mVOLE-local-silent-bench/build-final/main --RMVOLE_NET_BENCH direct-client 127.0.0.1 39251 16 8 1 bench
DIRECT_NOISY_SVOLE_TCP method=DIRECT_NOISY_SVOLE role=receiver-server-p0 mode=bench network=tcp-loopback address=0.0.0.0:39251 logN=16 N=65536 m=8 reps=1 requested_N=65536 generated_N=65536 code_size=0 noise_weight=0 partition_count=0 size_per_partition=0 base_ot_count=512 base_ot_protocol_invocations=1 base_noisy_vole_count=0 silent_extension_count=0 base_correlation_setup_s=9.471050 silent_extension_s=0.000000 local_output_mapping_s=0.000000 total_s=9.471050 verify_s=0.000000 bytes_sent_by_role=2147483792 bytes_received_by_role=17432 harness_metadata_bytes=64 verification_opening_bytes=0 clean_protocol_bytes_by_role=2147483728 direct_payload_bytes=2147483728 silent_base_ot_bytes=0 silent_base_noisy_vole_bytes=0 silent_extension_payload_bytes=0 framing_bytes=0 notes=tcp_two_process; direct_libOTe_NoisyVole_length_N; BaseElem=u64; ExtElem=array<u64,M>; x=c; Z0=a; Z1=-b PASS
DIRECT_NOISY_SVOLE_TCP method=DIRECT_NOISY_SVOLE role=sender-client-p1 mode=bench network=tcp-loopback address=127.0.0.1:39251 logN=16 N=65536 m=8 reps=1 requested_N=65536 generated_N=65536 code_size=0 noise_weight=0 partition_count=0 size_per_partition=0 base_ot_count=512 base_ot_protocol_invocations=1 base_noisy_vole_count=0 silent_extension_count=0 base_correlation_setup_s=14.890817 silent_extension_s=0.000000 local_output_mapping_s=0.000000 total_s=14.890817 verify_s=0.000000 bytes_sent_by_role=17432 bytes_received_by_role=2147483792 harness_metadata_bytes=0 verification_opening_bytes=0 clean_protocol_bytes_by_role=17432 direct_payload_bytes=17432 silent_base_ot_bytes=0 silent_base_noisy_vole_bytes=0 silent_extension_payload_bytes=0 framing_bytes=0 notes=tcp_two_process; direct_libOTe_NoisyVole_length_N; BaseElem=u64; ExtElem=array<u64,M>; x=c; Z0=a; Z1=-b PASS
[server_exit=0 client_exit=0]

$ taskset -c 0 /home/cyy/pcg-experiments/mVOLE-local-silent-bench/build-final/main --RMVOLE_NET_BENCH direct-server 0.0.0.0 39252 16 8 1 bench &
$ taskset -c 2 /home/cyy/pcg-experiments/mVOLE-local-silent-bench/build-final/main --RMVOLE_NET_BENCH direct-client 127.0.0.1 39252 16 8 1 bench
DIRECT_NOISY_SVOLE_TCP method=DIRECT_NOISY_SVOLE role=receiver-server-p0 mode=bench network=tcp-loopback address=0.0.0.0:39252 logN=16 N=65536 m=8 reps=1 requested_N=65536 generated_N=65536 code_size=0 noise_weight=0 partition_count=0 size_per_partition=0 base_ot_count=512 base_ot_protocol_invocations=1 base_noisy_vole_count=0 silent_extension_count=0 base_correlation_setup_s=9.455312 silent_extension_s=0.000000 local_output_mapping_s=0.000000 total_s=9.455312 verify_s=0.000000 bytes_sent_by_role=2147483792 bytes_received_by_role=17432 harness_metadata_bytes=64 verification_opening_bytes=0 clean_protocol_bytes_by_role=2147483728 direct_payload_bytes=2147483728 silent_base_ot_bytes=0 silent_base_noisy_vole_bytes=0 silent_extension_payload_bytes=0 framing_bytes=0 notes=tcp_two_process; direct_libOTe_NoisyVole_length_N; BaseElem=u64; ExtElem=array<u64,M>; x=c; Z0=a; Z1=-b PASS
DIRECT_NOISY_SVOLE_TCP method=DIRECT_NOISY_SVOLE role=sender-client-p1 mode=bench network=tcp-loopback address=127.0.0.1:39252 logN=16 N=65536 m=8 reps=1 requested_N=65536 generated_N=65536 code_size=0 noise_weight=0 partition_count=0 size_per_partition=0 base_ot_count=512 base_ot_protocol_invocations=1 base_noisy_vole_count=0 silent_extension_count=0 base_correlation_setup_s=14.771690 silent_extension_s=0.000000 local_output_mapping_s=0.000000 total_s=14.771690 verify_s=0.000000 bytes_sent_by_role=17432 bytes_received_by_role=2147483792 harness_metadata_bytes=0 verification_opening_bytes=0 clean_protocol_bytes_by_role=17432 direct_payload_bytes=17432 silent_base_ot_bytes=0 silent_base_noisy_vole_bytes=0 silent_extension_payload_bytes=0 framing_bytes=0 notes=tcp_two_process; direct_libOTe_NoisyVole_length_N; BaseElem=u64; ExtElem=array<u64,M>; x=c; Z0=a; Z1=-b PASS
[server_exit=0 client_exit=0]

$ taskset -c 0 /home/cyy/pcg-experiments/mVOLE-local-silent-bench/build-final/main --RMVOLE_NET_BENCH direct-server 0.0.0.0 39253 16 8 1 bench &
$ taskset -c 2 /home/cyy/pcg-experiments/mVOLE-local-silent-bench/build-final/main --RMVOLE_NET_BENCH direct-client 127.0.0.1 39253 16 8 1 bench
DIRECT_NOISY_SVOLE_TCP method=DIRECT_NOISY_SVOLE role=receiver-server-p0 mode=bench network=tcp-loopback address=0.0.0.0:39253 logN=16 N=65536 m=8 reps=1 requested_N=65536 generated_N=65536 code_size=0 noise_weight=0 partition_count=0 size_per_partition=0 base_ot_count=512 base_ot_protocol_invocations=1 base_noisy_vole_count=0 silent_extension_count=0 base_correlation_setup_s=9.470633 silent_extension_s=0.000000 local_output_mapping_s=0.000000 total_s=9.470633 verify_s=0.000000 bytes_sent_by_role=2147483792 bytes_received_by_role=17432 harness_metadata_bytes=64 verification_opening_bytes=0 clean_protocol_bytes_by_role=2147483728 direct_payload_bytes=2147483728 silent_base_ot_bytes=0 silent_base_noisy_vole_bytes=0 silent_extension_payload_bytes=0 framing_bytes=0 notes=tcp_two_process; direct_libOTe_NoisyVole_length_N; BaseElem=u64; ExtElem=array<u64,M>; x=c; Z0=a; Z1=-b PASS
DIRECT_NOISY_SVOLE_TCP method=DIRECT_NOISY_SVOLE role=sender-client-p1 mode=bench network=tcp-loopback address=127.0.0.1:39253 logN=16 N=65536 m=8 reps=1 requested_N=65536 generated_N=65536 code_size=0 noise_weight=0 partition_count=0 size_per_partition=0 base_ot_count=512 base_ot_protocol_invocations=1 base_noisy_vole_count=0 silent_extension_count=0 base_correlation_setup_s=14.916110 silent_extension_s=0.000000 local_output_mapping_s=0.000000 total_s=14.916110 verify_s=0.000000 bytes_sent_by_role=17432 bytes_received_by_role=2147483792 harness_metadata_bytes=0 verification_opening_bytes=0 clean_protocol_bytes_by_role=17432 direct_payload_bytes=17432 silent_base_ot_bytes=0 silent_base_noisy_vole_bytes=0 silent_extension_payload_bytes=0 framing_bytes=0 notes=tcp_two_process; direct_libOTe_NoisyVole_length_N; BaseElem=u64; ExtElem=array<u64,M>; x=c; Z0=a; Z1=-b PASS
[server_exit=0 client_exit=0]

$ taskset -c 0 /home/cyy/pcg-experiments/mVOLE-local-silent-bench/build-final/main --RMVOLE_NET_BENCH direct-server 0.0.0.0 39254 16 8 1 bench &
$ taskset -c 2 /home/cyy/pcg-experiments/mVOLE-local-silent-bench/build-final/main --RMVOLE_NET_BENCH direct-client 127.0.0.1 39254 16 8 1 bench
DIRECT_NOISY_SVOLE_TCP method=DIRECT_NOISY_SVOLE role=receiver-server-p0 mode=bench network=tcp-loopback address=0.0.0.0:39254 logN=16 N=65536 m=8 reps=1 requested_N=65536 generated_N=65536 code_size=0 noise_weight=0 partition_count=0 size_per_partition=0 base_ot_count=512 base_ot_protocol_invocations=1 base_noisy_vole_count=0 silent_extension_count=0 base_correlation_setup_s=9.457589 silent_extension_s=0.000000 local_output_mapping_s=0.000000 total_s=9.457589 verify_s=0.000000 bytes_sent_by_role=2147483792 bytes_received_by_role=17432 harness_metadata_bytes=64 verification_opening_bytes=0 clean_protocol_bytes_by_role=2147483728 direct_payload_bytes=2147483728 silent_base_ot_bytes=0 silent_base_noisy_vole_bytes=0 silent_extension_payload_bytes=0 framing_bytes=0 notes=tcp_two_process; direct_libOTe_NoisyVole_length_N; BaseElem=u64; ExtElem=array<u64,M>; x=c; Z0=a; Z1=-b PASS
DIRECT_NOISY_SVOLE_TCP method=DIRECT_NOISY_SVOLE role=sender-client-p1 mode=bench network=tcp-loopback address=127.0.0.1:39254 logN=16 N=65536 m=8 reps=1 requested_N=65536 generated_N=65536 code_size=0 noise_weight=0 partition_count=0 size_per_partition=0 base_ot_count=512 base_ot_protocol_invocations=1 base_noisy_vole_count=0 silent_extension_count=0 base_correlation_setup_s=14.872467 silent_extension_s=0.000000 local_output_mapping_s=0.000000 total_s=14.872467 verify_s=0.000000 bytes_sent_by_role=17432 bytes_received_by_role=2147483792 harness_metadata_bytes=0 verification_opening_bytes=0 clean_protocol_bytes_by_role=17432 direct_payload_bytes=17432 silent_base_ot_bytes=0 silent_base_noisy_vole_bytes=0 silent_extension_payload_bytes=0 framing_bytes=0 notes=tcp_two_process; direct_libOTe_NoisyVole_length_N; BaseElem=u64; ExtElem=array<u64,M>; x=c; Z0=a; Z1=-b PASS
[server_exit=0 client_exit=0]

$ taskset -c 0 /home/cyy/pcg-experiments/mVOLE-local-silent-bench/build-final/main --RMVOLE_NET_BENCH direct-server 0.0.0.0 39255 16 8 1 bench &
$ taskset -c 2 /home/cyy/pcg-experiments/mVOLE-local-silent-bench/build-final/main --RMVOLE_NET_BENCH direct-client 127.0.0.1 39255 16 8 1 bench
DIRECT_NOISY_SVOLE_TCP method=DIRECT_NOISY_SVOLE role=receiver-server-p0 mode=bench network=tcp-loopback address=0.0.0.0:39255 logN=16 N=65536 m=8 reps=1 requested_N=65536 generated_N=65536 code_size=0 noise_weight=0 partition_count=0 size_per_partition=0 base_ot_count=512 base_ot_protocol_invocations=1 base_noisy_vole_count=0 silent_extension_count=0 base_correlation_setup_s=9.475525 silent_extension_s=0.000000 local_output_mapping_s=0.000000 total_s=9.475525 verify_s=0.000000 bytes_sent_by_role=2147483792 bytes_received_by_role=17432 harness_metadata_bytes=64 verification_opening_bytes=0 clean_protocol_bytes_by_role=2147483728 direct_payload_bytes=2147483728 silent_base_ot_bytes=0 silent_base_noisy_vole_bytes=0 silent_extension_payload_bytes=0 framing_bytes=0 notes=tcp_two_process; direct_libOTe_NoisyVole_length_N; BaseElem=u64; ExtElem=array<u64,M>; x=c; Z0=a; Z1=-b PASS
DIRECT_NOISY_SVOLE_TCP method=DIRECT_NOISY_SVOLE role=sender-client-p1 mode=bench network=tcp-loopback address=127.0.0.1:39255 logN=16 N=65536 m=8 reps=1 requested_N=65536 generated_N=65536 code_size=0 noise_weight=0 partition_count=0 size_per_partition=0 base_ot_count=512 base_ot_protocol_invocations=1 base_noisy_vole_count=0 silent_extension_count=0 base_correlation_setup_s=14.886868 silent_extension_s=0.000000 local_output_mapping_s=0.000000 total_s=14.886868 verify_s=0.000000 bytes_sent_by_role=17432 bytes_received_by_role=2147483792 harness_metadata_bytes=0 verification_opening_bytes=0 clean_protocol_bytes_by_role=17432 direct_payload_bytes=17432 silent_base_ot_bytes=0 silent_base_noisy_vole_bytes=0 silent_extension_payload_bytes=0 framing_bytes=0 notes=tcp_two_process; direct_libOTe_NoisyVole_length_N; BaseElem=u64; ExtElem=array<u64,M>; x=c; Z0=a; Z1=-b PASS
[server_exit=0 client_exit=0]

$ taskset -c 0 /home/cyy/pcg-experiments/mVOLE-local-silent-bench/build-final/main --RMVOLE_NET_BENCH direct-server 0.0.0.0 39256 16 8 1 bench &
$ taskset -c 2 /home/cyy/pcg-experiments/mVOLE-local-silent-bench/build-final/main --RMVOLE_NET_BENCH direct-client 127.0.0.1 39256 16 8 1 bench
DIRECT_NOISY_SVOLE_TCP method=DIRECT_NOISY_SVOLE role=receiver-server-p0 mode=bench network=tcp-loopback address=0.0.0.0:39256 logN=16 N=65536 m=8 reps=1 requested_N=65536 generated_N=65536 code_size=0 noise_weight=0 partition_count=0 size_per_partition=0 base_ot_count=512 base_ot_protocol_invocations=1 base_noisy_vole_count=0 silent_extension_count=0 base_correlation_setup_s=9.463389 silent_extension_s=0.000000 local_output_mapping_s=0.000000 total_s=9.463389 verify_s=0.000000 bytes_sent_by_role=2147483792 bytes_received_by_role=17432 harness_metadata_bytes=64 verification_opening_bytes=0 clean_protocol_bytes_by_role=2147483728 direct_payload_bytes=2147483728 silent_base_ot_bytes=0 silent_base_noisy_vole_bytes=0 silent_extension_payload_bytes=0 framing_bytes=0 notes=tcp_two_process; direct_libOTe_NoisyVole_length_N; BaseElem=u64; ExtElem=array<u64,M>; x=c; Z0=a; Z1=-b PASS
DIRECT_NOISY_SVOLE_TCP method=DIRECT_NOISY_SVOLE role=sender-client-p1 mode=bench network=tcp-loopback address=127.0.0.1:39256 logN=16 N=65536 m=8 reps=1 requested_N=65536 generated_N=65536 code_size=0 noise_weight=0 partition_count=0 size_per_partition=0 base_ot_count=512 base_ot_protocol_invocations=1 base_noisy_vole_count=0 silent_extension_count=0 base_correlation_setup_s=14.843291 silent_extension_s=0.000000 local_output_mapping_s=0.000000 total_s=14.843291 verify_s=0.000000 bytes_sent_by_role=17432 bytes_received_by_role=2147483792 harness_metadata_bytes=0 verification_opening_bytes=0 clean_protocol_bytes_by_role=17432 direct_payload_bytes=17432 silent_base_ot_bytes=0 silent_base_noisy_vole_bytes=0 silent_extension_payload_bytes=0 framing_bytes=0 notes=tcp_two_process; direct_libOTe_NoisyVole_length_N; BaseElem=u64; ExtElem=array<u64,M>; x=c; Z0=a; Z1=-b PASS
[server_exit=0 client_exit=0]

$ taskset -c 0 /home/cyy/pcg-experiments/mVOLE-local-silent-bench/build-final/main --RMVOLE_NET_BENCH silent-server 0.0.0.0 39257 12 8 1 verify &
$ taskset -c 2 /home/cyy/pcg-experiments/mVOLE-local-silent-bench/build-final/main --RMVOLE_NET_BENCH silent-client 127.0.0.1 39257 12 8 1 verify
SILENT_SVOLE_TCP method=SILENT_SVOLE role=receiver-server-p0 mode=verify network=tcp-loopback address=0.0.0.0:39257 logN=12 N=4096 m=8 reps=1 requested_N=4096 generated_N=4096 code_size=8432 noise_weight=248 partition_count=248 size_per_partition=34 base_ot_count=1488 base_ot_protocol_invocations=1 base_noisy_vole_count=248 silent_extension_count=1 base_correlation_setup_s=0.290649 silent_extension_s=0.057824 local_output_mapping_s=0.000000 total_s=0.348473 verify_s=0.000978 bytes_sent_by_role=8174288 bytes_received_by_role=382080 harness_metadata_bytes=64 verification_opening_bytes=262144 clean_protocol_bytes_by_role=7912080 direct_payload_bytes=0 silent_base_ot_bytes=47616 silent_base_noisy_vole_bytes=47816 silent_extension_payload_bytes=8126472 framing_bytes=0 notes=tcp_two_process; libOTe_SilentVole; semi_honest_128; MultType=ExConv7x24; BaseElem=u64; ExtElem=array<u64,M>; x=c; Z0=a; Z1=-b PASS
SILENT_SVOLE_TCP method=SILENT_SVOLE role=sender-client-p1 mode=verify network=tcp-loopback address=127.0.0.1:39257 logN=12 N=4096 m=8 reps=1 requested_N=4096 generated_N=4096 code_size=8432 noise_weight=248 partition_count=248 size_per_partition=34 base_ot_count=1488 base_ot_protocol_invocations=1 base_noisy_vole_count=248 silent_extension_count=1 base_correlation_setup_s=0.333771 silent_extension_s=0.002219 local_output_mapping_s=0.000000 total_s=0.335990 verify_s=0.000019 bytes_sent_by_role=382080 bytes_received_by_role=8174288 harness_metadata_bytes=0 verification_opening_bytes=262144 clean_protocol_bytes_by_role=119936 direct_payload_bytes=0 silent_base_ot_bytes=47616 silent_base_noisy_vole_bytes=16512 silent_extension_payload_bytes=0 framing_bytes=103424 notes=tcp_two_process; libOTe_SilentVole; semi_honest_128; MultType=ExConv7x24; BaseElem=u64; ExtElem=array<u64,M>; x=c; Z0=a; Z1=-b PASS
[server_exit=0 client_exit=0]

$ taskset -c 0 /home/cyy/pcg-experiments/mVOLE-local-silent-bench/build-final/main --RMVOLE_NET_BENCH silent-server 0.0.0.0 39258 12 8 1 bench &
$ taskset -c 2 /home/cyy/pcg-experiments/mVOLE-local-silent-bench/build-final/main --RMVOLE_NET_BENCH silent-client 127.0.0.1 39258 12 8 1 bench
SILENT_SVOLE_TCP method=SILENT_SVOLE role=receiver-server-p0 mode=bench network=tcp-loopback address=0.0.0.0:39258 logN=12 N=4096 m=8 reps=1 requested_N=4096 generated_N=4096 code_size=8432 noise_weight=248 partition_count=248 size_per_partition=34 base_ot_count=1488 base_ot_protocol_invocations=1 base_noisy_vole_count=248 silent_extension_count=1 base_correlation_setup_s=0.290963 silent_extension_s=0.057618 local_output_mapping_s=0.000000 total_s=0.348581 verify_s=0.000000 bytes_sent_by_role=8174288 bytes_received_by_role=119928 harness_metadata_bytes=64 verification_opening_bytes=0 clean_protocol_bytes_by_role=8174224 direct_payload_bytes=0 silent_base_ot_bytes=47616 silent_base_noisy_vole_bytes=47816 silent_extension_payload_bytes=8126472 framing_bytes=0 notes=tcp_two_process; libOTe_SilentVole; semi_honest_128; MultType=ExConv7x24; BaseElem=u64; ExtElem=array<u64,M>; x=c; Z0=a; Z1=-b PASS
SILENT_SVOLE_TCP method=SILENT_SVOLE role=sender-client-p1 mode=bench network=tcp-loopback address=127.0.0.1:39258 logN=12 N=4096 m=8 reps=1 requested_N=4096 generated_N=4096 code_size=8432 noise_weight=248 partition_count=248 size_per_partition=34 base_ot_count=1488 base_ot_protocol_invocations=1 base_noisy_vole_count=248 silent_extension_count=1 base_correlation_setup_s=0.332321 silent_extension_s=0.002254 local_output_mapping_s=0.000000 total_s=0.334575 verify_s=0.000000 bytes_sent_by_role=119928 bytes_received_by_role=8174288 harness_metadata_bytes=0 verification_opening_bytes=0 clean_protocol_bytes_by_role=119928 direct_payload_bytes=0 silent_base_ot_bytes=47616 silent_base_noisy_vole_bytes=16512 silent_extension_payload_bytes=0 framing_bytes=103416 notes=tcp_two_process; libOTe_SilentVole; semi_honest_128; MultType=ExConv7x24; BaseElem=u64; ExtElem=array<u64,M>; x=c; Z0=a; Z1=-b PASS
[server_exit=0 client_exit=0]

$ taskset -c 0 /home/cyy/pcg-experiments/mVOLE-local-silent-bench/build-final/main --RMVOLE_NET_BENCH silent-server 0.0.0.0 39259 12 8 1 bench &
$ taskset -c 2 /home/cyy/pcg-experiments/mVOLE-local-silent-bench/build-final/main --RMVOLE_NET_BENCH silent-client 127.0.0.1 39259 12 8 1 bench
SILENT_SVOLE_TCP method=SILENT_SVOLE role=receiver-server-p0 mode=bench network=tcp-loopback address=0.0.0.0:39259 logN=12 N=4096 m=8 reps=1 requested_N=4096 generated_N=4096 code_size=8432 noise_weight=248 partition_count=248 size_per_partition=34 base_ot_count=1488 base_ot_protocol_invocations=1 base_noisy_vole_count=248 silent_extension_count=1 base_correlation_setup_s=0.291802 silent_extension_s=0.058573 local_output_mapping_s=0.000000 total_s=0.350375 verify_s=0.000000 bytes_sent_by_role=8174288 bytes_received_by_role=119928 harness_metadata_bytes=64 verification_opening_bytes=0 clean_protocol_bytes_by_role=8174224 direct_payload_bytes=0 silent_base_ot_bytes=47616 silent_base_noisy_vole_bytes=47816 silent_extension_payload_bytes=8126472 framing_bytes=0 notes=tcp_two_process; libOTe_SilentVole; semi_honest_128; MultType=ExConv7x24; BaseElem=u64; ExtElem=array<u64,M>; x=c; Z0=a; Z1=-b PASS
SILENT_SVOLE_TCP method=SILENT_SVOLE role=sender-client-p1 mode=bench network=tcp-loopback address=127.0.0.1:39259 logN=12 N=4096 m=8 reps=1 requested_N=4096 generated_N=4096 code_size=8432 noise_weight=248 partition_count=248 size_per_partition=34 base_ot_count=1488 base_ot_protocol_invocations=1 base_noisy_vole_count=248 silent_extension_count=1 base_correlation_setup_s=0.335923 silent_extension_s=0.002223 local_output_mapping_s=0.000000 total_s=0.338146 verify_s=0.000000 bytes_sent_by_role=119928 bytes_received_by_role=8174288 harness_metadata_bytes=0 verification_opening_bytes=0 clean_protocol_bytes_by_role=119928 direct_payload_bytes=0 silent_base_ot_bytes=47616 silent_base_noisy_vole_bytes=16512 silent_extension_payload_bytes=0 framing_bytes=103416 notes=tcp_two_process; libOTe_SilentVole; semi_honest_128; MultType=ExConv7x24; BaseElem=u64; ExtElem=array<u64,M>; x=c; Z0=a; Z1=-b PASS
[server_exit=0 client_exit=0]

$ taskset -c 0 /home/cyy/pcg-experiments/mVOLE-local-silent-bench/build-final/main --RMVOLE_NET_BENCH silent-server 0.0.0.0 39260 12 8 1 bench &
$ taskset -c 2 /home/cyy/pcg-experiments/mVOLE-local-silent-bench/build-final/main --RMVOLE_NET_BENCH silent-client 127.0.0.1 39260 12 8 1 bench
SILENT_SVOLE_TCP method=SILENT_SVOLE role=receiver-server-p0 mode=bench network=tcp-loopback address=0.0.0.0:39260 logN=12 N=4096 m=8 reps=1 requested_N=4096 generated_N=4096 code_size=8432 noise_weight=248 partition_count=248 size_per_partition=34 base_ot_count=1488 base_ot_protocol_invocations=1 base_noisy_vole_count=248 silent_extension_count=1 base_correlation_setup_s=0.291227 silent_extension_s=0.057548 local_output_mapping_s=0.000000 total_s=0.348775 verify_s=0.000000 bytes_sent_by_role=8174288 bytes_received_by_role=119928 harness_metadata_bytes=64 verification_opening_bytes=0 clean_protocol_bytes_by_role=8174224 direct_payload_bytes=0 silent_base_ot_bytes=47616 silent_base_noisy_vole_bytes=47816 silent_extension_payload_bytes=8126472 framing_bytes=0 notes=tcp_two_process; libOTe_SilentVole; semi_honest_128; MultType=ExConv7x24; BaseElem=u64; ExtElem=array<u64,M>; x=c; Z0=a; Z1=-b PASS
SILENT_SVOLE_TCP method=SILENT_SVOLE role=sender-client-p1 mode=bench network=tcp-loopback address=127.0.0.1:39260 logN=12 N=4096 m=8 reps=1 requested_N=4096 generated_N=4096 code_size=8432 noise_weight=248 partition_count=248 size_per_partition=34 base_ot_count=1488 base_ot_protocol_invocations=1 base_noisy_vole_count=248 silent_extension_count=1 base_correlation_setup_s=0.334656 silent_extension_s=0.002222 local_output_mapping_s=0.000000 total_s=0.336878 verify_s=0.000000 bytes_sent_by_role=119928 bytes_received_by_role=8174288 harness_metadata_bytes=0 verification_opening_bytes=0 clean_protocol_bytes_by_role=119928 direct_payload_bytes=0 silent_base_ot_bytes=47616 silent_base_noisy_vole_bytes=16512 silent_extension_payload_bytes=0 framing_bytes=103416 notes=tcp_two_process; libOTe_SilentVole; semi_honest_128; MultType=ExConv7x24; BaseElem=u64; ExtElem=array<u64,M>; x=c; Z0=a; Z1=-b PASS
[server_exit=0 client_exit=0]

$ taskset -c 0 /home/cyy/pcg-experiments/mVOLE-local-silent-bench/build-final/main --RMVOLE_NET_BENCH silent-server 0.0.0.0 39261 12 8 1 bench &
$ taskset -c 2 /home/cyy/pcg-experiments/mVOLE-local-silent-bench/build-final/main --RMVOLE_NET_BENCH silent-client 127.0.0.1 39261 12 8 1 bench
SILENT_SVOLE_TCP method=SILENT_SVOLE role=receiver-server-p0 mode=bench network=tcp-loopback address=0.0.0.0:39261 logN=12 N=4096 m=8 reps=1 requested_N=4096 generated_N=4096 code_size=8432 noise_weight=248 partition_count=248 size_per_partition=34 base_ot_count=1488 base_ot_protocol_invocations=1 base_noisy_vole_count=248 silent_extension_count=1 base_correlation_setup_s=0.290962 silent_extension_s=0.058024 local_output_mapping_s=0.000000 total_s=0.348986 verify_s=0.000000 bytes_sent_by_role=8174288 bytes_received_by_role=119928 harness_metadata_bytes=64 verification_opening_bytes=0 clean_protocol_bytes_by_role=8174224 direct_payload_bytes=0 silent_base_ot_bytes=47616 silent_base_noisy_vole_bytes=47816 silent_extension_payload_bytes=8126472 framing_bytes=0 notes=tcp_two_process; libOTe_SilentVole; semi_honest_128; MultType=ExConv7x24; BaseElem=u64; ExtElem=array<u64,M>; x=c; Z0=a; Z1=-b PASS
SILENT_SVOLE_TCP method=SILENT_SVOLE role=sender-client-p1 mode=bench network=tcp-loopback address=127.0.0.1:39261 logN=12 N=4096 m=8 reps=1 requested_N=4096 generated_N=4096 code_size=8432 noise_weight=248 partition_count=248 size_per_partition=34 base_ot_count=1488 base_ot_protocol_invocations=1 base_noisy_vole_count=248 silent_extension_count=1 base_correlation_setup_s=0.333404 silent_extension_s=0.002217 local_output_mapping_s=0.000000 total_s=0.335622 verify_s=0.000000 bytes_sent_by_role=119928 bytes_received_by_role=8174288 harness_metadata_bytes=0 verification_opening_bytes=0 clean_protocol_bytes_by_role=119928 direct_payload_bytes=0 silent_base_ot_bytes=47616 silent_base_noisy_vole_bytes=16512 silent_extension_payload_bytes=0 framing_bytes=103416 notes=tcp_two_process; libOTe_SilentVole; semi_honest_128; MultType=ExConv7x24; BaseElem=u64; ExtElem=array<u64,M>; x=c; Z0=a; Z1=-b PASS
[server_exit=0 client_exit=0]

$ taskset -c 0 /home/cyy/pcg-experiments/mVOLE-local-silent-bench/build-final/main --RMVOLE_NET_BENCH silent-server 0.0.0.0 39262 12 8 1 bench &
$ taskset -c 2 /home/cyy/pcg-experiments/mVOLE-local-silent-bench/build-final/main --RMVOLE_NET_BENCH silent-client 127.0.0.1 39262 12 8 1 bench
SILENT_SVOLE_TCP method=SILENT_SVOLE role=receiver-server-p0 mode=bench network=tcp-loopback address=0.0.0.0:39262 logN=12 N=4096 m=8 reps=1 requested_N=4096 generated_N=4096 code_size=8432 noise_weight=248 partition_count=248 size_per_partition=34 base_ot_count=1488 base_ot_protocol_invocations=1 base_noisy_vole_count=248 silent_extension_count=1 base_correlation_setup_s=0.290576 silent_extension_s=0.058026 local_output_mapping_s=0.000000 total_s=0.348603 verify_s=0.000000 bytes_sent_by_role=8174288 bytes_received_by_role=119928 harness_metadata_bytes=64 verification_opening_bytes=0 clean_protocol_bytes_by_role=8174224 direct_payload_bytes=0 silent_base_ot_bytes=47616 silent_base_noisy_vole_bytes=47816 silent_extension_payload_bytes=8126472 framing_bytes=0 notes=tcp_two_process; libOTe_SilentVole; semi_honest_128; MultType=ExConv7x24; BaseElem=u64; ExtElem=array<u64,M>; x=c; Z0=a; Z1=-b PASS
SILENT_SVOLE_TCP method=SILENT_SVOLE role=sender-client-p1 mode=bench network=tcp-loopback address=127.0.0.1:39262 logN=12 N=4096 m=8 reps=1 requested_N=4096 generated_N=4096 code_size=8432 noise_weight=248 partition_count=248 size_per_partition=34 base_ot_count=1488 base_ot_protocol_invocations=1 base_noisy_vole_count=248 silent_extension_count=1 base_correlation_setup_s=0.332068 silent_extension_s=0.002209 local_output_mapping_s=0.000000 total_s=0.334277 verify_s=0.000000 bytes_sent_by_role=119928 bytes_received_by_role=8174288 harness_metadata_bytes=0 verification_opening_bytes=0 clean_protocol_bytes_by_role=119928 direct_payload_bytes=0 silent_base_ot_bytes=47616 silent_base_noisy_vole_bytes=16512 silent_extension_payload_bytes=0 framing_bytes=103416 notes=tcp_two_process; libOTe_SilentVole; semi_honest_128; MultType=ExConv7x24; BaseElem=u64; ExtElem=array<u64,M>; x=c; Z0=a; Z1=-b PASS
[server_exit=0 client_exit=0]

$ taskset -c 0 /home/cyy/pcg-experiments/mVOLE-local-silent-bench/build-final/main --RMVOLE_NET_BENCH silent-server 0.0.0.0 39263 12 8 1 bench &
$ taskset -c 2 /home/cyy/pcg-experiments/mVOLE-local-silent-bench/build-final/main --RMVOLE_NET_BENCH silent-client 127.0.0.1 39263 12 8 1 bench
SILENT_SVOLE_TCP method=SILENT_SVOLE role=receiver-server-p0 mode=bench network=tcp-loopback address=0.0.0.0:39263 logN=12 N=4096 m=8 reps=1 requested_N=4096 generated_N=4096 code_size=8432 noise_weight=248 partition_count=248 size_per_partition=34 base_ot_count=1488 base_ot_protocol_invocations=1 base_noisy_vole_count=248 silent_extension_count=1 base_correlation_setup_s=0.291094 silent_extension_s=0.057923 local_output_mapping_s=0.000000 total_s=0.349017 verify_s=0.000000 bytes_sent_by_role=8174288 bytes_received_by_role=119928 harness_metadata_bytes=64 verification_opening_bytes=0 clean_protocol_bytes_by_role=8174224 direct_payload_bytes=0 silent_base_ot_bytes=47616 silent_base_noisy_vole_bytes=47816 silent_extension_payload_bytes=8126472 framing_bytes=0 notes=tcp_two_process; libOTe_SilentVole; semi_honest_128; MultType=ExConv7x24; BaseElem=u64; ExtElem=array<u64,M>; x=c; Z0=a; Z1=-b PASS
SILENT_SVOLE_TCP method=SILENT_SVOLE role=sender-client-p1 mode=bench network=tcp-loopback address=127.0.0.1:39263 logN=12 N=4096 m=8 reps=1 requested_N=4096 generated_N=4096 code_size=8432 noise_weight=248 partition_count=248 size_per_partition=34 base_ot_count=1488 base_ot_protocol_invocations=1 base_noisy_vole_count=248 silent_extension_count=1 base_correlation_setup_s=0.327583 silent_extension_s=0.002220 local_output_mapping_s=0.000000 total_s=0.329803 verify_s=0.000000 bytes_sent_by_role=119928 bytes_received_by_role=8174288 harness_metadata_bytes=0 verification_opening_bytes=0 clean_protocol_bytes_by_role=119928 direct_payload_bytes=0 silent_base_ot_bytes=47616 silent_base_noisy_vole_bytes=16512 silent_extension_payload_bytes=0 framing_bytes=103416 notes=tcp_two_process; libOTe_SilentVole; semi_honest_128; MultType=ExConv7x24; BaseElem=u64; ExtElem=array<u64,M>; x=c; Z0=a; Z1=-b PASS
[server_exit=0 client_exit=0]

$ taskset -c 0 /home/cyy/pcg-experiments/mVOLE-local-silent-bench/build-final/main --RMVOLE_NET_BENCH silent-server 0.0.0.0 39264 12 8 1 bench &
$ taskset -c 2 /home/cyy/pcg-experiments/mVOLE-local-silent-bench/build-final/main --RMVOLE_NET_BENCH silent-client 127.0.0.1 39264 12 8 1 bench
SILENT_SVOLE_TCP method=SILENT_SVOLE role=receiver-server-p0 mode=bench network=tcp-loopback address=0.0.0.0:39264 logN=12 N=4096 m=8 reps=1 requested_N=4096 generated_N=4096 code_size=8432 noise_weight=248 partition_count=248 size_per_partition=34 base_ot_count=1488 base_ot_protocol_invocations=1 base_noisy_vole_count=248 silent_extension_count=1 base_correlation_setup_s=0.290895 silent_extension_s=0.059210 local_output_mapping_s=0.000000 total_s=0.350105 verify_s=0.000000 bytes_sent_by_role=8174288 bytes_received_by_role=119928 harness_metadata_bytes=64 verification_opening_bytes=0 clean_protocol_bytes_by_role=8174224 direct_payload_bytes=0 silent_base_ot_bytes=47616 silent_base_noisy_vole_bytes=47816 silent_extension_payload_bytes=8126472 framing_bytes=0 notes=tcp_two_process; libOTe_SilentVole; semi_honest_128; MultType=ExConv7x24; BaseElem=u64; ExtElem=array<u64,M>; x=c; Z0=a; Z1=-b PASS
SILENT_SVOLE_TCP method=SILENT_SVOLE role=sender-client-p1 mode=bench network=tcp-loopback address=127.0.0.1:39264 logN=12 N=4096 m=8 reps=1 requested_N=4096 generated_N=4096 code_size=8432 noise_weight=248 partition_count=248 size_per_partition=34 base_ot_count=1488 base_ot_protocol_invocations=1 base_noisy_vole_count=248 silent_extension_count=1 base_correlation_setup_s=0.335192 silent_extension_s=0.002255 local_output_mapping_s=0.000000 total_s=0.337446 verify_s=0.000000 bytes_sent_by_role=119928 bytes_received_by_role=8174288 harness_metadata_bytes=0 verification_opening_bytes=0 clean_protocol_bytes_by_role=119928 direct_payload_bytes=0 silent_base_ot_bytes=47616 silent_base_noisy_vole_bytes=16512 silent_extension_payload_bytes=0 framing_bytes=103416 notes=tcp_two_process; libOTe_SilentVole; semi_honest_128; MultType=ExConv7x24; BaseElem=u64; ExtElem=array<u64,M>; x=c; Z0=a; Z1=-b PASS
[server_exit=0 client_exit=0]

$ taskset -c 0 /home/cyy/pcg-experiments/mVOLE-local-silent-bench/build-final/main --RMVOLE_NET_BENCH silent-server 0.0.0.0 39265 12 8 1 bench &
$ taskset -c 2 /home/cyy/pcg-experiments/mVOLE-local-silent-bench/build-final/main --RMVOLE_NET_BENCH silent-client 127.0.0.1 39265 12 8 1 bench
SILENT_SVOLE_TCP method=SILENT_SVOLE role=receiver-server-p0 mode=bench network=tcp-loopback address=0.0.0.0:39265 logN=12 N=4096 m=8 reps=1 requested_N=4096 generated_N=4096 code_size=8432 noise_weight=248 partition_count=248 size_per_partition=34 base_ot_count=1488 base_ot_protocol_invocations=1 base_noisy_vole_count=248 silent_extension_count=1 base_correlation_setup_s=0.291602 silent_extension_s=0.058245 local_output_mapping_s=0.000000 total_s=0.349847 verify_s=0.000000 bytes_sent_by_role=8174288 bytes_received_by_role=119928 harness_metadata_bytes=64 verification_opening_bytes=0 clean_protocol_bytes_by_role=8174224 direct_payload_bytes=0 silent_base_ot_bytes=47616 silent_base_noisy_vole_bytes=47816 silent_extension_payload_bytes=8126472 framing_bytes=0 notes=tcp_two_process; libOTe_SilentVole; semi_honest_128; MultType=ExConv7x24; BaseElem=u64; ExtElem=array<u64,M>; x=c; Z0=a; Z1=-b PASS
SILENT_SVOLE_TCP method=SILENT_SVOLE role=sender-client-p1 mode=bench network=tcp-loopback address=127.0.0.1:39265 logN=12 N=4096 m=8 reps=1 requested_N=4096 generated_N=4096 code_size=8432 noise_weight=248 partition_count=248 size_per_partition=34 base_ot_count=1488 base_ot_protocol_invocations=1 base_noisy_vole_count=248 silent_extension_count=1 base_correlation_setup_s=0.332311 silent_extension_s=0.002226 local_output_mapping_s=0.000000 total_s=0.334537 verify_s=0.000000 bytes_sent_by_role=119928 bytes_received_by_role=8174288 harness_metadata_bytes=0 verification_opening_bytes=0 clean_protocol_bytes_by_role=119928 direct_payload_bytes=0 silent_base_ot_bytes=47616 silent_base_noisy_vole_bytes=16512 silent_extension_payload_bytes=0 framing_bytes=103416 notes=tcp_two_process; libOTe_SilentVole; semi_honest_128; MultType=ExConv7x24; BaseElem=u64; ExtElem=array<u64,M>; x=c; Z0=a; Z1=-b PASS
[server_exit=0 client_exit=0]

$ taskset -c 0 /home/cyy/pcg-experiments/mVOLE-local-silent-bench/build-final/main --RMVOLE_NET_BENCH silent-server 0.0.0.0 39266 12 8 1 bench &
$ taskset -c 2 /home/cyy/pcg-experiments/mVOLE-local-silent-bench/build-final/main --RMVOLE_NET_BENCH silent-client 127.0.0.1 39266 12 8 1 bench
SILENT_SVOLE_TCP method=SILENT_SVOLE role=receiver-server-p0 mode=bench network=tcp-loopback address=0.0.0.0:39266 logN=12 N=4096 m=8 reps=1 requested_N=4096 generated_N=4096 code_size=8432 noise_weight=248 partition_count=248 size_per_partition=34 base_ot_count=1488 base_ot_protocol_invocations=1 base_noisy_vole_count=248 silent_extension_count=1 base_correlation_setup_s=0.291014 silent_extension_s=0.058182 local_output_mapping_s=0.000000 total_s=0.349196 verify_s=0.000000 bytes_sent_by_role=8174288 bytes_received_by_role=119928 harness_metadata_bytes=64 verification_opening_bytes=0 clean_protocol_bytes_by_role=8174224 direct_payload_bytes=0 silent_base_ot_bytes=47616 silent_base_noisy_vole_bytes=47816 silent_extension_payload_bytes=8126472 framing_bytes=0 notes=tcp_two_process; libOTe_SilentVole; semi_honest_128; MultType=ExConv7x24; BaseElem=u64; ExtElem=array<u64,M>; x=c; Z0=a; Z1=-b PASS
SILENT_SVOLE_TCP method=SILENT_SVOLE role=sender-client-p1 mode=bench network=tcp-loopback address=127.0.0.1:39266 logN=12 N=4096 m=8 reps=1 requested_N=4096 generated_N=4096 code_size=8432 noise_weight=248 partition_count=248 size_per_partition=34 base_ot_count=1488 base_ot_protocol_invocations=1 base_noisy_vole_count=248 silent_extension_count=1 base_correlation_setup_s=0.334679 silent_extension_s=0.002235 local_output_mapping_s=0.000000 total_s=0.336914 verify_s=0.000000 bytes_sent_by_role=119928 bytes_received_by_role=8174288 harness_metadata_bytes=0 verification_opening_bytes=0 clean_protocol_bytes_by_role=119928 direct_payload_bytes=0 silent_base_ot_bytes=47616 silent_base_noisy_vole_bytes=16512 silent_extension_payload_bytes=0 framing_bytes=103416 notes=tcp_two_process; libOTe_SilentVole; semi_honest_128; MultType=ExConv7x24; BaseElem=u64; ExtElem=array<u64,M>; x=c; Z0=a; Z1=-b PASS
[server_exit=0 client_exit=0]

$ taskset -c 0 /home/cyy/pcg-experiments/mVOLE-local-silent-bench/build-final/main --RMVOLE_NET_BENCH silent-server 0.0.0.0 39267 12 8 1 bench &
$ taskset -c 2 /home/cyy/pcg-experiments/mVOLE-local-silent-bench/build-final/main --RMVOLE_NET_BENCH silent-client 127.0.0.1 39267 12 8 1 bench
SILENT_SVOLE_TCP method=SILENT_SVOLE role=receiver-server-p0 mode=bench network=tcp-loopback address=0.0.0.0:39267 logN=12 N=4096 m=8 reps=1 requested_N=4096 generated_N=4096 code_size=8432 noise_weight=248 partition_count=248 size_per_partition=34 base_ot_count=1488 base_ot_protocol_invocations=1 base_noisy_vole_count=248 silent_extension_count=1 base_correlation_setup_s=0.291217 silent_extension_s=0.058501 local_output_mapping_s=0.000000 total_s=0.349719 verify_s=0.000000 bytes_sent_by_role=8174288 bytes_received_by_role=119928 harness_metadata_bytes=64 verification_opening_bytes=0 clean_protocol_bytes_by_role=8174224 direct_payload_bytes=0 silent_base_ot_bytes=47616 silent_base_noisy_vole_bytes=47816 silent_extension_payload_bytes=8126472 framing_bytes=0 notes=tcp_two_process; libOTe_SilentVole; semi_honest_128; MultType=ExConv7x24; BaseElem=u64; ExtElem=array<u64,M>; x=c; Z0=a; Z1=-b PASS
SILENT_SVOLE_TCP method=SILENT_SVOLE role=sender-client-p1 mode=bench network=tcp-loopback address=127.0.0.1:39267 logN=12 N=4096 m=8 reps=1 requested_N=4096 generated_N=4096 code_size=8432 noise_weight=248 partition_count=248 size_per_partition=34 base_ot_count=1488 base_ot_protocol_invocations=1 base_noisy_vole_count=248 silent_extension_count=1 base_correlation_setup_s=0.334844 silent_extension_s=0.002221 local_output_mapping_s=0.000000 total_s=0.337065 verify_s=0.000000 bytes_sent_by_role=119928 bytes_received_by_role=8174288 harness_metadata_bytes=0 verification_opening_bytes=0 clean_protocol_bytes_by_role=119928 direct_payload_bytes=0 silent_base_ot_bytes=47616 silent_base_noisy_vole_bytes=16512 silent_extension_payload_bytes=0 framing_bytes=103416 notes=tcp_two_process; libOTe_SilentVole; semi_honest_128; MultType=ExConv7x24; BaseElem=u64; ExtElem=array<u64,M>; x=c; Z0=a; Z1=-b PASS
[server_exit=0 client_exit=0]

$ taskset -c 0 /home/cyy/pcg-experiments/mVOLE-local-silent-bench/build-final/main --RMVOLE_NET_BENCH silent-server 0.0.0.0 39268 12 8 1 bench &
$ taskset -c 2 /home/cyy/pcg-experiments/mVOLE-local-silent-bench/build-final/main --RMVOLE_NET_BENCH silent-client 127.0.0.1 39268 12 8 1 bench
SILENT_SVOLE_TCP method=SILENT_SVOLE role=receiver-server-p0 mode=bench network=tcp-loopback address=0.0.0.0:39268 logN=12 N=4096 m=8 reps=1 requested_N=4096 generated_N=4096 code_size=8432 noise_weight=248 partition_count=248 size_per_partition=34 base_ot_count=1488 base_ot_protocol_invocations=1 base_noisy_vole_count=248 silent_extension_count=1 base_correlation_setup_s=0.290029 silent_extension_s=0.058271 local_output_mapping_s=0.000000 total_s=0.348300 verify_s=0.000000 bytes_sent_by_role=8174288 bytes_received_by_role=119928 harness_metadata_bytes=64 verification_opening_bytes=0 clean_protocol_bytes_by_role=8174224 direct_payload_bytes=0 silent_base_ot_bytes=47616 silent_base_noisy_vole_bytes=47816 silent_extension_payload_bytes=8126472 framing_bytes=0 notes=tcp_two_process; libOTe_SilentVole; semi_honest_128; MultType=ExConv7x24; BaseElem=u64; ExtElem=array<u64,M>; x=c; Z0=a; Z1=-b PASS
SILENT_SVOLE_TCP method=SILENT_SVOLE role=sender-client-p1 mode=bench network=tcp-loopback address=127.0.0.1:39268 logN=12 N=4096 m=8 reps=1 requested_N=4096 generated_N=4096 code_size=8432 noise_weight=248 partition_count=248 size_per_partition=34 base_ot_count=1488 base_ot_protocol_invocations=1 base_noisy_vole_count=248 silent_extension_count=1 base_correlation_setup_s=0.332399 silent_extension_s=0.002209 local_output_mapping_s=0.000000 total_s=0.334608 verify_s=0.000000 bytes_sent_by_role=119928 bytes_received_by_role=8174288 harness_metadata_bytes=0 verification_opening_bytes=0 clean_protocol_bytes_by_role=119928 direct_payload_bytes=0 silent_base_ot_bytes=47616 silent_base_noisy_vole_bytes=16512 silent_extension_payload_bytes=0 framing_bytes=103416 notes=tcp_two_process; libOTe_SilentVole; semi_honest_128; MultType=ExConv7x24; BaseElem=u64; ExtElem=array<u64,M>; x=c; Z0=a; Z1=-b PASS
[server_exit=0 client_exit=0]

$ taskset -c 0 /home/cyy/pcg-experiments/mVOLE-local-silent-bench/build-final/main --RMVOLE_NET_BENCH silent-server 0.0.0.0 39269 12 16 1 verify &
$ taskset -c 2 /home/cyy/pcg-experiments/mVOLE-local-silent-bench/build-final/main --RMVOLE_NET_BENCH silent-client 127.0.0.1 39269 12 16 1 verify
SILENT_SVOLE_TCP method=SILENT_SVOLE role=receiver-server-p0 mode=verify network=tcp-loopback address=0.0.0.0:39269 logN=12 N=4096 m=16 reps=1 requested_N=4096 generated_N=4096 code_size=8432 noise_weight=248 partition_count=248 size_per_partition=34 base_ot_count=1488 base_ot_protocol_invocations=1 base_noisy_vole_count=248 silent_extension_count=1 base_correlation_setup_s=0.449453 silent_extension_s=0.089842 local_output_mapping_s=0.000000 total_s=0.539295 verify_s=0.002680 bytes_sent_by_role=32553744 bytes_received_by_role=724096 harness_metadata_bytes=128 verification_opening_bytes=524288 clean_protocol_bytes_by_role=32029328 direct_payload_bytes=0 silent_base_ot_bytes=47616 silent_base_noisy_vole_bytes=47880 silent_extension_payload_bytes=32505864 framing_bytes=0 notes=tcp_two_process; libOTe_SilentVole; semi_honest_128; MultType=ExConv7x24; BaseElem=u64; ExtElem=array<u64,M>; x=c; Z0=a; Z1=-b PASS
SILENT_SVOLE_TCP method=SILENT_SVOLE role=sender-client-p1 mode=verify network=tcp-loopback address=127.0.0.1:39269 logN=12 N=4096 m=16 reps=1 requested_N=4096 generated_N=4096 code_size=8432 noise_weight=248 partition_count=248 size_per_partition=34 base_ot_count=1488 base_ot_protocol_invocations=1 base_noisy_vole_count=248 silent_extension_count=1 base_correlation_setup_s=0.521636 silent_extension_s=0.003774 local_output_mapping_s=0.000000 total_s=0.525410 verify_s=0.000053 bytes_sent_by_role=724096 bytes_received_by_role=32553744 harness_metadata_bytes=0 verification_opening_bytes=524288 clean_protocol_bytes_by_role=199808 direct_payload_bytes=0 silent_base_ot_bytes=47616 silent_base_noisy_vole_bytes=32896 silent_extension_payload_bytes=0 framing_bytes=166912 notes=tcp_two_process; libOTe_SilentVole; semi_honest_128; MultType=ExConv7x24; BaseElem=u64; ExtElem=array<u64,M>; x=c; Z0=a; Z1=-b PASS
[server_exit=0 client_exit=0]

$ taskset -c 0 /home/cyy/pcg-experiments/mVOLE-local-silent-bench/build-final/main --RMVOLE_NET_BENCH silent-server 0.0.0.0 39270 12 16 1 bench &
$ taskset -c 2 /home/cyy/pcg-experiments/mVOLE-local-silent-bench/build-final/main --RMVOLE_NET_BENCH silent-client 127.0.0.1 39270 12 16 1 bench
SILENT_SVOLE_TCP method=SILENT_SVOLE role=receiver-server-p0 mode=bench network=tcp-loopback address=0.0.0.0:39270 logN=12 N=4096 m=16 reps=1 requested_N=4096 generated_N=4096 code_size=8432 noise_weight=248 partition_count=248 size_per_partition=34 base_ot_count=1488 base_ot_protocol_invocations=1 base_noisy_vole_count=248 silent_extension_count=1 base_correlation_setup_s=0.448535 silent_extension_s=0.089689 local_output_mapping_s=0.000000 total_s=0.538223 verify_s=0.000000 bytes_sent_by_role=32553744 bytes_received_by_role=199800 harness_metadata_bytes=128 verification_opening_bytes=0 clean_protocol_bytes_by_role=32553616 direct_payload_bytes=0 silent_base_ot_bytes=47616 silent_base_noisy_vole_bytes=47880 silent_extension_payload_bytes=32505864 framing_bytes=0 notes=tcp_two_process; libOTe_SilentVole; semi_honest_128; MultType=ExConv7x24; BaseElem=u64; ExtElem=array<u64,M>; x=c; Z0=a; Z1=-b PASS
SILENT_SVOLE_TCP method=SILENT_SVOLE role=sender-client-p1 mode=bench network=tcp-loopback address=127.0.0.1:39270 logN=12 N=4096 m=16 reps=1 requested_N=4096 generated_N=4096 code_size=8432 noise_weight=248 partition_count=248 size_per_partition=34 base_ot_count=1488 base_ot_protocol_invocations=1 base_noisy_vole_count=248 silent_extension_count=1 base_correlation_setup_s=0.511726 silent_extension_s=0.003885 local_output_mapping_s=0.000000 total_s=0.515611 verify_s=0.000000 bytes_sent_by_role=199800 bytes_received_by_role=32553744 harness_metadata_bytes=0 verification_opening_bytes=0 clean_protocol_bytes_by_role=199800 direct_payload_bytes=0 silent_base_ot_bytes=47616 silent_base_noisy_vole_bytes=32896 silent_extension_payload_bytes=0 framing_bytes=166904 notes=tcp_two_process; libOTe_SilentVole; semi_honest_128; MultType=ExConv7x24; BaseElem=u64; ExtElem=array<u64,M>; x=c; Z0=a; Z1=-b PASS
[server_exit=0 client_exit=0]

$ taskset -c 0 /home/cyy/pcg-experiments/mVOLE-local-silent-bench/build-final/main --RMVOLE_NET_BENCH silent-server 0.0.0.0 39271 12 16 1 bench &
$ taskset -c 2 /home/cyy/pcg-experiments/mVOLE-local-silent-bench/build-final/main --RMVOLE_NET_BENCH silent-client 127.0.0.1 39271 12 16 1 bench
SILENT_SVOLE_TCP method=SILENT_SVOLE role=receiver-server-p0 mode=bench network=tcp-loopback address=0.0.0.0:39271 logN=12 N=4096 m=16 reps=1 requested_N=4096 generated_N=4096 code_size=8432 noise_weight=248 partition_count=248 size_per_partition=34 base_ot_count=1488 base_ot_protocol_invocations=1 base_noisy_vole_count=248 silent_extension_count=1 base_correlation_setup_s=0.448828 silent_extension_s=0.088873 local_output_mapping_s=0.000000 total_s=0.537702 verify_s=0.000000 bytes_sent_by_role=32553744 bytes_received_by_role=199800 harness_metadata_bytes=128 verification_opening_bytes=0 clean_protocol_bytes_by_role=32553616 direct_payload_bytes=0 silent_base_ot_bytes=47616 silent_base_noisy_vole_bytes=47880 silent_extension_payload_bytes=32505864 framing_bytes=0 notes=tcp_two_process; libOTe_SilentVole; semi_honest_128; MultType=ExConv7x24; BaseElem=u64; ExtElem=array<u64,M>; x=c; Z0=a; Z1=-b PASS
SILENT_SVOLE_TCP method=SILENT_SVOLE role=sender-client-p1 mode=bench network=tcp-loopback address=127.0.0.1:39271 logN=12 N=4096 m=16 reps=1 requested_N=4096 generated_N=4096 code_size=8432 noise_weight=248 partition_count=248 size_per_partition=34 base_ot_count=1488 base_ot_protocol_invocations=1 base_noisy_vole_count=248 silent_extension_count=1 base_correlation_setup_s=0.519904 silent_extension_s=0.003771 local_output_mapping_s=0.000000 total_s=0.523675 verify_s=0.000000 bytes_sent_by_role=199800 bytes_received_by_role=32553744 harness_metadata_bytes=0 verification_opening_bytes=0 clean_protocol_bytes_by_role=199800 direct_payload_bytes=0 silent_base_ot_bytes=47616 silent_base_noisy_vole_bytes=32896 silent_extension_payload_bytes=0 framing_bytes=166904 notes=tcp_two_process; libOTe_SilentVole; semi_honest_128; MultType=ExConv7x24; BaseElem=u64; ExtElem=array<u64,M>; x=c; Z0=a; Z1=-b PASS
[server_exit=0 client_exit=0]

$ taskset -c 0 /home/cyy/pcg-experiments/mVOLE-local-silent-bench/build-final/main --RMVOLE_NET_BENCH silent-server 0.0.0.0 39272 12 16 1 bench &
$ taskset -c 2 /home/cyy/pcg-experiments/mVOLE-local-silent-bench/build-final/main --RMVOLE_NET_BENCH silent-client 127.0.0.1 39272 12 16 1 bench
SILENT_SVOLE_TCP method=SILENT_SVOLE role=receiver-server-p0 mode=bench network=tcp-loopback address=0.0.0.0:39272 logN=12 N=4096 m=16 reps=1 requested_N=4096 generated_N=4096 code_size=8432 noise_weight=248 partition_count=248 size_per_partition=34 base_ot_count=1488 base_ot_protocol_invocations=1 base_noisy_vole_count=248 silent_extension_count=1 base_correlation_setup_s=0.448751 silent_extension_s=0.089756 local_output_mapping_s=0.000000 total_s=0.538507 verify_s=0.000000 bytes_sent_by_role=32553744 bytes_received_by_role=199800 harness_metadata_bytes=128 verification_opening_bytes=0 clean_protocol_bytes_by_role=32553616 direct_payload_bytes=0 silent_base_ot_bytes=47616 silent_base_noisy_vole_bytes=47880 silent_extension_payload_bytes=32505864 framing_bytes=0 notes=tcp_two_process; libOTe_SilentVole; semi_honest_128; MultType=ExConv7x24; BaseElem=u64; ExtElem=array<u64,M>; x=c; Z0=a; Z1=-b PASS
SILENT_SVOLE_TCP method=SILENT_SVOLE role=sender-client-p1 mode=bench network=tcp-loopback address=127.0.0.1:39272 logN=12 N=4096 m=16 reps=1 requested_N=4096 generated_N=4096 code_size=8432 noise_weight=248 partition_count=248 size_per_partition=34 base_ot_count=1488 base_ot_protocol_invocations=1 base_noisy_vole_count=248 silent_extension_count=1 base_correlation_setup_s=0.519682 silent_extension_s=0.003902 local_output_mapping_s=0.000000 total_s=0.523584 verify_s=0.000000 bytes_sent_by_role=199800 bytes_received_by_role=32553744 harness_metadata_bytes=0 verification_opening_bytes=0 clean_protocol_bytes_by_role=199800 direct_payload_bytes=0 silent_base_ot_bytes=47616 silent_base_noisy_vole_bytes=32896 silent_extension_payload_bytes=0 framing_bytes=166904 notes=tcp_two_process; libOTe_SilentVole; semi_honest_128; MultType=ExConv7x24; BaseElem=u64; ExtElem=array<u64,M>; x=c; Z0=a; Z1=-b PASS
[server_exit=0 client_exit=0]

$ taskset -c 0 /home/cyy/pcg-experiments/mVOLE-local-silent-bench/build-final/main --RMVOLE_NET_BENCH silent-server 0.0.0.0 39273 12 16 1 bench &
$ taskset -c 2 /home/cyy/pcg-experiments/mVOLE-local-silent-bench/build-final/main --RMVOLE_NET_BENCH silent-client 127.0.0.1 39273 12 16 1 bench
SILENT_SVOLE_TCP method=SILENT_SVOLE role=receiver-server-p0 mode=bench network=tcp-loopback address=0.0.0.0:39273 logN=12 N=4096 m=16 reps=1 requested_N=4096 generated_N=4096 code_size=8432 noise_weight=248 partition_count=248 size_per_partition=34 base_ot_count=1488 base_ot_protocol_invocations=1 base_noisy_vole_count=248 silent_extension_count=1 base_correlation_setup_s=0.448799 silent_extension_s=0.089789 local_output_mapping_s=0.000000 total_s=0.538588 verify_s=0.000000 bytes_sent_by_role=32553744 bytes_received_by_role=199800 harness_metadata_bytes=128 verification_opening_bytes=0 clean_protocol_bytes_by_role=32553616 direct_payload_bytes=0 silent_base_ot_bytes=47616 silent_base_noisy_vole_bytes=47880 silent_extension_payload_bytes=32505864 framing_bytes=0 notes=tcp_two_process; libOTe_SilentVole; semi_honest_128; MultType=ExConv7x24; BaseElem=u64; ExtElem=array<u64,M>; x=c; Z0=a; Z1=-b PASS
SILENT_SVOLE_TCP method=SILENT_SVOLE role=sender-client-p1 mode=bench network=tcp-loopback address=127.0.0.1:39273 logN=12 N=4096 m=16 reps=1 requested_N=4096 generated_N=4096 code_size=8432 noise_weight=248 partition_count=248 size_per_partition=34 base_ot_count=1488 base_ot_protocol_invocations=1 base_noisy_vole_count=248 silent_extension_count=1 base_correlation_setup_s=0.521589 silent_extension_s=0.003856 local_output_mapping_s=0.000000 total_s=0.525446 verify_s=0.000000 bytes_sent_by_role=199800 bytes_received_by_role=32553744 harness_metadata_bytes=0 verification_opening_bytes=0 clean_protocol_bytes_by_role=199800 direct_payload_bytes=0 silent_base_ot_bytes=47616 silent_base_noisy_vole_bytes=32896 silent_extension_payload_bytes=0 framing_bytes=166904 notes=tcp_two_process; libOTe_SilentVole; semi_honest_128; MultType=ExConv7x24; BaseElem=u64; ExtElem=array<u64,M>; x=c; Z0=a; Z1=-b PASS
[server_exit=0 client_exit=0]

$ taskset -c 0 /home/cyy/pcg-experiments/mVOLE-local-silent-bench/build-final/main --RMVOLE_NET_BENCH silent-server 0.0.0.0 39274 12 16 1 bench &
$ taskset -c 2 /home/cyy/pcg-experiments/mVOLE-local-silent-bench/build-final/main --RMVOLE_NET_BENCH silent-client 127.0.0.1 39274 12 16 1 bench
SILENT_SVOLE_TCP method=SILENT_SVOLE role=receiver-server-p0 mode=bench network=tcp-loopback address=0.0.0.0:39274 logN=12 N=4096 m=16 reps=1 requested_N=4096 generated_N=4096 code_size=8432 noise_weight=248 partition_count=248 size_per_partition=34 base_ot_count=1488 base_ot_protocol_invocations=1 base_noisy_vole_count=248 silent_extension_count=1 base_correlation_setup_s=0.449044 silent_extension_s=0.089628 local_output_mapping_s=0.000000 total_s=0.538672 verify_s=0.000000 bytes_sent_by_role=32553744 bytes_received_by_role=199800 harness_metadata_bytes=128 verification_opening_bytes=0 clean_protocol_bytes_by_role=32553616 direct_payload_bytes=0 silent_base_ot_bytes=47616 silent_base_noisy_vole_bytes=47880 silent_extension_payload_bytes=32505864 framing_bytes=0 notes=tcp_two_process; libOTe_SilentVole; semi_honest_128; MultType=ExConv7x24; BaseElem=u64; ExtElem=array<u64,M>; x=c; Z0=a; Z1=-b PASS
SILENT_SVOLE_TCP method=SILENT_SVOLE role=sender-client-p1 mode=bench network=tcp-loopback address=127.0.0.1:39274 logN=12 N=4096 m=16 reps=1 requested_N=4096 generated_N=4096 code_size=8432 noise_weight=248 partition_count=248 size_per_partition=34 base_ot_count=1488 base_ot_protocol_invocations=1 base_noisy_vole_count=248 silent_extension_count=1 base_correlation_setup_s=0.521536 silent_extension_s=0.003855 local_output_mapping_s=0.000000 total_s=0.525391 verify_s=0.000000 bytes_sent_by_role=199800 bytes_received_by_role=32553744 harness_metadata_bytes=0 verification_opening_bytes=0 clean_protocol_bytes_by_role=199800 direct_payload_bytes=0 silent_base_ot_bytes=47616 silent_base_noisy_vole_bytes=32896 silent_extension_payload_bytes=0 framing_bytes=166904 notes=tcp_two_process; libOTe_SilentVole; semi_honest_128; MultType=ExConv7x24; BaseElem=u64; ExtElem=array<u64,M>; x=c; Z0=a; Z1=-b PASS
[server_exit=0 client_exit=0]

$ taskset -c 0 /home/cyy/pcg-experiments/mVOLE-local-silent-bench/build-final/main --RMVOLE_NET_BENCH silent-server 0.0.0.0 39275 12 16 1 bench &
$ taskset -c 2 /home/cyy/pcg-experiments/mVOLE-local-silent-bench/build-final/main --RMVOLE_NET_BENCH silent-client 127.0.0.1 39275 12 16 1 bench
SILENT_SVOLE_TCP method=SILENT_SVOLE role=receiver-server-p0 mode=bench network=tcp-loopback address=0.0.0.0:39275 logN=12 N=4096 m=16 reps=1 requested_N=4096 generated_N=4096 code_size=8432 noise_weight=248 partition_count=248 size_per_partition=34 base_ot_count=1488 base_ot_protocol_invocations=1 base_noisy_vole_count=248 silent_extension_count=1 base_correlation_setup_s=0.447768 silent_extension_s=0.089117 local_output_mapping_s=0.000000 total_s=0.536886 verify_s=0.000000 bytes_sent_by_role=32553744 bytes_received_by_role=199800 harness_metadata_bytes=128 verification_opening_bytes=0 clean_protocol_bytes_by_role=32553616 direct_payload_bytes=0 silent_base_ot_bytes=47616 silent_base_noisy_vole_bytes=47880 silent_extension_payload_bytes=32505864 framing_bytes=0 notes=tcp_two_process; libOTe_SilentVole; semi_honest_128; MultType=ExConv7x24; BaseElem=u64; ExtElem=array<u64,M>; x=c; Z0=a; Z1=-b PASS
SILENT_SVOLE_TCP method=SILENT_SVOLE role=sender-client-p1 mode=bench network=tcp-loopback address=127.0.0.1:39275 logN=12 N=4096 m=16 reps=1 requested_N=4096 generated_N=4096 code_size=8432 noise_weight=248 partition_count=248 size_per_partition=34 base_ot_count=1488 base_ot_protocol_invocations=1 base_noisy_vole_count=248 silent_extension_count=1 base_correlation_setup_s=0.519355 silent_extension_s=0.003829 local_output_mapping_s=0.000000 total_s=0.523183 verify_s=0.000000 bytes_sent_by_role=199800 bytes_received_by_role=32553744 harness_metadata_bytes=0 verification_opening_bytes=0 clean_protocol_bytes_by_role=199800 direct_payload_bytes=0 silent_base_ot_bytes=47616 silent_base_noisy_vole_bytes=32896 silent_extension_payload_bytes=0 framing_bytes=166904 notes=tcp_two_process; libOTe_SilentVole; semi_honest_128; MultType=ExConv7x24; BaseElem=u64; ExtElem=array<u64,M>; x=c; Z0=a; Z1=-b PASS
[server_exit=0 client_exit=0]

$ taskset -c 0 /home/cyy/pcg-experiments/mVOLE-local-silent-bench/build-final/main --RMVOLE_NET_BENCH silent-server 0.0.0.0 39276 12 16 1 bench &
$ taskset -c 2 /home/cyy/pcg-experiments/mVOLE-local-silent-bench/build-final/main --RMVOLE_NET_BENCH silent-client 127.0.0.1 39276 12 16 1 bench
SILENT_SVOLE_TCP method=SILENT_SVOLE role=receiver-server-p0 mode=bench network=tcp-loopback address=0.0.0.0:39276 logN=12 N=4096 m=16 reps=1 requested_N=4096 generated_N=4096 code_size=8432 noise_weight=248 partition_count=248 size_per_partition=34 base_ot_count=1488 base_ot_protocol_invocations=1 base_noisy_vole_count=248 silent_extension_count=1 base_correlation_setup_s=0.448506 silent_extension_s=0.089409 local_output_mapping_s=0.000000 total_s=0.537914 verify_s=0.000000 bytes_sent_by_role=32553744 bytes_received_by_role=199800 harness_metadata_bytes=128 verification_opening_bytes=0 clean_protocol_bytes_by_role=32553616 direct_payload_bytes=0 silent_base_ot_bytes=47616 silent_base_noisy_vole_bytes=47880 silent_extension_payload_bytes=32505864 framing_bytes=0 notes=tcp_two_process; libOTe_SilentVole; semi_honest_128; MultType=ExConv7x24; BaseElem=u64; ExtElem=array<u64,M>; x=c; Z0=a; Z1=-b PASS
SILENT_SVOLE_TCP method=SILENT_SVOLE role=sender-client-p1 mode=bench network=tcp-loopback address=127.0.0.1:39276 logN=12 N=4096 m=16 reps=1 requested_N=4096 generated_N=4096 code_size=8432 noise_weight=248 partition_count=248 size_per_partition=34 base_ot_count=1488 base_ot_protocol_invocations=1 base_noisy_vole_count=248 silent_extension_count=1 base_correlation_setup_s=0.518836 silent_extension_s=0.003777 local_output_mapping_s=0.000000 total_s=0.522613 verify_s=0.000000 bytes_sent_by_role=199800 bytes_received_by_role=32553744 harness_metadata_bytes=0 verification_opening_bytes=0 clean_protocol_bytes_by_role=199800 direct_payload_bytes=0 silent_base_ot_bytes=47616 silent_base_noisy_vole_bytes=32896 silent_extension_payload_bytes=0 framing_bytes=166904 notes=tcp_two_process; libOTe_SilentVole; semi_honest_128; MultType=ExConv7x24; BaseElem=u64; ExtElem=array<u64,M>; x=c; Z0=a; Z1=-b PASS
[server_exit=0 client_exit=0]

$ taskset -c 0 /home/cyy/pcg-experiments/mVOLE-local-silent-bench/build-final/main --RMVOLE_NET_BENCH silent-server 0.0.0.0 39277 12 16 1 bench &
$ taskset -c 2 /home/cyy/pcg-experiments/mVOLE-local-silent-bench/build-final/main --RMVOLE_NET_BENCH silent-client 127.0.0.1 39277 12 16 1 bench
SILENT_SVOLE_TCP method=SILENT_SVOLE role=receiver-server-p0 mode=bench network=tcp-loopback address=0.0.0.0:39277 logN=12 N=4096 m=16 reps=1 requested_N=4096 generated_N=4096 code_size=8432 noise_weight=248 partition_count=248 size_per_partition=34 base_ot_count=1488 base_ot_protocol_invocations=1 base_noisy_vole_count=248 silent_extension_count=1 base_correlation_setup_s=0.448244 silent_extension_s=0.089734 local_output_mapping_s=0.000000 total_s=0.537978 verify_s=0.000000 bytes_sent_by_role=32553744 bytes_received_by_role=199800 harness_metadata_bytes=128 verification_opening_bytes=0 clean_protocol_bytes_by_role=32553616 direct_payload_bytes=0 silent_base_ot_bytes=47616 silent_base_noisy_vole_bytes=47880 silent_extension_payload_bytes=32505864 framing_bytes=0 notes=tcp_two_process; libOTe_SilentVole; semi_honest_128; MultType=ExConv7x24; BaseElem=u64; ExtElem=array<u64,M>; x=c; Z0=a; Z1=-b PASS
SILENT_SVOLE_TCP method=SILENT_SVOLE role=sender-client-p1 mode=bench network=tcp-loopback address=127.0.0.1:39277 logN=12 N=4096 m=16 reps=1 requested_N=4096 generated_N=4096 code_size=8432 noise_weight=248 partition_count=248 size_per_partition=34 base_ot_count=1488 base_ot_protocol_invocations=1 base_noisy_vole_count=248 silent_extension_count=1 base_correlation_setup_s=0.518320 silent_extension_s=0.003801 local_output_mapping_s=0.000000 total_s=0.522122 verify_s=0.000000 bytes_sent_by_role=199800 bytes_received_by_role=32553744 harness_metadata_bytes=0 verification_opening_bytes=0 clean_protocol_bytes_by_role=199800 direct_payload_bytes=0 silent_base_ot_bytes=47616 silent_base_noisy_vole_bytes=32896 silent_extension_payload_bytes=0 framing_bytes=166904 notes=tcp_two_process; libOTe_SilentVole; semi_honest_128; MultType=ExConv7x24; BaseElem=u64; ExtElem=array<u64,M>; x=c; Z0=a; Z1=-b PASS
[server_exit=0 client_exit=0]

$ taskset -c 0 /home/cyy/pcg-experiments/mVOLE-local-silent-bench/build-final/main --RMVOLE_NET_BENCH silent-server 0.0.0.0 39278 12 16 1 bench &
$ taskset -c 2 /home/cyy/pcg-experiments/mVOLE-local-silent-bench/build-final/main --RMVOLE_NET_BENCH silent-client 127.0.0.1 39278 12 16 1 bench
SILENT_SVOLE_TCP method=SILENT_SVOLE role=receiver-server-p0 mode=bench network=tcp-loopback address=0.0.0.0:39278 logN=12 N=4096 m=16 reps=1 requested_N=4096 generated_N=4096 code_size=8432 noise_weight=248 partition_count=248 size_per_partition=34 base_ot_count=1488 base_ot_protocol_invocations=1 base_noisy_vole_count=248 silent_extension_count=1 base_correlation_setup_s=0.448797 silent_extension_s=0.090585 local_output_mapping_s=0.000000 total_s=0.539382 verify_s=0.000000 bytes_sent_by_role=32553744 bytes_received_by_role=199800 harness_metadata_bytes=128 verification_opening_bytes=0 clean_protocol_bytes_by_role=32553616 direct_payload_bytes=0 silent_base_ot_bytes=47616 silent_base_noisy_vole_bytes=47880 silent_extension_payload_bytes=32505864 framing_bytes=0 notes=tcp_two_process; libOTe_SilentVole; semi_honest_128; MultType=ExConv7x24; BaseElem=u64; ExtElem=array<u64,M>; x=c; Z0=a; Z1=-b PASS
SILENT_SVOLE_TCP method=SILENT_SVOLE role=sender-client-p1 mode=bench network=tcp-loopback address=127.0.0.1:39278 logN=12 N=4096 m=16 reps=1 requested_N=4096 generated_N=4096 code_size=8432 noise_weight=248 partition_count=248 size_per_partition=34 base_ot_count=1488 base_ot_protocol_invocations=1 base_noisy_vole_count=248 silent_extension_count=1 base_correlation_setup_s=0.514937 silent_extension_s=0.003853 local_output_mapping_s=0.000000 total_s=0.518790 verify_s=0.000000 bytes_sent_by_role=199800 bytes_received_by_role=32553744 harness_metadata_bytes=0 verification_opening_bytes=0 clean_protocol_bytes_by_role=199800 direct_payload_bytes=0 silent_base_ot_bytes=47616 silent_base_noisy_vole_bytes=32896 silent_extension_payload_bytes=0 framing_bytes=166904 notes=tcp_two_process; libOTe_SilentVole; semi_honest_128; MultType=ExConv7x24; BaseElem=u64; ExtElem=array<u64,M>; x=c; Z0=a; Z1=-b PASS
[server_exit=0 client_exit=0]

$ taskset -c 0 /home/cyy/pcg-experiments/mVOLE-local-silent-bench/build-final/main --RMVOLE_NET_BENCH silent-server 0.0.0.0 39279 12 16 1 bench &
$ taskset -c 2 /home/cyy/pcg-experiments/mVOLE-local-silent-bench/build-final/main --RMVOLE_NET_BENCH silent-client 127.0.0.1 39279 12 16 1 bench
SILENT_SVOLE_TCP method=SILENT_SVOLE role=receiver-server-p0 mode=bench network=tcp-loopback address=0.0.0.0:39279 logN=12 N=4096 m=16 reps=1 requested_N=4096 generated_N=4096 code_size=8432 noise_weight=248 partition_count=248 size_per_partition=34 base_ot_count=1488 base_ot_protocol_invocations=1 base_noisy_vole_count=248 silent_extension_count=1 base_correlation_setup_s=0.448463 silent_extension_s=0.090183 local_output_mapping_s=0.000000 total_s=0.538646 verify_s=0.000000 bytes_sent_by_role=32553744 bytes_received_by_role=199800 harness_metadata_bytes=128 verification_opening_bytes=0 clean_protocol_bytes_by_role=32553616 direct_payload_bytes=0 silent_base_ot_bytes=47616 silent_base_noisy_vole_bytes=47880 silent_extension_payload_bytes=32505864 framing_bytes=0 notes=tcp_two_process; libOTe_SilentVole; semi_honest_128; MultType=ExConv7x24; BaseElem=u64; ExtElem=array<u64,M>; x=c; Z0=a; Z1=-b PASS
SILENT_SVOLE_TCP method=SILENT_SVOLE role=sender-client-p1 mode=bench network=tcp-loopback address=127.0.0.1:39279 logN=12 N=4096 m=16 reps=1 requested_N=4096 generated_N=4096 code_size=8432 noise_weight=248 partition_count=248 size_per_partition=34 base_ot_count=1488 base_ot_protocol_invocations=1 base_noisy_vole_count=248 silent_extension_count=1 base_correlation_setup_s=0.518640 silent_extension_s=0.003952 local_output_mapping_s=0.000000 total_s=0.522592 verify_s=0.000000 bytes_sent_by_role=199800 bytes_received_by_role=32553744 harness_metadata_bytes=0 verification_opening_bytes=0 clean_protocol_bytes_by_role=199800 direct_payload_bytes=0 silent_base_ot_bytes=47616 silent_base_noisy_vole_bytes=32896 silent_extension_payload_bytes=0 framing_bytes=166904 notes=tcp_two_process; libOTe_SilentVole; semi_honest_128; MultType=ExConv7x24; BaseElem=u64; ExtElem=array<u64,M>; x=c; Z0=a; Z1=-b PASS
[server_exit=0 client_exit=0]

$ taskset -c 0 /home/cyy/pcg-experiments/mVOLE-local-silent-bench/build-final/main --RMVOLE_NET_BENCH silent-server 0.0.0.0 39280 12 16 1 bench &
$ taskset -c 2 /home/cyy/pcg-experiments/mVOLE-local-silent-bench/build-final/main --RMVOLE_NET_BENCH silent-client 127.0.0.1 39280 12 16 1 bench
SILENT_SVOLE_TCP method=SILENT_SVOLE role=receiver-server-p0 mode=bench network=tcp-loopback address=0.0.0.0:39280 logN=12 N=4096 m=16 reps=1 requested_N=4096 generated_N=4096 code_size=8432 noise_weight=248 partition_count=248 size_per_partition=34 base_ot_count=1488 base_ot_protocol_invocations=1 base_noisy_vole_count=248 silent_extension_count=1 base_correlation_setup_s=0.449508 silent_extension_s=0.089903 local_output_mapping_s=0.000000 total_s=0.539411 verify_s=0.000000 bytes_sent_by_role=32553744 bytes_received_by_role=199800 harness_metadata_bytes=128 verification_opening_bytes=0 clean_protocol_bytes_by_role=32553616 direct_payload_bytes=0 silent_base_ot_bytes=47616 silent_base_noisy_vole_bytes=47880 silent_extension_payload_bytes=32505864 framing_bytes=0 notes=tcp_two_process; libOTe_SilentVole; semi_honest_128; MultType=ExConv7x24; BaseElem=u64; ExtElem=array<u64,M>; x=c; Z0=a; Z1=-b PASS
SILENT_SVOLE_TCP method=SILENT_SVOLE role=sender-client-p1 mode=bench network=tcp-loopback address=127.0.0.1:39280 logN=12 N=4096 m=16 reps=1 requested_N=4096 generated_N=4096 code_size=8432 noise_weight=248 partition_count=248 size_per_partition=34 base_ot_count=1488 base_ot_protocol_invocations=1 base_noisy_vole_count=248 silent_extension_count=1 base_correlation_setup_s=0.520069 silent_extension_s=0.003803 local_output_mapping_s=0.000000 total_s=0.523872 verify_s=0.000000 bytes_sent_by_role=199800 bytes_received_by_role=32553744 harness_metadata_bytes=0 verification_opening_bytes=0 clean_protocol_bytes_by_role=199800 direct_payload_bytes=0 silent_base_ot_bytes=47616 silent_base_noisy_vole_bytes=32896 silent_extension_payload_bytes=0 framing_bytes=166904 notes=tcp_two_process; libOTe_SilentVole; semi_honest_128; MultType=ExConv7x24; BaseElem=u64; ExtElem=array<u64,M>; x=c; Z0=a; Z1=-b PASS
[server_exit=0 client_exit=0]

$ taskset -c 0 /home/cyy/pcg-experiments/mVOLE-local-silent-bench/build-final/main --RMVOLE_NET_BENCH silent-server 0.0.0.0 39281 12 32 1 verify &
$ taskset -c 2 /home/cyy/pcg-experiments/mVOLE-local-silent-bench/build-final/main --RMVOLE_NET_BENCH silent-client 127.0.0.1 39281 12 32 1 verify
SILENT_SVOLE_TCP method=SILENT_SVOLE role=receiver-server-p0 mode=verify network=tcp-loopback address=0.0.0.0:39281 logN=12 N=4096 m=32 reps=1 requested_N=4096 generated_N=4096 code_size=8432 noise_weight=248 partition_count=248 size_per_partition=34 base_ot_count=1488 base_ot_protocol_invocations=1 base_noisy_vole_count=248 silent_extension_count=1 base_correlation_setup_s=0.946581 silent_extension_s=0.230903 local_output_mapping_s=0.000000 total_s=1.177484 verify_s=0.001515 bytes_sent_by_role=130071440 bytes_received_by_role=1408128 harness_metadata_bytes=256 verification_opening_bytes=1048576 clean_protocol_bytes_by_role=129022608 direct_payload_bytes=0 silent_base_ot_bytes=47616 silent_base_noisy_vole_bytes=48008 silent_extension_payload_bytes=130023432 framing_bytes=0 notes=tcp_two_process; libOTe_SilentVole; semi_honest_128; MultType=ExConv7x24; BaseElem=u64; ExtElem=array<u64,M>; x=c; Z0=a; Z1=-b PASS
SILENT_SVOLE_TCP method=SILENT_SVOLE role=sender-client-p1 mode=verify network=tcp-loopback address=127.0.0.1:39281 logN=12 N=4096 m=32 reps=1 requested_N=4096 generated_N=4096 code_size=8432 noise_weight=248 partition_count=248 size_per_partition=34 base_ot_count=1488 base_ot_protocol_invocations=1 base_noisy_vole_count=248 silent_extension_count=1 base_correlation_setup_s=1.156018 silent_extension_s=0.004900 local_output_mapping_s=0.000000 total_s=1.160919 verify_s=0.000963 bytes_sent_by_role=1408128 bytes_received_by_role=130071440 harness_metadata_bytes=0 verification_opening_bytes=1048576 clean_protocol_bytes_by_role=359552 direct_payload_bytes=0 silent_base_ot_bytes=47616 silent_base_noisy_vole_bytes=65664 silent_extension_payload_bytes=0 framing_bytes=293888 notes=tcp_two_process; libOTe_SilentVole; semi_honest_128; MultType=ExConv7x24; BaseElem=u64; ExtElem=array<u64,M>; x=c; Z0=a; Z1=-b PASS
[server_exit=0 client_exit=0]

$ taskset -c 0 /home/cyy/pcg-experiments/mVOLE-local-silent-bench/build-final/main --RMVOLE_NET_BENCH silent-server 0.0.0.0 39282 12 32 1 bench &
$ taskset -c 2 /home/cyy/pcg-experiments/mVOLE-local-silent-bench/build-final/main --RMVOLE_NET_BENCH silent-client 127.0.0.1 39282 12 32 1 bench
SILENT_SVOLE_TCP method=SILENT_SVOLE role=receiver-server-p0 mode=bench network=tcp-loopback address=0.0.0.0:39282 logN=12 N=4096 m=32 reps=1 requested_N=4096 generated_N=4096 code_size=8432 noise_weight=248 partition_count=248 size_per_partition=34 base_ot_count=1488 base_ot_protocol_invocations=1 base_noisy_vole_count=248 silent_extension_count=1 base_correlation_setup_s=0.946554 silent_extension_s=0.230400 local_output_mapping_s=0.000000 total_s=1.176953 verify_s=0.000000 bytes_sent_by_role=130071440 bytes_received_by_role=359544 harness_metadata_bytes=256 verification_opening_bytes=0 clean_protocol_bytes_by_role=130071184 direct_payload_bytes=0 silent_base_ot_bytes=47616 silent_base_noisy_vole_bytes=48008 silent_extension_payload_bytes=130023432 framing_bytes=0 notes=tcp_two_process; libOTe_SilentVole; semi_honest_128; MultType=ExConv7x24; BaseElem=u64; ExtElem=array<u64,M>; x=c; Z0=a; Z1=-b PASS
SILENT_SVOLE_TCP method=SILENT_SVOLE role=sender-client-p1 mode=bench network=tcp-loopback address=127.0.0.1:39282 logN=12 N=4096 m=32 reps=1 requested_N=4096 generated_N=4096 code_size=8432 noise_weight=248 partition_count=248 size_per_partition=34 base_ot_count=1488 base_ot_protocol_invocations=1 base_noisy_vole_count=248 silent_extension_count=1 base_correlation_setup_s=1.157290 silent_extension_s=0.004997 local_output_mapping_s=0.000000 total_s=1.162287 verify_s=0.000000 bytes_sent_by_role=359544 bytes_received_by_role=130071440 harness_metadata_bytes=0 verification_opening_bytes=0 clean_protocol_bytes_by_role=359544 direct_payload_bytes=0 silent_base_ot_bytes=47616 silent_base_noisy_vole_bytes=65664 silent_extension_payload_bytes=0 framing_bytes=293880 notes=tcp_two_process; libOTe_SilentVole; semi_honest_128; MultType=ExConv7x24; BaseElem=u64; ExtElem=array<u64,M>; x=c; Z0=a; Z1=-b PASS
[server_exit=0 client_exit=0]

$ taskset -c 0 /home/cyy/pcg-experiments/mVOLE-local-silent-bench/build-final/main --RMVOLE_NET_BENCH silent-server 0.0.0.0 39283 12 32 1 bench &
$ taskset -c 2 /home/cyy/pcg-experiments/mVOLE-local-silent-bench/build-final/main --RMVOLE_NET_BENCH silent-client 127.0.0.1 39283 12 32 1 bench
SILENT_SVOLE_TCP method=SILENT_SVOLE role=receiver-server-p0 mode=bench network=tcp-loopback address=0.0.0.0:39283 logN=12 N=4096 m=32 reps=1 requested_N=4096 generated_N=4096 code_size=8432 noise_weight=248 partition_count=248 size_per_partition=34 base_ot_count=1488 base_ot_protocol_invocations=1 base_noisy_vole_count=248 silent_extension_count=1 base_correlation_setup_s=0.951758 silent_extension_s=0.230526 local_output_mapping_s=0.000000 total_s=1.182284 verify_s=0.000000 bytes_sent_by_role=130071440 bytes_received_by_role=359544 harness_metadata_bytes=256 verification_opening_bytes=0 clean_protocol_bytes_by_role=130071184 direct_payload_bytes=0 silent_base_ot_bytes=47616 silent_base_noisy_vole_bytes=48008 silent_extension_payload_bytes=130023432 framing_bytes=0 notes=tcp_two_process; libOTe_SilentVole; semi_honest_128; MultType=ExConv7x24; BaseElem=u64; ExtElem=array<u64,M>; x=c; Z0=a; Z1=-b PASS
SILENT_SVOLE_TCP method=SILENT_SVOLE role=sender-client-p1 mode=bench network=tcp-loopback address=127.0.0.1:39283 logN=12 N=4096 m=32 reps=1 requested_N=4096 generated_N=4096 code_size=8432 noise_weight=248 partition_count=248 size_per_partition=34 base_ot_count=1488 base_ot_protocol_invocations=1 base_noisy_vole_count=248 silent_extension_count=1 base_correlation_setup_s=1.158299 silent_extension_s=0.004914 local_output_mapping_s=0.000000 total_s=1.163213 verify_s=0.000000 bytes_sent_by_role=359544 bytes_received_by_role=130071440 harness_metadata_bytes=0 verification_opening_bytes=0 clean_protocol_bytes_by_role=359544 direct_payload_bytes=0 silent_base_ot_bytes=47616 silent_base_noisy_vole_bytes=65664 silent_extension_payload_bytes=0 framing_bytes=293880 notes=tcp_two_process; libOTe_SilentVole; semi_honest_128; MultType=ExConv7x24; BaseElem=u64; ExtElem=array<u64,M>; x=c; Z0=a; Z1=-b PASS
[server_exit=0 client_exit=0]

$ taskset -c 0 /home/cyy/pcg-experiments/mVOLE-local-silent-bench/build-final/main --RMVOLE_NET_BENCH silent-server 0.0.0.0 39284 12 32 1 bench &
$ taskset -c 2 /home/cyy/pcg-experiments/mVOLE-local-silent-bench/build-final/main --RMVOLE_NET_BENCH silent-client 127.0.0.1 39284 12 32 1 bench
SILENT_SVOLE_TCP method=SILENT_SVOLE role=receiver-server-p0 mode=bench network=tcp-loopback address=0.0.0.0:39284 logN=12 N=4096 m=32 reps=1 requested_N=4096 generated_N=4096 code_size=8432 noise_weight=248 partition_count=248 size_per_partition=34 base_ot_count=1488 base_ot_protocol_invocations=1 base_noisy_vole_count=248 silent_extension_count=1 base_correlation_setup_s=0.945710 silent_extension_s=0.230326 local_output_mapping_s=0.000000 total_s=1.176037 verify_s=0.000000 bytes_sent_by_role=130071440 bytes_received_by_role=359544 harness_metadata_bytes=256 verification_opening_bytes=0 clean_protocol_bytes_by_role=130071184 direct_payload_bytes=0 silent_base_ot_bytes=47616 silent_base_noisy_vole_bytes=48008 silent_extension_payload_bytes=130023432 framing_bytes=0 notes=tcp_two_process; libOTe_SilentVole; semi_honest_128; MultType=ExConv7x24; BaseElem=u64; ExtElem=array<u64,M>; x=c; Z0=a; Z1=-b PASS
SILENT_SVOLE_TCP method=SILENT_SVOLE role=sender-client-p1 mode=bench network=tcp-loopback address=127.0.0.1:39284 logN=12 N=4096 m=32 reps=1 requested_N=4096 generated_N=4096 code_size=8432 noise_weight=248 partition_count=248 size_per_partition=34 base_ot_count=1488 base_ot_protocol_invocations=1 base_noisy_vole_count=248 silent_extension_count=1 base_correlation_setup_s=1.156860 silent_extension_s=0.004891 local_output_mapping_s=0.000000 total_s=1.161751 verify_s=0.000000 bytes_sent_by_role=359544 bytes_received_by_role=130071440 harness_metadata_bytes=0 verification_opening_bytes=0 clean_protocol_bytes_by_role=359544 direct_payload_bytes=0 silent_base_ot_bytes=47616 silent_base_noisy_vole_bytes=65664 silent_extension_payload_bytes=0 framing_bytes=293880 notes=tcp_two_process; libOTe_SilentVole; semi_honest_128; MultType=ExConv7x24; BaseElem=u64; ExtElem=array<u64,M>; x=c; Z0=a; Z1=-b PASS
[server_exit=0 client_exit=0]

$ taskset -c 0 /home/cyy/pcg-experiments/mVOLE-local-silent-bench/build-final/main --RMVOLE_NET_BENCH silent-server 0.0.0.0 39285 12 32 1 bench &
$ taskset -c 2 /home/cyy/pcg-experiments/mVOLE-local-silent-bench/build-final/main --RMVOLE_NET_BENCH silent-client 127.0.0.1 39285 12 32 1 bench
SILENT_SVOLE_TCP method=SILENT_SVOLE role=receiver-server-p0 mode=bench network=tcp-loopback address=0.0.0.0:39285 logN=12 N=4096 m=32 reps=1 requested_N=4096 generated_N=4096 code_size=8432 noise_weight=248 partition_count=248 size_per_partition=34 base_ot_count=1488 base_ot_protocol_invocations=1 base_noisy_vole_count=248 silent_extension_count=1 base_correlation_setup_s=0.947734 silent_extension_s=0.229439 local_output_mapping_s=0.000000 total_s=1.177173 verify_s=0.000000 bytes_sent_by_role=130071440 bytes_received_by_role=359544 harness_metadata_bytes=256 verification_opening_bytes=0 clean_protocol_bytes_by_role=130071184 direct_payload_bytes=0 silent_base_ot_bytes=47616 silent_base_noisy_vole_bytes=48008 silent_extension_payload_bytes=130023432 framing_bytes=0 notes=tcp_two_process; libOTe_SilentVole; semi_honest_128; MultType=ExConv7x24; BaseElem=u64; ExtElem=array<u64,M>; x=c; Z0=a; Z1=-b PASS
SILENT_SVOLE_TCP method=SILENT_SVOLE role=sender-client-p1 mode=bench network=tcp-loopback address=127.0.0.1:39285 logN=12 N=4096 m=32 reps=1 requested_N=4096 generated_N=4096 code_size=8432 noise_weight=248 partition_count=248 size_per_partition=34 base_ot_count=1488 base_ot_protocol_invocations=1 base_noisy_vole_count=248 silent_extension_count=1 base_correlation_setup_s=1.156318 silent_extension_s=0.004821 local_output_mapping_s=0.000000 total_s=1.161140 verify_s=0.000000 bytes_sent_by_role=359544 bytes_received_by_role=130071440 harness_metadata_bytes=0 verification_opening_bytes=0 clean_protocol_bytes_by_role=359544 direct_payload_bytes=0 silent_base_ot_bytes=47616 silent_base_noisy_vole_bytes=65664 silent_extension_payload_bytes=0 framing_bytes=293880 notes=tcp_two_process; libOTe_SilentVole; semi_honest_128; MultType=ExConv7x24; BaseElem=u64; ExtElem=array<u64,M>; x=c; Z0=a; Z1=-b PASS
[server_exit=0 client_exit=0]

$ taskset -c 0 /home/cyy/pcg-experiments/mVOLE-local-silent-bench/build-final/main --RMVOLE_NET_BENCH silent-server 0.0.0.0 39286 12 32 1 bench &
$ taskset -c 2 /home/cyy/pcg-experiments/mVOLE-local-silent-bench/build-final/main --RMVOLE_NET_BENCH silent-client 127.0.0.1 39286 12 32 1 bench
SILENT_SVOLE_TCP method=SILENT_SVOLE role=receiver-server-p0 mode=bench network=tcp-loopback address=0.0.0.0:39286 logN=12 N=4096 m=32 reps=1 requested_N=4096 generated_N=4096 code_size=8432 noise_weight=248 partition_count=248 size_per_partition=34 base_ot_count=1488 base_ot_protocol_invocations=1 base_noisy_vole_count=248 silent_extension_count=1 base_correlation_setup_s=0.951730 silent_extension_s=0.230866 local_output_mapping_s=0.000000 total_s=1.182596 verify_s=0.000000 bytes_sent_by_role=130071440 bytes_received_by_role=359544 harness_metadata_bytes=256 verification_opening_bytes=0 clean_protocol_bytes_by_role=130071184 direct_payload_bytes=0 silent_base_ot_bytes=47616 silent_base_noisy_vole_bytes=48008 silent_extension_payload_bytes=130023432 framing_bytes=0 notes=tcp_two_process; libOTe_SilentVole; semi_honest_128; MultType=ExConv7x24; BaseElem=u64; ExtElem=array<u64,M>; x=c; Z0=a; Z1=-b PASS
SILENT_SVOLE_TCP method=SILENT_SVOLE role=sender-client-p1 mode=bench network=tcp-loopback address=127.0.0.1:39286 logN=12 N=4096 m=32 reps=1 requested_N=4096 generated_N=4096 code_size=8432 noise_weight=248 partition_count=248 size_per_partition=34 base_ot_count=1488 base_ot_protocol_invocations=1 base_noisy_vole_count=248 silent_extension_count=1 base_correlation_setup_s=1.160177 silent_extension_s=0.004962 local_output_mapping_s=0.000000 total_s=1.165139 verify_s=0.000000 bytes_sent_by_role=359544 bytes_received_by_role=130071440 harness_metadata_bytes=0 verification_opening_bytes=0 clean_protocol_bytes_by_role=359544 direct_payload_bytes=0 silent_base_ot_bytes=47616 silent_base_noisy_vole_bytes=65664 silent_extension_payload_bytes=0 framing_bytes=293880 notes=tcp_two_process; libOTe_SilentVole; semi_honest_128; MultType=ExConv7x24; BaseElem=u64; ExtElem=array<u64,M>; x=c; Z0=a; Z1=-b PASS
[server_exit=0 client_exit=0]

$ taskset -c 0 /home/cyy/pcg-experiments/mVOLE-local-silent-bench/build-final/main --RMVOLE_NET_BENCH silent-server 0.0.0.0 39287 12 32 1 bench &
$ taskset -c 2 /home/cyy/pcg-experiments/mVOLE-local-silent-bench/build-final/main --RMVOLE_NET_BENCH silent-client 127.0.0.1 39287 12 32 1 bench
SILENT_SVOLE_TCP method=SILENT_SVOLE role=receiver-server-p0 mode=bench network=tcp-loopback address=0.0.0.0:39287 logN=12 N=4096 m=32 reps=1 requested_N=4096 generated_N=4096 code_size=8432 noise_weight=248 partition_count=248 size_per_partition=34 base_ot_count=1488 base_ot_protocol_invocations=1 base_noisy_vole_count=248 silent_extension_count=1 base_correlation_setup_s=0.947925 silent_extension_s=0.230779 local_output_mapping_s=0.000000 total_s=1.178705 verify_s=0.000000 bytes_sent_by_role=130071440 bytes_received_by_role=359544 harness_metadata_bytes=256 verification_opening_bytes=0 clean_protocol_bytes_by_role=130071184 direct_payload_bytes=0 silent_base_ot_bytes=47616 silent_base_noisy_vole_bytes=48008 silent_extension_payload_bytes=130023432 framing_bytes=0 notes=tcp_two_process; libOTe_SilentVole; semi_honest_128; MultType=ExConv7x24; BaseElem=u64; ExtElem=array<u64,M>; x=c; Z0=a; Z1=-b PASS
SILENT_SVOLE_TCP method=SILENT_SVOLE role=sender-client-p1 mode=bench network=tcp-loopback address=127.0.0.1:39287 logN=12 N=4096 m=32 reps=1 requested_N=4096 generated_N=4096 code_size=8432 noise_weight=248 partition_count=248 size_per_partition=34 base_ot_count=1488 base_ot_protocol_invocations=1 base_noisy_vole_count=248 silent_extension_count=1 base_correlation_setup_s=1.156889 silent_extension_s=0.004967 local_output_mapping_s=0.000000 total_s=1.161856 verify_s=0.000000 bytes_sent_by_role=359544 bytes_received_by_role=130071440 harness_metadata_bytes=0 verification_opening_bytes=0 clean_protocol_bytes_by_role=359544 direct_payload_bytes=0 silent_base_ot_bytes=47616 silent_base_noisy_vole_bytes=65664 silent_extension_payload_bytes=0 framing_bytes=293880 notes=tcp_two_process; libOTe_SilentVole; semi_honest_128; MultType=ExConv7x24; BaseElem=u64; ExtElem=array<u64,M>; x=c; Z0=a; Z1=-b PASS
[server_exit=0 client_exit=0]

$ taskset -c 0 /home/cyy/pcg-experiments/mVOLE-local-silent-bench/build-final/main --RMVOLE_NET_BENCH silent-server 0.0.0.0 39288 12 32 1 bench &
$ taskset -c 2 /home/cyy/pcg-experiments/mVOLE-local-silent-bench/build-final/main --RMVOLE_NET_BENCH silent-client 127.0.0.1 39288 12 32 1 bench
SILENT_SVOLE_TCP method=SILENT_SVOLE role=receiver-server-p0 mode=bench network=tcp-loopback address=0.0.0.0:39288 logN=12 N=4096 m=32 reps=1 requested_N=4096 generated_N=4096 code_size=8432 noise_weight=248 partition_count=248 size_per_partition=34 base_ot_count=1488 base_ot_protocol_invocations=1 base_noisy_vole_count=248 silent_extension_count=1 base_correlation_setup_s=0.950879 silent_extension_s=0.230673 local_output_mapping_s=0.000000 total_s=1.181552 verify_s=0.000000 bytes_sent_by_role=130071440 bytes_received_by_role=359544 harness_metadata_bytes=256 verification_opening_bytes=0 clean_protocol_bytes_by_role=130071184 direct_payload_bytes=0 silent_base_ot_bytes=47616 silent_base_noisy_vole_bytes=48008 silent_extension_payload_bytes=130023432 framing_bytes=0 notes=tcp_two_process; libOTe_SilentVole; semi_honest_128; MultType=ExConv7x24; BaseElem=u64; ExtElem=array<u64,M>; x=c; Z0=a; Z1=-b PASS
SILENT_SVOLE_TCP method=SILENT_SVOLE role=sender-client-p1 mode=bench network=tcp-loopback address=127.0.0.1:39288 logN=12 N=4096 m=32 reps=1 requested_N=4096 generated_N=4096 code_size=8432 noise_weight=248 partition_count=248 size_per_partition=34 base_ot_count=1488 base_ot_protocol_invocations=1 base_noisy_vole_count=248 silent_extension_count=1 base_correlation_setup_s=1.158060 silent_extension_s=0.004978 local_output_mapping_s=0.000000 total_s=1.163038 verify_s=0.000000 bytes_sent_by_role=359544 bytes_received_by_role=130071440 harness_metadata_bytes=0 verification_opening_bytes=0 clean_protocol_bytes_by_role=359544 direct_payload_bytes=0 silent_base_ot_bytes=47616 silent_base_noisy_vole_bytes=65664 silent_extension_payload_bytes=0 framing_bytes=293880 notes=tcp_two_process; libOTe_SilentVole; semi_honest_128; MultType=ExConv7x24; BaseElem=u64; ExtElem=array<u64,M>; x=c; Z0=a; Z1=-b PASS
[server_exit=0 client_exit=0]

$ taskset -c 0 /home/cyy/pcg-experiments/mVOLE-local-silent-bench/build-final/main --RMVOLE_NET_BENCH silent-server 0.0.0.0 39289 12 32 1 bench &
$ taskset -c 2 /home/cyy/pcg-experiments/mVOLE-local-silent-bench/build-final/main --RMVOLE_NET_BENCH silent-client 127.0.0.1 39289 12 32 1 bench
SILENT_SVOLE_TCP method=SILENT_SVOLE role=receiver-server-p0 mode=bench network=tcp-loopback address=0.0.0.0:39289 logN=12 N=4096 m=32 reps=1 requested_N=4096 generated_N=4096 code_size=8432 noise_weight=248 partition_count=248 size_per_partition=34 base_ot_count=1488 base_ot_protocol_invocations=1 base_noisy_vole_count=248 silent_extension_count=1 base_correlation_setup_s=0.945563 silent_extension_s=0.231843 local_output_mapping_s=0.000000 total_s=1.177406 verify_s=0.000000 bytes_sent_by_role=130071440 bytes_received_by_role=359544 harness_metadata_bytes=256 verification_opening_bytes=0 clean_protocol_bytes_by_role=130071184 direct_payload_bytes=0 silent_base_ot_bytes=47616 silent_base_noisy_vole_bytes=48008 silent_extension_payload_bytes=130023432 framing_bytes=0 notes=tcp_two_process; libOTe_SilentVole; semi_honest_128; MultType=ExConv7x24; BaseElem=u64; ExtElem=array<u64,M>; x=c; Z0=a; Z1=-b PASS
SILENT_SVOLE_TCP method=SILENT_SVOLE role=sender-client-p1 mode=bench network=tcp-loopback address=127.0.0.1:39289 logN=12 N=4096 m=32 reps=1 requested_N=4096 generated_N=4096 code_size=8432 noise_weight=248 partition_count=248 size_per_partition=34 base_ot_count=1488 base_ot_protocol_invocations=1 base_noisy_vole_count=248 silent_extension_count=1 base_correlation_setup_s=1.157830 silent_extension_s=0.005062 local_output_mapping_s=0.000000 total_s=1.162892 verify_s=0.000000 bytes_sent_by_role=359544 bytes_received_by_role=130071440 harness_metadata_bytes=0 verification_opening_bytes=0 clean_protocol_bytes_by_role=359544 direct_payload_bytes=0 silent_base_ot_bytes=47616 silent_base_noisy_vole_bytes=65664 silent_extension_payload_bytes=0 framing_bytes=293880 notes=tcp_two_process; libOTe_SilentVole; semi_honest_128; MultType=ExConv7x24; BaseElem=u64; ExtElem=array<u64,M>; x=c; Z0=a; Z1=-b PASS
[server_exit=0 client_exit=0]

$ taskset -c 0 /home/cyy/pcg-experiments/mVOLE-local-silent-bench/build-final/main --RMVOLE_NET_BENCH silent-server 0.0.0.0 39290 12 32 1 bench &
$ taskset -c 2 /home/cyy/pcg-experiments/mVOLE-local-silent-bench/build-final/main --RMVOLE_NET_BENCH silent-client 127.0.0.1 39290 12 32 1 bench
SILENT_SVOLE_TCP method=SILENT_SVOLE role=receiver-server-p0 mode=bench network=tcp-loopback address=0.0.0.0:39290 logN=12 N=4096 m=32 reps=1 requested_N=4096 generated_N=4096 code_size=8432 noise_weight=248 partition_count=248 size_per_partition=34 base_ot_count=1488 base_ot_protocol_invocations=1 base_noisy_vole_count=248 silent_extension_count=1 base_correlation_setup_s=0.946537 silent_extension_s=0.231064 local_output_mapping_s=0.000000 total_s=1.177601 verify_s=0.000000 bytes_sent_by_role=130071440 bytes_received_by_role=359544 harness_metadata_bytes=256 verification_opening_bytes=0 clean_protocol_bytes_by_role=130071184 direct_payload_bytes=0 silent_base_ot_bytes=47616 silent_base_noisy_vole_bytes=48008 silent_extension_payload_bytes=130023432 framing_bytes=0 notes=tcp_two_process; libOTe_SilentVole; semi_honest_128; MultType=ExConv7x24; BaseElem=u64; ExtElem=array<u64,M>; x=c; Z0=a; Z1=-b PASS
SILENT_SVOLE_TCP method=SILENT_SVOLE role=sender-client-p1 mode=bench network=tcp-loopback address=127.0.0.1:39290 logN=12 N=4096 m=32 reps=1 requested_N=4096 generated_N=4096 code_size=8432 noise_weight=248 partition_count=248 size_per_partition=34 base_ot_count=1488 base_ot_protocol_invocations=1 base_noisy_vole_count=248 silent_extension_count=1 base_correlation_setup_s=1.157778 silent_extension_s=0.004875 local_output_mapping_s=0.000000 total_s=1.162653 verify_s=0.000000 bytes_sent_by_role=359544 bytes_received_by_role=130071440 harness_metadata_bytes=0 verification_opening_bytes=0 clean_protocol_bytes_by_role=359544 direct_payload_bytes=0 silent_base_ot_bytes=47616 silent_base_noisy_vole_bytes=65664 silent_extension_payload_bytes=0 framing_bytes=293880 notes=tcp_two_process; libOTe_SilentVole; semi_honest_128; MultType=ExConv7x24; BaseElem=u64; ExtElem=array<u64,M>; x=c; Z0=a; Z1=-b PASS
[server_exit=0 client_exit=0]

$ taskset -c 0 /home/cyy/pcg-experiments/mVOLE-local-silent-bench/build-final/main --RMVOLE_NET_BENCH silent-server 0.0.0.0 39291 12 32 1 bench &
$ taskset -c 2 /home/cyy/pcg-experiments/mVOLE-local-silent-bench/build-final/main --RMVOLE_NET_BENCH silent-client 127.0.0.1 39291 12 32 1 bench
SILENT_SVOLE_TCP method=SILENT_SVOLE role=receiver-server-p0 mode=bench network=tcp-loopback address=0.0.0.0:39291 logN=12 N=4096 m=32 reps=1 requested_N=4096 generated_N=4096 code_size=8432 noise_weight=248 partition_count=248 size_per_partition=34 base_ot_count=1488 base_ot_protocol_invocations=1 base_noisy_vole_count=248 silent_extension_count=1 base_correlation_setup_s=0.946197 silent_extension_s=0.233212 local_output_mapping_s=0.000000 total_s=1.179409 verify_s=0.000000 bytes_sent_by_role=130071440 bytes_received_by_role=359544 harness_metadata_bytes=256 verification_opening_bytes=0 clean_protocol_bytes_by_role=130071184 direct_payload_bytes=0 silent_base_ot_bytes=47616 silent_base_noisy_vole_bytes=48008 silent_extension_payload_bytes=130023432 framing_bytes=0 notes=tcp_two_process; libOTe_SilentVole; semi_honest_128; MultType=ExConv7x24; BaseElem=u64; ExtElem=array<u64,M>; x=c; Z0=a; Z1=-b PASS
SILENT_SVOLE_TCP method=SILENT_SVOLE role=sender-client-p1 mode=bench network=tcp-loopback address=127.0.0.1:39291 logN=12 N=4096 m=32 reps=1 requested_N=4096 generated_N=4096 code_size=8432 noise_weight=248 partition_count=248 size_per_partition=34 base_ot_count=1488 base_ot_protocol_invocations=1 base_noisy_vole_count=248 silent_extension_count=1 base_correlation_setup_s=1.158736 silent_extension_s=0.004994 local_output_mapping_s=0.000000 total_s=1.163730 verify_s=0.000000 bytes_sent_by_role=359544 bytes_received_by_role=130071440 harness_metadata_bytes=0 verification_opening_bytes=0 clean_protocol_bytes_by_role=359544 direct_payload_bytes=0 silent_base_ot_bytes=47616 silent_base_noisy_vole_bytes=65664 silent_extension_payload_bytes=0 framing_bytes=293880 notes=tcp_two_process; libOTe_SilentVole; semi_honest_128; MultType=ExConv7x24; BaseElem=u64; ExtElem=array<u64,M>; x=c; Z0=a; Z1=-b PASS
[server_exit=0 client_exit=0]

$ taskset -c 0 /home/cyy/pcg-experiments/mVOLE-local-silent-bench/build-final/main --RMVOLE_NET_BENCH silent-server 0.0.0.0 39292 12 32 1 bench &
$ taskset -c 2 /home/cyy/pcg-experiments/mVOLE-local-silent-bench/build-final/main --RMVOLE_NET_BENCH silent-client 127.0.0.1 39292 12 32 1 bench
SILENT_SVOLE_TCP method=SILENT_SVOLE role=receiver-server-p0 mode=bench network=tcp-loopback address=0.0.0.0:39292 logN=12 N=4096 m=32 reps=1 requested_N=4096 generated_N=4096 code_size=8432 noise_weight=248 partition_count=248 size_per_partition=34 base_ot_count=1488 base_ot_protocol_invocations=1 base_noisy_vole_count=248 silent_extension_count=1 base_correlation_setup_s=0.947537 silent_extension_s=0.231482 local_output_mapping_s=0.000000 total_s=1.179019 verify_s=0.000000 bytes_sent_by_role=130071440 bytes_received_by_role=359544 harness_metadata_bytes=256 verification_opening_bytes=0 clean_protocol_bytes_by_role=130071184 direct_payload_bytes=0 silent_base_ot_bytes=47616 silent_base_noisy_vole_bytes=48008 silent_extension_payload_bytes=130023432 framing_bytes=0 notes=tcp_two_process; libOTe_SilentVole; semi_honest_128; MultType=ExConv7x24; BaseElem=u64; ExtElem=array<u64,M>; x=c; Z0=a; Z1=-b PASS
SILENT_SVOLE_TCP method=SILENT_SVOLE role=sender-client-p1 mode=bench network=tcp-loopback address=127.0.0.1:39292 logN=12 N=4096 m=32 reps=1 requested_N=4096 generated_N=4096 code_size=8432 noise_weight=248 partition_count=248 size_per_partition=34 base_ot_count=1488 base_ot_protocol_invocations=1 base_noisy_vole_count=248 silent_extension_count=1 base_correlation_setup_s=1.159786 silent_extension_s=0.004947 local_output_mapping_s=0.000000 total_s=1.164733 verify_s=0.000000 bytes_sent_by_role=359544 bytes_received_by_role=130071440 harness_metadata_bytes=0 verification_opening_bytes=0 clean_protocol_bytes_by_role=359544 direct_payload_bytes=0 silent_base_ot_bytes=47616 silent_base_noisy_vole_bytes=65664 silent_extension_payload_bytes=0 framing_bytes=293880 notes=tcp_two_process; libOTe_SilentVole; semi_honest_128; MultType=ExConv7x24; BaseElem=u64; ExtElem=array<u64,M>; x=c; Z0=a; Z1=-b PASS
[server_exit=0 client_exit=0]

$ taskset -c 0 /home/cyy/pcg-experiments/mVOLE-local-silent-bench/build-final/main --RMVOLE_NET_BENCH silent-server 0.0.0.0 39293 14 8 1 verify &
$ taskset -c 2 /home/cyy/pcg-experiments/mVOLE-local-silent-bench/build-final/main --RMVOLE_NET_BENCH silent-client 127.0.0.1 39293 14 8 1 verify
SILENT_SVOLE_TCP method=SILENT_SVOLE role=receiver-server-p0 mode=verify network=tcp-loopback address=0.0.0.0:39293 logN=14 N=16384 m=8 reps=1 requested_N=16384 generated_N=16384 code_size=33232 noise_weight=248 partition_count=248 size_per_partition=134 base_ot_count=1984 base_ot_protocol_invocations=1 base_noisy_vole_count=248 silent_extension_count=1 base_correlation_setup_s=0.354434 silent_extension_s=0.104947 local_output_mapping_s=0.000000 total_s=0.459381 verify_s=0.003600 bytes_sent_by_role=8190160 bytes_received_by_role=1184384 harness_metadata_bytes=64 verification_opening_bytes=1048576 clean_protocol_bytes_by_role=7141520 direct_payload_bytes=0 silent_base_ot_bytes=63488 silent_base_noisy_vole_bytes=63688 silent_extension_payload_bytes=8126472 framing_bytes=0 notes=tcp_two_process; libOTe_SilentVole; semi_honest_128; MultType=ExConv7x24; BaseElem=u64; ExtElem=array<u64,M>; x=c; Z0=a; Z1=-b PASS
SILENT_SVOLE_TCP method=SILENT_SVOLE role=sender-client-p1 mode=verify network=tcp-loopback address=127.0.0.1:39293 logN=14 N=16384 m=8 reps=1 requested_N=16384 generated_N=16384 code_size=33232 noise_weight=248 partition_count=248 size_per_partition=134 base_ot_count=1984 base_ot_protocol_invocations=1 base_noisy_vole_count=248 silent_extension_count=1 base_correlation_setup_s=0.422947 silent_extension_s=0.008444 local_output_mapping_s=0.000000 total_s=0.431391 verify_s=0.000161 bytes_sent_by_role=1184384 bytes_received_by_role=8190160 harness_metadata_bytes=0 verification_opening_bytes=1048576 clean_protocol_bytes_by_role=135808 direct_payload_bytes=0 silent_base_ot_bytes=63488 silent_base_noisy_vole_bytes=16512 silent_extension_payload_bytes=0 framing_bytes=119296 notes=tcp_two_process; libOTe_SilentVole; semi_honest_128; MultType=ExConv7x24; BaseElem=u64; ExtElem=array<u64,M>; x=c; Z0=a; Z1=-b PASS
[server_exit=0 client_exit=0]

$ taskset -c 0 /home/cyy/pcg-experiments/mVOLE-local-silent-bench/build-final/main --RMVOLE_NET_BENCH silent-server 0.0.0.0 39294 14 8 1 bench &
$ taskset -c 2 /home/cyy/pcg-experiments/mVOLE-local-silent-bench/build-final/main --RMVOLE_NET_BENCH silent-client 127.0.0.1 39294 14 8 1 bench
SILENT_SVOLE_TCP method=SILENT_SVOLE role=receiver-server-p0 mode=bench network=tcp-loopback address=0.0.0.0:39294 logN=14 N=16384 m=8 reps=1 requested_N=16384 generated_N=16384 code_size=33232 noise_weight=248 partition_count=248 size_per_partition=134 base_ot_count=1984 base_ot_protocol_invocations=1 base_noisy_vole_count=248 silent_extension_count=1 base_correlation_setup_s=0.355746 silent_extension_s=0.105623 local_output_mapping_s=0.000000 total_s=0.461369 verify_s=0.000000 bytes_sent_by_role=8190160 bytes_received_by_role=135800 harness_metadata_bytes=64 verification_opening_bytes=0 clean_protocol_bytes_by_role=8190096 direct_payload_bytes=0 silent_base_ot_bytes=63488 silent_base_noisy_vole_bytes=63688 silent_extension_payload_bytes=8126472 framing_bytes=0 notes=tcp_two_process; libOTe_SilentVole; semi_honest_128; MultType=ExConv7x24; BaseElem=u64; ExtElem=array<u64,M>; x=c; Z0=a; Z1=-b PASS
SILENT_SVOLE_TCP method=SILENT_SVOLE role=sender-client-p1 mode=bench network=tcp-loopback address=127.0.0.1:39294 logN=14 N=16384 m=8 reps=1 requested_N=16384 generated_N=16384 code_size=33232 noise_weight=248 partition_count=248 size_per_partition=134 base_ot_count=1984 base_ot_protocol_invocations=1 base_noisy_vole_count=248 silent_extension_count=1 base_correlation_setup_s=0.429854 silent_extension_s=0.008664 local_output_mapping_s=0.000000 total_s=0.438518 verify_s=0.000000 bytes_sent_by_role=135800 bytes_received_by_role=8190160 harness_metadata_bytes=0 verification_opening_bytes=0 clean_protocol_bytes_by_role=135800 direct_payload_bytes=0 silent_base_ot_bytes=63488 silent_base_noisy_vole_bytes=16512 silent_extension_payload_bytes=0 framing_bytes=119288 notes=tcp_two_process; libOTe_SilentVole; semi_honest_128; MultType=ExConv7x24; BaseElem=u64; ExtElem=array<u64,M>; x=c; Z0=a; Z1=-b PASS
[server_exit=0 client_exit=0]

$ taskset -c 0 /home/cyy/pcg-experiments/mVOLE-local-silent-bench/build-final/main --RMVOLE_NET_BENCH silent-server 0.0.0.0 39295 14 8 1 bench &
$ taskset -c 2 /home/cyy/pcg-experiments/mVOLE-local-silent-bench/build-final/main --RMVOLE_NET_BENCH silent-client 127.0.0.1 39295 14 8 1 bench
SILENT_SVOLE_TCP method=SILENT_SVOLE role=receiver-server-p0 mode=bench network=tcp-loopback address=0.0.0.0:39295 logN=14 N=16384 m=8 reps=1 requested_N=16384 generated_N=16384 code_size=33232 noise_weight=248 partition_count=248 size_per_partition=134 base_ot_count=1984 base_ot_protocol_invocations=1 base_noisy_vole_count=248 silent_extension_count=1 base_correlation_setup_s=0.355980 silent_extension_s=0.104837 local_output_mapping_s=0.000000 total_s=0.460817 verify_s=0.000000 bytes_sent_by_role=8190160 bytes_received_by_role=135800 harness_metadata_bytes=64 verification_opening_bytes=0 clean_protocol_bytes_by_role=8190096 direct_payload_bytes=0 silent_base_ot_bytes=63488 silent_base_noisy_vole_bytes=63688 silent_extension_payload_bytes=8126472 framing_bytes=0 notes=tcp_two_process; libOTe_SilentVole; semi_honest_128; MultType=ExConv7x24; BaseElem=u64; ExtElem=array<u64,M>; x=c; Z0=a; Z1=-b PASS
SILENT_SVOLE_TCP method=SILENT_SVOLE role=sender-client-p1 mode=bench network=tcp-loopback address=127.0.0.1:39295 logN=14 N=16384 m=8 reps=1 requested_N=16384 generated_N=16384 code_size=33232 noise_weight=248 partition_count=248 size_per_partition=134 base_ot_count=1984 base_ot_protocol_invocations=1 base_noisy_vole_count=248 silent_extension_count=1 base_correlation_setup_s=0.429223 silent_extension_s=0.008465 local_output_mapping_s=0.000000 total_s=0.437687 verify_s=0.000000 bytes_sent_by_role=135800 bytes_received_by_role=8190160 harness_metadata_bytes=0 verification_opening_bytes=0 clean_protocol_bytes_by_role=135800 direct_payload_bytes=0 silent_base_ot_bytes=63488 silent_base_noisy_vole_bytes=16512 silent_extension_payload_bytes=0 framing_bytes=119288 notes=tcp_two_process; libOTe_SilentVole; semi_honest_128; MultType=ExConv7x24; BaseElem=u64; ExtElem=array<u64,M>; x=c; Z0=a; Z1=-b PASS
[server_exit=0 client_exit=0]

$ taskset -c 0 /home/cyy/pcg-experiments/mVOLE-local-silent-bench/build-final/main --RMVOLE_NET_BENCH silent-server 0.0.0.0 39296 14 8 1 bench &
$ taskset -c 2 /home/cyy/pcg-experiments/mVOLE-local-silent-bench/build-final/main --RMVOLE_NET_BENCH silent-client 127.0.0.1 39296 14 8 1 bench
SILENT_SVOLE_TCP method=SILENT_SVOLE role=receiver-server-p0 mode=bench network=tcp-loopback address=0.0.0.0:39296 logN=14 N=16384 m=8 reps=1 requested_N=16384 generated_N=16384 code_size=33232 noise_weight=248 partition_count=248 size_per_partition=134 base_ot_count=1984 base_ot_protocol_invocations=1 base_noisy_vole_count=248 silent_extension_count=1 base_correlation_setup_s=0.355645 silent_extension_s=0.105621 local_output_mapping_s=0.000000 total_s=0.461266 verify_s=0.000000 bytes_sent_by_role=8190160 bytes_received_by_role=135800 harness_metadata_bytes=64 verification_opening_bytes=0 clean_protocol_bytes_by_role=8190096 direct_payload_bytes=0 silent_base_ot_bytes=63488 silent_base_noisy_vole_bytes=63688 silent_extension_payload_bytes=8126472 framing_bytes=0 notes=tcp_two_process; libOTe_SilentVole; semi_honest_128; MultType=ExConv7x24; BaseElem=u64; ExtElem=array<u64,M>; x=c; Z0=a; Z1=-b PASS
SILENT_SVOLE_TCP method=SILENT_SVOLE role=sender-client-p1 mode=bench network=tcp-loopback address=127.0.0.1:39296 logN=14 N=16384 m=8 reps=1 requested_N=16384 generated_N=16384 code_size=33232 noise_weight=248 partition_count=248 size_per_partition=134 base_ot_count=1984 base_ot_protocol_invocations=1 base_noisy_vole_count=248 silent_extension_count=1 base_correlation_setup_s=0.424996 silent_extension_s=0.008558 local_output_mapping_s=0.000000 total_s=0.433554 verify_s=0.000000 bytes_sent_by_role=135800 bytes_received_by_role=8190160 harness_metadata_bytes=0 verification_opening_bytes=0 clean_protocol_bytes_by_role=135800 direct_payload_bytes=0 silent_base_ot_bytes=63488 silent_base_noisy_vole_bytes=16512 silent_extension_payload_bytes=0 framing_bytes=119288 notes=tcp_two_process; libOTe_SilentVole; semi_honest_128; MultType=ExConv7x24; BaseElem=u64; ExtElem=array<u64,M>; x=c; Z0=a; Z1=-b PASS
[server_exit=0 client_exit=0]

$ taskset -c 0 /home/cyy/pcg-experiments/mVOLE-local-silent-bench/build-final/main --RMVOLE_NET_BENCH silent-server 0.0.0.0 39297 14 8 1 bench &
$ taskset -c 2 /home/cyy/pcg-experiments/mVOLE-local-silent-bench/build-final/main --RMVOLE_NET_BENCH silent-client 127.0.0.1 39297 14 8 1 bench
SILENT_SVOLE_TCP method=SILENT_SVOLE role=receiver-server-p0 mode=bench network=tcp-loopback address=0.0.0.0:39297 logN=14 N=16384 m=8 reps=1 requested_N=16384 generated_N=16384 code_size=33232 noise_weight=248 partition_count=248 size_per_partition=134 base_ot_count=1984 base_ot_protocol_invocations=1 base_noisy_vole_count=248 silent_extension_count=1 base_correlation_setup_s=0.355342 silent_extension_s=0.105462 local_output_mapping_s=0.000000 total_s=0.460804 verify_s=0.000000 bytes_sent_by_role=8190160 bytes_received_by_role=135800 harness_metadata_bytes=64 verification_opening_bytes=0 clean_protocol_bytes_by_role=8190096 direct_payload_bytes=0 silent_base_ot_bytes=63488 silent_base_noisy_vole_bytes=63688 silent_extension_payload_bytes=8126472 framing_bytes=0 notes=tcp_two_process; libOTe_SilentVole; semi_honest_128; MultType=ExConv7x24; BaseElem=u64; ExtElem=array<u64,M>; x=c; Z0=a; Z1=-b PASS
SILENT_SVOLE_TCP method=SILENT_SVOLE role=sender-client-p1 mode=bench network=tcp-loopback address=127.0.0.1:39297 logN=14 N=16384 m=8 reps=1 requested_N=16384 generated_N=16384 code_size=33232 noise_weight=248 partition_count=248 size_per_partition=134 base_ot_count=1984 base_ot_protocol_invocations=1 base_noisy_vole_count=248 silent_extension_count=1 base_correlation_setup_s=0.429787 silent_extension_s=0.008417 local_output_mapping_s=0.000000 total_s=0.438204 verify_s=0.000000 bytes_sent_by_role=135800 bytes_received_by_role=8190160 harness_metadata_bytes=0 verification_opening_bytes=0 clean_protocol_bytes_by_role=135800 direct_payload_bytes=0 silent_base_ot_bytes=63488 silent_base_noisy_vole_bytes=16512 silent_extension_payload_bytes=0 framing_bytes=119288 notes=tcp_two_process; libOTe_SilentVole; semi_honest_128; MultType=ExConv7x24; BaseElem=u64; ExtElem=array<u64,M>; x=c; Z0=a; Z1=-b PASS
[server_exit=0 client_exit=0]

$ taskset -c 0 /home/cyy/pcg-experiments/mVOLE-local-silent-bench/build-final/main --RMVOLE_NET_BENCH silent-server 0.0.0.0 39298 14 8 1 bench &
$ taskset -c 2 /home/cyy/pcg-experiments/mVOLE-local-silent-bench/build-final/main --RMVOLE_NET_BENCH silent-client 127.0.0.1 39298 14 8 1 bench
SILENT_SVOLE_TCP method=SILENT_SVOLE role=receiver-server-p0 mode=bench network=tcp-loopback address=0.0.0.0:39298 logN=14 N=16384 m=8 reps=1 requested_N=16384 generated_N=16384 code_size=33232 noise_weight=248 partition_count=248 size_per_partition=134 base_ot_count=1984 base_ot_protocol_invocations=1 base_noisy_vole_count=248 silent_extension_count=1 base_correlation_setup_s=0.354481 silent_extension_s=0.106001 local_output_mapping_s=0.000000 total_s=0.460482 verify_s=0.000000 bytes_sent_by_role=8190160 bytes_received_by_role=135800 harness_metadata_bytes=64 verification_opening_bytes=0 clean_protocol_bytes_by_role=8190096 direct_payload_bytes=0 silent_base_ot_bytes=63488 silent_base_noisy_vole_bytes=63688 silent_extension_payload_bytes=8126472 framing_bytes=0 notes=tcp_two_process; libOTe_SilentVole; semi_honest_128; MultType=ExConv7x24; BaseElem=u64; ExtElem=array<u64,M>; x=c; Z0=a; Z1=-b PASS
SILENT_SVOLE_TCP method=SILENT_SVOLE role=sender-client-p1 mode=bench network=tcp-loopback address=127.0.0.1:39298 logN=14 N=16384 m=8 reps=1 requested_N=16384 generated_N=16384 code_size=33232 noise_weight=248 partition_count=248 size_per_partition=134 base_ot_count=1984 base_ot_protocol_invocations=1 base_noisy_vole_count=248 silent_extension_count=1 base_correlation_setup_s=0.428965 silent_extension_s=0.008418 local_output_mapping_s=0.000000 total_s=0.437383 verify_s=0.000000 bytes_sent_by_role=135800 bytes_received_by_role=8190160 harness_metadata_bytes=0 verification_opening_bytes=0 clean_protocol_bytes_by_role=135800 direct_payload_bytes=0 silent_base_ot_bytes=63488 silent_base_noisy_vole_bytes=16512 silent_extension_payload_bytes=0 framing_bytes=119288 notes=tcp_two_process; libOTe_SilentVole; semi_honest_128; MultType=ExConv7x24; BaseElem=u64; ExtElem=array<u64,M>; x=c; Z0=a; Z1=-b PASS
[server_exit=0 client_exit=0]

$ taskset -c 0 /home/cyy/pcg-experiments/mVOLE-local-silent-bench/build-final/main --RMVOLE_NET_BENCH silent-server 0.0.0.0 39299 14 8 1 bench &
$ taskset -c 2 /home/cyy/pcg-experiments/mVOLE-local-silent-bench/build-final/main --RMVOLE_NET_BENCH silent-client 127.0.0.1 39299 14 8 1 bench
SILENT_SVOLE_TCP method=SILENT_SVOLE role=receiver-server-p0 mode=bench network=tcp-loopback address=0.0.0.0:39299 logN=14 N=16384 m=8 reps=1 requested_N=16384 generated_N=16384 code_size=33232 noise_weight=248 partition_count=248 size_per_partition=134 base_ot_count=1984 base_ot_protocol_invocations=1 base_noisy_vole_count=248 silent_extension_count=1 base_correlation_setup_s=0.354913 silent_extension_s=0.105534 local_output_mapping_s=0.000000 total_s=0.460447 verify_s=0.000000 bytes_sent_by_role=8190160 bytes_received_by_role=135800 harness_metadata_bytes=64 verification_opening_bytes=0 clean_protocol_bytes_by_role=8190096 direct_payload_bytes=0 silent_base_ot_bytes=63488 silent_base_noisy_vole_bytes=63688 silent_extension_payload_bytes=8126472 framing_bytes=0 notes=tcp_two_process; libOTe_SilentVole; semi_honest_128; MultType=ExConv7x24; BaseElem=u64; ExtElem=array<u64,M>; x=c; Z0=a; Z1=-b PASS
SILENT_SVOLE_TCP method=SILENT_SVOLE role=sender-client-p1 mode=bench network=tcp-loopback address=127.0.0.1:39299 logN=14 N=16384 m=8 reps=1 requested_N=16384 generated_N=16384 code_size=33232 noise_weight=248 partition_count=248 size_per_partition=134 base_ot_count=1984 base_ot_protocol_invocations=1 base_noisy_vole_count=248 silent_extension_count=1 base_correlation_setup_s=0.427022 silent_extension_s=0.008455 local_output_mapping_s=0.000000 total_s=0.435477 verify_s=0.000000 bytes_sent_by_role=135800 bytes_received_by_role=8190160 harness_metadata_bytes=0 verification_opening_bytes=0 clean_protocol_bytes_by_role=135800 direct_payload_bytes=0 silent_base_ot_bytes=63488 silent_base_noisy_vole_bytes=16512 silent_extension_payload_bytes=0 framing_bytes=119288 notes=tcp_two_process; libOTe_SilentVole; semi_honest_128; MultType=ExConv7x24; BaseElem=u64; ExtElem=array<u64,M>; x=c; Z0=a; Z1=-b PASS
[server_exit=0 client_exit=0]

$ taskset -c 0 /home/cyy/pcg-experiments/mVOLE-local-silent-bench/build-final/main --RMVOLE_NET_BENCH silent-server 0.0.0.0 39300 14 8 1 bench &
$ taskset -c 2 /home/cyy/pcg-experiments/mVOLE-local-silent-bench/build-final/main --RMVOLE_NET_BENCH silent-client 127.0.0.1 39300 14 8 1 bench
SILENT_SVOLE_TCP method=SILENT_SVOLE role=receiver-server-p0 mode=bench network=tcp-loopback address=0.0.0.0:39300 logN=14 N=16384 m=8 reps=1 requested_N=16384 generated_N=16384 code_size=33232 noise_weight=248 partition_count=248 size_per_partition=134 base_ot_count=1984 base_ot_protocol_invocations=1 base_noisy_vole_count=248 silent_extension_count=1 base_correlation_setup_s=0.358994 silent_extension_s=0.101451 local_output_mapping_s=0.000000 total_s=0.460445 verify_s=0.000000 bytes_sent_by_role=8190160 bytes_received_by_role=135800 harness_metadata_bytes=64 verification_opening_bytes=0 clean_protocol_bytes_by_role=8190096 direct_payload_bytes=0 silent_base_ot_bytes=63488 silent_base_noisy_vole_bytes=63688 silent_extension_payload_bytes=8126472 framing_bytes=0 notes=tcp_two_process; libOTe_SilentVole; semi_honest_128; MultType=ExConv7x24; BaseElem=u64; ExtElem=array<u64,M>; x=c; Z0=a; Z1=-b PASS
SILENT_SVOLE_TCP method=SILENT_SVOLE role=sender-client-p1 mode=bench network=tcp-loopback address=127.0.0.1:39300 logN=14 N=16384 m=8 reps=1 requested_N=16384 generated_N=16384 code_size=33232 noise_weight=248 partition_count=248 size_per_partition=134 base_ot_count=1984 base_ot_protocol_invocations=1 base_noisy_vole_count=248 silent_extension_count=1 base_correlation_setup_s=0.429602 silent_extension_s=0.008419 local_output_mapping_s=0.000000 total_s=0.438022 verify_s=0.000000 bytes_sent_by_role=135800 bytes_received_by_role=8190160 harness_metadata_bytes=0 verification_opening_bytes=0 clean_protocol_bytes_by_role=135800 direct_payload_bytes=0 silent_base_ot_bytes=63488 silent_base_noisy_vole_bytes=16512 silent_extension_payload_bytes=0 framing_bytes=119288 notes=tcp_two_process; libOTe_SilentVole; semi_honest_128; MultType=ExConv7x24; BaseElem=u64; ExtElem=array<u64,M>; x=c; Z0=a; Z1=-b PASS
[server_exit=0 client_exit=0]

$ taskset -c 0 /home/cyy/pcg-experiments/mVOLE-local-silent-bench/build-final/main --RMVOLE_NET_BENCH silent-server 0.0.0.0 39301 14 8 1 bench &
$ taskset -c 2 /home/cyy/pcg-experiments/mVOLE-local-silent-bench/build-final/main --RMVOLE_NET_BENCH silent-client 127.0.0.1 39301 14 8 1 bench
SILENT_SVOLE_TCP method=SILENT_SVOLE role=receiver-server-p0 mode=bench network=tcp-loopback address=0.0.0.0:39301 logN=14 N=16384 m=8 reps=1 requested_N=16384 generated_N=16384 code_size=33232 noise_weight=248 partition_count=248 size_per_partition=134 base_ot_count=1984 base_ot_protocol_invocations=1 base_noisy_vole_count=248 silent_extension_count=1 base_correlation_setup_s=0.361514 silent_extension_s=0.102844 local_output_mapping_s=0.000000 total_s=0.464358 verify_s=0.000000 bytes_sent_by_role=8190160 bytes_received_by_role=135800 harness_metadata_bytes=64 verification_opening_bytes=0 clean_protocol_bytes_by_role=8190096 direct_payload_bytes=0 silent_base_ot_bytes=63488 silent_base_noisy_vole_bytes=63688 silent_extension_payload_bytes=8126472 framing_bytes=0 notes=tcp_two_process; libOTe_SilentVole; semi_honest_128; MultType=ExConv7x24; BaseElem=u64; ExtElem=array<u64,M>; x=c; Z0=a; Z1=-b PASS
SILENT_SVOLE_TCP method=SILENT_SVOLE role=sender-client-p1 mode=bench network=tcp-loopback address=127.0.0.1:39301 logN=14 N=16384 m=8 reps=1 requested_N=16384 generated_N=16384 code_size=33232 noise_weight=248 partition_count=248 size_per_partition=134 base_ot_count=1984 base_ot_protocol_invocations=1 base_noisy_vole_count=248 silent_extension_count=1 base_correlation_setup_s=0.432853 silent_extension_s=0.008387 local_output_mapping_s=0.000000 total_s=0.441240 verify_s=0.000000 bytes_sent_by_role=135800 bytes_received_by_role=8190160 harness_metadata_bytes=0 verification_opening_bytes=0 clean_protocol_bytes_by_role=135800 direct_payload_bytes=0 silent_base_ot_bytes=63488 silent_base_noisy_vole_bytes=16512 silent_extension_payload_bytes=0 framing_bytes=119288 notes=tcp_two_process; libOTe_SilentVole; semi_honest_128; MultType=ExConv7x24; BaseElem=u64; ExtElem=array<u64,M>; x=c; Z0=a; Z1=-b PASS
[server_exit=0 client_exit=0]

$ taskset -c 0 /home/cyy/pcg-experiments/mVOLE-local-silent-bench/build-final/main --RMVOLE_NET_BENCH silent-server 0.0.0.0 39302 14 8 1 bench &
$ taskset -c 2 /home/cyy/pcg-experiments/mVOLE-local-silent-bench/build-final/main --RMVOLE_NET_BENCH silent-client 127.0.0.1 39302 14 8 1 bench
SILENT_SVOLE_TCP method=SILENT_SVOLE role=receiver-server-p0 mode=bench network=tcp-loopback address=0.0.0.0:39302 logN=14 N=16384 m=8 reps=1 requested_N=16384 generated_N=16384 code_size=33232 noise_weight=248 partition_count=248 size_per_partition=134 base_ot_count=1984 base_ot_protocol_invocations=1 base_noisy_vole_count=248 silent_extension_count=1 base_correlation_setup_s=0.355311 silent_extension_s=0.105116 local_output_mapping_s=0.000000 total_s=0.460428 verify_s=0.000000 bytes_sent_by_role=8190160 bytes_received_by_role=135800 harness_metadata_bytes=64 verification_opening_bytes=0 clean_protocol_bytes_by_role=8190096 direct_payload_bytes=0 silent_base_ot_bytes=63488 silent_base_noisy_vole_bytes=63688 silent_extension_payload_bytes=8126472 framing_bytes=0 notes=tcp_two_process; libOTe_SilentVole; semi_honest_128; MultType=ExConv7x24; BaseElem=u64; ExtElem=array<u64,M>; x=c; Z0=a; Z1=-b PASS
SILENT_SVOLE_TCP method=SILENT_SVOLE role=sender-client-p1 mode=bench network=tcp-loopback address=127.0.0.1:39302 logN=14 N=16384 m=8 reps=1 requested_N=16384 generated_N=16384 code_size=33232 noise_weight=248 partition_count=248 size_per_partition=134 base_ot_count=1984 base_ot_protocol_invocations=1 base_noisy_vole_count=248 silent_extension_count=1 base_correlation_setup_s=0.426610 silent_extension_s=0.008452 local_output_mapping_s=0.000000 total_s=0.435062 verify_s=0.000000 bytes_sent_by_role=135800 bytes_received_by_role=8190160 harness_metadata_bytes=0 verification_opening_bytes=0 clean_protocol_bytes_by_role=135800 direct_payload_bytes=0 silent_base_ot_bytes=63488 silent_base_noisy_vole_bytes=16512 silent_extension_payload_bytes=0 framing_bytes=119288 notes=tcp_two_process; libOTe_SilentVole; semi_honest_128; MultType=ExConv7x24; BaseElem=u64; ExtElem=array<u64,M>; x=c; Z0=a; Z1=-b PASS
[server_exit=0 client_exit=0]

$ taskset -c 0 /home/cyy/pcg-experiments/mVOLE-local-silent-bench/build-final/main --RMVOLE_NET_BENCH silent-server 0.0.0.0 39303 14 8 1 bench &
$ taskset -c 2 /home/cyy/pcg-experiments/mVOLE-local-silent-bench/build-final/main --RMVOLE_NET_BENCH silent-client 127.0.0.1 39303 14 8 1 bench
SILENT_SVOLE_TCP method=SILENT_SVOLE role=receiver-server-p0 mode=bench network=tcp-loopback address=0.0.0.0:39303 logN=14 N=16384 m=8 reps=1 requested_N=16384 generated_N=16384 code_size=33232 noise_weight=248 partition_count=248 size_per_partition=134 base_ot_count=1984 base_ot_protocol_invocations=1 base_noisy_vole_count=248 silent_extension_count=1 base_correlation_setup_s=0.354563 silent_extension_s=0.106004 local_output_mapping_s=0.000000 total_s=0.460566 verify_s=0.000000 bytes_sent_by_role=8190160 bytes_received_by_role=135800 harness_metadata_bytes=64 verification_opening_bytes=0 clean_protocol_bytes_by_role=8190096 direct_payload_bytes=0 silent_base_ot_bytes=63488 silent_base_noisy_vole_bytes=63688 silent_extension_payload_bytes=8126472 framing_bytes=0 notes=tcp_two_process; libOTe_SilentVole; semi_honest_128; MultType=ExConv7x24; BaseElem=u64; ExtElem=array<u64,M>; x=c; Z0=a; Z1=-b PASS
SILENT_SVOLE_TCP method=SILENT_SVOLE role=sender-client-p1 mode=bench network=tcp-loopback address=127.0.0.1:39303 logN=14 N=16384 m=8 reps=1 requested_N=16384 generated_N=16384 code_size=33232 noise_weight=248 partition_count=248 size_per_partition=134 base_ot_count=1984 base_ot_protocol_invocations=1 base_noisy_vole_count=248 silent_extension_count=1 base_correlation_setup_s=0.429574 silent_extension_s=0.008574 local_output_mapping_s=0.000000 total_s=0.438148 verify_s=0.000000 bytes_sent_by_role=135800 bytes_received_by_role=8190160 harness_metadata_bytes=0 verification_opening_bytes=0 clean_protocol_bytes_by_role=135800 direct_payload_bytes=0 silent_base_ot_bytes=63488 silent_base_noisy_vole_bytes=16512 silent_extension_payload_bytes=0 framing_bytes=119288 notes=tcp_two_process; libOTe_SilentVole; semi_honest_128; MultType=ExConv7x24; BaseElem=u64; ExtElem=array<u64,M>; x=c; Z0=a; Z1=-b PASS
[server_exit=0 client_exit=0]

$ taskset -c 0 /home/cyy/pcg-experiments/mVOLE-local-silent-bench/build-final/main --RMVOLE_NET_BENCH silent-server 0.0.0.0 39304 14 8 1 bench &
$ taskset -c 2 /home/cyy/pcg-experiments/mVOLE-local-silent-bench/build-final/main --RMVOLE_NET_BENCH silent-client 127.0.0.1 39304 14 8 1 bench
SILENT_SVOLE_TCP method=SILENT_SVOLE role=receiver-server-p0 mode=bench network=tcp-loopback address=0.0.0.0:39304 logN=14 N=16384 m=8 reps=1 requested_N=16384 generated_N=16384 code_size=33232 noise_weight=248 partition_count=248 size_per_partition=134 base_ot_count=1984 base_ot_protocol_invocations=1 base_noisy_vole_count=248 silent_extension_count=1 base_correlation_setup_s=0.354771 silent_extension_s=0.103937 local_output_mapping_s=0.000000 total_s=0.458708 verify_s=0.000000 bytes_sent_by_role=8190160 bytes_received_by_role=135800 harness_metadata_bytes=64 verification_opening_bytes=0 clean_protocol_bytes_by_role=8190096 direct_payload_bytes=0 silent_base_ot_bytes=63488 silent_base_noisy_vole_bytes=63688 silent_extension_payload_bytes=8126472 framing_bytes=0 notes=tcp_two_process; libOTe_SilentVole; semi_honest_128; MultType=ExConv7x24; BaseElem=u64; ExtElem=array<u64,M>; x=c; Z0=a; Z1=-b PASS
SILENT_SVOLE_TCP method=SILENT_SVOLE role=sender-client-p1 mode=bench network=tcp-loopback address=127.0.0.1:39304 logN=14 N=16384 m=8 reps=1 requested_N=16384 generated_N=16384 code_size=33232 noise_weight=248 partition_count=248 size_per_partition=134 base_ot_count=1984 base_ot_protocol_invocations=1 base_noisy_vole_count=248 silent_extension_count=1 base_correlation_setup_s=0.427677 silent_extension_s=0.008422 local_output_mapping_s=0.000000 total_s=0.436099 verify_s=0.000000 bytes_sent_by_role=135800 bytes_received_by_role=8190160 harness_metadata_bytes=0 verification_opening_bytes=0 clean_protocol_bytes_by_role=135800 direct_payload_bytes=0 silent_base_ot_bytes=63488 silent_base_noisy_vole_bytes=16512 silent_extension_payload_bytes=0 framing_bytes=119288 notes=tcp_two_process; libOTe_SilentVole; semi_honest_128; MultType=ExConv7x24; BaseElem=u64; ExtElem=array<u64,M>; x=c; Z0=a; Z1=-b PASS
[server_exit=0 client_exit=0]

$ taskset -c 0 /home/cyy/pcg-experiments/mVOLE-local-silent-bench/build-final/main --RMVOLE_NET_BENCH silent-server 0.0.0.0 39305 14 16 1 verify &
$ taskset -c 2 /home/cyy/pcg-experiments/mVOLE-local-silent-bench/build-final/main --RMVOLE_NET_BENCH silent-client 127.0.0.1 39305 14 16 1 verify
SILENT_SVOLE_TCP method=SILENT_SVOLE role=receiver-server-p0 mode=verify network=tcp-loopback address=0.0.0.0:39305 logN=14 N=16384 m=16 reps=1 requested_N=16384 generated_N=16384 code_size=33232 noise_weight=248 partition_count=248 size_per_partition=134 base_ot_count=1984 base_ot_protocol_invocations=1 base_noisy_vole_count=248 silent_extension_count=1 base_correlation_setup_s=0.513108 silent_extension_s=0.115415 local_output_mapping_s=0.000000 total_s=0.628523 verify_s=0.010657 bytes_sent_by_role=32569616 bytes_received_by_role=2312832 harness_metadata_bytes=128 verification_opening_bytes=2097152 clean_protocol_bytes_by_role=30472336 direct_payload_bytes=0 silent_base_ot_bytes=63488 silent_base_noisy_vole_bytes=63752 silent_extension_payload_bytes=32505864 framing_bytes=0 notes=tcp_two_process; libOTe_SilentVole; semi_honest_128; MultType=ExConv7x24; BaseElem=u64; ExtElem=array<u64,M>; x=c; Z0=a; Z1=-b PASS
SILENT_SVOLE_TCP method=SILENT_SVOLE role=sender-client-p1 mode=verify network=tcp-loopback address=127.0.0.1:39305 logN=14 N=16384 m=16 reps=1 requested_N=16384 generated_N=16384 code_size=33232 noise_weight=248 partition_count=248 size_per_partition=134 base_ot_count=1984 base_ot_protocol_invocations=1 base_noisy_vole_count=248 silent_extension_count=1 base_correlation_setup_s=0.580888 silent_extension_s=0.016218 local_output_mapping_s=0.000000 total_s=0.597106 verify_s=0.001470 bytes_sent_by_role=2312832 bytes_received_by_role=32569616 harness_metadata_bytes=0 verification_opening_bytes=2097152 clean_protocol_bytes_by_role=215680 direct_payload_bytes=0 silent_base_ot_bytes=63488 silent_base_noisy_vole_bytes=32896 silent_extension_payload_bytes=182776 framing_bytes=8 notes=tcp_two_process; libOTe_SilentVole; semi_honest_128; MultType=ExConv7x24; BaseElem=u64; ExtElem=array<u64,M>; x=c; Z0=a; Z1=-b PASS
[server_exit=0 client_exit=0]

$ taskset -c 0 /home/cyy/pcg-experiments/mVOLE-local-silent-bench/build-final/main --RMVOLE_NET_BENCH silent-server 0.0.0.0 39306 14 16 1 bench &
$ taskset -c 2 /home/cyy/pcg-experiments/mVOLE-local-silent-bench/build-final/main --RMVOLE_NET_BENCH silent-client 127.0.0.1 39306 14 16 1 bench
SILENT_SVOLE_TCP method=SILENT_SVOLE role=receiver-server-p0 mode=bench network=tcp-loopback address=0.0.0.0:39306 logN=14 N=16384 m=16 reps=1 requested_N=16384 generated_N=16384 code_size=33232 noise_weight=248 partition_count=248 size_per_partition=134 base_ot_count=1984 base_ot_protocol_invocations=1 base_noisy_vole_count=248 silent_extension_count=1 base_correlation_setup_s=0.514012 silent_extension_s=0.112697 local_output_mapping_s=0.000000 total_s=0.626709 verify_s=0.000000 bytes_sent_by_role=32569616 bytes_received_by_role=215672 harness_metadata_bytes=128 verification_opening_bytes=0 clean_protocol_bytes_by_role=32569488 direct_payload_bytes=0 silent_base_ot_bytes=63488 silent_base_noisy_vole_bytes=63752 silent_extension_payload_bytes=32505864 framing_bytes=0 notes=tcp_two_process; libOTe_SilentVole; semi_honest_128; MultType=ExConv7x24; BaseElem=u64; ExtElem=array<u64,M>; x=c; Z0=a; Z1=-b PASS
SILENT_SVOLE_TCP method=SILENT_SVOLE role=sender-client-p1 mode=bench network=tcp-loopback address=127.0.0.1:39306 logN=14 N=16384 m=16 reps=1 requested_N=16384 generated_N=16384 code_size=33232 noise_weight=248 partition_count=248 size_per_partition=134 base_ot_count=1984 base_ot_protocol_invocations=1 base_noisy_vole_count=248 silent_extension_count=1 base_correlation_setup_s=0.582928 silent_extension_s=0.016264 local_output_mapping_s=0.000000 total_s=0.599192 verify_s=0.000000 bytes_sent_by_role=215672 bytes_received_by_role=32569616 harness_metadata_bytes=0 verification_opening_bytes=0 clean_protocol_bytes_by_role=215672 direct_payload_bytes=0 silent_base_ot_bytes=63488 silent_base_noisy_vole_bytes=32896 silent_extension_payload_bytes=182776 framing_bytes=0 notes=tcp_two_process; libOTe_SilentVole; semi_honest_128; MultType=ExConv7x24; BaseElem=u64; ExtElem=array<u64,M>; x=c; Z0=a; Z1=-b PASS
[server_exit=0 client_exit=0]

$ taskset -c 0 /home/cyy/pcg-experiments/mVOLE-local-silent-bench/build-final/main --RMVOLE_NET_BENCH silent-server 0.0.0.0 39307 14 16 1 bench &
$ taskset -c 2 /home/cyy/pcg-experiments/mVOLE-local-silent-bench/build-final/main --RMVOLE_NET_BENCH silent-client 127.0.0.1 39307 14 16 1 bench
SILENT_SVOLE_TCP method=SILENT_SVOLE role=receiver-server-p0 mode=bench network=tcp-loopback address=0.0.0.0:39307 logN=14 N=16384 m=16 reps=1 requested_N=16384 generated_N=16384 code_size=33232 noise_weight=248 partition_count=248 size_per_partition=134 base_ot_count=1984 base_ot_protocol_invocations=1 base_noisy_vole_count=248 silent_extension_count=1 base_correlation_setup_s=0.513765 silent_extension_s=0.115617 local_output_mapping_s=0.000000 total_s=0.629383 verify_s=0.000000 bytes_sent_by_role=32569616 bytes_received_by_role=215672 harness_metadata_bytes=128 verification_opening_bytes=0 clean_protocol_bytes_by_role=32569488 direct_payload_bytes=0 silent_base_ot_bytes=63488 silent_base_noisy_vole_bytes=63752 silent_extension_payload_bytes=32505864 framing_bytes=0 notes=tcp_two_process; libOTe_SilentVole; semi_honest_128; MultType=ExConv7x24; BaseElem=u64; ExtElem=array<u64,M>; x=c; Z0=a; Z1=-b PASS
SILENT_SVOLE_TCP method=SILENT_SVOLE role=sender-client-p1 mode=bench network=tcp-loopback address=127.0.0.1:39307 logN=14 N=16384 m=16 reps=1 requested_N=16384 generated_N=16384 code_size=33232 noise_weight=248 partition_count=248 size_per_partition=134 base_ot_count=1984 base_ot_protocol_invocations=1 base_noisy_vole_count=248 silent_extension_count=1 base_correlation_setup_s=0.585626 silent_extension_s=0.016862 local_output_mapping_s=0.000000 total_s=0.602488 verify_s=0.000000 bytes_sent_by_role=215672 bytes_received_by_role=32569616 harness_metadata_bytes=0 verification_opening_bytes=0 clean_protocol_bytes_by_role=215672 direct_payload_bytes=0 silent_base_ot_bytes=63488 silent_base_noisy_vole_bytes=32896 silent_extension_payload_bytes=182776 framing_bytes=0 notes=tcp_two_process; libOTe_SilentVole; semi_honest_128; MultType=ExConv7x24; BaseElem=u64; ExtElem=array<u64,M>; x=c; Z0=a; Z1=-b PASS
[server_exit=0 client_exit=0]

$ taskset -c 0 /home/cyy/pcg-experiments/mVOLE-local-silent-bench/build-final/main --RMVOLE_NET_BENCH silent-server 0.0.0.0 39308 14 16 1 bench &
$ taskset -c 2 /home/cyy/pcg-experiments/mVOLE-local-silent-bench/build-final/main --RMVOLE_NET_BENCH silent-client 127.0.0.1 39308 14 16 1 bench
SILENT_SVOLE_TCP method=SILENT_SVOLE role=receiver-server-p0 mode=bench network=tcp-loopback address=0.0.0.0:39308 logN=14 N=16384 m=16 reps=1 requested_N=16384 generated_N=16384 code_size=33232 noise_weight=248 partition_count=248 size_per_partition=134 base_ot_count=1984 base_ot_protocol_invocations=1 base_noisy_vole_count=248 silent_extension_count=1 base_correlation_setup_s=0.512671 silent_extension_s=0.116066 local_output_mapping_s=0.000000 total_s=0.628737 verify_s=0.000000 bytes_sent_by_role=32569616 bytes_received_by_role=215672 harness_metadata_bytes=128 verification_opening_bytes=0 clean_protocol_bytes_by_role=32569488 direct_payload_bytes=0 silent_base_ot_bytes=63488 silent_base_noisy_vole_bytes=63752 silent_extension_payload_bytes=32505864 framing_bytes=0 notes=tcp_two_process; libOTe_SilentVole; semi_honest_128; MultType=ExConv7x24; BaseElem=u64; ExtElem=array<u64,M>; x=c; Z0=a; Z1=-b PASS
SILENT_SVOLE_TCP method=SILENT_SVOLE role=sender-client-p1 mode=bench network=tcp-loopback address=127.0.0.1:39308 logN=14 N=16384 m=16 reps=1 requested_N=16384 generated_N=16384 code_size=33232 noise_weight=248 partition_count=248 size_per_partition=134 base_ot_count=1984 base_ot_protocol_invocations=1 base_noisy_vole_count=248 silent_extension_count=1 base_correlation_setup_s=0.584347 silent_extension_s=0.016322 local_output_mapping_s=0.000000 total_s=0.600669 verify_s=0.000000 bytes_sent_by_role=215672 bytes_received_by_role=32569616 harness_metadata_bytes=0 verification_opening_bytes=0 clean_protocol_bytes_by_role=215672 direct_payload_bytes=0 silent_base_ot_bytes=63488 silent_base_noisy_vole_bytes=32896 silent_extension_payload_bytes=182776 framing_bytes=0 notes=tcp_two_process; libOTe_SilentVole; semi_honest_128; MultType=ExConv7x24; BaseElem=u64; ExtElem=array<u64,M>; x=c; Z0=a; Z1=-b PASS
[server_exit=0 client_exit=0]

$ taskset -c 0 /home/cyy/pcg-experiments/mVOLE-local-silent-bench/build-final/main --RMVOLE_NET_BENCH silent-server 0.0.0.0 39309 14 16 1 bench &
$ taskset -c 2 /home/cyy/pcg-experiments/mVOLE-local-silent-bench/build-final/main --RMVOLE_NET_BENCH silent-client 127.0.0.1 39309 14 16 1 bench
SILENT_SVOLE_TCP method=SILENT_SVOLE role=receiver-server-p0 mode=bench network=tcp-loopback address=0.0.0.0:39309 logN=14 N=16384 m=16 reps=1 requested_N=16384 generated_N=16384 code_size=33232 noise_weight=248 partition_count=248 size_per_partition=134 base_ot_count=1984 base_ot_protocol_invocations=1 base_noisy_vole_count=248 silent_extension_count=1 base_correlation_setup_s=0.513563 silent_extension_s=0.113051 local_output_mapping_s=0.000000 total_s=0.626614 verify_s=0.000000 bytes_sent_by_role=32569616 bytes_received_by_role=215672 harness_metadata_bytes=128 verification_opening_bytes=0 clean_protocol_bytes_by_role=32569488 direct_payload_bytes=0 silent_base_ot_bytes=63488 silent_base_noisy_vole_bytes=63752 silent_extension_payload_bytes=32505864 framing_bytes=0 notes=tcp_two_process; libOTe_SilentVole; semi_honest_128; MultType=ExConv7x24; BaseElem=u64; ExtElem=array<u64,M>; x=c; Z0=a; Z1=-b PASS
SILENT_SVOLE_TCP method=SILENT_SVOLE role=sender-client-p1 mode=bench network=tcp-loopback address=127.0.0.1:39309 logN=14 N=16384 m=16 reps=1 requested_N=16384 generated_N=16384 code_size=33232 noise_weight=248 partition_count=248 size_per_partition=134 base_ot_count=1984 base_ot_protocol_invocations=1 base_noisy_vole_count=248 silent_extension_count=1 base_correlation_setup_s=0.583328 silent_extension_s=0.016703 local_output_mapping_s=0.000000 total_s=0.600031 verify_s=0.000000 bytes_sent_by_role=215672 bytes_received_by_role=32569616 harness_metadata_bytes=0 verification_opening_bytes=0 clean_protocol_bytes_by_role=215672 direct_payload_bytes=0 silent_base_ot_bytes=63488 silent_base_noisy_vole_bytes=32896 silent_extension_payload_bytes=182776 framing_bytes=0 notes=tcp_two_process; libOTe_SilentVole; semi_honest_128; MultType=ExConv7x24; BaseElem=u64; ExtElem=array<u64,M>; x=c; Z0=a; Z1=-b PASS
[server_exit=0 client_exit=0]

$ taskset -c 0 /home/cyy/pcg-experiments/mVOLE-local-silent-bench/build-final/main --RMVOLE_NET_BENCH silent-server 0.0.0.0 39310 14 16 1 bench &
$ taskset -c 2 /home/cyy/pcg-experiments/mVOLE-local-silent-bench/build-final/main --RMVOLE_NET_BENCH silent-client 127.0.0.1 39310 14 16 1 bench
SILENT_SVOLE_TCP method=SILENT_SVOLE role=receiver-server-p0 mode=bench network=tcp-loopback address=0.0.0.0:39310 logN=14 N=16384 m=16 reps=1 requested_N=16384 generated_N=16384 code_size=33232 noise_weight=248 partition_count=248 size_per_partition=134 base_ot_count=1984 base_ot_protocol_invocations=1 base_noisy_vole_count=248 silent_extension_count=1 base_correlation_setup_s=0.512937 silent_extension_s=0.112215 local_output_mapping_s=0.000000 total_s=0.625153 verify_s=0.000000 bytes_sent_by_role=32569616 bytes_received_by_role=215672 harness_metadata_bytes=128 verification_opening_bytes=0 clean_protocol_bytes_by_role=32569488 direct_payload_bytes=0 silent_base_ot_bytes=63488 silent_base_noisy_vole_bytes=63752 silent_extension_payload_bytes=32505864 framing_bytes=0 notes=tcp_two_process; libOTe_SilentVole; semi_honest_128; MultType=ExConv7x24; BaseElem=u64; ExtElem=array<u64,M>; x=c; Z0=a; Z1=-b PASS
SILENT_SVOLE_TCP method=SILENT_SVOLE role=sender-client-p1 mode=bench network=tcp-loopback address=127.0.0.1:39310 logN=14 N=16384 m=16 reps=1 requested_N=16384 generated_N=16384 code_size=33232 noise_weight=248 partition_count=248 size_per_partition=134 base_ot_count=1984 base_ot_protocol_invocations=1 base_noisy_vole_count=248 silent_extension_count=1 base_correlation_setup_s=0.583143 silent_extension_s=0.016235 local_output_mapping_s=0.000000 total_s=0.599379 verify_s=0.000000 bytes_sent_by_role=215672 bytes_received_by_role=32569616 harness_metadata_bytes=0 verification_opening_bytes=0 clean_protocol_bytes_by_role=215672 direct_payload_bytes=0 silent_base_ot_bytes=63488 silent_base_noisy_vole_bytes=32896 silent_extension_payload_bytes=182776 framing_bytes=0 notes=tcp_two_process; libOTe_SilentVole; semi_honest_128; MultType=ExConv7x24; BaseElem=u64; ExtElem=array<u64,M>; x=c; Z0=a; Z1=-b PASS
[server_exit=0 client_exit=0]

$ taskset -c 0 /home/cyy/pcg-experiments/mVOLE-local-silent-bench/build-final/main --RMVOLE_NET_BENCH silent-server 0.0.0.0 39311 14 16 1 bench &
$ taskset -c 2 /home/cyy/pcg-experiments/mVOLE-local-silent-bench/build-final/main --RMVOLE_NET_BENCH silent-client 127.0.0.1 39311 14 16 1 bench
SILENT_SVOLE_TCP method=SILENT_SVOLE role=receiver-server-p0 mode=bench network=tcp-loopback address=0.0.0.0:39311 logN=14 N=16384 m=16 reps=1 requested_N=16384 generated_N=16384 code_size=33232 noise_weight=248 partition_count=248 size_per_partition=134 base_ot_count=1984 base_ot_protocol_invocations=1 base_noisy_vole_count=248 silent_extension_count=1 base_correlation_setup_s=0.512827 silent_extension_s=0.113096 local_output_mapping_s=0.000000 total_s=0.625922 verify_s=0.000000 bytes_sent_by_role=32569616 bytes_received_by_role=215672 harness_metadata_bytes=128 verification_opening_bytes=0 clean_protocol_bytes_by_role=32569488 direct_payload_bytes=0 silent_base_ot_bytes=63488 silent_base_noisy_vole_bytes=63752 silent_extension_payload_bytes=32505864 framing_bytes=0 notes=tcp_two_process; libOTe_SilentVole; semi_honest_128; MultType=ExConv7x24; BaseElem=u64; ExtElem=array<u64,M>; x=c; Z0=a; Z1=-b PASS
SILENT_SVOLE_TCP method=SILENT_SVOLE role=sender-client-p1 mode=bench network=tcp-loopback address=127.0.0.1:39311 logN=14 N=16384 m=16 reps=1 requested_N=16384 generated_N=16384 code_size=33232 noise_weight=248 partition_count=248 size_per_partition=134 base_ot_count=1984 base_ot_protocol_invocations=1 base_noisy_vole_count=248 silent_extension_count=1 base_correlation_setup_s=0.579741 silent_extension_s=0.016441 local_output_mapping_s=0.000000 total_s=0.596182 verify_s=0.000000 bytes_sent_by_role=215672 bytes_received_by_role=32569616 harness_metadata_bytes=0 verification_opening_bytes=0 clean_protocol_bytes_by_role=215672 direct_payload_bytes=0 silent_base_ot_bytes=63488 silent_base_noisy_vole_bytes=32896 silent_extension_payload_bytes=182776 framing_bytes=0 notes=tcp_two_process; libOTe_SilentVole; semi_honest_128; MultType=ExConv7x24; BaseElem=u64; ExtElem=array<u64,M>; x=c; Z0=a; Z1=-b PASS
[server_exit=0 client_exit=0]

$ taskset -c 0 /home/cyy/pcg-experiments/mVOLE-local-silent-bench/build-final/main --RMVOLE_NET_BENCH silent-server 0.0.0.0 39312 14 16 1 bench &
$ taskset -c 2 /home/cyy/pcg-experiments/mVOLE-local-silent-bench/build-final/main --RMVOLE_NET_BENCH silent-client 127.0.0.1 39312 14 16 1 bench
SILENT_SVOLE_TCP method=SILENT_SVOLE role=receiver-server-p0 mode=bench network=tcp-loopback address=0.0.0.0:39312 logN=14 N=16384 m=16 reps=1 requested_N=16384 generated_N=16384 code_size=33232 noise_weight=248 partition_count=248 size_per_partition=134 base_ot_count=1984 base_ot_protocol_invocations=1 base_noisy_vole_count=248 silent_extension_count=1 base_correlation_setup_s=0.513652 silent_extension_s=0.116234 local_output_mapping_s=0.000000 total_s=0.629886 verify_s=0.000000 bytes_sent_by_role=32569616 bytes_received_by_role=215672 harness_metadata_bytes=128 verification_opening_bytes=0 clean_protocol_bytes_by_role=32569488 direct_payload_bytes=0 silent_base_ot_bytes=63488 silent_base_noisy_vole_bytes=63752 silent_extension_payload_bytes=32505864 framing_bytes=0 notes=tcp_two_process; libOTe_SilentVole; semi_honest_128; MultType=ExConv7x24; BaseElem=u64; ExtElem=array<u64,M>; x=c; Z0=a; Z1=-b PASS
SILENT_SVOLE_TCP method=SILENT_SVOLE role=sender-client-p1 mode=bench network=tcp-loopback address=127.0.0.1:39312 logN=14 N=16384 m=16 reps=1 requested_N=16384 generated_N=16384 code_size=33232 noise_weight=248 partition_count=248 size_per_partition=134 base_ot_count=1984 base_ot_protocol_invocations=1 base_noisy_vole_count=248 silent_extension_count=1 base_correlation_setup_s=0.584534 silent_extension_s=0.017007 local_output_mapping_s=0.000000 total_s=0.601541 verify_s=0.000000 bytes_sent_by_role=215672 bytes_received_by_role=32569616 harness_metadata_bytes=0 verification_opening_bytes=0 clean_protocol_bytes_by_role=215672 direct_payload_bytes=0 silent_base_ot_bytes=63488 silent_base_noisy_vole_bytes=32896 silent_extension_payload_bytes=182776 framing_bytes=0 notes=tcp_two_process; libOTe_SilentVole; semi_honest_128; MultType=ExConv7x24; BaseElem=u64; ExtElem=array<u64,M>; x=c; Z0=a; Z1=-b PASS
[server_exit=0 client_exit=0]

$ taskset -c 0 /home/cyy/pcg-experiments/mVOLE-local-silent-bench/build-final/main --RMVOLE_NET_BENCH silent-server 0.0.0.0 39313 14 16 1 bench &
$ taskset -c 2 /home/cyy/pcg-experiments/mVOLE-local-silent-bench/build-final/main --RMVOLE_NET_BENCH silent-client 127.0.0.1 39313 14 16 1 bench
SILENT_SVOLE_TCP method=SILENT_SVOLE role=receiver-server-p0 mode=bench network=tcp-loopback address=0.0.0.0:39313 logN=14 N=16384 m=16 reps=1 requested_N=16384 generated_N=16384 code_size=33232 noise_weight=248 partition_count=248 size_per_partition=134 base_ot_count=1984 base_ot_protocol_invocations=1 base_noisy_vole_count=248 silent_extension_count=1 base_correlation_setup_s=0.512414 silent_extension_s=0.112389 local_output_mapping_s=0.000000 total_s=0.624803 verify_s=0.000000 bytes_sent_by_role=32569616 bytes_received_by_role=215672 harness_metadata_bytes=128 verification_opening_bytes=0 clean_protocol_bytes_by_role=32569488 direct_payload_bytes=0 silent_base_ot_bytes=63488 silent_base_noisy_vole_bytes=63752 silent_extension_payload_bytes=32505864 framing_bytes=0 notes=tcp_two_process; libOTe_SilentVole; semi_honest_128; MultType=ExConv7x24; BaseElem=u64; ExtElem=array<u64,M>; x=c; Z0=a; Z1=-b PASS
SILENT_SVOLE_TCP method=SILENT_SVOLE role=sender-client-p1 mode=bench network=tcp-loopback address=127.0.0.1:39313 logN=14 N=16384 m=16 reps=1 requested_N=16384 generated_N=16384 code_size=33232 noise_weight=248 partition_count=248 size_per_partition=134 base_ot_count=1984 base_ot_protocol_invocations=1 base_noisy_vole_count=248 silent_extension_count=1 base_correlation_setup_s=0.583005 silent_extension_s=0.016159 local_output_mapping_s=0.000000 total_s=0.599164 verify_s=0.000000 bytes_sent_by_role=215672 bytes_received_by_role=32569616 harness_metadata_bytes=0 verification_opening_bytes=0 clean_protocol_bytes_by_role=215672 direct_payload_bytes=0 silent_base_ot_bytes=63488 silent_base_noisy_vole_bytes=32896 silent_extension_payload_bytes=182776 framing_bytes=0 notes=tcp_two_process; libOTe_SilentVole; semi_honest_128; MultType=ExConv7x24; BaseElem=u64; ExtElem=array<u64,M>; x=c; Z0=a; Z1=-b PASS
[server_exit=0 client_exit=0]

$ taskset -c 0 /home/cyy/pcg-experiments/mVOLE-local-silent-bench/build-final/main --RMVOLE_NET_BENCH silent-server 0.0.0.0 39314 14 16 1 bench &
$ taskset -c 2 /home/cyy/pcg-experiments/mVOLE-local-silent-bench/build-final/main --RMVOLE_NET_BENCH silent-client 127.0.0.1 39314 14 16 1 bench
SILENT_SVOLE_TCP method=SILENT_SVOLE role=receiver-server-p0 mode=bench network=tcp-loopback address=0.0.0.0:39314 logN=14 N=16384 m=16 reps=1 requested_N=16384 generated_N=16384 code_size=33232 noise_weight=248 partition_count=248 size_per_partition=134 base_ot_count=1984 base_ot_protocol_invocations=1 base_noisy_vole_count=248 silent_extension_count=1 base_correlation_setup_s=0.512391 silent_extension_s=0.113999 local_output_mapping_s=0.000000 total_s=0.626390 verify_s=0.000000 bytes_sent_by_role=32569616 bytes_received_by_role=215672 harness_metadata_bytes=128 verification_opening_bytes=0 clean_protocol_bytes_by_role=32569488 direct_payload_bytes=0 silent_base_ot_bytes=63488 silent_base_noisy_vole_bytes=63752 silent_extension_payload_bytes=32505864 framing_bytes=0 notes=tcp_two_process; libOTe_SilentVole; semi_honest_128; MultType=ExConv7x24; BaseElem=u64; ExtElem=array<u64,M>; x=c; Z0=a; Z1=-b PASS
SILENT_SVOLE_TCP method=SILENT_SVOLE role=sender-client-p1 mode=bench network=tcp-loopback address=127.0.0.1:39314 logN=14 N=16384 m=16 reps=1 requested_N=16384 generated_N=16384 code_size=33232 noise_weight=248 partition_count=248 size_per_partition=134 base_ot_count=1984 base_ot_protocol_invocations=1 base_noisy_vole_count=248 silent_extension_count=1 base_correlation_setup_s=0.581584 silent_extension_s=0.016481 local_output_mapping_s=0.000000 total_s=0.598065 verify_s=0.000000 bytes_sent_by_role=215672 bytes_received_by_role=32569616 harness_metadata_bytes=0 verification_opening_bytes=0 clean_protocol_bytes_by_role=215672 direct_payload_bytes=0 silent_base_ot_bytes=63488 silent_base_noisy_vole_bytes=32896 silent_extension_payload_bytes=182776 framing_bytes=0 notes=tcp_two_process; libOTe_SilentVole; semi_honest_128; MultType=ExConv7x24; BaseElem=u64; ExtElem=array<u64,M>; x=c; Z0=a; Z1=-b PASS
[server_exit=0 client_exit=0]

$ taskset -c 0 /home/cyy/pcg-experiments/mVOLE-local-silent-bench/build-final/main --RMVOLE_NET_BENCH silent-server 0.0.0.0 39315 14 16 1 bench &
$ taskset -c 2 /home/cyy/pcg-experiments/mVOLE-local-silent-bench/build-final/main --RMVOLE_NET_BENCH silent-client 127.0.0.1 39315 14 16 1 bench
SILENT_SVOLE_TCP method=SILENT_SVOLE role=receiver-server-p0 mode=bench network=tcp-loopback address=0.0.0.0:39315 logN=14 N=16384 m=16 reps=1 requested_N=16384 generated_N=16384 code_size=33232 noise_weight=248 partition_count=248 size_per_partition=134 base_ot_count=1984 base_ot_protocol_invocations=1 base_noisy_vole_count=248 silent_extension_count=1 base_correlation_setup_s=0.513155 silent_extension_s=0.116395 local_output_mapping_s=0.000000 total_s=0.629551 verify_s=0.000000 bytes_sent_by_role=32569616 bytes_received_by_role=215672 harness_metadata_bytes=128 verification_opening_bytes=0 clean_protocol_bytes_by_role=32569488 direct_payload_bytes=0 silent_base_ot_bytes=63488 silent_base_noisy_vole_bytes=63752 silent_extension_payload_bytes=32505864 framing_bytes=0 notes=tcp_two_process; libOTe_SilentVole; semi_honest_128; MultType=ExConv7x24; BaseElem=u64; ExtElem=array<u64,M>; x=c; Z0=a; Z1=-b PASS
SILENT_SVOLE_TCP method=SILENT_SVOLE role=sender-client-p1 mode=bench network=tcp-loopback address=127.0.0.1:39315 logN=14 N=16384 m=16 reps=1 requested_N=16384 generated_N=16384 code_size=33232 noise_weight=248 partition_count=248 size_per_partition=134 base_ot_count=1984 base_ot_protocol_invocations=1 base_noisy_vole_count=248 silent_extension_count=1 base_correlation_setup_s=0.584353 silent_extension_s=0.016337 local_output_mapping_s=0.000000 total_s=0.600690 verify_s=0.000000 bytes_sent_by_role=215672 bytes_received_by_role=32569616 harness_metadata_bytes=0 verification_opening_bytes=0 clean_protocol_bytes_by_role=215672 direct_payload_bytes=0 silent_base_ot_bytes=63488 silent_base_noisy_vole_bytes=32896 silent_extension_payload_bytes=182776 framing_bytes=0 notes=tcp_two_process; libOTe_SilentVole; semi_honest_128; MultType=ExConv7x24; BaseElem=u64; ExtElem=array<u64,M>; x=c; Z0=a; Z1=-b PASS
[server_exit=0 client_exit=0]

$ taskset -c 0 /home/cyy/pcg-experiments/mVOLE-local-silent-bench/build-final/main --RMVOLE_NET_BENCH silent-server 0.0.0.0 39316 14 16 1 bench &
$ taskset -c 2 /home/cyy/pcg-experiments/mVOLE-local-silent-bench/build-final/main --RMVOLE_NET_BENCH silent-client 127.0.0.1 39316 14 16 1 bench
SILENT_SVOLE_TCP method=SILENT_SVOLE role=receiver-server-p0 mode=bench network=tcp-loopback address=0.0.0.0:39316 logN=14 N=16384 m=16 reps=1 requested_N=16384 generated_N=16384 code_size=33232 noise_weight=248 partition_count=248 size_per_partition=134 base_ot_count=1984 base_ot_protocol_invocations=1 base_noisy_vole_count=248 silent_extension_count=1 base_correlation_setup_s=0.512470 silent_extension_s=0.113207 local_output_mapping_s=0.000000 total_s=0.625677 verify_s=0.000000 bytes_sent_by_role=32569616 bytes_received_by_role=215672 harness_metadata_bytes=128 verification_opening_bytes=0 clean_protocol_bytes_by_role=32569488 direct_payload_bytes=0 silent_base_ot_bytes=63488 silent_base_noisy_vole_bytes=63752 silent_extension_payload_bytes=32505864 framing_bytes=0 notes=tcp_two_process; libOTe_SilentVole; semi_honest_128; MultType=ExConv7x24; BaseElem=u64; ExtElem=array<u64,M>; x=c; Z0=a; Z1=-b PASS
SILENT_SVOLE_TCP method=SILENT_SVOLE role=sender-client-p1 mode=bench network=tcp-loopback address=127.0.0.1:39316 logN=14 N=16384 m=16 reps=1 requested_N=16384 generated_N=16384 code_size=33232 noise_weight=248 partition_count=248 size_per_partition=134 base_ot_count=1984 base_ot_protocol_invocations=1 base_noisy_vole_count=248 silent_extension_count=1 base_correlation_setup_s=0.582341 silent_extension_s=0.016188 local_output_mapping_s=0.000000 total_s=0.598529 verify_s=0.000000 bytes_sent_by_role=215672 bytes_received_by_role=32569616 harness_metadata_bytes=0 verification_opening_bytes=0 clean_protocol_bytes_by_role=215672 direct_payload_bytes=0 silent_base_ot_bytes=63488 silent_base_noisy_vole_bytes=32896 silent_extension_payload_bytes=182776 framing_bytes=0 notes=tcp_two_process; libOTe_SilentVole; semi_honest_128; MultType=ExConv7x24; BaseElem=u64; ExtElem=array<u64,M>; x=c; Z0=a; Z1=-b PASS
[server_exit=0 client_exit=0]

$ taskset -c 0 /home/cyy/pcg-experiments/mVOLE-local-silent-bench/build-final/main --RMVOLE_NET_BENCH silent-server 0.0.0.0 39317 14 32 1 verify &
$ taskset -c 2 /home/cyy/pcg-experiments/mVOLE-local-silent-bench/build-final/main --RMVOLE_NET_BENCH silent-client 127.0.0.1 39317 14 32 1 verify
SILENT_SVOLE_TCP method=SILENT_SVOLE role=receiver-server-p0 mode=verify network=tcp-loopback address=0.0.0.0:39317 logN=14 N=16384 m=32 reps=1 requested_N=16384 generated_N=16384 code_size=33232 noise_weight=248 partition_count=248 size_per_partition=134 base_ot_count=1984 base_ot_protocol_invocations=1 base_noisy_vole_count=248 silent_extension_count=1 base_correlation_setup_s=1.011835 silent_extension_s=0.257384 local_output_mapping_s=0.000000 total_s=1.269220 verify_s=0.007276 bytes_sent_by_role=130087312 bytes_received_by_role=4569728 harness_metadata_bytes=256 verification_opening_bytes=4194304 clean_protocol_bytes_by_role=125892752 direct_payload_bytes=0 silent_base_ot_bytes=63488 silent_base_noisy_vole_bytes=63880 silent_extension_payload_bytes=130023432 framing_bytes=0 notes=tcp_two_process; libOTe_SilentVole; semi_honest_128; MultType=ExConv7x24; BaseElem=u64; ExtElem=array<u64,M>; x=c; Z0=a; Z1=-b PASS
SILENT_SVOLE_TCP method=SILENT_SVOLE role=sender-client-p1 mode=verify network=tcp-loopback address=127.0.0.1:39317 logN=14 N=16384 m=32 reps=1 requested_N=16384 generated_N=16384 code_size=33232 noise_weight=248 partition_count=248 size_per_partition=134 base_ot_count=1984 base_ot_protocol_invocations=1 base_noisy_vole_count=248 silent_extension_count=1 base_correlation_setup_s=1.221680 silent_extension_s=0.019538 local_output_mapping_s=0.000000 total_s=1.241218 verify_s=0.006607 bytes_sent_by_role=4569728 bytes_received_by_role=130087312 harness_metadata_bytes=0 verification_opening_bytes=4194304 clean_protocol_bytes_by_role=375424 direct_payload_bytes=0 silent_base_ot_bytes=63488 silent_base_noisy_vole_bytes=65664 silent_extension_payload_bytes=309752 framing_bytes=8 notes=tcp_two_process; libOTe_SilentVole; semi_honest_128; MultType=ExConv7x24; BaseElem=u64; ExtElem=array<u64,M>; x=c; Z0=a; Z1=-b PASS
[server_exit=0 client_exit=0]

$ taskset -c 0 /home/cyy/pcg-experiments/mVOLE-local-silent-bench/build-final/main --RMVOLE_NET_BENCH silent-server 0.0.0.0 39318 14 32 1 bench &
$ taskset -c 2 /home/cyy/pcg-experiments/mVOLE-local-silent-bench/build-final/main --RMVOLE_NET_BENCH silent-client 127.0.0.1 39318 14 32 1 bench
SILENT_SVOLE_TCP method=SILENT_SVOLE role=receiver-server-p0 mode=bench network=tcp-loopback address=0.0.0.0:39318 logN=14 N=16384 m=32 reps=1 requested_N=16384 generated_N=16384 code_size=33232 noise_weight=248 partition_count=248 size_per_partition=134 base_ot_count=1984 base_ot_protocol_invocations=1 base_noisy_vole_count=248 silent_extension_count=1 base_correlation_setup_s=1.009645 silent_extension_s=0.256794 local_output_mapping_s=0.000000 total_s=1.266439 verify_s=0.000000 bytes_sent_by_role=130087312 bytes_received_by_role=375416 harness_metadata_bytes=256 verification_opening_bytes=0 clean_protocol_bytes_by_role=130087056 direct_payload_bytes=0 silent_base_ot_bytes=63488 silent_base_noisy_vole_bytes=63880 silent_extension_payload_bytes=130023432 framing_bytes=0 notes=tcp_two_process; libOTe_SilentVole; semi_honest_128; MultType=ExConv7x24; BaseElem=u64; ExtElem=array<u64,M>; x=c; Z0=a; Z1=-b PASS
SILENT_SVOLE_TCP method=SILENT_SVOLE role=sender-client-p1 mode=bench network=tcp-loopback address=127.0.0.1:39318 logN=14 N=16384 m=32 reps=1 requested_N=16384 generated_N=16384 code_size=33232 noise_weight=248 partition_count=248 size_per_partition=134 base_ot_count=1984 base_ot_protocol_invocations=1 base_noisy_vole_count=248 silent_extension_count=1 base_correlation_setup_s=1.221782 silent_extension_s=0.019347 local_output_mapping_s=0.000000 total_s=1.241128 verify_s=0.000000 bytes_sent_by_role=375416 bytes_received_by_role=130087312 harness_metadata_bytes=0 verification_opening_bytes=0 clean_protocol_bytes_by_role=375416 direct_payload_bytes=0 silent_base_ot_bytes=63488 silent_base_noisy_vole_bytes=65664 silent_extension_payload_bytes=309752 framing_bytes=0 notes=tcp_two_process; libOTe_SilentVole; semi_honest_128; MultType=ExConv7x24; BaseElem=u64; ExtElem=array<u64,M>; x=c; Z0=a; Z1=-b PASS
[server_exit=0 client_exit=0]

$ taskset -c 0 /home/cyy/pcg-experiments/mVOLE-local-silent-bench/build-final/main --RMVOLE_NET_BENCH silent-server 0.0.0.0 39319 14 32 1 bench &
$ taskset -c 2 /home/cyy/pcg-experiments/mVOLE-local-silent-bench/build-final/main --RMVOLE_NET_BENCH silent-client 127.0.0.1 39319 14 32 1 bench
SILENT_SVOLE_TCP method=SILENT_SVOLE role=receiver-server-p0 mode=bench network=tcp-loopback address=0.0.0.0:39319 logN=14 N=16384 m=32 reps=1 requested_N=16384 generated_N=16384 code_size=33232 noise_weight=248 partition_count=248 size_per_partition=134 base_ot_count=1984 base_ot_protocol_invocations=1 base_noisy_vole_count=248 silent_extension_count=1 base_correlation_setup_s=1.011840 silent_extension_s=0.257164 local_output_mapping_s=0.000000 total_s=1.269003 verify_s=0.000000 bytes_sent_by_role=130087312 bytes_received_by_role=375416 harness_metadata_bytes=256 verification_opening_bytes=0 clean_protocol_bytes_by_role=130087056 direct_payload_bytes=0 silent_base_ot_bytes=63488 silent_base_noisy_vole_bytes=63880 silent_extension_payload_bytes=130023432 framing_bytes=0 notes=tcp_two_process; libOTe_SilentVole; semi_honest_128; MultType=ExConv7x24; BaseElem=u64; ExtElem=array<u64,M>; x=c; Z0=a; Z1=-b PASS
SILENT_SVOLE_TCP method=SILENT_SVOLE role=sender-client-p1 mode=bench network=tcp-loopback address=127.0.0.1:39319 logN=14 N=16384 m=32 reps=1 requested_N=16384 generated_N=16384 code_size=33232 noise_weight=248 partition_count=248 size_per_partition=134 base_ot_count=1984 base_ot_protocol_invocations=1 base_noisy_vole_count=248 silent_extension_count=1 base_correlation_setup_s=1.221949 silent_extension_s=0.019615 local_output_mapping_s=0.000000 total_s=1.241563 verify_s=0.000000 bytes_sent_by_role=375416 bytes_received_by_role=130087312 harness_metadata_bytes=0 verification_opening_bytes=0 clean_protocol_bytes_by_role=375416 direct_payload_bytes=0 silent_base_ot_bytes=63488 silent_base_noisy_vole_bytes=65664 silent_extension_payload_bytes=309752 framing_bytes=0 notes=tcp_two_process; libOTe_SilentVole; semi_honest_128; MultType=ExConv7x24; BaseElem=u64; ExtElem=array<u64,M>; x=c; Z0=a; Z1=-b PASS
[server_exit=0 client_exit=0]

$ taskset -c 0 /home/cyy/pcg-experiments/mVOLE-local-silent-bench/build-final/main --RMVOLE_NET_BENCH silent-server 0.0.0.0 39320 14 32 1 bench &
$ taskset -c 2 /home/cyy/pcg-experiments/mVOLE-local-silent-bench/build-final/main --RMVOLE_NET_BENCH silent-client 127.0.0.1 39320 14 32 1 bench
SILENT_SVOLE_TCP method=SILENT_SVOLE role=receiver-server-p0 mode=bench network=tcp-loopback address=0.0.0.0:39320 logN=14 N=16384 m=32 reps=1 requested_N=16384 generated_N=16384 code_size=33232 noise_weight=248 partition_count=248 size_per_partition=134 base_ot_count=1984 base_ot_protocol_invocations=1 base_noisy_vole_count=248 silent_extension_count=1 base_correlation_setup_s=1.010472 silent_extension_s=0.255814 local_output_mapping_s=0.000000 total_s=1.266286 verify_s=0.000000 bytes_sent_by_role=130087312 bytes_received_by_role=375416 harness_metadata_bytes=256 verification_opening_bytes=0 clean_protocol_bytes_by_role=130087056 direct_payload_bytes=0 silent_base_ot_bytes=63488 silent_base_noisy_vole_bytes=63880 silent_extension_payload_bytes=130023432 framing_bytes=0 notes=tcp_two_process; libOTe_SilentVole; semi_honest_128; MultType=ExConv7x24; BaseElem=u64; ExtElem=array<u64,M>; x=c; Z0=a; Z1=-b PASS
SILENT_SVOLE_TCP method=SILENT_SVOLE role=sender-client-p1 mode=bench network=tcp-loopback address=127.0.0.1:39320 logN=14 N=16384 m=32 reps=1 requested_N=16384 generated_N=16384 code_size=33232 noise_weight=248 partition_count=248 size_per_partition=134 base_ot_count=1984 base_ot_protocol_invocations=1 base_noisy_vole_count=248 silent_extension_count=1 base_correlation_setup_s=1.222713 silent_extension_s=0.019479 local_output_mapping_s=0.000000 total_s=1.242192 verify_s=0.000000 bytes_sent_by_role=375416 bytes_received_by_role=130087312 harness_metadata_bytes=0 verification_opening_bytes=0 clean_protocol_bytes_by_role=375416 direct_payload_bytes=0 silent_base_ot_bytes=63488 silent_base_noisy_vole_bytes=65664 silent_extension_payload_bytes=309752 framing_bytes=0 notes=tcp_two_process; libOTe_SilentVole; semi_honest_128; MultType=ExConv7x24; BaseElem=u64; ExtElem=array<u64,M>; x=c; Z0=a; Z1=-b PASS
[server_exit=0 client_exit=0]

$ taskset -c 0 /home/cyy/pcg-experiments/mVOLE-local-silent-bench/build-final/main --RMVOLE_NET_BENCH silent-server 0.0.0.0 39321 14 32 1 bench &
$ taskset -c 2 /home/cyy/pcg-experiments/mVOLE-local-silent-bench/build-final/main --RMVOLE_NET_BENCH silent-client 127.0.0.1 39321 14 32 1 bench
SILENT_SVOLE_TCP method=SILENT_SVOLE role=receiver-server-p0 mode=bench network=tcp-loopback address=0.0.0.0:39321 logN=14 N=16384 m=32 reps=1 requested_N=16384 generated_N=16384 code_size=33232 noise_weight=248 partition_count=248 size_per_partition=134 base_ot_count=1984 base_ot_protocol_invocations=1 base_noisy_vole_count=248 silent_extension_count=1 base_correlation_setup_s=1.013086 silent_extension_s=0.256524 local_output_mapping_s=0.000000 total_s=1.269609 verify_s=0.000000 bytes_sent_by_role=130087312 bytes_received_by_role=375416 harness_metadata_bytes=256 verification_opening_bytes=0 clean_protocol_bytes_by_role=130087056 direct_payload_bytes=0 silent_base_ot_bytes=63488 silent_base_noisy_vole_bytes=63880 silent_extension_payload_bytes=130023432 framing_bytes=0 notes=tcp_two_process; libOTe_SilentVole; semi_honest_128; MultType=ExConv7x24; BaseElem=u64; ExtElem=array<u64,M>; x=c; Z0=a; Z1=-b PASS
SILENT_SVOLE_TCP method=SILENT_SVOLE role=sender-client-p1 mode=bench network=tcp-loopback address=127.0.0.1:39321 logN=14 N=16384 m=32 reps=1 requested_N=16384 generated_N=16384 code_size=33232 noise_weight=248 partition_count=248 size_per_partition=134 base_ot_count=1984 base_ot_protocol_invocations=1 base_noisy_vole_count=248 silent_extension_count=1 base_correlation_setup_s=1.221560 silent_extension_s=0.019365 local_output_mapping_s=0.000000 total_s=1.240925 verify_s=0.000000 bytes_sent_by_role=375416 bytes_received_by_role=130087312 harness_metadata_bytes=0 verification_opening_bytes=0 clean_protocol_bytes_by_role=375416 direct_payload_bytes=0 silent_base_ot_bytes=63488 silent_base_noisy_vole_bytes=65664 silent_extension_payload_bytes=309752 framing_bytes=0 notes=tcp_two_process; libOTe_SilentVole; semi_honest_128; MultType=ExConv7x24; BaseElem=u64; ExtElem=array<u64,M>; x=c; Z0=a; Z1=-b PASS
[server_exit=0 client_exit=0]

$ taskset -c 0 /home/cyy/pcg-experiments/mVOLE-local-silent-bench/build-final/main --RMVOLE_NET_BENCH silent-server 0.0.0.0 39322 14 32 1 bench &
$ taskset -c 2 /home/cyy/pcg-experiments/mVOLE-local-silent-bench/build-final/main --RMVOLE_NET_BENCH silent-client 127.0.0.1 39322 14 32 1 bench
SILENT_SVOLE_TCP method=SILENT_SVOLE role=receiver-server-p0 mode=bench network=tcp-loopback address=0.0.0.0:39322 logN=14 N=16384 m=32 reps=1 requested_N=16384 generated_N=16384 code_size=33232 noise_weight=248 partition_count=248 size_per_partition=134 base_ot_count=1984 base_ot_protocol_invocations=1 base_noisy_vole_count=248 silent_extension_count=1 base_correlation_setup_s=1.009779 silent_extension_s=0.256699 local_output_mapping_s=0.000000 total_s=1.266477 verify_s=0.000000 bytes_sent_by_role=130087312 bytes_received_by_role=375416 harness_metadata_bytes=256 verification_opening_bytes=0 clean_protocol_bytes_by_role=130087056 direct_payload_bytes=0 silent_base_ot_bytes=63488 silent_base_noisy_vole_bytes=63880 silent_extension_payload_bytes=130023432 framing_bytes=0 notes=tcp_two_process; libOTe_SilentVole; semi_honest_128; MultType=ExConv7x24; BaseElem=u64; ExtElem=array<u64,M>; x=c; Z0=a; Z1=-b PASS
SILENT_SVOLE_TCP method=SILENT_SVOLE role=sender-client-p1 mode=bench network=tcp-loopback address=127.0.0.1:39322 logN=14 N=16384 m=32 reps=1 requested_N=16384 generated_N=16384 code_size=33232 noise_weight=248 partition_count=248 size_per_partition=134 base_ot_count=1984 base_ot_protocol_invocations=1 base_noisy_vole_count=248 silent_extension_count=1 base_correlation_setup_s=1.222196 silent_extension_s=0.019219 local_output_mapping_s=0.000000 total_s=1.241415 verify_s=0.000000 bytes_sent_by_role=375416 bytes_received_by_role=130087312 harness_metadata_bytes=0 verification_opening_bytes=0 clean_protocol_bytes_by_role=375416 direct_payload_bytes=0 silent_base_ot_bytes=63488 silent_base_noisy_vole_bytes=65664 silent_extension_payload_bytes=309752 framing_bytes=0 notes=tcp_two_process; libOTe_SilentVole; semi_honest_128; MultType=ExConv7x24; BaseElem=u64; ExtElem=array<u64,M>; x=c; Z0=a; Z1=-b PASS
[server_exit=0 client_exit=0]

$ taskset -c 0 /home/cyy/pcg-experiments/mVOLE-local-silent-bench/build-final/main --RMVOLE_NET_BENCH silent-server 0.0.0.0 39323 14 32 1 bench &
$ taskset -c 2 /home/cyy/pcg-experiments/mVOLE-local-silent-bench/build-final/main --RMVOLE_NET_BENCH silent-client 127.0.0.1 39323 14 32 1 bench
SILENT_SVOLE_TCP method=SILENT_SVOLE role=receiver-server-p0 mode=bench network=tcp-loopback address=0.0.0.0:39323 logN=14 N=16384 m=32 reps=1 requested_N=16384 generated_N=16384 code_size=33232 noise_weight=248 partition_count=248 size_per_partition=134 base_ot_count=1984 base_ot_protocol_invocations=1 base_noisy_vole_count=248 silent_extension_count=1 base_correlation_setup_s=1.012863 silent_extension_s=0.257336 local_output_mapping_s=0.000000 total_s=1.270198 verify_s=0.000000 bytes_sent_by_role=130087312 bytes_received_by_role=375416 harness_metadata_bytes=256 verification_opening_bytes=0 clean_protocol_bytes_by_role=130087056 direct_payload_bytes=0 silent_base_ot_bytes=63488 silent_base_noisy_vole_bytes=63880 silent_extension_payload_bytes=130023432 framing_bytes=0 notes=tcp_two_process; libOTe_SilentVole; semi_honest_128; MultType=ExConv7x24; BaseElem=u64; ExtElem=array<u64,M>; x=c; Z0=a; Z1=-b PASS
SILENT_SVOLE_TCP method=SILENT_SVOLE role=sender-client-p1 mode=bench network=tcp-loopback address=127.0.0.1:39323 logN=14 N=16384 m=32 reps=1 requested_N=16384 generated_N=16384 code_size=33232 noise_weight=248 partition_count=248 size_per_partition=134 base_ot_count=1984 base_ot_protocol_invocations=1 base_noisy_vole_count=248 silent_extension_count=1 base_correlation_setup_s=1.222044 silent_extension_s=0.019261 local_output_mapping_s=0.000000 total_s=1.241305 verify_s=0.000000 bytes_sent_by_role=375416 bytes_received_by_role=130087312 harness_metadata_bytes=0 verification_opening_bytes=0 clean_protocol_bytes_by_role=375416 direct_payload_bytes=0 silent_base_ot_bytes=63488 silent_base_noisy_vole_bytes=65664 silent_extension_payload_bytes=309752 framing_bytes=0 notes=tcp_two_process; libOTe_SilentVole; semi_honest_128; MultType=ExConv7x24; BaseElem=u64; ExtElem=array<u64,M>; x=c; Z0=a; Z1=-b PASS
[server_exit=0 client_exit=0]

$ taskset -c 0 /home/cyy/pcg-experiments/mVOLE-local-silent-bench/build-final/main --RMVOLE_NET_BENCH silent-server 0.0.0.0 39324 14 32 1 bench &
$ taskset -c 2 /home/cyy/pcg-experiments/mVOLE-local-silent-bench/build-final/main --RMVOLE_NET_BENCH silent-client 127.0.0.1 39324 14 32 1 bench
SILENT_SVOLE_TCP method=SILENT_SVOLE role=receiver-server-p0 mode=bench network=tcp-loopback address=0.0.0.0:39324 logN=14 N=16384 m=32 reps=1 requested_N=16384 generated_N=16384 code_size=33232 noise_weight=248 partition_count=248 size_per_partition=134 base_ot_count=1984 base_ot_protocol_invocations=1 base_noisy_vole_count=248 silent_extension_count=1 base_correlation_setup_s=1.008519 silent_extension_s=0.256801 local_output_mapping_s=0.000000 total_s=1.265320 verify_s=0.000000 bytes_sent_by_role=130087312 bytes_received_by_role=375416 harness_metadata_bytes=256 verification_opening_bytes=0 clean_protocol_bytes_by_role=130087056 direct_payload_bytes=0 silent_base_ot_bytes=63488 silent_base_noisy_vole_bytes=63880 silent_extension_payload_bytes=130023432 framing_bytes=0 notes=tcp_two_process; libOTe_SilentVole; semi_honest_128; MultType=ExConv7x24; BaseElem=u64; ExtElem=array<u64,M>; x=c; Z0=a; Z1=-b PASS
SILENT_SVOLE_TCP method=SILENT_SVOLE role=sender-client-p1 mode=bench network=tcp-loopback address=127.0.0.1:39324 logN=14 N=16384 m=32 reps=1 requested_N=16384 generated_N=16384 code_size=33232 noise_weight=248 partition_count=248 size_per_partition=134 base_ot_count=1984 base_ot_protocol_invocations=1 base_noisy_vole_count=248 silent_extension_count=1 base_correlation_setup_s=1.221963 silent_extension_s=0.019306 local_output_mapping_s=0.000000 total_s=1.241270 verify_s=0.000000 bytes_sent_by_role=375416 bytes_received_by_role=130087312 harness_metadata_bytes=0 verification_opening_bytes=0 clean_protocol_bytes_by_role=375416 direct_payload_bytes=0 silent_base_ot_bytes=63488 silent_base_noisy_vole_bytes=65664 silent_extension_payload_bytes=309752 framing_bytes=0 notes=tcp_two_process; libOTe_SilentVole; semi_honest_128; MultType=ExConv7x24; BaseElem=u64; ExtElem=array<u64,M>; x=c; Z0=a; Z1=-b PASS
[server_exit=0 client_exit=0]

$ taskset -c 0 /home/cyy/pcg-experiments/mVOLE-local-silent-bench/build-final/main --RMVOLE_NET_BENCH silent-server 0.0.0.0 39325 14 32 1 bench &
$ taskset -c 2 /home/cyy/pcg-experiments/mVOLE-local-silent-bench/build-final/main --RMVOLE_NET_BENCH silent-client 127.0.0.1 39325 14 32 1 bench
SILENT_SVOLE_TCP method=SILENT_SVOLE role=receiver-server-p0 mode=bench network=tcp-loopback address=0.0.0.0:39325 logN=14 N=16384 m=32 reps=1 requested_N=16384 generated_N=16384 code_size=33232 noise_weight=248 partition_count=248 size_per_partition=134 base_ot_count=1984 base_ot_protocol_invocations=1 base_noisy_vole_count=248 silent_extension_count=1 base_correlation_setup_s=1.010489 silent_extension_s=0.255471 local_output_mapping_s=0.000000 total_s=1.265960 verify_s=0.000000 bytes_sent_by_role=130087312 bytes_received_by_role=375416 harness_metadata_bytes=256 verification_opening_bytes=0 clean_protocol_bytes_by_role=130087056 direct_payload_bytes=0 silent_base_ot_bytes=63488 silent_base_noisy_vole_bytes=63880 silent_extension_payload_bytes=130023432 framing_bytes=0 notes=tcp_two_process; libOTe_SilentVole; semi_honest_128; MultType=ExConv7x24; BaseElem=u64; ExtElem=array<u64,M>; x=c; Z0=a; Z1=-b PASS
SILENT_SVOLE_TCP method=SILENT_SVOLE role=sender-client-p1 mode=bench network=tcp-loopback address=127.0.0.1:39325 logN=14 N=16384 m=32 reps=1 requested_N=16384 generated_N=16384 code_size=33232 noise_weight=248 partition_count=248 size_per_partition=134 base_ot_count=1984 base_ot_protocol_invocations=1 base_noisy_vole_count=248 silent_extension_count=1 base_correlation_setup_s=1.222801 silent_extension_s=0.019237 local_output_mapping_s=0.000000 total_s=1.242038 verify_s=0.000000 bytes_sent_by_role=375416 bytes_received_by_role=130087312 harness_metadata_bytes=0 verification_opening_bytes=0 clean_protocol_bytes_by_role=375416 direct_payload_bytes=0 silent_base_ot_bytes=63488 silent_base_noisy_vole_bytes=65664 silent_extension_payload_bytes=309752 framing_bytes=0 notes=tcp_two_process; libOTe_SilentVole; semi_honest_128; MultType=ExConv7x24; BaseElem=u64; ExtElem=array<u64,M>; x=c; Z0=a; Z1=-b PASS
[server_exit=0 client_exit=0]

$ taskset -c 0 /home/cyy/pcg-experiments/mVOLE-local-silent-bench/build-final/main --RMVOLE_NET_BENCH silent-server 0.0.0.0 39326 14 32 1 bench &
$ taskset -c 2 /home/cyy/pcg-experiments/mVOLE-local-silent-bench/build-final/main --RMVOLE_NET_BENCH silent-client 127.0.0.1 39326 14 32 1 bench
SILENT_SVOLE_TCP method=SILENT_SVOLE role=receiver-server-p0 mode=bench network=tcp-loopback address=0.0.0.0:39326 logN=14 N=16384 m=32 reps=1 requested_N=16384 generated_N=16384 code_size=33232 noise_weight=248 partition_count=248 size_per_partition=134 base_ot_count=1984 base_ot_protocol_invocations=1 base_noisy_vole_count=248 silent_extension_count=1 base_correlation_setup_s=1.009538 silent_extension_s=0.257425 local_output_mapping_s=0.000000 total_s=1.266963 verify_s=0.000000 bytes_sent_by_role=130087312 bytes_received_by_role=375416 harness_metadata_bytes=256 verification_opening_bytes=0 clean_protocol_bytes_by_role=130087056 direct_payload_bytes=0 silent_base_ot_bytes=63488 silent_base_noisy_vole_bytes=63880 silent_extension_payload_bytes=130023432 framing_bytes=0 notes=tcp_two_process; libOTe_SilentVole; semi_honest_128; MultType=ExConv7x24; BaseElem=u64; ExtElem=array<u64,M>; x=c; Z0=a; Z1=-b PASS
SILENT_SVOLE_TCP method=SILENT_SVOLE role=sender-client-p1 mode=bench network=tcp-loopback address=127.0.0.1:39326 logN=14 N=16384 m=32 reps=1 requested_N=16384 generated_N=16384 code_size=33232 noise_weight=248 partition_count=248 size_per_partition=134 base_ot_count=1984 base_ot_protocol_invocations=1 base_noisy_vole_count=248 silent_extension_count=1 base_correlation_setup_s=1.221028 silent_extension_s=0.019884 local_output_mapping_s=0.000000 total_s=1.240912 verify_s=0.000000 bytes_sent_by_role=375416 bytes_received_by_role=130087312 harness_metadata_bytes=0 verification_opening_bytes=0 clean_protocol_bytes_by_role=375416 direct_payload_bytes=0 silent_base_ot_bytes=63488 silent_base_noisy_vole_bytes=65664 silent_extension_payload_bytes=309752 framing_bytes=0 notes=tcp_two_process; libOTe_SilentVole; semi_honest_128; MultType=ExConv7x24; BaseElem=u64; ExtElem=array<u64,M>; x=c; Z0=a; Z1=-b PASS
[server_exit=0 client_exit=0]

$ taskset -c 0 /home/cyy/pcg-experiments/mVOLE-local-silent-bench/build-final/main --RMVOLE_NET_BENCH silent-server 0.0.0.0 39327 14 32 1 bench &
$ taskset -c 2 /home/cyy/pcg-experiments/mVOLE-local-silent-bench/build-final/main --RMVOLE_NET_BENCH silent-client 127.0.0.1 39327 14 32 1 bench
SILENT_SVOLE_TCP method=SILENT_SVOLE role=receiver-server-p0 mode=bench network=tcp-loopback address=0.0.0.0:39327 logN=14 N=16384 m=32 reps=1 requested_N=16384 generated_N=16384 code_size=33232 noise_weight=248 partition_count=248 size_per_partition=134 base_ot_count=1984 base_ot_protocol_invocations=1 base_noisy_vole_count=248 silent_extension_count=1 base_correlation_setup_s=1.008922 silent_extension_s=0.256335 local_output_mapping_s=0.000000 total_s=1.265257 verify_s=0.000000 bytes_sent_by_role=130087312 bytes_received_by_role=375416 harness_metadata_bytes=256 verification_opening_bytes=0 clean_protocol_bytes_by_role=130087056 direct_payload_bytes=0 silent_base_ot_bytes=63488 silent_base_noisy_vole_bytes=63880 silent_extension_payload_bytes=130023432 framing_bytes=0 notes=tcp_two_process; libOTe_SilentVole; semi_honest_128; MultType=ExConv7x24; BaseElem=u64; ExtElem=array<u64,M>; x=c; Z0=a; Z1=-b PASS
SILENT_SVOLE_TCP method=SILENT_SVOLE role=sender-client-p1 mode=bench network=tcp-loopback address=127.0.0.1:39327 logN=14 N=16384 m=32 reps=1 requested_N=16384 generated_N=16384 code_size=33232 noise_weight=248 partition_count=248 size_per_partition=134 base_ot_count=1984 base_ot_protocol_invocations=1 base_noisy_vole_count=248 silent_extension_count=1 base_correlation_setup_s=1.221622 silent_extension_s=0.019384 local_output_mapping_s=0.000000 total_s=1.241006 verify_s=0.000000 bytes_sent_by_role=375416 bytes_received_by_role=130087312 harness_metadata_bytes=0 verification_opening_bytes=0 clean_protocol_bytes_by_role=375416 direct_payload_bytes=0 silent_base_ot_bytes=63488 silent_base_noisy_vole_bytes=65664 silent_extension_payload_bytes=309752 framing_bytes=0 notes=tcp_two_process; libOTe_SilentVole; semi_honest_128; MultType=ExConv7x24; BaseElem=u64; ExtElem=array<u64,M>; x=c; Z0=a; Z1=-b PASS
[server_exit=0 client_exit=0]

$ taskset -c 0 /home/cyy/pcg-experiments/mVOLE-local-silent-bench/build-final/main --RMVOLE_NET_BENCH silent-server 0.0.0.0 39328 14 32 1 bench &
$ taskset -c 2 /home/cyy/pcg-experiments/mVOLE-local-silent-bench/build-final/main --RMVOLE_NET_BENCH silent-client 127.0.0.1 39328 14 32 1 bench
SILENT_SVOLE_TCP method=SILENT_SVOLE role=receiver-server-p0 mode=bench network=tcp-loopback address=0.0.0.0:39328 logN=14 N=16384 m=32 reps=1 requested_N=16384 generated_N=16384 code_size=33232 noise_weight=248 partition_count=248 size_per_partition=134 base_ot_count=1984 base_ot_protocol_invocations=1 base_noisy_vole_count=248 silent_extension_count=1 base_correlation_setup_s=1.009785 silent_extension_s=0.255452 local_output_mapping_s=0.000000 total_s=1.265236 verify_s=0.000000 bytes_sent_by_role=130087312 bytes_received_by_role=375416 harness_metadata_bytes=256 verification_opening_bytes=0 clean_protocol_bytes_by_role=130087056 direct_payload_bytes=0 silent_base_ot_bytes=63488 silent_base_noisy_vole_bytes=63880 silent_extension_payload_bytes=130023432 framing_bytes=0 notes=tcp_two_process; libOTe_SilentVole; semi_honest_128; MultType=ExConv7x24; BaseElem=u64; ExtElem=array<u64,M>; x=c; Z0=a; Z1=-b PASS
SILENT_SVOLE_TCP method=SILENT_SVOLE role=sender-client-p1 mode=bench network=tcp-loopback address=127.0.0.1:39328 logN=14 N=16384 m=32 reps=1 requested_N=16384 generated_N=16384 code_size=33232 noise_weight=248 partition_count=248 size_per_partition=134 base_ot_count=1984 base_ot_protocol_invocations=1 base_noisy_vole_count=248 silent_extension_count=1 base_correlation_setup_s=1.221951 silent_extension_s=0.019310 local_output_mapping_s=0.000000 total_s=1.241261 verify_s=0.000000 bytes_sent_by_role=375416 bytes_received_by_role=130087312 harness_metadata_bytes=0 verification_opening_bytes=0 clean_protocol_bytes_by_role=375416 direct_payload_bytes=0 silent_base_ot_bytes=63488 silent_base_noisy_vole_bytes=65664 silent_extension_payload_bytes=309752 framing_bytes=0 notes=tcp_two_process; libOTe_SilentVole; semi_honest_128; MultType=ExConv7x24; BaseElem=u64; ExtElem=array<u64,M>; x=c; Z0=a; Z1=-b PASS
[server_exit=0 client_exit=0]

$ taskset -c 0 /home/cyy/pcg-experiments/mVOLE-local-silent-bench/build-final/main --RMVOLE_NET_BENCH silent-server 0.0.0.0 39329 16 8 1 verify &
$ taskset -c 2 /home/cyy/pcg-experiments/mVOLE-local-silent-bench/build-final/main --RMVOLE_NET_BENCH silent-client 127.0.0.1 39329 16 8 1 verify
SILENT_SVOLE_TCP method=SILENT_SVOLE role=receiver-server-p0 mode=verify network=tcp-loopback address=0.0.0.0:39329 logN=16 N=65536 m=8 reps=1 requested_N=65536 generated_N=65536 code_size=131440 noise_weight=248 partition_count=248 size_per_partition=530 base_ot_count=2480 base_ot_protocol_invocations=1 base_noisy_vole_count=248 silent_extension_count=1 base_correlation_setup_s=0.417845 silent_extension_s=0.180942 local_output_mapping_s=0.000000 total_s=0.598788 verify_s=0.016237 bytes_sent_by_role=8206032 bytes_received_by_role=4345984 harness_metadata_bytes=64 verification_opening_bytes=4194304 clean_protocol_bytes_by_role=4011664 direct_payload_bytes=0 silent_base_ot_bytes=79360 silent_base_noisy_vole_bytes=79560 silent_extension_payload_bytes=8126472 framing_bytes=0 notes=tcp_two_process; libOTe_SilentVole; semi_honest_128; MultType=ExConv7x24; BaseElem=u64; ExtElem=array<u64,M>; x=c; Z0=a; Z1=-b PASS
SILENT_SVOLE_TCP method=SILENT_SVOLE role=sender-client-p1 mode=verify network=tcp-loopback address=127.0.0.1:39329 logN=16 N=65536 m=8 reps=1 requested_N=65536 generated_N=65536 code_size=131440 noise_weight=248 partition_count=248 size_per_partition=530 base_ot_count=2480 base_ot_protocol_invocations=1 base_noisy_vole_count=248 silent_extension_count=1 base_correlation_setup_s=0.525183 silent_extension_s=0.037449 local_output_mapping_s=0.000000 total_s=0.562633 verify_s=0.006126 bytes_sent_by_role=4345984 bytes_received_by_role=8206032 harness_metadata_bytes=0 verification_opening_bytes=4194304 clean_protocol_bytes_by_role=151680 direct_payload_bytes=0 silent_base_ot_bytes=79360 silent_base_noisy_vole_bytes=16512 silent_extension_payload_bytes=135160 framing_bytes=8 notes=tcp_two_process; libOTe_SilentVole; semi_honest_128; MultType=ExConv7x24; BaseElem=u64; ExtElem=array<u64,M>; x=c; Z0=a; Z1=-b PASS
[server_exit=0 client_exit=0]

$ taskset -c 0 /home/cyy/pcg-experiments/mVOLE-local-silent-bench/build-final/main --RMVOLE_NET_BENCH silent-server 0.0.0.0 39330 16 8 1 bench &
$ taskset -c 2 /home/cyy/pcg-experiments/mVOLE-local-silent-bench/build-final/main --RMVOLE_NET_BENCH silent-client 127.0.0.1 39330 16 8 1 bench
SILENT_SVOLE_TCP method=SILENT_SVOLE role=receiver-server-p0 mode=bench network=tcp-loopback address=0.0.0.0:39330 logN=16 N=65536 m=8 reps=1 requested_N=65536 generated_N=65536 code_size=131440 noise_weight=248 partition_count=248 size_per_partition=530 base_ot_count=2480 base_ot_protocol_invocations=1 base_noisy_vole_count=248 silent_extension_count=1 base_correlation_setup_s=0.417262 silent_extension_s=0.179530 local_output_mapping_s=0.000000 total_s=0.596792 verify_s=0.000000 bytes_sent_by_role=8206032 bytes_received_by_role=151672 harness_metadata_bytes=64 verification_opening_bytes=0 clean_protocol_bytes_by_role=8205968 direct_payload_bytes=0 silent_base_ot_bytes=79360 silent_base_noisy_vole_bytes=79560 silent_extension_payload_bytes=8126472 framing_bytes=0 notes=tcp_two_process; libOTe_SilentVole; semi_honest_128; MultType=ExConv7x24; BaseElem=u64; ExtElem=array<u64,M>; x=c; Z0=a; Z1=-b PASS
SILENT_SVOLE_TCP method=SILENT_SVOLE role=sender-client-p1 mode=bench network=tcp-loopback address=127.0.0.1:39330 logN=16 N=65536 m=8 reps=1 requested_N=65536 generated_N=65536 code_size=131440 noise_weight=248 partition_count=248 size_per_partition=530 base_ot_count=2480 base_ot_protocol_invocations=1 base_noisy_vole_count=248 silent_extension_count=1 base_correlation_setup_s=0.523085 silent_extension_s=0.037600 local_output_mapping_s=0.000000 total_s=0.560686 verify_s=0.000000 bytes_sent_by_role=151672 bytes_received_by_role=8206032 harness_metadata_bytes=0 verification_opening_bytes=0 clean_protocol_bytes_by_role=151672 direct_payload_bytes=0 silent_base_ot_bytes=79360 silent_base_noisy_vole_bytes=16512 silent_extension_payload_bytes=135160 framing_bytes=0 notes=tcp_two_process; libOTe_SilentVole; semi_honest_128; MultType=ExConv7x24; BaseElem=u64; ExtElem=array<u64,M>; x=c; Z0=a; Z1=-b PASS
[server_exit=0 client_exit=0]

$ taskset -c 0 /home/cyy/pcg-experiments/mVOLE-local-silent-bench/build-final/main --RMVOLE_NET_BENCH silent-server 0.0.0.0 39331 16 8 1 bench &
$ taskset -c 2 /home/cyy/pcg-experiments/mVOLE-local-silent-bench/build-final/main --RMVOLE_NET_BENCH silent-client 127.0.0.1 39331 16 8 1 bench
SILENT_SVOLE_TCP method=SILENT_SVOLE role=receiver-server-p0 mode=bench network=tcp-loopback address=0.0.0.0:39331 logN=16 N=65536 m=8 reps=1 requested_N=65536 generated_N=65536 code_size=131440 noise_weight=248 partition_count=248 size_per_partition=530 base_ot_count=2480 base_ot_protocol_invocations=1 base_noisy_vole_count=248 silent_extension_count=1 base_correlation_setup_s=0.417571 silent_extension_s=0.179311 local_output_mapping_s=0.000000 total_s=0.596883 verify_s=0.000000 bytes_sent_by_role=8206032 bytes_received_by_role=151672 harness_metadata_bytes=64 verification_opening_bytes=0 clean_protocol_bytes_by_role=8205968 direct_payload_bytes=0 silent_base_ot_bytes=79360 silent_base_noisy_vole_bytes=79560 silent_extension_payload_bytes=8126472 framing_bytes=0 notes=tcp_two_process; libOTe_SilentVole; semi_honest_128; MultType=ExConv7x24; BaseElem=u64; ExtElem=array<u64,M>; x=c; Z0=a; Z1=-b PASS
SILENT_SVOLE_TCP method=SILENT_SVOLE role=sender-client-p1 mode=bench network=tcp-loopback address=127.0.0.1:39331 logN=16 N=65536 m=8 reps=1 requested_N=65536 generated_N=65536 code_size=131440 noise_weight=248 partition_count=248 size_per_partition=530 base_ot_count=2480 base_ot_protocol_invocations=1 base_noisy_vole_count=248 silent_extension_count=1 base_correlation_setup_s=0.526013 silent_extension_s=0.037253 local_output_mapping_s=0.000000 total_s=0.563267 verify_s=0.000000 bytes_sent_by_role=151672 bytes_received_by_role=8206032 harness_metadata_bytes=0 verification_opening_bytes=0 clean_protocol_bytes_by_role=151672 direct_payload_bytes=0 silent_base_ot_bytes=79360 silent_base_noisy_vole_bytes=16512 silent_extension_payload_bytes=135160 framing_bytes=0 notes=tcp_two_process; libOTe_SilentVole; semi_honest_128; MultType=ExConv7x24; BaseElem=u64; ExtElem=array<u64,M>; x=c; Z0=a; Z1=-b PASS
[server_exit=0 client_exit=0]

$ taskset -c 0 /home/cyy/pcg-experiments/mVOLE-local-silent-bench/build-final/main --RMVOLE_NET_BENCH silent-server 0.0.0.0 39332 16 8 1 bench &
$ taskset -c 2 /home/cyy/pcg-experiments/mVOLE-local-silent-bench/build-final/main --RMVOLE_NET_BENCH silent-client 127.0.0.1 39332 16 8 1 bench
SILENT_SVOLE_TCP method=SILENT_SVOLE role=receiver-server-p0 mode=bench network=tcp-loopback address=0.0.0.0:39332 logN=16 N=65536 m=8 reps=1 requested_N=65536 generated_N=65536 code_size=131440 noise_weight=248 partition_count=248 size_per_partition=530 base_ot_count=2480 base_ot_protocol_invocations=1 base_noisy_vole_count=248 silent_extension_count=1 base_correlation_setup_s=0.417962 silent_extension_s=0.180247 local_output_mapping_s=0.000000 total_s=0.598209 verify_s=0.000000 bytes_sent_by_role=8206032 bytes_received_by_role=151672 harness_metadata_bytes=64 verification_opening_bytes=0 clean_protocol_bytes_by_role=8205968 direct_payload_bytes=0 silent_base_ot_bytes=79360 silent_base_noisy_vole_bytes=79560 silent_extension_payload_bytes=8126472 framing_bytes=0 notes=tcp_two_process; libOTe_SilentVole; semi_honest_128; MultType=ExConv7x24; BaseElem=u64; ExtElem=array<u64,M>; x=c; Z0=a; Z1=-b PASS
SILENT_SVOLE_TCP method=SILENT_SVOLE role=sender-client-p1 mode=bench network=tcp-loopback address=127.0.0.1:39332 logN=16 N=65536 m=8 reps=1 requested_N=65536 generated_N=65536 code_size=131440 noise_weight=248 partition_count=248 size_per_partition=530 base_ot_count=2480 base_ot_protocol_invocations=1 base_noisy_vole_count=248 silent_extension_count=1 base_correlation_setup_s=0.525875 silent_extension_s=0.037359 local_output_mapping_s=0.000000 total_s=0.563233 verify_s=0.000000 bytes_sent_by_role=151672 bytes_received_by_role=8206032 harness_metadata_bytes=0 verification_opening_bytes=0 clean_protocol_bytes_by_role=151672 direct_payload_bytes=0 silent_base_ot_bytes=79360 silent_base_noisy_vole_bytes=16512 silent_extension_payload_bytes=135160 framing_bytes=0 notes=tcp_two_process; libOTe_SilentVole; semi_honest_128; MultType=ExConv7x24; BaseElem=u64; ExtElem=array<u64,M>; x=c; Z0=a; Z1=-b PASS
[server_exit=0 client_exit=0]

$ taskset -c 0 /home/cyy/pcg-experiments/mVOLE-local-silent-bench/build-final/main --RMVOLE_NET_BENCH silent-server 0.0.0.0 39333 16 8 1 bench &
$ taskset -c 2 /home/cyy/pcg-experiments/mVOLE-local-silent-bench/build-final/main --RMVOLE_NET_BENCH silent-client 127.0.0.1 39333 16 8 1 bench
SILENT_SVOLE_TCP method=SILENT_SVOLE role=receiver-server-p0 mode=bench network=tcp-loopback address=0.0.0.0:39333 logN=16 N=65536 m=8 reps=1 requested_N=65536 generated_N=65536 code_size=131440 noise_weight=248 partition_count=248 size_per_partition=530 base_ot_count=2480 base_ot_protocol_invocations=1 base_noisy_vole_count=248 silent_extension_count=1 base_correlation_setup_s=0.417388 silent_extension_s=0.181013 local_output_mapping_s=0.000000 total_s=0.598401 verify_s=0.000000 bytes_sent_by_role=8206032 bytes_received_by_role=151672 harness_metadata_bytes=64 verification_opening_bytes=0 clean_protocol_bytes_by_role=8205968 direct_payload_bytes=0 silent_base_ot_bytes=79360 silent_base_noisy_vole_bytes=79560 silent_extension_payload_bytes=8126472 framing_bytes=0 notes=tcp_two_process; libOTe_SilentVole; semi_honest_128; MultType=ExConv7x24; BaseElem=u64; ExtElem=array<u64,M>; x=c; Z0=a; Z1=-b PASS
SILENT_SVOLE_TCP method=SILENT_SVOLE role=sender-client-p1 mode=bench network=tcp-loopback address=127.0.0.1:39333 logN=16 N=65536 m=8 reps=1 requested_N=65536 generated_N=65536 code_size=131440 noise_weight=248 partition_count=248 size_per_partition=530 base_ot_count=2480 base_ot_protocol_invocations=1 base_noisy_vole_count=248 silent_extension_count=1 base_correlation_setup_s=0.524998 silent_extension_s=0.037464 local_output_mapping_s=0.000000 total_s=0.562462 verify_s=0.000000 bytes_sent_by_role=151672 bytes_received_by_role=8206032 harness_metadata_bytes=0 verification_opening_bytes=0 clean_protocol_bytes_by_role=151672 direct_payload_bytes=0 silent_base_ot_bytes=79360 silent_base_noisy_vole_bytes=16512 silent_extension_payload_bytes=135160 framing_bytes=0 notes=tcp_two_process; libOTe_SilentVole; semi_honest_128; MultType=ExConv7x24; BaseElem=u64; ExtElem=array<u64,M>; x=c; Z0=a; Z1=-b PASS
[server_exit=0 client_exit=0]

$ taskset -c 0 /home/cyy/pcg-experiments/mVOLE-local-silent-bench/build-final/main --RMVOLE_NET_BENCH silent-server 0.0.0.0 39334 16 8 1 bench &
$ taskset -c 2 /home/cyy/pcg-experiments/mVOLE-local-silent-bench/build-final/main --RMVOLE_NET_BENCH silent-client 127.0.0.1 39334 16 8 1 bench
SILENT_SVOLE_TCP method=SILENT_SVOLE role=receiver-server-p0 mode=bench network=tcp-loopback address=0.0.0.0:39334 logN=16 N=65536 m=8 reps=1 requested_N=65536 generated_N=65536 code_size=131440 noise_weight=248 partition_count=248 size_per_partition=530 base_ot_count=2480 base_ot_protocol_invocations=1 base_noisy_vole_count=248 silent_extension_count=1 base_correlation_setup_s=0.418040 silent_extension_s=0.180065 local_output_mapping_s=0.000000 total_s=0.598105 verify_s=0.000000 bytes_sent_by_role=8206032 bytes_received_by_role=151672 harness_metadata_bytes=64 verification_opening_bytes=0 clean_protocol_bytes_by_role=8205968 direct_payload_bytes=0 silent_base_ot_bytes=79360 silent_base_noisy_vole_bytes=79560 silent_extension_payload_bytes=8126472 framing_bytes=0 notes=tcp_two_process; libOTe_SilentVole; semi_honest_128; MultType=ExConv7x24; BaseElem=u64; ExtElem=array<u64,M>; x=c; Z0=a; Z1=-b PASS
SILENT_SVOLE_TCP method=SILENT_SVOLE role=sender-client-p1 mode=bench network=tcp-loopback address=127.0.0.1:39334 logN=16 N=65536 m=8 reps=1 requested_N=65536 generated_N=65536 code_size=131440 noise_weight=248 partition_count=248 size_per_partition=530 base_ot_count=2480 base_ot_protocol_invocations=1 base_noisy_vole_count=248 silent_extension_count=1 base_correlation_setup_s=0.525592 silent_extension_s=0.037768 local_output_mapping_s=0.000000 total_s=0.563360 verify_s=0.000000 bytes_sent_by_role=151672 bytes_received_by_role=8206032 harness_metadata_bytes=0 verification_opening_bytes=0 clean_protocol_bytes_by_role=151672 direct_payload_bytes=0 silent_base_ot_bytes=79360 silent_base_noisy_vole_bytes=16512 silent_extension_payload_bytes=135160 framing_bytes=0 notes=tcp_two_process; libOTe_SilentVole; semi_honest_128; MultType=ExConv7x24; BaseElem=u64; ExtElem=array<u64,M>; x=c; Z0=a; Z1=-b PASS
[server_exit=0 client_exit=0]

$ taskset -c 0 /home/cyy/pcg-experiments/mVOLE-local-silent-bench/build-final/main --RMVOLE_NET_BENCH silent-server 0.0.0.0 39335 16 8 1 bench &
$ taskset -c 2 /home/cyy/pcg-experiments/mVOLE-local-silent-bench/build-final/main --RMVOLE_NET_BENCH silent-client 127.0.0.1 39335 16 8 1 bench
SILENT_SVOLE_TCP method=SILENT_SVOLE role=receiver-server-p0 mode=bench network=tcp-loopback address=0.0.0.0:39335 logN=16 N=65536 m=8 reps=1 requested_N=65536 generated_N=65536 code_size=131440 noise_weight=248 partition_count=248 size_per_partition=530 base_ot_count=2480 base_ot_protocol_invocations=1 base_noisy_vole_count=248 silent_extension_count=1 base_correlation_setup_s=0.418576 silent_extension_s=0.182969 local_output_mapping_s=0.000000 total_s=0.601545 verify_s=0.000000 bytes_sent_by_role=8206032 bytes_received_by_role=151672 harness_metadata_bytes=64 verification_opening_bytes=0 clean_protocol_bytes_by_role=8205968 direct_payload_bytes=0 silent_base_ot_bytes=79360 silent_base_noisy_vole_bytes=79560 silent_extension_payload_bytes=8126472 framing_bytes=0 notes=tcp_two_process; libOTe_SilentVole; semi_honest_128; MultType=ExConv7x24; BaseElem=u64; ExtElem=array<u64,M>; x=c; Z0=a; Z1=-b PASS
SILENT_SVOLE_TCP method=SILENT_SVOLE role=sender-client-p1 mode=bench network=tcp-loopback address=127.0.0.1:39335 logN=16 N=65536 m=8 reps=1 requested_N=65536 generated_N=65536 code_size=131440 noise_weight=248 partition_count=248 size_per_partition=530 base_ot_count=2480 base_ot_protocol_invocations=1 base_noisy_vole_count=248 silent_extension_count=1 base_correlation_setup_s=0.525181 silent_extension_s=0.037877 local_output_mapping_s=0.000000 total_s=0.563058 verify_s=0.000000 bytes_sent_by_role=151672 bytes_received_by_role=8206032 harness_metadata_bytes=0 verification_opening_bytes=0 clean_protocol_bytes_by_role=151672 direct_payload_bytes=0 silent_base_ot_bytes=79360 silent_base_noisy_vole_bytes=16512 silent_extension_payload_bytes=135160 framing_bytes=0 notes=tcp_two_process; libOTe_SilentVole; semi_honest_128; MultType=ExConv7x24; BaseElem=u64; ExtElem=array<u64,M>; x=c; Z0=a; Z1=-b PASS
[server_exit=0 client_exit=0]

$ taskset -c 0 /home/cyy/pcg-experiments/mVOLE-local-silent-bench/build-final/main --RMVOLE_NET_BENCH silent-server 0.0.0.0 39336 16 8 1 bench &
$ taskset -c 2 /home/cyy/pcg-experiments/mVOLE-local-silent-bench/build-final/main --RMVOLE_NET_BENCH silent-client 127.0.0.1 39336 16 8 1 bench
SILENT_SVOLE_TCP method=SILENT_SVOLE role=receiver-server-p0 mode=bench network=tcp-loopback address=0.0.0.0:39336 logN=16 N=65536 m=8 reps=1 requested_N=65536 generated_N=65536 code_size=131440 noise_weight=248 partition_count=248 size_per_partition=530 base_ot_count=2480 base_ot_protocol_invocations=1 base_noisy_vole_count=248 silent_extension_count=1 base_correlation_setup_s=0.417787 silent_extension_s=0.179297 local_output_mapping_s=0.000000 total_s=0.597085 verify_s=0.000000 bytes_sent_by_role=8206032 bytes_received_by_role=151672 harness_metadata_bytes=64 verification_opening_bytes=0 clean_protocol_bytes_by_role=8205968 direct_payload_bytes=0 silent_base_ot_bytes=79360 silent_base_noisy_vole_bytes=79560 silent_extension_payload_bytes=8126472 framing_bytes=0 notes=tcp_two_process; libOTe_SilentVole; semi_honest_128; MultType=ExConv7x24; BaseElem=u64; ExtElem=array<u64,M>; x=c; Z0=a; Z1=-b PASS
SILENT_SVOLE_TCP method=SILENT_SVOLE role=sender-client-p1 mode=bench network=tcp-loopback address=127.0.0.1:39336 logN=16 N=65536 m=8 reps=1 requested_N=65536 generated_N=65536 code_size=131440 noise_weight=248 partition_count=248 size_per_partition=530 base_ot_count=2480 base_ot_protocol_invocations=1 base_noisy_vole_count=248 silent_extension_count=1 base_correlation_setup_s=0.523013 silent_extension_s=0.037321 local_output_mapping_s=0.000000 total_s=0.560334 verify_s=0.000000 bytes_sent_by_role=151672 bytes_received_by_role=8206032 harness_metadata_bytes=0 verification_opening_bytes=0 clean_protocol_bytes_by_role=151672 direct_payload_bytes=0 silent_base_ot_bytes=79360 silent_base_noisy_vole_bytes=16512 silent_extension_payload_bytes=135160 framing_bytes=0 notes=tcp_two_process; libOTe_SilentVole; semi_honest_128; MultType=ExConv7x24; BaseElem=u64; ExtElem=array<u64,M>; x=c; Z0=a; Z1=-b PASS
[server_exit=0 client_exit=0]

$ taskset -c 0 /home/cyy/pcg-experiments/mVOLE-local-silent-bench/build-final/main --RMVOLE_NET_BENCH silent-server 0.0.0.0 39337 16 8 1 bench &
$ taskset -c 2 /home/cyy/pcg-experiments/mVOLE-local-silent-bench/build-final/main --RMVOLE_NET_BENCH silent-client 127.0.0.1 39337 16 8 1 bench
SILENT_SVOLE_TCP method=SILENT_SVOLE role=receiver-server-p0 mode=bench network=tcp-loopback address=0.0.0.0:39337 logN=16 N=65536 m=8 reps=1 requested_N=65536 generated_N=65536 code_size=131440 noise_weight=248 partition_count=248 size_per_partition=530 base_ot_count=2480 base_ot_protocol_invocations=1 base_noisy_vole_count=248 silent_extension_count=1 base_correlation_setup_s=0.417331 silent_extension_s=0.180446 local_output_mapping_s=0.000000 total_s=0.597778 verify_s=0.000000 bytes_sent_by_role=8206032 bytes_received_by_role=151672 harness_metadata_bytes=64 verification_opening_bytes=0 clean_protocol_bytes_by_role=8205968 direct_payload_bytes=0 silent_base_ot_bytes=79360 silent_base_noisy_vole_bytes=79560 silent_extension_payload_bytes=8126472 framing_bytes=0 notes=tcp_two_process; libOTe_SilentVole; semi_honest_128; MultType=ExConv7x24; BaseElem=u64; ExtElem=array<u64,M>; x=c; Z0=a; Z1=-b PASS
SILENT_SVOLE_TCP method=SILENT_SVOLE role=sender-client-p1 mode=bench network=tcp-loopback address=127.0.0.1:39337 logN=16 N=65536 m=8 reps=1 requested_N=65536 generated_N=65536 code_size=131440 noise_weight=248 partition_count=248 size_per_partition=530 base_ot_count=2480 base_ot_protocol_invocations=1 base_noisy_vole_count=248 silent_extension_count=1 base_correlation_setup_s=0.525729 silent_extension_s=0.037502 local_output_mapping_s=0.000000 total_s=0.563231 verify_s=0.000000 bytes_sent_by_role=151672 bytes_received_by_role=8206032 harness_metadata_bytes=0 verification_opening_bytes=0 clean_protocol_bytes_by_role=151672 direct_payload_bytes=0 silent_base_ot_bytes=79360 silent_base_noisy_vole_bytes=16512 silent_extension_payload_bytes=135160 framing_bytes=0 notes=tcp_two_process; libOTe_SilentVole; semi_honest_128; MultType=ExConv7x24; BaseElem=u64; ExtElem=array<u64,M>; x=c; Z0=a; Z1=-b PASS
[server_exit=0 client_exit=0]

$ taskset -c 0 /home/cyy/pcg-experiments/mVOLE-local-silent-bench/build-final/main --RMVOLE_NET_BENCH silent-server 0.0.0.0 39338 16 8 1 bench &
$ taskset -c 2 /home/cyy/pcg-experiments/mVOLE-local-silent-bench/build-final/main --RMVOLE_NET_BENCH silent-client 127.0.0.1 39338 16 8 1 bench
SILENT_SVOLE_TCP method=SILENT_SVOLE role=receiver-server-p0 mode=bench network=tcp-loopback address=0.0.0.0:39338 logN=16 N=65536 m=8 reps=1 requested_N=65536 generated_N=65536 code_size=131440 noise_weight=248 partition_count=248 size_per_partition=530 base_ot_count=2480 base_ot_protocol_invocations=1 base_noisy_vole_count=248 silent_extension_count=1 base_correlation_setup_s=0.417593 silent_extension_s=0.180542 local_output_mapping_s=0.000000 total_s=0.598135 verify_s=0.000000 bytes_sent_by_role=8206032 bytes_received_by_role=151672 harness_metadata_bytes=64 verification_opening_bytes=0 clean_protocol_bytes_by_role=8205968 direct_payload_bytes=0 silent_base_ot_bytes=79360 silent_base_noisy_vole_bytes=79560 silent_extension_payload_bytes=8126472 framing_bytes=0 notes=tcp_two_process; libOTe_SilentVole; semi_honest_128; MultType=ExConv7x24; BaseElem=u64; ExtElem=array<u64,M>; x=c; Z0=a; Z1=-b PASS
SILENT_SVOLE_TCP method=SILENT_SVOLE role=sender-client-p1 mode=bench network=tcp-loopback address=127.0.0.1:39338 logN=16 N=65536 m=8 reps=1 requested_N=65536 generated_N=65536 code_size=131440 noise_weight=248 partition_count=248 size_per_partition=530 base_ot_count=2480 base_ot_protocol_invocations=1 base_noisy_vole_count=248 silent_extension_count=1 base_correlation_setup_s=0.526027 silent_extension_s=0.037557 local_output_mapping_s=0.000000 total_s=0.563584 verify_s=0.000000 bytes_sent_by_role=151672 bytes_received_by_role=8206032 harness_metadata_bytes=0 verification_opening_bytes=0 clean_protocol_bytes_by_role=151672 direct_payload_bytes=0 silent_base_ot_bytes=79360 silent_base_noisy_vole_bytes=16512 silent_extension_payload_bytes=135160 framing_bytes=0 notes=tcp_two_process; libOTe_SilentVole; semi_honest_128; MultType=ExConv7x24; BaseElem=u64; ExtElem=array<u64,M>; x=c; Z0=a; Z1=-b PASS
[server_exit=0 client_exit=0]

$ taskset -c 0 /home/cyy/pcg-experiments/mVOLE-local-silent-bench/build-final/main --RMVOLE_NET_BENCH silent-server 0.0.0.0 39339 16 8 1 bench &
$ taskset -c 2 /home/cyy/pcg-experiments/mVOLE-local-silent-bench/build-final/main --RMVOLE_NET_BENCH silent-client 127.0.0.1 39339 16 8 1 bench
SILENT_SVOLE_TCP method=SILENT_SVOLE role=receiver-server-p0 mode=bench network=tcp-loopback address=0.0.0.0:39339 logN=16 N=65536 m=8 reps=1 requested_N=65536 generated_N=65536 code_size=131440 noise_weight=248 partition_count=248 size_per_partition=530 base_ot_count=2480 base_ot_protocol_invocations=1 base_noisy_vole_count=248 silent_extension_count=1 base_correlation_setup_s=0.418527 silent_extension_s=0.179334 local_output_mapping_s=0.000000 total_s=0.597860 verify_s=0.000000 bytes_sent_by_role=8206032 bytes_received_by_role=151672 harness_metadata_bytes=64 verification_opening_bytes=0 clean_protocol_bytes_by_role=8205968 direct_payload_bytes=0 silent_base_ot_bytes=79360 silent_base_noisy_vole_bytes=79560 silent_extension_payload_bytes=8126472 framing_bytes=0 notes=tcp_two_process; libOTe_SilentVole; semi_honest_128; MultType=ExConv7x24; BaseElem=u64; ExtElem=array<u64,M>; x=c; Z0=a; Z1=-b PASS
SILENT_SVOLE_TCP method=SILENT_SVOLE role=sender-client-p1 mode=bench network=tcp-loopback address=127.0.0.1:39339 logN=16 N=65536 m=8 reps=1 requested_N=65536 generated_N=65536 code_size=131440 noise_weight=248 partition_count=248 size_per_partition=530 base_ot_count=2480 base_ot_protocol_invocations=1 base_noisy_vole_count=248 silent_extension_count=1 base_correlation_setup_s=0.525707 silent_extension_s=0.037167 local_output_mapping_s=0.000000 total_s=0.562874 verify_s=0.000000 bytes_sent_by_role=151672 bytes_received_by_role=8206032 harness_metadata_bytes=0 verification_opening_bytes=0 clean_protocol_bytes_by_role=151672 direct_payload_bytes=0 silent_base_ot_bytes=79360 silent_base_noisy_vole_bytes=16512 silent_extension_payload_bytes=135160 framing_bytes=0 notes=tcp_two_process; libOTe_SilentVole; semi_honest_128; MultType=ExConv7x24; BaseElem=u64; ExtElem=array<u64,M>; x=c; Z0=a; Z1=-b PASS
[server_exit=0 client_exit=0]

$ taskset -c 0 /home/cyy/pcg-experiments/mVOLE-local-silent-bench/build-final/main --RMVOLE_NET_BENCH silent-server 0.0.0.0 39340 16 8 1 bench &
$ taskset -c 2 /home/cyy/pcg-experiments/mVOLE-local-silent-bench/build-final/main --RMVOLE_NET_BENCH silent-client 127.0.0.1 39340 16 8 1 bench
SILENT_SVOLE_TCP method=SILENT_SVOLE role=receiver-server-p0 mode=bench network=tcp-loopback address=0.0.0.0:39340 logN=16 N=65536 m=8 reps=1 requested_N=65536 generated_N=65536 code_size=131440 noise_weight=248 partition_count=248 size_per_partition=530 base_ot_count=2480 base_ot_protocol_invocations=1 base_noisy_vole_count=248 silent_extension_count=1 base_correlation_setup_s=0.417587 silent_extension_s=0.181408 local_output_mapping_s=0.000000 total_s=0.598995 verify_s=0.000000 bytes_sent_by_role=8206032 bytes_received_by_role=151672 harness_metadata_bytes=64 verification_opening_bytes=0 clean_protocol_bytes_by_role=8205968 direct_payload_bytes=0 silent_base_ot_bytes=79360 silent_base_noisy_vole_bytes=79560 silent_extension_payload_bytes=8126472 framing_bytes=0 notes=tcp_two_process; libOTe_SilentVole; semi_honest_128; MultType=ExConv7x24; BaseElem=u64; ExtElem=array<u64,M>; x=c; Z0=a; Z1=-b PASS
SILENT_SVOLE_TCP method=SILENT_SVOLE role=sender-client-p1 mode=bench network=tcp-loopback address=127.0.0.1:39340 logN=16 N=65536 m=8 reps=1 requested_N=65536 generated_N=65536 code_size=131440 noise_weight=248 partition_count=248 size_per_partition=530 base_ot_count=2480 base_ot_protocol_invocations=1 base_noisy_vole_count=248 silent_extension_count=1 base_correlation_setup_s=0.525677 silent_extension_s=0.038053 local_output_mapping_s=0.000000 total_s=0.563730 verify_s=0.000000 bytes_sent_by_role=151672 bytes_received_by_role=8206032 harness_metadata_bytes=0 verification_opening_bytes=0 clean_protocol_bytes_by_role=151672 direct_payload_bytes=0 silent_base_ot_bytes=79360 silent_base_noisy_vole_bytes=16512 silent_extension_payload_bytes=135160 framing_bytes=0 notes=tcp_two_process; libOTe_SilentVole; semi_honest_128; MultType=ExConv7x24; BaseElem=u64; ExtElem=array<u64,M>; x=c; Z0=a; Z1=-b PASS
[server_exit=0 client_exit=0]

$ taskset -c 0 /home/cyy/pcg-experiments/mVOLE-local-silent-bench/build-final/main --RMVOLE_NET_BENCH silent-server 0.0.0.0 39341 16 16 1 verify &
$ taskset -c 2 /home/cyy/pcg-experiments/mVOLE-local-silent-bench/build-final/main --RMVOLE_NET_BENCH silent-client 127.0.0.1 39341 16 16 1 verify
SILENT_SVOLE_TCP method=SILENT_SVOLE role=receiver-server-p0 mode=verify network=tcp-loopback address=0.0.0.0:39341 logN=16 N=65536 m=16 reps=1 requested_N=65536 generated_N=65536 code_size=131440 noise_weight=248 partition_count=248 size_per_partition=530 base_ot_count=2480 base_ot_protocol_invocations=1 base_noisy_vole_count=248 silent_extension_count=1 base_correlation_setup_s=0.577185 silent_extension_s=0.175691 local_output_mapping_s=0.000000 total_s=0.752875 verify_s=0.042273 bytes_sent_by_role=32585488 bytes_received_by_role=8620160 harness_metadata_bytes=128 verification_opening_bytes=8388608 clean_protocol_bytes_by_role=24196752 direct_payload_bytes=0 silent_base_ot_bytes=79360 silent_base_noisy_vole_bytes=79624 silent_extension_payload_bytes=32505864 framing_bytes=0 notes=tcp_two_process; libOTe_SilentVole; semi_honest_128; MultType=ExConv7x24; BaseElem=u64; ExtElem=array<u64,M>; x=c; Z0=a; Z1=-b PASS
SILENT_SVOLE_TCP method=SILENT_SVOLE role=sender-client-p1 mode=verify network=tcp-loopback address=127.0.0.1:39341 logN=16 N=65536 m=16 reps=1 requested_N=65536 generated_N=65536 code_size=131440 noise_weight=248 partition_count=248 size_per_partition=530 base_ot_count=2480 base_ot_protocol_invocations=1 base_noisy_vole_count=248 silent_extension_count=1 base_correlation_setup_s=0.648369 silent_extension_s=0.068916 local_output_mapping_s=0.000000 total_s=0.717285 verify_s=0.003501 bytes_sent_by_role=8620160 bytes_received_by_role=32585488 harness_metadata_bytes=0 verification_opening_bytes=8388608 clean_protocol_bytes_by_role=231552 direct_payload_bytes=0 silent_base_ot_bytes=79360 silent_base_noisy_vole_bytes=32896 silent_extension_payload_bytes=198648 framing_bytes=8 notes=tcp_two_process; libOTe_SilentVole; semi_honest_128; MultType=ExConv7x24; BaseElem=u64; ExtElem=array<u64,M>; x=c; Z0=a; Z1=-b PASS
[server_exit=0 client_exit=0]

$ taskset -c 0 /home/cyy/pcg-experiments/mVOLE-local-silent-bench/build-final/main --RMVOLE_NET_BENCH silent-server 0.0.0.0 39342 16 16 1 bench &
$ taskset -c 2 /home/cyy/pcg-experiments/mVOLE-local-silent-bench/build-final/main --RMVOLE_NET_BENCH silent-client 127.0.0.1 39342 16 16 1 bench
SILENT_SVOLE_TCP method=SILENT_SVOLE role=receiver-server-p0 mode=bench network=tcp-loopback address=0.0.0.0:39342 logN=16 N=65536 m=16 reps=1 requested_N=65536 generated_N=65536 code_size=131440 noise_weight=248 partition_count=248 size_per_partition=530 base_ot_count=2480 base_ot_protocol_invocations=1 base_noisy_vole_count=248 silent_extension_count=1 base_correlation_setup_s=0.575602 silent_extension_s=0.174740 local_output_mapping_s=0.000000 total_s=0.750342 verify_s=0.000000 bytes_sent_by_role=32585488 bytes_received_by_role=231544 harness_metadata_bytes=128 verification_opening_bytes=0 clean_protocol_bytes_by_role=32585360 direct_payload_bytes=0 silent_base_ot_bytes=79360 silent_base_noisy_vole_bytes=79624 silent_extension_payload_bytes=32505864 framing_bytes=0 notes=tcp_two_process; libOTe_SilentVole; semi_honest_128; MultType=ExConv7x24; BaseElem=u64; ExtElem=array<u64,M>; x=c; Z0=a; Z1=-b PASS
SILENT_SVOLE_TCP method=SILENT_SVOLE role=sender-client-p1 mode=bench network=tcp-loopback address=127.0.0.1:39342 logN=16 N=65536 m=16 reps=1 requested_N=65536 generated_N=65536 code_size=131440 noise_weight=248 partition_count=248 size_per_partition=530 base_ot_count=2480 base_ot_protocol_invocations=1 base_noisy_vole_count=248 silent_extension_count=1 base_correlation_setup_s=0.645815 silent_extension_s=0.069855 local_output_mapping_s=0.000000 total_s=0.715670 verify_s=0.000000 bytes_sent_by_role=231544 bytes_received_by_role=32585488 harness_metadata_bytes=0 verification_opening_bytes=0 clean_protocol_bytes_by_role=231544 direct_payload_bytes=0 silent_base_ot_bytes=79360 silent_base_noisy_vole_bytes=32896 silent_extension_payload_bytes=198648 framing_bytes=0 notes=tcp_two_process; libOTe_SilentVole; semi_honest_128; MultType=ExConv7x24; BaseElem=u64; ExtElem=array<u64,M>; x=c; Z0=a; Z1=-b PASS
[server_exit=0 client_exit=0]

$ taskset -c 0 /home/cyy/pcg-experiments/mVOLE-local-silent-bench/build-final/main --RMVOLE_NET_BENCH silent-server 0.0.0.0 39343 16 16 1 bench &
$ taskset -c 2 /home/cyy/pcg-experiments/mVOLE-local-silent-bench/build-final/main --RMVOLE_NET_BENCH silent-client 127.0.0.1 39343 16 16 1 bench
SILENT_SVOLE_TCP method=SILENT_SVOLE role=receiver-server-p0 mode=bench network=tcp-loopback address=0.0.0.0:39343 logN=16 N=65536 m=16 reps=1 requested_N=65536 generated_N=65536 code_size=131440 noise_weight=248 partition_count=248 size_per_partition=530 base_ot_count=2480 base_ot_protocol_invocations=1 base_noisy_vole_count=248 silent_extension_count=1 base_correlation_setup_s=0.575998 silent_extension_s=0.173546 local_output_mapping_s=0.000000 total_s=0.749544 verify_s=0.000000 bytes_sent_by_role=32585488 bytes_received_by_role=231544 harness_metadata_bytes=128 verification_opening_bytes=0 clean_protocol_bytes_by_role=32585360 direct_payload_bytes=0 silent_base_ot_bytes=79360 silent_base_noisy_vole_bytes=79624 silent_extension_payload_bytes=32505864 framing_bytes=0 notes=tcp_two_process; libOTe_SilentVole; semi_honest_128; MultType=ExConv7x24; BaseElem=u64; ExtElem=array<u64,M>; x=c; Z0=a; Z1=-b PASS
SILENT_SVOLE_TCP method=SILENT_SVOLE role=sender-client-p1 mode=bench network=tcp-loopback address=127.0.0.1:39343 logN=16 N=65536 m=16 reps=1 requested_N=65536 generated_N=65536 code_size=131440 noise_weight=248 partition_count=248 size_per_partition=530 base_ot_count=2480 base_ot_protocol_invocations=1 base_noisy_vole_count=248 silent_extension_count=1 base_correlation_setup_s=0.647363 silent_extension_s=0.069675 local_output_mapping_s=0.000000 total_s=0.717039 verify_s=0.000000 bytes_sent_by_role=231544 bytes_received_by_role=32585488 harness_metadata_bytes=0 verification_opening_bytes=0 clean_protocol_bytes_by_role=231544 direct_payload_bytes=0 silent_base_ot_bytes=79360 silent_base_noisy_vole_bytes=32896 silent_extension_payload_bytes=198648 framing_bytes=0 notes=tcp_two_process; libOTe_SilentVole; semi_honest_128; MultType=ExConv7x24; BaseElem=u64; ExtElem=array<u64,M>; x=c; Z0=a; Z1=-b PASS
[server_exit=0 client_exit=0]

$ taskset -c 0 /home/cyy/pcg-experiments/mVOLE-local-silent-bench/build-final/main --RMVOLE_NET_BENCH silent-server 0.0.0.0 39344 16 16 1 bench &
$ taskset -c 2 /home/cyy/pcg-experiments/mVOLE-local-silent-bench/build-final/main --RMVOLE_NET_BENCH silent-client 127.0.0.1 39344 16 16 1 bench
SILENT_SVOLE_TCP method=SILENT_SVOLE role=receiver-server-p0 mode=bench network=tcp-loopback address=0.0.0.0:39344 logN=16 N=65536 m=16 reps=1 requested_N=65536 generated_N=65536 code_size=131440 noise_weight=248 partition_count=248 size_per_partition=530 base_ot_count=2480 base_ot_protocol_invocations=1 base_noisy_vole_count=248 silent_extension_count=1 base_correlation_setup_s=0.576276 silent_extension_s=0.175884 local_output_mapping_s=0.000000 total_s=0.752160 verify_s=0.000000 bytes_sent_by_role=32585488 bytes_received_by_role=231544 harness_metadata_bytes=128 verification_opening_bytes=0 clean_protocol_bytes_by_role=32585360 direct_payload_bytes=0 silent_base_ot_bytes=79360 silent_base_noisy_vole_bytes=79624 silent_extension_payload_bytes=32505864 framing_bytes=0 notes=tcp_two_process; libOTe_SilentVole; semi_honest_128; MultType=ExConv7x24; BaseElem=u64; ExtElem=array<u64,M>; x=c; Z0=a; Z1=-b PASS
SILENT_SVOLE_TCP method=SILENT_SVOLE role=sender-client-p1 mode=bench network=tcp-loopback address=127.0.0.1:39344 logN=16 N=65536 m=16 reps=1 requested_N=65536 generated_N=65536 code_size=131440 noise_weight=248 partition_count=248 size_per_partition=530 base_ot_count=2480 base_ot_protocol_invocations=1 base_noisy_vole_count=248 silent_extension_count=1 base_correlation_setup_s=0.648644 silent_extension_s=0.069520 local_output_mapping_s=0.000000 total_s=0.718164 verify_s=0.000000 bytes_sent_by_role=231544 bytes_received_by_role=32585488 harness_metadata_bytes=0 verification_opening_bytes=0 clean_protocol_bytes_by_role=231544 direct_payload_bytes=0 silent_base_ot_bytes=79360 silent_base_noisy_vole_bytes=32896 silent_extension_payload_bytes=198648 framing_bytes=0 notes=tcp_two_process; libOTe_SilentVole; semi_honest_128; MultType=ExConv7x24; BaseElem=u64; ExtElem=array<u64,M>; x=c; Z0=a; Z1=-b PASS
[server_exit=0 client_exit=0]

$ taskset -c 0 /home/cyy/pcg-experiments/mVOLE-local-silent-bench/build-final/main --RMVOLE_NET_BENCH silent-server 0.0.0.0 39345 16 16 1 bench &
$ taskset -c 2 /home/cyy/pcg-experiments/mVOLE-local-silent-bench/build-final/main --RMVOLE_NET_BENCH silent-client 127.0.0.1 39345 16 16 1 bench
SILENT_SVOLE_TCP method=SILENT_SVOLE role=receiver-server-p0 mode=bench network=tcp-loopback address=0.0.0.0:39345 logN=16 N=65536 m=16 reps=1 requested_N=65536 generated_N=65536 code_size=131440 noise_weight=248 partition_count=248 size_per_partition=530 base_ot_count=2480 base_ot_protocol_invocations=1 base_noisy_vole_count=248 silent_extension_count=1 base_correlation_setup_s=0.576716 silent_extension_s=0.178062 local_output_mapping_s=0.000000 total_s=0.754778 verify_s=0.000000 bytes_sent_by_role=32585488 bytes_received_by_role=231544 harness_metadata_bytes=128 verification_opening_bytes=0 clean_protocol_bytes_by_role=32585360 direct_payload_bytes=0 silent_base_ot_bytes=79360 silent_base_noisy_vole_bytes=79624 silent_extension_payload_bytes=32505864 framing_bytes=0 notes=tcp_two_process; libOTe_SilentVole; semi_honest_128; MultType=ExConv7x24; BaseElem=u64; ExtElem=array<u64,M>; x=c; Z0=a; Z1=-b PASS
SILENT_SVOLE_TCP method=SILENT_SVOLE role=sender-client-p1 mode=bench network=tcp-loopback address=127.0.0.1:39345 logN=16 N=65536 m=16 reps=1 requested_N=65536 generated_N=65536 code_size=131440 noise_weight=248 partition_count=248 size_per_partition=530 base_ot_count=2480 base_ot_protocol_invocations=1 base_noisy_vole_count=248 silent_extension_count=1 base_correlation_setup_s=0.648407 silent_extension_s=0.070277 local_output_mapping_s=0.000000 total_s=0.718684 verify_s=0.000000 bytes_sent_by_role=231544 bytes_received_by_role=32585488 harness_metadata_bytes=0 verification_opening_bytes=0 clean_protocol_bytes_by_role=231544 direct_payload_bytes=0 silent_base_ot_bytes=79360 silent_base_noisy_vole_bytes=32896 silent_extension_payload_bytes=198648 framing_bytes=0 notes=tcp_two_process; libOTe_SilentVole; semi_honest_128; MultType=ExConv7x24; BaseElem=u64; ExtElem=array<u64,M>; x=c; Z0=a; Z1=-b PASS
[server_exit=0 client_exit=0]

$ taskset -c 0 /home/cyy/pcg-experiments/mVOLE-local-silent-bench/build-final/main --RMVOLE_NET_BENCH silent-server 0.0.0.0 39346 16 16 1 bench &
$ taskset -c 2 /home/cyy/pcg-experiments/mVOLE-local-silent-bench/build-final/main --RMVOLE_NET_BENCH silent-client 127.0.0.1 39346 16 16 1 bench
SILENT_SVOLE_TCP method=SILENT_SVOLE role=receiver-server-p0 mode=bench network=tcp-loopback address=0.0.0.0:39346 logN=16 N=65536 m=16 reps=1 requested_N=65536 generated_N=65536 code_size=131440 noise_weight=248 partition_count=248 size_per_partition=530 base_ot_count=2480 base_ot_protocol_invocations=1 base_noisy_vole_count=248 silent_extension_count=1 base_correlation_setup_s=0.576485 silent_extension_s=0.173473 local_output_mapping_s=0.000000 total_s=0.749958 verify_s=0.000000 bytes_sent_by_role=32585488 bytes_received_by_role=231544 harness_metadata_bytes=128 verification_opening_bytes=0 clean_protocol_bytes_by_role=32585360 direct_payload_bytes=0 silent_base_ot_bytes=79360 silent_base_noisy_vole_bytes=79624 silent_extension_payload_bytes=32505864 framing_bytes=0 notes=tcp_two_process; libOTe_SilentVole; semi_honest_128; MultType=ExConv7x24; BaseElem=u64; ExtElem=array<u64,M>; x=c; Z0=a; Z1=-b PASS
SILENT_SVOLE_TCP method=SILENT_SVOLE role=sender-client-p1 mode=bench network=tcp-loopback address=127.0.0.1:39346 logN=16 N=65536 m=16 reps=1 requested_N=65536 generated_N=65536 code_size=131440 noise_weight=248 partition_count=248 size_per_partition=530 base_ot_count=2480 base_ot_protocol_invocations=1 base_noisy_vole_count=248 silent_extension_count=1 base_correlation_setup_s=0.647553 silent_extension_s=0.069488 local_output_mapping_s=0.000000 total_s=0.717041 verify_s=0.000000 bytes_sent_by_role=231544 bytes_received_by_role=32585488 harness_metadata_bytes=0 verification_opening_bytes=0 clean_protocol_bytes_by_role=231544 direct_payload_bytes=0 silent_base_ot_bytes=79360 silent_base_noisy_vole_bytes=32896 silent_extension_payload_bytes=198648 framing_bytes=0 notes=tcp_two_process; libOTe_SilentVole; semi_honest_128; MultType=ExConv7x24; BaseElem=u64; ExtElem=array<u64,M>; x=c; Z0=a; Z1=-b PASS
[server_exit=0 client_exit=0]

$ taskset -c 0 /home/cyy/pcg-experiments/mVOLE-local-silent-bench/build-final/main --RMVOLE_NET_BENCH silent-server 0.0.0.0 39347 16 16 1 bench &
$ taskset -c 2 /home/cyy/pcg-experiments/mVOLE-local-silent-bench/build-final/main --RMVOLE_NET_BENCH silent-client 127.0.0.1 39347 16 16 1 bench
SILENT_SVOLE_TCP method=SILENT_SVOLE role=receiver-server-p0 mode=bench network=tcp-loopback address=0.0.0.0:39347 logN=16 N=65536 m=16 reps=1 requested_N=65536 generated_N=65536 code_size=131440 noise_weight=248 partition_count=248 size_per_partition=530 base_ot_count=2480 base_ot_protocol_invocations=1 base_noisy_vole_count=248 silent_extension_count=1 base_correlation_setup_s=0.577367 silent_extension_s=0.176357 local_output_mapping_s=0.000000 total_s=0.753724 verify_s=0.000000 bytes_sent_by_role=32585488 bytes_received_by_role=231544 harness_metadata_bytes=128 verification_opening_bytes=0 clean_protocol_bytes_by_role=32585360 direct_payload_bytes=0 silent_base_ot_bytes=79360 silent_base_noisy_vole_bytes=79624 silent_extension_payload_bytes=32505864 framing_bytes=0 notes=tcp_two_process; libOTe_SilentVole; semi_honest_128; MultType=ExConv7x24; BaseElem=u64; ExtElem=array<u64,M>; x=c; Z0=a; Z1=-b PASS
SILENT_SVOLE_TCP method=SILENT_SVOLE role=sender-client-p1 mode=bench network=tcp-loopback address=127.0.0.1:39347 logN=16 N=65536 m=16 reps=1 requested_N=65536 generated_N=65536 code_size=131440 noise_weight=248 partition_count=248 size_per_partition=530 base_ot_count=2480 base_ot_protocol_invocations=1 base_noisy_vole_count=248 silent_extension_count=1 base_correlation_setup_s=0.650928 silent_extension_s=0.070469 local_output_mapping_s=0.000000 total_s=0.721397 verify_s=0.000000 bytes_sent_by_role=231544 bytes_received_by_role=32585488 harness_metadata_bytes=0 verification_opening_bytes=0 clean_protocol_bytes_by_role=231544 direct_payload_bytes=0 silent_base_ot_bytes=79360 silent_base_noisy_vole_bytes=32896 silent_extension_payload_bytes=198648 framing_bytes=0 notes=tcp_two_process; libOTe_SilentVole; semi_honest_128; MultType=ExConv7x24; BaseElem=u64; ExtElem=array<u64,M>; x=c; Z0=a; Z1=-b PASS
[server_exit=0 client_exit=0]

$ taskset -c 0 /home/cyy/pcg-experiments/mVOLE-local-silent-bench/build-final/main --RMVOLE_NET_BENCH silent-server 0.0.0.0 39348 16 16 1 bench &
$ taskset -c 2 /home/cyy/pcg-experiments/mVOLE-local-silent-bench/build-final/main --RMVOLE_NET_BENCH silent-client 127.0.0.1 39348 16 16 1 bench
SILENT_SVOLE_TCP method=SILENT_SVOLE role=receiver-server-p0 mode=bench network=tcp-loopback address=0.0.0.0:39348 logN=16 N=65536 m=16 reps=1 requested_N=65536 generated_N=65536 code_size=131440 noise_weight=248 partition_count=248 size_per_partition=530 base_ot_count=2480 base_ot_protocol_invocations=1 base_noisy_vole_count=248 silent_extension_count=1 base_correlation_setup_s=0.577400 silent_extension_s=0.181373 local_output_mapping_s=0.000000 total_s=0.758772 verify_s=0.000000 bytes_sent_by_role=32585488 bytes_received_by_role=231544 harness_metadata_bytes=128 verification_opening_bytes=0 clean_protocol_bytes_by_role=32585360 direct_payload_bytes=0 silent_base_ot_bytes=79360 silent_base_noisy_vole_bytes=79624 silent_extension_payload_bytes=32505864 framing_bytes=0 notes=tcp_two_process; libOTe_SilentVole; semi_honest_128; MultType=ExConv7x24; BaseElem=u64; ExtElem=array<u64,M>; x=c; Z0=a; Z1=-b PASS
SILENT_SVOLE_TCP method=SILENT_SVOLE role=sender-client-p1 mode=bench network=tcp-loopback address=127.0.0.1:39348 logN=16 N=65536 m=16 reps=1 requested_N=65536 generated_N=65536 code_size=131440 noise_weight=248 partition_count=248 size_per_partition=530 base_ot_count=2480 base_ot_protocol_invocations=1 base_noisy_vole_count=248 silent_extension_count=1 base_correlation_setup_s=0.649219 silent_extension_s=0.070178 local_output_mapping_s=0.000000 total_s=0.719396 verify_s=0.000000 bytes_sent_by_role=231544 bytes_received_by_role=32585488 harness_metadata_bytes=0 verification_opening_bytes=0 clean_protocol_bytes_by_role=231544 direct_payload_bytes=0 silent_base_ot_bytes=79360 silent_base_noisy_vole_bytes=32896 silent_extension_payload_bytes=198648 framing_bytes=0 notes=tcp_two_process; libOTe_SilentVole; semi_honest_128; MultType=ExConv7x24; BaseElem=u64; ExtElem=array<u64,M>; x=c; Z0=a; Z1=-b PASS
[server_exit=0 client_exit=0]

$ taskset -c 0 /home/cyy/pcg-experiments/mVOLE-local-silent-bench/build-final/main --RMVOLE_NET_BENCH silent-server 0.0.0.0 39349 16 16 1 bench &
$ taskset -c 2 /home/cyy/pcg-experiments/mVOLE-local-silent-bench/build-final/main --RMVOLE_NET_BENCH silent-client 127.0.0.1 39349 16 16 1 bench
SILENT_SVOLE_TCP method=SILENT_SVOLE role=receiver-server-p0 mode=bench network=tcp-loopback address=0.0.0.0:39349 logN=16 N=65536 m=16 reps=1 requested_N=65536 generated_N=65536 code_size=131440 noise_weight=248 partition_count=248 size_per_partition=530 base_ot_count=2480 base_ot_protocol_invocations=1 base_noisy_vole_count=248 silent_extension_count=1 base_correlation_setup_s=0.576698 silent_extension_s=0.176604 local_output_mapping_s=0.000000 total_s=0.753302 verify_s=0.000000 bytes_sent_by_role=32585488 bytes_received_by_role=231544 harness_metadata_bytes=128 verification_opening_bytes=0 clean_protocol_bytes_by_role=32585360 direct_payload_bytes=0 silent_base_ot_bytes=79360 silent_base_noisy_vole_bytes=79624 silent_extension_payload_bytes=32505864 framing_bytes=0 notes=tcp_two_process; libOTe_SilentVole; semi_honest_128; MultType=ExConv7x24; BaseElem=u64; ExtElem=array<u64,M>; x=c; Z0=a; Z1=-b PASS
SILENT_SVOLE_TCP method=SILENT_SVOLE role=sender-client-p1 mode=bench network=tcp-loopback address=127.0.0.1:39349 logN=16 N=65536 m=16 reps=1 requested_N=65536 generated_N=65536 code_size=131440 noise_weight=248 partition_count=248 size_per_partition=530 base_ot_count=2480 base_ot_protocol_invocations=1 base_noisy_vole_count=248 silent_extension_count=1 base_correlation_setup_s=0.647622 silent_extension_s=0.068986 local_output_mapping_s=0.000000 total_s=0.716608 verify_s=0.000000 bytes_sent_by_role=231544 bytes_received_by_role=32585488 harness_metadata_bytes=0 verification_opening_bytes=0 clean_protocol_bytes_by_role=231544 direct_payload_bytes=0 silent_base_ot_bytes=79360 silent_base_noisy_vole_bytes=32896 silent_extension_payload_bytes=198648 framing_bytes=0 notes=tcp_two_process; libOTe_SilentVole; semi_honest_128; MultType=ExConv7x24; BaseElem=u64; ExtElem=array<u64,M>; x=c; Z0=a; Z1=-b PASS
[server_exit=0 client_exit=0]

$ taskset -c 0 /home/cyy/pcg-experiments/mVOLE-local-silent-bench/build-final/main --RMVOLE_NET_BENCH silent-server 0.0.0.0 39350 16 16 1 bench &
$ taskset -c 2 /home/cyy/pcg-experiments/mVOLE-local-silent-bench/build-final/main --RMVOLE_NET_BENCH silent-client 127.0.0.1 39350 16 16 1 bench
SILENT_SVOLE_TCP method=SILENT_SVOLE role=receiver-server-p0 mode=bench network=tcp-loopback address=0.0.0.0:39350 logN=16 N=65536 m=16 reps=1 requested_N=65536 generated_N=65536 code_size=131440 noise_weight=248 partition_count=248 size_per_partition=530 base_ot_count=2480 base_ot_protocol_invocations=1 base_noisy_vole_count=248 silent_extension_count=1 base_correlation_setup_s=0.576119 silent_extension_s=0.174591 local_output_mapping_s=0.000000 total_s=0.750709 verify_s=0.000000 bytes_sent_by_role=32585488 bytes_received_by_role=231544 harness_metadata_bytes=128 verification_opening_bytes=0 clean_protocol_bytes_by_role=32585360 direct_payload_bytes=0 silent_base_ot_bytes=79360 silent_base_noisy_vole_bytes=79624 silent_extension_payload_bytes=32505864 framing_bytes=0 notes=tcp_two_process; libOTe_SilentVole; semi_honest_128; MultType=ExConv7x24; BaseElem=u64; ExtElem=array<u64,M>; x=c; Z0=a; Z1=-b PASS
SILENT_SVOLE_TCP method=SILENT_SVOLE role=sender-client-p1 mode=bench network=tcp-loopback address=127.0.0.1:39350 logN=16 N=65536 m=16 reps=1 requested_N=65536 generated_N=65536 code_size=131440 noise_weight=248 partition_count=248 size_per_partition=530 base_ot_count=2480 base_ot_protocol_invocations=1 base_noisy_vole_count=248 silent_extension_count=1 base_correlation_setup_s=0.646647 silent_extension_s=0.069042 local_output_mapping_s=0.000000 total_s=0.715688 verify_s=0.000000 bytes_sent_by_role=231544 bytes_received_by_role=32585488 harness_metadata_bytes=0 verification_opening_bytes=0 clean_protocol_bytes_by_role=231544 direct_payload_bytes=0 silent_base_ot_bytes=79360 silent_base_noisy_vole_bytes=32896 silent_extension_payload_bytes=198648 framing_bytes=0 notes=tcp_two_process; libOTe_SilentVole; semi_honest_128; MultType=ExConv7x24; BaseElem=u64; ExtElem=array<u64,M>; x=c; Z0=a; Z1=-b PASS
[server_exit=0 client_exit=0]

$ taskset -c 0 /home/cyy/pcg-experiments/mVOLE-local-silent-bench/build-final/main --RMVOLE_NET_BENCH silent-server 0.0.0.0 39351 16 16 1 bench &
$ taskset -c 2 /home/cyy/pcg-experiments/mVOLE-local-silent-bench/build-final/main --RMVOLE_NET_BENCH silent-client 127.0.0.1 39351 16 16 1 bench
SILENT_SVOLE_TCP method=SILENT_SVOLE role=receiver-server-p0 mode=bench network=tcp-loopback address=0.0.0.0:39351 logN=16 N=65536 m=16 reps=1 requested_N=65536 generated_N=65536 code_size=131440 noise_weight=248 partition_count=248 size_per_partition=530 base_ot_count=2480 base_ot_protocol_invocations=1 base_noisy_vole_count=248 silent_extension_count=1 base_correlation_setup_s=0.575881 silent_extension_s=0.177072 local_output_mapping_s=0.000000 total_s=0.752952 verify_s=0.000000 bytes_sent_by_role=32585488 bytes_received_by_role=231544 harness_metadata_bytes=128 verification_opening_bytes=0 clean_protocol_bytes_by_role=32585360 direct_payload_bytes=0 silent_base_ot_bytes=79360 silent_base_noisy_vole_bytes=79624 silent_extension_payload_bytes=32505864 framing_bytes=0 notes=tcp_two_process; libOTe_SilentVole; semi_honest_128; MultType=ExConv7x24; BaseElem=u64; ExtElem=array<u64,M>; x=c; Z0=a; Z1=-b PASS
SILENT_SVOLE_TCP method=SILENT_SVOLE role=sender-client-p1 mode=bench network=tcp-loopback address=127.0.0.1:39351 logN=16 N=65536 m=16 reps=1 requested_N=65536 generated_N=65536 code_size=131440 noise_weight=248 partition_count=248 size_per_partition=530 base_ot_count=2480 base_ot_protocol_invocations=1 base_noisy_vole_count=248 silent_extension_count=1 base_correlation_setup_s=0.648026 silent_extension_s=0.069641 local_output_mapping_s=0.000000 total_s=0.717668 verify_s=0.000000 bytes_sent_by_role=231544 bytes_received_by_role=32585488 harness_metadata_bytes=0 verification_opening_bytes=0 clean_protocol_bytes_by_role=231544 direct_payload_bytes=0 silent_base_ot_bytes=79360 silent_base_noisy_vole_bytes=32896 silent_extension_payload_bytes=198648 framing_bytes=0 notes=tcp_two_process; libOTe_SilentVole; semi_honest_128; MultType=ExConv7x24; BaseElem=u64; ExtElem=array<u64,M>; x=c; Z0=a; Z1=-b PASS
[server_exit=0 client_exit=0]

$ taskset -c 0 /home/cyy/pcg-experiments/mVOLE-local-silent-bench/build-final/main --RMVOLE_NET_BENCH silent-server 0.0.0.0 39352 16 16 1 bench &
$ taskset -c 2 /home/cyy/pcg-experiments/mVOLE-local-silent-bench/build-final/main --RMVOLE_NET_BENCH silent-client 127.0.0.1 39352 16 16 1 bench
SILENT_SVOLE_TCP method=SILENT_SVOLE role=receiver-server-p0 mode=bench network=tcp-loopback address=0.0.0.0:39352 logN=16 N=65536 m=16 reps=1 requested_N=65536 generated_N=65536 code_size=131440 noise_weight=248 partition_count=248 size_per_partition=530 base_ot_count=2480 base_ot_protocol_invocations=1 base_noisy_vole_count=248 silent_extension_count=1 base_correlation_setup_s=0.577312 silent_extension_s=0.175175 local_output_mapping_s=0.000000 total_s=0.752488 verify_s=0.000000 bytes_sent_by_role=32585488 bytes_received_by_role=231544 harness_metadata_bytes=128 verification_opening_bytes=0 clean_protocol_bytes_by_role=32585360 direct_payload_bytes=0 silent_base_ot_bytes=79360 silent_base_noisy_vole_bytes=79624 silent_extension_payload_bytes=32505864 framing_bytes=0 notes=tcp_two_process; libOTe_SilentVole; semi_honest_128; MultType=ExConv7x24; BaseElem=u64; ExtElem=array<u64,M>; x=c; Z0=a; Z1=-b PASS
SILENT_SVOLE_TCP method=SILENT_SVOLE role=sender-client-p1 mode=bench network=tcp-loopback address=127.0.0.1:39352 logN=16 N=65536 m=16 reps=1 requested_N=65536 generated_N=65536 code_size=131440 noise_weight=248 partition_count=248 size_per_partition=530 base_ot_count=2480 base_ot_protocol_invocations=1 base_noisy_vole_count=248 silent_extension_count=1 base_correlation_setup_s=0.649183 silent_extension_s=0.068643 local_output_mapping_s=0.000000 total_s=0.717827 verify_s=0.000000 bytes_sent_by_role=231544 bytes_received_by_role=32585488 harness_metadata_bytes=0 verification_opening_bytes=0 clean_protocol_bytes_by_role=231544 direct_payload_bytes=0 silent_base_ot_bytes=79360 silent_base_noisy_vole_bytes=32896 silent_extension_payload_bytes=198648 framing_bytes=0 notes=tcp_two_process; libOTe_SilentVole; semi_honest_128; MultType=ExConv7x24; BaseElem=u64; ExtElem=array<u64,M>; x=c; Z0=a; Z1=-b PASS
[server_exit=0 client_exit=0]

$ taskset -c 0 /home/cyy/pcg-experiments/mVOLE-local-silent-bench/build-final/main --RMVOLE_NET_BENCH silent-server 0.0.0.0 39353 16 32 1 verify &
$ taskset -c 2 /home/cyy/pcg-experiments/mVOLE-local-silent-bench/build-final/main --RMVOLE_NET_BENCH silent-client 127.0.0.1 39353 16 32 1 verify
SILENT_SVOLE_TCP method=SILENT_SVOLE role=receiver-server-p0 mode=verify network=tcp-loopback address=0.0.0.0:39353 logN=16 N=65536 m=32 reps=1 requested_N=65536 generated_N=65536 code_size=131440 noise_weight=248 partition_count=248 size_per_partition=530 base_ot_count=2480 base_ot_protocol_invocations=1 base_noisy_vole_count=248 silent_extension_count=1 base_correlation_setup_s=0.934963 silent_extension_s=0.330544 local_output_mapping_s=0.000000 total_s=1.265507 verify_s=0.034480 bytes_sent_by_role=130103184 bytes_received_by_role=17168512 harness_metadata_bytes=256 verification_opening_bytes=16777216 clean_protocol_bytes_by_role=113325712 direct_payload_bytes=0 silent_base_ot_bytes=79360 silent_base_noisy_vole_bytes=79752 silent_extension_payload_bytes=130023432 framing_bytes=0 notes=tcp_two_process; libOTe_SilentVole; semi_honest_128; MultType=ExConv7x24; BaseElem=u64; ExtElem=array<u64,M>; x=c; Z0=a; Z1=-b PASS
SILENT_SVOLE_TCP method=SILENT_SVOLE role=sender-client-p1 mode=verify network=tcp-loopback address=127.0.0.1:39353 logN=16 N=65536 m=32 reps=1 requested_N=65536 generated_N=65536 code_size=131440 noise_weight=248 partition_count=248 size_per_partition=530 base_ot_count=2480 base_ot_protocol_invocations=1 base_noisy_vole_count=248 silent_extension_count=1 base_correlation_setup_s=1.146907 silent_extension_s=0.083492 local_output_mapping_s=0.000000 total_s=1.230399 verify_s=0.024324 bytes_sent_by_role=17168512 bytes_received_by_role=130103184 harness_metadata_bytes=0 verification_opening_bytes=16777216 clean_protocol_bytes_by_role=391296 direct_payload_bytes=0 silent_base_ot_bytes=79360 silent_base_noisy_vole_bytes=65664 silent_extension_payload_bytes=325624 framing_bytes=8 notes=tcp_two_process; libOTe_SilentVole; semi_honest_128; MultType=ExConv7x24; BaseElem=u64; ExtElem=array<u64,M>; x=c; Z0=a; Z1=-b PASS
[server_exit=0 client_exit=0]

$ taskset -c 0 /home/cyy/pcg-experiments/mVOLE-local-silent-bench/build-final/main --RMVOLE_NET_BENCH silent-server 0.0.0.0 39354 16 32 1 bench &
$ taskset -c 2 /home/cyy/pcg-experiments/mVOLE-local-silent-bench/build-final/main --RMVOLE_NET_BENCH silent-client 127.0.0.1 39354 16 32 1 bench
SILENT_SVOLE_TCP method=SILENT_SVOLE role=receiver-server-p0 mode=bench network=tcp-loopback address=0.0.0.0:39354 logN=16 N=65536 m=32 reps=1 requested_N=65536 generated_N=65536 code_size=131440 noise_weight=248 partition_count=248 size_per_partition=530 base_ot_count=2480 base_ot_protocol_invocations=1 base_noisy_vole_count=248 silent_extension_count=1 base_correlation_setup_s=0.934928 silent_extension_s=0.328837 local_output_mapping_s=0.000000 total_s=1.263765 verify_s=0.000000 bytes_sent_by_role=130103184 bytes_received_by_role=391288 harness_metadata_bytes=256 verification_opening_bytes=0 clean_protocol_bytes_by_role=130102928 direct_payload_bytes=0 silent_base_ot_bytes=79360 silent_base_noisy_vole_bytes=79752 silent_extension_payload_bytes=130023432 framing_bytes=0 notes=tcp_two_process; libOTe_SilentVole; semi_honest_128; MultType=ExConv7x24; BaseElem=u64; ExtElem=array<u64,M>; x=c; Z0=a; Z1=-b PASS
SILENT_SVOLE_TCP method=SILENT_SVOLE role=sender-client-p1 mode=bench network=tcp-loopback address=127.0.0.1:39354 logN=16 N=65536 m=32 reps=1 requested_N=65536 generated_N=65536 code_size=131440 noise_weight=248 partition_count=248 size_per_partition=530 base_ot_count=2480 base_ot_protocol_invocations=1 base_noisy_vole_count=248 silent_extension_count=1 base_correlation_setup_s=1.141950 silent_extension_s=0.082363 local_output_mapping_s=0.000000 total_s=1.224314 verify_s=0.000000 bytes_sent_by_role=391288 bytes_received_by_role=130103184 harness_metadata_bytes=0 verification_opening_bytes=0 clean_protocol_bytes_by_role=391288 direct_payload_bytes=0 silent_base_ot_bytes=79360 silent_base_noisy_vole_bytes=65664 silent_extension_payload_bytes=325624 framing_bytes=0 notes=tcp_two_process; libOTe_SilentVole; semi_honest_128; MultType=ExConv7x24; BaseElem=u64; ExtElem=array<u64,M>; x=c; Z0=a; Z1=-b PASS
[server_exit=0 client_exit=0]

$ taskset -c 0 /home/cyy/pcg-experiments/mVOLE-local-silent-bench/build-final/main --RMVOLE_NET_BENCH silent-server 0.0.0.0 39355 16 32 1 bench &
$ taskset -c 2 /home/cyy/pcg-experiments/mVOLE-local-silent-bench/build-final/main --RMVOLE_NET_BENCH silent-client 127.0.0.1 39355 16 32 1 bench
SILENT_SVOLE_TCP method=SILENT_SVOLE role=receiver-server-p0 mode=bench network=tcp-loopback address=0.0.0.0:39355 logN=16 N=65536 m=32 reps=1 requested_N=65536 generated_N=65536 code_size=131440 noise_weight=248 partition_count=248 size_per_partition=530 base_ot_count=2480 base_ot_protocol_invocations=1 base_noisy_vole_count=248 silent_extension_count=1 base_correlation_setup_s=0.936729 silent_extension_s=0.329370 local_output_mapping_s=0.000000 total_s=1.266099 verify_s=0.000000 bytes_sent_by_role=130103184 bytes_received_by_role=391288 harness_metadata_bytes=256 verification_opening_bytes=0 clean_protocol_bytes_by_role=130102928 direct_payload_bytes=0 silent_base_ot_bytes=79360 silent_base_noisy_vole_bytes=79752 silent_extension_payload_bytes=130023432 framing_bytes=0 notes=tcp_two_process; libOTe_SilentVole; semi_honest_128; MultType=ExConv7x24; BaseElem=u64; ExtElem=array<u64,M>; x=c; Z0=a; Z1=-b PASS
SILENT_SVOLE_TCP method=SILENT_SVOLE role=sender-client-p1 mode=bench network=tcp-loopback address=127.0.0.1:39355 logN=16 N=65536 m=32 reps=1 requested_N=65536 generated_N=65536 code_size=131440 noise_weight=248 partition_count=248 size_per_partition=530 base_ot_count=2480 base_ot_protocol_invocations=1 base_noisy_vole_count=248 silent_extension_count=1 base_correlation_setup_s=1.147279 silent_extension_s=0.083424 local_output_mapping_s=0.000000 total_s=1.230703 verify_s=0.000000 bytes_sent_by_role=391288 bytes_received_by_role=130103184 harness_metadata_bytes=0 verification_opening_bytes=0 clean_protocol_bytes_by_role=391288 direct_payload_bytes=0 silent_base_ot_bytes=79360 silent_base_noisy_vole_bytes=65664 silent_extension_payload_bytes=325624 framing_bytes=0 notes=tcp_two_process; libOTe_SilentVole; semi_honest_128; MultType=ExConv7x24; BaseElem=u64; ExtElem=array<u64,M>; x=c; Z0=a; Z1=-b PASS
[server_exit=0 client_exit=0]

$ taskset -c 0 /home/cyy/pcg-experiments/mVOLE-local-silent-bench/build-final/main --RMVOLE_NET_BENCH silent-server 0.0.0.0 39356 16 32 1 bench &
$ taskset -c 2 /home/cyy/pcg-experiments/mVOLE-local-silent-bench/build-final/main --RMVOLE_NET_BENCH silent-client 127.0.0.1 39356 16 32 1 bench
SILENT_SVOLE_TCP method=SILENT_SVOLE role=receiver-server-p0 mode=bench network=tcp-loopback address=0.0.0.0:39356 logN=16 N=65536 m=32 reps=1 requested_N=65536 generated_N=65536 code_size=131440 noise_weight=248 partition_count=248 size_per_partition=530 base_ot_count=2480 base_ot_protocol_invocations=1 base_noisy_vole_count=248 silent_extension_count=1 base_correlation_setup_s=0.937455 silent_extension_s=0.332141 local_output_mapping_s=0.000000 total_s=1.269596 verify_s=0.000000 bytes_sent_by_role=130103184 bytes_received_by_role=391288 harness_metadata_bytes=256 verification_opening_bytes=0 clean_protocol_bytes_by_role=130102928 direct_payload_bytes=0 silent_base_ot_bytes=79360 silent_base_noisy_vole_bytes=79752 silent_extension_payload_bytes=130023432 framing_bytes=0 notes=tcp_two_process; libOTe_SilentVole; semi_honest_128; MultType=ExConv7x24; BaseElem=u64; ExtElem=array<u64,M>; x=c; Z0=a; Z1=-b PASS
SILENT_SVOLE_TCP method=SILENT_SVOLE role=sender-client-p1 mode=bench network=tcp-loopback address=127.0.0.1:39356 logN=16 N=65536 m=32 reps=1 requested_N=65536 generated_N=65536 code_size=131440 noise_weight=248 partition_count=248 size_per_partition=530 base_ot_count=2480 base_ot_protocol_invocations=1 base_noisy_vole_count=248 silent_extension_count=1 base_correlation_setup_s=1.150641 silent_extension_s=0.082596 local_output_mapping_s=0.000000 total_s=1.233237 verify_s=0.000000 bytes_sent_by_role=391288 bytes_received_by_role=130103184 harness_metadata_bytes=0 verification_opening_bytes=0 clean_protocol_bytes_by_role=391288 direct_payload_bytes=0 silent_base_ot_bytes=79360 silent_base_noisy_vole_bytes=65664 silent_extension_payload_bytes=325624 framing_bytes=0 notes=tcp_two_process; libOTe_SilentVole; semi_honest_128; MultType=ExConv7x24; BaseElem=u64; ExtElem=array<u64,M>; x=c; Z0=a; Z1=-b PASS
[server_exit=0 client_exit=0]

$ taskset -c 0 /home/cyy/pcg-experiments/mVOLE-local-silent-bench/build-final/main --RMVOLE_NET_BENCH silent-server 0.0.0.0 39357 16 32 1 bench &
$ taskset -c 2 /home/cyy/pcg-experiments/mVOLE-local-silent-bench/build-final/main --RMVOLE_NET_BENCH silent-client 127.0.0.1 39357 16 32 1 bench
SILENT_SVOLE_TCP method=SILENT_SVOLE role=receiver-server-p0 mode=bench network=tcp-loopback address=0.0.0.0:39357 logN=16 N=65536 m=32 reps=1 requested_N=65536 generated_N=65536 code_size=131440 noise_weight=248 partition_count=248 size_per_partition=530 base_ot_count=2480 base_ot_protocol_invocations=1 base_noisy_vole_count=248 silent_extension_count=1 base_correlation_setup_s=0.937186 silent_extension_s=0.336203 local_output_mapping_s=0.000000 total_s=1.273389 verify_s=0.000000 bytes_sent_by_role=130103184 bytes_received_by_role=391288 harness_metadata_bytes=256 verification_opening_bytes=0 clean_protocol_bytes_by_role=130102928 direct_payload_bytes=0 silent_base_ot_bytes=79360 silent_base_noisy_vole_bytes=79752 silent_extension_payload_bytes=130023432 framing_bytes=0 notes=tcp_two_process; libOTe_SilentVole; semi_honest_128; MultType=ExConv7x24; BaseElem=u64; ExtElem=array<u64,M>; x=c; Z0=a; Z1=-b PASS
SILENT_SVOLE_TCP method=SILENT_SVOLE role=sender-client-p1 mode=bench network=tcp-loopback address=127.0.0.1:39357 logN=16 N=65536 m=32 reps=1 requested_N=65536 generated_N=65536 code_size=131440 noise_weight=248 partition_count=248 size_per_partition=530 base_ot_count=2480 base_ot_protocol_invocations=1 base_noisy_vole_count=248 silent_extension_count=1 base_correlation_setup_s=1.149914 silent_extension_s=0.084821 local_output_mapping_s=0.000000 total_s=1.234736 verify_s=0.000000 bytes_sent_by_role=391288 bytes_received_by_role=130103184 harness_metadata_bytes=0 verification_opening_bytes=0 clean_protocol_bytes_by_role=391288 direct_payload_bytes=0 silent_base_ot_bytes=79360 silent_base_noisy_vole_bytes=65664 silent_extension_payload_bytes=325624 framing_bytes=0 notes=tcp_two_process; libOTe_SilentVole; semi_honest_128; MultType=ExConv7x24; BaseElem=u64; ExtElem=array<u64,M>; x=c; Z0=a; Z1=-b PASS
[server_exit=0 client_exit=0]

$ taskset -c 0 /home/cyy/pcg-experiments/mVOLE-local-silent-bench/build-final/main --RMVOLE_NET_BENCH silent-server 0.0.0.0 39358 16 32 1 bench &
$ taskset -c 2 /home/cyy/pcg-experiments/mVOLE-local-silent-bench/build-final/main --RMVOLE_NET_BENCH silent-client 127.0.0.1 39358 16 32 1 bench
SILENT_SVOLE_TCP method=SILENT_SVOLE role=receiver-server-p0 mode=bench network=tcp-loopback address=0.0.0.0:39358 logN=16 N=65536 m=32 reps=1 requested_N=65536 generated_N=65536 code_size=131440 noise_weight=248 partition_count=248 size_per_partition=530 base_ot_count=2480 base_ot_protocol_invocations=1 base_noisy_vole_count=248 silent_extension_count=1 base_correlation_setup_s=0.936095 silent_extension_s=0.332626 local_output_mapping_s=0.000000 total_s=1.268721 verify_s=0.000000 bytes_sent_by_role=130103184 bytes_received_by_role=391288 harness_metadata_bytes=256 verification_opening_bytes=0 clean_protocol_bytes_by_role=130102928 direct_payload_bytes=0 silent_base_ot_bytes=79360 silent_base_noisy_vole_bytes=79752 silent_extension_payload_bytes=130023432 framing_bytes=0 notes=tcp_two_process; libOTe_SilentVole; semi_honest_128; MultType=ExConv7x24; BaseElem=u64; ExtElem=array<u64,M>; x=c; Z0=a; Z1=-b PASS
SILENT_SVOLE_TCP method=SILENT_SVOLE role=sender-client-p1 mode=bench network=tcp-loopback address=127.0.0.1:39358 logN=16 N=65536 m=32 reps=1 requested_N=65536 generated_N=65536 code_size=131440 noise_weight=248 partition_count=248 size_per_partition=530 base_ot_count=2480 base_ot_protocol_invocations=1 base_noisy_vole_count=248 silent_extension_count=1 base_correlation_setup_s=1.150172 silent_extension_s=0.083224 local_output_mapping_s=0.000000 total_s=1.233397 verify_s=0.000000 bytes_sent_by_role=391288 bytes_received_by_role=130103184 harness_metadata_bytes=0 verification_opening_bytes=0 clean_protocol_bytes_by_role=391288 direct_payload_bytes=0 silent_base_ot_bytes=79360 silent_base_noisy_vole_bytes=65664 silent_extension_payload_bytes=325624 framing_bytes=0 notes=tcp_two_process; libOTe_SilentVole; semi_honest_128; MultType=ExConv7x24; BaseElem=u64; ExtElem=array<u64,M>; x=c; Z0=a; Z1=-b PASS
[server_exit=0 client_exit=0]

$ taskset -c 0 /home/cyy/pcg-experiments/mVOLE-local-silent-bench/build-final/main --RMVOLE_NET_BENCH silent-server 0.0.0.0 39359 16 32 1 bench &
$ taskset -c 2 /home/cyy/pcg-experiments/mVOLE-local-silent-bench/build-final/main --RMVOLE_NET_BENCH silent-client 127.0.0.1 39359 16 32 1 bench
SILENT_SVOLE_TCP method=SILENT_SVOLE role=receiver-server-p0 mode=bench network=tcp-loopback address=0.0.0.0:39359 logN=16 N=65536 m=32 reps=1 requested_N=65536 generated_N=65536 code_size=131440 noise_weight=248 partition_count=248 size_per_partition=530 base_ot_count=2480 base_ot_protocol_invocations=1 base_noisy_vole_count=248 silent_extension_count=1 base_correlation_setup_s=0.934075 silent_extension_s=0.332080 local_output_mapping_s=0.000000 total_s=1.266155 verify_s=0.000000 bytes_sent_by_role=130103184 bytes_received_by_role=391288 harness_metadata_bytes=256 verification_opening_bytes=0 clean_protocol_bytes_by_role=130102928 direct_payload_bytes=0 silent_base_ot_bytes=79360 silent_base_noisy_vole_bytes=79752 silent_extension_payload_bytes=130023432 framing_bytes=0 notes=tcp_two_process; libOTe_SilentVole; semi_honest_128; MultType=ExConv7x24; BaseElem=u64; ExtElem=array<u64,M>; x=c; Z0=a; Z1=-b PASS
SILENT_SVOLE_TCP method=SILENT_SVOLE role=sender-client-p1 mode=bench network=tcp-loopback address=127.0.0.1:39359 logN=16 N=65536 m=32 reps=1 requested_N=65536 generated_N=65536 code_size=131440 noise_weight=248 partition_count=248 size_per_partition=530 base_ot_count=2480 base_ot_protocol_invocations=1 base_noisy_vole_count=248 silent_extension_count=1 base_correlation_setup_s=1.146009 silent_extension_s=0.084419 local_output_mapping_s=0.000000 total_s=1.230428 verify_s=0.000000 bytes_sent_by_role=391288 bytes_received_by_role=130103184 harness_metadata_bytes=0 verification_opening_bytes=0 clean_protocol_bytes_by_role=391288 direct_payload_bytes=0 silent_base_ot_bytes=79360 silent_base_noisy_vole_bytes=65664 silent_extension_payload_bytes=325624 framing_bytes=0 notes=tcp_two_process; libOTe_SilentVole; semi_honest_128; MultType=ExConv7x24; BaseElem=u64; ExtElem=array<u64,M>; x=c; Z0=a; Z1=-b PASS
[server_exit=0 client_exit=0]

$ taskset -c 0 /home/cyy/pcg-experiments/mVOLE-local-silent-bench/build-final/main --RMVOLE_NET_BENCH silent-server 0.0.0.0 39360 16 32 1 bench &
$ taskset -c 2 /home/cyy/pcg-experiments/mVOLE-local-silent-bench/build-final/main --RMVOLE_NET_BENCH silent-client 127.0.0.1 39360 16 32 1 bench
SILENT_SVOLE_TCP method=SILENT_SVOLE role=receiver-server-p0 mode=bench network=tcp-loopback address=0.0.0.0:39360 logN=16 N=65536 m=32 reps=1 requested_N=65536 generated_N=65536 code_size=131440 noise_weight=248 partition_count=248 size_per_partition=530 base_ot_count=2480 base_ot_protocol_invocations=1 base_noisy_vole_count=248 silent_extension_count=1 base_correlation_setup_s=0.934284 silent_extension_s=0.333690 local_output_mapping_s=0.000000 total_s=1.267973 verify_s=0.000000 bytes_sent_by_role=130103184 bytes_received_by_role=391288 harness_metadata_bytes=256 verification_opening_bytes=0 clean_protocol_bytes_by_role=130102928 direct_payload_bytes=0 silent_base_ot_bytes=79360 silent_base_noisy_vole_bytes=79752 silent_extension_payload_bytes=130023432 framing_bytes=0 notes=tcp_two_process; libOTe_SilentVole; semi_honest_128; MultType=ExConv7x24; BaseElem=u64; ExtElem=array<u64,M>; x=c; Z0=a; Z1=-b PASS
SILENT_SVOLE_TCP method=SILENT_SVOLE role=sender-client-p1 mode=bench network=tcp-loopback address=127.0.0.1:39360 logN=16 N=65536 m=32 reps=1 requested_N=65536 generated_N=65536 code_size=131440 noise_weight=248 partition_count=248 size_per_partition=530 base_ot_count=2480 base_ot_protocol_invocations=1 base_noisy_vole_count=248 silent_extension_count=1 base_correlation_setup_s=1.143982 silent_extension_s=0.084861 local_output_mapping_s=0.000000 total_s=1.228843 verify_s=0.000000 bytes_sent_by_role=391288 bytes_received_by_role=130103184 harness_metadata_bytes=0 verification_opening_bytes=0 clean_protocol_bytes_by_role=391288 direct_payload_bytes=0 silent_base_ot_bytes=79360 silent_base_noisy_vole_bytes=65664 silent_extension_payload_bytes=325624 framing_bytes=0 notes=tcp_two_process; libOTe_SilentVole; semi_honest_128; MultType=ExConv7x24; BaseElem=u64; ExtElem=array<u64,M>; x=c; Z0=a; Z1=-b PASS
[server_exit=0 client_exit=0]

$ taskset -c 0 /home/cyy/pcg-experiments/mVOLE-local-silent-bench/build-final/main --RMVOLE_NET_BENCH silent-server 0.0.0.0 39361 16 32 1 bench &
$ taskset -c 2 /home/cyy/pcg-experiments/mVOLE-local-silent-bench/build-final/main --RMVOLE_NET_BENCH silent-client 127.0.0.1 39361 16 32 1 bench
SILENT_SVOLE_TCP method=SILENT_SVOLE role=receiver-server-p0 mode=bench network=tcp-loopback address=0.0.0.0:39361 logN=16 N=65536 m=32 reps=1 requested_N=65536 generated_N=65536 code_size=131440 noise_weight=248 partition_count=248 size_per_partition=530 base_ot_count=2480 base_ot_protocol_invocations=1 base_noisy_vole_count=248 silent_extension_count=1 base_correlation_setup_s=0.934706 silent_extension_s=0.332560 local_output_mapping_s=0.000000 total_s=1.267266 verify_s=0.000000 bytes_sent_by_role=130103184 bytes_received_by_role=391288 harness_metadata_bytes=256 verification_opening_bytes=0 clean_protocol_bytes_by_role=130102928 direct_payload_bytes=0 silent_base_ot_bytes=79360 silent_base_noisy_vole_bytes=79752 silent_extension_payload_bytes=130023432 framing_bytes=0 notes=tcp_two_process; libOTe_SilentVole; semi_honest_128; MultType=ExConv7x24; BaseElem=u64; ExtElem=array<u64,M>; x=c; Z0=a; Z1=-b PASS
SILENT_SVOLE_TCP method=SILENT_SVOLE role=sender-client-p1 mode=bench network=tcp-loopback address=127.0.0.1:39361 logN=16 N=65536 m=32 reps=1 requested_N=65536 generated_N=65536 code_size=131440 noise_weight=248 partition_count=248 size_per_partition=530 base_ot_count=2480 base_ot_protocol_invocations=1 base_noisy_vole_count=248 silent_extension_count=1 base_correlation_setup_s=1.144285 silent_extension_s=0.082166 local_output_mapping_s=0.000000 total_s=1.226451 verify_s=0.000000 bytes_sent_by_role=391288 bytes_received_by_role=130103184 harness_metadata_bytes=0 verification_opening_bytes=0 clean_protocol_bytes_by_role=391288 direct_payload_bytes=0 silent_base_ot_bytes=79360 silent_base_noisy_vole_bytes=65664 silent_extension_payload_bytes=325624 framing_bytes=0 notes=tcp_two_process; libOTe_SilentVole; semi_honest_128; MultType=ExConv7x24; BaseElem=u64; ExtElem=array<u64,M>; x=c; Z0=a; Z1=-b PASS
[server_exit=0 client_exit=0]

$ taskset -c 0 /home/cyy/pcg-experiments/mVOLE-local-silent-bench/build-final/main --RMVOLE_NET_BENCH silent-server 0.0.0.0 39362 16 32 1 bench &
$ taskset -c 2 /home/cyy/pcg-experiments/mVOLE-local-silent-bench/build-final/main --RMVOLE_NET_BENCH silent-client 127.0.0.1 39362 16 32 1 bench
SILENT_SVOLE_TCP method=SILENT_SVOLE role=receiver-server-p0 mode=bench network=tcp-loopback address=0.0.0.0:39362 logN=16 N=65536 m=32 reps=1 requested_N=65536 generated_N=65536 code_size=131440 noise_weight=248 partition_count=248 size_per_partition=530 base_ot_count=2480 base_ot_protocol_invocations=1 base_noisy_vole_count=248 silent_extension_count=1 base_correlation_setup_s=0.935446 silent_extension_s=0.331338 local_output_mapping_s=0.000000 total_s=1.266784 verify_s=0.000000 bytes_sent_by_role=130103184 bytes_received_by_role=391288 harness_metadata_bytes=256 verification_opening_bytes=0 clean_protocol_bytes_by_role=130102928 direct_payload_bytes=0 silent_base_ot_bytes=79360 silent_base_noisy_vole_bytes=79752 silent_extension_payload_bytes=130023432 framing_bytes=0 notes=tcp_two_process; libOTe_SilentVole; semi_honest_128; MultType=ExConv7x24; BaseElem=u64; ExtElem=array<u64,M>; x=c; Z0=a; Z1=-b PASS
SILENT_SVOLE_TCP method=SILENT_SVOLE role=sender-client-p1 mode=bench network=tcp-loopback address=127.0.0.1:39362 logN=16 N=65536 m=32 reps=1 requested_N=65536 generated_N=65536 code_size=131440 noise_weight=248 partition_count=248 size_per_partition=530 base_ot_count=2480 base_ot_protocol_invocations=1 base_noisy_vole_count=248 silent_extension_count=1 base_correlation_setup_s=1.147322 silent_extension_s=0.083302 local_output_mapping_s=0.000000 total_s=1.230625 verify_s=0.000000 bytes_sent_by_role=391288 bytes_received_by_role=130103184 harness_metadata_bytes=0 verification_opening_bytes=0 clean_protocol_bytes_by_role=391288 direct_payload_bytes=0 silent_base_ot_bytes=79360 silent_base_noisy_vole_bytes=65664 silent_extension_payload_bytes=325624 framing_bytes=0 notes=tcp_two_process; libOTe_SilentVole; semi_honest_128; MultType=ExConv7x24; BaseElem=u64; ExtElem=array<u64,M>; x=c; Z0=a; Z1=-b PASS
[server_exit=0 client_exit=0]

$ taskset -c 0 /home/cyy/pcg-experiments/mVOLE-local-silent-bench/build-final/main --RMVOLE_NET_BENCH silent-server 0.0.0.0 39363 16 32 1 bench &
$ taskset -c 2 /home/cyy/pcg-experiments/mVOLE-local-silent-bench/build-final/main --RMVOLE_NET_BENCH silent-client 127.0.0.1 39363 16 32 1 bench
SILENT_SVOLE_TCP method=SILENT_SVOLE role=receiver-server-p0 mode=bench network=tcp-loopback address=0.0.0.0:39363 logN=16 N=65536 m=32 reps=1 requested_N=65536 generated_N=65536 code_size=131440 noise_weight=248 partition_count=248 size_per_partition=530 base_ot_count=2480 base_ot_protocol_invocations=1 base_noisy_vole_count=248 silent_extension_count=1 base_correlation_setup_s=0.935548 silent_extension_s=0.329033 local_output_mapping_s=0.000000 total_s=1.264581 verify_s=0.000000 bytes_sent_by_role=130103184 bytes_received_by_role=391288 harness_metadata_bytes=256 verification_opening_bytes=0 clean_protocol_bytes_by_role=130102928 direct_payload_bytes=0 silent_base_ot_bytes=79360 silent_base_noisy_vole_bytes=79752 silent_extension_payload_bytes=130023432 framing_bytes=0 notes=tcp_two_process; libOTe_SilentVole; semi_honest_128; MultType=ExConv7x24; BaseElem=u64; ExtElem=array<u64,M>; x=c; Z0=a; Z1=-b PASS
SILENT_SVOLE_TCP method=SILENT_SVOLE role=sender-client-p1 mode=bench network=tcp-loopback address=127.0.0.1:39363 logN=16 N=65536 m=32 reps=1 requested_N=65536 generated_N=65536 code_size=131440 noise_weight=248 partition_count=248 size_per_partition=530 base_ot_count=2480 base_ot_protocol_invocations=1 base_noisy_vole_count=248 silent_extension_count=1 base_correlation_setup_s=1.147233 silent_extension_s=0.082437 local_output_mapping_s=0.000000 total_s=1.229670 verify_s=0.000000 bytes_sent_by_role=391288 bytes_received_by_role=130103184 harness_metadata_bytes=0 verification_opening_bytes=0 clean_protocol_bytes_by_role=391288 direct_payload_bytes=0 silent_base_ot_bytes=79360 silent_base_noisy_vole_bytes=65664 silent_extension_payload_bytes=325624 framing_bytes=0 notes=tcp_two_process; libOTe_SilentVole; semi_honest_128; MultType=ExConv7x24; BaseElem=u64; ExtElem=array<u64,M>; x=c; Z0=a; Z1=-b PASS
[server_exit=0 client_exit=0]

$ taskset -c 0 /home/cyy/pcg-experiments/mVOLE-local-silent-bench/build-final/main --RMVOLE_NET_BENCH silent-server 0.0.0.0 39364 16 32 1 bench &
$ taskset -c 2 /home/cyy/pcg-experiments/mVOLE-local-silent-bench/build-final/main --RMVOLE_NET_BENCH silent-client 127.0.0.1 39364 16 32 1 bench
SILENT_SVOLE_TCP method=SILENT_SVOLE role=receiver-server-p0 mode=bench network=tcp-loopback address=0.0.0.0:39364 logN=16 N=65536 m=32 reps=1 requested_N=65536 generated_N=65536 code_size=131440 noise_weight=248 partition_count=248 size_per_partition=530 base_ot_count=2480 base_ot_protocol_invocations=1 base_noisy_vole_count=248 silent_extension_count=1 base_correlation_setup_s=0.935886 silent_extension_s=0.333016 local_output_mapping_s=0.000000 total_s=1.268902 verify_s=0.000000 bytes_sent_by_role=130103184 bytes_received_by_role=391288 harness_metadata_bytes=256 verification_opening_bytes=0 clean_protocol_bytes_by_role=130102928 direct_payload_bytes=0 silent_base_ot_bytes=79360 silent_base_noisy_vole_bytes=79752 silent_extension_payload_bytes=130023432 framing_bytes=0 notes=tcp_two_process; libOTe_SilentVole; semi_honest_128; MultType=ExConv7x24; BaseElem=u64; ExtElem=array<u64,M>; x=c; Z0=a; Z1=-b PASS
SILENT_SVOLE_TCP method=SILENT_SVOLE role=sender-client-p1 mode=bench network=tcp-loopback address=127.0.0.1:39364 logN=16 N=65536 m=32 reps=1 requested_N=65536 generated_N=65536 code_size=131440 noise_weight=248 partition_count=248 size_per_partition=530 base_ot_count=2480 base_ot_protocol_invocations=1 base_noisy_vole_count=248 silent_extension_count=1 base_correlation_setup_s=1.148697 silent_extension_s=0.083666 local_output_mapping_s=0.000000 total_s=1.232363 verify_s=0.000000 bytes_sent_by_role=391288 bytes_received_by_role=130103184 harness_metadata_bytes=0 verification_opening_bytes=0 clean_protocol_bytes_by_role=391288 direct_payload_bytes=0 silent_base_ot_bytes=79360 silent_base_noisy_vole_bytes=65664 silent_extension_payload_bytes=325624 framing_bytes=0 notes=tcp_two_process; libOTe_SilentVole; semi_honest_128; MultType=ExConv7x24; BaseElem=u64; ExtElem=array<u64,M>; x=c; Z0=a; Z1=-b PASS
[server_exit=0 client_exit=0]

$ taskset -c 0 /home/cyy/pcg-experiments/mVOLE-local-silent-bench/build-final/main --RMVOLE_NET_BENCH silent-server 0.0.0.0 39365 18 8 1 verify &
$ taskset -c 2 /home/cyy/pcg-experiments/mVOLE-local-silent-bench/build-final/main --RMVOLE_NET_BENCH silent-client 127.0.0.1 39365 18 8 1 verify
SILENT_SVOLE_TCP method=SILENT_SVOLE role=receiver-server-p0 mode=verify network=tcp-loopback address=0.0.0.0:39365 logN=18 N=262144 m=8 reps=1 requested_N=262144 generated_N=262144 code_size=524768 noise_weight=248 partition_count=248 size_per_partition=2116 base_ot_count=2976 base_ot_protocol_invocations=1 base_noisy_vole_count=248 silent_extension_count=1 base_correlation_setup_s=0.481811 silent_extension_s=0.392516 local_output_mapping_s=0.000000 total_s=0.874327 verify_s=0.069657 bytes_sent_by_role=8221904 bytes_received_by_role=16944768 harness_metadata_bytes=64 verification_opening_bytes=16777216 clean_protocol_bytes_by_role=0 direct_payload_bytes=0 silent_base_ot_bytes=95232 silent_base_noisy_vole_bytes=95432 silent_extension_payload_bytes=8126472 framing_bytes=0 notes=tcp_two_process; libOTe_SilentVole; semi_honest_128; MultType=ExConv7x24; BaseElem=u64; ExtElem=array<u64,M>; x=c; Z0=a; Z1=-b PASS
SILENT_SVOLE_TCP method=SILENT_SVOLE role=sender-client-p1 mode=verify network=tcp-loopback address=127.0.0.1:39365 logN=18 N=262144 m=8 reps=1 requested_N=262144 generated_N=262144 code_size=524768 noise_weight=248 partition_count=248 size_per_partition=2116 base_ot_count=2976 base_ot_protocol_invocations=1 base_noisy_vole_count=248 silent_extension_count=1 base_correlation_setup_s=0.624023 silent_extension_s=0.178058 local_output_mapping_s=0.000000 total_s=0.802081 verify_s=0.023668 bytes_sent_by_role=16944768 bytes_received_by_role=8221904 harness_metadata_bytes=0 verification_opening_bytes=16777216 clean_protocol_bytes_by_role=167552 direct_payload_bytes=0 silent_base_ot_bytes=95232 silent_base_noisy_vole_bytes=16512 silent_extension_payload_bytes=151032 framing_bytes=8 notes=tcp_two_process; libOTe_SilentVole; semi_honest_128; MultType=ExConv7x24; BaseElem=u64; ExtElem=array<u64,M>; x=c; Z0=a; Z1=-b PASS
[server_exit=0 client_exit=0]

$ taskset -c 0 /home/cyy/pcg-experiments/mVOLE-local-silent-bench/build-final/main --RMVOLE_NET_BENCH silent-server 0.0.0.0 39366 18 8 1 bench &
$ taskset -c 2 /home/cyy/pcg-experiments/mVOLE-local-silent-bench/build-final/main --RMVOLE_NET_BENCH silent-client 127.0.0.1 39366 18 8 1 bench
SILENT_SVOLE_TCP method=SILENT_SVOLE role=receiver-server-p0 mode=bench network=tcp-loopback address=0.0.0.0:39366 logN=18 N=262144 m=8 reps=1 requested_N=262144 generated_N=262144 code_size=524768 noise_weight=248 partition_count=248 size_per_partition=2116 base_ot_count=2976 base_ot_protocol_invocations=1 base_noisy_vole_count=248 silent_extension_count=1 base_correlation_setup_s=0.481709 silent_extension_s=0.394171 local_output_mapping_s=0.000000 total_s=0.875879 verify_s=0.000000 bytes_sent_by_role=8221904 bytes_received_by_role=167544 harness_metadata_bytes=64 verification_opening_bytes=0 clean_protocol_bytes_by_role=8221840 direct_payload_bytes=0 silent_base_ot_bytes=95232 silent_base_noisy_vole_bytes=95432 silent_extension_payload_bytes=8126472 framing_bytes=0 notes=tcp_two_process; libOTe_SilentVole; semi_honest_128; MultType=ExConv7x24; BaseElem=u64; ExtElem=array<u64,M>; x=c; Z0=a; Z1=-b PASS
SILENT_SVOLE_TCP method=SILENT_SVOLE role=sender-client-p1 mode=bench network=tcp-loopback address=127.0.0.1:39366 logN=18 N=262144 m=8 reps=1 requested_N=262144 generated_N=262144 code_size=524768 noise_weight=248 partition_count=248 size_per_partition=2116 base_ot_count=2976 base_ot_protocol_invocations=1 base_noisy_vole_count=248 silent_extension_count=1 base_correlation_setup_s=0.621185 silent_extension_s=0.179470 local_output_mapping_s=0.000000 total_s=0.800654 verify_s=0.000000 bytes_sent_by_role=167544 bytes_received_by_role=8221904 harness_metadata_bytes=0 verification_opening_bytes=0 clean_protocol_bytes_by_role=167544 direct_payload_bytes=0 silent_base_ot_bytes=95232 silent_base_noisy_vole_bytes=16512 silent_extension_payload_bytes=151032 framing_bytes=0 notes=tcp_two_process; libOTe_SilentVole; semi_honest_128; MultType=ExConv7x24; BaseElem=u64; ExtElem=array<u64,M>; x=c; Z0=a; Z1=-b PASS
[server_exit=0 client_exit=0]

$ taskset -c 0 /home/cyy/pcg-experiments/mVOLE-local-silent-bench/build-final/main --RMVOLE_NET_BENCH silent-server 0.0.0.0 39367 18 8 1 bench &
$ taskset -c 2 /home/cyy/pcg-experiments/mVOLE-local-silent-bench/build-final/main --RMVOLE_NET_BENCH silent-client 127.0.0.1 39367 18 8 1 bench
SILENT_SVOLE_TCP method=SILENT_SVOLE role=receiver-server-p0 mode=bench network=tcp-loopback address=0.0.0.0:39367 logN=18 N=262144 m=8 reps=1 requested_N=262144 generated_N=262144 code_size=524768 noise_weight=248 partition_count=248 size_per_partition=2116 base_ot_count=2976 base_ot_protocol_invocations=1 base_noisy_vole_count=248 silent_extension_count=1 base_correlation_setup_s=0.481559 silent_extension_s=0.391324 local_output_mapping_s=0.000000 total_s=0.872883 verify_s=0.000000 bytes_sent_by_role=8221904 bytes_received_by_role=167544 harness_metadata_bytes=64 verification_opening_bytes=0 clean_protocol_bytes_by_role=8221840 direct_payload_bytes=0 silent_base_ot_bytes=95232 silent_base_noisy_vole_bytes=95432 silent_extension_payload_bytes=8126472 framing_bytes=0 notes=tcp_two_process; libOTe_SilentVole; semi_honest_128; MultType=ExConv7x24; BaseElem=u64; ExtElem=array<u64,M>; x=c; Z0=a; Z1=-b PASS
SILENT_SVOLE_TCP method=SILENT_SVOLE role=sender-client-p1 mode=bench network=tcp-loopback address=127.0.0.1:39367 logN=18 N=262144 m=8 reps=1 requested_N=262144 generated_N=262144 code_size=524768 noise_weight=248 partition_count=248 size_per_partition=2116 base_ot_count=2976 base_ot_protocol_invocations=1 base_noisy_vole_count=248 silent_extension_count=1 base_correlation_setup_s=0.622884 silent_extension_s=0.180375 local_output_mapping_s=0.000000 total_s=0.803259 verify_s=0.000000 bytes_sent_by_role=167544 bytes_received_by_role=8221904 harness_metadata_bytes=0 verification_opening_bytes=0 clean_protocol_bytes_by_role=167544 direct_payload_bytes=0 silent_base_ot_bytes=95232 silent_base_noisy_vole_bytes=16512 silent_extension_payload_bytes=151032 framing_bytes=0 notes=tcp_two_process; libOTe_SilentVole; semi_honest_128; MultType=ExConv7x24; BaseElem=u64; ExtElem=array<u64,M>; x=c; Z0=a; Z1=-b PASS
[server_exit=0 client_exit=0]

$ taskset -c 0 /home/cyy/pcg-experiments/mVOLE-local-silent-bench/build-final/main --RMVOLE_NET_BENCH silent-server 0.0.0.0 39368 18 8 1 bench &
$ taskset -c 2 /home/cyy/pcg-experiments/mVOLE-local-silent-bench/build-final/main --RMVOLE_NET_BENCH silent-client 127.0.0.1 39368 18 8 1 bench
SILENT_SVOLE_TCP method=SILENT_SVOLE role=receiver-server-p0 mode=bench network=tcp-loopback address=0.0.0.0:39368 logN=18 N=262144 m=8 reps=1 requested_N=262144 generated_N=262144 code_size=524768 noise_weight=248 partition_count=248 size_per_partition=2116 base_ot_count=2976 base_ot_protocol_invocations=1 base_noisy_vole_count=248 silent_extension_count=1 base_correlation_setup_s=0.481415 silent_extension_s=0.391365 local_output_mapping_s=0.000000 total_s=0.872779 verify_s=0.000000 bytes_sent_by_role=8221904 bytes_received_by_role=167544 harness_metadata_bytes=64 verification_opening_bytes=0 clean_protocol_bytes_by_role=8221840 direct_payload_bytes=0 silent_base_ot_bytes=95232 silent_base_noisy_vole_bytes=95432 silent_extension_payload_bytes=8126472 framing_bytes=0 notes=tcp_two_process; libOTe_SilentVole; semi_honest_128; MultType=ExConv7x24; BaseElem=u64; ExtElem=array<u64,M>; x=c; Z0=a; Z1=-b PASS
SILENT_SVOLE_TCP method=SILENT_SVOLE role=sender-client-p1 mode=bench network=tcp-loopback address=127.0.0.1:39368 logN=18 N=262144 m=8 reps=1 requested_N=262144 generated_N=262144 code_size=524768 noise_weight=248 partition_count=248 size_per_partition=2116 base_ot_count=2976 base_ot_protocol_invocations=1 base_noisy_vole_count=248 silent_extension_count=1 base_correlation_setup_s=0.623256 silent_extension_s=0.180668 local_output_mapping_s=0.000000 total_s=0.803924 verify_s=0.000000 bytes_sent_by_role=167544 bytes_received_by_role=8221904 harness_metadata_bytes=0 verification_opening_bytes=0 clean_protocol_bytes_by_role=167544 direct_payload_bytes=0 silent_base_ot_bytes=95232 silent_base_noisy_vole_bytes=16512 silent_extension_payload_bytes=151032 framing_bytes=0 notes=tcp_two_process; libOTe_SilentVole; semi_honest_128; MultType=ExConv7x24; BaseElem=u64; ExtElem=array<u64,M>; x=c; Z0=a; Z1=-b PASS
[server_exit=0 client_exit=0]

$ taskset -c 0 /home/cyy/pcg-experiments/mVOLE-local-silent-bench/build-final/main --RMVOLE_NET_BENCH silent-server 0.0.0.0 39369 18 8 1 bench &
$ taskset -c 2 /home/cyy/pcg-experiments/mVOLE-local-silent-bench/build-final/main --RMVOLE_NET_BENCH silent-client 127.0.0.1 39369 18 8 1 bench
SILENT_SVOLE_TCP method=SILENT_SVOLE role=receiver-server-p0 mode=bench network=tcp-loopback address=0.0.0.0:39369 logN=18 N=262144 m=8 reps=1 requested_N=262144 generated_N=262144 code_size=524768 noise_weight=248 partition_count=248 size_per_partition=2116 base_ot_count=2976 base_ot_protocol_invocations=1 base_noisy_vole_count=248 silent_extension_count=1 base_correlation_setup_s=0.482783 silent_extension_s=0.399914 local_output_mapping_s=0.000000 total_s=0.882697 verify_s=0.000000 bytes_sent_by_role=8221904 bytes_received_by_role=167544 harness_metadata_bytes=64 verification_opening_bytes=0 clean_protocol_bytes_by_role=8221840 direct_payload_bytes=0 silent_base_ot_bytes=95232 silent_base_noisy_vole_bytes=95432 silent_extension_payload_bytes=8126472 framing_bytes=0 notes=tcp_two_process; libOTe_SilentVole; semi_honest_128; MultType=ExConv7x24; BaseElem=u64; ExtElem=array<u64,M>; x=c; Z0=a; Z1=-b PASS
SILENT_SVOLE_TCP method=SILENT_SVOLE role=sender-client-p1 mode=bench network=tcp-loopback address=127.0.0.1:39369 logN=18 N=262144 m=8 reps=1 requested_N=262144 generated_N=262144 code_size=524768 noise_weight=248 partition_count=248 size_per_partition=2116 base_ot_count=2976 base_ot_protocol_invocations=1 base_noisy_vole_count=248 silent_extension_count=1 base_correlation_setup_s=0.624278 silent_extension_s=0.183395 local_output_mapping_s=0.000000 total_s=0.807673 verify_s=0.000000 bytes_sent_by_role=167544 bytes_received_by_role=8221904 harness_metadata_bytes=0 verification_opening_bytes=0 clean_protocol_bytes_by_role=167544 direct_payload_bytes=0 silent_base_ot_bytes=95232 silent_base_noisy_vole_bytes=16512 silent_extension_payload_bytes=151032 framing_bytes=0 notes=tcp_two_process; libOTe_SilentVole; semi_honest_128; MultType=ExConv7x24; BaseElem=u64; ExtElem=array<u64,M>; x=c; Z0=a; Z1=-b PASS
[server_exit=0 client_exit=0]

$ taskset -c 0 /home/cyy/pcg-experiments/mVOLE-local-silent-bench/build-final/main --RMVOLE_NET_BENCH silent-server 0.0.0.0 39370 18 8 1 bench &
$ taskset -c 2 /home/cyy/pcg-experiments/mVOLE-local-silent-bench/build-final/main --RMVOLE_NET_BENCH silent-client 127.0.0.1 39370 18 8 1 bench
SILENT_SVOLE_TCP method=SILENT_SVOLE role=receiver-server-p0 mode=bench network=tcp-loopback address=0.0.0.0:39370 logN=18 N=262144 m=8 reps=1 requested_N=262144 generated_N=262144 code_size=524768 noise_weight=248 partition_count=248 size_per_partition=2116 base_ot_count=2976 base_ot_protocol_invocations=1 base_noisy_vole_count=248 silent_extension_count=1 base_correlation_setup_s=0.482919 silent_extension_s=0.393882 local_output_mapping_s=0.000000 total_s=0.876801 verify_s=0.000000 bytes_sent_by_role=8221904 bytes_received_by_role=167544 harness_metadata_bytes=64 verification_opening_bytes=0 clean_protocol_bytes_by_role=8221840 direct_payload_bytes=0 silent_base_ot_bytes=95232 silent_base_noisy_vole_bytes=95432 silent_extension_payload_bytes=8126472 framing_bytes=0 notes=tcp_two_process; libOTe_SilentVole; semi_honest_128; MultType=ExConv7x24; BaseElem=u64; ExtElem=array<u64,M>; x=c; Z0=a; Z1=-b PASS
SILENT_SVOLE_TCP method=SILENT_SVOLE role=sender-client-p1 mode=bench network=tcp-loopback address=127.0.0.1:39370 logN=18 N=262144 m=8 reps=1 requested_N=262144 generated_N=262144 code_size=524768 noise_weight=248 partition_count=248 size_per_partition=2116 base_ot_count=2976 base_ot_protocol_invocations=1 base_noisy_vole_count=248 silent_extension_count=1 base_correlation_setup_s=0.624032 silent_extension_s=0.180153 local_output_mapping_s=0.000000 total_s=0.804185 verify_s=0.000000 bytes_sent_by_role=167544 bytes_received_by_role=8221904 harness_metadata_bytes=0 verification_opening_bytes=0 clean_protocol_bytes_by_role=167544 direct_payload_bytes=0 silent_base_ot_bytes=95232 silent_base_noisy_vole_bytes=16512 silent_extension_payload_bytes=151032 framing_bytes=0 notes=tcp_two_process; libOTe_SilentVole; semi_honest_128; MultType=ExConv7x24; BaseElem=u64; ExtElem=array<u64,M>; x=c; Z0=a; Z1=-b PASS
[server_exit=0 client_exit=0]

$ taskset -c 0 /home/cyy/pcg-experiments/mVOLE-local-silent-bench/build-final/main --RMVOLE_NET_BENCH silent-server 0.0.0.0 39371 18 8 1 bench &
$ taskset -c 2 /home/cyy/pcg-experiments/mVOLE-local-silent-bench/build-final/main --RMVOLE_NET_BENCH silent-client 127.0.0.1 39371 18 8 1 bench
SILENT_SVOLE_TCP method=SILENT_SVOLE role=receiver-server-p0 mode=bench network=tcp-loopback address=0.0.0.0:39371 logN=18 N=262144 m=8 reps=1 requested_N=262144 generated_N=262144 code_size=524768 noise_weight=248 partition_count=248 size_per_partition=2116 base_ot_count=2976 base_ot_protocol_invocations=1 base_noisy_vole_count=248 silent_extension_count=1 base_correlation_setup_s=0.481433 silent_extension_s=0.395378 local_output_mapping_s=0.000000 total_s=0.876811 verify_s=0.000000 bytes_sent_by_role=8221904 bytes_received_by_role=167544 harness_metadata_bytes=64 verification_opening_bytes=0 clean_protocol_bytes_by_role=8221840 direct_payload_bytes=0 silent_base_ot_bytes=95232 silent_base_noisy_vole_bytes=95432 silent_extension_payload_bytes=8126472 framing_bytes=0 notes=tcp_two_process; libOTe_SilentVole; semi_honest_128; MultType=ExConv7x24; BaseElem=u64; ExtElem=array<u64,M>; x=c; Z0=a; Z1=-b PASS
SILENT_SVOLE_TCP method=SILENT_SVOLE role=sender-client-p1 mode=bench network=tcp-loopback address=127.0.0.1:39371 logN=18 N=262144 m=8 reps=1 requested_N=262144 generated_N=262144 code_size=524768 noise_weight=248 partition_count=248 size_per_partition=2116 base_ot_count=2976 base_ot_protocol_invocations=1 base_noisy_vole_count=248 silent_extension_count=1 base_correlation_setup_s=0.620542 silent_extension_s=0.182857 local_output_mapping_s=0.000000 total_s=0.803399 verify_s=0.000000 bytes_sent_by_role=167544 bytes_received_by_role=8221904 harness_metadata_bytes=0 verification_opening_bytes=0 clean_protocol_bytes_by_role=167544 direct_payload_bytes=0 silent_base_ot_bytes=95232 silent_base_noisy_vole_bytes=16512 silent_extension_payload_bytes=151032 framing_bytes=0 notes=tcp_two_process; libOTe_SilentVole; semi_honest_128; MultType=ExConv7x24; BaseElem=u64; ExtElem=array<u64,M>; x=c; Z0=a; Z1=-b PASS
[server_exit=0 client_exit=0]

$ taskset -c 0 /home/cyy/pcg-experiments/mVOLE-local-silent-bench/build-final/main --RMVOLE_NET_BENCH silent-server 0.0.0.0 39372 18 8 1 bench &
$ taskset -c 2 /home/cyy/pcg-experiments/mVOLE-local-silent-bench/build-final/main --RMVOLE_NET_BENCH silent-client 127.0.0.1 39372 18 8 1 bench
SILENT_SVOLE_TCP method=SILENT_SVOLE role=receiver-server-p0 mode=bench network=tcp-loopback address=0.0.0.0:39372 logN=18 N=262144 m=8 reps=1 requested_N=262144 generated_N=262144 code_size=524768 noise_weight=248 partition_count=248 size_per_partition=2116 base_ot_count=2976 base_ot_protocol_invocations=1 base_noisy_vole_count=248 silent_extension_count=1 base_correlation_setup_s=0.482148 silent_extension_s=0.395592 local_output_mapping_s=0.000000 total_s=0.877740 verify_s=0.000000 bytes_sent_by_role=8221904 bytes_received_by_role=167544 harness_metadata_bytes=64 verification_opening_bytes=0 clean_protocol_bytes_by_role=8221840 direct_payload_bytes=0 silent_base_ot_bytes=95232 silent_base_noisy_vole_bytes=95432 silent_extension_payload_bytes=8126472 framing_bytes=0 notes=tcp_two_process; libOTe_SilentVole; semi_honest_128; MultType=ExConv7x24; BaseElem=u64; ExtElem=array<u64,M>; x=c; Z0=a; Z1=-b PASS
SILENT_SVOLE_TCP method=SILENT_SVOLE role=sender-client-p1 mode=bench network=tcp-loopback address=127.0.0.1:39372 logN=18 N=262144 m=8 reps=1 requested_N=262144 generated_N=262144 code_size=524768 noise_weight=248 partition_count=248 size_per_partition=2116 base_ot_count=2976 base_ot_protocol_invocations=1 base_noisy_vole_count=248 silent_extension_count=1 base_correlation_setup_s=0.624533 silent_extension_s=0.181516 local_output_mapping_s=0.000000 total_s=0.806049 verify_s=0.000000 bytes_sent_by_role=167544 bytes_received_by_role=8221904 harness_metadata_bytes=0 verification_opening_bytes=0 clean_protocol_bytes_by_role=167544 direct_payload_bytes=0 silent_base_ot_bytes=95232 silent_base_noisy_vole_bytes=16512 silent_extension_payload_bytes=151032 framing_bytes=0 notes=tcp_two_process; libOTe_SilentVole; semi_honest_128; MultType=ExConv7x24; BaseElem=u64; ExtElem=array<u64,M>; x=c; Z0=a; Z1=-b PASS
[server_exit=0 client_exit=0]

$ taskset -c 0 /home/cyy/pcg-experiments/mVOLE-local-silent-bench/build-final/main --RMVOLE_NET_BENCH silent-server 0.0.0.0 39373 18 8 1 bench &
$ taskset -c 2 /home/cyy/pcg-experiments/mVOLE-local-silent-bench/build-final/main --RMVOLE_NET_BENCH silent-client 127.0.0.1 39373 18 8 1 bench
SILENT_SVOLE_TCP method=SILENT_SVOLE role=receiver-server-p0 mode=bench network=tcp-loopback address=0.0.0.0:39373 logN=18 N=262144 m=8 reps=1 requested_N=262144 generated_N=262144 code_size=524768 noise_weight=248 partition_count=248 size_per_partition=2116 base_ot_count=2976 base_ot_protocol_invocations=1 base_noisy_vole_count=248 silent_extension_count=1 base_correlation_setup_s=0.481722 silent_extension_s=0.390594 local_output_mapping_s=0.000000 total_s=0.872317 verify_s=0.000000 bytes_sent_by_role=8221904 bytes_received_by_role=167544 harness_metadata_bytes=64 verification_opening_bytes=0 clean_protocol_bytes_by_role=8221840 direct_payload_bytes=0 silent_base_ot_bytes=95232 silent_base_noisy_vole_bytes=95432 silent_extension_payload_bytes=8126472 framing_bytes=0 notes=tcp_two_process; libOTe_SilentVole; semi_honest_128; MultType=ExConv7x24; BaseElem=u64; ExtElem=array<u64,M>; x=c; Z0=a; Z1=-b PASS
SILENT_SVOLE_TCP method=SILENT_SVOLE role=sender-client-p1 mode=bench network=tcp-loopback address=127.0.0.1:39373 logN=18 N=262144 m=8 reps=1 requested_N=262144 generated_N=262144 code_size=524768 noise_weight=248 partition_count=248 size_per_partition=2116 base_ot_count=2976 base_ot_protocol_invocations=1 base_noisy_vole_count=248 silent_extension_count=1 base_correlation_setup_s=0.622244 silent_extension_s=0.178196 local_output_mapping_s=0.000000 total_s=0.800440 verify_s=0.000000 bytes_sent_by_role=167544 bytes_received_by_role=8221904 harness_metadata_bytes=0 verification_opening_bytes=0 clean_protocol_bytes_by_role=167544 direct_payload_bytes=0 silent_base_ot_bytes=95232 silent_base_noisy_vole_bytes=16512 silent_extension_payload_bytes=151032 framing_bytes=0 notes=tcp_two_process; libOTe_SilentVole; semi_honest_128; MultType=ExConv7x24; BaseElem=u64; ExtElem=array<u64,M>; x=c; Z0=a; Z1=-b PASS
[server_exit=0 client_exit=0]

$ taskset -c 0 /home/cyy/pcg-experiments/mVOLE-local-silent-bench/build-final/main --RMVOLE_NET_BENCH silent-server 0.0.0.0 39374 18 8 1 bench &
$ taskset -c 2 /home/cyy/pcg-experiments/mVOLE-local-silent-bench/build-final/main --RMVOLE_NET_BENCH silent-client 127.0.0.1 39374 18 8 1 bench
SILENT_SVOLE_TCP method=SILENT_SVOLE role=receiver-server-p0 mode=bench network=tcp-loopback address=0.0.0.0:39374 logN=18 N=262144 m=8 reps=1 requested_N=262144 generated_N=262144 code_size=524768 noise_weight=248 partition_count=248 size_per_partition=2116 base_ot_count=2976 base_ot_protocol_invocations=1 base_noisy_vole_count=248 silent_extension_count=1 base_correlation_setup_s=0.481963 silent_extension_s=0.392517 local_output_mapping_s=0.000000 total_s=0.874480 verify_s=0.000000 bytes_sent_by_role=8221904 bytes_received_by_role=167544 harness_metadata_bytes=64 verification_opening_bytes=0 clean_protocol_bytes_by_role=8221840 direct_payload_bytes=0 silent_base_ot_bytes=95232 silent_base_noisy_vole_bytes=95432 silent_extension_payload_bytes=8126472 framing_bytes=0 notes=tcp_two_process; libOTe_SilentVole; semi_honest_128; MultType=ExConv7x24; BaseElem=u64; ExtElem=array<u64,M>; x=c; Z0=a; Z1=-b PASS
SILENT_SVOLE_TCP method=SILENT_SVOLE role=sender-client-p1 mode=bench network=tcp-loopback address=127.0.0.1:39374 logN=18 N=262144 m=8 reps=1 requested_N=262144 generated_N=262144 code_size=524768 noise_weight=248 partition_count=248 size_per_partition=2116 base_ot_count=2976 base_ot_protocol_invocations=1 base_noisy_vole_count=248 silent_extension_count=1 base_correlation_setup_s=0.622886 silent_extension_s=0.180742 local_output_mapping_s=0.000000 total_s=0.803628 verify_s=0.000000 bytes_sent_by_role=167544 bytes_received_by_role=8221904 harness_metadata_bytes=0 verification_opening_bytes=0 clean_protocol_bytes_by_role=167544 direct_payload_bytes=0 silent_base_ot_bytes=95232 silent_base_noisy_vole_bytes=16512 silent_extension_payload_bytes=151032 framing_bytes=0 notes=tcp_two_process; libOTe_SilentVole; semi_honest_128; MultType=ExConv7x24; BaseElem=u64; ExtElem=array<u64,M>; x=c; Z0=a; Z1=-b PASS
[server_exit=0 client_exit=0]

$ taskset -c 0 /home/cyy/pcg-experiments/mVOLE-local-silent-bench/build-final/main --RMVOLE_NET_BENCH silent-server 0.0.0.0 39375 18 8 1 bench &
$ taskset -c 2 /home/cyy/pcg-experiments/mVOLE-local-silent-bench/build-final/main --RMVOLE_NET_BENCH silent-client 127.0.0.1 39375 18 8 1 bench
SILENT_SVOLE_TCP method=SILENT_SVOLE role=receiver-server-p0 mode=bench network=tcp-loopback address=0.0.0.0:39375 logN=18 N=262144 m=8 reps=1 requested_N=262144 generated_N=262144 code_size=524768 noise_weight=248 partition_count=248 size_per_partition=2116 base_ot_count=2976 base_ot_protocol_invocations=1 base_noisy_vole_count=248 silent_extension_count=1 base_correlation_setup_s=0.481618 silent_extension_s=0.391888 local_output_mapping_s=0.000000 total_s=0.873506 verify_s=0.000000 bytes_sent_by_role=8221904 bytes_received_by_role=167544 harness_metadata_bytes=64 verification_opening_bytes=0 clean_protocol_bytes_by_role=8221840 direct_payload_bytes=0 silent_base_ot_bytes=95232 silent_base_noisy_vole_bytes=95432 silent_extension_payload_bytes=8126472 framing_bytes=0 notes=tcp_two_process; libOTe_SilentVole; semi_honest_128; MultType=ExConv7x24; BaseElem=u64; ExtElem=array<u64,M>; x=c; Z0=a; Z1=-b PASS
SILENT_SVOLE_TCP method=SILENT_SVOLE role=sender-client-p1 mode=bench network=tcp-loopback address=127.0.0.1:39375 logN=18 N=262144 m=8 reps=1 requested_N=262144 generated_N=262144 code_size=524768 noise_weight=248 partition_count=248 size_per_partition=2116 base_ot_count=2976 base_ot_protocol_invocations=1 base_noisy_vole_count=248 silent_extension_count=1 base_correlation_setup_s=0.622020 silent_extension_s=0.181034 local_output_mapping_s=0.000000 total_s=0.803053 verify_s=0.000000 bytes_sent_by_role=167544 bytes_received_by_role=8221904 harness_metadata_bytes=0 verification_opening_bytes=0 clean_protocol_bytes_by_role=167544 direct_payload_bytes=0 silent_base_ot_bytes=95232 silent_base_noisy_vole_bytes=16512 silent_extension_payload_bytes=151032 framing_bytes=0 notes=tcp_two_process; libOTe_SilentVole; semi_honest_128; MultType=ExConv7x24; BaseElem=u64; ExtElem=array<u64,M>; x=c; Z0=a; Z1=-b PASS
[server_exit=0 client_exit=0]

$ taskset -c 0 /home/cyy/pcg-experiments/mVOLE-local-silent-bench/build-final/main --RMVOLE_NET_BENCH silent-server 0.0.0.0 39376 18 8 1 bench &
$ taskset -c 2 /home/cyy/pcg-experiments/mVOLE-local-silent-bench/build-final/main --RMVOLE_NET_BENCH silent-client 127.0.0.1 39376 18 8 1 bench
SILENT_SVOLE_TCP method=SILENT_SVOLE role=receiver-server-p0 mode=bench network=tcp-loopback address=0.0.0.0:39376 logN=18 N=262144 m=8 reps=1 requested_N=262144 generated_N=262144 code_size=524768 noise_weight=248 partition_count=248 size_per_partition=2116 base_ot_count=2976 base_ot_protocol_invocations=1 base_noisy_vole_count=248 silent_extension_count=1 base_correlation_setup_s=0.483307 silent_extension_s=0.391599 local_output_mapping_s=0.000000 total_s=0.874906 verify_s=0.000000 bytes_sent_by_role=8221904 bytes_received_by_role=167544 harness_metadata_bytes=64 verification_opening_bytes=0 clean_protocol_bytes_by_role=8221840 direct_payload_bytes=0 silent_base_ot_bytes=95232 silent_base_noisy_vole_bytes=95432 silent_extension_payload_bytes=8126472 framing_bytes=0 notes=tcp_two_process; libOTe_SilentVole; semi_honest_128; MultType=ExConv7x24; BaseElem=u64; ExtElem=array<u64,M>; x=c; Z0=a; Z1=-b PASS
SILENT_SVOLE_TCP method=SILENT_SVOLE role=sender-client-p1 mode=bench network=tcp-loopback address=127.0.0.1:39376 logN=18 N=262144 m=8 reps=1 requested_N=262144 generated_N=262144 code_size=524768 noise_weight=248 partition_count=248 size_per_partition=2116 base_ot_count=2976 base_ot_protocol_invocations=1 base_noisy_vole_count=248 silent_extension_count=1 base_correlation_setup_s=0.622030 silent_extension_s=0.180789 local_output_mapping_s=0.000000 total_s=0.802819 verify_s=0.000000 bytes_sent_by_role=167544 bytes_received_by_role=8221904 harness_metadata_bytes=0 verification_opening_bytes=0 clean_protocol_bytes_by_role=167544 direct_payload_bytes=0 silent_base_ot_bytes=95232 silent_base_noisy_vole_bytes=16512 silent_extension_payload_bytes=151032 framing_bytes=0 notes=tcp_two_process; libOTe_SilentVole; semi_honest_128; MultType=ExConv7x24; BaseElem=u64; ExtElem=array<u64,M>; x=c; Z0=a; Z1=-b PASS
[server_exit=0 client_exit=0]

$ taskset -c 0 /home/cyy/pcg-experiments/mVOLE-local-silent-bench/build-final/main --RMVOLE_NET_BENCH silent-server 0.0.0.0 39377 18 16 1 verify &
$ taskset -c 2 /home/cyy/pcg-experiments/mVOLE-local-silent-bench/build-final/main --RMVOLE_NET_BENCH silent-client 127.0.0.1 39377 18 16 1 verify
SILENT_SVOLE_TCP method=SILENT_SVOLE role=receiver-server-p0 mode=verify network=tcp-loopback address=0.0.0.0:39377 logN=18 N=262144 m=16 reps=1 requested_N=262144 generated_N=262144 code_size=524768 noise_weight=248 partition_count=248 size_per_partition=2116 base_ot_count=2976 base_ot_protocol_invocations=1 base_noisy_vole_count=248 silent_extension_count=1 base_correlation_setup_s=0.640118 silent_extension_s=0.534827 local_output_mapping_s=0.000000 total_s=1.174946 verify_s=0.188446 bytes_sent_by_role=32601360 bytes_received_by_role=33801856 harness_metadata_bytes=128 verification_opening_bytes=33554432 clean_protocol_bytes_by_role=0 direct_payload_bytes=0 silent_base_ot_bytes=95232 silent_base_noisy_vole_bytes=95496 silent_extension_payload_bytes=32505864 framing_bytes=0 notes=tcp_two_process; libOTe_SilentVole; semi_honest_128; MultType=ExConv7x24; BaseElem=u64; ExtElem=array<u64,M>; x=c; Z0=a; Z1=-b PASS
SILENT_SVOLE_TCP method=SILENT_SVOLE role=sender-client-p1 mode=verify network=tcp-loopback address=127.0.0.1:39377 logN=18 N=262144 m=16 reps=1 requested_N=262144 generated_N=262144 code_size=524768 noise_weight=248 partition_count=248 size_per_partition=2116 base_ot_count=2976 base_ot_protocol_invocations=1 base_noisy_vole_count=248 silent_extension_count=1 base_correlation_setup_s=0.725933 silent_extension_s=0.376468 local_output_mapping_s=0.000000 total_s=1.102402 verify_s=0.047892 bytes_sent_by_role=33801856 bytes_received_by_role=32601360 harness_metadata_bytes=0 verification_opening_bytes=33554432 clean_protocol_bytes_by_role=247424 direct_payload_bytes=0 silent_base_ot_bytes=95232 silent_base_noisy_vole_bytes=32896 silent_extension_payload_bytes=214520 framing_bytes=8 notes=tcp_two_process; libOTe_SilentVole; semi_honest_128; MultType=ExConv7x24; BaseElem=u64; ExtElem=array<u64,M>; x=c; Z0=a; Z1=-b PASS
[server_exit=0 client_exit=0]

$ taskset -c 0 /home/cyy/pcg-experiments/mVOLE-local-silent-bench/build-final/main --RMVOLE_NET_BENCH silent-server 0.0.0.0 39378 18 16 1 bench &
$ taskset -c 2 /home/cyy/pcg-experiments/mVOLE-local-silent-bench/build-final/main --RMVOLE_NET_BENCH silent-client 127.0.0.1 39378 18 16 1 bench
SILENT_SVOLE_TCP method=SILENT_SVOLE role=receiver-server-p0 mode=bench network=tcp-loopback address=0.0.0.0:39378 logN=18 N=262144 m=16 reps=1 requested_N=262144 generated_N=262144 code_size=524768 noise_weight=248 partition_count=248 size_per_partition=2116 base_ot_count=2976 base_ot_protocol_invocations=1 base_noisy_vole_count=248 silent_extension_count=1 base_correlation_setup_s=0.640353 silent_extension_s=0.531898 local_output_mapping_s=0.000000 total_s=1.172252 verify_s=0.000000 bytes_sent_by_role=32601360 bytes_received_by_role=247416 harness_metadata_bytes=128 verification_opening_bytes=0 clean_protocol_bytes_by_role=32601232 direct_payload_bytes=0 silent_base_ot_bytes=95232 silent_base_noisy_vole_bytes=95496 silent_extension_payload_bytes=32505864 framing_bytes=0 notes=tcp_two_process; libOTe_SilentVole; semi_honest_128; MultType=ExConv7x24; BaseElem=u64; ExtElem=array<u64,M>; x=c; Z0=a; Z1=-b PASS
SILENT_SVOLE_TCP method=SILENT_SVOLE role=sender-client-p1 mode=bench network=tcp-loopback address=127.0.0.1:39378 logN=18 N=262144 m=16 reps=1 requested_N=262144 generated_N=262144 code_size=524768 noise_weight=248 partition_count=248 size_per_partition=2116 base_ot_count=2976 base_ot_protocol_invocations=1 base_noisy_vole_count=248 silent_extension_count=1 base_correlation_setup_s=0.726682 silent_extension_s=0.372348 local_output_mapping_s=0.000000 total_s=1.099030 verify_s=0.000000 bytes_sent_by_role=247416 bytes_received_by_role=32601360 harness_metadata_bytes=0 verification_opening_bytes=0 clean_protocol_bytes_by_role=247416 direct_payload_bytes=0 silent_base_ot_bytes=95232 silent_base_noisy_vole_bytes=32896 silent_extension_payload_bytes=214520 framing_bytes=0 notes=tcp_two_process; libOTe_SilentVole; semi_honest_128; MultType=ExConv7x24; BaseElem=u64; ExtElem=array<u64,M>; x=c; Z0=a; Z1=-b PASS
[server_exit=0 client_exit=0]

$ taskset -c 0 /home/cyy/pcg-experiments/mVOLE-local-silent-bench/build-final/main --RMVOLE_NET_BENCH silent-server 0.0.0.0 39379 18 16 1 bench &
$ taskset -c 2 /home/cyy/pcg-experiments/mVOLE-local-silent-bench/build-final/main --RMVOLE_NET_BENCH silent-client 127.0.0.1 39379 18 16 1 bench
SILENT_SVOLE_TCP method=SILENT_SVOLE role=receiver-server-p0 mode=bench network=tcp-loopback address=0.0.0.0:39379 logN=18 N=262144 m=16 reps=1 requested_N=262144 generated_N=262144 code_size=524768 noise_weight=248 partition_count=248 size_per_partition=2116 base_ot_count=2976 base_ot_protocol_invocations=1 base_noisy_vole_count=248 silent_extension_count=1 base_correlation_setup_s=0.640293 silent_extension_s=0.535833 local_output_mapping_s=0.000000 total_s=1.176126 verify_s=0.000000 bytes_sent_by_role=32601360 bytes_received_by_role=247416 harness_metadata_bytes=128 verification_opening_bytes=0 clean_protocol_bytes_by_role=32601232 direct_payload_bytes=0 silent_base_ot_bytes=95232 silent_base_noisy_vole_bytes=95496 silent_extension_payload_bytes=32505864 framing_bytes=0 notes=tcp_two_process; libOTe_SilentVole; semi_honest_128; MultType=ExConv7x24; BaseElem=u64; ExtElem=array<u64,M>; x=c; Z0=a; Z1=-b PASS
SILENT_SVOLE_TCP method=SILENT_SVOLE role=sender-client-p1 mode=bench network=tcp-loopback address=127.0.0.1:39379 logN=18 N=262144 m=16 reps=1 requested_N=262144 generated_N=262144 code_size=524768 noise_weight=248 partition_count=248 size_per_partition=2116 base_ot_count=2976 base_ot_protocol_invocations=1 base_noisy_vole_count=248 silent_extension_count=1 base_correlation_setup_s=0.725904 silent_extension_s=0.373935 local_output_mapping_s=0.000000 total_s=1.099839 verify_s=0.000000 bytes_sent_by_role=247416 bytes_received_by_role=32601360 harness_metadata_bytes=0 verification_opening_bytes=0 clean_protocol_bytes_by_role=247416 direct_payload_bytes=0 silent_base_ot_bytes=95232 silent_base_noisy_vole_bytes=32896 silent_extension_payload_bytes=214520 framing_bytes=0 notes=tcp_two_process; libOTe_SilentVole; semi_honest_128; MultType=ExConv7x24; BaseElem=u64; ExtElem=array<u64,M>; x=c; Z0=a; Z1=-b PASS
[server_exit=0 client_exit=0]

$ taskset -c 0 /home/cyy/pcg-experiments/mVOLE-local-silent-bench/build-final/main --RMVOLE_NET_BENCH silent-server 0.0.0.0 39380 18 16 1 bench &
$ taskset -c 2 /home/cyy/pcg-experiments/mVOLE-local-silent-bench/build-final/main --RMVOLE_NET_BENCH silent-client 127.0.0.1 39380 18 16 1 bench
SILENT_SVOLE_TCP method=SILENT_SVOLE role=receiver-server-p0 mode=bench network=tcp-loopback address=0.0.0.0:39380 logN=18 N=262144 m=16 reps=1 requested_N=262144 generated_N=262144 code_size=524768 noise_weight=248 partition_count=248 size_per_partition=2116 base_ot_count=2976 base_ot_protocol_invocations=1 base_noisy_vole_count=248 silent_extension_count=1 base_correlation_setup_s=0.638942 silent_extension_s=0.542982 local_output_mapping_s=0.000000 total_s=1.181923 verify_s=0.000000 bytes_sent_by_role=32601360 bytes_received_by_role=247416 harness_metadata_bytes=128 verification_opening_bytes=0 clean_protocol_bytes_by_role=32601232 direct_payload_bytes=0 silent_base_ot_bytes=95232 silent_base_noisy_vole_bytes=95496 silent_extension_payload_bytes=32505864 framing_bytes=0 notes=tcp_two_process; libOTe_SilentVole; semi_honest_128; MultType=ExConv7x24; BaseElem=u64; ExtElem=array<u64,M>; x=c; Z0=a; Z1=-b PASS
SILENT_SVOLE_TCP method=SILENT_SVOLE role=sender-client-p1 mode=bench network=tcp-loopback address=127.0.0.1:39380 logN=18 N=262144 m=16 reps=1 requested_N=262144 generated_N=262144 code_size=524768 noise_weight=248 partition_count=248 size_per_partition=2116 base_ot_count=2976 base_ot_protocol_invocations=1 base_noisy_vole_count=248 silent_extension_count=1 base_correlation_setup_s=0.728349 silent_extension_s=0.370613 local_output_mapping_s=0.000000 total_s=1.098962 verify_s=0.000000 bytes_sent_by_role=247416 bytes_received_by_role=32601360 harness_metadata_bytes=0 verification_opening_bytes=0 clean_protocol_bytes_by_role=247416 direct_payload_bytes=0 silent_base_ot_bytes=95232 silent_base_noisy_vole_bytes=32896 silent_extension_payload_bytes=214520 framing_bytes=0 notes=tcp_two_process; libOTe_SilentVole; semi_honest_128; MultType=ExConv7x24; BaseElem=u64; ExtElem=array<u64,M>; x=c; Z0=a; Z1=-b PASS
[server_exit=0 client_exit=0]

$ taskset -c 0 /home/cyy/pcg-experiments/mVOLE-local-silent-bench/build-final/main --RMVOLE_NET_BENCH silent-server 0.0.0.0 39381 18 16 1 bench &
$ taskset -c 2 /home/cyy/pcg-experiments/mVOLE-local-silent-bench/build-final/main --RMVOLE_NET_BENCH silent-client 127.0.0.1 39381 18 16 1 bench
SILENT_SVOLE_TCP method=SILENT_SVOLE role=receiver-server-p0 mode=bench network=tcp-loopback address=0.0.0.0:39381 logN=18 N=262144 m=16 reps=1 requested_N=262144 generated_N=262144 code_size=524768 noise_weight=248 partition_count=248 size_per_partition=2116 base_ot_count=2976 base_ot_protocol_invocations=1 base_noisy_vole_count=248 silent_extension_count=1 base_correlation_setup_s=0.639878 silent_extension_s=0.527366 local_output_mapping_s=0.000000 total_s=1.167244 verify_s=0.000000 bytes_sent_by_role=32601360 bytes_received_by_role=247416 harness_metadata_bytes=128 verification_opening_bytes=0 clean_protocol_bytes_by_role=32601232 direct_payload_bytes=0 silent_base_ot_bytes=95232 silent_base_noisy_vole_bytes=95496 silent_extension_payload_bytes=32505864 framing_bytes=0 notes=tcp_two_process; libOTe_SilentVole; semi_honest_128; MultType=ExConv7x24; BaseElem=u64; ExtElem=array<u64,M>; x=c; Z0=a; Z1=-b PASS
SILENT_SVOLE_TCP method=SILENT_SVOLE role=sender-client-p1 mode=bench network=tcp-loopback address=127.0.0.1:39381 logN=18 N=262144 m=16 reps=1 requested_N=262144 generated_N=262144 code_size=524768 noise_weight=248 partition_count=248 size_per_partition=2116 base_ot_count=2976 base_ot_protocol_invocations=1 base_noisy_vole_count=248 silent_extension_count=1 base_correlation_setup_s=0.727980 silent_extension_s=0.366895 local_output_mapping_s=0.000000 total_s=1.094875 verify_s=0.000000 bytes_sent_by_role=247416 bytes_received_by_role=32601360 harness_metadata_bytes=0 verification_opening_bytes=0 clean_protocol_bytes_by_role=247416 direct_payload_bytes=0 silent_base_ot_bytes=95232 silent_base_noisy_vole_bytes=32896 silent_extension_payload_bytes=214520 framing_bytes=0 notes=tcp_two_process; libOTe_SilentVole; semi_honest_128; MultType=ExConv7x24; BaseElem=u64; ExtElem=array<u64,M>; x=c; Z0=a; Z1=-b PASS
[server_exit=0 client_exit=0]

$ taskset -c 0 /home/cyy/pcg-experiments/mVOLE-local-silent-bench/build-final/main --RMVOLE_NET_BENCH silent-server 0.0.0.0 39382 18 16 1 bench &
$ taskset -c 2 /home/cyy/pcg-experiments/mVOLE-local-silent-bench/build-final/main --RMVOLE_NET_BENCH silent-client 127.0.0.1 39382 18 16 1 bench
SILENT_SVOLE_TCP method=SILENT_SVOLE role=receiver-server-p0 mode=bench network=tcp-loopback address=0.0.0.0:39382 logN=18 N=262144 m=16 reps=1 requested_N=262144 generated_N=262144 code_size=524768 noise_weight=248 partition_count=248 size_per_partition=2116 base_ot_count=2976 base_ot_protocol_invocations=1 base_noisy_vole_count=248 silent_extension_count=1 base_correlation_setup_s=0.640768 silent_extension_s=0.534013 local_output_mapping_s=0.000000 total_s=1.174781 verify_s=0.000000 bytes_sent_by_role=32601360 bytes_received_by_role=247416 harness_metadata_bytes=128 verification_opening_bytes=0 clean_protocol_bytes_by_role=32601232 direct_payload_bytes=0 silent_base_ot_bytes=95232 silent_base_noisy_vole_bytes=95496 silent_extension_payload_bytes=32505864 framing_bytes=0 notes=tcp_two_process; libOTe_SilentVole; semi_honest_128; MultType=ExConv7x24; BaseElem=u64; ExtElem=array<u64,M>; x=c; Z0=a; Z1=-b PASS
SILENT_SVOLE_TCP method=SILENT_SVOLE role=sender-client-p1 mode=bench network=tcp-loopback address=127.0.0.1:39382 logN=18 N=262144 m=16 reps=1 requested_N=262144 generated_N=262144 code_size=524768 noise_weight=248 partition_count=248 size_per_partition=2116 base_ot_count=2976 base_ot_protocol_invocations=1 base_noisy_vole_count=248 silent_extension_count=1 base_correlation_setup_s=0.727813 silent_extension_s=0.373168 local_output_mapping_s=0.000000 total_s=1.100982 verify_s=0.000000 bytes_sent_by_role=247416 bytes_received_by_role=32601360 harness_metadata_bytes=0 verification_opening_bytes=0 clean_protocol_bytes_by_role=247416 direct_payload_bytes=0 silent_base_ot_bytes=95232 silent_base_noisy_vole_bytes=32896 silent_extension_payload_bytes=214520 framing_bytes=0 notes=tcp_two_process; libOTe_SilentVole; semi_honest_128; MultType=ExConv7x24; BaseElem=u64; ExtElem=array<u64,M>; x=c; Z0=a; Z1=-b PASS
[server_exit=0 client_exit=0]

$ taskset -c 0 /home/cyy/pcg-experiments/mVOLE-local-silent-bench/build-final/main --RMVOLE_NET_BENCH silent-server 0.0.0.0 39383 18 16 1 bench &
$ taskset -c 2 /home/cyy/pcg-experiments/mVOLE-local-silent-bench/build-final/main --RMVOLE_NET_BENCH silent-client 127.0.0.1 39383 18 16 1 bench
SILENT_SVOLE_TCP method=SILENT_SVOLE role=receiver-server-p0 mode=bench network=tcp-loopback address=0.0.0.0:39383 logN=18 N=262144 m=16 reps=1 requested_N=262144 generated_N=262144 code_size=524768 noise_weight=248 partition_count=248 size_per_partition=2116 base_ot_count=2976 base_ot_protocol_invocations=1 base_noisy_vole_count=248 silent_extension_count=1 base_correlation_setup_s=0.639785 silent_extension_s=0.526812 local_output_mapping_s=0.000000 total_s=1.166597 verify_s=0.000000 bytes_sent_by_role=32601360 bytes_received_by_role=247416 harness_metadata_bytes=128 verification_opening_bytes=0 clean_protocol_bytes_by_role=32601232 direct_payload_bytes=0 silent_base_ot_bytes=95232 silent_base_noisy_vole_bytes=95496 silent_extension_payload_bytes=32505864 framing_bytes=0 notes=tcp_two_process; libOTe_SilentVole; semi_honest_128; MultType=ExConv7x24; BaseElem=u64; ExtElem=array<u64,M>; x=c; Z0=a; Z1=-b PASS
SILENT_SVOLE_TCP method=SILENT_SVOLE role=sender-client-p1 mode=bench network=tcp-loopback address=127.0.0.1:39383 logN=18 N=262144 m=16 reps=1 requested_N=262144 generated_N=262144 code_size=524768 noise_weight=248 partition_count=248 size_per_partition=2116 base_ot_count=2976 base_ot_protocol_invocations=1 base_noisy_vole_count=248 silent_extension_count=1 base_correlation_setup_s=0.724845 silent_extension_s=0.366392 local_output_mapping_s=0.000000 total_s=1.091237 verify_s=0.000000 bytes_sent_by_role=247416 bytes_received_by_role=32601360 harness_metadata_bytes=0 verification_opening_bytes=0 clean_protocol_bytes_by_role=247416 direct_payload_bytes=0 silent_base_ot_bytes=95232 silent_base_noisy_vole_bytes=32896 silent_extension_payload_bytes=214520 framing_bytes=0 notes=tcp_two_process; libOTe_SilentVole; semi_honest_128; MultType=ExConv7x24; BaseElem=u64; ExtElem=array<u64,M>; x=c; Z0=a; Z1=-b PASS
[server_exit=0 client_exit=0]

$ taskset -c 0 /home/cyy/pcg-experiments/mVOLE-local-silent-bench/build-final/main --RMVOLE_NET_BENCH silent-server 0.0.0.0 39384 18 16 1 bench &
$ taskset -c 2 /home/cyy/pcg-experiments/mVOLE-local-silent-bench/build-final/main --RMVOLE_NET_BENCH silent-client 127.0.0.1 39384 18 16 1 bench
SILENT_SVOLE_TCP method=SILENT_SVOLE role=receiver-server-p0 mode=bench network=tcp-loopback address=0.0.0.0:39384 logN=18 N=262144 m=16 reps=1 requested_N=262144 generated_N=262144 code_size=524768 noise_weight=248 partition_count=248 size_per_partition=2116 base_ot_count=2976 base_ot_protocol_invocations=1 base_noisy_vole_count=248 silent_extension_count=1 base_correlation_setup_s=0.638667 silent_extension_s=0.523493 local_output_mapping_s=0.000000 total_s=1.162160 verify_s=0.000000 bytes_sent_by_role=32601360 bytes_received_by_role=247416 harness_metadata_bytes=128 verification_opening_bytes=0 clean_protocol_bytes_by_role=32601232 direct_payload_bytes=0 silent_base_ot_bytes=95232 silent_base_noisy_vole_bytes=95496 silent_extension_payload_bytes=32505864 framing_bytes=0 notes=tcp_two_process; libOTe_SilentVole; semi_honest_128; MultType=ExConv7x24; BaseElem=u64; ExtElem=array<u64,M>; x=c; Z0=a; Z1=-b PASS
SILENT_SVOLE_TCP method=SILENT_SVOLE role=sender-client-p1 mode=bench network=tcp-loopback address=127.0.0.1:39384 logN=18 N=262144 m=16 reps=1 requested_N=262144 generated_N=262144 code_size=524768 noise_weight=248 partition_count=248 size_per_partition=2116 base_ot_count=2976 base_ot_protocol_invocations=1 base_noisy_vole_count=248 silent_extension_count=1 base_correlation_setup_s=0.719071 silent_extension_s=0.364386 local_output_mapping_s=0.000000 total_s=1.083457 verify_s=0.000000 bytes_sent_by_role=247416 bytes_received_by_role=32601360 harness_metadata_bytes=0 verification_opening_bytes=0 clean_protocol_bytes_by_role=247416 direct_payload_bytes=0 silent_base_ot_bytes=95232 silent_base_noisy_vole_bytes=32896 silent_extension_payload_bytes=214520 framing_bytes=0 notes=tcp_two_process; libOTe_SilentVole; semi_honest_128; MultType=ExConv7x24; BaseElem=u64; ExtElem=array<u64,M>; x=c; Z0=a; Z1=-b PASS
[server_exit=0 client_exit=0]

$ taskset -c 0 /home/cyy/pcg-experiments/mVOLE-local-silent-bench/build-final/main --RMVOLE_NET_BENCH silent-server 0.0.0.0 39385 18 16 1 bench &
$ taskset -c 2 /home/cyy/pcg-experiments/mVOLE-local-silent-bench/build-final/main --RMVOLE_NET_BENCH silent-client 127.0.0.1 39385 18 16 1 bench
SILENT_SVOLE_TCP method=SILENT_SVOLE role=receiver-server-p0 mode=bench network=tcp-loopback address=0.0.0.0:39385 logN=18 N=262144 m=16 reps=1 requested_N=262144 generated_N=262144 code_size=524768 noise_weight=248 partition_count=248 size_per_partition=2116 base_ot_count=2976 base_ot_protocol_invocations=1 base_noisy_vole_count=248 silent_extension_count=1 base_correlation_setup_s=0.639380 silent_extension_s=0.530355 local_output_mapping_s=0.000000 total_s=1.169736 verify_s=0.000000 bytes_sent_by_role=32601360 bytes_received_by_role=247416 harness_metadata_bytes=128 verification_opening_bytes=0 clean_protocol_bytes_by_role=32601232 direct_payload_bytes=0 silent_base_ot_bytes=95232 silent_base_noisy_vole_bytes=95496 silent_extension_payload_bytes=32505864 framing_bytes=0 notes=tcp_two_process; libOTe_SilentVole; semi_honest_128; MultType=ExConv7x24; BaseElem=u64; ExtElem=array<u64,M>; x=c; Z0=a; Z1=-b PASS
SILENT_SVOLE_TCP method=SILENT_SVOLE role=sender-client-p1 mode=bench network=tcp-loopback address=127.0.0.1:39385 logN=18 N=262144 m=16 reps=1 requested_N=262144 generated_N=262144 code_size=524768 noise_weight=248 partition_count=248 size_per_partition=2116 base_ot_count=2976 base_ot_protocol_invocations=1 base_noisy_vole_count=248 silent_extension_count=1 base_correlation_setup_s=0.726019 silent_extension_s=0.371805 local_output_mapping_s=0.000000 total_s=1.097824 verify_s=0.000000 bytes_sent_by_role=247416 bytes_received_by_role=32601360 harness_metadata_bytes=0 verification_opening_bytes=0 clean_protocol_bytes_by_role=247416 direct_payload_bytes=0 silent_base_ot_bytes=95232 silent_base_noisy_vole_bytes=32896 silent_extension_payload_bytes=214520 framing_bytes=0 notes=tcp_two_process; libOTe_SilentVole; semi_honest_128; MultType=ExConv7x24; BaseElem=u64; ExtElem=array<u64,M>; x=c; Z0=a; Z1=-b PASS
[server_exit=0 client_exit=0]

$ taskset -c 0 /home/cyy/pcg-experiments/mVOLE-local-silent-bench/build-final/main --RMVOLE_NET_BENCH silent-server 0.0.0.0 39386 18 16 1 bench &
$ taskset -c 2 /home/cyy/pcg-experiments/mVOLE-local-silent-bench/build-final/main --RMVOLE_NET_BENCH silent-client 127.0.0.1 39386 18 16 1 bench
SILENT_SVOLE_TCP method=SILENT_SVOLE role=receiver-server-p0 mode=bench network=tcp-loopback address=0.0.0.0:39386 logN=18 N=262144 m=16 reps=1 requested_N=262144 generated_N=262144 code_size=524768 noise_weight=248 partition_count=248 size_per_partition=2116 base_ot_count=2976 base_ot_protocol_invocations=1 base_noisy_vole_count=248 silent_extension_count=1 base_correlation_setup_s=0.639962 silent_extension_s=0.537152 local_output_mapping_s=0.000000 total_s=1.177114 verify_s=0.000000 bytes_sent_by_role=32601360 bytes_received_by_role=247416 harness_metadata_bytes=128 verification_opening_bytes=0 clean_protocol_bytes_by_role=32601232 direct_payload_bytes=0 silent_base_ot_bytes=95232 silent_base_noisy_vole_bytes=95496 silent_extension_payload_bytes=32505864 framing_bytes=0 notes=tcp_two_process; libOTe_SilentVole; semi_honest_128; MultType=ExConv7x24; BaseElem=u64; ExtElem=array<u64,M>; x=c; Z0=a; Z1=-b PASS
SILENT_SVOLE_TCP method=SILENT_SVOLE role=sender-client-p1 mode=bench network=tcp-loopback address=127.0.0.1:39386 logN=18 N=262144 m=16 reps=1 requested_N=262144 generated_N=262144 code_size=524768 noise_weight=248 partition_count=248 size_per_partition=2116 base_ot_count=2976 base_ot_protocol_invocations=1 base_noisy_vole_count=248 silent_extension_count=1 base_correlation_setup_s=0.727757 silent_extension_s=0.373926 local_output_mapping_s=0.000000 total_s=1.101682 verify_s=0.000000 bytes_sent_by_role=247416 bytes_received_by_role=32601360 harness_metadata_bytes=0 verification_opening_bytes=0 clean_protocol_bytes_by_role=247416 direct_payload_bytes=0 silent_base_ot_bytes=95232 silent_base_noisy_vole_bytes=32896 silent_extension_payload_bytes=214520 framing_bytes=0 notes=tcp_two_process; libOTe_SilentVole; semi_honest_128; MultType=ExConv7x24; BaseElem=u64; ExtElem=array<u64,M>; x=c; Z0=a; Z1=-b PASS
[server_exit=0 client_exit=0]

$ taskset -c 0 /home/cyy/pcg-experiments/mVOLE-local-silent-bench/build-final/main --RMVOLE_NET_BENCH silent-server 0.0.0.0 39387 18 16 1 bench &
$ taskset -c 2 /home/cyy/pcg-experiments/mVOLE-local-silent-bench/build-final/main --RMVOLE_NET_BENCH silent-client 127.0.0.1 39387 18 16 1 bench
SILENT_SVOLE_TCP method=SILENT_SVOLE role=receiver-server-p0 mode=bench network=tcp-loopback address=0.0.0.0:39387 logN=18 N=262144 m=16 reps=1 requested_N=262144 generated_N=262144 code_size=524768 noise_weight=248 partition_count=248 size_per_partition=2116 base_ot_count=2976 base_ot_protocol_invocations=1 base_noisy_vole_count=248 silent_extension_count=1 base_correlation_setup_s=0.641899 silent_extension_s=0.542628 local_output_mapping_s=0.000000 total_s=1.184527 verify_s=0.000000 bytes_sent_by_role=32601360 bytes_received_by_role=247416 harness_metadata_bytes=128 verification_opening_bytes=0 clean_protocol_bytes_by_role=32601232 direct_payload_bytes=0 silent_base_ot_bytes=95232 silent_base_noisy_vole_bytes=95496 silent_extension_payload_bytes=32505864 framing_bytes=0 notes=tcp_two_process; libOTe_SilentVole; semi_honest_128; MultType=ExConv7x24; BaseElem=u64; ExtElem=array<u64,M>; x=c; Z0=a; Z1=-b PASS
SILENT_SVOLE_TCP method=SILENT_SVOLE role=sender-client-p1 mode=bench network=tcp-loopback address=127.0.0.1:39387 logN=18 N=262144 m=16 reps=1 requested_N=262144 generated_N=262144 code_size=524768 noise_weight=248 partition_count=248 size_per_partition=2116 base_ot_count=2976 base_ot_protocol_invocations=1 base_noisy_vole_count=248 silent_extension_count=1 base_correlation_setup_s=0.730214 silent_extension_s=0.379740 local_output_mapping_s=0.000000 total_s=1.109954 verify_s=0.000000 bytes_sent_by_role=247416 bytes_received_by_role=32601360 harness_metadata_bytes=0 verification_opening_bytes=0 clean_protocol_bytes_by_role=247416 direct_payload_bytes=0 silent_base_ot_bytes=95232 silent_base_noisy_vole_bytes=32896 silent_extension_payload_bytes=214520 framing_bytes=0 notes=tcp_two_process; libOTe_SilentVole; semi_honest_128; MultType=ExConv7x24; BaseElem=u64; ExtElem=array<u64,M>; x=c; Z0=a; Z1=-b PASS
[server_exit=0 client_exit=0]

$ taskset -c 0 /home/cyy/pcg-experiments/mVOLE-local-silent-bench/build-final/main --RMVOLE_NET_BENCH silent-server 0.0.0.0 39388 18 16 1 bench &
$ taskset -c 2 /home/cyy/pcg-experiments/mVOLE-local-silent-bench/build-final/main --RMVOLE_NET_BENCH silent-client 127.0.0.1 39388 18 16 1 bench
SILENT_SVOLE_TCP method=SILENT_SVOLE role=receiver-server-p0 mode=bench network=tcp-loopback address=0.0.0.0:39388 logN=18 N=262144 m=16 reps=1 requested_N=262144 generated_N=262144 code_size=524768 noise_weight=248 partition_count=248 size_per_partition=2116 base_ot_count=2976 base_ot_protocol_invocations=1 base_noisy_vole_count=248 silent_extension_count=1 base_correlation_setup_s=0.640199 silent_extension_s=0.533351 local_output_mapping_s=0.000000 total_s=1.173550 verify_s=0.000000 bytes_sent_by_role=32601360 bytes_received_by_role=247416 harness_metadata_bytes=128 verification_opening_bytes=0 clean_protocol_bytes_by_role=32601232 direct_payload_bytes=0 silent_base_ot_bytes=95232 silent_base_noisy_vole_bytes=95496 silent_extension_payload_bytes=32505864 framing_bytes=0 notes=tcp_two_process; libOTe_SilentVole; semi_honest_128; MultType=ExConv7x24; BaseElem=u64; ExtElem=array<u64,M>; x=c; Z0=a; Z1=-b PASS
SILENT_SVOLE_TCP method=SILENT_SVOLE role=sender-client-p1 mode=bench network=tcp-loopback address=127.0.0.1:39388 logN=18 N=262144 m=16 reps=1 requested_N=262144 generated_N=262144 code_size=524768 noise_weight=248 partition_count=248 size_per_partition=2116 base_ot_count=2976 base_ot_protocol_invocations=1 base_noisy_vole_count=248 silent_extension_count=1 base_correlation_setup_s=0.725450 silent_extension_s=0.374125 local_output_mapping_s=0.000000 total_s=1.099575 verify_s=0.000000 bytes_sent_by_role=247416 bytes_received_by_role=32601360 harness_metadata_bytes=0 verification_opening_bytes=0 clean_protocol_bytes_by_role=247416 direct_payload_bytes=0 silent_base_ot_bytes=95232 silent_base_noisy_vole_bytes=32896 silent_extension_payload_bytes=214520 framing_bytes=0 notes=tcp_two_process; libOTe_SilentVole; semi_honest_128; MultType=ExConv7x24; BaseElem=u64; ExtElem=array<u64,M>; x=c; Z0=a; Z1=-b PASS
[server_exit=0 client_exit=0]

$ taskset -c 0 /home/cyy/pcg-experiments/mVOLE-local-silent-bench/build-final/main --RMVOLE_NET_BENCH silent-server 0.0.0.0 39389 18 32 1 verify &
$ taskset -c 2 /home/cyy/pcg-experiments/mVOLE-local-silent-bench/build-final/main --RMVOLE_NET_BENCH silent-client 127.0.0.1 39389 18 32 1 verify
SILENT_SVOLE_TCP method=SILENT_SVOLE role=receiver-server-p0 mode=verify network=tcp-loopback address=0.0.0.0:39389 logN=18 N=262144 m=32 reps=1 requested_N=262144 generated_N=262144 code_size=524768 noise_weight=248 partition_count=248 size_per_partition=2116 base_ot_count=2976 base_ot_protocol_invocations=1 base_noisy_vole_count=248 silent_extension_count=1 base_correlation_setup_s=0.998629 silent_extension_s=0.760549 local_output_mapping_s=0.000000 total_s=1.759178 verify_s=0.145207 bytes_sent_by_role=130119056 bytes_received_by_role=67516032 harness_metadata_bytes=256 verification_opening_bytes=67108864 clean_protocol_bytes_by_role=63009936 direct_payload_bytes=0 silent_base_ot_bytes=95232 silent_base_noisy_vole_bytes=95624 silent_extension_payload_bytes=130023432 framing_bytes=0 notes=tcp_two_process; libOTe_SilentVole; semi_honest_128; MultType=ExConv7x24; BaseElem=u64; ExtElem=array<u64,M>; x=c; Z0=a; Z1=-b PASS
SILENT_SVOLE_TCP method=SILENT_SVOLE role=sender-client-p1 mode=verify network=tcp-loopback address=127.0.0.1:39389 logN=18 N=262144 m=32 reps=1 requested_N=262144 generated_N=262144 code_size=524768 noise_weight=248 partition_count=248 size_per_partition=2116 base_ot_count=2976 base_ot_protocol_invocations=1 base_noisy_vole_count=248 silent_extension_count=1 base_correlation_setup_s=1.214558 silent_extension_s=0.454891 local_output_mapping_s=0.000000 total_s=1.669450 verify_s=0.096412 bytes_sent_by_role=67516032 bytes_received_by_role=130119056 harness_metadata_bytes=0 verification_opening_bytes=67108864 clean_protocol_bytes_by_role=407168 direct_payload_bytes=0 silent_base_ot_bytes=95232 silent_base_noisy_vole_bytes=65664 silent_extension_payload_bytes=341496 framing_bytes=8 notes=tcp_two_process; libOTe_SilentVole; semi_honest_128; MultType=ExConv7x24; BaseElem=u64; ExtElem=array<u64,M>; x=c; Z0=a; Z1=-b PASS
[server_exit=0 client_exit=0]

$ taskset -c 0 /home/cyy/pcg-experiments/mVOLE-local-silent-bench/build-final/main --RMVOLE_NET_BENCH silent-server 0.0.0.0 39390 18 32 1 bench &
$ taskset -c 2 /home/cyy/pcg-experiments/mVOLE-local-silent-bench/build-final/main --RMVOLE_NET_BENCH silent-client 127.0.0.1 39390 18 32 1 bench
SILENT_SVOLE_TCP method=SILENT_SVOLE role=receiver-server-p0 mode=bench network=tcp-loopback address=0.0.0.0:39390 logN=18 N=262144 m=32 reps=1 requested_N=262144 generated_N=262144 code_size=524768 noise_weight=248 partition_count=248 size_per_partition=2116 base_ot_count=2976 base_ot_protocol_invocations=1 base_noisy_vole_count=248 silent_extension_count=1 base_correlation_setup_s=0.999004 silent_extension_s=0.765086 local_output_mapping_s=0.000000 total_s=1.764090 verify_s=0.000000 bytes_sent_by_role=130119056 bytes_received_by_role=407160 harness_metadata_bytes=256 verification_opening_bytes=0 clean_protocol_bytes_by_role=130118800 direct_payload_bytes=0 silent_base_ot_bytes=95232 silent_base_noisy_vole_bytes=95624 silent_extension_payload_bytes=130023432 framing_bytes=0 notes=tcp_two_process; libOTe_SilentVole; semi_honest_128; MultType=ExConv7x24; BaseElem=u64; ExtElem=array<u64,M>; x=c; Z0=a; Z1=-b PASS
SILENT_SVOLE_TCP method=SILENT_SVOLE role=sender-client-p1 mode=bench network=tcp-loopback address=127.0.0.1:39390 logN=18 N=262144 m=32 reps=1 requested_N=262144 generated_N=262144 code_size=524768 noise_weight=248 partition_count=248 size_per_partition=2116 base_ot_count=2976 base_ot_protocol_invocations=1 base_noisy_vole_count=248 silent_extension_count=1 base_correlation_setup_s=1.211203 silent_extension_s=0.455439 local_output_mapping_s=0.000000 total_s=1.666642 verify_s=0.000000 bytes_sent_by_role=407160 bytes_received_by_role=130119056 harness_metadata_bytes=0 verification_opening_bytes=0 clean_protocol_bytes_by_role=407160 direct_payload_bytes=0 silent_base_ot_bytes=95232 silent_base_noisy_vole_bytes=65664 silent_extension_payload_bytes=341496 framing_bytes=0 notes=tcp_two_process; libOTe_SilentVole; semi_honest_128; MultType=ExConv7x24; BaseElem=u64; ExtElem=array<u64,M>; x=c; Z0=a; Z1=-b PASS
[server_exit=0 client_exit=0]

$ taskset -c 0 /home/cyy/pcg-experiments/mVOLE-local-silent-bench/build-final/main --RMVOLE_NET_BENCH silent-server 0.0.0.0 39391 18 32 1 bench &
$ taskset -c 2 /home/cyy/pcg-experiments/mVOLE-local-silent-bench/build-final/main --RMVOLE_NET_BENCH silent-client 127.0.0.1 39391 18 32 1 bench
SILENT_SVOLE_TCP method=SILENT_SVOLE role=receiver-server-p0 mode=bench network=tcp-loopback address=0.0.0.0:39391 logN=18 N=262144 m=32 reps=1 requested_N=262144 generated_N=262144 code_size=524768 noise_weight=248 partition_count=248 size_per_partition=2116 base_ot_count=2976 base_ot_protocol_invocations=1 base_noisy_vole_count=248 silent_extension_count=1 base_correlation_setup_s=1.000692 silent_extension_s=0.778369 local_output_mapping_s=0.000000 total_s=1.779061 verify_s=0.000000 bytes_sent_by_role=130119056 bytes_received_by_role=407160 harness_metadata_bytes=256 verification_opening_bytes=0 clean_protocol_bytes_by_role=130118800 direct_payload_bytes=0 silent_base_ot_bytes=95232 silent_base_noisy_vole_bytes=95624 silent_extension_payload_bytes=130023432 framing_bytes=0 notes=tcp_two_process; libOTe_SilentVole; semi_honest_128; MultType=ExConv7x24; BaseElem=u64; ExtElem=array<u64,M>; x=c; Z0=a; Z1=-b PASS
SILENT_SVOLE_TCP method=SILENT_SVOLE role=sender-client-p1 mode=bench network=tcp-loopback address=127.0.0.1:39391 logN=18 N=262144 m=32 reps=1 requested_N=262144 generated_N=262144 code_size=524768 noise_weight=248 partition_count=248 size_per_partition=2116 base_ot_count=2976 base_ot_protocol_invocations=1 base_noisy_vole_count=248 silent_extension_count=1 base_correlation_setup_s=1.212298 silent_extension_s=0.464915 local_output_mapping_s=0.000000 total_s=1.677213 verify_s=0.000000 bytes_sent_by_role=407160 bytes_received_by_role=130119056 harness_metadata_bytes=0 verification_opening_bytes=0 clean_protocol_bytes_by_role=407160 direct_payload_bytes=0 silent_base_ot_bytes=95232 silent_base_noisy_vole_bytes=65664 silent_extension_payload_bytes=341496 framing_bytes=0 notes=tcp_two_process; libOTe_SilentVole; semi_honest_128; MultType=ExConv7x24; BaseElem=u64; ExtElem=array<u64,M>; x=c; Z0=a; Z1=-b PASS
[server_exit=0 client_exit=0]

$ taskset -c 0 /home/cyy/pcg-experiments/mVOLE-local-silent-bench/build-final/main --RMVOLE_NET_BENCH silent-server 0.0.0.0 39392 18 32 1 bench &
$ taskset -c 2 /home/cyy/pcg-experiments/mVOLE-local-silent-bench/build-final/main --RMVOLE_NET_BENCH silent-client 127.0.0.1 39392 18 32 1 bench
SILENT_SVOLE_TCP method=SILENT_SVOLE role=receiver-server-p0 mode=bench network=tcp-loopback address=0.0.0.0:39392 logN=18 N=262144 m=32 reps=1 requested_N=262144 generated_N=262144 code_size=524768 noise_weight=248 partition_count=248 size_per_partition=2116 base_ot_count=2976 base_ot_protocol_invocations=1 base_noisy_vole_count=248 silent_extension_count=1 base_correlation_setup_s=0.999756 silent_extension_s=0.738486 local_output_mapping_s=0.000000 total_s=1.738242 verify_s=0.000000 bytes_sent_by_role=130119056 bytes_received_by_role=407160 harness_metadata_bytes=256 verification_opening_bytes=0 clean_protocol_bytes_by_role=130118800 direct_payload_bytes=0 silent_base_ot_bytes=95232 silent_base_noisy_vole_bytes=95624 silent_extension_payload_bytes=130023432 framing_bytes=0 notes=tcp_two_process; libOTe_SilentVole; semi_honest_128; MultType=ExConv7x24; BaseElem=u64; ExtElem=array<u64,M>; x=c; Z0=a; Z1=-b PASS
SILENT_SVOLE_TCP method=SILENT_SVOLE role=sender-client-p1 mode=bench network=tcp-loopback address=127.0.0.1:39392 logN=18 N=262144 m=32 reps=1 requested_N=262144 generated_N=262144 code_size=524768 noise_weight=248 partition_count=248 size_per_partition=2116 base_ot_count=2976 base_ot_protocol_invocations=1 base_noisy_vole_count=248 silent_extension_count=1 base_correlation_setup_s=1.208472 silent_extension_s=0.451821 local_output_mapping_s=0.000000 total_s=1.660292 verify_s=0.000000 bytes_sent_by_role=407160 bytes_received_by_role=130119056 harness_metadata_bytes=0 verification_opening_bytes=0 clean_protocol_bytes_by_role=407160 direct_payload_bytes=0 silent_base_ot_bytes=95232 silent_base_noisy_vole_bytes=65664 silent_extension_payload_bytes=341496 framing_bytes=0 notes=tcp_two_process; libOTe_SilentVole; semi_honest_128; MultType=ExConv7x24; BaseElem=u64; ExtElem=array<u64,M>; x=c; Z0=a; Z1=-b PASS
[server_exit=0 client_exit=0]

$ taskset -c 0 /home/cyy/pcg-experiments/mVOLE-local-silent-bench/build-final/main --RMVOLE_NET_BENCH silent-server 0.0.0.0 39393 18 32 1 bench &
$ taskset -c 2 /home/cyy/pcg-experiments/mVOLE-local-silent-bench/build-final/main --RMVOLE_NET_BENCH silent-client 127.0.0.1 39393 18 32 1 bench
SILENT_SVOLE_TCP method=SILENT_SVOLE role=receiver-server-p0 mode=bench network=tcp-loopback address=0.0.0.0:39393 logN=18 N=262144 m=32 reps=1 requested_N=262144 generated_N=262144 code_size=524768 noise_weight=248 partition_count=248 size_per_partition=2116 base_ot_count=2976 base_ot_protocol_invocations=1 base_noisy_vole_count=248 silent_extension_count=1 base_correlation_setup_s=0.998677 silent_extension_s=0.766758 local_output_mapping_s=0.000000 total_s=1.765435 verify_s=0.000000 bytes_sent_by_role=130119056 bytes_received_by_role=407160 harness_metadata_bytes=256 verification_opening_bytes=0 clean_protocol_bytes_by_role=130118800 direct_payload_bytes=0 silent_base_ot_bytes=95232 silent_base_noisy_vole_bytes=95624 silent_extension_payload_bytes=130023432 framing_bytes=0 notes=tcp_two_process; libOTe_SilentVole; semi_honest_128; MultType=ExConv7x24; BaseElem=u64; ExtElem=array<u64,M>; x=c; Z0=a; Z1=-b PASS
SILENT_SVOLE_TCP method=SILENT_SVOLE role=sender-client-p1 mode=bench network=tcp-loopback address=127.0.0.1:39393 logN=18 N=262144 m=32 reps=1 requested_N=262144 generated_N=262144 code_size=524768 noise_weight=248 partition_count=248 size_per_partition=2116 base_ot_count=2976 base_ot_protocol_invocations=1 base_noisy_vole_count=248 silent_extension_count=1 base_correlation_setup_s=1.213575 silent_extension_s=0.457512 local_output_mapping_s=0.000000 total_s=1.671087 verify_s=0.000000 bytes_sent_by_role=407160 bytes_received_by_role=130119056 harness_metadata_bytes=0 verification_opening_bytes=0 clean_protocol_bytes_by_role=407160 direct_payload_bytes=0 silent_base_ot_bytes=95232 silent_base_noisy_vole_bytes=65664 silent_extension_payload_bytes=341496 framing_bytes=0 notes=tcp_two_process; libOTe_SilentVole; semi_honest_128; MultType=ExConv7x24; BaseElem=u64; ExtElem=array<u64,M>; x=c; Z0=a; Z1=-b PASS
[server_exit=0 client_exit=0]

$ taskset -c 0 /home/cyy/pcg-experiments/mVOLE-local-silent-bench/build-final/main --RMVOLE_NET_BENCH silent-server 0.0.0.0 39394 18 32 1 bench &
$ taskset -c 2 /home/cyy/pcg-experiments/mVOLE-local-silent-bench/build-final/main --RMVOLE_NET_BENCH silent-client 127.0.0.1 39394 18 32 1 bench
SILENT_SVOLE_TCP method=SILENT_SVOLE role=receiver-server-p0 mode=bench network=tcp-loopback address=0.0.0.0:39394 logN=18 N=262144 m=32 reps=1 requested_N=262144 generated_N=262144 code_size=524768 noise_weight=248 partition_count=248 size_per_partition=2116 base_ot_count=2976 base_ot_protocol_invocations=1 base_noisy_vole_count=248 silent_extension_count=1 base_correlation_setup_s=0.999504 silent_extension_s=0.763159 local_output_mapping_s=0.000000 total_s=1.762663 verify_s=0.000000 bytes_sent_by_role=130119056 bytes_received_by_role=407160 harness_metadata_bytes=256 verification_opening_bytes=0 clean_protocol_bytes_by_role=130118800 direct_payload_bytes=0 silent_base_ot_bytes=95232 silent_base_noisy_vole_bytes=95624 silent_extension_payload_bytes=130023432 framing_bytes=0 notes=tcp_two_process; libOTe_SilentVole; semi_honest_128; MultType=ExConv7x24; BaseElem=u64; ExtElem=array<u64,M>; x=c; Z0=a; Z1=-b PASS
SILENT_SVOLE_TCP method=SILENT_SVOLE role=sender-client-p1 mode=bench network=tcp-loopback address=127.0.0.1:39394 logN=18 N=262144 m=32 reps=1 requested_N=262144 generated_N=262144 code_size=524768 noise_weight=248 partition_count=248 size_per_partition=2116 base_ot_count=2976 base_ot_protocol_invocations=1 base_noisy_vole_count=248 silent_extension_count=1 base_correlation_setup_s=1.215608 silent_extension_s=0.461963 local_output_mapping_s=0.000000 total_s=1.677571 verify_s=0.000000 bytes_sent_by_role=407160 bytes_received_by_role=130119056 harness_metadata_bytes=0 verification_opening_bytes=0 clean_protocol_bytes_by_role=407160 direct_payload_bytes=0 silent_base_ot_bytes=95232 silent_base_noisy_vole_bytes=65664 silent_extension_payload_bytes=341496 framing_bytes=0 notes=tcp_two_process; libOTe_SilentVole; semi_honest_128; MultType=ExConv7x24; BaseElem=u64; ExtElem=array<u64,M>; x=c; Z0=a; Z1=-b PASS
[server_exit=0 client_exit=0]

$ taskset -c 0 /home/cyy/pcg-experiments/mVOLE-local-silent-bench/build-final/main --RMVOLE_NET_BENCH silent-server 0.0.0.0 39395 18 32 1 bench &
$ taskset -c 2 /home/cyy/pcg-experiments/mVOLE-local-silent-bench/build-final/main --RMVOLE_NET_BENCH silent-client 127.0.0.1 39395 18 32 1 bench
SILENT_SVOLE_TCP method=SILENT_SVOLE role=receiver-server-p0 mode=bench network=tcp-loopback address=0.0.0.0:39395 logN=18 N=262144 m=32 reps=1 requested_N=262144 generated_N=262144 code_size=524768 noise_weight=248 partition_count=248 size_per_partition=2116 base_ot_count=2976 base_ot_protocol_invocations=1 base_noisy_vole_count=248 silent_extension_count=1 base_correlation_setup_s=1.001618 silent_extension_s=0.738093 local_output_mapping_s=0.000000 total_s=1.739711 verify_s=0.000000 bytes_sent_by_role=130119056 bytes_received_by_role=407160 harness_metadata_bytes=256 verification_opening_bytes=0 clean_protocol_bytes_by_role=130118800 direct_payload_bytes=0 silent_base_ot_bytes=95232 silent_base_noisy_vole_bytes=95624 silent_extension_payload_bytes=130023432 framing_bytes=0 notes=tcp_two_process; libOTe_SilentVole; semi_honest_128; MultType=ExConv7x24; BaseElem=u64; ExtElem=array<u64,M>; x=c; Z0=a; Z1=-b PASS
SILENT_SVOLE_TCP method=SILENT_SVOLE role=sender-client-p1 mode=bench network=tcp-loopback address=127.0.0.1:39395 logN=18 N=262144 m=32 reps=1 requested_N=262144 generated_N=262144 code_size=524768 noise_weight=248 partition_count=248 size_per_partition=2116 base_ot_count=2976 base_ot_protocol_invocations=1 base_noisy_vole_count=248 silent_extension_count=1 base_correlation_setup_s=1.216672 silent_extension_s=0.455738 local_output_mapping_s=0.000000 total_s=1.672410 verify_s=0.000000 bytes_sent_by_role=407160 bytes_received_by_role=130119056 harness_metadata_bytes=0 verification_opening_bytes=0 clean_protocol_bytes_by_role=407160 direct_payload_bytes=0 silent_base_ot_bytes=95232 silent_base_noisy_vole_bytes=65664 silent_extension_payload_bytes=341496 framing_bytes=0 notes=tcp_two_process; libOTe_SilentVole; semi_honest_128; MultType=ExConv7x24; BaseElem=u64; ExtElem=array<u64,M>; x=c; Z0=a; Z1=-b PASS
[server_exit=0 client_exit=0]

$ taskset -c 0 /home/cyy/pcg-experiments/mVOLE-local-silent-bench/build-final/main --RMVOLE_NET_BENCH silent-server 0.0.0.0 39396 18 32 1 bench &
$ taskset -c 2 /home/cyy/pcg-experiments/mVOLE-local-silent-bench/build-final/main --RMVOLE_NET_BENCH silent-client 127.0.0.1 39396 18 32 1 bench
SILENT_SVOLE_TCP method=SILENT_SVOLE role=receiver-server-p0 mode=bench network=tcp-loopback address=0.0.0.0:39396 logN=18 N=262144 m=32 reps=1 requested_N=262144 generated_N=262144 code_size=524768 noise_weight=248 partition_count=248 size_per_partition=2116 base_ot_count=2976 base_ot_protocol_invocations=1 base_noisy_vole_count=248 silent_extension_count=1 base_correlation_setup_s=0.998908 silent_extension_s=0.771957 local_output_mapping_s=0.000000 total_s=1.770865 verify_s=0.000000 bytes_sent_by_role=130119056 bytes_received_by_role=407160 harness_metadata_bytes=256 verification_opening_bytes=0 clean_protocol_bytes_by_role=130118800 direct_payload_bytes=0 silent_base_ot_bytes=95232 silent_base_noisy_vole_bytes=95624 silent_extension_payload_bytes=130023432 framing_bytes=0 notes=tcp_two_process; libOTe_SilentVole; semi_honest_128; MultType=ExConv7x24; BaseElem=u64; ExtElem=array<u64,M>; x=c; Z0=a; Z1=-b PASS
SILENT_SVOLE_TCP method=SILENT_SVOLE role=sender-client-p1 mode=bench network=tcp-loopback address=127.0.0.1:39396 logN=18 N=262144 m=32 reps=1 requested_N=262144 generated_N=262144 code_size=524768 noise_weight=248 partition_count=248 size_per_partition=2116 base_ot_count=2976 base_ot_protocol_invocations=1 base_noisy_vole_count=248 silent_extension_count=1 base_correlation_setup_s=1.215802 silent_extension_s=0.460167 local_output_mapping_s=0.000000 total_s=1.675969 verify_s=0.000000 bytes_sent_by_role=407160 bytes_received_by_role=130119056 harness_metadata_bytes=0 verification_opening_bytes=0 clean_protocol_bytes_by_role=407160 direct_payload_bytes=0 silent_base_ot_bytes=95232 silent_base_noisy_vole_bytes=65664 silent_extension_payload_bytes=341496 framing_bytes=0 notes=tcp_two_process; libOTe_SilentVole; semi_honest_128; MultType=ExConv7x24; BaseElem=u64; ExtElem=array<u64,M>; x=c; Z0=a; Z1=-b PASS
[server_exit=0 client_exit=0]

$ taskset -c 0 /home/cyy/pcg-experiments/mVOLE-local-silent-bench/build-final/main --RMVOLE_NET_BENCH silent-server 0.0.0.0 39397 18 32 1 bench &
$ taskset -c 2 /home/cyy/pcg-experiments/mVOLE-local-silent-bench/build-final/main --RMVOLE_NET_BENCH silent-client 127.0.0.1 39397 18 32 1 bench
SILENT_SVOLE_TCP method=SILENT_SVOLE role=receiver-server-p0 mode=bench network=tcp-loopback address=0.0.0.0:39397 logN=18 N=262144 m=32 reps=1 requested_N=262144 generated_N=262144 code_size=524768 noise_weight=248 partition_count=248 size_per_partition=2116 base_ot_count=2976 base_ot_protocol_invocations=1 base_noisy_vole_count=248 silent_extension_count=1 base_correlation_setup_s=1.001221 silent_extension_s=0.746096 local_output_mapping_s=0.000000 total_s=1.747317 verify_s=0.000000 bytes_sent_by_role=130119056 bytes_received_by_role=407160 harness_metadata_bytes=256 verification_opening_bytes=0 clean_protocol_bytes_by_role=130118800 direct_payload_bytes=0 silent_base_ot_bytes=95232 silent_base_noisy_vole_bytes=95624 silent_extension_payload_bytes=130023432 framing_bytes=0 notes=tcp_two_process; libOTe_SilentVole; semi_honest_128; MultType=ExConv7x24; BaseElem=u64; ExtElem=array<u64,M>; x=c; Z0=a; Z1=-b PASS
SILENT_SVOLE_TCP method=SILENT_SVOLE role=sender-client-p1 mode=bench network=tcp-loopback address=127.0.0.1:39397 logN=18 N=262144 m=32 reps=1 requested_N=262144 generated_N=262144 code_size=524768 noise_weight=248 partition_count=248 size_per_partition=2116 base_ot_count=2976 base_ot_protocol_invocations=1 base_noisy_vole_count=248 silent_extension_count=1 base_correlation_setup_s=1.218311 silent_extension_s=0.458455 local_output_mapping_s=0.000000 total_s=1.676767 verify_s=0.000000 bytes_sent_by_role=407160 bytes_received_by_role=130119056 harness_metadata_bytes=0 verification_opening_bytes=0 clean_protocol_bytes_by_role=407160 direct_payload_bytes=0 silent_base_ot_bytes=95232 silent_base_noisy_vole_bytes=65664 silent_extension_payload_bytes=341496 framing_bytes=0 notes=tcp_two_process; libOTe_SilentVole; semi_honest_128; MultType=ExConv7x24; BaseElem=u64; ExtElem=array<u64,M>; x=c; Z0=a; Z1=-b PASS
[server_exit=0 client_exit=0]

$ taskset -c 0 /home/cyy/pcg-experiments/mVOLE-local-silent-bench/build-final/main --RMVOLE_NET_BENCH silent-server 0.0.0.0 39398 18 32 1 bench &
$ taskset -c 2 /home/cyy/pcg-experiments/mVOLE-local-silent-bench/build-final/main --RMVOLE_NET_BENCH silent-client 127.0.0.1 39398 18 32 1 bench
SILENT_SVOLE_TCP method=SILENT_SVOLE role=receiver-server-p0 mode=bench network=tcp-loopback address=0.0.0.0:39398 logN=18 N=262144 m=32 reps=1 requested_N=262144 generated_N=262144 code_size=524768 noise_weight=248 partition_count=248 size_per_partition=2116 base_ot_count=2976 base_ot_protocol_invocations=1 base_noisy_vole_count=248 silent_extension_count=1 base_correlation_setup_s=0.998389 silent_extension_s=0.736223 local_output_mapping_s=0.000000 total_s=1.734612 verify_s=0.000000 bytes_sent_by_role=130119056 bytes_received_by_role=407160 harness_metadata_bytes=256 verification_opening_bytes=0 clean_protocol_bytes_by_role=130118800 direct_payload_bytes=0 silent_base_ot_bytes=95232 silent_base_noisy_vole_bytes=95624 silent_extension_payload_bytes=130023432 framing_bytes=0 notes=tcp_two_process; libOTe_SilentVole; semi_honest_128; MultType=ExConv7x24; BaseElem=u64; ExtElem=array<u64,M>; x=c; Z0=a; Z1=-b PASS
SILENT_SVOLE_TCP method=SILENT_SVOLE role=sender-client-p1 mode=bench network=tcp-loopback address=127.0.0.1:39398 logN=18 N=262144 m=32 reps=1 requested_N=262144 generated_N=262144 code_size=524768 noise_weight=248 partition_count=248 size_per_partition=2116 base_ot_count=2976 base_ot_protocol_invocations=1 base_noisy_vole_count=248 silent_extension_count=1 base_correlation_setup_s=1.212383 silent_extension_s=0.456252 local_output_mapping_s=0.000000 total_s=1.668635 verify_s=0.000000 bytes_sent_by_role=407160 bytes_received_by_role=130119056 harness_metadata_bytes=0 verification_opening_bytes=0 clean_protocol_bytes_by_role=407160 direct_payload_bytes=0 silent_base_ot_bytes=95232 silent_base_noisy_vole_bytes=65664 silent_extension_payload_bytes=341496 framing_bytes=0 notes=tcp_two_process; libOTe_SilentVole; semi_honest_128; MultType=ExConv7x24; BaseElem=u64; ExtElem=array<u64,M>; x=c; Z0=a; Z1=-b PASS
[server_exit=0 client_exit=0]

$ taskset -c 0 /home/cyy/pcg-experiments/mVOLE-local-silent-bench/build-final/main --RMVOLE_NET_BENCH silent-server 0.0.0.0 39399 18 32 1 bench &
$ taskset -c 2 /home/cyy/pcg-experiments/mVOLE-local-silent-bench/build-final/main --RMVOLE_NET_BENCH silent-client 127.0.0.1 39399 18 32 1 bench
SILENT_SVOLE_TCP method=SILENT_SVOLE role=receiver-server-p0 mode=bench network=tcp-loopback address=0.0.0.0:39399 logN=18 N=262144 m=32 reps=1 requested_N=262144 generated_N=262144 code_size=524768 noise_weight=248 partition_count=248 size_per_partition=2116 base_ot_count=2976 base_ot_protocol_invocations=1 base_noisy_vole_count=248 silent_extension_count=1 base_correlation_setup_s=0.998108 silent_extension_s=0.758571 local_output_mapping_s=0.000000 total_s=1.756679 verify_s=0.000000 bytes_sent_by_role=130119056 bytes_received_by_role=407160 harness_metadata_bytes=256 verification_opening_bytes=0 clean_protocol_bytes_by_role=130118800 direct_payload_bytes=0 silent_base_ot_bytes=95232 silent_base_noisy_vole_bytes=95624 silent_extension_payload_bytes=130023432 framing_bytes=0 notes=tcp_two_process; libOTe_SilentVole; semi_honest_128; MultType=ExConv7x24; BaseElem=u64; ExtElem=array<u64,M>; x=c; Z0=a; Z1=-b PASS
SILENT_SVOLE_TCP method=SILENT_SVOLE role=sender-client-p1 mode=bench network=tcp-loopback address=127.0.0.1:39399 logN=18 N=262144 m=32 reps=1 requested_N=262144 generated_N=262144 code_size=524768 noise_weight=248 partition_count=248 size_per_partition=2116 base_ot_count=2976 base_ot_protocol_invocations=1 base_noisy_vole_count=248 silent_extension_count=1 base_correlation_setup_s=1.213292 silent_extension_s=0.457155 local_output_mapping_s=0.000000 total_s=1.670447 verify_s=0.000000 bytes_sent_by_role=407160 bytes_received_by_role=130119056 harness_metadata_bytes=0 verification_opening_bytes=0 clean_protocol_bytes_by_role=407160 direct_payload_bytes=0 silent_base_ot_bytes=95232 silent_base_noisy_vole_bytes=65664 silent_extension_payload_bytes=341496 framing_bytes=0 notes=tcp_two_process; libOTe_SilentVole; semi_honest_128; MultType=ExConv7x24; BaseElem=u64; ExtElem=array<u64,M>; x=c; Z0=a; Z1=-b PASS
[server_exit=0 client_exit=0]

$ taskset -c 0 /home/cyy/pcg-experiments/mVOLE-local-silent-bench/build-final/main --RMVOLE_NET_BENCH silent-server 0.0.0.0 39400 18 32 1 bench &
$ taskset -c 2 /home/cyy/pcg-experiments/mVOLE-local-silent-bench/build-final/main --RMVOLE_NET_BENCH silent-client 127.0.0.1 39400 18 32 1 bench
SILENT_SVOLE_TCP method=SILENT_SVOLE role=receiver-server-p0 mode=bench network=tcp-loopback address=0.0.0.0:39400 logN=18 N=262144 m=32 reps=1 requested_N=262144 generated_N=262144 code_size=524768 noise_weight=248 partition_count=248 size_per_partition=2116 base_ot_count=2976 base_ot_protocol_invocations=1 base_noisy_vole_count=248 silent_extension_count=1 base_correlation_setup_s=0.998944 silent_extension_s=0.741143 local_output_mapping_s=0.000000 total_s=1.740087 verify_s=0.000000 bytes_sent_by_role=130119056 bytes_received_by_role=407160 harness_metadata_bytes=256 verification_opening_bytes=0 clean_protocol_bytes_by_role=130118800 direct_payload_bytes=0 silent_base_ot_bytes=95232 silent_base_noisy_vole_bytes=95624 silent_extension_payload_bytes=130023432 framing_bytes=0 notes=tcp_two_process; libOTe_SilentVole; semi_honest_128; MultType=ExConv7x24; BaseElem=u64; ExtElem=array<u64,M>; x=c; Z0=a; Z1=-b PASS
SILENT_SVOLE_TCP method=SILENT_SVOLE role=sender-client-p1 mode=bench network=tcp-loopback address=127.0.0.1:39400 logN=18 N=262144 m=32 reps=1 requested_N=262144 generated_N=262144 code_size=524768 noise_weight=248 partition_count=248 size_per_partition=2116 base_ot_count=2976 base_ot_protocol_invocations=1 base_noisy_vole_count=248 silent_extension_count=1 base_correlation_setup_s=1.212900 silent_extension_s=0.463011 local_output_mapping_s=0.000000 total_s=1.675911 verify_s=0.000000 bytes_sent_by_role=407160 bytes_received_by_role=130119056 harness_metadata_bytes=0 verification_opening_bytes=0 clean_protocol_bytes_by_role=407160 direct_payload_bytes=0 silent_base_ot_bytes=95232 silent_base_noisy_vole_bytes=65664 silent_extension_payload_bytes=341496 framing_bytes=0 notes=tcp_two_process; libOTe_SilentVole; semi_honest_128; MultType=ExConv7x24; BaseElem=u64; ExtElem=array<u64,M>; x=c; Z0=a; Z1=-b PASS
[server_exit=0 client_exit=0]

$ taskset -c 0 /home/cyy/pcg-experiments/mVOLE-local-silent-bench/build-final/main --RMVOLE_NET_BENCH silent-server 0.0.0.0 39401 20 8 1 verify &
$ taskset -c 2 /home/cyy/pcg-experiments/mVOLE-local-silent-bench/build-final/main --RMVOLE_NET_BENCH silent-client 127.0.0.1 39401 20 8 1 verify
SILENT_SVOLE_TCP method=SILENT_SVOLE role=receiver-server-p0 mode=verify network=tcp-loopback address=0.0.0.0:39401 logN=20 N=1048576 m=8 reps=1 requested_N=1048576 generated_N=1048576 code_size=2097584 noise_weight=248 partition_count=248 size_per_partition=8458 base_ot_count=3472 base_ot_protocol_invocations=1 base_noisy_vole_count=248 silent_extension_count=1 base_correlation_setup_s=0.545177 silent_extension_s=1.420892 local_output_mapping_s=0.000000 total_s=1.966069 verify_s=0.286156 bytes_sent_by_role=8237776 bytes_received_by_role=67292288 harness_metadata_bytes=64 verification_opening_bytes=67108864 clean_protocol_bytes_by_role=0 direct_payload_bytes=0 silent_base_ot_bytes=111104 silent_base_noisy_vole_bytes=111304 silent_extension_payload_bytes=8126472 framing_bytes=0 notes=tcp_two_process; libOTe_SilentVole; semi_honest_128; MultType=ExConv7x24; BaseElem=u64; ExtElem=array<u64,M>; x=c; Z0=a; Z1=-b PASS
SILENT_SVOLE_TCP method=SILENT_SVOLE role=sender-client-p1 mode=verify network=tcp-loopback address=127.0.0.1:39401 logN=20 N=1048576 m=8 reps=1 requested_N=1048576 generated_N=1048576 code_size=2097584 noise_weight=248 partition_count=248 size_per_partition=8458 base_ot_count=3472 base_ot_protocol_invocations=1 base_noisy_vole_count=248 silent_extension_count=1 base_correlation_setup_s=0.725066 silent_extension_s=0.969046 local_output_mapping_s=0.000000 total_s=1.694112 verify_s=0.116889 bytes_sent_by_role=67292288 bytes_received_by_role=8237776 harness_metadata_bytes=0 verification_opening_bytes=67108864 clean_protocol_bytes_by_role=183424 direct_payload_bytes=0 silent_base_ot_bytes=111104 silent_base_noisy_vole_bytes=16512 silent_extension_payload_bytes=166904 framing_bytes=8 notes=tcp_two_process; libOTe_SilentVole; semi_honest_128; MultType=ExConv7x24; BaseElem=u64; ExtElem=array<u64,M>; x=c; Z0=a; Z1=-b PASS
[server_exit=0 client_exit=0]

$ taskset -c 0 /home/cyy/pcg-experiments/mVOLE-local-silent-bench/build-final/main --RMVOLE_NET_BENCH silent-server 0.0.0.0 39402 20 8 1 bench &
$ taskset -c 2 /home/cyy/pcg-experiments/mVOLE-local-silent-bench/build-final/main --RMVOLE_NET_BENCH silent-client 127.0.0.1 39402 20 8 1 bench
SILENT_SVOLE_TCP method=SILENT_SVOLE role=receiver-server-p0 mode=bench network=tcp-loopback address=0.0.0.0:39402 logN=20 N=1048576 m=8 reps=1 requested_N=1048576 generated_N=1048576 code_size=2097584 noise_weight=248 partition_count=248 size_per_partition=8458 base_ot_count=3472 base_ot_protocol_invocations=1 base_noisy_vole_count=248 silent_extension_count=1 base_correlation_setup_s=0.545479 silent_extension_s=1.401697 local_output_mapping_s=0.000000 total_s=1.947177 verify_s=0.000000 bytes_sent_by_role=8237776 bytes_received_by_role=183416 harness_metadata_bytes=64 verification_opening_bytes=0 clean_protocol_bytes_by_role=8237712 direct_payload_bytes=0 silent_base_ot_bytes=111104 silent_base_noisy_vole_bytes=111304 silent_extension_payload_bytes=8126472 framing_bytes=0 notes=tcp_two_process; libOTe_SilentVole; semi_honest_128; MultType=ExConv7x24; BaseElem=u64; ExtElem=array<u64,M>; x=c; Z0=a; Z1=-b PASS
SILENT_SVOLE_TCP method=SILENT_SVOLE role=sender-client-p1 mode=bench network=tcp-loopback address=127.0.0.1:39402 logN=20 N=1048576 m=8 reps=1 requested_N=1048576 generated_N=1048576 code_size=2097584 noise_weight=248 partition_count=248 size_per_partition=8458 base_ot_count=3472 base_ot_protocol_invocations=1 base_noisy_vole_count=248 silent_extension_count=1 base_correlation_setup_s=0.710053 silent_extension_s=0.980446 local_output_mapping_s=0.000000 total_s=1.690498 verify_s=0.000000 bytes_sent_by_role=183416 bytes_received_by_role=8237776 harness_metadata_bytes=0 verification_opening_bytes=0 clean_protocol_bytes_by_role=183416 direct_payload_bytes=0 silent_base_ot_bytes=111104 silent_base_noisy_vole_bytes=16512 silent_extension_payload_bytes=166904 framing_bytes=0 notes=tcp_two_process; libOTe_SilentVole; semi_honest_128; MultType=ExConv7x24; BaseElem=u64; ExtElem=array<u64,M>; x=c; Z0=a; Z1=-b PASS
[server_exit=0 client_exit=0]

$ taskset -c 0 /home/cyy/pcg-experiments/mVOLE-local-silent-bench/build-final/main --RMVOLE_NET_BENCH silent-server 0.0.0.0 39403 20 8 1 bench &
$ taskset -c 2 /home/cyy/pcg-experiments/mVOLE-local-silent-bench/build-final/main --RMVOLE_NET_BENCH silent-client 127.0.0.1 39403 20 8 1 bench
SILENT_SVOLE_TCP method=SILENT_SVOLE role=receiver-server-p0 mode=bench network=tcp-loopback address=0.0.0.0:39403 logN=20 N=1048576 m=8 reps=1 requested_N=1048576 generated_N=1048576 code_size=2097584 noise_weight=248 partition_count=248 size_per_partition=8458 base_ot_count=3472 base_ot_protocol_invocations=1 base_noisy_vole_count=248 silent_extension_count=1 base_correlation_setup_s=0.545059 silent_extension_s=1.399966 local_output_mapping_s=0.000000 total_s=1.945025 verify_s=0.000000 bytes_sent_by_role=8237776 bytes_received_by_role=183416 harness_metadata_bytes=64 verification_opening_bytes=0 clean_protocol_bytes_by_role=8237712 direct_payload_bytes=0 silent_base_ot_bytes=111104 silent_base_noisy_vole_bytes=111304 silent_extension_payload_bytes=8126472 framing_bytes=0 notes=tcp_two_process; libOTe_SilentVole; semi_honest_128; MultType=ExConv7x24; BaseElem=u64; ExtElem=array<u64,M>; x=c; Z0=a; Z1=-b PASS
SILENT_SVOLE_TCP method=SILENT_SVOLE role=sender-client-p1 mode=bench network=tcp-loopback address=127.0.0.1:39403 logN=20 N=1048576 m=8 reps=1 requested_N=1048576 generated_N=1048576 code_size=2097584 noise_weight=248 partition_count=248 size_per_partition=8458 base_ot_count=3472 base_ot_protocol_invocations=1 base_noisy_vole_count=248 silent_extension_count=1 base_correlation_setup_s=0.723322 silent_extension_s=0.970687 local_output_mapping_s=0.000000 total_s=1.694009 verify_s=0.000000 bytes_sent_by_role=183416 bytes_received_by_role=8237776 harness_metadata_bytes=0 verification_opening_bytes=0 clean_protocol_bytes_by_role=183416 direct_payload_bytes=0 silent_base_ot_bytes=111104 silent_base_noisy_vole_bytes=16512 silent_extension_payload_bytes=166904 framing_bytes=0 notes=tcp_two_process; libOTe_SilentVole; semi_honest_128; MultType=ExConv7x24; BaseElem=u64; ExtElem=array<u64,M>; x=c; Z0=a; Z1=-b PASS
[server_exit=0 client_exit=0]

$ taskset -c 0 /home/cyy/pcg-experiments/mVOLE-local-silent-bench/build-final/main --RMVOLE_NET_BENCH silent-server 0.0.0.0 39404 20 8 1 bench &
$ taskset -c 2 /home/cyy/pcg-experiments/mVOLE-local-silent-bench/build-final/main --RMVOLE_NET_BENCH silent-client 127.0.0.1 39404 20 8 1 bench
SILENT_SVOLE_TCP method=SILENT_SVOLE role=receiver-server-p0 mode=bench network=tcp-loopback address=0.0.0.0:39404 logN=20 N=1048576 m=8 reps=1 requested_N=1048576 generated_N=1048576 code_size=2097584 noise_weight=248 partition_count=248 size_per_partition=8458 base_ot_count=3472 base_ot_protocol_invocations=1 base_noisy_vole_count=248 silent_extension_count=1 base_correlation_setup_s=0.546507 silent_extension_s=1.411935 local_output_mapping_s=0.000000 total_s=1.958441 verify_s=0.000000 bytes_sent_by_role=8237776 bytes_received_by_role=183416 harness_metadata_bytes=64 verification_opening_bytes=0 clean_protocol_bytes_by_role=8237712 direct_payload_bytes=0 silent_base_ot_bytes=111104 silent_base_noisy_vole_bytes=111304 silent_extension_payload_bytes=8126472 framing_bytes=0 notes=tcp_two_process; libOTe_SilentVole; semi_honest_128; MultType=ExConv7x24; BaseElem=u64; ExtElem=array<u64,M>; x=c; Z0=a; Z1=-b PASS
SILENT_SVOLE_TCP method=SILENT_SVOLE role=sender-client-p1 mode=bench network=tcp-loopback address=127.0.0.1:39404 logN=20 N=1048576 m=8 reps=1 requested_N=1048576 generated_N=1048576 code_size=2097584 noise_weight=248 partition_count=248 size_per_partition=8458 base_ot_count=3472 base_ot_protocol_invocations=1 base_noisy_vole_count=248 silent_extension_count=1 base_correlation_setup_s=0.712085 silent_extension_s=0.983710 local_output_mapping_s=0.000000 total_s=1.695794 verify_s=0.000000 bytes_sent_by_role=183416 bytes_received_by_role=8237776 harness_metadata_bytes=0 verification_opening_bytes=0 clean_protocol_bytes_by_role=183416 direct_payload_bytes=0 silent_base_ot_bytes=111104 silent_base_noisy_vole_bytes=16512 silent_extension_payload_bytes=166904 framing_bytes=0 notes=tcp_two_process; libOTe_SilentVole; semi_honest_128; MultType=ExConv7x24; BaseElem=u64; ExtElem=array<u64,M>; x=c; Z0=a; Z1=-b PASS
[server_exit=0 client_exit=0]

$ taskset -c 0 /home/cyy/pcg-experiments/mVOLE-local-silent-bench/build-final/main --RMVOLE_NET_BENCH silent-server 0.0.0.0 39405 20 8 1 bench &
$ taskset -c 2 /home/cyy/pcg-experiments/mVOLE-local-silent-bench/build-final/main --RMVOLE_NET_BENCH silent-client 127.0.0.1 39405 20 8 1 bench
SILENT_SVOLE_TCP method=SILENT_SVOLE role=receiver-server-p0 mode=bench network=tcp-loopback address=0.0.0.0:39405 logN=20 N=1048576 m=8 reps=1 requested_N=1048576 generated_N=1048576 code_size=2097584 noise_weight=248 partition_count=248 size_per_partition=8458 base_ot_count=3472 base_ot_protocol_invocations=1 base_noisy_vole_count=248 silent_extension_count=1 base_correlation_setup_s=0.545793 silent_extension_s=1.413094 local_output_mapping_s=0.000000 total_s=1.958887 verify_s=0.000000 bytes_sent_by_role=8237776 bytes_received_by_role=183416 harness_metadata_bytes=64 verification_opening_bytes=0 clean_protocol_bytes_by_role=8237712 direct_payload_bytes=0 silent_base_ot_bytes=111104 silent_base_noisy_vole_bytes=111304 silent_extension_payload_bytes=8126472 framing_bytes=0 notes=tcp_two_process; libOTe_SilentVole; semi_honest_128; MultType=ExConv7x24; BaseElem=u64; ExtElem=array<u64,M>; x=c; Z0=a; Z1=-b PASS
SILENT_SVOLE_TCP method=SILENT_SVOLE role=sender-client-p1 mode=bench network=tcp-loopback address=127.0.0.1:39405 logN=20 N=1048576 m=8 reps=1 requested_N=1048576 generated_N=1048576 code_size=2097584 noise_weight=248 partition_count=248 size_per_partition=8458 base_ot_count=3472 base_ot_protocol_invocations=1 base_noisy_vole_count=248 silent_extension_count=1 base_correlation_setup_s=0.725808 silent_extension_s=0.981788 local_output_mapping_s=0.000000 total_s=1.707597 verify_s=0.000000 bytes_sent_by_role=183416 bytes_received_by_role=8237776 harness_metadata_bytes=0 verification_opening_bytes=0 clean_protocol_bytes_by_role=183416 direct_payload_bytes=0 silent_base_ot_bytes=111104 silent_base_noisy_vole_bytes=16512 silent_extension_payload_bytes=166904 framing_bytes=0 notes=tcp_two_process; libOTe_SilentVole; semi_honest_128; MultType=ExConv7x24; BaseElem=u64; ExtElem=array<u64,M>; x=c; Z0=a; Z1=-b PASS
[server_exit=0 client_exit=0]

$ taskset -c 0 /home/cyy/pcg-experiments/mVOLE-local-silent-bench/build-final/main --RMVOLE_NET_BENCH silent-server 0.0.0.0 39406 20 8 1 bench &
$ taskset -c 2 /home/cyy/pcg-experiments/mVOLE-local-silent-bench/build-final/main --RMVOLE_NET_BENCH silent-client 127.0.0.1 39406 20 8 1 bench
SILENT_SVOLE_TCP method=SILENT_SVOLE role=receiver-server-p0 mode=bench network=tcp-loopback address=0.0.0.0:39406 logN=20 N=1048576 m=8 reps=1 requested_N=1048576 generated_N=1048576 code_size=2097584 noise_weight=248 partition_count=248 size_per_partition=8458 base_ot_count=3472 base_ot_protocol_invocations=1 base_noisy_vole_count=248 silent_extension_count=1 base_correlation_setup_s=0.545320 silent_extension_s=1.409947 local_output_mapping_s=0.000000 total_s=1.955267 verify_s=0.000000 bytes_sent_by_role=8237776 bytes_received_by_role=183416 harness_metadata_bytes=64 verification_opening_bytes=0 clean_protocol_bytes_by_role=8237712 direct_payload_bytes=0 silent_base_ot_bytes=111104 silent_base_noisy_vole_bytes=111304 silent_extension_payload_bytes=8126472 framing_bytes=0 notes=tcp_two_process; libOTe_SilentVole; semi_honest_128; MultType=ExConv7x24; BaseElem=u64; ExtElem=array<u64,M>; x=c; Z0=a; Z1=-b PASS
SILENT_SVOLE_TCP method=SILENT_SVOLE role=sender-client-p1 mode=bench network=tcp-loopback address=127.0.0.1:39406 logN=20 N=1048576 m=8 reps=1 requested_N=1048576 generated_N=1048576 code_size=2097584 noise_weight=248 partition_count=248 size_per_partition=8458 base_ot_count=3472 base_ot_protocol_invocations=1 base_noisy_vole_count=248 silent_extension_count=1 base_correlation_setup_s=0.709784 silent_extension_s=0.978509 local_output_mapping_s=0.000000 total_s=1.688292 verify_s=0.000000 bytes_sent_by_role=183416 bytes_received_by_role=8237776 harness_metadata_bytes=0 verification_opening_bytes=0 clean_protocol_bytes_by_role=183416 direct_payload_bytes=0 silent_base_ot_bytes=111104 silent_base_noisy_vole_bytes=16512 silent_extension_payload_bytes=166904 framing_bytes=0 notes=tcp_two_process; libOTe_SilentVole; semi_honest_128; MultType=ExConv7x24; BaseElem=u64; ExtElem=array<u64,M>; x=c; Z0=a; Z1=-b PASS
[server_exit=0 client_exit=0]

$ taskset -c 0 /home/cyy/pcg-experiments/mVOLE-local-silent-bench/build-final/main --RMVOLE_NET_BENCH silent-server 0.0.0.0 39407 20 8 1 bench &
$ taskset -c 2 /home/cyy/pcg-experiments/mVOLE-local-silent-bench/build-final/main --RMVOLE_NET_BENCH silent-client 127.0.0.1 39407 20 8 1 bench
SILENT_SVOLE_TCP method=SILENT_SVOLE role=receiver-server-p0 mode=bench network=tcp-loopback address=0.0.0.0:39407 logN=20 N=1048576 m=8 reps=1 requested_N=1048576 generated_N=1048576 code_size=2097584 noise_weight=248 partition_count=248 size_per_partition=8458 base_ot_count=3472 base_ot_protocol_invocations=1 base_noisy_vole_count=248 silent_extension_count=1 base_correlation_setup_s=0.545086 silent_extension_s=1.409600 local_output_mapping_s=0.000000 total_s=1.954686 verify_s=0.000000 bytes_sent_by_role=8237776 bytes_received_by_role=183416 harness_metadata_bytes=64 verification_opening_bytes=0 clean_protocol_bytes_by_role=8237712 direct_payload_bytes=0 silent_base_ot_bytes=111104 silent_base_noisy_vole_bytes=111304 silent_extension_payload_bytes=8126472 framing_bytes=0 notes=tcp_two_process; libOTe_SilentVole; semi_honest_128; MultType=ExConv7x24; BaseElem=u64; ExtElem=array<u64,M>; x=c; Z0=a; Z1=-b PASS
SILENT_SVOLE_TCP method=SILENT_SVOLE role=sender-client-p1 mode=bench network=tcp-loopback address=127.0.0.1:39407 logN=20 N=1048576 m=8 reps=1 requested_N=1048576 generated_N=1048576 code_size=2097584 noise_weight=248 partition_count=248 size_per_partition=8458 base_ot_count=3472 base_ot_protocol_invocations=1 base_noisy_vole_count=248 silent_extension_count=1 base_correlation_setup_s=0.720239 silent_extension_s=0.987700 local_output_mapping_s=0.000000 total_s=1.707939 verify_s=0.000000 bytes_sent_by_role=183416 bytes_received_by_role=8237776 harness_metadata_bytes=0 verification_opening_bytes=0 clean_protocol_bytes_by_role=183416 direct_payload_bytes=0 silent_base_ot_bytes=111104 silent_base_noisy_vole_bytes=16512 silent_extension_payload_bytes=166904 framing_bytes=0 notes=tcp_two_process; libOTe_SilentVole; semi_honest_128; MultType=ExConv7x24; BaseElem=u64; ExtElem=array<u64,M>; x=c; Z0=a; Z1=-b PASS
[server_exit=0 client_exit=0]

$ taskset -c 0 /home/cyy/pcg-experiments/mVOLE-local-silent-bench/build-final/main --RMVOLE_NET_BENCH silent-server 0.0.0.0 39408 20 8 1 bench &
$ taskset -c 2 /home/cyy/pcg-experiments/mVOLE-local-silent-bench/build-final/main --RMVOLE_NET_BENCH silent-client 127.0.0.1 39408 20 8 1 bench
SILENT_SVOLE_TCP method=SILENT_SVOLE role=receiver-server-p0 mode=bench network=tcp-loopback address=0.0.0.0:39408 logN=20 N=1048576 m=8 reps=1 requested_N=1048576 generated_N=1048576 code_size=2097584 noise_weight=248 partition_count=248 size_per_partition=8458 base_ot_count=3472 base_ot_protocol_invocations=1 base_noisy_vole_count=248 silent_extension_count=1 base_correlation_setup_s=0.545245 silent_extension_s=1.396363 local_output_mapping_s=0.000000 total_s=1.941608 verify_s=0.000000 bytes_sent_by_role=8237776 bytes_received_by_role=183416 harness_metadata_bytes=64 verification_opening_bytes=0 clean_protocol_bytes_by_role=8237712 direct_payload_bytes=0 silent_base_ot_bytes=111104 silent_base_noisy_vole_bytes=111304 silent_extension_payload_bytes=8126472 framing_bytes=0 notes=tcp_two_process; libOTe_SilentVole; semi_honest_128; MultType=ExConv7x24; BaseElem=u64; ExtElem=array<u64,M>; x=c; Z0=a; Z1=-b PASS
SILENT_SVOLE_TCP method=SILENT_SVOLE role=sender-client-p1 mode=bench network=tcp-loopback address=127.0.0.1:39408 logN=20 N=1048576 m=8 reps=1 requested_N=1048576 generated_N=1048576 code_size=2097584 noise_weight=248 partition_count=248 size_per_partition=8458 base_ot_count=3472 base_ot_protocol_invocations=1 base_noisy_vole_count=248 silent_extension_count=1 base_correlation_setup_s=0.710086 silent_extension_s=0.965624 local_output_mapping_s=0.000000 total_s=1.675710 verify_s=0.000000 bytes_sent_by_role=183416 bytes_received_by_role=8237776 harness_metadata_bytes=0 verification_opening_bytes=0 clean_protocol_bytes_by_role=183416 direct_payload_bytes=0 silent_base_ot_bytes=111104 silent_base_noisy_vole_bytes=16512 silent_extension_payload_bytes=166904 framing_bytes=0 notes=tcp_two_process; libOTe_SilentVole; semi_honest_128; MultType=ExConv7x24; BaseElem=u64; ExtElem=array<u64,M>; x=c; Z0=a; Z1=-b PASS
[server_exit=0 client_exit=0]

$ taskset -c 0 /home/cyy/pcg-experiments/mVOLE-local-silent-bench/build-final/main --RMVOLE_NET_BENCH silent-server 0.0.0.0 39409 20 8 1 bench &
$ taskset -c 2 /home/cyy/pcg-experiments/mVOLE-local-silent-bench/build-final/main --RMVOLE_NET_BENCH silent-client 127.0.0.1 39409 20 8 1 bench
SILENT_SVOLE_TCP method=SILENT_SVOLE role=receiver-server-p0 mode=bench network=tcp-loopback address=0.0.0.0:39409 logN=20 N=1048576 m=8 reps=1 requested_N=1048576 generated_N=1048576 code_size=2097584 noise_weight=248 partition_count=248 size_per_partition=8458 base_ot_count=3472 base_ot_protocol_invocations=1 base_noisy_vole_count=248 silent_extension_count=1 base_correlation_setup_s=0.545509 silent_extension_s=1.403110 local_output_mapping_s=0.000000 total_s=1.948619 verify_s=0.000000 bytes_sent_by_role=8237776 bytes_received_by_role=183416 harness_metadata_bytes=64 verification_opening_bytes=0 clean_protocol_bytes_by_role=8237712 direct_payload_bytes=0 silent_base_ot_bytes=111104 silent_base_noisy_vole_bytes=111304 silent_extension_payload_bytes=8126472 framing_bytes=0 notes=tcp_two_process; libOTe_SilentVole; semi_honest_128; MultType=ExConv7x24; BaseElem=u64; ExtElem=array<u64,M>; x=c; Z0=a; Z1=-b PASS
SILENT_SVOLE_TCP method=SILENT_SVOLE role=sender-client-p1 mode=bench network=tcp-loopback address=127.0.0.1:39409 logN=20 N=1048576 m=8 reps=1 requested_N=1048576 generated_N=1048576 code_size=2097584 noise_weight=248 partition_count=248 size_per_partition=8458 base_ot_count=3472 base_ot_protocol_invocations=1 base_noisy_vole_count=248 silent_extension_count=1 base_correlation_setup_s=0.724170 silent_extension_s=0.971264 local_output_mapping_s=0.000000 total_s=1.695435 verify_s=0.000000 bytes_sent_by_role=183416 bytes_received_by_role=8237776 harness_metadata_bytes=0 verification_opening_bytes=0 clean_protocol_bytes_by_role=183416 direct_payload_bytes=0 silent_base_ot_bytes=111104 silent_base_noisy_vole_bytes=16512 silent_extension_payload_bytes=166904 framing_bytes=0 notes=tcp_two_process; libOTe_SilentVole; semi_honest_128; MultType=ExConv7x24; BaseElem=u64; ExtElem=array<u64,M>; x=c; Z0=a; Z1=-b PASS
[server_exit=0 client_exit=0]

$ taskset -c 0 /home/cyy/pcg-experiments/mVOLE-local-silent-bench/build-final/main --RMVOLE_NET_BENCH silent-server 0.0.0.0 39410 20 8 1 bench &
$ taskset -c 2 /home/cyy/pcg-experiments/mVOLE-local-silent-bench/build-final/main --RMVOLE_NET_BENCH silent-client 127.0.0.1 39410 20 8 1 bench
SILENT_SVOLE_TCP method=SILENT_SVOLE role=receiver-server-p0 mode=bench network=tcp-loopback address=0.0.0.0:39410 logN=20 N=1048576 m=8 reps=1 requested_N=1048576 generated_N=1048576 code_size=2097584 noise_weight=248 partition_count=248 size_per_partition=8458 base_ot_count=3472 base_ot_protocol_invocations=1 base_noisy_vole_count=248 silent_extension_count=1 base_correlation_setup_s=0.544570 silent_extension_s=1.398956 local_output_mapping_s=0.000000 total_s=1.943526 verify_s=0.000000 bytes_sent_by_role=8237776 bytes_received_by_role=183416 harness_metadata_bytes=64 verification_opening_bytes=0 clean_protocol_bytes_by_role=8237712 direct_payload_bytes=0 silent_base_ot_bytes=111104 silent_base_noisy_vole_bytes=111304 silent_extension_payload_bytes=8126472 framing_bytes=0 notes=tcp_two_process; libOTe_SilentVole; semi_honest_128; MultType=ExConv7x24; BaseElem=u64; ExtElem=array<u64,M>; x=c; Z0=a; Z1=-b PASS
SILENT_SVOLE_TCP method=SILENT_SVOLE role=sender-client-p1 mode=bench network=tcp-loopback address=127.0.0.1:39410 logN=20 N=1048576 m=8 reps=1 requested_N=1048576 generated_N=1048576 code_size=2097584 noise_weight=248 partition_count=248 size_per_partition=8458 base_ot_count=3472 base_ot_protocol_invocations=1 base_noisy_vole_count=248 silent_extension_count=1 base_correlation_setup_s=0.723220 silent_extension_s=0.968103 local_output_mapping_s=0.000000 total_s=1.691323 verify_s=0.000000 bytes_sent_by_role=183416 bytes_received_by_role=8237776 harness_metadata_bytes=0 verification_opening_bytes=0 clean_protocol_bytes_by_role=183416 direct_payload_bytes=0 silent_base_ot_bytes=111104 silent_base_noisy_vole_bytes=16512 silent_extension_payload_bytes=166904 framing_bytes=0 notes=tcp_two_process; libOTe_SilentVole; semi_honest_128; MultType=ExConv7x24; BaseElem=u64; ExtElem=array<u64,M>; x=c; Z0=a; Z1=-b PASS
[server_exit=0 client_exit=0]

$ taskset -c 0 /home/cyy/pcg-experiments/mVOLE-local-silent-bench/build-final/main --RMVOLE_NET_BENCH silent-server 0.0.0.0 39411 20 8 1 bench &
$ taskset -c 2 /home/cyy/pcg-experiments/mVOLE-local-silent-bench/build-final/main --RMVOLE_NET_BENCH silent-client 127.0.0.1 39411 20 8 1 bench
SILENT_SVOLE_TCP method=SILENT_SVOLE role=receiver-server-p0 mode=bench network=tcp-loopback address=0.0.0.0:39411 logN=20 N=1048576 m=8 reps=1 requested_N=1048576 generated_N=1048576 code_size=2097584 noise_weight=248 partition_count=248 size_per_partition=8458 base_ot_count=3472 base_ot_protocol_invocations=1 base_noisy_vole_count=248 silent_extension_count=1 base_correlation_setup_s=0.544745 silent_extension_s=1.413766 local_output_mapping_s=0.000000 total_s=1.958511 verify_s=0.000000 bytes_sent_by_role=8237776 bytes_received_by_role=183416 harness_metadata_bytes=64 verification_opening_bytes=0 clean_protocol_bytes_by_role=8237712 direct_payload_bytes=0 silent_base_ot_bytes=111104 silent_base_noisy_vole_bytes=111304 silent_extension_payload_bytes=8126472 framing_bytes=0 notes=tcp_two_process; libOTe_SilentVole; semi_honest_128; MultType=ExConv7x24; BaseElem=u64; ExtElem=array<u64,M>; x=c; Z0=a; Z1=-b PASS
SILENT_SVOLE_TCP method=SILENT_SVOLE role=sender-client-p1 mode=bench network=tcp-loopback address=127.0.0.1:39411 logN=20 N=1048576 m=8 reps=1 requested_N=1048576 generated_N=1048576 code_size=2097584 noise_weight=248 partition_count=248 size_per_partition=8458 base_ot_count=3472 base_ot_protocol_invocations=1 base_noisy_vole_count=248 silent_extension_count=1 base_correlation_setup_s=0.709676 silent_extension_s=0.981556 local_output_mapping_s=0.000000 total_s=1.691232 verify_s=0.000000 bytes_sent_by_role=183416 bytes_received_by_role=8237776 harness_metadata_bytes=0 verification_opening_bytes=0 clean_protocol_bytes_by_role=183416 direct_payload_bytes=0 silent_base_ot_bytes=111104 silent_base_noisy_vole_bytes=16512 silent_extension_payload_bytes=166904 framing_bytes=0 notes=tcp_two_process; libOTe_SilentVole; semi_honest_128; MultType=ExConv7x24; BaseElem=u64; ExtElem=array<u64,M>; x=c; Z0=a; Z1=-b PASS
[server_exit=0 client_exit=0]

$ taskset -c 0 /home/cyy/pcg-experiments/mVOLE-local-silent-bench/build-final/main --RMVOLE_NET_BENCH silent-server 0.0.0.0 39412 20 8 1 bench &
$ taskset -c 2 /home/cyy/pcg-experiments/mVOLE-local-silent-bench/build-final/main --RMVOLE_NET_BENCH silent-client 127.0.0.1 39412 20 8 1 bench
SILENT_SVOLE_TCP method=SILENT_SVOLE role=receiver-server-p0 mode=bench network=tcp-loopback address=0.0.0.0:39412 logN=20 N=1048576 m=8 reps=1 requested_N=1048576 generated_N=1048576 code_size=2097584 noise_weight=248 partition_count=248 size_per_partition=8458 base_ot_count=3472 base_ot_protocol_invocations=1 base_noisy_vole_count=248 silent_extension_count=1 base_correlation_setup_s=0.546100 silent_extension_s=1.401008 local_output_mapping_s=0.000000 total_s=1.947108 verify_s=0.000000 bytes_sent_by_role=8237776 bytes_received_by_role=183416 harness_metadata_bytes=64 verification_opening_bytes=0 clean_protocol_bytes_by_role=8237712 direct_payload_bytes=0 silent_base_ot_bytes=111104 silent_base_noisy_vole_bytes=111304 silent_extension_payload_bytes=8126472 framing_bytes=0 notes=tcp_two_process; libOTe_SilentVole; semi_honest_128; MultType=ExConv7x24; BaseElem=u64; ExtElem=array<u64,M>; x=c; Z0=a; Z1=-b PASS
SILENT_SVOLE_TCP method=SILENT_SVOLE role=sender-client-p1 mode=bench network=tcp-loopback address=127.0.0.1:39412 logN=20 N=1048576 m=8 reps=1 requested_N=1048576 generated_N=1048576 code_size=2097584 noise_weight=248 partition_count=248 size_per_partition=8458 base_ot_count=3472 base_ot_protocol_invocations=1 base_noisy_vole_count=248 silent_extension_count=1 base_correlation_setup_s=0.724368 silent_extension_s=0.989844 local_output_mapping_s=0.000000 total_s=1.714212 verify_s=0.000000 bytes_sent_by_role=183416 bytes_received_by_role=8237776 harness_metadata_bytes=0 verification_opening_bytes=0 clean_protocol_bytes_by_role=183416 direct_payload_bytes=0 silent_base_ot_bytes=111104 silent_base_noisy_vole_bytes=16512 silent_extension_payload_bytes=166904 framing_bytes=0 notes=tcp_two_process; libOTe_SilentVole; semi_honest_128; MultType=ExConv7x24; BaseElem=u64; ExtElem=array<u64,M>; x=c; Z0=a; Z1=-b PASS
[server_exit=0 client_exit=0]

$ taskset -c 0 /home/cyy/pcg-experiments/mVOLE-local-silent-bench/build-final/main --RMVOLE_NET_BENCH silent-server 0.0.0.0 39413 20 16 1 verify &
$ taskset -c 2 /home/cyy/pcg-experiments/mVOLE-local-silent-bench/build-final/main --RMVOLE_NET_BENCH silent-client 127.0.0.1 39413 20 16 1 verify
SILENT_SVOLE_TCP method=SILENT_SVOLE role=receiver-server-p0 mode=verify network=tcp-loopback address=0.0.0.0:39413 logN=20 N=1048576 m=16 reps=1 requested_N=1048576 generated_N=1048576 code_size=2097584 noise_weight=248 partition_count=248 size_per_partition=8458 base_ot_count=3472 base_ot_protocol_invocations=1 base_noisy_vole_count=248 silent_extension_count=1 base_correlation_setup_s=0.703980 silent_extension_s=2.275461 local_output_mapping_s=0.000000 total_s=2.979442 verify_s=0.760179 bytes_sent_by_role=32617232 bytes_received_by_role=134481024 harness_metadata_bytes=128 verification_opening_bytes=134217728 clean_protocol_bytes_by_role=0 direct_payload_bytes=0 silent_base_ot_bytes=111104 silent_base_noisy_vole_bytes=111368 silent_extension_payload_bytes=32505864 framing_bytes=0 notes=tcp_two_process; libOTe_SilentVole; semi_honest_128; MultType=ExConv7x24; BaseElem=u64; ExtElem=array<u64,M>; x=c; Z0=a; Z1=-b PASS
SILENT_SVOLE_TCP method=SILENT_SVOLE role=sender-client-p1 mode=verify network=tcp-loopback address=127.0.0.1:39413 logN=20 N=1048576 m=16 reps=1 requested_N=1048576 generated_N=1048576 code_size=2097584 noise_weight=248 partition_count=248 size_per_partition=8458 base_ot_count=3472 base_ot_protocol_invocations=1 base_noisy_vole_count=248 silent_extension_count=1 base_correlation_setup_s=0.816490 silent_extension_s=1.904207 local_output_mapping_s=0.000000 total_s=2.720697 verify_s=0.192962 bytes_sent_by_role=134481024 bytes_received_by_role=32617232 harness_metadata_bytes=0 verification_opening_bytes=134217728 clean_protocol_bytes_by_role=263296 direct_payload_bytes=0 silent_base_ot_bytes=111104 silent_base_noisy_vole_bytes=32896 silent_extension_payload_bytes=230392 framing_bytes=8 notes=tcp_two_process; libOTe_SilentVole; semi_honest_128; MultType=ExConv7x24; BaseElem=u64; ExtElem=array<u64,M>; x=c; Z0=a; Z1=-b PASS
[server_exit=0 client_exit=0]

$ taskset -c 0 /home/cyy/pcg-experiments/mVOLE-local-silent-bench/build-final/main --RMVOLE_NET_BENCH silent-server 0.0.0.0 39414 20 16 1 bench &
$ taskset -c 2 /home/cyy/pcg-experiments/mVOLE-local-silent-bench/build-final/main --RMVOLE_NET_BENCH silent-client 127.0.0.1 39414 20 16 1 bench
SILENT_SVOLE_TCP method=SILENT_SVOLE role=receiver-server-p0 mode=bench network=tcp-loopback address=0.0.0.0:39414 logN=20 N=1048576 m=16 reps=1 requested_N=1048576 generated_N=1048576 code_size=2097584 noise_weight=248 partition_count=248 size_per_partition=8458 base_ot_count=3472 base_ot_protocol_invocations=1 base_noisy_vole_count=248 silent_extension_count=1 base_correlation_setup_s=0.703936 silent_extension_s=2.264740 local_output_mapping_s=0.000000 total_s=2.968675 verify_s=0.000000 bytes_sent_by_role=32617232 bytes_received_by_role=263288 harness_metadata_bytes=128 verification_opening_bytes=0 clean_protocol_bytes_by_role=32617104 direct_payload_bytes=0 silent_base_ot_bytes=111104 silent_base_noisy_vole_bytes=111368 silent_extension_payload_bytes=32505864 framing_bytes=0 notes=tcp_two_process; libOTe_SilentVole; semi_honest_128; MultType=ExConv7x24; BaseElem=u64; ExtElem=array<u64,M>; x=c; Z0=a; Z1=-b PASS
SILENT_SVOLE_TCP method=SILENT_SVOLE role=sender-client-p1 mode=bench network=tcp-loopback address=127.0.0.1:39414 logN=20 N=1048576 m=16 reps=1 requested_N=1048576 generated_N=1048576 code_size=2097584 noise_weight=248 partition_count=248 size_per_partition=8458 base_ot_count=3472 base_ot_protocol_invocations=1 base_noisy_vole_count=248 silent_extension_count=1 base_correlation_setup_s=0.829693 silent_extension_s=1.897291 local_output_mapping_s=0.000000 total_s=2.726984 verify_s=0.000000 bytes_sent_by_role=263288 bytes_received_by_role=32617232 harness_metadata_bytes=0 verification_opening_bytes=0 clean_protocol_bytes_by_role=263288 direct_payload_bytes=0 silent_base_ot_bytes=111104 silent_base_noisy_vole_bytes=32896 silent_extension_payload_bytes=230392 framing_bytes=0 notes=tcp_two_process; libOTe_SilentVole; semi_honest_128; MultType=ExConv7x24; BaseElem=u64; ExtElem=array<u64,M>; x=c; Z0=a; Z1=-b PASS
[server_exit=0 client_exit=0]

$ taskset -c 0 /home/cyy/pcg-experiments/mVOLE-local-silent-bench/build-final/main --RMVOLE_NET_BENCH silent-server 0.0.0.0 39415 20 16 1 bench &
$ taskset -c 2 /home/cyy/pcg-experiments/mVOLE-local-silent-bench/build-final/main --RMVOLE_NET_BENCH silent-client 127.0.0.1 39415 20 16 1 bench
SILENT_SVOLE_TCP method=SILENT_SVOLE role=receiver-server-p0 mode=bench network=tcp-loopback address=0.0.0.0:39415 logN=20 N=1048576 m=16 reps=1 requested_N=1048576 generated_N=1048576 code_size=2097584 noise_weight=248 partition_count=248 size_per_partition=8458 base_ot_count=3472 base_ot_protocol_invocations=1 base_noisy_vole_count=248 silent_extension_count=1 base_correlation_setup_s=0.704527 silent_extension_s=2.264472 local_output_mapping_s=0.000000 total_s=2.968999 verify_s=0.000000 bytes_sent_by_role=32617232 bytes_received_by_role=263288 harness_metadata_bytes=128 verification_opening_bytes=0 clean_protocol_bytes_by_role=32617104 direct_payload_bytes=0 silent_base_ot_bytes=111104 silent_base_noisy_vole_bytes=111368 silent_extension_payload_bytes=32505864 framing_bytes=0 notes=tcp_two_process; libOTe_SilentVole; semi_honest_128; MultType=ExConv7x24; BaseElem=u64; ExtElem=array<u64,M>; x=c; Z0=a; Z1=-b PASS
SILENT_SVOLE_TCP method=SILENT_SVOLE role=sender-client-p1 mode=bench network=tcp-loopback address=127.0.0.1:39415 logN=20 N=1048576 m=16 reps=1 requested_N=1048576 generated_N=1048576 code_size=2097584 noise_weight=248 partition_count=248 size_per_partition=8458 base_ot_count=3472 base_ot_protocol_invocations=1 base_noisy_vole_count=248 silent_extension_count=1 base_correlation_setup_s=0.816125 silent_extension_s=1.899367 local_output_mapping_s=0.000000 total_s=2.715492 verify_s=0.000000 bytes_sent_by_role=263288 bytes_received_by_role=32617232 harness_metadata_bytes=0 verification_opening_bytes=0 clean_protocol_bytes_by_role=263288 direct_payload_bytes=0 silent_base_ot_bytes=111104 silent_base_noisy_vole_bytes=32896 silent_extension_payload_bytes=230392 framing_bytes=0 notes=tcp_two_process; libOTe_SilentVole; semi_honest_128; MultType=ExConv7x24; BaseElem=u64; ExtElem=array<u64,M>; x=c; Z0=a; Z1=-b PASS
[server_exit=0 client_exit=0]

$ taskset -c 0 /home/cyy/pcg-experiments/mVOLE-local-silent-bench/build-final/main --RMVOLE_NET_BENCH silent-server 0.0.0.0 39416 20 16 1 bench &
$ taskset -c 2 /home/cyy/pcg-experiments/mVOLE-local-silent-bench/build-final/main --RMVOLE_NET_BENCH silent-client 127.0.0.1 39416 20 16 1 bench
SILENT_SVOLE_TCP method=SILENT_SVOLE role=receiver-server-p0 mode=bench network=tcp-loopback address=0.0.0.0:39416 logN=20 N=1048576 m=16 reps=1 requested_N=1048576 generated_N=1048576 code_size=2097584 noise_weight=248 partition_count=248 size_per_partition=8458 base_ot_count=3472 base_ot_protocol_invocations=1 base_noisy_vole_count=248 silent_extension_count=1 base_correlation_setup_s=0.704886 silent_extension_s=2.281819 local_output_mapping_s=0.000000 total_s=2.986704 verify_s=0.000000 bytes_sent_by_role=32617232 bytes_received_by_role=263288 harness_metadata_bytes=128 verification_opening_bytes=0 clean_protocol_bytes_by_role=32617104 direct_payload_bytes=0 silent_base_ot_bytes=111104 silent_base_noisy_vole_bytes=111368 silent_extension_payload_bytes=32505864 framing_bytes=0 notes=tcp_two_process; libOTe_SilentVole; semi_honest_128; MultType=ExConv7x24; BaseElem=u64; ExtElem=array<u64,M>; x=c; Z0=a; Z1=-b PASS
SILENT_SVOLE_TCP method=SILENT_SVOLE role=sender-client-p1 mode=bench network=tcp-loopback address=127.0.0.1:39416 logN=20 N=1048576 m=16 reps=1 requested_N=1048576 generated_N=1048576 code_size=2097584 noise_weight=248 partition_count=248 size_per_partition=8458 base_ot_count=3472 base_ot_protocol_invocations=1 base_noisy_vole_count=248 silent_extension_count=1 base_correlation_setup_s=0.817475 silent_extension_s=1.901751 local_output_mapping_s=0.000000 total_s=2.719226 verify_s=0.000000 bytes_sent_by_role=263288 bytes_received_by_role=32617232 harness_metadata_bytes=0 verification_opening_bytes=0 clean_protocol_bytes_by_role=263288 direct_payload_bytes=0 silent_base_ot_bytes=111104 silent_base_noisy_vole_bytes=32896 silent_extension_payload_bytes=230392 framing_bytes=0 notes=tcp_two_process; libOTe_SilentVole; semi_honest_128; MultType=ExConv7x24; BaseElem=u64; ExtElem=array<u64,M>; x=c; Z0=a; Z1=-b PASS
[server_exit=0 client_exit=0]

$ taskset -c 0 /home/cyy/pcg-experiments/mVOLE-local-silent-bench/build-final/main --RMVOLE_NET_BENCH silent-server 0.0.0.0 39417 20 16 1 bench &
$ taskset -c 2 /home/cyy/pcg-experiments/mVOLE-local-silent-bench/build-final/main --RMVOLE_NET_BENCH silent-client 127.0.0.1 39417 20 16 1 bench
SILENT_SVOLE_TCP method=SILENT_SVOLE role=receiver-server-p0 mode=bench network=tcp-loopback address=0.0.0.0:39417 logN=20 N=1048576 m=16 reps=1 requested_N=1048576 generated_N=1048576 code_size=2097584 noise_weight=248 partition_count=248 size_per_partition=8458 base_ot_count=3472 base_ot_protocol_invocations=1 base_noisy_vole_count=248 silent_extension_count=1 base_correlation_setup_s=0.703624 silent_extension_s=2.258803 local_output_mapping_s=0.000000 total_s=2.962427 verify_s=0.000000 bytes_sent_by_role=32617232 bytes_received_by_role=263288 harness_metadata_bytes=128 verification_opening_bytes=0 clean_protocol_bytes_by_role=32617104 direct_payload_bytes=0 silent_base_ot_bytes=111104 silent_base_noisy_vole_bytes=111368 silent_extension_payload_bytes=32505864 framing_bytes=0 notes=tcp_two_process; libOTe_SilentVole; semi_honest_128; MultType=ExConv7x24; BaseElem=u64; ExtElem=array<u64,M>; x=c; Z0=a; Z1=-b PASS
SILENT_SVOLE_TCP method=SILENT_SVOLE role=sender-client-p1 mode=bench network=tcp-loopback address=127.0.0.1:39417 logN=20 N=1048576 m=16 reps=1 requested_N=1048576 generated_N=1048576 code_size=2097584 noise_weight=248 partition_count=248 size_per_partition=8458 base_ot_count=3472 base_ot_protocol_invocations=1 base_noisy_vole_count=248 silent_extension_count=1 base_correlation_setup_s=0.828984 silent_extension_s=1.887859 local_output_mapping_s=0.000000 total_s=2.716843 verify_s=0.000000 bytes_sent_by_role=263288 bytes_received_by_role=32617232 harness_metadata_bytes=0 verification_opening_bytes=0 clean_protocol_bytes_by_role=263288 direct_payload_bytes=0 silent_base_ot_bytes=111104 silent_base_noisy_vole_bytes=32896 silent_extension_payload_bytes=230392 framing_bytes=0 notes=tcp_two_process; libOTe_SilentVole; semi_honest_128; MultType=ExConv7x24; BaseElem=u64; ExtElem=array<u64,M>; x=c; Z0=a; Z1=-b PASS
[server_exit=0 client_exit=0]

$ taskset -c 0 /home/cyy/pcg-experiments/mVOLE-local-silent-bench/build-final/main --RMVOLE_NET_BENCH silent-server 0.0.0.0 39418 20 16 1 bench &
$ taskset -c 2 /home/cyy/pcg-experiments/mVOLE-local-silent-bench/build-final/main --RMVOLE_NET_BENCH silent-client 127.0.0.1 39418 20 16 1 bench
SILENT_SVOLE_TCP method=SILENT_SVOLE role=receiver-server-p0 mode=bench network=tcp-loopback address=0.0.0.0:39418 logN=20 N=1048576 m=16 reps=1 requested_N=1048576 generated_N=1048576 code_size=2097584 noise_weight=248 partition_count=248 size_per_partition=8458 base_ot_count=3472 base_ot_protocol_invocations=1 base_noisy_vole_count=248 silent_extension_count=1 base_correlation_setup_s=0.703673 silent_extension_s=2.250856 local_output_mapping_s=0.000000 total_s=2.954529 verify_s=0.000000 bytes_sent_by_role=32617232 bytes_received_by_role=263288 harness_metadata_bytes=128 verification_opening_bytes=0 clean_protocol_bytes_by_role=32617104 direct_payload_bytes=0 silent_base_ot_bytes=111104 silent_base_noisy_vole_bytes=111368 silent_extension_payload_bytes=32505864 framing_bytes=0 notes=tcp_two_process; libOTe_SilentVole; semi_honest_128; MultType=ExConv7x24; BaseElem=u64; ExtElem=array<u64,M>; x=c; Z0=a; Z1=-b PASS
SILENT_SVOLE_TCP method=SILENT_SVOLE role=sender-client-p1 mode=bench network=tcp-loopback address=127.0.0.1:39418 logN=20 N=1048576 m=16 reps=1 requested_N=1048576 generated_N=1048576 code_size=2097584 noise_weight=248 partition_count=248 size_per_partition=8458 base_ot_count=3472 base_ot_protocol_invocations=1 base_noisy_vole_count=248 silent_extension_count=1 base_correlation_setup_s=0.829577 silent_extension_s=1.884301 local_output_mapping_s=0.000000 total_s=2.713878 verify_s=0.000000 bytes_sent_by_role=263288 bytes_received_by_role=32617232 harness_metadata_bytes=0 verification_opening_bytes=0 clean_protocol_bytes_by_role=263288 direct_payload_bytes=0 silent_base_ot_bytes=111104 silent_base_noisy_vole_bytes=32896 silent_extension_payload_bytes=230392 framing_bytes=0 notes=tcp_two_process; libOTe_SilentVole; semi_honest_128; MultType=ExConv7x24; BaseElem=u64; ExtElem=array<u64,M>; x=c; Z0=a; Z1=-b PASS
[server_exit=0 client_exit=0]

$ taskset -c 0 /home/cyy/pcg-experiments/mVOLE-local-silent-bench/build-final/main --RMVOLE_NET_BENCH silent-server 0.0.0.0 39419 20 16 1 bench &
$ taskset -c 2 /home/cyy/pcg-experiments/mVOLE-local-silent-bench/build-final/main --RMVOLE_NET_BENCH silent-client 127.0.0.1 39419 20 16 1 bench
SILENT_SVOLE_TCP method=SILENT_SVOLE role=receiver-server-p0 mode=bench network=tcp-loopback address=0.0.0.0:39419 logN=20 N=1048576 m=16 reps=1 requested_N=1048576 generated_N=1048576 code_size=2097584 noise_weight=248 partition_count=248 size_per_partition=8458 base_ot_count=3472 base_ot_protocol_invocations=1 base_noisy_vole_count=248 silent_extension_count=1 base_correlation_setup_s=0.705062 silent_extension_s=2.267984 local_output_mapping_s=0.000000 total_s=2.973046 verify_s=0.000000 bytes_sent_by_role=32617232 bytes_received_by_role=263288 harness_metadata_bytes=128 verification_opening_bytes=0 clean_protocol_bytes_by_role=32617104 direct_payload_bytes=0 silent_base_ot_bytes=111104 silent_base_noisy_vole_bytes=111368 silent_extension_payload_bytes=32505864 framing_bytes=0 notes=tcp_two_process; libOTe_SilentVole; semi_honest_128; MultType=ExConv7x24; BaseElem=u64; ExtElem=array<u64,M>; x=c; Z0=a; Z1=-b PASS
SILENT_SVOLE_TCP method=SILENT_SVOLE role=sender-client-p1 mode=bench network=tcp-loopback address=127.0.0.1:39419 logN=20 N=1048576 m=16 reps=1 requested_N=1048576 generated_N=1048576 code_size=2097584 noise_weight=248 partition_count=248 size_per_partition=8458 base_ot_count=3472 base_ot_protocol_invocations=1 base_noisy_vole_count=248 silent_extension_count=1 base_correlation_setup_s=0.829171 silent_extension_s=1.901277 local_output_mapping_s=0.000000 total_s=2.730448 verify_s=0.000000 bytes_sent_by_role=263288 bytes_received_by_role=32617232 harness_metadata_bytes=0 verification_opening_bytes=0 clean_protocol_bytes_by_role=263288 direct_payload_bytes=0 silent_base_ot_bytes=111104 silent_base_noisy_vole_bytes=32896 silent_extension_payload_bytes=230392 framing_bytes=0 notes=tcp_two_process; libOTe_SilentVole; semi_honest_128; MultType=ExConv7x24; BaseElem=u64; ExtElem=array<u64,M>; x=c; Z0=a; Z1=-b PASS
[server_exit=0 client_exit=0]

$ taskset -c 0 /home/cyy/pcg-experiments/mVOLE-local-silent-bench/build-final/main --RMVOLE_NET_BENCH silent-server 0.0.0.0 39420 20 16 1 bench &
$ taskset -c 2 /home/cyy/pcg-experiments/mVOLE-local-silent-bench/build-final/main --RMVOLE_NET_BENCH silent-client 127.0.0.1 39420 20 16 1 bench
SILENT_SVOLE_TCP method=SILENT_SVOLE role=receiver-server-p0 mode=bench network=tcp-loopback address=0.0.0.0:39420 logN=20 N=1048576 m=16 reps=1 requested_N=1048576 generated_N=1048576 code_size=2097584 noise_weight=248 partition_count=248 size_per_partition=8458 base_ot_count=3472 base_ot_protocol_invocations=1 base_noisy_vole_count=248 silent_extension_count=1 base_correlation_setup_s=0.705639 silent_extension_s=2.263082 local_output_mapping_s=0.000000 total_s=2.968722 verify_s=0.000000 bytes_sent_by_role=32617232 bytes_received_by_role=263288 harness_metadata_bytes=128 verification_opening_bytes=0 clean_protocol_bytes_by_role=32617104 direct_payload_bytes=0 silent_base_ot_bytes=111104 silent_base_noisy_vole_bytes=111368 silent_extension_payload_bytes=32505864 framing_bytes=0 notes=tcp_two_process; libOTe_SilentVole; semi_honest_128; MultType=ExConv7x24; BaseElem=u64; ExtElem=array<u64,M>; x=c; Z0=a; Z1=-b PASS
SILENT_SVOLE_TCP method=SILENT_SVOLE role=sender-client-p1 mode=bench network=tcp-loopback address=127.0.0.1:39420 logN=20 N=1048576 m=16 reps=1 requested_N=1048576 generated_N=1048576 code_size=2097584 noise_weight=248 partition_count=248 size_per_partition=8458 base_ot_count=3472 base_ot_protocol_invocations=1 base_noisy_vole_count=248 silent_extension_count=1 base_correlation_setup_s=0.830322 silent_extension_s=1.900757 local_output_mapping_s=0.000000 total_s=2.731079 verify_s=0.000000 bytes_sent_by_role=263288 bytes_received_by_role=32617232 harness_metadata_bytes=0 verification_opening_bytes=0 clean_protocol_bytes_by_role=263288 direct_payload_bytes=0 silent_base_ot_bytes=111104 silent_base_noisy_vole_bytes=32896 silent_extension_payload_bytes=230392 framing_bytes=0 notes=tcp_two_process; libOTe_SilentVole; semi_honest_128; MultType=ExConv7x24; BaseElem=u64; ExtElem=array<u64,M>; x=c; Z0=a; Z1=-b PASS
[server_exit=0 client_exit=0]

$ taskset -c 0 /home/cyy/pcg-experiments/mVOLE-local-silent-bench/build-final/main --RMVOLE_NET_BENCH silent-server 0.0.0.0 39421 20 16 1 bench &
$ taskset -c 2 /home/cyy/pcg-experiments/mVOLE-local-silent-bench/build-final/main --RMVOLE_NET_BENCH silent-client 127.0.0.1 39421 20 16 1 bench
SILENT_SVOLE_TCP method=SILENT_SVOLE role=receiver-server-p0 mode=bench network=tcp-loopback address=0.0.0.0:39421 logN=20 N=1048576 m=16 reps=1 requested_N=1048576 generated_N=1048576 code_size=2097584 noise_weight=248 partition_count=248 size_per_partition=8458 base_ot_count=3472 base_ot_protocol_invocations=1 base_noisy_vole_count=248 silent_extension_count=1 base_correlation_setup_s=0.705312 silent_extension_s=2.251735 local_output_mapping_s=0.000000 total_s=2.957047 verify_s=0.000000 bytes_sent_by_role=32617232 bytes_received_by_role=263288 harness_metadata_bytes=128 verification_opening_bytes=0 clean_protocol_bytes_by_role=32617104 direct_payload_bytes=0 silent_base_ot_bytes=111104 silent_base_noisy_vole_bytes=111368 silent_extension_payload_bytes=32505864 framing_bytes=0 notes=tcp_two_process; libOTe_SilentVole; semi_honest_128; MultType=ExConv7x24; BaseElem=u64; ExtElem=array<u64,M>; x=c; Z0=a; Z1=-b PASS
SILENT_SVOLE_TCP method=SILENT_SVOLE role=sender-client-p1 mode=bench network=tcp-loopback address=127.0.0.1:39421 logN=20 N=1048576 m=16 reps=1 requested_N=1048576 generated_N=1048576 code_size=2097584 noise_weight=248 partition_count=248 size_per_partition=8458 base_ot_count=3472 base_ot_protocol_invocations=1 base_noisy_vole_count=248 silent_extension_count=1 base_correlation_setup_s=0.816936 silent_extension_s=1.886557 local_output_mapping_s=0.000000 total_s=2.703493 verify_s=0.000000 bytes_sent_by_role=263288 bytes_received_by_role=32617232 harness_metadata_bytes=0 verification_opening_bytes=0 clean_protocol_bytes_by_role=263288 direct_payload_bytes=0 silent_base_ot_bytes=111104 silent_base_noisy_vole_bytes=32896 silent_extension_payload_bytes=230392 framing_bytes=0 notes=tcp_two_process; libOTe_SilentVole; semi_honest_128; MultType=ExConv7x24; BaseElem=u64; ExtElem=array<u64,M>; x=c; Z0=a; Z1=-b PASS
[server_exit=0 client_exit=0]

$ taskset -c 0 /home/cyy/pcg-experiments/mVOLE-local-silent-bench/build-final/main --RMVOLE_NET_BENCH silent-server 0.0.0.0 39422 20 16 1 bench &
$ taskset -c 2 /home/cyy/pcg-experiments/mVOLE-local-silent-bench/build-final/main --RMVOLE_NET_BENCH silent-client 127.0.0.1 39422 20 16 1 bench
SILENT_SVOLE_TCP method=SILENT_SVOLE role=receiver-server-p0 mode=bench network=tcp-loopback address=0.0.0.0:39422 logN=20 N=1048576 m=16 reps=1 requested_N=1048576 generated_N=1048576 code_size=2097584 noise_weight=248 partition_count=248 size_per_partition=8458 base_ot_count=3472 base_ot_protocol_invocations=1 base_noisy_vole_count=248 silent_extension_count=1 base_correlation_setup_s=0.704007 silent_extension_s=2.262327 local_output_mapping_s=0.000000 total_s=2.966334 verify_s=0.000000 bytes_sent_by_role=32617232 bytes_received_by_role=263288 harness_metadata_bytes=128 verification_opening_bytes=0 clean_protocol_bytes_by_role=32617104 direct_payload_bytes=0 silent_base_ot_bytes=111104 silent_base_noisy_vole_bytes=111368 silent_extension_payload_bytes=32505864 framing_bytes=0 notes=tcp_two_process; libOTe_SilentVole; semi_honest_128; MultType=ExConv7x24; BaseElem=u64; ExtElem=array<u64,M>; x=c; Z0=a; Z1=-b PASS
SILENT_SVOLE_TCP method=SILENT_SVOLE role=sender-client-p1 mode=bench network=tcp-loopback address=127.0.0.1:39422 logN=20 N=1048576 m=16 reps=1 requested_N=1048576 generated_N=1048576 code_size=2097584 noise_weight=248 partition_count=248 size_per_partition=8458 base_ot_count=3472 base_ot_protocol_invocations=1 base_noisy_vole_count=248 silent_extension_count=1 base_correlation_setup_s=0.831150 silent_extension_s=1.896644 local_output_mapping_s=0.000000 total_s=2.727794 verify_s=0.000000 bytes_sent_by_role=263288 bytes_received_by_role=32617232 harness_metadata_bytes=0 verification_opening_bytes=0 clean_protocol_bytes_by_role=263288 direct_payload_bytes=0 silent_base_ot_bytes=111104 silent_base_noisy_vole_bytes=32896 silent_extension_payload_bytes=230392 framing_bytes=0 notes=tcp_two_process; libOTe_SilentVole; semi_honest_128; MultType=ExConv7x24; BaseElem=u64; ExtElem=array<u64,M>; x=c; Z0=a; Z1=-b PASS
[server_exit=0 client_exit=0]

$ taskset -c 0 /home/cyy/pcg-experiments/mVOLE-local-silent-bench/build-final/main --RMVOLE_NET_BENCH silent-server 0.0.0.0 39423 20 16 1 bench &
$ taskset -c 2 /home/cyy/pcg-experiments/mVOLE-local-silent-bench/build-final/main --RMVOLE_NET_BENCH silent-client 127.0.0.1 39423 20 16 1 bench
SILENT_SVOLE_TCP method=SILENT_SVOLE role=receiver-server-p0 mode=bench network=tcp-loopback address=0.0.0.0:39423 logN=20 N=1048576 m=16 reps=1 requested_N=1048576 generated_N=1048576 code_size=2097584 noise_weight=248 partition_count=248 size_per_partition=8458 base_ot_count=3472 base_ot_protocol_invocations=1 base_noisy_vole_count=248 silent_extension_count=1 base_correlation_setup_s=0.705017 silent_extension_s=2.251872 local_output_mapping_s=0.000000 total_s=2.956889 verify_s=0.000000 bytes_sent_by_role=32617232 bytes_received_by_role=263288 harness_metadata_bytes=128 verification_opening_bytes=0 clean_protocol_bytes_by_role=32617104 direct_payload_bytes=0 silent_base_ot_bytes=111104 silent_base_noisy_vole_bytes=111368 silent_extension_payload_bytes=32505864 framing_bytes=0 notes=tcp_two_process; libOTe_SilentVole; semi_honest_128; MultType=ExConv7x24; BaseElem=u64; ExtElem=array<u64,M>; x=c; Z0=a; Z1=-b PASS
SILENT_SVOLE_TCP method=SILENT_SVOLE role=sender-client-p1 mode=bench network=tcp-loopback address=127.0.0.1:39423 logN=20 N=1048576 m=16 reps=1 requested_N=1048576 generated_N=1048576 code_size=2097584 noise_weight=248 partition_count=248 size_per_partition=8458 base_ot_count=3472 base_ot_protocol_invocations=1 base_noisy_vole_count=248 silent_extension_count=1 base_correlation_setup_s=0.816082 silent_extension_s=1.882946 local_output_mapping_s=0.000000 total_s=2.699028 verify_s=0.000000 bytes_sent_by_role=263288 bytes_received_by_role=32617232 harness_metadata_bytes=0 verification_opening_bytes=0 clean_protocol_bytes_by_role=263288 direct_payload_bytes=0 silent_base_ot_bytes=111104 silent_base_noisy_vole_bytes=32896 silent_extension_payload_bytes=230392 framing_bytes=0 notes=tcp_two_process; libOTe_SilentVole; semi_honest_128; MultType=ExConv7x24; BaseElem=u64; ExtElem=array<u64,M>; x=c; Z0=a; Z1=-b PASS
[server_exit=0 client_exit=0]

$ taskset -c 0 /home/cyy/pcg-experiments/mVOLE-local-silent-bench/build-final/main --RMVOLE_NET_BENCH silent-server 0.0.0.0 39424 20 16 1 bench &
$ taskset -c 2 /home/cyy/pcg-experiments/mVOLE-local-silent-bench/build-final/main --RMVOLE_NET_BENCH silent-client 127.0.0.1 39424 20 16 1 bench
SILENT_SVOLE_TCP method=SILENT_SVOLE role=receiver-server-p0 mode=bench network=tcp-loopback address=0.0.0.0:39424 logN=20 N=1048576 m=16 reps=1 requested_N=1048576 generated_N=1048576 code_size=2097584 noise_weight=248 partition_count=248 size_per_partition=8458 base_ot_count=3472 base_ot_protocol_invocations=1 base_noisy_vole_count=248 silent_extension_count=1 base_correlation_setup_s=0.702787 silent_extension_s=2.262715 local_output_mapping_s=0.000000 total_s=2.965502 verify_s=0.000000 bytes_sent_by_role=32617232 bytes_received_by_role=263288 harness_metadata_bytes=128 verification_opening_bytes=0 clean_protocol_bytes_by_role=32617104 direct_payload_bytes=0 silent_base_ot_bytes=111104 silent_base_noisy_vole_bytes=111368 silent_extension_payload_bytes=32505864 framing_bytes=0 notes=tcp_two_process; libOTe_SilentVole; semi_honest_128; MultType=ExConv7x24; BaseElem=u64; ExtElem=array<u64,M>; x=c; Z0=a; Z1=-b PASS
SILENT_SVOLE_TCP method=SILENT_SVOLE role=sender-client-p1 mode=bench network=tcp-loopback address=127.0.0.1:39424 logN=20 N=1048576 m=16 reps=1 requested_N=1048576 generated_N=1048576 code_size=2097584 noise_weight=248 partition_count=248 size_per_partition=8458 base_ot_count=3472 base_ot_protocol_invocations=1 base_noisy_vole_count=248 silent_extension_count=1 base_correlation_setup_s=0.824576 silent_extension_s=1.887486 local_output_mapping_s=0.000000 total_s=2.712062 verify_s=0.000000 bytes_sent_by_role=263288 bytes_received_by_role=32617232 harness_metadata_bytes=0 verification_opening_bytes=0 clean_protocol_bytes_by_role=263288 direct_payload_bytes=0 silent_base_ot_bytes=111104 silent_base_noisy_vole_bytes=32896 silent_extension_payload_bytes=230392 framing_bytes=0 notes=tcp_two_process; libOTe_SilentVole; semi_honest_128; MultType=ExConv7x24; BaseElem=u64; ExtElem=array<u64,M>; x=c; Z0=a; Z1=-b PASS
[server_exit=0 client_exit=0]

$ taskset -c 0 /home/cyy/pcg-experiments/mVOLE-local-silent-bench/build-final/main --RMVOLE_NET_BENCH silent-server 0.0.0.0 39425 20 32 1 verify &
$ taskset -c 2 /home/cyy/pcg-experiments/mVOLE-local-silent-bench/build-final/main --RMVOLE_NET_BENCH silent-client 127.0.0.1 39425 20 32 1 verify
SILENT_SVOLE_TCP method=SILENT_SVOLE role=receiver-server-p0 mode=verify network=tcp-loopback address=0.0.0.0:39425 logN=20 N=1048576 m=32 reps=1 requested_N=1048576 generated_N=1048576 code_size=2097584 noise_weight=248 partition_count=248 size_per_partition=8458 base_ot_count=3472 base_ot_protocol_invocations=1 base_noisy_vole_count=248 silent_extension_count=1 base_correlation_setup_s=1.066297 silent_extension_s=2.862250 local_output_mapping_s=0.000000 total_s=3.928546 verify_s=0.690531 bytes_sent_by_role=130134928 bytes_received_by_role=268858496 harness_metadata_bytes=256 verification_opening_bytes=268435456 clean_protocol_bytes_by_role=0 direct_payload_bytes=0 silent_base_ot_bytes=111104 silent_base_noisy_vole_bytes=111496 silent_extension_payload_bytes=130023432 framing_bytes=0 notes=tcp_two_process; libOTe_SilentVole; semi_honest_128; MultType=ExConv7x24; BaseElem=u64; ExtElem=array<u64,M>; x=c; Z0=a; Z1=-b PASS
SILENT_SVOLE_TCP method=SILENT_SVOLE role=sender-client-p1 mode=verify network=tcp-loopback address=127.0.0.1:39425 logN=20 N=1048576 m=32 reps=1 requested_N=1048576 generated_N=1048576 code_size=2097584 noise_weight=248 partition_count=248 size_per_partition=8458 base_ot_count=3472 base_ot_protocol_invocations=1 base_noisy_vole_count=248 silent_extension_count=1 base_correlation_setup_s=1.282783 silent_extension_s=2.459082 local_output_mapping_s=0.000000 total_s=3.741866 verify_s=0.438604 bytes_sent_by_role=268858496 bytes_received_by_role=130134928 harness_metadata_bytes=0 verification_opening_bytes=268435456 clean_protocol_bytes_by_role=423040 direct_payload_bytes=0 silent_base_ot_bytes=111104 silent_base_noisy_vole_bytes=65664 silent_extension_payload_bytes=357368 framing_bytes=8 notes=tcp_two_process; libOTe_SilentVole; semi_honest_128; MultType=ExConv7x24; BaseElem=u64; ExtElem=array<u64,M>; x=c; Z0=a; Z1=-b PASS
[server_exit=0 client_exit=0]

$ taskset -c 0 /home/cyy/pcg-experiments/mVOLE-local-silent-bench/build-final/main --RMVOLE_NET_BENCH silent-server 0.0.0.0 39426 20 32 1 bench &
$ taskset -c 2 /home/cyy/pcg-experiments/mVOLE-local-silent-bench/build-final/main --RMVOLE_NET_BENCH silent-client 127.0.0.1 39426 20 32 1 bench
SILENT_SVOLE_TCP method=SILENT_SVOLE role=receiver-server-p0 mode=bench network=tcp-loopback address=0.0.0.0:39426 logN=20 N=1048576 m=32 reps=1 requested_N=1048576 generated_N=1048576 code_size=2097584 noise_weight=248 partition_count=248 size_per_partition=8458 base_ot_count=3472 base_ot_protocol_invocations=1 base_noisy_vole_count=248 silent_extension_count=1 base_correlation_setup_s=1.063104 silent_extension_s=2.908655 local_output_mapping_s=0.000000 total_s=3.971760 verify_s=0.000000 bytes_sent_by_role=130134928 bytes_received_by_role=423032 harness_metadata_bytes=256 verification_opening_bytes=0 clean_protocol_bytes_by_role=130134672 direct_payload_bytes=0 silent_base_ot_bytes=111104 silent_base_noisy_vole_bytes=111496 silent_extension_payload_bytes=130023432 framing_bytes=0 notes=tcp_two_process; libOTe_SilentVole; semi_honest_128; MultType=ExConv7x24; BaseElem=u64; ExtElem=array<u64,M>; x=c; Z0=a; Z1=-b PASS
SILENT_SVOLE_TCP method=SILENT_SVOLE role=sender-client-p1 mode=bench network=tcp-loopback address=127.0.0.1:39426 logN=20 N=1048576 m=32 reps=1 requested_N=1048576 generated_N=1048576 code_size=2097584 noise_weight=248 partition_count=248 size_per_partition=8458 base_ot_count=3472 base_ot_protocol_invocations=1 base_noisy_vole_count=248 silent_extension_count=1 base_correlation_setup_s=1.286943 silent_extension_s=2.442354 local_output_mapping_s=0.000000 total_s=3.729297 verify_s=0.000000 bytes_sent_by_role=423032 bytes_received_by_role=130134928 harness_metadata_bytes=0 verification_opening_bytes=0 clean_protocol_bytes_by_role=423032 direct_payload_bytes=0 silent_base_ot_bytes=111104 silent_base_noisy_vole_bytes=65664 silent_extension_payload_bytes=357368 framing_bytes=0 notes=tcp_two_process; libOTe_SilentVole; semi_honest_128; MultType=ExConv7x24; BaseElem=u64; ExtElem=array<u64,M>; x=c; Z0=a; Z1=-b PASS
[server_exit=0 client_exit=0]

$ taskset -c 0 /home/cyy/pcg-experiments/mVOLE-local-silent-bench/build-final/main --RMVOLE_NET_BENCH silent-server 0.0.0.0 39427 20 32 1 bench &
$ taskset -c 2 /home/cyy/pcg-experiments/mVOLE-local-silent-bench/build-final/main --RMVOLE_NET_BENCH silent-client 127.0.0.1 39427 20 32 1 bench
SILENT_SVOLE_TCP method=SILENT_SVOLE role=receiver-server-p0 mode=bench network=tcp-loopback address=0.0.0.0:39427 logN=20 N=1048576 m=32 reps=1 requested_N=1048576 generated_N=1048576 code_size=2097584 noise_weight=248 partition_count=248 size_per_partition=8458 base_ot_count=3472 base_ot_protocol_invocations=1 base_noisy_vole_count=248 silent_extension_count=1 base_correlation_setup_s=1.065011 silent_extension_s=2.822120 local_output_mapping_s=0.000000 total_s=3.887131 verify_s=0.000000 bytes_sent_by_role=130134928 bytes_received_by_role=423032 harness_metadata_bytes=256 verification_opening_bytes=0 clean_protocol_bytes_by_role=130134672 direct_payload_bytes=0 silent_base_ot_bytes=111104 silent_base_noisy_vole_bytes=111496 silent_extension_payload_bytes=130023432 framing_bytes=0 notes=tcp_two_process; libOTe_SilentVole; semi_honest_128; MultType=ExConv7x24; BaseElem=u64; ExtElem=array<u64,M>; x=c; Z0=a; Z1=-b PASS
SILENT_SVOLE_TCP method=SILENT_SVOLE role=sender-client-p1 mode=bench network=tcp-loopback address=127.0.0.1:39427 logN=20 N=1048576 m=32 reps=1 requested_N=1048576 generated_N=1048576 code_size=2097584 noise_weight=248 partition_count=248 size_per_partition=8458 base_ot_count=3472 base_ot_protocol_invocations=1 base_noisy_vole_count=248 silent_extension_count=1 base_correlation_setup_s=1.279588 silent_extension_s=2.416528 local_output_mapping_s=0.000000 total_s=3.696116 verify_s=0.000000 bytes_sent_by_role=423032 bytes_received_by_role=130134928 harness_metadata_bytes=0 verification_opening_bytes=0 clean_protocol_bytes_by_role=423032 direct_payload_bytes=0 silent_base_ot_bytes=111104 silent_base_noisy_vole_bytes=65664 silent_extension_payload_bytes=357368 framing_bytes=0 notes=tcp_two_process; libOTe_SilentVole; semi_honest_128; MultType=ExConv7x24; BaseElem=u64; ExtElem=array<u64,M>; x=c; Z0=a; Z1=-b PASS
[server_exit=0 client_exit=0]

$ taskset -c 0 /home/cyy/pcg-experiments/mVOLE-local-silent-bench/build-final/main --RMVOLE_NET_BENCH silent-server 0.0.0.0 39428 20 32 1 bench &
$ taskset -c 2 /home/cyy/pcg-experiments/mVOLE-local-silent-bench/build-final/main --RMVOLE_NET_BENCH silent-client 127.0.0.1 39428 20 32 1 bench
SILENT_SVOLE_TCP method=SILENT_SVOLE role=receiver-server-p0 mode=bench network=tcp-loopback address=0.0.0.0:39428 logN=20 N=1048576 m=32 reps=1 requested_N=1048576 generated_N=1048576 code_size=2097584 noise_weight=248 partition_count=248 size_per_partition=8458 base_ot_count=3472 base_ot_protocol_invocations=1 base_noisy_vole_count=248 silent_extension_count=1 base_correlation_setup_s=1.064369 silent_extension_s=2.860307 local_output_mapping_s=0.000000 total_s=3.924675 verify_s=0.000000 bytes_sent_by_role=130134928 bytes_received_by_role=423032 harness_metadata_bytes=256 verification_opening_bytes=0 clean_protocol_bytes_by_role=130134672 direct_payload_bytes=0 silent_base_ot_bytes=111104 silent_base_noisy_vole_bytes=111496 silent_extension_payload_bytes=130023432 framing_bytes=0 notes=tcp_two_process; libOTe_SilentVole; semi_honest_128; MultType=ExConv7x24; BaseElem=u64; ExtElem=array<u64,M>; x=c; Z0=a; Z1=-b PASS
SILENT_SVOLE_TCP method=SILENT_SVOLE role=sender-client-p1 mode=bench network=tcp-loopback address=127.0.0.1:39428 logN=20 N=1048576 m=32 reps=1 requested_N=1048576 generated_N=1048576 code_size=2097584 noise_weight=248 partition_count=248 size_per_partition=8458 base_ot_count=3472 base_ot_protocol_invocations=1 base_noisy_vole_count=248 silent_extension_count=1 base_correlation_setup_s=1.279075 silent_extension_s=2.451981 local_output_mapping_s=0.000000 total_s=3.731056 verify_s=0.000000 bytes_sent_by_role=423032 bytes_received_by_role=130134928 harness_metadata_bytes=0 verification_opening_bytes=0 clean_protocol_bytes_by_role=423032 direct_payload_bytes=0 silent_base_ot_bytes=111104 silent_base_noisy_vole_bytes=65664 silent_extension_payload_bytes=357368 framing_bytes=0 notes=tcp_two_process; libOTe_SilentVole; semi_honest_128; MultType=ExConv7x24; BaseElem=u64; ExtElem=array<u64,M>; x=c; Z0=a; Z1=-b PASS
[server_exit=0 client_exit=0]

$ taskset -c 0 /home/cyy/pcg-experiments/mVOLE-local-silent-bench/build-final/main --RMVOLE_NET_BENCH silent-server 0.0.0.0 39429 20 32 1 bench &
$ taskset -c 2 /home/cyy/pcg-experiments/mVOLE-local-silent-bench/build-final/main --RMVOLE_NET_BENCH silent-client 127.0.0.1 39429 20 32 1 bench
SILENT_SVOLE_TCP method=SILENT_SVOLE role=receiver-server-p0 mode=bench network=tcp-loopback address=0.0.0.0:39429 logN=20 N=1048576 m=32 reps=1 requested_N=1048576 generated_N=1048576 code_size=2097584 noise_weight=248 partition_count=248 size_per_partition=8458 base_ot_count=3472 base_ot_protocol_invocations=1 base_noisy_vole_count=248 silent_extension_count=1 base_correlation_setup_s=1.062828 silent_extension_s=2.890462 local_output_mapping_s=0.000000 total_s=3.953289 verify_s=0.000000 bytes_sent_by_role=130134928 bytes_received_by_role=423032 harness_metadata_bytes=256 verification_opening_bytes=0 clean_protocol_bytes_by_role=130134672 direct_payload_bytes=0 silent_base_ot_bytes=111104 silent_base_noisy_vole_bytes=111496 silent_extension_payload_bytes=130023432 framing_bytes=0 notes=tcp_two_process; libOTe_SilentVole; semi_honest_128; MultType=ExConv7x24; BaseElem=u64; ExtElem=array<u64,M>; x=c; Z0=a; Z1=-b PASS
SILENT_SVOLE_TCP method=SILENT_SVOLE role=sender-client-p1 mode=bench network=tcp-loopback address=127.0.0.1:39429 logN=20 N=1048576 m=32 reps=1 requested_N=1048576 generated_N=1048576 code_size=2097584 noise_weight=248 partition_count=248 size_per_partition=8458 base_ot_count=3472 base_ot_protocol_invocations=1 base_noisy_vole_count=248 silent_extension_count=1 base_correlation_setup_s=1.279851 silent_extension_s=2.375467 local_output_mapping_s=0.000000 total_s=3.655318 verify_s=0.000000 bytes_sent_by_role=423032 bytes_received_by_role=130134928 harness_metadata_bytes=0 verification_opening_bytes=0 clean_protocol_bytes_by_role=423032 direct_payload_bytes=0 silent_base_ot_bytes=111104 silent_base_noisy_vole_bytes=65664 silent_extension_payload_bytes=357368 framing_bytes=0 notes=tcp_two_process; libOTe_SilentVole; semi_honest_128; MultType=ExConv7x24; BaseElem=u64; ExtElem=array<u64,M>; x=c; Z0=a; Z1=-b PASS
[server_exit=0 client_exit=0]

$ taskset -c 0 /home/cyy/pcg-experiments/mVOLE-local-silent-bench/build-final/main --RMVOLE_NET_BENCH silent-server 0.0.0.0 39430 20 32 1 bench &
$ taskset -c 2 /home/cyy/pcg-experiments/mVOLE-local-silent-bench/build-final/main --RMVOLE_NET_BENCH silent-client 127.0.0.1 39430 20 32 1 bench
SILENT_SVOLE_TCP method=SILENT_SVOLE role=receiver-server-p0 mode=bench network=tcp-loopback address=0.0.0.0:39430 logN=20 N=1048576 m=32 reps=1 requested_N=1048576 generated_N=1048576 code_size=2097584 noise_weight=248 partition_count=248 size_per_partition=8458 base_ot_count=3472 base_ot_protocol_invocations=1 base_noisy_vole_count=248 silent_extension_count=1 base_correlation_setup_s=1.064305 silent_extension_s=2.848776 local_output_mapping_s=0.000000 total_s=3.913081 verify_s=0.000000 bytes_sent_by_role=130134928 bytes_received_by_role=423032 harness_metadata_bytes=256 verification_opening_bytes=0 clean_protocol_bytes_by_role=130134672 direct_payload_bytes=0 silent_base_ot_bytes=111104 silent_base_noisy_vole_bytes=111496 silent_extension_payload_bytes=130023432 framing_bytes=0 notes=tcp_two_process; libOTe_SilentVole; semi_honest_128; MultType=ExConv7x24; BaseElem=u64; ExtElem=array<u64,M>; x=c; Z0=a; Z1=-b PASS
SILENT_SVOLE_TCP method=SILENT_SVOLE role=sender-client-p1 mode=bench network=tcp-loopback address=127.0.0.1:39430 logN=20 N=1048576 m=32 reps=1 requested_N=1048576 generated_N=1048576 code_size=2097584 noise_weight=248 partition_count=248 size_per_partition=8458 base_ot_count=3472 base_ot_protocol_invocations=1 base_noisy_vole_count=248 silent_extension_count=1 base_correlation_setup_s=1.290791 silent_extension_s=2.499379 local_output_mapping_s=0.000000 total_s=3.790170 verify_s=0.000000 bytes_sent_by_role=423032 bytes_received_by_role=130134928 harness_metadata_bytes=0 verification_opening_bytes=0 clean_protocol_bytes_by_role=423032 direct_payload_bytes=0 silent_base_ot_bytes=111104 silent_base_noisy_vole_bytes=65664 silent_extension_payload_bytes=357368 framing_bytes=0 notes=tcp_two_process; libOTe_SilentVole; semi_honest_128; MultType=ExConv7x24; BaseElem=u64; ExtElem=array<u64,M>; x=c; Z0=a; Z1=-b PASS
[server_exit=0 client_exit=0]

$ taskset -c 0 /home/cyy/pcg-experiments/mVOLE-local-silent-bench/build-final/main --RMVOLE_NET_BENCH silent-server 0.0.0.0 39431 20 32 1 bench &
$ taskset -c 2 /home/cyy/pcg-experiments/mVOLE-local-silent-bench/build-final/main --RMVOLE_NET_BENCH silent-client 127.0.0.1 39431 20 32 1 bench
SILENT_SVOLE_TCP method=SILENT_SVOLE role=receiver-server-p0 mode=bench network=tcp-loopback address=0.0.0.0:39431 logN=20 N=1048576 m=32 reps=1 requested_N=1048576 generated_N=1048576 code_size=2097584 noise_weight=248 partition_count=248 size_per_partition=8458 base_ot_count=3472 base_ot_protocol_invocations=1 base_noisy_vole_count=248 silent_extension_count=1 base_correlation_setup_s=1.065566 silent_extension_s=2.907697 local_output_mapping_s=0.000000 total_s=3.973263 verify_s=0.000000 bytes_sent_by_role=130134928 bytes_received_by_role=423032 harness_metadata_bytes=256 verification_opening_bytes=0 clean_protocol_bytes_by_role=130134672 direct_payload_bytes=0 silent_base_ot_bytes=111104 silent_base_noisy_vole_bytes=111496 silent_extension_payload_bytes=130023432 framing_bytes=0 notes=tcp_two_process; libOTe_SilentVole; semi_honest_128; MultType=ExConv7x24; BaseElem=u64; ExtElem=array<u64,M>; x=c; Z0=a; Z1=-b PASS
SILENT_SVOLE_TCP method=SILENT_SVOLE role=sender-client-p1 mode=bench network=tcp-loopback address=127.0.0.1:39431 logN=20 N=1048576 m=32 reps=1 requested_N=1048576 generated_N=1048576 code_size=2097584 noise_weight=248 partition_count=248 size_per_partition=8458 base_ot_count=3472 base_ot_protocol_invocations=1 base_noisy_vole_count=248 silent_extension_count=1 base_correlation_setup_s=1.279831 silent_extension_s=2.467920 local_output_mapping_s=0.000000 total_s=3.747752 verify_s=0.000000 bytes_sent_by_role=423032 bytes_received_by_role=130134928 harness_metadata_bytes=0 verification_opening_bytes=0 clean_protocol_bytes_by_role=423032 direct_payload_bytes=0 silent_base_ot_bytes=111104 silent_base_noisy_vole_bytes=65664 silent_extension_payload_bytes=357368 framing_bytes=0 notes=tcp_two_process; libOTe_SilentVole; semi_honest_128; MultType=ExConv7x24; BaseElem=u64; ExtElem=array<u64,M>; x=c; Z0=a; Z1=-b PASS
[server_exit=0 client_exit=0]

$ taskset -c 0 /home/cyy/pcg-experiments/mVOLE-local-silent-bench/build-final/main --RMVOLE_NET_BENCH silent-server 0.0.0.0 39432 20 32 1 bench &
$ taskset -c 2 /home/cyy/pcg-experiments/mVOLE-local-silent-bench/build-final/main --RMVOLE_NET_BENCH silent-client 127.0.0.1 39432 20 32 1 bench
SILENT_SVOLE_TCP method=SILENT_SVOLE role=receiver-server-p0 mode=bench network=tcp-loopback address=0.0.0.0:39432 logN=20 N=1048576 m=32 reps=1 requested_N=1048576 generated_N=1048576 code_size=2097584 noise_weight=248 partition_count=248 size_per_partition=8458 base_ot_count=3472 base_ot_protocol_invocations=1 base_noisy_vole_count=248 silent_extension_count=1 base_correlation_setup_s=1.063338 silent_extension_s=2.856939 local_output_mapping_s=0.000000 total_s=3.920278 verify_s=0.000000 bytes_sent_by_role=130134928 bytes_received_by_role=423032 harness_metadata_bytes=256 verification_opening_bytes=0 clean_protocol_bytes_by_role=130134672 direct_payload_bytes=0 silent_base_ot_bytes=111104 silent_base_noisy_vole_bytes=111496 silent_extension_payload_bytes=130023432 framing_bytes=0 notes=tcp_two_process; libOTe_SilentVole; semi_honest_128; MultType=ExConv7x24; BaseElem=u64; ExtElem=array<u64,M>; x=c; Z0=a; Z1=-b PASS
SILENT_SVOLE_TCP method=SILENT_SVOLE role=sender-client-p1 mode=bench network=tcp-loopback address=127.0.0.1:39432 logN=20 N=1048576 m=32 reps=1 requested_N=1048576 generated_N=1048576 code_size=2097584 noise_weight=248 partition_count=248 size_per_partition=8458 base_ot_count=3472 base_ot_protocol_invocations=1 base_noisy_vole_count=248 silent_extension_count=1 base_correlation_setup_s=1.278089 silent_extension_s=2.441728 local_output_mapping_s=0.000000 total_s=3.719817 verify_s=0.000000 bytes_sent_by_role=423032 bytes_received_by_role=130134928 harness_metadata_bytes=0 verification_opening_bytes=0 clean_protocol_bytes_by_role=423032 direct_payload_bytes=0 silent_base_ot_bytes=111104 silent_base_noisy_vole_bytes=65664 silent_extension_payload_bytes=357368 framing_bytes=0 notes=tcp_two_process; libOTe_SilentVole; semi_honest_128; MultType=ExConv7x24; BaseElem=u64; ExtElem=array<u64,M>; x=c; Z0=a; Z1=-b PASS
[server_exit=0 client_exit=0]

$ taskset -c 0 /home/cyy/pcg-experiments/mVOLE-local-silent-bench/build-final/main --RMVOLE_NET_BENCH silent-server 0.0.0.0 39433 20 32 1 bench &
$ taskset -c 2 /home/cyy/pcg-experiments/mVOLE-local-silent-bench/build-final/main --RMVOLE_NET_BENCH silent-client 127.0.0.1 39433 20 32 1 bench
SILENT_SVOLE_TCP method=SILENT_SVOLE role=receiver-server-p0 mode=bench network=tcp-loopback address=0.0.0.0:39433 logN=20 N=1048576 m=32 reps=1 requested_N=1048576 generated_N=1048576 code_size=2097584 noise_weight=248 partition_count=248 size_per_partition=8458 base_ot_count=3472 base_ot_protocol_invocations=1 base_noisy_vole_count=248 silent_extension_count=1 base_correlation_setup_s=1.064484 silent_extension_s=2.920108 local_output_mapping_s=0.000000 total_s=3.984592 verify_s=0.000000 bytes_sent_by_role=130134928 bytes_received_by_role=423032 harness_metadata_bytes=256 verification_opening_bytes=0 clean_protocol_bytes_by_role=130134672 direct_payload_bytes=0 silent_base_ot_bytes=111104 silent_base_noisy_vole_bytes=111496 silent_extension_payload_bytes=130023432 framing_bytes=0 notes=tcp_two_process; libOTe_SilentVole; semi_honest_128; MultType=ExConv7x24; BaseElem=u64; ExtElem=array<u64,M>; x=c; Z0=a; Z1=-b PASS
SILENT_SVOLE_TCP method=SILENT_SVOLE role=sender-client-p1 mode=bench network=tcp-loopback address=127.0.0.1:39433 logN=20 N=1048576 m=32 reps=1 requested_N=1048576 generated_N=1048576 code_size=2097584 noise_weight=248 partition_count=248 size_per_partition=8458 base_ot_count=3472 base_ot_protocol_invocations=1 base_noisy_vole_count=248 silent_extension_count=1 base_correlation_setup_s=1.280334 silent_extension_s=2.457210 local_output_mapping_s=0.000000 total_s=3.737543 verify_s=0.000000 bytes_sent_by_role=423032 bytes_received_by_role=130134928 harness_metadata_bytes=0 verification_opening_bytes=0 clean_protocol_bytes_by_role=423032 direct_payload_bytes=0 silent_base_ot_bytes=111104 silent_base_noisy_vole_bytes=65664 silent_extension_payload_bytes=357368 framing_bytes=0 notes=tcp_two_process; libOTe_SilentVole; semi_honest_128; MultType=ExConv7x24; BaseElem=u64; ExtElem=array<u64,M>; x=c; Z0=a; Z1=-b PASS
[server_exit=0 client_exit=0]

$ taskset -c 0 /home/cyy/pcg-experiments/mVOLE-local-silent-bench/build-final/main --RMVOLE_NET_BENCH silent-server 0.0.0.0 39434 20 32 1 bench &
$ taskset -c 2 /home/cyy/pcg-experiments/mVOLE-local-silent-bench/build-final/main --RMVOLE_NET_BENCH silent-client 127.0.0.1 39434 20 32 1 bench
SILENT_SVOLE_TCP method=SILENT_SVOLE role=receiver-server-p0 mode=bench network=tcp-loopback address=0.0.0.0:39434 logN=20 N=1048576 m=32 reps=1 requested_N=1048576 generated_N=1048576 code_size=2097584 noise_weight=248 partition_count=248 size_per_partition=8458 base_ot_count=3472 base_ot_protocol_invocations=1 base_noisy_vole_count=248 silent_extension_count=1 base_correlation_setup_s=1.063269 silent_extension_s=2.886192 local_output_mapping_s=0.000000 total_s=3.949461 verify_s=0.000000 bytes_sent_by_role=130134928 bytes_received_by_role=423032 harness_metadata_bytes=256 verification_opening_bytes=0 clean_protocol_bytes_by_role=130134672 direct_payload_bytes=0 silent_base_ot_bytes=111104 silent_base_noisy_vole_bytes=111496 silent_extension_payload_bytes=130023432 framing_bytes=0 notes=tcp_two_process; libOTe_SilentVole; semi_honest_128; MultType=ExConv7x24; BaseElem=u64; ExtElem=array<u64,M>; x=c; Z0=a; Z1=-b PASS
SILENT_SVOLE_TCP method=SILENT_SVOLE role=sender-client-p1 mode=bench network=tcp-loopback address=127.0.0.1:39434 logN=20 N=1048576 m=32 reps=1 requested_N=1048576 generated_N=1048576 code_size=2097584 noise_weight=248 partition_count=248 size_per_partition=8458 base_ot_count=3472 base_ot_protocol_invocations=1 base_noisy_vole_count=248 silent_extension_count=1 base_correlation_setup_s=1.279047 silent_extension_s=2.377397 local_output_mapping_s=0.000000 total_s=3.656444 verify_s=0.000000 bytes_sent_by_role=423032 bytes_received_by_role=130134928 harness_metadata_bytes=0 verification_opening_bytes=0 clean_protocol_bytes_by_role=423032 direct_payload_bytes=0 silent_base_ot_bytes=111104 silent_base_noisy_vole_bytes=65664 silent_extension_payload_bytes=357368 framing_bytes=0 notes=tcp_two_process; libOTe_SilentVole; semi_honest_128; MultType=ExConv7x24; BaseElem=u64; ExtElem=array<u64,M>; x=c; Z0=a; Z1=-b PASS
[server_exit=0 client_exit=0]

$ taskset -c 0 /home/cyy/pcg-experiments/mVOLE-local-silent-bench/build-final/main --RMVOLE_NET_BENCH silent-server 0.0.0.0 39435 20 32 1 bench &
$ taskset -c 2 /home/cyy/pcg-experiments/mVOLE-local-silent-bench/build-final/main --RMVOLE_NET_BENCH silent-client 127.0.0.1 39435 20 32 1 bench
SILENT_SVOLE_TCP method=SILENT_SVOLE role=receiver-server-p0 mode=bench network=tcp-loopback address=0.0.0.0:39435 logN=20 N=1048576 m=32 reps=1 requested_N=1048576 generated_N=1048576 code_size=2097584 noise_weight=248 partition_count=248 size_per_partition=8458 base_ot_count=3472 base_ot_protocol_invocations=1 base_noisy_vole_count=248 silent_extension_count=1 base_correlation_setup_s=1.065455 silent_extension_s=2.891060 local_output_mapping_s=0.000000 total_s=3.956515 verify_s=0.000000 bytes_sent_by_role=130134928 bytes_received_by_role=423032 harness_metadata_bytes=256 verification_opening_bytes=0 clean_protocol_bytes_by_role=130134672 direct_payload_bytes=0 silent_base_ot_bytes=111104 silent_base_noisy_vole_bytes=111496 silent_extension_payload_bytes=130023432 framing_bytes=0 notes=tcp_two_process; libOTe_SilentVole; semi_honest_128; MultType=ExConv7x24; BaseElem=u64; ExtElem=array<u64,M>; x=c; Z0=a; Z1=-b PASS
SILENT_SVOLE_TCP method=SILENT_SVOLE role=sender-client-p1 mode=bench network=tcp-loopback address=127.0.0.1:39435 logN=20 N=1048576 m=32 reps=1 requested_N=1048576 generated_N=1048576 code_size=2097584 noise_weight=248 partition_count=248 size_per_partition=8458 base_ot_count=3472 base_ot_protocol_invocations=1 base_noisy_vole_count=248 silent_extension_count=1 base_correlation_setup_s=1.294070 silent_extension_s=2.468918 local_output_mapping_s=0.000000 total_s=3.762989 verify_s=0.000000 bytes_sent_by_role=423032 bytes_received_by_role=130134928 harness_metadata_bytes=0 verification_opening_bytes=0 clean_protocol_bytes_by_role=423032 direct_payload_bytes=0 silent_base_ot_bytes=111104 silent_base_noisy_vole_bytes=65664 silent_extension_payload_bytes=357368 framing_bytes=0 notes=tcp_two_process; libOTe_SilentVole; semi_honest_128; MultType=ExConv7x24; BaseElem=u64; ExtElem=array<u64,M>; x=c; Z0=a; Z1=-b PASS
[server_exit=0 client_exit=0]

$ taskset -c 0 /home/cyy/pcg-experiments/mVOLE-local-silent-bench/build-final/main --RMVOLE_NET_BENCH silent-server 0.0.0.0 39436 20 32 1 bench &
$ taskset -c 2 /home/cyy/pcg-experiments/mVOLE-local-silent-bench/build-final/main --RMVOLE_NET_BENCH silent-client 127.0.0.1 39436 20 32 1 bench
SILENT_SVOLE_TCP method=SILENT_SVOLE role=receiver-server-p0 mode=bench network=tcp-loopback address=0.0.0.0:39436 logN=20 N=1048576 m=32 reps=1 requested_N=1048576 generated_N=1048576 code_size=2097584 noise_weight=248 partition_count=248 size_per_partition=8458 base_ot_count=3472 base_ot_protocol_invocations=1 base_noisy_vole_count=248 silent_extension_count=1 base_correlation_setup_s=1.066172 silent_extension_s=2.907990 local_output_mapping_s=0.000000 total_s=3.974162 verify_s=0.000000 bytes_sent_by_role=130134928 bytes_received_by_role=423032 harness_metadata_bytes=256 verification_opening_bytes=0 clean_protocol_bytes_by_role=130134672 direct_payload_bytes=0 silent_base_ot_bytes=111104 silent_base_noisy_vole_bytes=111208 silent_extension_payload_bytes=130023432 framing_bytes=32 notes=tcp_two_process; libOTe_SilentVole; semi_honest_128; MultType=ExConv7x24; BaseElem=u64; ExtElem=array<u64,M>; x=c; Z0=a; Z1=-b PASS
SILENT_SVOLE_TCP method=SILENT_SVOLE role=sender-client-p1 mode=bench network=tcp-loopback address=127.0.0.1:39436 logN=20 N=1048576 m=32 reps=1 requested_N=1048576 generated_N=1048576 code_size=2097584 noise_weight=248 partition_count=248 size_per_partition=8458 base_ot_count=3472 base_ot_protocol_invocations=1 base_noisy_vole_count=248 silent_extension_count=1 base_correlation_setup_s=1.296383 silent_extension_s=2.432251 local_output_mapping_s=0.000000 total_s=3.728634 verify_s=0.000000 bytes_sent_by_role=423032 bytes_received_by_role=130134928 harness_metadata_bytes=0 verification_opening_bytes=0 clean_protocol_bytes_by_role=423032 direct_payload_bytes=0 silent_base_ot_bytes=111104 silent_base_noisy_vole_bytes=65664 silent_extension_payload_bytes=357368 framing_bytes=0 notes=tcp_two_process; libOTe_SilentVole; semi_honest_128; MultType=ExConv7x24; BaseElem=u64; ExtElem=array<u64,M>; x=c; Z0=a; Z1=-b PASS
[server_exit=0 client_exit=0]

