timestamp,benchmark_source_commit,method,base_ot_mode,p,base_field_bits,base_coordinate_storage_bits,lambda,c,logN,N,t,domainSize,m,trial_index,warmup,status,data_source,correctness,network,p0_cpu,p1_cpu,p0_core,p1_core,numa_node,split_input_setup_ms,pprf_key_setup_ms,pprf_full_eval_p0_ms,pprf_full_eval_p1_ms,wht_p0_ms,wht_p1_ms,pointwise_p0_ms,pointwise_p1_ms,output_materialization_p0_ms,output_materialization_p1_ms,setup_wall_ms,expand_wall_ms,total_wall_ms,p0_expand_ms,p1_expand_ms,total_cpu_work_ms,pprf_instances,split_input_noisy_svole_length,pprf_domain_size,pprf_point_count,pprf_leaves_per_sparse_polynomial,consumed_ot_count,base_ot_protocol_invocations,notes,p0_bytes_sent,p0_bytes_received,p1_bytes_sent,p1_bytes_received,total_comm_bytes,total_received_bytes,sent_received_delta_bytes,split_input_base_ot_bytes,split_input_payload_bytes,pprf_base_ot_bytes,pprf_payload_bytes,framing_bytes,bytes_per_rm_vole_coordinate,bits_per_base_field_rank_one_entry,split_input_comm_percent,pprf_comm_percent,transport,relation,security_mode,requested_N,generated_N,code_family,code_size,noise_weight,partition_count,size_per_partition,base_ot_count,pprf_instance_count,pprf_base_ot_count,base_noisy_vole_count,silent_extension_count,base_correlation_setup_ms,silent_extension_ms,local_output_mapping_ms,p0_cpu_work_ms,p1_cpu_work_ms,p0_peak_rss_bytes,p1_peak_rss_bytes,base_ot_bytes,base_noisy_vole_bytes,silent_payload_bytes,direct_base_ot_bytes,direct_payload_bytes,silent_base_ot_bytes,silent_base_noisy_vole_bytes,silent_extension_payload_bytes,bytes_per_svole_coordinate,bits_per_base_field_matrix_entry
2026-07-23T08:59:25.098106+00:00,b33a10fa7851ba0c3a26bea531ffb004f00d9365,RM_VECTOR,INCLUDING_OT,2305843009213693951,61,64,128,2,12,4096,64,64,8,-1,1,OK,measured,PASS,tcp-loopback,0,2,0,1,0,57.888000000000005,55.508,0,0,included_in_expand_p0,included_in_expand_p1,included_in_expand_p0,included_in_expand_p1,included_in_expand_p0,included_in_expand_p1,103.96900000000001,0.749,104.688,0.718,0.749,114.86300000000001,2,128,64,64,4096,2,2,tcp_two_process_loopback; tcp_two_process;,4220584,70888,70888,4220584,4291472,4291472,0,included_in_split_input_bytes,included_in_split_input_bytes,included_in_pprf_bytes,included_in_pprf_bytes,0,130.96533203125,1047.72265625,98.14590424917138,1.855027831942047,,,,,,,,,,,,,,,,,,,,,,,,,,,,,,,,
2026-07-23T08:59:25.566389+00:00,b33a10fa7851ba0c3a26bea531ffb004f00d9365,RM_VECTOR,INCLUDING_OT,2305843009213693951,61,64,128,2,12,4096,64,64,8,0,0,OK,measured,PASS,tcp-loopback,0,2,0,1,0,57.516999999999996,55.554,0,0,included_in_expand_p0,included_in_expand_p1,included_in_expand_p0,included_in_expand_p1,included_in_expand_p0,included_in_expand_p1,103.55,0.716,104.24799999999999,0.6980000000000001,0.716,114.48499999999999,2,128,64,64,4096,2,2,tcp_two_process_loopback; tcp_two_process;,4220584,70888,70888,4220584,4291472,4291472,0,included_in_split_input_bytes,included_in_split_input_bytes,included_in_pprf_bytes,included_in_pprf_bytes,0,130.96533203125,1047.72265625,98.14590424917138,1.855027831942047,,,,,,,,,,,,,,,,,,,,,,,,,,,,,,,,
2026-07-23T08:59:26.033806+00:00,b33a10fa7851ba0c3a26bea531ffb004f00d9365,RM_VECTOR,INCLUDING_OT,2305843009213693951,61,64,128,2,12,4096,64,64,8,1,0,OK,measured,PASS,tcp-loopback,0,2,0,1,0,57.58,55.35,0,0,included_in_expand_p0,included_in_expand_p1,included_in_expand_p0,included_in_expand_p1,included_in_expand_p0,included_in_expand_p1,103.28099999999999,0.749,104.03,0.749,0.745,114.424,2,128,64,64,4096,2,2,tcp_two_process_loopback; tcp_two_process;,4220584,70888,70888,4220584,4291472,4291472,0,included_in_split_input_bytes,included_in_split_input_bytes,included_in_pprf_bytes,included_in_pprf_bytes,0,130.96533203125,1047.72265625,98.14590424917138,1.855027831942047,,,,,,,,,,,,,,,,,,,,,,,,,,,,,,,,
2026-07-23T08:59:26.500493+00:00,b33a10fa7851ba0c3a26bea531ffb004f00d9365,RM_VECTOR,INCLUDING_OT,2305843009213693951,61,64,128,2,12,4096,64,64,8,2,0,OK,measured,PASS,tcp-loopback,0,2,0,1,0,57.332,55.765,0,0,included_in_expand_p0,included_in_expand_p1,included_in_expand_p0,included_in_expand_p1,included_in_expand_p0,included_in_expand_p1,103.56700000000001,0.7380000000000001,104.28099999999999,0.714,0.7380000000000001,114.549,2,128,64,64,4096,2,2,tcp_two_process_loopback; tcp_two_process;,4220584,70888,70888,4220584,4291472,4291472,0,included_in_split_input_bytes,included_in_split_input_bytes,included_in_pprf_bytes,included_in_pprf_bytes,0,130.96533203125,1047.72265625,98.14590424917138,1.855027831942047,,,,,,,,,,,,,,,,,,,,,,,,,,,,,,,,
2026-07-23T08:59:26.967288+00:00,b33a10fa7851ba0c3a26bea531ffb004f00d9365,RM_VECTOR,INCLUDING_OT,2305843009213693951,61,64,128,2,12,4096,64,64,8,3,0,OK,measured,PASS,tcp-loopback,0,2,0,1,0,57.442,55.769,0,0,included_in_expand_p0,included_in_expand_p1,included_in_expand_p0,included_in_expand_p1,included_in_expand_p0,included_in_expand_p1,103.582,0.731,104.297,0.7150000000000001,0.731,114.657,2,128,64,64,4096,2,2,tcp_two_process_loopback; tcp_two_process;,4220584,70888,70888,4220584,4291472,4291472,0,included_in_split_input_bytes,included_in_split_input_bytes,included_in_pprf_bytes,included_in_pprf_bytes,0,130.96533203125,1047.72265625,98.14590424917138,1.855027831942047,,,,,,,,,,,,,,,,,,,,,,,,,,,,,,,,
2026-07-23T08:59:27.434198+00:00,b33a10fa7851ba0c3a26bea531ffb004f00d9365,RM_VECTOR,INCLUDING_OT,2305843009213693951,61,64,128,2,12,4096,64,64,8,4,0,OK,measured,PASS,tcp-loopback,0,2,0,1,0,58.338,55.778,0,0,included_in_expand_p0,included_in_expand_p1,included_in_expand_p0,included_in_expand_p1,included_in_expand_p0,included_in_expand_p1,104.417,0.743,105.146,0.7290000000000001,0.743,115.588,2,128,64,64,4096,2,2,tcp_two_process_loopback; tcp_two_process;,4220584,70888,70888,4220584,4291472,4291472,0,included_in_split_input_bytes,included_in_split_input_bytes,included_in_pprf_bytes,included_in_pprf_bytes,0,130.96533203125,1047.72265625,98.14590424917138,1.855027831942047,,,,,,,,,,,,,,,,,,,,,,,,,,,,,,,,
2026-07-23T08:59:27.903416+00:00,b33a10fa7851ba0c3a26bea531ffb004f00d9365,RM_VECTOR,INCLUDING_OT,2305843009213693951,61,64,128,2,12,4096,64,64,8,5,0,OK,measured,PASS,tcp-loopback,0,2,0,1,0,58.116,55.458,0,0,included_in_expand_p0,included_in_expand_p1,included_in_expand_p0,included_in_expand_p1,included_in_expand_p0,included_in_expand_p1,104.075,0.7739999999999999,104.849,0.7739999999999999,0.768,115.116,2,128,64,64,4096,2,2,tcp_two_process_loopback; tcp_two_process;,4220584,70888,70888,4220584,4291472,4291472,0,included_in_split_input_bytes,included_in_split_input_bytes,included_in_pprf_bytes,included_in_pprf_bytes,0,130.96533203125,1047.72265625,98.14590424917138,1.855027831942047,,,,,,,,,,,,,,,,,,,,,,,,,,,,,,,,
2026-07-23T08:59:28.372332+00:00,b33a10fa7851ba0c3a26bea531ffb004f00d9365,RM_VECTOR,INCLUDING_OT,2305843009213693951,61,64,128,2,12,4096,64,64,8,6,0,OK,measured,PASS,tcp-loopback,0,2,0,1,0,57.902,55.619,0,0,included_in_expand_p0,included_in_expand_p1,included_in_expand_p0,included_in_expand_p1,included_in_expand_p0,included_in_expand_p1,103.89800000000001,0.747,104.645,0.747,0.739,115.007,2,128,64,64,4096,2,2,tcp_two_process_loopback; tcp_two_process;,4220584,70888,70888,4220584,4291472,4291472,0,included_in_split_input_bytes,included_in_split_input_bytes,included_in_pprf_bytes,included_in_pprf_bytes,0,130.96533203125,1047.72265625,98.14590424917138,1.855027831942047,,,,,,,,,,,,,,,,,,,,,,,,,,,,,,,,
2026-07-23T08:59:28.840486+00:00,b33a10fa7851ba0c3a26bea531ffb004f00d9365,RM_VECTOR,INCLUDING_OT,2305843009213693951,61,64,128,2,12,4096,64,64,8,7,0,OK,measured,PASS,tcp-loopback,0,2,0,1,0,58.562000000000005,55.679,0,0,included_in_expand_p0,included_in_expand_p1,included_in_expand_p0,included_in_expand_p1,included_in_expand_p0,included_in_expand_p1,104.58000000000001,0.745,105.30000000000001,0.7200000000000001,0.745,115.70600000000002,2,128,64,64,4096,2,2,tcp_two_process_loopback; tcp_two_process;,4220584,70888,70888,4220584,4291472,4291472,0,included_in_split_input_bytes,included_in_split_input_bytes,included_in_pprf_bytes,included_in_pprf_bytes,0,130.96533203125,1047.72265625,98.14590424917138,1.855027831942047,,,,,,,,,,,,,,,,,,,,,,,,,,,,,,,,
2026-07-23T08:59:29.309157+00:00,b33a10fa7851ba0c3a26bea531ffb004f00d9365,RM_VECTOR,INCLUDING_OT,2305843009213693951,61,64,128,2,12,4096,64,64,8,8,0,OK,measured,PASS,tcp-loopback,0,2,0,1,0,58.302,55.564,0,0,included_in_expand_p0,included_in_expand_p1,included_in_expand_p0,included_in_expand_p1,included_in_expand_p0,included_in_expand_p1,104.283,0.743,105.00099999999999,0.717,0.743,115.326,2,128,64,64,4096,2,2,tcp_two_process_loopback; tcp_two_process;,4220584,70888,70888,4220584,4291472,4291472,0,included_in_split_input_bytes,included_in_split_input_bytes,included_in_pprf_bytes,included_in_pprf_bytes,0,130.96533203125,1047.72265625,98.14590424917138,1.855027831942047,,,,,,,,,,,,,,,,,,,,,,,,,,,,,,,,
2026-07-23T08:59:29.777559+00:00,b33a10fa7851ba0c3a26bea531ffb004f00d9365,RM_VECTOR,INCLUDING_OT,2305843009213693951,61,64,128,2,12,4096,64,64,8,9,0,OK,measured,PASS,tcp-loopback,0,2,0,1,0,58.079,55.775999999999996,0,0,included_in_expand_p0,included_in_expand_p1,included_in_expand_p0,included_in_expand_p1,included_in_expand_p0,included_in_expand_p1,104.169,0.741,104.882,0.713,0.741,115.30899999999998,2,128,64,64,4096,2,2,tcp_two_process_loopback; tcp_two_process;,4220584,70888,70888,4220584,4291472,4291472,0,included_in_split_input_bytes,included_in_split_input_bytes,included_in_pprf_bytes,included_in_pprf_bytes,0,130.96533203125,1047.72265625,98.14590424917138,1.855027831942047,,,,,,,,,,,,,,,,,,,,,,,,,,,,,,,,
2026-07-23T08:59:30.245322+00:00,b33a10fa7851ba0c3a26bea531ffb004f00d9365,RM_COORD,INCLUDING_OT,2305843009213693951,61,64,128,2,12,4096,64,64,8,-1,1,OK,measured,PASS,tcp-loopback,0,2,0,1,0,57.547000000000004,371.7,0,0,included_in_expand_p0,included_in_expand_p1,included_in_expand_p0,included_in_expand_p1,included_in_expand_p0,included_in_expand_p1,419.69800000000004,0.954,420.452,0.753,0.954,430.954,16,128,64,64,4096,16,16,tcp_two_process_loopback; tcp_two_process;,4403368,215704,215704,4403368,4619072,4619072,0,included_in_split_input_bytes,included_in_split_input_bytes,included_in_pprf_bytes,included_in_pprf_bytes,0,140.962890625,1127.703125,91.18506920870686,8.815796766103668,,,,,,,,,,,,,,,,,,,,,,,,,,,,,,,,
2026-07-23T08:59:31.029690+00:00,b33a10fa7851ba0c3a26bea531ffb004f00d9365,RM_COORD,INCLUDING_OT,2305843009213693951,61,64,128,2,12,4096,64,64,8,0,0,OK,measured,PASS,tcp-loopback,0,2,0,1,0,58.201,371.0,0,0,included_in_expand_p0,included_in_expand_p1,included_in_expand_p0,included_in_expand_p1,included_in_expand_p0,included_in_expand_p1,419.53200000000004,0.9430000000000001,420.286,0.754,0.9430000000000001,430.898,16,128,64,64,4096,16,16,tcp_two_process_loopback; tcp_two_process;,4403368,215704,215704,4403368,4619072,4619072,0,included_in_split_input_bytes,included_in_split_input_bytes,included_in_pprf_bytes,included_in_pprf_bytes,0,140.962890625,1127.703125,91.18506920870686,8.815796766103668,,,,,,,,,,,,,,,,,,,,,,,,,,,,,,,,
2026-07-23T08:59:31.814014+00:00,b33a10fa7851ba0c3a26bea531ffb004f00d9365,RM_COORD,INCLUDING_OT,2305843009213693951,61,64,128,2,12,4096,64,64,8,1,0,OK,measured,PASS,tcp-loopback,0,2,0,1,0,58.028999999999996,370.98199999999997,0,0,included_in_expand_p0,included_in_expand_p1,included_in_expand_p0,included_in_expand_p1,included_in_expand_p0,included_in_expand_p1,419.435,0.905,420.164,0.73,0.905,430.64599999999996,16,128,64,64,4096,16,16,tcp_two_process_loopback; tcp_two_process;,4403368,215704,215704,4403368,4619072,4619072,0,included_in_split_input_bytes,included_in_split_input_bytes,included_in_pprf_bytes,included_in_pprf_bytes,0,140.962890625,1127.703125,91.18506920870686,8.815796766103668,,,,,,,,,,,,,,,,,,,,,,,,,,,,,,,,
2026-07-23T08:59:32.598791+00:00,b33a10fa7851ba0c3a26bea531ffb004f00d9365,RM_COORD,INCLUDING_OT,2305843009213693951,61,64,128,2,12,4096,64,64,8,2,0,OK,measured,PASS,tcp-loopback,0,2,0,1,0,57.818,370.153,0,0,included_in_expand_p0,included_in_expand_p1,included_in_expand_p0,included_in_expand_p1,included_in_expand_p0,included_in_expand_p1,418.34,0.9309999999999999,419.086,0.746,0.9309999999999999,429.64799999999997,16,128,64,64,4096,16,16,tcp_two_process_loopback; tcp_two_process;,4403368,215704,215704,4403368,4619072,4619072,0,included_in_split_input_bytes,included_in_split_input_bytes,included_in_pprf_bytes,included_in_pprf_bytes,0,140.962890625,1127.703125,91.18506920870686,8.815796766103668,,,,,,,,,,,,,,,,,,,,,,,,,,,,,,,,
2026-07-23T08:59:33.381590+00:00,b33a10fa7851ba0c3a26bea531ffb004f00d9365,RM_COORD,INCLUDING_OT,2305843009213693951,61,64,128,2,12,4096,64,64,8,3,0,OK,measured,PASS,tcp-loopback,0,2,0,1,0,57.719,369.869,0,0,included_in_expand_p0,included_in_expand_p1,included_in_expand_p0,included_in_expand_p1,included_in_expand_p0,included_in_expand_p1,417.92,0.9470000000000001,418.69800000000004,0.741,0.9470000000000001,429.276,16,128,64,64,4096,16,16,tcp_two_process_loopback; tcp_two_process;,4403368,215704,215704,4403368,4619072,4619072,0,included_in_split_input_bytes,included_in_split_input_bytes,included_in_pprf_bytes,included_in_pprf_bytes,0,140.962890625,1127.703125,91.18506920870686,8.815796766103668,,,,,,,,,,,,,,,,,,,,,,,,,,,,,,,,
2026-07-23T08:59:34.165017+00:00,b33a10fa7851ba0c3a26bea531ffb004f00d9365,RM_COORD,INCLUDING_OT,2305843009213693951,61,64,128,2,12,4096,64,64,8,4,0,OK,measured,PASS,tcp-loopback,0,2,0,1,0,57.858,369.505,0,0,included_in_expand_p0,included_in_expand_p1,included_in_expand_p0,included_in_expand_p1,included_in_expand_p0,included_in_expand_p1,417.763,0.925,418.506,0.743,0.925,429.031,16,128,64,64,4096,16,16,tcp_two_process_loopback; tcp_two_process;,4403368,215704,215704,4403368,4619072,4619072,0,included_in_split_input_bytes,included_in_split_input_bytes,included_in_pprf_bytes,included_in_pprf_bytes,0,140.962890625,1127.703125,91.18506920870686,8.815796766103668,,,,,,,,,,,,,,,,,,,,,,,,,,,,,,,,
2026-07-23T08:59:34.948105+00:00,b33a10fa7851ba0c3a26bea531ffb004f00d9365,RM_COORD,INCLUDING_OT,2305843009213693951,61,64,128,2,12,4096,64,64,8,5,0,OK,measured,PASS,tcp-loopback,0,2,0,1,0,59.108000000000004,369.938,0,0,included_in_expand_p0,included_in_expand_p1,included_in_expand_p0,included_in_expand_p1,included_in_expand_p0,included_in_expand_p1,419.713,0.916,420.44599999999997,0.733,0.916,430.695,16,128,64,64,4096,16,16,tcp_two_process_loopback; tcp_two_process;,4403368,215704,215704,4403368,4619072,4619072,0,included_in_split_input_bytes,included_in_split_input_bytes,included_in_pprf_bytes,included_in_pprf_bytes,0,140.962890625,1127.703125,91.18506920870686,8.815796766103668,,,,,,,,,,,,,,,,,,,,,,,,,,,,,,,,
2026-07-23T08:59:35.733806+00:00,b33a10fa7851ba0c3a26bea531ffb004f00d9365,RM_COORD,INCLUDING_OT,2305843009213693951,61,64,128,2,12,4096,64,64,8,6,0,OK,measured,PASS,tcp-loopback,0,2,0,1,0,58.305,371.926,0,0,included_in_expand_p0,included_in_expand_p1,included_in_expand_p0,included_in_expand_p1,included_in_expand_p0,included_in_expand_p1,420.528,0.94,421.273,0.745,0.94,431.916,16,128,64,64,4096,16,16,tcp_two_process_loopback; tcp_two_process;,4403368,215704,215704,4403368,4619072,4619072,0,included_in_split_input_bytes,included_in_split_input_bytes,included_in_pprf_bytes,included_in_pprf_bytes,0,140.962890625,1127.703125,91.18506920870686,8.815796766103668,,,,,,,,,,,,,,,,,,,,,,,,,,,,,,,,
2026-07-23T08:59:36.520585+00:00,b33a10fa7851ba0c3a26bea531ffb004f00d9365,RM_COORD,INCLUDING_OT,2305843009213693951,61,64,128,2,12,4096,64,64,8,7,0,OK,measured,PASS,tcp-loopback,0,2,0,1,0,58.484,371.199,0,0,included_in_expand_p0,included_in_expand_p1,included_in_expand_p0,included_in_expand_p1,included_in_expand_p0,included_in_expand_p1,419.779,0.939,420.562,0.744,0.939,431.36600000000004,16,128,64,64,4096,16,16,tcp_two_process_loopback; tcp_two_process;,4403368,215704,215704,4403368,4619072,4619072,0,included_in_split_input_bytes,included_in_split_input_bytes,included_in_pprf_bytes,included_in_pprf_bytes,0,140.962890625,1127.703125,91.18506920870686,8.815796766103668,,,,,,,,,,,,,,,,,,,,,,,,,,,,,,,,
2026-07-23T08:59:37.306129+00:00,b33a10fa7851ba0c3a26bea531ffb004f00d9365,RM_COORD,INCLUDING_OT,2305843009213693951,61,64,128,2,12,4096,64,64,8,8,0,OK,measured,PASS,tcp-loopback,0,2,0,1,0,57.954,370.947,0,0,included_in_expand_p0,included_in_expand_p1,included_in_expand_p0,included_in_expand_p1,included_in_expand_p0,included_in_expand_p1,419.499,0.949,420.248,0.749,0.949,430.59900000000005,16,128,64,64,4096,16,16,tcp_two_process_loopback; tcp_two_process;,4403368,215704,215704,4403368,4619072,4619072,0,included_in_split_input_bytes,included_in_split_input_bytes,included_in_pprf_bytes,included_in_pprf_bytes,0,140.962890625,1127.703125,91.18506920870686,8.815796766103668,,,,,,,,,,,,,,,,,,,,,,,,,,,,,,,,
2026-07-23T08:59:38.091273+00:00,b33a10fa7851ba0c3a26bea531ffb004f00d9365,RM_COORD,INCLUDING_OT,2305843009213693951,61,64,128,2,12,4096,64,64,8,9,0,OK,measured,PASS,tcp-loopback,0,2,0,1,0,57.897999999999996,370.623,0,0,included_in_expand_p0,included_in_expand_p1,included_in_expand_p0,included_in_expand_p1,included_in_expand_p0,included_in_expand_p1,418.98,0.9309999999999999,419.725,0.745,0.9309999999999999,430.19699999999995,16,128,64,64,4096,16,16,tcp_two_process_loopback; tcp_two_process;,4403368,215704,215704,4403368,4619072,4619072,0,included_in_split_input_bytes,included_in_split_input_bytes,included_in_pprf_bytes,included_in_pprf_bytes,0,140.962890625,1127.703125,91.18506920870686,8.815796766103668,,,,,,,,,,,,,,,,,,,,,,,,,,,,,,,,
2026-07-23T08:59:38.875191+00:00,b33a10fa7851ba0c3a26bea531ffb004f00d9365,RM_VECTOR,INCLUDING_OT,2305843009213693951,61,64,128,2,12,4096,64,64,16,-1,1,OK,measured,PASS,tcp-loopback,0,2,0,1,0,167.179,83.68599999999999,0,0,included_in_expand_p0,included_in_expand_p1,included_in_expand_p0,included_in_expand_p1,included_in_expand_p0,included_in_expand_p1,213.98600000000002,1.452,215.4,1.452,1.414,253.731,2,128,64,64,4096,2,2,tcp_two_process_loopback; tcp_two_process;,16803560,121064,121064,16803560,16924624,16924624,0,included_in_split_input_bytes,included_in_split_input_bytes,included_in_pprf_bytes,included_in_pprf_bytes,0,258.249267578125,2065.994140625,99.3362570418108,0.663979300219609,,,,,,,,,,,,,,,,,,,,,,,,,,,,,,,,
2026-07-23T08:59:39.456965+00:00,b33a10fa7851ba0c3a26bea531ffb004f00d9365,RM_VECTOR,INCLUDING_OT,2305843009213693951,61,64,128,2,12,4096,64,64,16,0,0,OK,measured,PASS,tcp-loopback,0,2,0,1,0,166.927,83.438,0,0,included_in_expand_p0,included_in_expand_p1,included_in_expand_p0,included_in_expand_p1,included_in_expand_p0,included_in_expand_p1,213.52599999999998,1.411,214.93599999999998,1.411,1.41,253.186,2,128,64,64,4096,2,2,tcp_two_process_loopback; tcp_two_process;,16803560,121064,121064,16803560,16924624,16924624,0,included_in_split_input_bytes,included_in_split_input_bytes,included_in_pprf_bytes,included_in_pprf_bytes,0,258.249267578125,2065.994140625,99.3362570418108,0.663979300219609,,,,,,,,,,,,,,,,,,,,,,,,,,,,,,,,
2026-07-23T08:59:40.038237+00:00,b33a10fa7851ba0c3a26bea531ffb004f00d9365,RM_VECTOR,INCLUDING_OT,2305843009213693951,61,64,128,2,12,4096,64,64,16,1,0,OK,measured,PASS,tcp-loopback,0,2,0,1,0,167.086,83.245,0,0,included_in_expand_p0,included_in_expand_p1,included_in_expand_p0,included_in_expand_p1,included_in_expand_p0,included_in_expand_p1,213.637,1.4040000000000001,215.025,1.4040000000000001,1.389,253.12400000000002,2,128,64,64,4096,2,2,tcp_two_process_loopback; tcp_two_process;,16803560,121064,121064,16803560,16924624,16924624,0,included_in_split_input_bytes,included_in_split_input_bytes,included_in_pprf_bytes,included_in_pprf_bytes,0,258.249267578125,2065.994140625,99.3362570418108,0.663979300219609,,,,,,,,,,,,,,,,,,,,,,,,,,,,,,,,
2026-07-23T08:59:40.618674+00:00,b33a10fa7851ba0c3a26bea531ffb004f00d9365,RM_VECTOR,INCLUDING_OT,2305843009213693951,61,64,128,2,12,4096,64,64,16,2,0,OK,measured,PASS,tcp-loopback,0,2,0,1,0,166.298,83.413,0,0,included_in_expand_p0,included_in_expand_p1,included_in_expand_p0,included_in_expand_p1,included_in_expand_p0,included_in_expand_p1,212.865,1.413,214.26899999999998,1.413,1.4040000000000001,252.52800000000002,2,128,64,64,4096,2,2,tcp_two_process_loopback; tcp_two_process;,16803560,121064,121064,16803560,16924624,16924624,0,included_in_split_input_bytes,included_in_split_input_bytes,included_in_pprf_bytes,included_in_pprf_bytes,0,258.249267578125,2065.994140625,99.3362570418108,0.663979300219609,,,,,,,,,,,,,,,,,,,,,,,,,,,,,,,,
2026-07-23T08:59:41.199052+00:00,b33a10fa7851ba0c3a26bea531ffb004f00d9365,RM_VECTOR,INCLUDING_OT,2305843009213693951,61,64,128,2,12,4096,64,64,16,3,0,OK,measured,PASS,tcp-loopback,0,2,0,1,0,166.78,83.46000000000001,0,0,included_in_expand_p0,included_in_expand_p1,included_in_expand_p0,included_in_expand_p1,included_in_expand_p0,included_in_expand_p1,213.404,1.4120000000000001,214.784,1.4120000000000001,1.38,253.032,2,128,64,64,4096,2,2,tcp_two_process_loopback; tcp_two_process;,16803560,121064,121064,16803560,16924624,16924624,0,included_in_split_input_bytes,included_in_split_input_bytes,included_in_pprf_bytes,included_in_pprf_bytes,0,258.249267578125,2065.994140625,99.3362570418108,0.663979300219609,,,,,,,,,,,,,,,,,,,,,,,,,,,,,,,,
2026-07-23T08:59:41.779906+00:00,b33a10fa7851ba0c3a26bea531ffb004f00d9365,RM_VECTOR,INCLUDING_OT,2305843009213693951,61,64,128,2,12,4096,64,64,16,4,0,OK,measured,PASS,tcp-loopback,0,2,0,1,0,168.031,84.07900000000001,0,0,included_in_expand_p0,included_in_expand_p1,included_in_expand_p0,included_in_expand_p1,included_in_expand_p0,included_in_expand_p1,214.98000000000002,1.415,216.39,1.415,1.41,254.935,2,128,64,64,4096,2,2,tcp_two_process_loopback; tcp_two_process;,16803560,121064,121064,16803560,16924624,16924624,0,included_in_split_input_bytes,included_in_split_input_bytes,included_in_pprf_bytes,included_in_pprf_bytes,0,258.249267578125,2065.994140625,99.3362570418108,0.663979300219609,,,,,,,,,,,,,,,,,,,,,,,,,,,,,,,,
2026-07-23T08:59:42.363036+00:00,b33a10fa7851ba0c3a26bea531ffb004f00d9365,RM_VECTOR,INCLUDING_OT,2305843009213693951,61,64,128,2,12,4096,64,64,16,5,0,OK,measured,PASS,tcp-loopback,0,2,0,1,0,165.667,83.15,0,0,included_in_expand_p0,included_in_expand_p1,included_in_expand_p0,included_in_expand_p1,included_in_expand_p0,included_in_expand_p1,212.27499999999998,1.405,213.664,1.405,1.389,251.61100000000002,2,128,64,64,4096,2,2,tcp_two_process_loopback; tcp_two_process;,16803560,121064,121064,16803560,16924624,16924624,0,included_in_split_input_bytes,included_in_split_input_bytes,included_in_pprf_bytes,included_in_pprf_bytes,0,258.249267578125,2065.994140625,99.3362570418108,0.663979300219609,,,,,,,,,,,,,,,,,,,,,,,,,,,,,,,,
2026-07-23T08:59:42.943054+00:00,b33a10fa7851ba0c3a26bea531ffb004f00d9365,RM_VECTOR,INCLUDING_OT,2305843009213693951,61,64,128,2,12,4096,64,64,16,6,0,OK,measured,PASS,tcp-loopback,0,2,0,1,0,167.182,83.466,0,0,included_in_expand_p0,included_in_expand_p1,included_in_expand_p0,included_in_expand_p1,included_in_expand_p0,included_in_expand_p1,213.88199999999998,1.478,215.284,1.478,1.4020000000000001,253.52799999999996,2,128,64,64,4096,2,2,tcp_two_process_loopback; tcp_two_process;,16803560,121064,121064,16803560,16924624,16924624,0,included_in_split_input_bytes,included_in_split_input_bytes,included_in_pprf_bytes,included_in_pprf_bytes,0,258.249267578125,2065.994140625,99.3362570418108,0.663979300219609,,,,,,,,,,,,,,,,,,,,,,,,,,,,,,,,
2026-07-23T08:59:43.524580+00:00,b33a10fa7851ba0c3a26bea531ffb004f00d9365,RM_VECTOR,INCLUDING_OT,2305843009213693951,61,64,128,2,12,4096,64,64,16,7,0,OK,measured,PASS,tcp-loopback,0,2,0,1,0,166.197,83.08500000000001,0,0,included_in_expand_p0,included_in_expand_p1,included_in_expand_p0,included_in_expand_p1,included_in_expand_p0,included_in_expand_p1,212.61599999999999,1.4549999999999998,214.004,1.4549999999999998,1.388,252.12500000000003,2,128,64,64,4096,2,2,tcp_two_process_loopback; tcp_two_process;,16803560,121064,121064,16803560,16924624,16924624,0,included_in_split_input_bytes,included_in_split_input_bytes,included_in_pprf_bytes,included_in_pprf_bytes,0,258.249267578125,2065.994140625,99.3362570418108,0.663979300219609,,,,,,,,,,,,,,,,,,,,,,,,,,,,,,,,
2026-07-23T08:59:44.105207+00:00,b33a10fa7851ba0c3a26bea531ffb004f00d9365,RM_VECTOR,INCLUDING_OT,2305843009213693951,61,64,128,2,12,4096,64,64,16,8,0,OK,measured,PASS,tcp-loopback,0,2,0,1,0,166.383,82.94200000000001,0,0,included_in_expand_p0,included_in_expand_p1,included_in_expand_p0,included_in_expand_p1,included_in_expand_p0,included_in_expand_p1,212.92,1.4020000000000001,214.301,1.4020000000000001,1.381,252.108,2,128,64,64,4096,2,2,tcp_two_process_loopback; tcp_two_process;,16803560,121064,121064,16803560,16924624,16924624,0,included_in_split_input_bytes,included_in_split_input_bytes,included_in_pprf_bytes,included_in_pprf_bytes,0,258.249267578125,2065.994140625,99.3362570418108,0.663979300219609,,,,,,,,,,,,,,,,,,,,,,,,,,,,,,,,
2026-07-23T08:59:44.685806+00:00,b33a10fa7851ba0c3a26bea531ffb004f00d9365,RM_VECTOR,INCLUDING_OT,2305843009213693951,61,64,128,2,12,4096,64,64,16,9,0,OK,measured,PASS,tcp-loopback,0,2,0,1,0,166.146,83.334,0,0,included_in_expand_p0,included_in_expand_p1,included_in_expand_p0,included_in_expand_p1,included_in_expand_p0,included_in_expand_p1,212.88199999999998,1.4040000000000001,214.274,1.4040000000000001,1.392,252.27599999999998,2,128,64,64,4096,2,2,tcp_two_process_loopback; tcp_two_process;,16803560,121064,121064,16803560,16924624,16924624,0,included_in_split_input_bytes,included_in_split_input_bytes,included_in_pprf_bytes,included_in_pprf_bytes,0,258.249267578125,2065.994140625,99.3362570418108,0.663979300219609,,,,,,,,,,,,,,,,,,,,,,,,,,,,,,,,
2026-07-23T08:59:45.267004+00:00,b33a10fa7851ba0c3a26bea531ffb004f00d9365,RM_COORD,INCLUDING_OT,2305843009213693951,61,64,128,2,12,4096,64,64,16,-1,1,OK,measured,PASS,tcp-loopback,0,2,0,1,0,166.105,760.159,0,0,included_in_expand_p0,included_in_expand_p1,included_in_expand_p0,included_in_expand_p1,included_in_expand_p0,included_in_expand_p1,890.101,1.772,891.873,1.4760000000000002,1.772,929.5120000000001,32,128,64,64,4096,32,32,tcp_two_process_loopback; tcp_two_process;,17195240,431384,431384,17195240,17626624,17626624,0,included_in_split_input_bytes,included_in_split_input_bytes,included_in_pprf_bytes,included_in_pprf_bytes,0,268.9609375,2151.6875,95.38007958869493,4.620147340749993,,,,,,,,,,,,,,,,,,,,,,,,,,,,,,,,
2026-07-23T08:59:46.526187+00:00,b33a10fa7851ba0c3a26bea531ffb004f00d9365,RM_COORD,INCLUDING_OT,2305843009213693951,61,64,128,2,12,4096,64,64,16,0,0,OK,measured,PASS,tcp-loopback,0,2,0,1,0,166.638,761.957,0,0,included_in_expand_p0,included_in_expand_p1,included_in_expand_p0,included_in_expand_p1,included_in_expand_p0,included_in_expand_p1,891.737,1.764,893.501,1.435,1.764,931.794,32,128,64,64,4096,32,32,tcp_two_process_loopback; tcp_two_process;,17195240,431384,431384,17195240,17626624,17626624,0,included_in_split_input_bytes,included_in_split_input_bytes,included_in_pprf_bytes,included_in_pprf_bytes,0,268.9609375,2151.6875,95.38007958869493,4.620147340749993,,,,,,,,,,,,,,,,,,,,,,,,,,,,,,,,
2026-07-23T08:59:47.786694+00:00,b33a10fa7851ba0c3a26bea531ffb004f00d9365,RM_COORD,INCLUDING_OT,2305843009213693951,61,64,128,2,12,4096,64,64,16,1,0,OK,measured,PASS,tcp-loopback,0,2,0,1,0,167.245,758.616,0,0,included_in_expand_p0,included_in_expand_p1,included_in_expand_p0,included_in_expand_p1,included_in_expand_p0,included_in_expand_p1,889.202,1.739,890.941,1.441,1.739,929.041,32,128,64,64,4096,32,32,tcp_two_process_loopback; tcp_two_process;,17195240,431384,431384,17195240,17626624,17626624,0,included_in_split_input_bytes,included_in_split_input_bytes,included_in_pprf_bytes,included_in_pprf_bytes,0,268.9609375,2151.6875,95.38007958869493,4.620147340749993,,,,,,,,,,,,,,,,,,,,,,,,,,,,,,,,
2026-07-23T08:59:49.044526+00:00,b33a10fa7851ba0c3a26bea531ffb004f00d9365,RM_COORD,INCLUDING_OT,2305843009213693951,61,64,128,2,12,4096,64,64,16,2,0,OK,measured,PASS,tcp-loopback,0,2,0,1,0,166.7,757.967,0,0,included_in_expand_p0,included_in_expand_p1,included_in_expand_p0,included_in_expand_p1,included_in_expand_p0,included_in_expand_p1,888.105,1.7229999999999999,889.828,1.431,1.7229999999999999,927.8209999999999,32,128,64,64,4096,32,32,tcp_two_process_loopback; tcp_two_process;,17195240,431384,431384,17195240,17626624,17626624,0,included_in_split_input_bytes,included_in_split_input_bytes,included_in_pprf_bytes,included_in_pprf_bytes,0,268.9609375,2151.6875,95.38007958869493,4.620147340749993,,,,,,,,,,,,,,,,,,,,,,,,,,,,,,,,
2026-07-23T08:59:50.300413+00:00,b33a10fa7851ba0c3a26bea531ffb004f00d9365,RM_COORD,INCLUDING_OT,2305843009213693951,61,64,128,2,12,4096,64,64,16,3,0,OK,measured,PASS,tcp-loopback,0,2,0,1,0,165.678,758.6469999999999,0,0,included_in_expand_p0,included_in_expand_p1,included_in_expand_p0,included_in_expand_p1,included_in_expand_p0,included_in_expand_p1,888.076,1.772,889.848,1.4480000000000002,1.772,927.545,32,128,64,64,4096,32,32,tcp_two_process_loopback; tcp_two_process;,17195240,431384,431384,17195240,17626624,17626624,0,included_in_split_input_bytes,included_in_split_input_bytes,included_in_pprf_bytes,included_in_pprf_bytes,0,268.9609375,2151.6875,95.38007958869493,4.620147340749993,,,,,,,,,,,,,,,,,,,,,,,,,,,,,,,,
2026-07-23T08:59:51.556428+00:00,b33a10fa7851ba0c3a26bea531ffb004f00d9365,RM_COORD,INCLUDING_OT,2305843009213693951,61,64,128,2,12,4096,64,64,16,4,0,OK,measured,PASS,tcp-loopback,0,2,0,1,0,166.639,760.4649999999999,0,0,included_in_expand_p0,included_in_expand_p1,included_in_expand_p0,included_in_expand_p1,included_in_expand_p0,included_in_expand_p1,890.274,1.7619999999999998,892.0360000000001,1.428,1.7619999999999998,930.2939999999999,32,128,64,64,4096,32,32,tcp_two_process_loopback; tcp_two_process;,17195240,431384,431384,17195240,17626624,17626624,0,included_in_split_input_bytes,included_in_split_input_bytes,included_in_pprf_bytes,included_in_pprf_bytes,0,268.9609375,2151.6875,95.38007958869493,4.620147340749993,,,,,,,,,,,,,,,,,,,,,,,,,,,,,,,,
2026-07-23T08:59:52.814708+00:00,b33a10fa7851ba0c3a26bea531ffb004f00d9365,RM_COORD,INCLUDING_OT,2305843009213693951,61,64,128,2,12,4096,64,64,16,5,0,OK,measured,PASS,tcp-loopback,0,2,0,1,0,166.56,759.317,0,0,included_in_expand_p0,included_in_expand_p1,included_in_expand_p0,included_in_expand_p1,included_in_expand_p0,included_in_expand_p1,888.9899999999999,1.782,890.772,1.4400000000000002,1.782,929.099,32,128,64,64,4096,32,32,tcp_two_process_loopback; tcp_two_process;,17195240,431384,431384,17195240,17626624,17626624,0,included_in_split_input_bytes,included_in_split_input_bytes,included_in_pprf_bytes,included_in_pprf_bytes,0,268.9609375,2151.6875,95.38007958869493,4.620147340749993,,,,,,,,,,,,,,,,,,,,,,,,,,,,,,,,
2026-07-23T08:59:54.071025+00:00,b33a10fa7851ba0c3a26bea531ffb004f00d9365,RM_COORD,INCLUDING_OT,2305843009213693951,61,64,128,2,12,4096,64,64,16,6,0,OK,measured,PASS,tcp-loopback,0,2,0,1,0,166.36200000000002,758.2529999999999,0,0,included_in_expand_p0,included_in_expand_p1,included_in_expand_p0,included_in_expand_p1,included_in_expand_p0,included_in_expand_p1,887.9240000000001,1.79,889.713,1.495,1.79,927.9,32,128,64,64,4096,32,32,tcp_two_process_loopback; tcp_two_process;,17195240,431384,431384,17195240,17626624,17626624,0,included_in_split_input_bytes,included_in_split_input_bytes,included_in_pprf_bytes,included_in_pprf_bytes,0,268.9609375,2151.6875,95.38007958869493,4.620147340749993,,,,,,,,,,,,,,,,,,,,,,,,,,,,,,,,
2026-07-23T08:59:55.326154+00:00,b33a10fa7851ba0c3a26bea531ffb004f00d9365,RM_COORD,INCLUDING_OT,2305843009213693951,61,64,128,2,12,4096,64,64,16,7,0,OK,measured,PASS,tcp-loopback,0,2,0,1,0,167.501,762.163,0,0,included_in_expand_p0,included_in_expand_p1,included_in_expand_p0,included_in_expand_p1,included_in_expand_p0,included_in_expand_p1,892.7040000000001,1.792,894.496,1.444,1.792,932.9,32,128,64,64,4096,32,32,tcp_two_process_loopback; tcp_two_process;,17195240,431384,431384,17195240,17626624,17626624,0,included_in_split_input_bytes,included_in_split_input_bytes,included_in_pprf_bytes,included_in_pprf_bytes,0,268.9609375,2151.6875,95.38007958869493,4.620147340749993,,,,,,,,,,,,,,,,,,,,,,,,,,,,,,,,
2026-07-23T08:59:56.586954+00:00,b33a10fa7851ba0c3a26bea531ffb004f00d9365,RM_COORD,INCLUDING_OT,2305843009213693951,61,64,128,2,12,4096,64,64,16,8,0,OK,measured,PASS,tcp-loopback,0,2,0,1,0,166.966,759.756,0,0,included_in_expand_p0,included_in_expand_p1,included_in_expand_p0,included_in_expand_p1,included_in_expand_p0,included_in_expand_p1,889.9599999999999,1.7730000000000001,891.734,1.472,1.7730000000000001,929.967,32,128,64,64,4096,32,32,tcp_two_process_loopback; tcp_two_process;,17195240,431384,431384,17195240,17626624,17626624,0,included_in_split_input_bytes,included_in_split_input_bytes,included_in_pprf_bytes,included_in_pprf_bytes,0,268.9609375,2151.6875,95.38007958869493,4.620147340749993,,,,,,,,,,,,,,,,,,,,,,,,,,,,,,,,
2026-07-23T08:59:57.845914+00:00,b33a10fa7851ba0c3a26bea531ffb004f00d9365,RM_COORD,INCLUDING_OT,2305843009213693951,61,64,128,2,12,4096,64,64,16,9,0,OK,measured,PASS,tcp-loopback,0,2,0,1,0,166.37199999999999,757.846,0,0,included_in_expand_p0,included_in_expand_p1,included_in_expand_p0,included_in_expand_p1,included_in_expand_p0,included_in_expand_p1,887.61,1.732,889.342,1.4400000000000002,1.732,927.39,32,128,64,64,4096,32,32,tcp_two_process_loopback; tcp_two_process;,17195240,431384,431384,17195240,17626624,17626624,0,included_in_split_input_bytes,included_in_split_input_bytes,included_in_pprf_bytes,included_in_pprf_bytes,0,268.9609375,2151.6875,95.38007958869493,4.620147340749993,,,,,,,,,,,,,,,,,,,,,,,,,,,,,,,,
2026-07-23T08:59:59.100298+00:00,b33a10fa7851ba0c3a26bea531ffb004f00d9365,RM_VECTOR,INCLUDING_OT,2305843009213693951,61,64,128,2,12,4096,64,64,32,-1,1,OK,measured,PASS,tcp-loopback,0,2,0,1,0,420.217,142.56,0,0,included_in_expand_p0,included_in_expand_p1,included_in_expand_p0,included_in_expand_p1,included_in_expand_p0,included_in_expand_p1,469.628,2.828,472.384,2.828,2.7560000000000002,568.361,2,128,64,64,4096,2,2,tcp_two_process_loopback; tcp_two_process;,67135336,221416,221416,67135336,67356752,67356752,0,included_in_split_input_bytes,included_in_split_input_bytes,included_in_pprf_bytes,included_in_pprf_bytes,0,513.8912353515625,4111.1298828125,99.73592550899723,0.2641338762890467,,,,,,,,,,,,,,,,,,,,,,,,,,,,,,,,
2026-07-23T08:59:59.944393+00:00,b33a10fa7851ba0c3a26bea531ffb004f00d9365,RM_VECTOR,INCLUDING_OT,2305843009213693951,61,64,128,2,12,4096,64,64,32,0,0,OK,measured,PASS,tcp-loopback,0,2,0,1,0,419.34700000000004,142.759,0,0,included_in_expand_p0,included_in_expand_p1,included_in_expand_p0,included_in_expand_p1,included_in_expand_p0,included_in_expand_p1,468.892,2.835,471.67199999999997,2.835,2.78,567.721,2,128,64,64,4096,2,2,tcp_two_process_loopback; tcp_two_process;,67135336,221416,221416,67135336,67356752,67356752,0,included_in_split_input_bytes,included_in_split_input_bytes,included_in_pprf_bytes,included_in_pprf_bytes,0,513.8912353515625,4111.1298828125,99.73592550899723,0.2641338762890467,,,,,,,,,,,,,,,,,,,,,,,,,,,,,,,,
2026-07-23T09:00:00.786994+00:00,b33a10fa7851ba0c3a26bea531ffb004f00d9365,RM_VECTOR,INCLUDING_OT,2305843009213693951,61,64,128,2,12,4096,64,64,32,1,0,OK,measured,PASS,tcp-loopback,0,2,0,1,0,420.374,143.351,0,0,included_in_expand_p0,included_in_expand_p1,included_in_expand_p0,included_in_expand_p1,included_in_expand_p0,included_in_expand_p1,470.039,2.794,472.80499999999995,2.794,2.766,569.285,2,128,64,64,4096,2,2,tcp_two_process_loopback; tcp_two_process;,67135336,221416,221416,67135336,67356752,67356752,0,included_in_split_input_bytes,included_in_split_input_bytes,included_in_pprf_bytes,included_in_pprf_bytes,0,513.8912353515625,4111.1298828125,99.73592550899723,0.2641338762890467,,,,,,,,,,,,,,,,,,,,,,,,,,,,,,,,
2026-07-23T09:00:01.631310+00:00,b33a10fa7851ba0c3a26bea531ffb004f00d9365,RM_VECTOR,INCLUDING_OT,2305843009213693951,61,64,128,2,12,4096,64,64,32,2,0,OK,measured,PASS,tcp-loopback,0,2,0,1,0,420.59499999999997,143.52100000000002,0,0,included_in_expand_p0,included_in_expand_p1,included_in_expand_p0,included_in_expand_p1,included_in_expand_p0,included_in_expand_p1,470.277,2.834,473.039,2.834,2.762,569.7119999999999,2,128,64,64,4096,2,2,tcp_two_process_loopback; tcp_two_process;,67135336,221416,221416,67135336,67356752,67356752,0,included_in_split_input_bytes,included_in_split_input_bytes,included_in_pprf_bytes,included_in_pprf_bytes,0,513.8912353515625,4111.1298828125,99.73592550899723,0.2641338762890467,,,,,,,,,,,,,,,,,,,,,,,,,,,,,,,,
2026-07-23T09:00:02.476208+00:00,b33a10fa7851ba0c3a26bea531ffb004f00d9365,RM_VECTOR,INCLUDING_OT,2305843009213693951,61,64,128,2,12,4096,64,64,32,3,0,OK,measured,PASS,tcp-loopback,0,2,0,1,0,419.13800000000003,143.619,0,0,included_in_expand_p0,included_in_expand_p1,included_in_expand_p0,included_in_expand_p1,included_in_expand_p0,included_in_expand_p1,468.55400000000003,2.833,471.324,2.833,2.77,568.36,2,128,64,64,4096,2,2,tcp_two_process_loopback; tcp_two_process;,67135336,221416,221416,67135336,67356752,67356752,0,included_in_split_input_bytes,included_in_split_input_bytes,included_in_pprf_bytes,included_in_pprf_bytes,0,513.8912353515625,4111.1298828125,99.73592550899723,0.2641338762890467,,,,,,,,,,,,,,,,,,,,,,,,,,,,,,,,
2026-07-23T09:00:03.318014+00:00,b33a10fa7851ba0c3a26bea531ffb004f00d9365,RM_VECTOR,INCLUDING_OT,2305843009213693951,61,64,128,2,12,4096,64,64,32,4,0,OK,measured,PASS,tcp-loopback,0,2,0,1,0,419.892,142.769,0,0,included_in_expand_p0,included_in_expand_p1,included_in_expand_p0,included_in_expand_p1,included_in_expand_p0,included_in_expand_p1,469.342,2.833,472.118,2.833,2.776,568.27,2,128,64,64,4096,2,2,tcp_two_process_loopback; tcp_two_process;,67135336,221416,221416,67135336,67356752,67356752,0,included_in_split_input_bytes,included_in_split_input_bytes,included_in_pprf_bytes,included_in_pprf_bytes,0,513.8912353515625,4111.1298828125,99.73592550899723,0.2641338762890467,,,,,,,,,,,,,,,,,,,,,,,,,,,,,,,,
2026-07-23T09:00:04.161346+00:00,b33a10fa7851ba0c3a26bea531ffb004f00d9365,RM_VECTOR,INCLUDING_OT,2305843009213693951,61,64,128,2,12,4096,64,64,32,5,0,OK,measured,PASS,tcp-loopback,0,2,0,1,0,419.768,143.527,0,0,included_in_expand_p0,included_in_expand_p1,included_in_expand_p0,included_in_expand_p1,included_in_expand_p0,included_in_expand_p1,469.54400000000004,2.8249999999999997,472.315,2.8249999999999997,2.77,568.89,2,128,64,64,4096,2,2,tcp_two_process_loopback; tcp_two_process;,67135336,221416,221416,67135336,67356752,67356752,0,included_in_split_input_bytes,included_in_split_input_bytes,included_in_pprf_bytes,included_in_pprf_bytes,0,513.8912353515625,4111.1298828125,99.73592550899723,0.2641338762890467,,,,,,,,,,,,,,,,,,,,,,,,,,,,,,,,
2026-07-23T09:00:05.004003+00:00,b33a10fa7851ba0c3a26bea531ffb004f00d9365,RM_VECTOR,INCLUDING_OT,2305843009213693951,61,64,128,2,12,4096,64,64,32,6,0,OK,measured,PASS,tcp-loopback,0,2,0,1,0,421.00399999999996,143.167,0,0,included_in_expand_p0,included_in_expand_p1,included_in_expand_p0,included_in_expand_p1,included_in_expand_p0,included_in_expand_p1,470.46900000000005,2.81,473.226,2.81,2.757,569.7379999999998,2,128,64,64,4096,2,2,tcp_two_process_loopback; tcp_two_process;,67135336,221416,221416,67135336,67356752,67356752,0,included_in_split_input_bytes,included_in_split_input_bytes,included_in_pprf_bytes,included_in_pprf_bytes,0,513.8912353515625,4111.1298828125,99.73592550899723,0.2641338762890467,,,,,,,,,,,,,,,,,,,,,,,,,,,,,,,,
2026-07-23T09:00:05.847980+00:00,b33a10fa7851ba0c3a26bea531ffb004f00d9365,RM_VECTOR,INCLUDING_OT,2305843009213693951,61,64,128,2,12,4096,64,64,32,7,0,OK,measured,PASS,tcp-loopback,0,2,0,1,0,419.23199999999997,142.266,0,0,included_in_expand_p0,included_in_expand_p1,included_in_expand_p0,included_in_expand_p1,included_in_expand_p0,included_in_expand_p1,468.68399999999997,2.839,471.443,2.839,2.7590000000000003,567.096,2,128,64,64,4096,2,2,tcp_two_process_loopback; tcp_two_process;,67135336,221416,221416,67135336,67356752,67356752,0,included_in_split_input_bytes,included_in_split_input_bytes,included_in_pprf_bytes,included_in_pprf_bytes,0,513.8912353515625,4111.1298828125,99.73592550899723,0.2641338762890467,,,,,,,,,,,,,,,,,,,,,,,,,,,,,,,,
2026-07-23T09:00:06.688997+00:00,b33a10fa7851ba0c3a26bea531ffb004f00d9365,RM_VECTOR,INCLUDING_OT,2305843009213693951,61,64,128,2,12,4096,64,64,32,8,0,OK,measured,PASS,tcp-loopback,0,2,0,1,0,420.18899999999996,142.514,0,0,included_in_expand_p0,included_in_expand_p1,included_in_expand_p0,included_in_expand_p1,included_in_expand_p0,included_in_expand_p1,469.477,2.811,472.222,2.811,2.745,568.259,2,128,64,64,4096,2,2,tcp_two_process_loopback; tcp_two_process;,67135336,221416,221416,67135336,67356752,67356752,0,included_in_split_input_bytes,included_in_split_input_bytes,included_in_pprf_bytes,included_in_pprf_bytes,0,513.8912353515625,4111.1298828125,99.73592550899723,0.2641338762890467,,,,,,,,,,,,,,,,,,,,,,,,,,,,,,,,
2026-07-23T09:00:07.531626+00:00,b33a10fa7851ba0c3a26bea531ffb004f00d9365,RM_VECTOR,INCLUDING_OT,2305843009213693951,61,64,128,2,12,4096,64,64,32,9,0,OK,measured,PASS,tcp-loopback,0,2,0,1,0,418.625,143.205,0,0,included_in_expand_p0,included_in_expand_p1,included_in_expand_p0,included_in_expand_p1,included_in_expand_p0,included_in_expand_p1,468.218,2.8449999999999998,471.024,2.8449999999999998,2.806,567.4810000000001,2,128,64,64,4096,2,2,tcp_two_process_loopback; tcp_two_process;,67135336,221416,221416,67135336,67356752,67356752,0,included_in_split_input_bytes,included_in_split_input_bytes,included_in_pprf_bytes,included_in_pprf_bytes,0,513.8912353515625,4111.1298828125,99.73592550899723,0.2641338762890467,,,,,,,,,,,,,,,,,,,,,,,,,,,,,,,,
2026-07-23T09:00:08.372390+00:00,b33a10fa7851ba0c3a26bea531ffb004f00d9365,RM_COORD,INCLUDING_OT,2305843009213693951,61,64,128,2,12,4096,64,64,32,-1,1,OK,measured,PASS,tcp-loopback,0,2,0,1,0,419.725,1541.2939999999999,0,0,included_in_expand_p0,included_in_expand_p1,included_in_expand_p0,included_in_expand_p1,included_in_expand_p0,included_in_expand_p1,1867.9399999999998,3.578,1871.518,3.09,3.578,1967.6869999999997,64,128,64,64,4096,64,64,tcp_two_process_loopback; tcp_two_process;,67944808,862744,862744,67944808,68807552,68807552,0,included_in_split_input_bytes,included_in_split_input_bytes,included_in_pprf_bytes,included_in_pprf_bytes,0,524.9599609375,4199.6796875,97.63300400514176,2.3670541280119948,,,,,,,,,,,,,,,,,,,,,,,,,,,,,,,,
2026-07-23T09:00:10.614692+00:00,b33a10fa7851ba0c3a26bea531ffb004f00d9365,RM_COORD,INCLUDING_OT,2305843009213693951,61,64,128,2,12,4096,64,64,32,0,0,OK,measured,PASS,tcp-loopback,0,2,0,1,0,420.746,1540.0510000000002,0,0,included_in_expand_p0,included_in_expand_p1,included_in_expand_p0,included_in_expand_p1,included_in_expand_p0,included_in_expand_p1,1867.688,3.589,1871.278,3.0370000000000004,3.589,1967.423,64,128,64,64,4096,64,64,tcp_two_process_loopback; tcp_two_process;,67944808,862744,862744,67944808,68807552,68807552,0,included_in_split_input_bytes,included_in_split_input_bytes,included_in_pprf_bytes,included_in_pprf_bytes,0,524.9599609375,4199.6796875,97.63300400514176,2.3670541280119948,,,,,,,,,,,,,,,,,,,,,,,,,,,,,,,,
2026-07-23T09:00:12.857304+00:00,b33a10fa7851ba0c3a26bea531ffb004f00d9365,RM_COORD,INCLUDING_OT,2305843009213693951,61,64,128,2,12,4096,64,64,32,1,0,OK,measured,PASS,tcp-loopback,0,2,0,1,0,419.233,1540.325,0,0,included_in_expand_p0,included_in_expand_p1,included_in_expand_p0,included_in_expand_p1,included_in_expand_p0,included_in_expand_p1,1866.936,3.493,1870.4289999999999,3.094,3.493,1966.145,64,128,64,64,4096,64,64,tcp_two_process_loopback; tcp_two_process;,67944808,862744,862744,67944808,68807552,68807552,0,included_in_split_input_bytes,included_in_split_input_bytes,included_in_pprf_bytes,included_in_pprf_bytes,0,524.9599609375,4199.6796875,97.63300400514176,2.3670541280119948,,,,,,,,,,,,,,,,,,,,,,,,,,,,,,,,
2026-07-23T09:00:15.098566+00:00,b33a10fa7851ba0c3a26bea531ffb004f00d9365,RM_COORD,INCLUDING_OT,2305843009213693951,61,64,128,2,12,4096,64,64,32,2,0,OK,measured,PASS,tcp-loopback,0,2,0,1,0,419.982,1541.026,0,0,included_in_expand_p0,included_in_expand_p1,included_in_expand_p0,included_in_expand_p1,included_in_expand_p0,included_in_expand_p1,1868.18,3.5869999999999997,1871.767,3.075,3.5869999999999997,1967.67,64,128,64,64,4096,64,64,tcp_two_process_loopback; tcp_two_process;,67944808,862744,862744,67944808,68807552,68807552,0,included_in_split_input_bytes,included_in_split_input_bytes,included_in_pprf_bytes,included_in_pprf_bytes,0,524.9599609375,4199.6796875,97.63300400514176,2.3670541280119948,,,,,,,,,,,,,,,,,,,,,,,,,,,,,,,,
2026-07-23T09:00:17.341673+00:00,b33a10fa7851ba0c3a26bea531ffb004f00d9365,RM_COORD,INCLUDING_OT,2305843009213693951,61,64,128,2,12,4096,64,64,32,3,0,OK,measured,PASS,tcp-loopback,0,2,0,1,0,419.159,1540.977,0,0,included_in_expand_p0,included_in_expand_p1,included_in_expand_p0,included_in_expand_p1,included_in_expand_p0,included_in_expand_p1,1867.1109999999999,3.4610000000000003,1870.572,3.081,3.4610000000000003,1966.6779999999999,64,128,64,64,4096,64,64,tcp_two_process_loopback; tcp_two_process;,67944808,862744,862744,67944808,68807552,68807552,0,included_in_split_input_bytes,included_in_split_input_bytes,included_in_pprf_bytes,included_in_pprf_bytes,0,524.9599609375,4199.6796875,97.63300400514176,2.3670541280119948,,,,,,,,,,,,,,,,,,,,,,,,,,,,,,,,
2026-07-23T09:00:19.584500+00:00,b33a10fa7851ba0c3a26bea531ffb004f00d9365,RM_COORD,INCLUDING_OT,2305843009213693951,61,64,128,2,12,4096,64,64,32,4,0,OK,measured,PASS,tcp-loopback,0,2,0,1,0,418.64099999999996,1540.632,0,0,included_in_expand_p0,included_in_expand_p1,included_in_expand_p0,included_in_expand_p1,included_in_expand_p0,included_in_expand_p1,1866.093,3.591,1869.684,3.0500000000000003,3.591,1965.914,64,128,64,64,4096,64,64,tcp_two_process_loopback; tcp_two_process;,67944808,862744,862744,67944808,68807552,68807552,0,included_in_split_input_bytes,included_in_split_input_bytes,included_in_pprf_bytes,included_in_pprf_bytes,0,524.9599609375,4199.6796875,97.63300400514176,2.3670541280119948,,,,,,,,,,,,,,,,,,,,,,,,,,,,,,,,
2026-07-23T09:00:21.825305+00:00,b33a10fa7851ba0c3a26bea531ffb004f00d9365,RM_COORD,INCLUDING_OT,2305843009213693951,61,64,128,2,12,4096,64,64,32,5,0,OK,measured,PASS,tcp-loopback,0,2,0,1,0,419.002,1536.797,0,0,included_in_expand_p0,included_in_expand_p1,included_in_expand_p0,included_in_expand_p1,included_in_expand_p0,included_in_expand_p1,1863.477,3.579,1867.056,3.216,3.579,1962.5939999999998,64,128,64,64,4096,64,64,tcp_two_process_loopback; tcp_two_process;,67944808,862744,862744,67944808,68807552,68807552,0,included_in_split_input_bytes,included_in_split_input_bytes,included_in_pprf_bytes,included_in_pprf_bytes,0,524.9599609375,4199.6796875,97.63300400514176,2.3670541280119948,,,,,,,,,,,,,,,,,,,,,,,,,,,,,,,,
2026-07-23T09:00:24.063696+00:00,b33a10fa7851ba0c3a26bea531ffb004f00d9365,RM_COORD,INCLUDING_OT,2305843009213693951,61,64,128,2,12,4096,64,64,32,6,0,OK,measured,PASS,tcp-loopback,0,2,0,1,0,419.914,1539.2920000000001,0,0,included_in_expand_p0,included_in_expand_p1,included_in_expand_p0,included_in_expand_p1,included_in_expand_p0,included_in_expand_p1,1866.346,3.57,1869.916,3.048,3.57,1965.824,64,128,64,64,4096,64,64,tcp_two_process_loopback; tcp_two_process;,67944808,862744,862744,67944808,68807552,68807552,0,included_in_split_input_bytes,included_in_split_input_bytes,included_in_pprf_bytes,included_in_pprf_bytes,0,524.9599609375,4199.6796875,97.63300400514176,2.3670541280119948,,,,,,,,,,,,,,,,,,,,,,,,,,,,,,,,
2026-07-23T09:00:26.304633+00:00,b33a10fa7851ba0c3a26bea531ffb004f00d9365,RM_COORD,INCLUDING_OT,2305843009213693951,61,64,128,2,12,4096,64,64,32,7,0,OK,measured,PASS,tcp-loopback,0,2,0,1,0,419.75600000000003,1538.6599999999999,0,0,included_in_expand_p0,included_in_expand_p1,included_in_expand_p0,included_in_expand_p1,included_in_expand_p0,included_in_expand_p1,1865.5720000000001,3.4859999999999998,1869.0580000000002,3.039,3.4859999999999998,1964.941,64,128,64,64,4096,64,64,tcp_two_process_loopback; tcp_two_process;,67944808,862744,862744,67944808,68807552,68807552,0,included_in_split_input_bytes,included_in_split_input_bytes,included_in_pprf_bytes,included_in_pprf_bytes,0,524.9599609375,4199.6796875,97.63300400514176,2.3670541280119948,,,,,,,,,,,,,,,,,,,,,,,,,,,,,,,,
2026-07-23T09:00:28.545297+00:00,b33a10fa7851ba0c3a26bea531ffb004f00d9365,RM_COORD,INCLUDING_OT,2305843009213693951,61,64,128,2,12,4096,64,64,32,8,0,OK,measured,PASS,tcp-loopback,0,2,0,1,0,421.983,1543.794,0,0,included_in_expand_p0,included_in_expand_p1,included_in_expand_p0,included_in_expand_p1,included_in_expand_p0,included_in_expand_p1,1871.1109999999999,3.476,1874.587,3.085,3.476,1972.3380000000002,64,128,64,64,4096,64,64,tcp_two_process_loopback; tcp_two_process;,67944808,862744,862744,67944808,68807552,68807552,0,included_in_split_input_bytes,included_in_split_input_bytes,included_in_pprf_bytes,included_in_pprf_bytes,0,524.9599609375,4199.6796875,97.63300400514176,2.3670541280119948,,,,,,,,,,,,,,,,,,,,,,,,,,,,,,,,
2026-07-23T09:00:30.791718+00:00,b33a10fa7851ba0c3a26bea531ffb004f00d9365,RM_COORD,INCLUDING_OT,2305843009213693951,61,64,128,2,12,4096,64,64,32,9,0,OK,measured,PASS,tcp-loopback,0,2,0,1,0,420.21500000000003,1543.758,0,0,included_in_expand_p0,included_in_expand_p1,included_in_expand_p0,included_in_expand_p1,included_in_expand_p0,included_in_expand_p1,1870.16,3.614,1873.7740000000001,3.077,3.614,1970.664,64,128,64,64,4096,64,64,tcp_two_process_loopback; tcp_two_process;,67944808,862744,862744,67944808,68807552,68807552,0,included_in_split_input_bytes,included_in_split_input_bytes,included_in_pprf_bytes,included_in_pprf_bytes,0,524.9599609375,4199.6796875,97.63300400514176,2.3670541280119948,,,,,,,,,,,,,,,,,,,,,,,,,,,,,,,,
2026-07-23T09:00:33.036946+00:00,b33a10fa7851ba0c3a26bea531ffb004f00d9365,RM_VECTOR,INCLUDING_OT,2305843009213693951,61,64,128,2,14,16384,64,256,8,-1,1,OK,measured,PASS,tcp-loopback,0,2,0,1,0,57.741,76.128,0,0,included_in_expand_p0,included_in_expand_p1,included_in_expand_p0,included_in_expand_p1,included_in_expand_p0,included_in_expand_p1,126.556,3.279,129.835,3.279,3.022,140.17,2,128,256,64,16384,2,2,tcp_two_process_loopback; tcp_two_process;,4229288,79080,79080,4229288,4308368,4308368,0,included_in_split_input_bytes,included_in_split_input_bytes,included_in_pprf_bytes,included_in_pprf_bytes,0,32.8702392578125,262.9619140625,97.76100834469108,2.239920081107278,,,,,,,,,,,,,,,,,,,,,,,,,,,,,,,,
2026-07-23T09:00:33.535499+00:00,b33a10fa7851ba0c3a26bea531ffb004f00d9365,RM_VECTOR,INCLUDING_OT,2305843009213693951,61,64,128,2,14,16384,64,256,8,0,0,OK,measured,PASS,tcp-loopback,0,2,0,1,0,58.167,76.715,0,0,included_in_expand_p0,included_in_expand_p1,included_in_expand_p0,included_in_expand_p1,included_in_expand_p0,included_in_expand_p1,127.217,3.3409999999999997,130.55700000000002,3.3409999999999997,3.078,141.30100000000002,2,128,256,64,16384,2,2,tcp_two_process_loopback; tcp_two_process;,4229288,79080,79080,4229288,4308368,4308368,0,included_in_split_input_bytes,included_in_split_input_bytes,included_in_pprf_bytes,included_in_pprf_bytes,0,32.8702392578125,262.9619140625,97.76100834469108,2.239920081107278,,,,,,,,,,,,,,,,,,,,,,,,,,,,,,,,
2026-07-23T09:00:34.033969+00:00,b33a10fa7851ba0c3a26bea531ffb004f00d9365,RM_VECTOR,INCLUDING_OT,2305843009213693951,61,64,128,2,14,16384,64,256,8,1,0,OK,measured,PASS,tcp-loopback,0,2,0,1,0,58.075,75.996,0,0,included_in_expand_p0,included_in_expand_p1,included_in_expand_p0,included_in_expand_p1,included_in_expand_p0,included_in_expand_p1,126.67900000000002,3.4520000000000004,130.131,3.4520000000000004,3.038,140.561,2,128,256,64,16384,2,2,tcp_two_process_loopback; tcp_two_process;,4229288,79080,79080,4229288,4308368,4308368,0,included_in_split_input_bytes,included_in_split_input_bytes,included_in_pprf_bytes,included_in_pprf_bytes,0,32.8702392578125,262.9619140625,97.76100834469108,2.239920081107278,,,,,,,,,,,,,,,,,,,,,,,,,,,,,,,,
2026-07-23T09:00:34.532359+00:00,b33a10fa7851ba0c3a26bea531ffb004f00d9365,RM_VECTOR,INCLUDING_OT,2305843009213693951,61,64,128,2,14,16384,64,256,8,2,0,OK,measured,PASS,tcp-loopback,0,2,0,1,0,58.01,76.28999999999999,0,0,included_in_expand_p0,included_in_expand_p1,included_in_expand_p0,included_in_expand_p1,included_in_expand_p0,included_in_expand_p1,126.90199999999999,3.321,130.223,3.321,3.059,140.67999999999998,2,128,256,64,16384,2,2,tcp_two_process_loopback; tcp_two_process;,4229288,79080,79080,4229288,4308368,4308368,0,included_in_split_input_bytes,included_in_split_input_bytes,included_in_pprf_bytes,included_in_pprf_bytes,0,32.8702392578125,262.9619140625,97.76100834469108,2.239920081107278,,,,,,,,,,,,,,,,,,,,,,,,,,,,,,,,
2026-07-23T09:00:35.032350+00:00,b33a10fa7851ba0c3a26bea531ffb004f00d9365,RM_VECTOR,INCLUDING_OT,2305843009213693951,61,64,128,2,14,16384,64,256,8,3,0,OK,measured,PASS,tcp-loopback,0,2,0,1,0,58.003,76.246,0,0,included_in_expand_p0,included_in_expand_p1,included_in_expand_p0,included_in_expand_p1,included_in_expand_p0,included_in_expand_p1,126.85199999999999,3.321,130.173,3.321,3.041,140.611,2,128,256,64,16384,2,2,tcp_two_process_loopback; tcp_two_process;,4229288,79080,79080,4229288,4308368,4308368,0,included_in_split_input_bytes,included_in_split_input_bytes,included_in_pprf_bytes,included_in_pprf_bytes,0,32.8702392578125,262.9619140625,97.76100834469108,2.239920081107278,,,,,,,,,,,,,,,,,,,,,,,,,,,,,,,,
2026-07-23T09:00:35.530656+00:00,b33a10fa7851ba0c3a26bea531ffb004f00d9365,RM_VECTOR,INCLUDING_OT,2305843009213693951,61,64,128,2,14,16384,64,256,8,4,0,OK,measured,PASS,tcp-loopback,0,2,0,1,0,57.694,75.80499999999999,0,0,included_in_expand_p0,included_in_expand_p1,included_in_expand_p0,included_in_expand_p1,included_in_expand_p0,included_in_expand_p1,126.053,3.27,129.323,3.27,3.018,139.787,2,128,256,64,16384,2,2,tcp_two_process_loopback; tcp_two_process;,4229288,79080,79080,4229288,4308368,4308368,0,included_in_split_input_bytes,included_in_split_input_bytes,included_in_pprf_bytes,included_in_pprf_bytes,0,32.8702392578125,262.9619140625,97.76100834469108,2.239920081107278,,,,,,,,,,,,,,,,,,,,,,,,,,,,,,,,
2026-07-23T09:00:36.027273+00:00,b33a10fa7851ba0c3a26bea531ffb004f00d9365,RM_VECTOR,INCLUDING_OT,2305843009213693951,61,64,128,2,14,16384,64,256,8,5,0,OK,measured,PASS,tcp-loopback,0,2,0,1,0,57.756,76.03500000000001,0,0,included_in_expand_p0,included_in_expand_p1,included_in_expand_p0,included_in_expand_p1,included_in_expand_p0,included_in_expand_p1,126.222,3.2529999999999997,129.475,3.2529999999999997,3.034,140.07799999999997,2,128,256,64,16384,2,2,tcp_two_process_loopback; tcp_two_process;,4229288,79080,79080,4229288,4308368,4308368,0,included_in_split_input_bytes,included_in_split_input_bytes,included_in_pprf_bytes,included_in_pprf_bytes,0,32.8702392578125,262.9619140625,97.76100834469108,2.239920081107278,,,,,,,,,,,,,,,,,,,,,,,,,,,,,,,,
2026-07-23T09:00:36.523878+00:00,b33a10fa7851ba0c3a26bea531ffb004f00d9365,RM_VECTOR,INCLUDING_OT,2305843009213693951,61,64,128,2,14,16384,64,256,8,6,0,OK,measured,PASS,tcp-loopback,0,2,0,1,0,58.467,75.921,0,0,included_in_expand_p0,included_in_expand_p1,included_in_expand_p0,included_in_expand_p1,included_in_expand_p0,included_in_expand_p1,126.92999999999999,3.297,130.228,3.297,3.0260000000000002,140.711,2,128,256,64,16384,2,2,tcp_two_process_loopback; tcp_two_process;,4229288,79080,79080,4229288,4308368,4308368,0,included_in_split_input_bytes,included_in_split_input_bytes,included_in_pprf_bytes,included_in_pprf_bytes,0,32.8702392578125,262.9619140625,97.76100834469108,2.239920081107278,,,,,,,,,,,,,,,,,,,,,,,,,,,,,,,,
2026-07-23T09:00:37.021931+00:00,b33a10fa7851ba0c3a26bea531ffb004f00d9365,RM_VECTOR,INCLUDING_OT,2305843009213693951,61,64,128,2,14,16384,64,256,8,7,0,OK,measured,PASS,tcp-loopback,0,2,0,1,0,58.021,76.07,0,0,included_in_expand_p0,included_in_expand_p1,included_in_expand_p0,included_in_expand_p1,included_in_expand_p0,included_in_expand_p1,126.447,3.27,129.717,3.27,3.032,140.39300000000003,2,128,256,64,16384,2,2,tcp_two_process_loopback; tcp_two_process;,4229288,79080,79080,4229288,4308368,4308368,0,included_in_split_input_bytes,included_in_split_input_bytes,included_in_pprf_bytes,included_in_pprf_bytes,0,32.8702392578125,262.9619140625,97.76100834469108,2.239920081107278,,,,,,,,,,,,,,,,,,,,,,,,,,,,,,,,
2026-07-23T09:00:37.520016+00:00,b33a10fa7851ba0c3a26bea531ffb004f00d9365,RM_VECTOR,INCLUDING_OT,2305843009213693951,61,64,128,2,14,16384,64,256,8,8,0,OK,measured,PASS,tcp-loopback,0,2,0,1,0,57.716,76.085,0,0,included_in_expand_p0,included_in_expand_p1,included_in_expand_p0,included_in_expand_p1,included_in_expand_p0,included_in_expand_p1,126.253,3.269,129.522,3.269,3.016,140.08599999999998,2,128,256,64,16384,2,2,tcp_two_process_loopback; tcp_two_process;,4229288,79080,79080,4229288,4308368,4308368,0,included_in_split_input_bytes,included_in_split_input_bytes,included_in_pprf_bytes,included_in_pprf_bytes,0,32.8702392578125,262.9619140625,97.76100834469108,2.239920081107278,,,,,,,,,,,,,,,,,,,,,,,,,,,,,,,,
2026-07-23T09:00:38.017087+00:00,b33a10fa7851ba0c3a26bea531ffb004f00d9365,RM_VECTOR,INCLUDING_OT,2305843009213693951,61,64,128,2,14,16384,64,256,8,9,0,OK,measured,PASS,tcp-loopback,0,2,0,1,0,57.647999999999996,75.867,0,0,included_in_expand_p0,included_in_expand_p1,included_in_expand_p0,included_in_expand_p1,included_in_expand_p0,included_in_expand_p1,126.09100000000001,3.3040000000000003,129.394,3.3040000000000003,3.0309999999999997,139.85,2,128,256,64,16384,2,2,tcp_two_process_loopback; tcp_two_process;,4229288,79080,79080,4229288,4308368,4308368,0,included_in_split_input_bytes,included_in_split_input_bytes,included_in_pprf_bytes,included_in_pprf_bytes,0,32.8702392578125,262.9619140625,97.76100834469108,2.239920081107278,,,,,,,,,,,,,,,,,,,,,,,,,,,,,,,,
2026-07-23T09:00:38.515281+00:00,b33a10fa7851ba0c3a26bea531ffb004f00d9365,RM_COORD,INCLUDING_OT,2305843009213693951,61,64,128,2,14,16384,64,256,8,-1,1,OK,measured,PASS,tcp-loopback,0,2,0,1,0,57.910000000000004,494.031,0,0,included_in_expand_p0,included_in_expand_p1,included_in_expand_p0,included_in_expand_p1,included_in_expand_p0,included_in_expand_p1,544.6370000000001,3.72,548.1669999999999,3.5309999999999997,3.72,559.192,16,128,256,64,16384,16,16,tcp_two_process_loopback; tcp_two_process;,4473000,281240,281240,4473000,4754240,4754240,0,included_in_split_input_bytes,included_in_split_input_bytes,included_in_pprf_bytes,included_in_pprf_bytes,0,36.27197265625,290.17578125,88.59258262098675,11.40825873325705,,,,,,,,,,,,,,,,,,,,,,,,,,,,,,,,
2026-07-23T09:00:39.432325+00:00,b33a10fa7851ba0c3a26bea531ffb004f00d9365,RM_COORD,INCLUDING_OT,2305843009213693951,61,64,128,2,14,16384,64,256,8,0,0,OK,measured,PASS,tcp-loopback,0,2,0,1,0,58.032000000000004,493.528,0,0,included_in_expand_p0,included_in_expand_p1,included_in_expand_p0,included_in_expand_p1,included_in_expand_p0,included_in_expand_p1,544.138,3.7230000000000003,547.618,3.48,3.7230000000000003,558.763,16,128,256,64,16384,16,16,tcp_two_process_loopback; tcp_two_process;,4473000,281240,281240,4473000,4754240,4754240,0,included_in_split_input_bytes,included_in_split_input_bytes,included_in_pprf_bytes,included_in_pprf_bytes,0,36.27197265625,290.17578125,88.59258262098675,11.40825873325705,,,,,,,,,,,,,,,,,,,,,,,,,,,,,,,,
2026-07-23T09:00:40.350044+00:00,b33a10fa7851ba0c3a26bea531ffb004f00d9365,RM_COORD,INCLUDING_OT,2305843009213693951,61,64,128,2,14,16384,64,256,8,1,0,OK,measured,PASS,tcp-loopback,0,2,0,1,0,57.965999999999994,494.437,0,0,included_in_expand_p0,included_in_expand_p1,included_in_expand_p0,included_in_expand_p1,included_in_expand_p0,included_in_expand_p1,545.154,3.755,548.751,3.597,3.755,559.755,16,128,256,64,16384,16,16,tcp_two_process_loopback; tcp_two_process;,4473000,281240,281240,4473000,4754240,4754240,0,included_in_split_input_bytes,included_in_split_input_bytes,included_in_pprf_bytes,included_in_pprf_bytes,0,36.27197265625,290.17578125,88.59258262098675,11.40825873325705,,,,,,,,,,,,,,,,,,,,,,,,,,,,,,,,
2026-07-23T09:00:41.268027+00:00,b33a10fa7851ba0c3a26bea531ffb004f00d9365,RM_COORD,INCLUDING_OT,2305843009213693951,61,64,128,2,14,16384,64,256,8,2,0,OK,measured,PASS,tcp-loopback,0,2,0,1,0,58.118,495.28299999999996,0,0,included_in_expand_p0,included_in_expand_p1,included_in_expand_p0,included_in_expand_p1,included_in_expand_p0,included_in_expand_p1,546.0310000000001,3.722,549.603,3.572,3.722,560.6949999999999,16,128,256,64,16384,16,16,tcp_two_process_loopback; tcp_two_process;,4473000,281240,281240,4473000,4754240,4754240,0,included_in_split_input_bytes,included_in_split_input_bytes,included_in_pprf_bytes,included_in_pprf_bytes,0,36.27197265625,290.17578125,88.59258262098675,11.40825873325705,,,,,,,,,,,,,,,,,,,,,,,,,,,,,,,,
2026-07-23T09:00:42.187012+00:00,b33a10fa7851ba0c3a26bea531ffb004f00d9365,RM_COORD,INCLUDING_OT,2305843009213693951,61,64,128,2,14,16384,64,256,8,3,0,OK,measured,PASS,tcp-loopback,0,2,0,1,0,58.446999999999996,496.798,0,0,included_in_expand_p0,included_in_expand_p1,included_in_expand_p0,included_in_expand_p1,included_in_expand_p0,included_in_expand_p1,547.678,3.758,551.219,3.541,3.758,562.5440000000001,16,128,256,64,16384,16,16,tcp_two_process_loopback; tcp_two_process;,4473000,281240,281240,4473000,4754240,4754240,0,included_in_split_input_bytes,included_in_split_input_bytes,included_in_pprf_bytes,included_in_pprf_bytes,0,36.27197265625,290.17578125,88.59258262098675,11.40825873325705,,,,,,,,,,,,,,,,,,,,,,,,,,,,,,,,
2026-07-23T09:00:43.107630+00:00,b33a10fa7851ba0c3a26bea531ffb004f00d9365,RM_COORD,INCLUDING_OT,2305843009213693951,61,64,128,2,14,16384,64,256,8,4,0,OK,measured,PASS,tcp-loopback,0,2,0,1,0,58.519,495.627,0,0,included_in_expand_p0,included_in_expand_p1,included_in_expand_p0,included_in_expand_p1,included_in_expand_p0,included_in_expand_p1,546.45,3.813,550.027,3.577,3.813,561.536,16,128,256,64,16384,16,16,tcp_two_process_loopback; tcp_two_process;,4473000,281240,281240,4473000,4754240,4754240,0,included_in_split_input_bytes,included_in_split_input_bytes,included_in_pprf_bytes,included_in_pprf_bytes,0,36.27197265625,290.17578125,88.59258262098675,11.40825873325705,,,,,,,,,,,,,,,,,,,,,,,,,,,,,,,,
2026-07-23T09:00:44.026927+00:00,b33a10fa7851ba0c3a26bea531ffb004f00d9365,RM_COORD,INCLUDING_OT,2305843009213693951,61,64,128,2,14,16384,64,256,8,5,0,OK,measured,PASS,tcp-loopback,0,2,0,1,0,58.083000000000006,493.99,0,0,included_in_expand_p0,included_in_expand_p1,included_in_expand_p0,included_in_expand_p1,included_in_expand_p0,included_in_expand_p1,544.74,3.705,548.4019999999999,3.662,3.705,559.44,16,128,256,64,16384,16,16,tcp_two_process_loopback; tcp_two_process;,4473000,281240,281240,4473000,4754240,4754240,0,included_in_split_input_bytes,included_in_split_input_bytes,included_in_pprf_bytes,included_in_pprf_bytes,0,36.27197265625,290.17578125,88.59258262098675,11.40825873325705,,,,,,,,,,,,,,,,,,,,,,,,,,,,,,,,
2026-07-23T09:00:44.944500+00:00,b33a10fa7851ba0c3a26bea531ffb004f00d9365,RM_COORD,INCLUDING_OT,2305843009213693951,61,64,128,2,14,16384,64,256,8,6,0,OK,measured,PASS,tcp-loopback,0,2,0,1,0,58.014,495.14200000000005,0,0,included_in_expand_p0,included_in_expand_p1,included_in_expand_p0,included_in_expand_p1,included_in_expand_p0,included_in_expand_p1,545.778,3.813,549.308,3.5300000000000002,3.813,560.499,16,128,256,64,16384,16,16,tcp_two_process_loopback; tcp_two_process;,4473000,281240,281240,4473000,4754240,4754240,0,included_in_split_input_bytes,included_in_split_input_bytes,included_in_pprf_bytes,included_in_pprf_bytes,0,36.27197265625,290.17578125,88.59258262098675,11.40825873325705,,,,,,,,,,,,,,,,,,,,,,,,,,,,,,,,
2026-07-23T09:00:45.862832+00:00,b33a10fa7851ba0c3a26bea531ffb004f00d9365,RM_COORD,INCLUDING_OT,2305843009213693951,61,64,128,2,14,16384,64,256,8,7,0,OK,measured,PASS,tcp-loopback,0,2,0,1,0,57.83,495.61899999999997,0,0,included_in_expand_p0,included_in_expand_p1,included_in_expand_p0,included_in_expand_p1,included_in_expand_p0,included_in_expand_p1,546.176,3.738,549.746,3.57,3.738,560.7570000000001,16,128,256,64,16384,16,16,tcp_two_process_loopback; tcp_two_process;,4473000,281240,281240,4473000,4754240,4754240,0,included_in_split_input_bytes,included_in_split_input_bytes,included_in_pprf_bytes,included_in_pprf_bytes,0,36.27197265625,290.17578125,88.59258262098675,11.40825873325705,,,,,,,,,,,,,,,,,,,,,,,,,,,,,,,,
2026-07-23T09:00:46.781977+00:00,b33a10fa7851ba0c3a26bea531ffb004f00d9365,RM_COORD,INCLUDING_OT,2305843009213693951,61,64,128,2,14,16384,64,256,8,8,0,OK,measured,PASS,tcp-loopback,0,2,0,1,0,58.173,494.656,0,0,included_in_expand_p0,included_in_expand_p1,included_in_expand_p0,included_in_expand_p1,included_in_expand_p0,included_in_expand_p1,545.403,3.856,548.9699999999999,3.5669999999999997,3.856,560.252,16,128,256,64,16384,16,16,tcp_two_process_loopback; tcp_two_process;,4473000,281240,281240,4473000,4754240,4754240,0,included_in_split_input_bytes,included_in_split_input_bytes,included_in_pprf_bytes,included_in_pprf_bytes,0,36.27197265625,290.17578125,88.59258262098675,11.40825873325705,,,,,,,,,,,,,,,,,,,,,,,,,,,,,,,,
2026-07-23T09:00:47.701552+00:00,b33a10fa7851ba0c3a26bea531ffb004f00d9365,RM_COORD,INCLUDING_OT,2305843009213693951,61,64,128,2,14,16384,64,256,8,9,0,OK,measured,PASS,tcp-loopback,0,2,0,1,0,58.269,494.055,0,0,included_in_expand_p0,included_in_expand_p1,included_in_expand_p0,included_in_expand_p1,included_in_expand_p0,included_in_expand_p1,544.8340000000001,3.7230000000000003,548.329,3.4949999999999997,3.7230000000000003,559.5419999999999,16,128,256,64,16384,16,16,tcp_two_process_loopback; tcp_two_process;,4473000,281240,281240,4473000,4754240,4754240,0,included_in_split_input_bytes,included_in_split_input_bytes,included_in_pprf_bytes,included_in_pprf_bytes,0,36.27197265625,290.17578125,88.59258262098675,11.40825873325705,,,,,,,,,,,,,,,,,,,,,,,,,,,,,,,,
2026-07-23T09:00:48.620397+00:00,b33a10fa7851ba0c3a26bea531ffb004f00d9365,RM_VECTOR,INCLUDING_OT,2305843009213693951,61,64,128,2,14,16384,64,256,16,-1,1,OK,measured,PASS,tcp-loopback,0,2,0,1,0,165.96,110.51700000000001,0,0,included_in_expand_p0,included_in_expand_p1,included_in_expand_p0,included_in_expand_p1,included_in_expand_p0,included_in_expand_p1,240.538,6.292,246.82999999999998,6.292,5.948,288.717,2,128,256,64,16384,2,2,tcp_two_process_loopback; tcp_two_process;,16812264,129256,129256,16812264,16941520,16941520,0,included_in_split_input_bytes,included_in_split_input_bytes,included_in_pprf_bytes,included_in_pprf_bytes,0,64.62677001953125,517.01416015625,99.23718769036073,0.7630484159626764,,,,,,,,,,,,,,,,,,,,,,,,,,,,,,,,
2026-07-23T09:00:49.245985+00:00,b33a10fa7851ba0c3a26bea531ffb004f00d9365,RM_VECTOR,INCLUDING_OT,2305843009213693951,61,64,128,2,14,16384,64,256,16,0,0,OK,measured,PASS,tcp-loopback,0,2,0,1,0,166.85,111.48700000000001,0,0,included_in_expand_p0,included_in_expand_p1,included_in_expand_p0,included_in_expand_p1,included_in_expand_p0,included_in_expand_p1,242.151,6.309,248.45999999999998,6.309,5.992,290.63800000000003,2,128,256,64,16384,2,2,tcp_two_process_loopback; tcp_two_process;,16812264,129256,129256,16812264,16941520,16941520,0,included_in_split_input_bytes,included_in_split_input_bytes,included_in_pprf_bytes,included_in_pprf_bytes,0,64.62677001953125,517.01416015625,99.23718769036073,0.7630484159626764,,,,,,,,,,,,,,,,,,,,,,,,,,,,,,,,
2026-07-23T09:00:49.872781+00:00,b33a10fa7851ba0c3a26bea531ffb004f00d9365,RM_VECTOR,INCLUDING_OT,2305843009213693951,61,64,128,2,14,16384,64,256,16,1,0,OK,measured,PASS,tcp-loopback,0,2,0,1,0,165.328,110.474,0,0,included_in_expand_p0,included_in_expand_p1,included_in_expand_p0,included_in_expand_p1,included_in_expand_p0,included_in_expand_p1,240.262,6.305,246.567,6.305,5.976,288.083,2,128,256,64,16384,2,2,tcp_two_process_loopback; tcp_two_process;,16812264,129256,129256,16812264,16941520,16941520,0,included_in_split_input_bytes,included_in_split_input_bytes,included_in_pprf_bytes,included_in_pprf_bytes,0,64.62677001953125,517.01416015625,99.23718769036073,0.7630484159626764,,,,,,,,,,,,,,,,,,,,,,,,,,,,,,,,
2026-07-23T09:00:50.498963+00:00,b33a10fa7851ba0c3a26bea531ffb004f00d9365,RM_VECTOR,INCLUDING_OT,2305843009213693951,61,64,128,2,14,16384,64,256,16,2,0,OK,measured,PASS,tcp-loopback,0,2,0,1,0,165.458,109.932,0,0,included_in_expand_p0,included_in_expand_p1,included_in_expand_p0,included_in_expand_p1,included_in_expand_p0,included_in_expand_p1,239.945,6.297,246.242,6.297,5.9639999999999995,287.651,2,128,256,64,16384,2,2,tcp_two_process_loopback; tcp_two_process;,16812264,129256,129256,16812264,16941520,16941520,0,included_in_split_input_bytes,included_in_split_input_bytes,included_in_pprf_bytes,included_in_pprf_bytes,0,64.62677001953125,517.01416015625,99.23718769036073,0.7630484159626764,,,,,,,,,,,,,,,,,,,,,,,,,,,,,,,,
2026-07-23T09:00:51.124274+00:00,b33a10fa7851ba0c3a26bea531ffb004f00d9365,RM_VECTOR,INCLUDING_OT,2305843009213693951,61,64,128,2,14,16384,64,256,16,3,0,OK,measured,PASS,tcp-loopback,0,2,0,1,0,167.64399999999998,115.826,0,0,included_in_expand_p0,included_in_expand_p1,included_in_expand_p0,included_in_expand_p1,included_in_expand_p0,included_in_expand_p1,245.562,6.306,251.868,6.306,6.119000000000001,295.895,2,128,256,64,16384,2,2,tcp_two_process_loopback; tcp_two_process;,16812264,129256,129256,16812264,16941520,16941520,0,included_in_split_input_bytes,included_in_split_input_bytes,included_in_pprf_bytes,included_in_pprf_bytes,0,64.62677001953125,517.01416015625,99.23718769036073,0.7630484159626764,,,,,,,,,,,,,,,,,,,,,,,,,,,,,,,,
2026-07-23T09:00:51.753863+00:00,b33a10fa7851ba0c3a26bea531ffb004f00d9365,RM_VECTOR,INCLUDING_OT,2305843009213693951,61,64,128,2,14,16384,64,256,16,4,0,OK,measured,PASS,tcp-loopback,0,2,0,1,0,165.536,109.8,0,0,included_in_expand_p0,included_in_expand_p1,included_in_expand_p0,included_in_expand_p1,included_in_expand_p0,included_in_expand_p1,239.898,6.276999999999999,246.175,6.276999999999999,5.976,287.589,2,128,256,64,16384,2,2,tcp_two_process_loopback; tcp_two_process;,16812264,129256,129256,16812264,16941520,16941520,0,included_in_split_input_bytes,included_in_split_input_bytes,included_in_pprf_bytes,included_in_pprf_bytes,0,64.62677001953125,517.01416015625,99.23718769036073,0.7630484159626764,,,,,,,,,,,,,,,,,,,,,,,,,,,,,,,,
2026-07-23T09:00:52.379676+00:00,b33a10fa7851ba0c3a26bea531ffb004f00d9365,RM_VECTOR,INCLUDING_OT,2305843009213693951,61,64,128,2,14,16384,64,256,16,5,0,OK,measured,PASS,tcp-loopback,0,2,0,1,0,166.627,110.613,0,0,included_in_expand_p0,included_in_expand_p1,included_in_expand_p0,included_in_expand_p1,included_in_expand_p0,included_in_expand_p1,241.063,6.313,247.376,6.313,5.959,289.512,2,128,256,64,16384,2,2,tcp_two_process_loopback; tcp_two_process;,16812264,129256,129256,16812264,16941520,16941520,0,included_in_split_input_bytes,included_in_split_input_bytes,included_in_pprf_bytes,included_in_pprf_bytes,144,64.62677001953125,517.01416015625,99.23610160127309,0.7630484159626764,,,,,,,,,,,,,,,,,,,,,,,,,,,,,,,,
2026-07-23T09:00:53.006765+00:00,b33a10fa7851ba0c3a26bea531ffb004f00d9365,RM_VECTOR,INCLUDING_OT,2305843009213693951,61,64,128,2,14,16384,64,256,16,6,0,OK,measured,PASS,tcp-loopback,0,2,0,1,0,166.657,110.384,0,0,included_in_expand_p0,included_in_expand_p1,included_in_expand_p0,included_in_expand_p1,included_in_expand_p0,included_in_expand_p1,241.505,6.289000000000001,247.79399999999998,6.289000000000001,5.971,289.301,2,128,256,64,16384,2,2,tcp_two_process_loopback; tcp_two_process;,16812264,129256,129256,16812264,16941520,16941520,0,included_in_split_input_bytes,included_in_split_input_bytes,included_in_pprf_bytes,included_in_pprf_bytes,0,64.62677001953125,517.01416015625,99.23718769036073,0.7630484159626764,,,,,,,,,,,,,,,,,,,,,,,,,,,,,,,,
2026-07-23T09:00:53.632559+00:00,b33a10fa7851ba0c3a26bea531ffb004f00d9365,RM_VECTOR,INCLUDING_OT,2305843009213693951,61,64,128,2,14,16384,64,256,16,7,0,OK,measured,PASS,tcp-loopback,0,2,0,1,0,166.219,110.842,0,0,included_in_expand_p0,included_in_expand_p1,included_in_expand_p0,included_in_expand_p1,included_in_expand_p0,included_in_expand_p1,241.32700000000003,6.321000000000001,247.648,6.321000000000001,5.97,289.35200000000003,2,128,256,64,16384,2,2,tcp_two_process_loopback; tcp_two_process;,16812264,129256,129256,16812264,16941520,16941520,0,included_in_split_input_bytes,included_in_split_input_bytes,included_in_pprf_bytes,included_in_pprf_bytes,0,64.62677001953125,517.01416015625,99.23718769036073,0.7630484159626764,,,,,,,,,,,,,,,,,,,,,,,,,,,,,,,,
2026-07-23T09:00:54.259039+00:00,b33a10fa7851ba0c3a26bea531ffb004f00d9365,RM_VECTOR,INCLUDING_OT,2305843009213693951,61,64,128,2,14,16384,64,256,16,8,0,OK,measured,PASS,tcp-loopback,0,2,0,1,0,166.364,110.61699999999999,0,0,included_in_expand_p0,included_in_expand_p1,included_in_expand_p0,included_in_expand_p1,included_in_expand_p0,included_in_expand_p1,241.27100000000002,6.297,247.56900000000002,6.297,5.98,289.25800000000004,2,128,256,64,16384,2,2,tcp_two_process_loopback; tcp_two_process;,16812264,129256,129256,16812264,16941520,16941520,0,included_in_split_input_bytes,included_in_split_input_bytes,included_in_pprf_bytes,included_in_pprf_bytes,0,64.62677001953125,517.01416015625,99.23718769036073,0.7630484159626764,,,,,,,,,,,,,,,,,,,,,,,,,,,,,,,,
2026-07-23T09:00:54.884756+00:00,b33a10fa7851ba0c3a26bea531ffb004f00d9365,RM_VECTOR,INCLUDING_OT,2305843009213693951,61,64,128,2,14,16384,64,256,16,9,0,OK,measured,PASS,tcp-loopback,0,2,0,1,0,166.50799999999998,110.359,0,0,included_in_expand_p0,included_in_expand_p1,included_in_expand_p0,included_in_expand_p1,included_in_expand_p0,included_in_expand_p1,240.311,6.289000000000001,246.60000000000002,6.289000000000001,5.968,289.12399999999997,2,128,256,64,16384,2,2,tcp_two_process_loopback; tcp_two_process;,16812264,129256,129256,16812264,16941520,16941520,0,included_in_split_input_bytes,included_in_split_input_bytes,included_in_pprf_bytes,included_in_pprf_bytes,144,64.62677001953125,517.01416015625,99.23610160127309,0.7630484159626764,,,,,,,,,,,,,,,,,,,,,,,,,,,,,,,,
2026-07-23T09:00:55.509190+00:00,b33a10fa7851ba0c3a26bea531ffb004f00d9365,RM_COORD,INCLUDING_OT,2305843009213693951,61,64,128,2,14,16384,64,256,16,-1,1,OK,measured,PASS,tcp-loopback,0,2,0,1,0,166.3,1036.5200000000002,0,0,included_in_expand_p0,included_in_expand_p1,included_in_expand_p0,included_in_expand_p1,included_in_expand_p0,included_in_expand_p1,1166.739,7.332,1173.88,7.142,7.332,1217.2940000000003,32,128,256,64,16384,32,32,tcp_two_process_loopback; tcp_two_process;,17334504,562456,562456,17334504,17896960,17896960,0,included_in_split_input_bytes,included_in_split_input_bytes,included_in_pprf_bytes,included_in_pprf_bytes,0,68.271484375,546.171875,93.93935059362038,6.060872908024603,,,,,,,,,,,,,,,,,,,,,,,,,,,,,,,,
2026-07-23T09:00:57.062685+00:00,b33a10fa7851ba0c3a26bea531ffb004f00d9365,RM_COORD,INCLUDING_OT,2305843009213693951,61,64,128,2,14,16384,64,256,16,0,0,OK,measured,PASS,tcp-loopback,0,2,0,1,0,166.523,1005.4920000000001,0,0,included_in_expand_p0,included_in_expand_p1,included_in_expand_p0,included_in_expand_p1,included_in_expand_p0,included_in_expand_p1,1135.761,7.378,1142.9199999999998,7.159000000000001,7.378,1186.5520000000001,32,128,256,64,16384,32,32,tcp_two_process_loopback; tcp_two_process;,17334504,562456,562456,17334504,17896960,17896960,0,included_in_split_input_bytes,included_in_split_input_bytes,included_in_pprf_bytes,included_in_pprf_bytes,144,68.271484375,546.171875,93.9383224860535,6.060872908024603,,,,,,,,,,,,,,,,,,,,,,,,,,,,,,,,
2026-07-23T09:00:58.585318+00:00,b33a10fa7851ba0c3a26bea531ffb004f00d9365,RM_COORD,INCLUDING_OT,2305843009213693951,61,64,128,2,14,16384,64,256,16,1,0,OK,measured,PASS,tcp-loopback,0,2,0,1,0,166.773,1007.6659999999999,0,0,included_in_expand_p0,included_in_expand_p1,included_in_expand_p0,included_in_expand_p1,included_in_expand_p0,included_in_expand_p1,1138.354,7.396,1145.417,7.064,7.396,1188.899,32,128,256,64,16384,32,32,tcp_two_process_loopback; tcp_two_process;,17334504,562456,562456,17334504,17896960,17896960,0,included_in_split_input_bytes,included_in_split_input_bytes,included_in_pprf_bytes,included_in_pprf_bytes,0,68.271484375,546.171875,93.93935059362038,6.060872908024603,,,,,,,,,,,,,,,,,,,,,,,,,,,,,,,,
2026-07-23T09:01:00.111304+00:00,b33a10fa7851ba0c3a26bea531ffb004f00d9365,RM_COORD,INCLUDING_OT,2305843009213693951,61,64,128,2,14,16384,64,256,16,2,0,OK,measured,PASS,tcp-loopback,0,2,0,1,0,165.386,1005.5400000000001,0,0,included_in_expand_p0,included_in_expand_p1,included_in_expand_p0,included_in_expand_p1,included_in_expand_p0,included_in_expand_p1,1135.736,7.436,1142.96,7.224,7.436,1185.586,32,128,256,64,16384,32,32,tcp_two_process_loopback; tcp_two_process;,17334504,562456,562456,17334504,17896960,17896960,0,included_in_split_input_bytes,included_in_split_input_bytes,included_in_pprf_bytes,included_in_pprf_bytes,0,68.271484375,546.171875,93.93935059362038,6.060872908024603,,,,,,,,,,,,,,,,,,,,,,,,,,,,,,,,
2026-07-23T09:01:01.633219+00:00,b33a10fa7851ba0c3a26bea531ffb004f00d9365,RM_COORD,INCLUDING_OT,2305843009213693951,61,64,128,2,14,16384,64,256,16,3,0,OK,measured,PASS,tcp-loopback,0,2,0,1,0,165.30800000000002,1004.9650000000001,0,0,included_in_expand_p0,included_in_expand_p1,included_in_expand_p0,included_in_expand_p1,included_in_expand_p0,included_in_expand_p1,1134.745,7.382,1141.983,7.237,7.382,1184.8920000000003,32,128,256,64,16384,32,32,tcp_two_process_loopback; tcp_two_process;,17334504,562456,562456,17334504,17896960,17896960,0,included_in_split_input_bytes,included_in_split_input_bytes,included_in_pprf_bytes,included_in_pprf_bytes,0,68.271484375,546.171875,93.93935059362038,6.060872908024603,,,,,,,,,,,,,,,,,,,,,,,,,,,,,,,,
2026-07-23T09:01:03.155077+00:00,b33a10fa7851ba0c3a26bea531ffb004f00d9365,RM_COORD,INCLUDING_OT,2305843009213693951,61,64,128,2,14,16384,64,256,16,4,0,OK,measured,PASS,tcp-loopback,0,2,0,1,0,166.582,1006.172,0,0,included_in_expand_p0,included_in_expand_p1,included_in_expand_p0,included_in_expand_p1,included_in_expand_p0,included_in_expand_p1,1136.843,7.311,1144.023,7.18,7.311,1187.245,32,128,256,64,16384,32,32,tcp_two_process_loopback; tcp_two_process;,17334504,562456,562456,17334504,17896960,17896960,0,included_in_split_input_bytes,included_in_split_input_bytes,included_in_pprf_bytes,included_in_pprf_bytes,0,68.271484375,546.171875,93.93935059362038,6.060872908024603,,,,,,,,,,,,,,,,,,,,,,,,,,,,,,,,
2026-07-23T09:01:04.678268+00:00,b33a10fa7851ba0c3a26bea531ffb004f00d9365,RM_COORD,INCLUDING_OT,2305843009213693951,61,64,128,2,14,16384,64,256,16,5,0,OK,measured,PASS,tcp-loopback,0,2,0,1,0,165.383,1005.735,0,0,included_in_expand_p0,included_in_expand_p1,included_in_expand_p0,included_in_expand_p1,included_in_expand_p0,included_in_expand_p1,1135.674,7.483,1142.644,6.971,7.483,1185.572,32,128,256,64,16384,32,32,tcp_two_process_loopback; tcp_two_process;,17334504,562456,562456,17334504,17896960,17896960,0,included_in_split_input_bytes,included_in_split_input_bytes,included_in_pprf_bytes,included_in_pprf_bytes,0,68.271484375,546.171875,93.93935059362038,6.060872908024603,,,,,,,,,,,,,,,,,,,,,,,,,,,,,,,,
2026-07-23T09:01:06.200445+00:00,b33a10fa7851ba0c3a26bea531ffb004f00d9365,RM_COORD,INCLUDING_OT,2305843009213693951,61,64,128,2,14,16384,64,256,16,6,0,OK,measured,PASS,tcp-loopback,0,2,0,1,0,165.446,1005.457,0,0,included_in_expand_p0,included_in_expand_p1,included_in_expand_p0,included_in_expand_p1,included_in_expand_p0,included_in_expand_p1,1135.547,7.347,1142.77,7.223,7.347,1185.473,32,128,256,64,16384,32,32,tcp_two_process_loopback; tcp_two_process;,17334504,562456,562456,17334504,17896960,17896960,0,included_in_split_input_bytes,included_in_split_input_bytes,included_in_pprf_bytes,included_in_pprf_bytes,0,68.271484375,546.171875,93.93935059362038,6.060872908024603,,,,,,,,,,,,,,,,,,,,,,,,,,,,,,,,
2026-07-23T09:01:07.722118+00:00,b33a10fa7851ba0c3a26bea531ffb004f00d9365,RM_COORD,INCLUDING_OT,2305843009213693951,61,64,128,2,14,16384,64,256,16,7,0,OK,measured,PASS,tcp-loopback,0,2,0,1,0,165.956,1008.4,0,0,included_in_expand_p0,included_in_expand_p1,included_in_expand_p0,included_in_expand_p1,included_in_expand_p0,included_in_expand_p1,1138.163,7.547,1145.315,7.152,7.547,1189.055,32,128,256,64,16384,32,32,tcp_two_process_loopback; tcp_two_process;,17334504,562456,562456,17334504,17896960,17896960,0,included_in_split_input_bytes,included_in_split_input_bytes,included_in_pprf_bytes,included_in_pprf_bytes,144,68.271484375,546.171875,93.9383224860535,6.060872908024603,,,,,,,,,,,,,,,,,,,,,,,,,,,,,,,,
2026-07-23T09:01:09.247686+00:00,b33a10fa7851ba0c3a26bea531ffb004f00d9365,RM_COORD,INCLUDING_OT,2305843009213693951,61,64,128,2,14,16384,64,256,16,8,0,OK,measured,PASS,tcp-loopback,0,2,0,1,0,166.127,1007.0349999999999,0,0,included_in_expand_p0,included_in_expand_p1,included_in_expand_p0,included_in_expand_p1,included_in_expand_p0,included_in_expand_p1,1137.326,7.32,1144.5510000000002,7.224,7.32,1187.7059999999997,32,128,256,64,16384,32,32,tcp_two_process_loopback; tcp_two_process;,17334504,562456,562456,17334504,17896960,17896960,0,included_in_split_input_bytes,included_in_split_input_bytes,included_in_pprf_bytes,included_in_pprf_bytes,0,68.271484375,546.171875,93.93935059362038,6.060872908024603,,,,,,,,,,,,,,,,,,,,,,,,,,,,,,,,
2026-07-23T09:01:10.771989+00:00,b33a10fa7851ba0c3a26bea531ffb004f00d9365,RM_COORD,INCLUDING_OT,2305843009213693951,61,64,128,2,14,16384,64,256,16,9,0,OK,measured,PASS,tcp-loopback,0,2,0,1,0,165.554,1007.568,0,0,included_in_expand_p0,included_in_expand_p1,included_in_expand_p0,included_in_expand_p1,included_in_expand_p0,included_in_expand_p1,1137.616,7.335,1144.775,7.159000000000001,7.335,1187.6160000000002,32,128,256,64,16384,32,32,tcp_two_process_loopback; tcp_two_process;,17334504,562456,562456,17334504,17896960,17896960,0,included_in_split_input_bytes,included_in_split_input_bytes,included_in_pprf_bytes,included_in_pprf_bytes,0,68.271484375,546.171875,93.93935059362038,6.060872908024603,,,,,,,,,,,,,,,,,,,,,,,,,,,,,,,,
2026-07-23T09:01:12.297787+00:00,b33a10fa7851ba0c3a26bea531ffb004f00d9365,RM_VECTOR,INCLUDING_OT,2305843009213693951,61,64,128,2,14,16384,64,256,32,-1,1,OK,measured,PASS,tcp-loopback,0,2,0,1,0,418.451,184.802,0,0,included_in_expand_p0,included_in_expand_p1,included_in_expand_p0,included_in_expand_p1,included_in_expand_p0,included_in_expand_p1,494.057,12.488000000000001,506.01700000000005,12.488000000000001,11.96,627.7010000000001,2,128,256,64,16384,2,2,tcp_two_process_loopback; tcp_two_process;,67144040,229608,229608,67144040,67373648,67373648,0,included_in_split_input_bytes,included_in_split_input_bytes,included_in_pprf_bytes,included_in_pprf_bytes,272,128.50503540039062,1028.040283203125,99.71045059041482,0.2891456909087066,,,,,,,,,,,,,,,,,,,,,,,,,,,,,,,,
2026-07-23T09:01:13.211062+00:00,b33a10fa7851ba0c3a26bea531ffb004f00d9365,RM_VECTOR,INCLUDING_OT,2305843009213693951,61,64,128,2,14,16384,64,256,32,0,0,OK,measured,PASS,tcp-loopback,0,2,0,1,0,419.574,178.865,0,0,included_in_expand_p0,included_in_expand_p1,included_in_expand_p0,included_in_expand_p1,included_in_expand_p0,included_in_expand_p1,495.184,12.382000000000001,507.312,12.382000000000001,12.128,622.9490000000001,2,128,256,64,16384,2,2,tcp_two_process_loopback; tcp_two_process;,67144040,229608,229608,67144040,67373648,67373648,0,included_in_split_input_bytes,included_in_split_input_bytes,included_in_pprf_bytes,included_in_pprf_bytes,272,128.50503540039062,1028.040283203125,99.71045059041482,0.2891456909087066,,,,,,,,,,,,,,,,,,,,,,,,,,,,,,,,
2026-07-23T09:01:14.121080+00:00,b33a10fa7851ba0c3a26bea531ffb004f00d9365,RM_VECTOR,INCLUDING_OT,2305843009213693951,61,64,128,2,14,16384,64,256,32,1,0,OK,measured,PASS,tcp-loopback,0,2,0,1,0,421.115,176.86599999999999,0,0,included_in_expand_p0,included_in_expand_p1,included_in_expand_p0,included_in_expand_p1,included_in_expand_p0,included_in_expand_p1,496.502,12.417,508.71599999999995,12.417,12.213999999999999,622.6120000000001,2,128,256,64,16384,2,2,tcp_two_process_loopback; tcp_two_process;,67144040,229608,229608,67144040,67373648,67373648,0,included_in_split_input_bytes,included_in_split_input_bytes,included_in_pprf_bytes,included_in_pprf_bytes,272,128.50503540039062,1028.040283203125,99.71045059041482,0.2891456909087066,,,,,,,,,,,,,,,,,,,,,,,,,,,,,,,,
2026-07-23T09:01:15.033268+00:00,b33a10fa7851ba0c3a26bea531ffb004f00d9365,RM_VECTOR,INCLUDING_OT,2305843009213693951,61,64,128,2,14,16384,64,256,32,2,0,OK,measured,PASS,tcp-loopback,0,2,0,1,0,419.474,178.279,0,0,included_in_expand_p0,included_in_expand_p1,included_in_expand_p0,included_in_expand_p1,included_in_expand_p0,included_in_expand_p1,495.303,12.368,507.467,12.368,12.165000000000001,622.286,2,128,256,64,16384,2,2,tcp_two_process_loopback; tcp_two_process;,67144040,229608,229608,67144040,67373648,67373648,0,included_in_split_input_bytes,included_in_split_input_bytes,included_in_pprf_bytes,included_in_pprf_bytes,272,128.50503540039062,1028.040283203125,99.71045059041482,0.2891456909087066,,,,,,,,,,,,,,,,,,,,,,,,,,,,,,,,
2026-07-23T09:01:15.941111+00:00,b33a10fa7851ba0c3a26bea531ffb004f00d9365,RM_VECTOR,INCLUDING_OT,2305843009213693951,61,64,128,2,14,16384,64,256,32,3,0,OK,measured,PASS,tcp-loopback,0,2,0,1,0,420.01300000000003,178.417,0,0,included_in_expand_p0,included_in_expand_p1,included_in_expand_p0,included_in_expand_p1,included_in_expand_p0,included_in_expand_p1,496.104,12.359,508.26000000000005,12.359,12.157,622.9460000000001,2,128,256,64,16384,2,2,tcp_two_process_loopback; tcp_two_process;,67144040,229608,229608,67144040,67373648,67373648,0,included_in_split_input_bytes,included_in_split_input_bytes,included_in_pprf_bytes,included_in_pprf_bytes,272,128.50503540039062,1028.040283203125,99.71045059041482,0.2891456909087066,,,,,,,,,,,,,,,,,,,,,,,,,,,,,,,,
2026-07-23T09:01:16.849044+00:00,b33a10fa7851ba0c3a26bea531ffb004f00d9365,RM_VECTOR,INCLUDING_OT,2305843009213693951,61,64,128,2,14,16384,64,256,32,4,0,OK,measured,PASS,tcp-loopback,0,2,0,1,0,419.885,177.786,0,0,included_in_expand_p0,included_in_expand_p1,included_in_expand_p0,included_in_expand_p1,included_in_expand_p0,included_in_expand_p1,495.584,12.335,507.741,12.335,12.156,622.162,2,128,256,64,16384,2,2,tcp_two_process_loopback; tcp_two_process;,67144040,229608,229608,67144040,67373648,67373648,0,included_in_split_input_bytes,included_in_split_input_bytes,included_in_pprf_bytes,included_in_pprf_bytes,272,128.50503540039062,1028.040283203125,99.71045059041482,0.2891456909087066,,,,,,,,,,,,,,,,,,,,,,,,,,,,,,,,
2026-07-23T09:01:17.756979+00:00,b33a10fa7851ba0c3a26bea531ffb004f00d9365,RM_VECTOR,INCLUDING_OT,2305843009213693951,61,64,128,2,14,16384,64,256,32,5,0,OK,measured,PASS,tcp-loopback,0,2,0,1,0,419.50100000000003,178.16199999999998,0,0,included_in_expand_p0,included_in_expand_p1,included_in_expand_p0,included_in_expand_p1,included_in_expand_p0,included_in_expand_p1,494.95099999999996,12.33,507.116,12.33,12.165000000000001,622.158,2,128,256,64,16384,2,2,tcp_two_process_loopback; tcp_two_process;,67144040,229608,229608,67144040,67373648,67373648,0,included_in_split_input_bytes,included_in_split_input_bytes,included_in_pprf_bytes,included_in_pprf_bytes,272,128.50503540039062,1028.040283203125,99.71045059041482,0.2891456909087066,,,,,,,,,,,,,,,,,,,,,,,,,,,,,,,,
2026-07-23T09:01:18.664989+00:00,b33a10fa7851ba0c3a26bea531ffb004f00d9365,RM_VECTOR,INCLUDING_OT,2305843009213693951,61,64,128,2,14,16384,64,256,32,6,0,OK,measured,PASS,tcp-loopback,0,2,0,1,0,421.00100000000003,172.81,0,0,included_in_expand_p0,included_in_expand_p1,included_in_expand_p0,included_in_expand_p1,included_in_expand_p0,included_in_expand_p1,496.436,12.331,508.57399999999996,12.331,12.139000000000001,618.2810000000001,2,128,256,64,16384,2,2,tcp_two_process_loopback; tcp_two_process;,67144040,229608,229608,67144040,67373648,67373648,0,included_in_split_input_bytes,included_in_split_input_bytes,included_in_pprf_bytes,included_in_pprf_bytes,272,128.50503540039062,1028.040283203125,99.71045059041482,0.2891456909087066,,,,,,,,,,,,,,,,,,,,,,,,,,,,,,,,
2026-07-23T09:01:19.568948+00:00,b33a10fa7851ba0c3a26bea531ffb004f00d9365,RM_VECTOR,INCLUDING_OT,2305843009213693951,61,64,128,2,14,16384,64,256,32,7,0,OK,measured,PASS,tcp-loopback,0,2,0,1,0,420.099,181.808,0,0,included_in_expand_p0,included_in_expand_p1,included_in_expand_p0,included_in_expand_p1,included_in_expand_p0,included_in_expand_p1,495.532,12.42,507.661,12.42,12.129,626.4559999999999,2,128,256,64,16384,2,2,tcp_two_process_loopback; tcp_two_process;,67144040,229608,229608,67144040,67373648,67373648,0,included_in_split_input_bytes,included_in_split_input_bytes,included_in_pprf_bytes,included_in_pprf_bytes,272,128.50503540039062,1028.040283203125,99.71045059041482,0.2891456909087066,,,,,,,,,,,,,,,,,,,,,,,,,,,,,,,,
2026-07-23T09:01:20.481072+00:00,b33a10fa7851ba0c3a26bea531ffb004f00d9365,RM_VECTOR,INCLUDING_OT,2305843009213693951,61,64,128,2,14,16384,64,256,32,8,0,OK,measured,PASS,tcp-loopback,0,2,0,1,0,421.42,176.52,0,0,included_in_expand_p0,included_in_expand_p1,included_in_expand_p0,included_in_expand_p1,included_in_expand_p0,included_in_expand_p1,496.955,12.35,509.10999999999996,12.35,12.155,622.445,2,128,256,64,16384,2,2,tcp_two_process_loopback; tcp_two_process;,67144040,229608,229608,67144040,67373648,67373648,0,included_in_split_input_bytes,included_in_split_input_bytes,included_in_pprf_bytes,included_in_pprf_bytes,272,128.50503540039062,1028.040283203125,99.71045059041482,0.2891456909087066,,,,,,,,,,,,,,,,,,,,,,,,,,,,,,,,
2026-07-23T09:01:21.389083+00:00,b33a10fa7851ba0c3a26bea531ffb004f00d9365,RM_VECTOR,INCLUDING_OT,2305843009213693951,61,64,128,2,14,16384,64,256,32,9,0,OK,measured,PASS,tcp-loopback,0,2,0,1,0,420.22900000000004,178.833,0,0,included_in_expand_p0,included_in_expand_p1,included_in_expand_p0,included_in_expand_p1,included_in_expand_p0,included_in_expand_p1,495.935,12.359,508.068,12.359,12.133,623.5540000000001,2,128,256,64,16384,2,2,tcp_two_process_loopback; tcp_two_process;,67144040,229608,229608,67144040,67373648,67373648,0,included_in_split_input_bytes,included_in_split_input_bytes,included_in_pprf_bytes,included_in_pprf_bytes,272,128.50503540039062,1028.040283203125,99.71045059041482,0.2891456909087066,,,,,,,,,,,,,,,,,,,,,,,,,,,,,,,,
2026-07-23T09:01:22.296992+00:00,b33a10fa7851ba0c3a26bea531ffb004f00d9365,RM_COORD,INCLUDING_OT,2305843009213693951,61,64,128,2,14,16384,64,256,32,-1,1,OK,measured,PASS,tcp-loopback,0,2,0,1,0,418.81800000000004,2030.9370000000001,0,0,included_in_expand_p0,included_in_expand_p1,included_in_expand_p0,included_in_expand_p1,included_in_expand_p0,included_in_expand_p1,2345.967,17.242,2363.209,14.932,17.242,2481.929,64,128,256,64,16384,64,64,tcp_two_process_loopback; tcp_two_process;,68223336,1124888,1124888,68223336,69348224,69348224,0,included_in_split_input_bytes,included_in_split_input_bytes,included_in_pprf_bytes,included_in_pprf_bytes,272,132.271240234375,1058.169921875,96.87136039705933,3.1282473794858827,,,,,,,,,,,,,,,,,,,,,,,,,,,,,,,,
2026-07-23T09:01:25.059730+00:00,b33a10fa7851ba0c3a26bea531ffb004f00d9365,RM_COORD,INCLUDING_OT,2305843009213693951,61,64,128,2,14,16384,64,256,32,0,0,OK,measured,PASS,tcp-loopback,0,2,0,1,0,419.37600000000003,2038.7300000000002,0,0,included_in_expand_p0,included_in_expand_p1,included_in_expand_p0,included_in_expand_p1,included_in_expand_p0,included_in_expand_p1,2354.037,17.305999999999997,2371.343,14.763,17.305999999999997,2490.175,64,128,256,64,16384,64,64,tcp_two_process_loopback; tcp_two_process;,68223336,1124888,1124888,68223336,69348224,69348224,0,included_in_split_input_bytes,included_in_split_input_bytes,included_in_pprf_bytes,included_in_pprf_bytes,272,132.271240234375,1058.169921875,96.87136039705933,3.1282473794858827,,,,,,,,,,,,,,,,,,,,,,,,,,,,,,,,
2026-07-23T09:01:27.831565+00:00,b33a10fa7851ba0c3a26bea531ffb004f00d9365,RM_COORD,INCLUDING_OT,2305843009213693951,61,64,128,2,14,16384,64,256,32,1,0,OK,measured,PASS,tcp-loopback,0,2,0,1,0,418.891,2030.7750000000003,0,0,included_in_expand_p0,included_in_expand_p1,included_in_expand_p0,included_in_expand_p1,included_in_expand_p0,included_in_expand_p1,2347.4750000000004,17.172,2364.6470000000004,14.789,17.172,2481.6270000000004,64,128,256,64,16384,64,64,tcp_two_process_loopback; tcp_two_process;,68223336,1124888,1124888,68223336,69348224,69348224,0,included_in_split_input_bytes,included_in_split_input_bytes,included_in_pprf_bytes,included_in_pprf_bytes,272,132.271240234375,1058.169921875,96.87136039705933,3.1282473794858827,,,,,,,,,,,,,,,,,,,,,,,,,,,,,,,,
2026-07-23T09:01:30.595464+00:00,b33a10fa7851ba0c3a26bea531ffb004f00d9365,RM_COORD,INCLUDING_OT,2305843009213693951,61,64,128,2,14,16384,64,256,32,2,0,OK,measured,PASS,tcp-loopback,0,2,0,1,0,418.781,2031.58,0,0,included_in_expand_p0,included_in_expand_p1,included_in_expand_p0,included_in_expand_p1,included_in_expand_p0,included_in_expand_p1,2349.332,17.230999999999998,2366.563,14.76,17.230999999999998,2482.3520000000003,64,128,256,64,16384,64,64,tcp_two_process_loopback; tcp_two_process;,68223336,1124888,1124888,68223336,69348224,69348224,0,included_in_split_input_bytes,included_in_split_input_bytes,included_in_pprf_bytes,included_in_pprf_bytes,272,132.271240234375,1058.169921875,96.87136039705933,3.1282473794858827,,,,,,,,,,,,,,,,,,,,,,,,,,,,,,,,
2026-07-23T09:01:33.359517+00:00,b33a10fa7851ba0c3a26bea531ffb004f00d9365,RM_COORD,INCLUDING_OT,2305843009213693951,61,64,128,2,14,16384,64,256,32,3,0,OK,measured,PASS,tcp-loopback,0,2,0,1,0,419.382,2038.3700000000001,0,0,included_in_expand_p0,included_in_expand_p1,included_in_expand_p0,included_in_expand_p1,included_in_expand_p0,included_in_expand_p1,2352.33,17.357999999999997,2369.688,14.641,17.357999999999997,2489.751,64,128,256,64,16384,64,64,tcp_two_process_loopback; tcp_two_process;,68223336,1124888,1124888,68223336,69348224,69348224,0,included_in_split_input_bytes,included_in_split_input_bytes,included_in_pprf_bytes,included_in_pprf_bytes,272,132.271240234375,1058.169921875,96.87136039705933,3.1282473794858827,,,,,,,,,,,,,,,,,,,,,,,,,,,,,,,,
2026-07-23T09:01:36.131326+00:00,b33a10fa7851ba0c3a26bea531ffb004f00d9365,RM_COORD,INCLUDING_OT,2305843009213693951,61,64,128,2,14,16384,64,256,32,4,0,OK,measured,PASS,tcp-loopback,0,2,0,1,0,420.263,2030.4289999999999,0,0,included_in_expand_p0,included_in_expand_p1,included_in_expand_p0,included_in_expand_p1,included_in_expand_p0,included_in_expand_p1,2347.8940000000002,17.37,2365.2639999999997,14.764,17.37,2482.826,64,128,256,64,16384,64,64,tcp_two_process_loopback; tcp_two_process;,68223336,1124888,1124888,68223336,69348224,69348224,0,included_in_split_input_bytes,included_in_split_input_bytes,included_in_pprf_bytes,included_in_pprf_bytes,0,132.271240234375,1058.169921875,96.87181030043394,3.1282473794858827,,,,,,,,,,,,,,,,,,,,,,,,,,,,,,,,
2026-07-23T09:01:38.899499+00:00,b33a10fa7851ba0c3a26bea531ffb004f00d9365,RM_COORD,INCLUDING_OT,2305843009213693951,61,64,128,2,14,16384,64,256,32,5,0,OK,measured,PASS,tcp-loopback,0,2,0,1,0,418.97200000000004,2030.725,0,0,included_in_expand_p0,included_in_expand_p1,included_in_expand_p0,included_in_expand_p1,included_in_expand_p0,included_in_expand_p1,2347.9410000000003,17.453,2365.3940000000002,14.804,17.453,2481.954,64,128,256,64,16384,64,64,tcp_two_process_loopback; tcp_two_process;,68223336,1124888,1124888,68223336,69348224,69348224,0,included_in_split_input_bytes,included_in_split_input_bytes,included_in_pprf_bytes,included_in_pprf_bytes,272,132.271240234375,1058.169921875,96.87136039705933,3.1282473794858827,,,,,,,,,,,,,,,,,,,,,,,,,,,,,,,,
2026-07-23T09:01:41.663818+00:00,b33a10fa7851ba0c3a26bea531ffb004f00d9365,RM_COORD,INCLUDING_OT,2305843009213693951,61,64,128,2,14,16384,64,256,32,6,0,OK,measured,PASS,tcp-loopback,0,2,0,1,0,421.388,2036.8680000000002,0,0,included_in_expand_p0,included_in_expand_p1,included_in_expand_p0,included_in_expand_p1,included_in_expand_p0,included_in_expand_p1,2352.355,17.035,2369.3900000000003,14.594,17.035,2489.885,64,128,256,64,16384,64,64,tcp_two_process_loopback; tcp_two_process;,68223336,1124888,1124888,68223336,69348224,69348224,0,included_in_split_input_bytes,included_in_split_input_bytes,included_in_pprf_bytes,included_in_pprf_bytes,272,132.271240234375,1058.169921875,96.87136039705933,3.1282473794858827,,,,,,,,,,,,,,,,,,,,,,,,,,,,,,,,
2026-07-23T09:01:44.435264+00:00,b33a10fa7851ba0c3a26bea531ffb004f00d9365,RM_COORD,INCLUDING_OT,2305843009213693951,61,64,128,2,14,16384,64,256,32,7,0,OK,measured,PASS,tcp-loopback,0,2,0,1,0,418.448,2031.3750000000002,0,0,included_in_expand_p0,included_in_expand_p1,included_in_expand_p0,included_in_expand_p1,included_in_expand_p0,included_in_expand_p1,2348.697,17.081,2365.777,14.902999999999999,17.081,2481.8070000000002,64,128,256,64,16384,64,64,tcp_two_process_loopback; tcp_two_process;,68223336,1124888,1124888,68223336,69348224,69348224,0,included_in_split_input_bytes,included_in_split_input_bytes,included_in_pprf_bytes,included_in_pprf_bytes,272,132.271240234375,1058.169921875,96.87136039705933,3.1282473794858827,,,,,,,,,,,,,,,,,,,,,,,,,,,,,,,,
2026-07-23T09:01:47.195570+00:00,b33a10fa7851ba0c3a26bea531ffb004f00d9365,RM_COORD,INCLUDING_OT,2305843009213693951,61,64,128,2,14,16384,64,256,32,8,0,OK,measured,PASS,tcp-loopback,0,2,0,1,0,420.741,2033.312,0,0,included_in_expand_p0,included_in_expand_p1,included_in_expand_p0,included_in_expand_p1,included_in_expand_p0,included_in_expand_p1,2351.989,17.297,2369.2850000000003,14.806,17.297,2486.156,64,128,256,64,16384,64,64,tcp_two_process_loopback; tcp_two_process;,68223336,1124888,1124888,68223336,69348224,69348224,0,included_in_split_input_bytes,included_in_split_input_bytes,included_in_pprf_bytes,included_in_pprf_bytes,272,132.271240234375,1058.169921875,96.87136039705933,3.1282473794858827,,,,,,,,,,,,,,,,,,,,,,,,,,,,,,,,
2026-07-23T09:01:49.963552+00:00,b33a10fa7851ba0c3a26bea531ffb004f00d9365,RM_COORD,INCLUDING_OT,2305843009213693951,61,64,128,2,14,16384,64,256,32,9,0,OK,measured,PASS,tcp-loopback,0,2,0,1,0,418.58,2031.2009999999998,0,0,included_in_expand_p0,included_in_expand_p1,included_in_expand_p0,included_in_expand_p1,included_in_expand_p0,included_in_expand_p1,2346.744,17.122999999999998,2363.866,14.731,17.122999999999998,2481.635,64,128,256,64,16384,64,64,tcp_two_process_loopback; tcp_two_process;,68223336,1124888,1124888,68223336,69348224,69348224,0,included_in_split_input_bytes,included_in_split_input_bytes,included_in_pprf_bytes,included_in_pprf_bytes,272,132.271240234375,1058.169921875,96.87136039705933,3.1282473794858827,,,,,,,,,,,,,,,,,,,,,,,,,,,,,,,,
2026-07-23T09:01:52.727428+00:00,b33a10fa7851ba0c3a26bea531ffb004f00d9365,RM_VECTOR,INCLUDING_OT,2305843009213693951,61,64,128,2,16,65536,64,1024,8,-1,1,OK,measured,PASS,tcp-loopback,0,2,0,1,0,64.422,115.08699999999999,0,0,included_in_expand_p0,included_in_expand_p1,included_in_expand_p0,included_in_expand_p1,included_in_expand_p0,included_in_expand_p1,162.11999999999998,13.988999999999999,176.10899999999998,13.988999999999999,13.169,206.667,2,128,1024,64,65536,2,2,tcp_two_process_loopback; tcp_two_process;,4237992,87272,87272,4237992,4325264,4325264,0,included_in_split_input_bytes,included_in_split_input_bytes,included_in_pprf_bytes,included_in_pprf_bytes,80,8.249786376953125,65.998291015625,97.37634512020539,2.621805281712284,,,,,,,,,,,,,,,,,,,,,,,,,,,,,,,,
2026-07-23T09:01:53.294435+00:00,b33a10fa7851ba0c3a26bea531ffb004f00d9365,RM_VECTOR,INCLUDING_OT,2305843009213693951,61,64,128,2,16,65536,64,1024,8,0,0,OK,measured,PASS,tcp-loopback,0,2,0,1,0,64.04899999999999,112.02900000000001,0,0,included_in_expand_p0,included_in_expand_p1,included_in_expand_p0,included_in_expand_p1,included_in_expand_p0,included_in_expand_p1,159.167,13.731,172.898,13.731,12.889,202.698,2,128,1024,64,65536,2,2,tcp_two_process_loopback; tcp_two_process;,4237992,87272,87272,4237992,4325264,4325264,0,included_in_split_input_bytes,included_in_split_input_bytes,included_in_pprf_bytes,included_in_pprf_bytes,80,8.249786376953125,65.998291015625,97.37634512020539,2.621805281712284,,,,,,,,,,,,,,,,,,,,,,,,,,,,,,,,
2026-07-23T09:01:53.858902+00:00,b33a10fa7851ba0c3a26bea531ffb004f00d9365,RM_VECTOR,INCLUDING_OT,2305843009213693951,61,64,128,2,16,65536,64,1024,8,1,0,OK,measured,PASS,tcp-loopback,0,2,0,1,0,61.168,110.9,0,0,included_in_expand_p0,included_in_expand_p1,included_in_expand_p0,included_in_expand_p1,included_in_expand_p0,included_in_expand_p1,158.042,14.423,172.465,14.423,13.575000000000001,200.066,2,128,1024,64,65536,2,2,tcp_two_process_loopback; tcp_two_process;,4237992,87272,87272,4237992,4325264,4325264,0,included_in_split_input_bytes,included_in_split_input_bytes,included_in_pprf_bytes,included_in_pprf_bytes,80,8.249786376953125,65.998291015625,97.37634512020539,2.621805281712284,,,,,,,,,,,,,,,,,,,,,,,,,,,,,,,,
2026-07-23T09:01:54.423836+00:00,b33a10fa7851ba0c3a26bea531ffb004f00d9365,RM_VECTOR,INCLUDING_OT,2305843009213693951,61,64,128,2,16,65536,64,1024,8,2,0,OK,measured,PASS,tcp-loopback,0,2,0,1,0,62.675999999999995,109.11999999999999,0,0,included_in_expand_p0,included_in_expand_p1,included_in_expand_p0,included_in_expand_p1,included_in_expand_p0,included_in_expand_p1,156.226,13.882,170.108,13.882,12.956999999999999,198.635,2,128,1024,64,65536,2,2,tcp_two_process_loopback; tcp_two_process;,4237992,87272,87272,4237992,4325264,4325264,0,included_in_split_input_bytes,included_in_split_input_bytes,included_in_pprf_bytes,included_in_pprf_bytes,80,8.249786376953125,65.998291015625,97.37634512020539,2.621805281712284,,,,,,,,,,,,,,,,,,,,,,,,,,,,,,,,
2026-07-23T09:01:54.987140+00:00,b33a10fa7851ba0c3a26bea531ffb004f00d9365,RM_VECTOR,INCLUDING_OT,2305843009213693951,61,64,128,2,16,65536,64,1024,8,3,0,OK,measured,PASS,tcp-loopback,0,2,0,1,0,62.0,106.282,0,0,included_in_expand_p0,included_in_expand_p1,included_in_expand_p0,included_in_expand_p1,included_in_expand_p0,included_in_expand_p1,153.577,13.996,167.574,13.996,12.994,195.272,2,128,1024,64,65536,2,2,tcp_two_process_loopback; tcp_two_process;,4237992,87272,87272,4237992,4325264,4325264,0,included_in_split_input_bytes,included_in_split_input_bytes,included_in_pprf_bytes,included_in_pprf_bytes,80,8.249786376953125,65.998291015625,97.37634512020539,2.621805281712284,,,,,,,,,,,,,,,,,,,,,,,,,,,,,,,,
2026-07-23T09:01:55.547244+00:00,b33a10fa7851ba0c3a26bea531ffb004f00d9365,RM_VECTOR,INCLUDING_OT,2305843009213693951,61,64,128,2,16,65536,64,1024,8,4,0,OK,measured,PASS,tcp-loopback,0,2,0,1,0,60.824000000000005,107.30099999999999,0,0,included_in_expand_p0,included_in_expand_p1,included_in_expand_p0,included_in_expand_p1,included_in_expand_p0,included_in_expand_p1,154.391,13.96,168.35,13.96,12.975999999999999,195.061,2,128,1024,64,65536,2,2,tcp_two_process_loopback; tcp_two_process;,4237992,87272,87272,4237992,4325264,4325264,0,included_in_split_input_bytes,included_in_split_input_bytes,included_in_pprf_bytes,included_in_pprf_bytes,80,8.249786376953125,65.998291015625,97.37634512020539,2.621805281712284,,,,,,,,,,,,,,,,,,,,,,,,,,,,,,,,
2026-07-23T09:01:56.107382+00:00,b33a10fa7851ba0c3a26bea531ffb004f00d9365,RM_VECTOR,INCLUDING_OT,2305843009213693951,61,64,128,2,16,65536,64,1024,8,5,0,OK,measured,PASS,tcp-loopback,0,2,0,1,0,57.918,109.985,0,0,included_in_expand_p0,included_in_expand_p1,included_in_expand_p0,included_in_expand_p1,included_in_expand_p0,included_in_expand_p1,160.767,13.868,174.63500000000002,13.868,12.876999999999999,194.648,2,128,1024,64,65536,2,2,tcp_two_process_loopback; tcp_two_process;,4237992,87272,87272,4237992,4325264,4325264,0,included_in_split_input_bytes,included_in_split_input_bytes,included_in_pprf_bytes,included_in_pprf_bytes,80,8.249786376953125,65.998291015625,97.37634512020539,2.621805281712284,,,,,,,,,,,,,,,,,,,,,,,,,,,,,,,,
2026-07-23T09:01:56.675119+00:00,b33a10fa7851ba0c3a26bea531ffb004f00d9365,RM_VECTOR,INCLUDING_OT,2305843009213693951,61,64,128,2,16,65536,64,1024,8,6,0,OK,measured,PASS,tcp-loopback,0,2,0,1,0,64.539,111.904,0,0,included_in_expand_p0,included_in_expand_p1,included_in_expand_p0,included_in_expand_p1,included_in_expand_p0,included_in_expand_p1,158.92800000000003,13.790999999999999,172.71900000000002,13.790999999999999,13.203,203.43699999999998,2,128,1024,64,65536,2,2,tcp_two_process_loopback; tcp_two_process;,4237992,87272,87272,4237992,4325264,4325264,0,included_in_split_input_bytes,included_in_split_input_bytes,included_in_pprf_bytes,included_in_pprf_bytes,80,8.249786376953125,65.998291015625,97.37634512020539,2.621805281712284,,,,,,,,,,,,,,,,,,,,,,,,,,,,,,,,
2026-07-23T09:01:57.239018+00:00,b33a10fa7851ba0c3a26bea531ffb004f00d9365,RM_VECTOR,INCLUDING_OT,2305843009213693951,61,64,128,2,16,65536,64,1024,8,7,0,OK,measured,PASS,tcp-loopback,0,2,0,1,0,61.973,109.82300000000001,0,0,included_in_expand_p0,included_in_expand_p1,included_in_expand_p0,included_in_expand_p1,included_in_expand_p0,included_in_expand_p1,157.325,14.024,171.349,14.024,12.997,198.817,2,128,1024,64,65536,2,2,tcp_two_process_loopback; tcp_two_process;,4237992,87272,87272,4237992,4325264,4325264,0,included_in_split_input_bytes,included_in_split_input_bytes,included_in_pprf_bytes,included_in_pprf_bytes,80,8.249786376953125,65.998291015625,97.37634512020539,2.621805281712284,,,,,,,,,,,,,,,,,,,,,,,,,,,,,,,,
2026-07-23T09:01:57.803441+00:00,b33a10fa7851ba0c3a26bea531ffb004f00d9365,RM_VECTOR,INCLUDING_OT,2305843009213693951,61,64,128,2,16,65536,64,1024,8,8,0,OK,measured,PASS,tcp-loopback,0,2,0,1,0,61.629999999999995,110.491,0,0,included_in_expand_p0,included_in_expand_p1,included_in_expand_p0,included_in_expand_p1,included_in_expand_p0,included_in_expand_p1,157.785,13.853000000000002,171.638,13.853000000000002,13.094,199.06799999999998,2,128,1024,64,65536,2,2,tcp_two_process_loopback; tcp_two_process;,4237992,87272,87272,4237992,4325264,4325264,0,included_in_split_input_bytes,included_in_split_input_bytes,included_in_pprf_bytes,included_in_pprf_bytes,80,8.249786376953125,65.998291015625,97.37634512020539,2.621805281712284,,,,,,,,,,,,,,,,,,,,,,,,,,,,,,,,
2026-07-23T09:01:58.367136+00:00,b33a10fa7851ba0c3a26bea531ffb004f00d9365,RM_VECTOR,INCLUDING_OT,2305843009213693951,61,64,128,2,16,65536,64,1024,8,9,0,OK,measured,PASS,tcp-loopback,0,2,0,1,0,60.829,107.319,0,0,included_in_expand_p0,included_in_expand_p1,included_in_expand_p0,included_in_expand_p1,included_in_expand_p0,included_in_expand_p1,154.62,14.622,169.243,14.622,12.921999999999999,195.69199999999998,2,128,1024,64,65536,2,2,tcp_two_process_loopback; tcp_two_process;,4237992,87272,87272,4237992,4325264,4325264,0,included_in_split_input_bytes,included_in_split_input_bytes,included_in_pprf_bytes,included_in_pprf_bytes,80,8.249786376953125,65.998291015625,97.37634512020539,2.621805281712284,,,,,,,,,,,,,,,,,,,,,,,,,,,,,,,,
2026-07-23T09:01:58.927898+00:00,b33a10fa7851ba0c3a26bea531ffb004f00d9365,RM_COORD,INCLUDING_OT,2305843009213693951,61,64,128,2,16,65536,64,1024,8,-1,1,OK,measured,PASS,tcp-loopback,0,2,0,1,0,61.498999999999995,632.088,0,0,included_in_expand_p0,included_in_expand_p1,included_in_expand_p0,included_in_expand_p1,included_in_expand_p0,included_in_expand_p1,679.474,16.351999999999997,695.827,16.351999999999997,15.375,725.314,16,128,1024,64,65536,16,16,tcp_two_process_loopback; tcp_two_process;,4542632,346776,346776,4542632,4889408,4889408,0,included_in_split_input_bytes,included_in_split_input_bytes,included_in_pprf_bytes,included_in_pprf_bytes,80,9.3258056640625,74.6064453125,86.14098066678011,13.857383143317145,,,,,,,,,,,,,,,,,,,,,,,,,,,,,,,,
2026-07-23T09:02:00.015281+00:00,b33a10fa7851ba0c3a26bea531ffb004f00d9365,RM_COORD,INCLUDING_OT,2305843009213693951,61,64,128,2,16,65536,64,1024,8,0,0,OK,measured,PASS,tcp-loopback,0,2,0,1,0,62.217,630.8000000000001,0,0,included_in_expand_p0,included_in_expand_p1,included_in_expand_p0,included_in_expand_p1,included_in_expand_p0,included_in_expand_p1,678.057,16.224,694.2810000000001,16.224,15.279,724.5200000000001,16,128,1024,64,65536,16,16,tcp_two_process_loopback; tcp_two_process;,4542632,346776,346776,4542632,4889408,4889408,0,included_in_split_input_bytes,included_in_split_input_bytes,included_in_pprf_bytes,included_in_pprf_bytes,80,9.3258056640625,74.6064453125,86.14098066678011,13.857383143317145,,,,,,,,,,,,,,,,,,,,,,,,,,,,,,,,
2026-07-23T09:02:01.102805+00:00,b33a10fa7851ba0c3a26bea531ffb004f00d9365,RM_COORD,INCLUDING_OT,2305843009213693951,61,64,128,2,16,65536,64,1024,8,1,0,OK,measured,PASS,tcp-loopback,0,2,0,1,0,58.157000000000004,631.1980000000001,0,0,included_in_expand_p0,included_in_expand_p1,included_in_expand_p0,included_in_expand_p1,included_in_expand_p0,included_in_expand_p1,680.827,16.189,697.017,16.189,15.49,721.0340000000001,16,128,1024,64,65536,16,16,tcp_two_process_loopback; tcp_two_process;,4542632,346776,346776,4542632,4889408,4889408,0,included_in_split_input_bytes,included_in_split_input_bytes,included_in_pprf_bytes,included_in_pprf_bytes,80,9.3258056640625,74.6064453125,86.14098066678011,13.857383143317145,,,,,,,,,,,,,,,,,,,,,,,,,,,,,,,,
2026-07-23T09:02:02.190742+00:00,b33a10fa7851ba0c3a26bea531ffb004f00d9365,RM_COORD,INCLUDING_OT,2305843009213693951,61,64,128,2,16,65536,64,1024,8,2,0,OK,measured,PASS,tcp-loopback,0,2,0,1,0,64.408,633.368,0,0,included_in_expand_p0,included_in_expand_p1,included_in_expand_p0,included_in_expand_p1,included_in_expand_p0,included_in_expand_p1,680.5649999999999,16.143,696.708,16.143,15.206000000000001,729.1250000000001,16,128,1024,64,65536,16,16,tcp_two_process_loopback; tcp_two_process;,4542632,346776,346776,4542632,4889408,4889408,0,included_in_split_input_bytes,included_in_split_input_bytes,included_in_pprf_bytes,included_in_pprf_bytes,80,9.3258056640625,74.6064453125,86.14098066678011,13.857383143317145,,,,,,,,,,,,,,,,,,,,,,,,,,,,,,,,
2026-07-23T09:02:03.278797+00:00,b33a10fa7851ba0c3a26bea531ffb004f00d9365,RM_COORD,INCLUDING_OT,2305843009213693951,61,64,128,2,16,65536,64,1024,8,3,0,OK,measured,PASS,tcp-loopback,0,2,0,1,0,57.800999999999995,635.2710000000001,0,0,included_in_expand_p0,included_in_expand_p1,included_in_expand_p0,included_in_expand_p1,included_in_expand_p0,included_in_expand_p1,683.596,16.094,699.69,16.094,15.267,724.4330000000002,16,128,1024,64,65536,16,16,tcp_two_process_loopback; tcp_two_process;,4542632,346776,346776,4542632,4889408,4889408,0,included_in_split_input_bytes,included_in_split_input_bytes,included_in_pprf_bytes,included_in_pprf_bytes,80,9.3258056640625,74.6064453125,86.14098066678011,13.857383143317145,,,,,,,,,,,,,,,,,,,,,,,,,,,,,,,,
2026-07-23T09:02:04.370659+00:00,b33a10fa7851ba0c3a26bea531ffb004f00d9365,RM_COORD,INCLUDING_OT,2305843009213693951,61,64,128,2,16,65536,64,1024,8,4,0,OK,measured,PASS,tcp-loopback,0,2,0,1,0,63.877,629.725,0,0,included_in_expand_p0,included_in_expand_p1,included_in_expand_p0,included_in_expand_p1,included_in_expand_p0,included_in_expand_p1,676.782,16.019,692.801,16.019,15.442,725.063,16,128,1024,64,65536,16,16,tcp_two_process_loopback; tcp_two_process;,4542632,346776,346776,4542632,4889408,4889408,0,included_in_split_input_bytes,included_in_split_input_bytes,included_in_pprf_bytes,included_in_pprf_bytes,80,9.3258056640625,74.6064453125,86.14098066678011,13.857383143317145,,,,,,,,,,,,,,,,,,,,,,,,,,,,,,,,
2026-07-23T09:02:05.455957+00:00,b33a10fa7851ba0c3a26bea531ffb004f00d9365,RM_COORD,INCLUDING_OT,2305843009213693951,61,64,128,2,16,65536,64,1024,8,5,0,OK,measured,PASS,tcp-loopback,0,2,0,1,0,62.019,635.382,0,0,included_in_expand_p0,included_in_expand_p1,included_in_expand_p0,included_in_expand_p1,included_in_expand_p0,included_in_expand_p1,682.566,16.209,698.7750000000001,16.209,15.453,729.0629999999999,16,128,1024,64,65536,16,16,tcp_two_process_loopback; tcp_two_process;,4542632,346776,346776,4542632,4889408,4889408,0,included_in_split_input_bytes,included_in_split_input_bytes,included_in_pprf_bytes,included_in_pprf_bytes,80,9.3258056640625,74.6064453125,86.14098066678011,13.857383143317145,,,,,,,,,,,,,,,,,,,,,,,,,,,,,,,,
2026-07-23T09:02:06.546935+00:00,b33a10fa7851ba0c3a26bea531ffb004f00d9365,RM_COORD,INCLUDING_OT,2305843009213693951,61,64,128,2,16,65536,64,1024,8,6,0,OK,measured,PASS,tcp-loopback,0,2,0,1,0,61.636,631.2769999999999,0,0,included_in_expand_p0,included_in_expand_p1,included_in_expand_p0,included_in_expand_p1,included_in_expand_p0,included_in_expand_p1,678.4350000000001,16.357,694.7919999999999,16.357,15.401,724.6709999999998,16,128,1024,64,65536,16,16,tcp_two_process_loopback; tcp_two_process;,4542632,346776,346776,4542632,4889408,4889408,0,included_in_split_input_bytes,included_in_split_input_bytes,included_in_pprf_bytes,included_in_pprf_bytes,80,9.3258056640625,74.6064453125,86.14098066678011,13.857383143317145,,,,,,,,,,,,,,,,,,,,,,,,,,,,,,,,
2026-07-23T09:02:07.635030+00:00,b33a10fa7851ba0c3a26bea531ffb004f00d9365,RM_COORD,INCLUDING_OT,2305843009213693951,61,64,128,2,16,65536,64,1024,8,7,0,OK,measured,PASS,tcp-loopback,0,2,0,1,0,62.118,634.8000000000001,0,0,included_in_expand_p0,included_in_expand_p1,included_in_expand_p0,included_in_expand_p1,included_in_expand_p0,included_in_expand_p1,682.06,16.208,698.268,16.208,15.331,728.4570000000001,16,128,1024,64,65536,16,16,tcp_two_process_loopback; tcp_two_process;,4542632,346776,346776,4542632,4889408,4889408,0,included_in_split_input_bytes,included_in_split_input_bytes,included_in_pprf_bytes,included_in_pprf_bytes,80,9.3258056640625,74.6064453125,86.14098066678011,13.857383143317145,,,,,,,,,,,,,,,,,,,,,,,,,,,,,,,,
2026-07-23T09:02:08.726943+00:00,b33a10fa7851ba0c3a26bea531ffb004f00d9365,RM_COORD,INCLUDING_OT,2305843009213693951,61,64,128,2,16,65536,64,1024,8,8,0,OK,measured,PASS,tcp-loopback,0,2,0,1,0,61.475,635.5269999999999,0,0,included_in_expand_p0,included_in_expand_p1,included_in_expand_p0,included_in_expand_p1,included_in_expand_p0,included_in_expand_p1,682.747,16.236,698.9830000000001,16.236,15.357000000000001,728.5949999999999,16,128,1024,64,65536,16,16,tcp_two_process_loopback; tcp_two_process;,4542632,346776,346776,4542632,4889408,4889408,0,included_in_split_input_bytes,included_in_split_input_bytes,included_in_pprf_bytes,included_in_pprf_bytes,80,9.3258056640625,74.6064453125,86.14098066678011,13.857383143317145,,,,,,,,,,,,,,,,,,,,,,,,,,,,,,,,
2026-07-23T09:02:09.819059+00:00,b33a10fa7851ba0c3a26bea531ffb004f00d9365,RM_COORD,INCLUDING_OT,2305843009213693951,61,64,128,2,16,65536,64,1024,8,9,0,OK,measured,PASS,tcp-loopback,0,2,0,1,0,60.736,632.454,0,0,included_in_expand_p0,included_in_expand_p1,included_in_expand_p0,included_in_expand_p1,included_in_expand_p0,included_in_expand_p1,679.557,15.953999999999999,695.511,15.953999999999999,15.28,724.4239999999999,16,128,1024,64,65536,16,16,tcp_two_process_loopback; tcp_two_process;,4542632,346776,346776,4542632,4889408,4889408,0,included_in_split_input_bytes,included_in_split_input_bytes,included_in_pprf_bytes,included_in_pprf_bytes,80,9.3258056640625,74.6064453125,86.14098066678011,13.857383143317145,,,,,,,,,,,,,,,,,,,,,,,,,,,,,,,,
2026-07-23T09:02:10.906675+00:00,b33a10fa7851ba0c3a26bea531ffb004f00d9365,RM_VECTOR,INCLUDING_OT,2305843009213693951,61,64,128,2,16,65536,64,1024,16,-1,1,OK,measured,PASS,tcp-loopback,0,2,0,1,0,170.839,150.345,0,0,included_in_expand_p0,included_in_expand_p1,included_in_expand_p0,included_in_expand_p1,included_in_expand_p0,included_in_expand_p1,275.099,26.749,301.849,26.749,26.549,374.48199999999997,2,128,1024,64,65536,2,2,tcp_two_process_loopback; tcp_two_process;,16820968,137448,137448,16820968,16958416,16958416,0,included_in_split_input_bytes,included_in_split_input_bytes,included_in_pprf_bytes,included_in_pprf_bytes,144,16.172805786132812,129.3824462890625,99.13723074136169,0.8619201227284435,,,,,,,,,,,,,,,,,,,,,,,,,,,,,,,,
2026-07-23T09:02:11.623441+00:00,b33a10fa7851ba0c3a26bea531ffb004f00d9365,RM_VECTOR,INCLUDING_OT,2305843009213693951,61,64,128,2,16,65536,64,1024,16,0,0,OK,measured,PASS,tcp-loopback,0,2,0,1,0,172.995,151.745,0,0,included_in_expand_p0,included_in_expand_p1,included_in_expand_p0,included_in_expand_p1,included_in_expand_p0,included_in_expand_p1,277.034,26.669,303.703,26.669,25.756,377.16499999999996,2,128,1024,64,65536,2,2,tcp_two_process_loopback; tcp_two_process;,16820968,137448,137448,16820968,16958416,16958416,0,included_in_split_input_bytes,included_in_split_input_bytes,included_in_pprf_bytes,included_in_pprf_bytes,144,16.172805786132812,129.3824462890625,99.13723074136169,0.8619201227284435,,,,,,,,,,,,,,,,,,,,,,,,,,,,,,,,
2026-07-23T09:02:12.343113+00:00,b33a10fa7851ba0c3a26bea531ffb004f00d9365,RM_VECTOR,INCLUDING_OT,2305843009213693951,61,64,128,2,16,65536,64,1024,16,1,0,OK,measured,PASS,tcp-loopback,0,2,0,1,0,172.08,152.786,0,0,included_in_expand_p0,included_in_expand_p1,included_in_expand_p0,included_in_expand_p1,included_in_expand_p0,included_in_expand_p1,277.412,26.955,304.36600000000004,26.955,25.761,377.582,2,128,1024,64,65536,2,2,tcp_two_process_loopback; tcp_two_process;,16820968,137448,137448,16820968,16958416,16958416,0,included_in_split_input_bytes,included_in_split_input_bytes,included_in_pprf_bytes,included_in_pprf_bytes,144,16.172805786132812,129.3824462890625,99.13723074136169,0.8619201227284435,,,,,,,,,,,,,,,,,,,,,,,,,,,,,,,,
2026-07-23T09:02:13.064067+00:00,b33a10fa7851ba0c3a26bea531ffb004f00d9365,RM_VECTOR,INCLUDING_OT,2305843009213693951,61,64,128,2,16,65536,64,1024,16,2,0,OK,measured,PASS,tcp-loopback,0,2,0,1,0,172.75199999999998,151.797,0,0,included_in_expand_p0,included_in_expand_p1,included_in_expand_p0,included_in_expand_p1,included_in_expand_p0,included_in_expand_p1,277.571,26.689999999999998,304.261,26.689999999999998,25.775,377.01399999999995,2,128,1024,64,65536,2,2,tcp_two_process_loopback; tcp_two_process;,16820968,137448,137448,16820968,16958416,16958416,0,included_in_split_input_bytes,included_in_split_input_bytes,included_in_pprf_bytes,included_in_pprf_bytes,144,16.172805786132812,129.3824462890625,99.13723074136169,0.8619201227284435,,,,,,,,,,,,,,,,,,,,,,,,,,,,,,,,
2026-07-23T09:02:13.783093+00:00,b33a10fa7851ba0c3a26bea531ffb004f00d9365,RM_VECTOR,INCLUDING_OT,2305843009213693951,61,64,128,2,16,65536,64,1024,16,3,0,OK,measured,PASS,tcp-loopback,0,2,0,1,0,170.815,146.132,0,0,included_in_expand_p0,included_in_expand_p1,included_in_expand_p0,included_in_expand_p1,included_in_expand_p0,included_in_expand_p1,272.57,26.610000000000003,298.207,26.610000000000003,25.637,369.194,2,128,1024,64,65536,2,2,tcp_two_process_loopback; tcp_two_process;,16820968,137448,137448,16820968,16958416,16958416,0,included_in_split_input_bytes,included_in_split_input_bytes,included_in_pprf_bytes,included_in_pprf_bytes,144,16.172805786132812,129.3824462890625,99.13723074136169,0.8619201227284435,,,,,,,,,,,,,,,,,,,,,,,,,,,,,,,,
2026-07-23T09:02:14.495395+00:00,b33a10fa7851ba0c3a26bea531ffb004f00d9365,RM_VECTOR,INCLUDING_OT,2305843009213693951,61,64,128,2,16,65536,64,1024,16,4,0,OK,measured,PASS,tcp-loopback,0,2,0,1,0,171.73,149.31900000000002,0,0,included_in_expand_p0,included_in_expand_p1,included_in_expand_p0,included_in_expand_p1,included_in_expand_p0,included_in_expand_p1,274.032,26.895,300.927,26.895,26.018,373.962,2,128,1024,64,65536,2,2,tcp_two_process_loopback; tcp_two_process;,16820968,137448,137448,16820968,16958416,16958416,0,included_in_split_input_bytes,included_in_split_input_bytes,included_in_pprf_bytes,included_in_pprf_bytes,144,16.172805786132812,129.3824462890625,99.13723074136169,0.8619201227284435,,,,,,,,,,,,,,,,,,,,,,,,,,,,,,,,
2026-07-23T09:02:15.211663+00:00,b33a10fa7851ba0c3a26bea531ffb004f00d9365,RM_VECTOR,INCLUDING_OT,2305843009213693951,61,64,128,2,16,65536,64,1024,16,5,0,OK,measured,PASS,tcp-loopback,0,2,0,1,0,168.076,149.19,0,0,included_in_expand_p0,included_in_expand_p1,included_in_expand_p0,included_in_expand_p1,included_in_expand_p0,included_in_expand_p1,277.855,26.671,304.526,26.671,25.657,369.59399999999994,2,128,1024,64,65536,2,2,tcp_two_process_loopback; tcp_two_process;,16820968,137448,137448,16820968,16958416,16958416,0,included_in_split_input_bytes,included_in_split_input_bytes,included_in_pprf_bytes,included_in_pprf_bytes,144,16.172805786132812,129.3824462890625,99.13723074136169,0.8619201227284435,,,,,,,,,,,,,,,,,,,,,,,,,,,,,,,,
2026-07-23T09:02:15.931073+00:00,b33a10fa7851ba0c3a26bea531ffb004f00d9365,RM_VECTOR,INCLUDING_OT,2305843009213693951,61,64,128,2,16,65536,64,1024,16,6,0,OK,measured,PASS,tcp-loopback,0,2,0,1,0,171.769,149.406,0,0,included_in_expand_p0,included_in_expand_p1,included_in_expand_p0,included_in_expand_p1,included_in_expand_p0,included_in_expand_p1,274.413,26.792,301.205,26.792,25.675,373.642,2,128,1024,64,65536,2,2,tcp_two_process_loopback; tcp_two_process;,16820968,137448,137448,16820968,16958416,16958416,0,included_in_split_input_bytes,included_in_split_input_bytes,included_in_pprf_bytes,included_in_pprf_bytes,144,16.172805786132812,129.3824462890625,99.13723074136169,0.8619201227284435,,,,,,,,,,,,,,,,,,,,,,,,,,,,,,,,
2026-07-23T09:02:16.647242+00:00,b33a10fa7851ba0c3a26bea531ffb004f00d9365,RM_VECTOR,INCLUDING_OT,2305843009213693951,61,64,128,2,16,65536,64,1024,16,7,0,OK,measured,PASS,tcp-loopback,0,2,0,1,0,172.37800000000001,152.386,0,0,included_in_expand_p0,included_in_expand_p1,included_in_expand_p0,included_in_expand_p1,included_in_expand_p0,included_in_expand_p1,278.00399999999996,26.761,304.765,26.761,25.881,377.40600000000006,2,128,1024,64,65536,2,2,tcp_two_process_loopback; tcp_two_process;,16820968,137448,137448,16820968,16958416,16958416,0,included_in_split_input_bytes,included_in_split_input_bytes,included_in_pprf_bytes,included_in_pprf_bytes,144,16.172805786132812,129.3824462890625,99.13723074136169,0.8619201227284435,,,,,,,,,,,,,,,,,,,,,,,,,,,,,,,,
2026-07-23T09:02:17.367277+00:00,b33a10fa7851ba0c3a26bea531ffb004f00d9365,RM_VECTOR,INCLUDING_OT,2305843009213693951,61,64,128,2,16,65536,64,1024,16,8,0,OK,measured,PASS,tcp-loopback,0,2,0,1,0,171.557,149.317,0,0,included_in_expand_p0,included_in_expand_p1,included_in_expand_p0,included_in_expand_p1,included_in_expand_p0,included_in_expand_p1,273.453,26.671,300.124,26.671,25.7,373.245,2,128,1024,64,65536,2,2,tcp_two_process_loopback; tcp_two_process;,16820968,137448,137448,16820968,16958416,16958416,0,included_in_split_input_bytes,included_in_split_input_bytes,included_in_pprf_bytes,included_in_pprf_bytes,144,16.172805786132812,129.3824462890625,99.13723074136169,0.8619201227284435,,,,,,,,,,,,,,,,,,,,,,,,,,,,,,,,
2026-07-23T09:02:18.083099+00:00,b33a10fa7851ba0c3a26bea531ffb004f00d9365,RM_VECTOR,INCLUDING_OT,2305843009213693951,61,64,128,2,16,65536,64,1024,16,9,0,OK,measured,PASS,tcp-loopback,0,2,0,1,0,170.41400000000002,150.26500000000001,0,0,included_in_expand_p0,included_in_expand_p1,included_in_expand_p0,included_in_expand_p1,included_in_expand_p0,included_in_expand_p1,274.297,26.789,301.086,26.789,25.756,373.22400000000005,2,128,1024,64,65536,2,2,tcp_two_process_loopback; tcp_two_process;,16820968,137448,137448,16820968,16958416,16958416,0,included_in_split_input_bytes,included_in_split_input_bytes,included_in_pprf_bytes,included_in_pprf_bytes,144,16.172805786132812,129.3824462890625,99.13723074136169,0.8619201227284435,,,,,,,,,,,,,,,,,,,,,,,,,,,,,,,,
2026-07-23T09:02:18.799843+00:00,b33a10fa7851ba0c3a26bea531ffb004f00d9365,RM_COORD,INCLUDING_OT,2305843009213693951,61,64,128,2,16,65536,64,1024,16,-1,1,OK,measured,PASS,tcp-loopback,0,2,0,1,0,172.713,1276.4489999999998,0,0,included_in_expand_p0,included_in_expand_p1,included_in_expand_p0,included_in_expand_p1,included_in_expand_p0,included_in_expand_p1,1401.361,31.066,1432.427,31.066,30.523000000000003,1510.7509999999997,32,128,1024,64,65536,32,32,tcp_two_process_loopback; tcp_two_process;,17473768,693528,693528,17473768,18167296,18167296,0,included_in_split_input_bytes,included_in_split_input_bytes,included_in_pprf_bytes,included_in_pprf_bytes,144,17.32568359375,138.60546875,92.54048593692754,7.458721429980554,,,,,,,,,,,,,,,,,,,,,,,,,,,,,,,,
2026-07-23T09:02:20.644142+00:00,b33a10fa7851ba0c3a26bea531ffb004f00d9365,RM_COORD,INCLUDING_OT,2305843009213693951,61,64,128,2,16,65536,64,1024,16,0,0,OK,measured,PASS,tcp-loopback,0,2,0,1,0,171.96900000000002,1273.3319999999999,0,0,included_in_expand_p0,included_in_expand_p1,included_in_expand_p0,included_in_expand_p1,included_in_expand_p0,included_in_expand_p1,1397.268,31.931,1429.199,31.931,30.699,1507.931,32,128,1024,64,65536,32,32,tcp_two_process_loopback; tcp_two_process;,17473768,693528,693528,17473768,18167296,18167296,0,included_in_split_input_bytes,included_in_split_input_bytes,included_in_pprf_bytes,included_in_pprf_bytes,144,17.32568359375,138.60546875,92.54048593692754,7.458721429980554,,,,,,,,,,,,,,,,,,,,,,,,,,,,,,,,
2026-07-23T09:02:22.484958+00:00,b33a10fa7851ba0c3a26bea531ffb004f00d9365,RM_COORD,INCLUDING_OT,2305843009213693951,61,64,128,2,16,65536,64,1024,16,1,0,OK,measured,PASS,tcp-loopback,0,2,0,1,0,173.30100000000002,1271.414,0,0,included_in_expand_p0,included_in_expand_p1,included_in_expand_p0,included_in_expand_p1,included_in_expand_p0,included_in_expand_p1,1396.9389999999999,31.164,1427.645,31.164,30.349999999999998,1506.2289999999998,32,128,1024,64,65536,32,32,tcp_two_process_loopback; tcp_two_process;,17473768,693528,693528,17473768,18167296,18167296,0,included_in_split_input_bytes,included_in_split_input_bytes,included_in_pprf_bytes,included_in_pprf_bytes,144,17.32568359375,138.60546875,92.54048593692754,7.458721429980554,,,,,,,,,,,,,,,,,,,,,,,,,,,,,,,,
2026-07-23T09:02:24.323906+00:00,b33a10fa7851ba0c3a26bea531ffb004f00d9365,RM_COORD,INCLUDING_OT,2305843009213693951,61,64,128,2,16,65536,64,1024,16,2,0,OK,measured,PASS,tcp-loopback,0,2,0,1,0,169.434,1275.535,0,0,included_in_expand_p0,included_in_expand_p1,included_in_expand_p0,included_in_expand_p1,included_in_expand_p0,included_in_expand_p1,1399.37,31.033,1430.403,31.033,30.411,1506.413,32,128,1024,64,65536,32,32,tcp_two_process_loopback; tcp_two_process;,17473768,693528,693528,17473768,18167296,18167296,0,included_in_split_input_bytes,included_in_split_input_bytes,included_in_pprf_bytes,included_in_pprf_bytes,144,17.32568359375,138.60546875,92.54048593692754,7.458721429980554,,,,,,,,,,,,,,,,,,,,,,,,,,,,,,,,
2026-07-23T09:02:26.163759+00:00,b33a10fa7851ba0c3a26bea531ffb004f00d9365,RM_COORD,INCLUDING_OT,2305843009213693951,61,64,128,2,16,65536,64,1024,16,3,0,OK,measured,PASS,tcp-loopback,0,2,0,1,0,171.785,1277.418,0,0,included_in_expand_p0,included_in_expand_p1,included_in_expand_p0,included_in_expand_p1,included_in_expand_p0,included_in_expand_p1,1402.066,30.983,1433.049,30.983,30.523999999999997,1510.7099999999998,32,128,1024,64,65536,32,32,tcp_two_process_loopback; tcp_two_process;,17473768,693528,693528,17473768,18167296,18167296,0,included_in_split_input_bytes,included_in_split_input_bytes,included_in_pprf_bytes,included_in_pprf_bytes,144,17.32568359375,138.60546875,92.54048593692754,7.458721429980554,,,,,,,,,,,,,,,,,,,,,,,,,,,,,,,,
2026-07-23T09:02:28.007759+00:00,b33a10fa7851ba0c3a26bea531ffb004f00d9365,RM_COORD,INCLUDING_OT,2305843009213693951,61,64,128,2,16,65536,64,1024,16,4,0,OK,measured,PASS,tcp-loopback,0,2,0,1,0,171.977,1269.0790000000002,0,0,included_in_expand_p0,included_in_expand_p1,included_in_expand_p0,included_in_expand_p1,included_in_expand_p0,included_in_expand_p1,1396.517,31.069,1426.922,31.069,30.406,1502.5310000000002,32,128,1024,64,65536,32,32,tcp_two_process_loopback; tcp_two_process;,17473768,693528,693528,17473768,18167296,18167296,0,included_in_split_input_bytes,included_in_split_input_bytes,included_in_pprf_bytes,included_in_pprf_bytes,144,17.32568359375,138.60546875,92.54048593692754,7.458721429980554,,,,,,,,,,,,,,,,,,,,,,,,,,,,,,,,
2026-07-23T09:02:29.843795+00:00,b33a10fa7851ba0c3a26bea531ffb004f00d9365,RM_COORD,INCLUDING_OT,2305843009213693951,61,64,128,2,16,65536,64,1024,16,5,0,OK,measured,PASS,tcp-loopback,0,2,0,1,0,171.816,1269.154,0,0,included_in_expand_p0,included_in_expand_p1,included_in_expand_p0,included_in_expand_p1,included_in_expand_p0,included_in_expand_p1,1396.356,31.171,1426.8529999999998,31.171,30.497,1502.6380000000001,32,128,1024,64,65536,32,32,tcp_two_process_loopback; tcp_two_process;,17473768,693528,693528,17473768,18167296,18167296,0,included_in_split_input_bytes,included_in_split_input_bytes,included_in_pprf_bytes,included_in_pprf_bytes,144,17.32568359375,138.60546875,92.54048593692754,7.458721429980554,,,,,,,,,,,,,,,,,,,,,,,,,,,,,,,,
2026-07-23T09:02:31.680243+00:00,b33a10fa7851ba0c3a26bea531ffb004f00d9365,RM_COORD,INCLUDING_OT,2305843009213693951,61,64,128,2,16,65536,64,1024,16,6,0,OK,measured,PASS,tcp-loopback,0,2,0,1,0,172.321,1272.335,0,0,included_in_expand_p0,included_in_expand_p1,included_in_expand_p0,included_in_expand_p1,included_in_expand_p0,included_in_expand_p1,1397.904,31.465,1428.507,31.465,30.603,1506.724,32,128,1024,64,65536,32,32,tcp_two_process_loopback; tcp_two_process;,17473768,693528,693528,17473768,18167296,18167296,0,included_in_split_input_bytes,included_in_split_input_bytes,included_in_pprf_bytes,included_in_pprf_bytes,144,17.32568359375,138.60546875,92.54048593692754,7.458721429980554,,,,,,,,,,,,,,,,,,,,,,,,,,,,,,,,
2026-07-23T09:02:33.520319+00:00,b33a10fa7851ba0c3a26bea531ffb004f00d9365,RM_COORD,INCLUDING_OT,2305843009213693951,61,64,128,2,16,65536,64,1024,16,7,0,OK,measured,PASS,tcp-loopback,0,2,0,1,0,172.611,1275.5590000000002,0,0,included_in_expand_p0,included_in_expand_p1,included_in_expand_p0,included_in_expand_p1,included_in_expand_p0,included_in_expand_p1,1399.932,31.128,1431.06,31.128,30.657,1509.955,32,128,1024,64,65536,32,32,tcp_two_process_loopback; tcp_two_process;,17473768,693528,693528,17473768,18167296,18167296,0,included_in_split_input_bytes,included_in_split_input_bytes,included_in_pprf_bytes,included_in_pprf_bytes,144,17.32568359375,138.60546875,92.54048593692754,7.458721429980554,,,,,,,,,,,,,,,,,,,,,,,,,,,,,,,,
2026-07-23T09:02:35.363928+00:00,b33a10fa7851ba0c3a26bea531ffb004f00d9365,RM_COORD,INCLUDING_OT,2305843009213693951,61,64,128,2,16,65536,64,1024,16,8,0,OK,measured,PASS,tcp-loopback,0,2,0,1,0,170.463,1274.508,0,0,included_in_expand_p0,included_in_expand_p1,included_in_expand_p0,included_in_expand_p1,included_in_expand_p0,included_in_expand_p1,1398.5369999999998,31.051,1429.5880000000002,31.051,30.462,1506.484,32,128,1024,64,65536,32,32,tcp_two_process_loopback; tcp_two_process;,17473768,693528,693528,17473768,18167296,18167296,0,included_in_split_input_bytes,included_in_split_input_bytes,included_in_pprf_bytes,included_in_pprf_bytes,144,17.32568359375,138.60546875,92.54048593692754,7.458721429980554,,,,,,,,,,,,,,,,,,,,,,,,,,,,,,,,
2026-07-23T09:02:37.203770+00:00,b33a10fa7851ba0c3a26bea531ffb004f00d9365,RM_COORD,INCLUDING_OT,2305843009213693951,61,64,128,2,16,65536,64,1024,16,9,0,OK,measured,PASS,tcp-loopback,0,2,0,1,0,170.806,1274.414,0,0,included_in_expand_p0,included_in_expand_p1,included_in_expand_p0,included_in_expand_p1,included_in_expand_p0,included_in_expand_p1,1398.536,31.067,1429.603,31.067,30.375,1506.662,32,128,1024,64,65536,32,32,tcp_two_process_loopback; tcp_two_process;,17473768,693528,693528,17473768,18167296,18167296,0,included_in_split_input_bytes,included_in_split_input_bytes,included_in_pprf_bytes,included_in_pprf_bytes,144,17.32568359375,138.60546875,92.54048593692754,7.458721429980554,,,,,,,,,,,,,,,,,,,,,,,,,,,,,,,,
2026-07-23T09:02:39.043829+00:00,b33a10fa7851ba0c3a26bea531ffb004f00d9365,RM_VECTOR,INCLUDING_OT,2305843009213693951,61,64,128,2,16,65536,64,1024,32,-1,1,OK,measured,PASS,tcp-loopback,0,2,0,1,0,424.605,233.55100000000002,0,0,included_in_expand_p0,included_in_expand_p1,included_in_expand_p0,included_in_expand_p1,included_in_expand_p0,included_in_expand_p1,553.845,52.738,605.835,52.738,51.991,762.885,2,128,1024,64,65536,2,2,tcp_two_process_loopback; tcp_two_process;,67152744,237800,237800,67152744,67390544,67390544,0,included_in_split_input_bytes,included_in_split_input_bytes,included_in_pprf_bytes,included_in_pprf_bytes,272,32.134315490722656,257.07452392578125,99.6854514188222,0.31414496372072614,,,,,,,,,,,,,,,,,,,,,,,,,,,,,,,,
2026-07-23T09:02:40.096426+00:00,b33a10fa7851ba0c3a26bea531ffb004f00d9365,RM_VECTOR,INCLUDING_OT,2305843009213693951,61,64,128,2,16,65536,64,1024,32,0,0,OK,measured,PASS,tcp-loopback,0,2,0,1,0,424.70799999999997,232.858,0,0,included_in_expand_p0,included_in_expand_p1,included_in_expand_p0,included_in_expand_p1,included_in_expand_p0,included_in_expand_p1,553.732,52.839999999999996,605.692,52.839999999999996,51.958999999999996,762.365,2,128,1024,64,65536,2,2,tcp_two_process_loopback; tcp_two_process;,67152744,237800,237800,67152744,67390544,67390544,0,included_in_split_input_bytes,included_in_split_input_bytes,included_in_pprf_bytes,included_in_pprf_bytes,272,32.134315490722656,257.07452392578125,99.6854514188222,0.31414496372072614,,,,,,,,,,,,,,,,,,,,,,,,,,,,,,,,
2026-07-23T09:02:41.148416+00:00,b33a10fa7851ba0c3a26bea531ffb004f00d9365,RM_VECTOR,INCLUDING_OT,2305843009213693951,61,64,128,2,16,65536,64,1024,32,1,0,OK,measured,PASS,tcp-loopback,0,2,0,1,0,420.427,229.814,0,0,included_in_expand_p0,included_in_expand_p1,included_in_expand_p0,included_in_expand_p1,included_in_expand_p0,included_in_expand_p1,546.809,53.063,599.191,53.063,52.382,755.6859999999999,2,128,1024,64,65536,2,2,tcp_two_process_loopback; tcp_two_process;,67152744,237800,237800,67152744,67390544,67390544,0,included_in_split_input_bytes,included_in_split_input_bytes,included_in_pprf_bytes,included_in_pprf_bytes,272,32.134315490722656,257.07452392578125,99.6854514188222,0.31414496372072614,,,,,,,,,,,,,,,,,,,,,,,,,,,,,,,,
2026-07-23T09:02:42.196626+00:00,b33a10fa7851ba0c3a26bea531ffb004f00d9365,RM_VECTOR,INCLUDING_OT,2305843009213693951,61,64,128,2,16,65536,64,1024,32,2,0,OK,measured,PASS,tcp-loopback,0,2,0,1,0,426.418,232.23,0,0,included_in_expand_p0,included_in_expand_p1,included_in_expand_p0,included_in_expand_p1,included_in_expand_p0,included_in_expand_p1,555.212,53.662,607.842,53.662,52.63,764.94,2,128,1024,64,65536,2,2,tcp_two_process_loopback; tcp_two_process;,67152744,237800,237800,67152744,67390544,67390544,0,included_in_split_input_bytes,included_in_split_input_bytes,included_in_pprf_bytes,included_in_pprf_bytes,272,32.134315490722656,257.07452392578125,99.6854514188222,0.31414496372072614,,,,,,,,,,,,,,,,,,,,,,,,,,,,,,,,
2026-07-23T09:02:43.249699+00:00,b33a10fa7851ba0c3a26bea531ffb004f00d9365,RM_VECTOR,INCLUDING_OT,2305843009213693951,61,64,128,2,16,65536,64,1024,32,3,0,OK,measured,PASS,tcp-loopback,0,2,0,1,0,428.318,230.13500000000002,0,0,included_in_expand_p0,included_in_expand_p1,included_in_expand_p0,included_in_expand_p1,included_in_expand_p0,included_in_expand_p1,554.387,52.975,606.4699999999999,52.975,52.083,763.511,2,128,1024,64,65536,2,2,tcp_two_process_loopback; tcp_two_process;,67152744,237800,237800,67152744,67390544,67390544,0,included_in_split_input_bytes,included_in_split_input_bytes,included_in_pprf_bytes,included_in_pprf_bytes,272,32.134315490722656,257.07452392578125,99.6854514188222,0.31414496372072614,,,,,,,,,,,,,,,,,,,,,,,,,,,,,,,,
2026-07-23T09:02:44.300624+00:00,b33a10fa7851ba0c3a26bea531ffb004f00d9365,RM_VECTOR,INCLUDING_OT,2305843009213693951,61,64,128,2,16,65536,64,1024,32,4,0,OK,measured,PASS,tcp-loopback,0,2,0,1,0,425.008,237.4,0,0,included_in_expand_p0,included_in_expand_p1,included_in_expand_p0,included_in_expand_p1,included_in_expand_p0,included_in_expand_p1,558.698,53.384,611.125,53.384,52.427,768.219,2,128,1024,64,65536,2,2,tcp_two_process_loopback; tcp_two_process;,67152744,237800,237800,67152744,67390544,67390544,0,included_in_split_input_bytes,included_in_split_input_bytes,included_in_pprf_bytes,included_in_pprf_bytes,272,32.134315490722656,257.07452392578125,99.6854514188222,0.31414496372072614,,,,,,,,,,,,,,,,,,,,,,,,,,,,,,,,
2026-07-23T09:02:45.357174+00:00,b33a10fa7851ba0c3a26bea531ffb004f00d9365,RM_VECTOR,INCLUDING_OT,2305843009213693951,61,64,128,2,16,65536,64,1024,32,5,0,OK,measured,PASS,tcp-loopback,0,2,0,1,0,420.237,230.214,0,0,included_in_expand_p0,included_in_expand_p1,included_in_expand_p0,included_in_expand_p1,included_in_expand_p0,included_in_expand_p1,546.2869999999999,53.448,598.622,53.448,52.335,756.234,2,128,1024,64,65536,2,2,tcp_two_process_loopback; tcp_two_process;,67152744,237800,237800,67152744,67390544,67390544,0,included_in_split_input_bytes,included_in_split_input_bytes,included_in_pprf_bytes,included_in_pprf_bytes,272,32.134315490722656,257.07452392578125,99.6854514188222,0.31414496372072614,,,,,,,,,,,,,,,,,,,,,,,,,,,,,,,,
2026-07-23T09:02:46.409228+00:00,b33a10fa7851ba0c3a26bea531ffb004f00d9365,RM_VECTOR,INCLUDING_OT,2305843009213693951,61,64,128,2,16,65536,64,1024,32,6,0,OK,measured,PASS,tcp-loopback,0,2,0,1,0,424.438,233.435,0,0,included_in_expand_p0,included_in_expand_p1,included_in_expand_p0,included_in_expand_p1,included_in_expand_p0,included_in_expand_p1,554.292,53.149,606.6049999999999,53.149,52.312999999999995,763.335,2,128,1024,64,65536,2,2,tcp_two_process_loopback; tcp_two_process;,67152744,237800,237800,67152744,67390544,67390544,0,included_in_split_input_bytes,included_in_split_input_bytes,included_in_pprf_bytes,included_in_pprf_bytes,272,32.134315490722656,257.07452392578125,99.6854514188222,0.31414496372072614,,,,,,,,,,,,,,,,,,,,,,,,,,,,,,,,
2026-07-23T09:02:47.460872+00:00,b33a10fa7851ba0c3a26bea531ffb004f00d9365,RM_VECTOR,INCLUDING_OT,2305843009213693951,61,64,128,2,16,65536,64,1024,32,7,0,OK,measured,PASS,tcp-loopback,0,2,0,1,0,425.679,232.187,0,0,included_in_expand_p0,included_in_expand_p1,included_in_expand_p0,included_in_expand_p1,included_in_expand_p0,included_in_expand_p1,554.168,52.92,606.2220000000001,52.92,52.054,762.8399999999999,2,128,1024,64,65536,2,2,tcp_two_process_loopback; tcp_two_process;,67152744,237800,237800,67152744,67390544,67390544,0,included_in_split_input_bytes,included_in_split_input_bytes,included_in_pprf_bytes,included_in_pprf_bytes,272,32.134315490722656,257.07452392578125,99.6854514188222,0.31414496372072614,,,,,,,,,,,,,,,,,,,,,,,,,,,,,,,,
2026-07-23T09:02:48.512620+00:00,b33a10fa7851ba0c3a26bea531ffb004f00d9365,RM_VECTOR,INCLUDING_OT,2305843009213693951,61,64,128,2,16,65536,64,1024,32,8,0,OK,measured,PASS,tcp-loopback,0,2,0,1,0,422.871,231.54,0,0,included_in_expand_p0,included_in_expand_p1,included_in_expand_p0,included_in_expand_p1,included_in_expand_p0,included_in_expand_p1,553.145,52.951,605.413,52.951,52.268,759.63,2,128,1024,64,65536,2,2,tcp_two_process_loopback; tcp_two_process;,67152744,237800,237800,67152744,67390544,67390544,0,included_in_split_input_bytes,included_in_split_input_bytes,included_in_pprf_bytes,included_in_pprf_bytes,272,32.134315490722656,257.07452392578125,99.6854514188222,0.31414496372072614,,,,,,,,,,,,,,,,,,,,,,,,,,,,,,,,
2026-07-23T09:02:49.560830+00:00,b33a10fa7851ba0c3a26bea531ffb004f00d9365,RM_VECTOR,INCLUDING_OT,2305843009213693951,61,64,128,2,16,65536,64,1024,32,9,0,OK,measured,PASS,tcp-loopback,0,2,0,1,0,424.524,229.853,0,0,included_in_expand_p0,included_in_expand_p1,included_in_expand_p0,included_in_expand_p1,included_in_expand_p0,included_in_expand_p1,550.924,52.913000000000004,602.9369999999999,52.913000000000004,52.013999999999996,759.304,2,128,1024,64,65536,2,2,tcp_two_process_loopback; tcp_two_process;,67152744,237800,237800,67152744,67390544,67390544,0,included_in_split_input_bytes,included_in_split_input_bytes,included_in_pprf_bytes,included_in_pprf_bytes,272,32.134315490722656,257.07452392578125,99.6854514188222,0.31414496372072614,,,,,,,,,,,,,,,,,,,,,,,,,,,,,,,,
2026-07-23T09:02:50.608989+00:00,b33a10fa7851ba0c3a26bea531ffb004f00d9365,RM_COORD,INCLUDING_OT,2305843009213693951,61,64,128,2,16,65536,64,1024,32,-1,1,OK,measured,PASS,tcp-loopback,0,2,0,1,0,425.80600000000004,2562.176,0,0,included_in_expand_p0,included_in_expand_p1,included_in_expand_p0,included_in_expand_p1,included_in_expand_p0,included_in_expand_p1,2883.683,71.51100000000001,2952.2819999999997,71.51100000000001,68.59899999999999,3128.092,64,128,1024,64,65536,64,64,tcp_two_process_loopback; tcp_two_process;,68501864,1387032,1387032,68501864,69888896,69888896,0,included_in_split_input_bytes,included_in_split_input_bytes,included_in_pprf_bytes,included_in_pprf_bytes,272,33.32562255859375,266.60498046875,96.12194761239324,3.877663198457163,,,,,,,,,,,,,,,,,,,,,,,,,,,,,,,,
2026-07-23T09:02:54.006556+00:00,b33a10fa7851ba0c3a26bea531ffb004f00d9365,RM_COORD,INCLUDING_OT,2305843009213693951,61,64,128,2,16,65536,64,1024,32,0,0,OK,measured,PASS,tcp-loopback,0,2,0,1,0,425.664,2558.84,0,0,included_in_expand_p0,included_in_expand_p1,included_in_expand_p0,included_in_expand_p1,included_in_expand_p0,included_in_expand_p1,2878.311,72.213,2947.572,72.213,69.26100000000001,3125.978,64,128,1024,64,65536,64,64,tcp_two_process_loopback; tcp_two_process;,68501864,1387032,1387032,68501864,69888896,69888896,0,included_in_split_input_bytes,included_in_split_input_bytes,included_in_pprf_bytes,included_in_pprf_bytes,272,33.32562255859375,266.60498046875,96.12194761239324,3.877663198457163,,,,,,,,,,,,,,,,,,,,,,,,,,,,,,,,
2026-07-23T09:02:57.399234+00:00,b33a10fa7851ba0c3a26bea531ffb004f00d9365,RM_COORD,INCLUDING_OT,2305843009213693951,61,64,128,2,16,65536,64,1024,32,1,0,OK,measured,PASS,tcp-loopback,0,2,0,1,0,427.25800000000004,2561.407,0,0,included_in_expand_p0,included_in_expand_p1,included_in_expand_p0,included_in_expand_p1,included_in_expand_p0,included_in_expand_p1,2882.904,71.87100000000001,2952.556,71.87100000000001,69.652,3130.188,64,128,1024,64,65536,64,64,tcp_two_process_loopback; tcp_two_process;,68501864,1387032,1387032,68501864,69888896,69888896,0,included_in_split_input_bytes,included_in_split_input_bytes,included_in_pprf_bytes,included_in_pprf_bytes,272,33.32562255859375,266.60498046875,96.12194761239324,3.877663198457163,,,,,,,,,,,,,,,,,,,,,,,,,,,,,,,,
2026-07-23T09:03:00.795005+00:00,b33a10fa7851ba0c3a26bea531ffb004f00d9365,RM_COORD,INCLUDING_OT,2305843009213693951,61,64,128,2,16,65536,64,1024,32,2,0,OK,measured,PASS,tcp-loopback,0,2,0,1,0,421.78700000000003,2558.363,0,0,included_in_expand_p0,included_in_expand_p1,included_in_expand_p0,included_in_expand_p1,included_in_expand_p0,included_in_expand_p1,2880.217,71.23400000000001,2949.201,71.23400000000001,68.98400000000001,3120.3679999999995,64,128,1024,64,65536,64,64,tcp_two_process_loopback; tcp_two_process;,68501864,1387032,1387032,68501864,69888896,69888896,0,included_in_split_input_bytes,included_in_split_input_bytes,included_in_pprf_bytes,included_in_pprf_bytes,272,33.32562255859375,266.60498046875,96.12194761239324,3.877663198457163,,,,,,,,,,,,,,,,,,,,,,,,,,,,,,,,
2026-07-23T09:03:04.186264+00:00,b33a10fa7851ba0c3a26bea531ffb004f00d9365,RM_COORD,INCLUDING_OT,2305843009213693951,61,64,128,2,16,65536,64,1024,32,3,0,OK,measured,PASS,tcp-loopback,0,2,0,1,0,422.85299999999995,2556.508,0,0,included_in_expand_p0,included_in_expand_p1,included_in_expand_p0,included_in_expand_p1,included_in_expand_p0,included_in_expand_p1,2878.347,71.665,2947.327,71.665,68.98,3120.006,64,128,1024,64,65536,64,64,tcp_two_process_loopback; tcp_two_process;,68501864,1387032,1387032,68501864,69888896,69888896,0,included_in_split_input_bytes,included_in_split_input_bytes,included_in_pprf_bytes,included_in_pprf_bytes,272,33.32562255859375,266.60498046875,96.12194761239324,3.877663198457163,,,,,,,,,,,,,,,,,,,,,,,,,,,,,,,,
2026-07-23T09:03:07.582983+00:00,b33a10fa7851ba0c3a26bea531ffb004f00d9365,RM_COORD,INCLUDING_OT,2305843009213693951,61,64,128,2,16,65536,64,1024,32,4,0,OK,measured,PASS,tcp-loopback,0,2,0,1,0,426.22900000000004,2562.045,0,0,included_in_expand_p0,included_in_expand_p1,included_in_expand_p0,included_in_expand_p1,included_in_expand_p0,included_in_expand_p1,2884.014,71.795,2952.847,71.795,68.834,3128.9030000000002,64,128,1024,64,65536,64,64,tcp_two_process_loopback; tcp_two_process;,68501864,1387032,1387032,68501864,69888896,69888896,0,included_in_split_input_bytes,included_in_split_input_bytes,included_in_pprf_bytes,included_in_pprf_bytes,272,33.32562255859375,266.60498046875,96.12194761239324,3.877663198457163,,,,,,,,,,,,,,,,,,,,,,,,,,,,,,,,
2026-07-23T09:03:10.983121+00:00,b33a10fa7851ba0c3a26bea531ffb004f00d9365,RM_COORD,INCLUDING_OT,2305843009213693951,61,64,128,2,16,65536,64,1024,32,5,0,OK,measured,PASS,tcp-loopback,0,2,0,1,0,425.014,2563.074,0,0,included_in_expand_p0,included_in_expand_p1,included_in_expand_p0,included_in_expand_p1,included_in_expand_p0,included_in_expand_p1,2881.323,71.42800000000001,2949.859,71.42800000000001,68.536,3128.052,64,128,1024,64,65536,64,64,tcp_two_process_loopback; tcp_two_process;,68501864,1387032,1387032,68501864,69888896,69888896,0,included_in_split_input_bytes,included_in_split_input_bytes,included_in_pprf_bytes,included_in_pprf_bytes,272,33.32562255859375,266.60498046875,96.12194761239324,3.877663198457163,,,,,,,,,,,,,,,,,,,,,,,,,,,,,,,,
2026-07-23T09:03:14.382859+00:00,b33a10fa7851ba0c3a26bea531ffb004f00d9365,RM_COORD,INCLUDING_OT,2305843009213693951,61,64,128,2,16,65536,64,1024,32,6,0,OK,measured,PASS,tcp-loopback,0,2,0,1,0,424.841,2559.7219999999998,0,0,included_in_expand_p0,included_in_expand_p1,included_in_expand_p0,included_in_expand_p1,included_in_expand_p0,included_in_expand_p1,2877.98,71.73,2946.817,71.73,68.83699999999999,3125.1299999999997,64,128,1024,64,65536,64,64,tcp_two_process_loopback; tcp_two_process;,68501864,1387032,1387032,68501864,69888896,69888896,0,included_in_split_input_bytes,included_in_split_input_bytes,included_in_pprf_bytes,included_in_pprf_bytes,272,33.32562255859375,266.60498046875,96.12194761239324,3.877663198457163,,,,,,,,,,,,,,,,,,,,,,,,,,,,,,,,
2026-07-23T09:03:17.778790+00:00,b33a10fa7851ba0c3a26bea531ffb004f00d9365,RM_COORD,INCLUDING_OT,2305843009213693951,61,64,128,2,16,65536,64,1024,32,7,0,OK,measured,PASS,tcp-loopback,0,2,0,1,0,426.00300000000004,2558.164,0,0,included_in_expand_p0,included_in_expand_p1,included_in_expand_p0,included_in_expand_p1,included_in_expand_p0,included_in_expand_p1,2878.1,71.30300000000001,2946.565,71.30300000000001,68.466,3123.936,64,128,1024,64,65536,64,64,tcp_two_process_loopback; tcp_two_process;,68501864,1387032,1387032,68501864,69888896,69888896,0,included_in_split_input_bytes,included_in_split_input_bytes,included_in_pprf_bytes,included_in_pprf_bytes,272,33.32562255859375,266.60498046875,96.12194761239324,3.877663198457163,,,,,,,,,,,,,,,,,,,,,,,,,,,,,,,,
2026-07-23T09:03:21.170359+00:00,b33a10fa7851ba0c3a26bea531ffb004f00d9365,RM_COORD,INCLUDING_OT,2305843009213693951,61,64,128,2,16,65536,64,1024,32,8,0,OK,measured,PASS,tcp-loopback,0,2,0,1,0,422.515,2560.8650000000002,0,0,included_in_expand_p0,included_in_expand_p1,included_in_expand_p0,included_in_expand_p1,included_in_expand_p0,included_in_expand_p1,2878.3059999999996,71.73599999999999,2947.107,71.73599999999999,68.801,3123.917,64,128,1024,64,65536,64,64,tcp_two_process_loopback; tcp_two_process;,68501864,1387032,1387032,68501864,69888896,69888896,0,included_in_split_input_bytes,included_in_split_input_bytes,included_in_pprf_bytes,included_in_pprf_bytes,272,33.32562255859375,266.60498046875,96.12194761239324,3.877663198457163,,,,,,,,,,,,,,,,,,,,,,,,,,,,,,,,
2026-07-23T09:03:24.566867+00:00,b33a10fa7851ba0c3a26bea531ffb004f00d9365,RM_COORD,INCLUDING_OT,2305843009213693951,61,64,128,2,16,65536,64,1024,32,9,0,OK,measured,PASS,tcp-loopback,0,2,0,1,0,421.566,2558.4500000000003,0,0,included_in_expand_p0,included_in_expand_p1,included_in_expand_p0,included_in_expand_p1,included_in_expand_p0,included_in_expand_p1,2876.81,71.79599999999999,2945.472,71.79599999999999,68.662,3120.4739999999997,64,128,1024,64,65536,64,64,tcp_two_process_loopback; tcp_two_process;,68501864,1387032,1387032,68501864,69888896,69888896,0,included_in_split_input_bytes,included_in_split_input_bytes,included_in_pprf_bytes,included_in_pprf_bytes,272,33.32562255859375,266.60498046875,96.12194761239324,3.877663198457163,,,,,,,,,,,,,,,,,,,,,,,,,,,,,,,,
2026-07-23T09:03:27.959216+00:00,b33a10fa7851ba0c3a26bea531ffb004f00d9365,RM_VECTOR,INCLUDING_OT,2305843009213693951,61,64,128,2,18,262144,64,4096,8,-1,1,OK,measured,PASS,tcp-loopback,0,2,0,1,0,108.41199999999999,167.928,0,0,included_in_expand_p0,included_in_expand_p1,included_in_expand_p0,included_in_expand_p1,included_in_expand_p0,included_in_expand_p1,254.915,70.45800000000001,320.184,70.45800000000001,65.26899999999999,412.067,2,128,4096,64,262144,2,2,tcp_two_process_loopback; tcp_two_process;,4246696,95464,95464,4246696,4342160,4342160,0,included_in_split_input_bytes,included_in_split_input_bytes,included_in_pprf_bytes,included_in_pprf_bytes,80,2.0705032348632812,16.56402587890625,96.99743906258637,3.000718536396632,,,,,,,,,,,,,,,,,,,,,,,,,,,,,,,,
2026-07-23T09:03:28.726779+00:00,b33a10fa7851ba0c3a26bea531ffb004f00d9365,RM_VECTOR,INCLUDING_OT,2305843009213693951,61,64,128,2,18,262144,64,4096,8,0,0,OK,measured,PASS,tcp-loopback,0,2,0,1,0,107.806,170.05100000000002,0,0,included_in_expand_p0,included_in_expand_p1,included_in_expand_p0,included_in_expand_p1,included_in_expand_p0,included_in_expand_p1,255.431,70.625,320.348,70.625,64.917,413.399,2,128,4096,64,262144,2,2,tcp_two_process_loopback; tcp_two_process;,4246696,95464,95464,4246696,4342160,4342160,0,included_in_split_input_bytes,included_in_split_input_bytes,included_in_pprf_bytes,included_in_pprf_bytes,80,2.0705032348632812,16.56402587890625,96.99743906258637,3.000718536396632,,,,,,,,,,,,,,,,,,,,,,,,,,,,,,,,
2026-07-23T09:03:29.496669+00:00,b33a10fa7851ba0c3a26bea531ffb004f00d9365,RM_VECTOR,INCLUDING_OT,2305843009213693951,61,64,128,2,18,262144,64,4096,8,1,0,OK,measured,PASS,tcp-loopback,0,2,0,1,0,109.31,164.286,0,0,included_in_expand_p0,included_in_expand_p1,included_in_expand_p0,included_in_expand_p1,included_in_expand_p0,included_in_expand_p1,255.414,71.09100000000001,320.732,71.09100000000001,65.318,410.005,2,128,4096,64,262144,2,2,tcp_two_process_loopback; tcp_two_process;,4246696,95464,95464,4246696,4342160,4342160,0,included_in_split_input_bytes,included_in_split_input_bytes,included_in_pprf_bytes,included_in_pprf_bytes,80,2.0705032348632812,16.56402587890625,96.99743906258637,3.000718536396632,,,,,,,,,,,,,,,,,,,,,,,,,,,,,,,,
2026-07-23T09:03:30.261250+00:00,b33a10fa7851ba0c3a26bea531ffb004f00d9365,RM_VECTOR,INCLUDING_OT,2305843009213693951,61,64,128,2,18,262144,64,4096,8,2,0,OK,measured,PASS,tcp-loopback,0,2,0,1,0,109.981,166.451,0,0,included_in_expand_p0,included_in_expand_p1,included_in_expand_p0,included_in_expand_p1,included_in_expand_p0,included_in_expand_p1,256.038,70.86,321.85,70.86,65.812,413.10400000000004,2,128,4096,64,262144,2,2,tcp_two_process_loopback; tcp_two_process;,4246696,95464,95464,4246696,4342160,4342160,0,included_in_split_input_bytes,included_in_split_input_bytes,included_in_pprf_bytes,included_in_pprf_bytes,80,2.0705032348632812,16.56402587890625,96.99743906258637,3.000718536396632,,,,,,,,,,,,,,,,,,,,,,,,,,,,,,,,
2026-07-23T09:03:31.027483+00:00,b33a10fa7851ba0c3a26bea531ffb004f00d9365,RM_VECTOR,INCLUDING_OT,2305843009213693951,61,64,128,2,18,262144,64,4096,8,3,0,OK,measured,PASS,tcp-loopback,0,2,0,1,0,108.601,169.208,0,0,included_in_expand_p0,included_in_expand_p1,included_in_expand_p0,included_in_expand_p1,included_in_expand_p0,included_in_expand_p1,255.129,70.842,320.623,70.842,65.493,414.14399999999995,2,128,4096,64,262144,2,2,tcp_two_process_loopback; tcp_two_process;,4246696,95464,95464,4246696,4342160,4342160,0,included_in_split_input_bytes,included_in_split_input_bytes,included_in_pprf_bytes,included_in_pprf_bytes,80,2.0705032348632812,16.56402587890625,96.99743906258637,3.000718536396632,,,,,,,,,,,,,,,,,,,,,,,,,,,,,,,,
2026-07-23T09:03:31.797149+00:00,b33a10fa7851ba0c3a26bea531ffb004f00d9365,RM_VECTOR,INCLUDING_OT,2305843009213693951,61,64,128,2,18,262144,64,4096,8,4,0,OK,measured,PASS,tcp-loopback,0,2,0,1,0,110.029,163.88400000000001,0,0,included_in_expand_p0,included_in_expand_p1,included_in_expand_p0,included_in_expand_p1,included_in_expand_p0,included_in_expand_p1,255.438,71.033,320.834,71.033,65.39699999999999,410.343,2,128,4096,64,262144,2,2,tcp_two_process_loopback; tcp_two_process;,4246696,95464,95464,4246696,4342160,4342160,0,included_in_split_input_bytes,included_in_split_input_bytes,included_in_pprf_bytes,included_in_pprf_bytes,80,2.0705032348632812,16.56402587890625,96.99743906258637,3.000718536396632,,,,,,,,,,,,,,,,,,,,,,,,,,,,,,,,
2026-07-23T09:03:32.561042+00:00,b33a10fa7851ba0c3a26bea531ffb004f00d9365,RM_VECTOR,INCLUDING_OT,2305843009213693951,61,64,128,2,18,262144,64,4096,8,5,0,OK,measured,PASS,tcp-loopback,0,2,0,1,0,109.167,167.464,0,0,included_in_expand_p0,included_in_expand_p1,included_in_expand_p0,included_in_expand_p1,included_in_expand_p0,included_in_expand_p1,255.148,70.487,320.07,70.487,64.922,412.03999999999996,2,128,4096,64,262144,2,2,tcp_two_process_loopback; tcp_two_process;,4246696,95464,95464,4246696,4342160,4342160,0,included_in_split_input_bytes,included_in_split_input_bytes,included_in_pprf_bytes,included_in_pprf_bytes,80,2.0705032348632812,16.56402587890625,96.99743906258637,3.000718536396632,,,,,,,,,,,,,,,,,,,,,,,,,,,,,,,,
2026-07-23T09:03:33.326737+00:00,b33a10fa7851ba0c3a26bea531ffb004f00d9365,RM_VECTOR,INCLUDING_OT,2305843009213693951,61,64,128,2,18,262144,64,4096,8,6,0,OK,measured,PASS,tcp-loopback,0,2,0,1,0,110.71000000000001,165.751,0,0,included_in_expand_p0,included_in_expand_p1,included_in_expand_p0,included_in_expand_p1,included_in_expand_p0,included_in_expand_p1,255.36599999999999,70.241,320.837,70.241,65.471,412.173,2,128,4096,64,262144,2,2,tcp_two_process_loopback; tcp_two_process;,4246696,95464,95464,4246696,4342160,4342160,0,included_in_split_input_bytes,included_in_split_input_bytes,included_in_pprf_bytes,included_in_pprf_bytes,80,2.0705032348632812,16.56402587890625,96.99743906258637,3.000718536396632,,,,,,,,,,,,,,,,,,,,,,,,,,,,,,,,
2026-07-23T09:03:34.090516+00:00,b33a10fa7851ba0c3a26bea531ffb004f00d9365,RM_VECTOR,INCLUDING_OT,2305843009213693951,61,64,128,2,18,262144,64,4096,8,7,0,OK,measured,PASS,tcp-loopback,0,2,0,1,0,99.315,170.744,0,0,included_in_expand_p0,included_in_expand_p1,included_in_expand_p0,included_in_expand_p1,included_in_expand_p0,included_in_expand_p1,247.528,70.56700000000001,312.61499999999995,70.56700000000001,65.087,405.71299999999997,2,128,4096,64,262144,2,2,tcp_two_process_loopback; tcp_two_process;,4246696,95464,95464,4246696,4342160,4342160,0,included_in_split_input_bytes,included_in_split_input_bytes,included_in_pprf_bytes,included_in_pprf_bytes,80,2.0705032348632812,16.56402587890625,96.99743906258637,3.000718536396632,,,,,,,,,,,,,,,,,,,,,,,,,,,,,,,,
2026-07-23T09:03:34.860440+00:00,b33a10fa7851ba0c3a26bea531ffb004f00d9365,RM_VECTOR,INCLUDING_OT,2305843009213693951,61,64,128,2,18,262144,64,4096,8,8,0,OK,measured,PASS,tcp-loopback,0,2,0,1,0,107.361,170.829,0,0,included_in_expand_p0,included_in_expand_p1,included_in_expand_p0,included_in_expand_p1,included_in_expand_p0,included_in_expand_p1,255.726,70.91300000000001,321.47900000000004,70.91300000000001,65.753,414.856,2,128,4096,64,262144,2,2,tcp_two_process_loopback; tcp_two_process;,4246696,95464,95464,4246696,4342160,4342160,0,included_in_split_input_bytes,included_in_split_input_bytes,included_in_pprf_bytes,included_in_pprf_bytes,80,2.0705032348632812,16.56402587890625,96.99743906258637,3.000718536396632,,,,,,,,,,,,,,,,,,,,,,,,,,,,,,,,
2026-07-23T09:03:35.628832+00:00,b33a10fa7851ba0c3a26bea531ffb004f00d9365,RM_VECTOR,INCLUDING_OT,2305843009213693951,61,64,128,2,18,262144,64,4096,8,9,0,OK,measured,PASS,tcp-loopback,0,2,0,1,0,109.78200000000001,168.233,0,0,included_in_expand_p0,included_in_expand_p1,included_in_expand_p0,included_in_expand_p1,included_in_expand_p0,included_in_expand_p1,255.691,70.833,321.307,70.833,65.616,414.46399999999994,2,128,4096,64,262144,2,2,tcp_two_process_loopback; tcp_two_process;,4246696,95464,95464,4246696,4342160,4342160,0,included_in_split_input_bytes,included_in_split_input_bytes,included_in_pprf_bytes,included_in_pprf_bytes,80,2.0705032348632812,16.56402587890625,96.99743906258637,3.000718536396632,,,,,,,,,,,,,,,,,,,,,,,,,,,,,,,,
2026-07-23T09:03:36.397047+00:00,b33a10fa7851ba0c3a26bea531ffb004f00d9365,RM_COORD,INCLUDING_OT,2305843009213693951,61,64,128,2,18,262144,64,4096,8,-1,1,OK,measured,PASS,tcp-loopback,0,2,0,1,0,110.28,807.545,0,0,included_in_expand_p0,included_in_expand_p1,included_in_expand_p0,included_in_expand_p1,included_in_expand_p0,included_in_expand_p1,894.189,78.526,968.603,78.526,74.41300000000001,1070.764,16,128,4096,64,262144,16,16,tcp_two_process_loopback; tcp_two_process;,4612264,412312,412312,4612264,5024576,5024576,0,included_in_split_input_bytes,included_in_split_input_bytes,included_in_pprf_bytes,included_in_pprf_bytes,80,2.395904541015625,19.167236328125,83.82366989771873,16.174737928135627,,,,,,,,,,,,,,,,,,,,,,,,,,,,,,,,
2026-07-23T09:03:37.811024+00:00,b33a10fa7851ba0c3a26bea531ffb004f00d9365,RM_COORD,INCLUDING_OT,2305843009213693951,61,64,128,2,18,262144,64,4096,8,0,0,OK,measured,PASS,tcp-loopback,0,2,0,1,0,107.07600000000001,806.8610000000001,0,0,included_in_expand_p0,included_in_expand_p1,included_in_expand_p0,included_in_expand_p1,included_in_expand_p0,included_in_expand_p1,891.023,78.459,964.931,78.459,73.908,1066.304,16,128,4096,64,262144,16,16,tcp_two_process_loopback; tcp_two_process;,4612264,412312,412312,4612264,5024576,5024576,0,included_in_split_input_bytes,included_in_split_input_bytes,included_in_pprf_bytes,included_in_pprf_bytes,80,2.395904541015625,19.167236328125,83.82366989771873,16.174737928135627,,,,,,,,,,,,,,,,,,,,,,,,,,,,,,,,
2026-07-23T09:03:39.222906+00:00,b33a10fa7851ba0c3a26bea531ffb004f00d9365,RM_COORD,INCLUDING_OT,2305843009213693951,61,64,128,2,18,262144,64,4096,8,1,0,OK,measured,PASS,tcp-loopback,0,2,0,1,0,109.32600000000001,808.132,0,0,included_in_expand_p0,included_in_expand_p1,included_in_expand_p0,included_in_expand_p1,included_in_expand_p0,included_in_expand_p1,895.3299999999999,78.988,969.609,78.988,74.279,1070.725,16,128,4096,64,262144,16,16,tcp_two_process_loopback; tcp_two_process;,4612264,412312,412312,4612264,5024576,5024576,0,included_in_split_input_bytes,included_in_split_input_bytes,included_in_pprf_bytes,included_in_pprf_bytes,80,2.395904541015625,19.167236328125,83.82366989771873,16.174737928135627,,,,,,,,,,,,,,,,,,,,,,,,,,,,,,,,
2026-07-23T09:03:40.639469+00:00,b33a10fa7851ba0c3a26bea531ffb004f00d9365,RM_COORD,INCLUDING_OT,2305843009213693951,61,64,128,2,18,262144,64,4096,8,2,0,OK,measured,PASS,tcp-loopback,0,2,0,1,0,105.987,808.5210000000001,0,0,included_in_expand_p0,included_in_expand_p1,included_in_expand_p0,included_in_expand_p1,included_in_expand_p0,included_in_expand_p1,889.792,78.604,963.716,78.604,73.924,1067.036,16,128,4096,64,262144,16,16,tcp_two_process_loopback; tcp_two_process;,4612264,412312,412312,4612264,5024576,5024576,0,included_in_split_input_bytes,included_in_split_input_bytes,included_in_pprf_bytes,included_in_pprf_bytes,80,2.395904541015625,19.167236328125,83.82366989771873,16.174737928135627,,,,,,,,,,,,,,,,,,,,,,,,,,,,,,,,
2026-07-23T09:03:42.054972+00:00,b33a10fa7851ba0c3a26bea531ffb004f00d9365,RM_COORD,INCLUDING_OT,2305843009213693951,61,64,128,2,18,262144,64,4096,8,3,0,OK,measured,PASS,tcp-loopback,0,2,0,1,0,107.484,806.298,0,0,included_in_expand_p0,included_in_expand_p1,included_in_expand_p0,included_in_expand_p1,included_in_expand_p0,included_in_expand_p1,890.83,78.503,964.6320000000001,78.503,73.802,1066.087,16,128,4096,64,262144,16,16,tcp_two_process_loopback; tcp_two_process;,4612264,412312,412312,4612264,5024576,5024576,0,included_in_split_input_bytes,included_in_split_input_bytes,included_in_pprf_bytes,included_in_pprf_bytes,80,2.395904541015625,19.167236328125,83.82366989771873,16.174737928135627,,,,,,,,,,,,,,,,,,,,,,,,,,,,,,,,
2026-07-23T09:03:43.466825+00:00,b33a10fa7851ba0c3a26bea531ffb004f00d9365,RM_COORD,INCLUDING_OT,2305843009213693951,61,64,128,2,18,262144,64,4096,8,4,0,OK,measured,PASS,tcp-loopback,0,2,0,1,0,110.042,807.833,0,0,included_in_expand_p0,included_in_expand_p1,included_in_expand_p0,included_in_expand_p1,included_in_expand_p0,included_in_expand_p1,894.357,79.651,968.8670000000001,79.651,74.51,1072.036,16,128,4096,64,262144,16,16,tcp_two_process_loopback; tcp_two_process;,4612264,412312,412312,4612264,5024576,5024576,0,included_in_split_input_bytes,included_in_split_input_bytes,included_in_pprf_bytes,included_in_pprf_bytes,80,2.395904541015625,19.167236328125,83.82366989771873,16.174737928135627,,,,,,,,,,,,,,,,,,,,,,,,,,,,,,,,
2026-07-23T09:03:44.880165+00:00,b33a10fa7851ba0c3a26bea531ffb004f00d9365,RM_COORD,INCLUDING_OT,2305843009213693951,61,64,128,2,18,262144,64,4096,8,5,0,OK,measured,PASS,tcp-loopback,0,2,0,1,0,107.476,822.794,0,0,included_in_expand_p0,included_in_expand_p1,included_in_expand_p0,included_in_expand_p1,included_in_expand_p0,included_in_expand_p1,895.365,79.046,970.109,79.046,74.745,1084.0610000000001,16,128,4096,64,262144,16,16,tcp_two_process_loopback; tcp_two_process;,4612264,412312,412312,4612264,5024576,5024576,0,included_in_split_input_bytes,included_in_split_input_bytes,included_in_pprf_bytes,included_in_pprf_bytes,80,2.395904541015625,19.167236328125,83.82366989771873,16.174737928135627,,,,,,,,,,,,,,,,,,,,,,,,,,,,,,,,
2026-07-23T09:03:46.307715+00:00,b33a10fa7851ba0c3a26bea531ffb004f00d9365,RM_COORD,INCLUDING_OT,2305843009213693951,61,64,128,2,18,262144,64,4096,8,6,0,OK,measured,PASS,tcp-loopback,0,2,0,1,0,110.10499999999999,811.951,0,0,included_in_expand_p0,included_in_expand_p1,included_in_expand_p0,included_in_expand_p1,included_in_expand_p0,included_in_expand_p1,897.798,78.491,971.582,78.491,73.784,1074.3310000000001,16,128,4096,64,262144,16,16,tcp_two_process_loopback; tcp_two_process;,4612264,412312,412312,4612264,5024576,5024576,0,included_in_split_input_bytes,included_in_split_input_bytes,included_in_pprf_bytes,included_in_pprf_bytes,80,2.395904541015625,19.167236328125,83.82366989771873,16.174737928135627,,,,,,,,,,,,,,,,,,,,,,,,,,,,,,,,
2026-07-23T09:03:47.726906+00:00,b33a10fa7851ba0c3a26bea531ffb004f00d9365,RM_COORD,INCLUDING_OT,2305843009213693951,61,64,128,2,18,262144,64,4096,8,7,0,OK,measured,PASS,tcp-loopback,0,2,0,1,0,107.834,806.2629999999999,0,0,included_in_expand_p0,included_in_expand_p1,included_in_expand_p0,included_in_expand_p1,included_in_expand_p0,included_in_expand_p1,891.923,78.685,965.681,78.685,73.75800000000001,1066.54,16,128,4096,64,262144,16,16,tcp_two_process_loopback; tcp_two_process;,4612264,412312,412312,4612264,5024576,5024576,0,included_in_split_input_bytes,included_in_split_input_bytes,included_in_pprf_bytes,included_in_pprf_bytes,80,2.395904541015625,19.167236328125,83.82366989771873,16.174737928135627,,,,,,,,,,,,,,,,,,,,,,,,,,,,,,,,
2026-07-23T09:03:49.139115+00:00,b33a10fa7851ba0c3a26bea531ffb004f00d9365,RM_COORD,INCLUDING_OT,2305843009213693951,61,64,128,2,18,262144,64,4096,8,8,0,OK,measured,PASS,tcp-loopback,0,2,0,1,0,103.775,806.487,0,0,included_in_expand_p0,included_in_expand_p1,included_in_expand_p0,included_in_expand_p1,included_in_expand_p0,included_in_expand_p1,889.258,78.618,962.857,78.618,73.598,1062.4779999999998,16,128,4096,64,262144,16,16,tcp_two_process_loopback; tcp_two_process;,4612264,412312,412312,4612264,5024576,5024576,0,included_in_split_input_bytes,included_in_split_input_bytes,included_in_pprf_bytes,included_in_pprf_bytes,80,2.395904541015625,19.167236328125,83.82366989771873,16.174737928135627,,,,,,,,,,,,,,,,,,,,,,,,,,,,,,,,
2026-07-23T09:03:50.551207+00:00,b33a10fa7851ba0c3a26bea531ffb004f00d9365,RM_COORD,INCLUDING_OT,2305843009213693951,61,64,128,2,18,262144,64,4096,8,9,0,OK,measured,PASS,tcp-loopback,0,2,0,1,0,108.229,813.571,0,0,included_in_expand_p0,included_in_expand_p1,included_in_expand_p0,included_in_expand_p1,included_in_expand_p0,included_in_expand_p1,896.861,78.669,971.067,78.669,74.20599999999999,1074.675,16,128,4096,64,262144,16,16,tcp_two_process_loopback; tcp_two_process;,4612264,412312,412312,4612264,5024576,5024576,0,included_in_split_input_bytes,included_in_split_input_bytes,included_in_pprf_bytes,included_in_pprf_bytes,80,2.395904541015625,19.167236328125,83.82366989771873,16.174737928135627,,,,,,,,,,,,,,,,,,,,,,,,,,,,,,,,
2026-07-23T09:03:51.971237+00:00,b33a10fa7851ba0c3a26bea531ffb004f00d9365,RM_VECTOR,INCLUDING_OT,2305843009213693951,61,64,128,2,18,262144,64,4096,16,-1,1,OK,measured,PASS,tcp-loopback,0,2,0,1,0,216.282,233.59,0,0,included_in_expand_p0,included_in_expand_p1,included_in_expand_p0,included_in_expand_p1,included_in_expand_p0,included_in_expand_p1,402.937,150.76600000000002,547.655,150.76600000000002,144.71800000000002,745.356,2,128,4096,64,262144,2,2,tcp_two_process_loopback; tcp_two_process;,16829672,145640,145640,16829672,16975312,16975312,0,included_in_split_input_bytes,included_in_split_input_bytes,included_in_pprf_bytes,included_in_pprf_bytes,144,4.047229766845703,32.377838134765625,99.03855669928187,0.9605950099768417,,,,,,,,,,,,,,,,,,,,,,,,,,,,,,,,
2026-07-23T09:03:53.034468+00:00,b33a10fa7851ba0c3a26bea531ffb004f00d9365,RM_VECTOR,INCLUDING_OT,2305843009213693951,61,64,128,2,18,262144,64,4096,16,0,0,OK,measured,PASS,tcp-loopback,0,2,0,1,0,220.932,237.01,0,0,included_in_expand_p0,included_in_expand_p1,included_in_expand_p0,included_in_expand_p1,included_in_expand_p0,included_in_expand_p1,410.646,150.307,555.593,150.307,144.947,753.196,2,128,4096,64,262144,2,2,tcp_two_process_loopback; tcp_two_process;,16829672,145640,145640,16829672,16975312,16975312,0,included_in_split_input_bytes,included_in_split_input_bytes,included_in_pprf_bytes,included_in_pprf_bytes,144,4.047229766845703,32.377838134765625,99.03855669928187,0.9605950099768417,,,,,,,,,,,,,,,,,,,,,,,,,,,,,,,,
2026-07-23T09:03:54.101569+00:00,b33a10fa7851ba0c3a26bea531ffb004f00d9365,RM_VECTOR,INCLUDING_OT,2305843009213693951,61,64,128,2,18,262144,64,4096,16,1,0,OK,measured,PASS,tcp-loopback,0,2,0,1,0,214.31,235.59199999999998,0,0,included_in_expand_p0,included_in_expand_p1,included_in_expand_p0,included_in_expand_p1,included_in_expand_p0,included_in_expand_p1,398.47700000000003,149.778,542.381,149.778,143.904,743.584,2,128,4096,64,262144,2,2,tcp_two_process_loopback; tcp_two_process;,16829672,145640,145640,16829672,16975312,16975312,0,included_in_split_input_bytes,included_in_split_input_bytes,included_in_pprf_bytes,included_in_pprf_bytes,144,4.047229766845703,32.377838134765625,99.03855669928187,0.9605950099768417,,,,,,,,,,,,,,,,,,,,,,,,,,,,,,,,
2026-07-23T09:03:55.165140+00:00,b33a10fa7851ba0c3a26bea531ffb004f00d9365,RM_VECTOR,INCLUDING_OT,2305843009213693951,61,64,128,2,18,262144,64,4096,16,2,0,OK,measured,PASS,tcp-loopback,0,2,0,1,0,218.271,236.275,0,0,included_in_expand_p0,included_in_expand_p1,included_in_expand_p0,included_in_expand_p1,included_in_expand_p0,included_in_expand_p1,403.366,150.161,547.282,150.161,143.917,748.624,2,128,4096,64,262144,2,2,tcp_two_process_loopback; tcp_two_process;,16829672,145640,145640,16829672,16975312,16975312,0,included_in_split_input_bytes,included_in_split_input_bytes,included_in_pprf_bytes,included_in_pprf_bytes,144,4.047229766845703,32.377838134765625,99.03855669928187,0.9605950099768417,,,,,,,,,,,,,,,,,,,,,,,,,,,,,,,,
2026-07-23T09:03:56.230389+00:00,b33a10fa7851ba0c3a26bea531ffb004f00d9365,RM_VECTOR,INCLUDING_OT,2305843009213693951,61,64,128,2,18,262144,64,4096,16,3,0,OK,measured,PASS,tcp-loopback,0,2,0,1,0,219.038,238.103,0,0,included_in_expand_p0,included_in_expand_p1,included_in_expand_p0,included_in_expand_p1,included_in_expand_p0,included_in_expand_p1,405.489,150.673,550.443,150.673,144.954,752.768,2,128,4096,64,262144,2,2,tcp_two_process_loopback; tcp_two_process;,16829672,145640,145640,16829672,16975312,16975312,0,included_in_split_input_bytes,included_in_split_input_bytes,included_in_pprf_bytes,included_in_pprf_bytes,144,4.047229766845703,32.377838134765625,99.03855669928187,0.9605950099768417,,,,,,,,,,,,,,,,,,,,,,,,,,,,,,,,
2026-07-23T09:03:57.298066+00:00,b33a10fa7851ba0c3a26bea531ffb004f00d9365,RM_VECTOR,INCLUDING_OT,2305843009213693951,61,64,128,2,18,262144,64,4096,16,4,0,OK,measured,PASS,tcp-loopback,0,2,0,1,0,217.578,240.277,0,0,included_in_expand_p0,included_in_expand_p1,included_in_expand_p0,included_in_expand_p1,included_in_expand_p0,included_in_expand_p1,407.25600000000003,150.481,551.676,150.481,144.41899999999998,752.755,2,128,4096,64,262144,2,2,tcp_two_process_loopback; tcp_two_process;,16829672,145640,145640,16829672,16975312,16975312,0,included_in_split_input_bytes,included_in_split_input_bytes,included_in_pprf_bytes,included_in_pprf_bytes,144,4.047229766845703,32.377838134765625,99.03855669928187,0.9605950099768417,,,,,,,,,,,,,,,,,,,,,,,,,,,,,,,,
2026-07-23T09:03:58.365568+00:00,b33a10fa7851ba0c3a26bea531ffb004f00d9365,RM_VECTOR,INCLUDING_OT,2305843009213693951,61,64,128,2,18,262144,64,4096,16,5,0,OK,measured,PASS,tcp-loopback,0,2,0,1,0,217.501,236.263,0,0,included_in_expand_p0,included_in_expand_p1,included_in_expand_p0,included_in_expand_p1,included_in_expand_p0,included_in_expand_p1,407.617,150.76999999999998,552.842,150.76999999999998,145.226,749.76,2,128,4096,64,262144,2,2,tcp_two_process_loopback; tcp_two_process;,16829672,145640,145640,16829672,16975312,16975312,0,included_in_split_input_bytes,included_in_split_input_bytes,included_in_pprf_bytes,included_in_pprf_bytes,144,4.047229766845703,32.377838134765625,99.03855669928187,0.9605950099768417,,,,,,,,,,,,,,,,,,,,,,,,,,,,,,,,
2026-07-23T09:03:59.429903+00:00,b33a10fa7851ba0c3a26bea531ffb004f00d9365,RM_VECTOR,INCLUDING_OT,2305843009213693951,61,64,128,2,18,262144,64,4096,16,6,0,OK,measured,PASS,tcp-loopback,0,2,0,1,0,217.142,240.531,0,0,included_in_expand_p0,included_in_expand_p1,included_in_expand_p0,included_in_expand_p1,included_in_expand_p0,included_in_expand_p1,406.242,151.31300000000002,551.413,151.31300000000002,145.171,754.1569999999999,2,128,4096,64,262144,2,2,tcp_two_process_loopback; tcp_two_process;,16829672,145640,145640,16829672,16975312,16975312,0,included_in_split_input_bytes,included_in_split_input_bytes,included_in_pprf_bytes,included_in_pprf_bytes,144,4.047229766845703,32.377838134765625,99.03855669928187,0.9605950099768417,,,,,,,,,,,,,,,,,,,,,,,,,,,,,,,,
2026-07-23T09:04:00.499367+00:00,b33a10fa7851ba0c3a26bea531ffb004f00d9365,RM_VECTOR,INCLUDING_OT,2305843009213693951,61,64,128,2,18,262144,64,4096,16,7,0,OK,measured,PASS,tcp-loopback,0,2,0,1,0,218.582,235.49,0,0,included_in_expand_p0,included_in_expand_p1,included_in_expand_p0,included_in_expand_p1,included_in_expand_p0,included_in_expand_p1,407.391,150.19,551.674,150.19,144.283,748.545,2,128,4096,64,262144,2,2,tcp_two_process_loopback; tcp_two_process;,16829672,145640,145640,16829672,16975312,16975312,0,included_in_split_input_bytes,included_in_split_input_bytes,included_in_pprf_bytes,included_in_pprf_bytes,144,4.047229766845703,32.377838134765625,99.03855669928187,0.9605950099768417,,,,,,,,,,,,,,,,,,,,,,,,,,,,,,,,
2026-07-23T09:04:01.561617+00:00,b33a10fa7851ba0c3a26bea531ffb004f00d9365,RM_VECTOR,INCLUDING_OT,2305843009213693951,61,64,128,2,18,262144,64,4096,16,8,0,OK,measured,PASS,tcp-loopback,0,2,0,1,0,219.307,239.44099999999997,0,0,included_in_expand_p0,included_in_expand_p1,included_in_expand_p0,included_in_expand_p1,included_in_expand_p0,included_in_expand_p1,407.177,150.657,551.319,150.657,144.142,753.547,2,128,4096,64,262144,2,2,tcp_two_process_loopback; tcp_two_process;,16829672,145640,145640,16829672,16975312,16975312,0,included_in_split_input_bytes,included_in_split_input_bytes,included_in_pprf_bytes,included_in_pprf_bytes,144,4.047229766845703,32.377838134765625,99.03855669928187,0.9605950099768417,,,,,,,,,,,,,,,,,,,,,,,,,,,,,,,,
2026-07-23T09:04:02.630333+00:00,b33a10fa7851ba0c3a26bea531ffb004f00d9365,RM_VECTOR,INCLUDING_OT,2305843009213693951,61,64,128,2,18,262144,64,4096,16,9,0,OK,measured,PASS,tcp-loopback,0,2,0,1,0,216.19299999999998,234.38500000000002,0,0,included_in_expand_p0,included_in_expand_p1,included_in_expand_p0,included_in_expand_p1,included_in_expand_p0,included_in_expand_p1,403.208,150.44299999999998,548.492,150.44299999999998,145.283,746.304,2,128,4096,64,262144,2,2,tcp_two_process_loopback; tcp_two_process;,16829672,145640,145640,16829672,16975312,16975312,0,included_in_split_input_bytes,included_in_split_input_bytes,included_in_pprf_bytes,included_in_pprf_bytes,144,4.047229766845703,32.377838134765625,99.03855669928187,0.9605950099768417,,,,,,,,,,,,,,,,,,,,,,,,,,,,,,,,
2026-07-23T09:04:03.693758+00:00,b33a10fa7851ba0c3a26bea531ffb004f00d9365,RM_COORD,INCLUDING_OT,2305843009213693951,61,64,128,2,18,262144,64,4096,16,-1,1,OK,measured,PASS,tcp-loopback,0,2,0,1,0,216.554,1617.102,0,0,included_in_expand_p0,included_in_expand_p1,included_in_expand_p0,included_in_expand_p1,included_in_expand_p0,included_in_expand_p1,1785.8670000000002,152.321,1931.98,152.321,146.113,2132.09,32,128,4096,64,262144,32,32,tcp_two_process_loopback; tcp_two_process;,17613032,824600,824600,17613032,18437632,18437632,0,included_in_split_input_bytes,included_in_split_input_bytes,included_in_pprf_bytes,included_in_pprf_bytes,144,4.3958740234375,35.1669921875,91.18364006831246,8.8155789203299,,,,,,,,,,,,,,,,,,,,,,,,,,,,,,,,
2026-07-23T09:04:06.122318+00:00,b33a10fa7851ba0c3a26bea531ffb004f00d9365,RM_COORD,INCLUDING_OT,2305843009213693951,61,64,128,2,18,262144,64,4096,16,0,0,OK,measured,PASS,tcp-loopback,0,2,0,1,0,212.189,1620.622,0,0,included_in_expand_p0,included_in_expand_p1,included_in_expand_p0,included_in_expand_p1,included_in_expand_p0,included_in_expand_p1,1782.429,152.357,1929.098,152.357,146.66899999999998,2131.837,32,128,4096,64,262144,32,32,tcp_two_process_loopback; tcp_two_process;,17613032,824600,824600,17613032,18437632,18437632,0,included_in_split_input_bytes,included_in_split_input_bytes,included_in_pprf_bytes,included_in_pprf_bytes,144,4.3958740234375,35.1669921875,91.18364006831246,8.8155789203299,,,,,,,,,,,,,,,,,,,,,,,,,,,,,,,,
2026-07-23T09:04:08.554431+00:00,b33a10fa7851ba0c3a26bea531ffb004f00d9365,RM_COORD,INCLUDING_OT,2305843009213693951,61,64,128,2,18,262144,64,4096,16,1,0,OK,measured,PASS,tcp-loopback,0,2,0,1,0,217.01899999999998,1620.03,0,0,included_in_expand_p0,included_in_expand_p1,included_in_expand_p0,included_in_expand_p1,included_in_expand_p0,included_in_expand_p1,1789.2630000000001,152.167,1935.1879999999999,152.167,145.925,2135.141,32,128,4096,64,262144,32,32,tcp_two_process_loopback; tcp_two_process;,17613032,824600,824600,17613032,18437632,18437632,0,included_in_split_input_bytes,included_in_split_input_bytes,included_in_pprf_bytes,included_in_pprf_bytes,144,4.3958740234375,35.1669921875,91.18364006831246,8.8155789203299,,,,,,,,,,,,,,,,,,,,,,,,,,,,,,,,
2026-07-23T09:04:10.985919+00:00,b33a10fa7851ba0c3a26bea531ffb004f00d9365,RM_COORD,INCLUDING_OT,2305843009213693951,61,64,128,2,18,262144,64,4096,16,2,0,OK,measured,PASS,tcp-loopback,0,2,0,1,0,216.832,1620.8229999999999,0,0,included_in_expand_p0,included_in_expand_p1,included_in_expand_p0,included_in_expand_p1,included_in_expand_p0,included_in_expand_p1,1788.336,151.826,1934.175,151.826,145.839,2135.3199999999997,32,128,4096,64,262144,32,32,tcp_two_process_loopback; tcp_two_process;,17613032,824600,824600,17613032,18437632,18437632,0,included_in_split_input_bytes,included_in_split_input_bytes,included_in_pprf_bytes,included_in_pprf_bytes,144,4.3958740234375,35.1669921875,91.18364006831246,8.8155789203299,,,,,,,,,,,,,,,,,,,,,,,,,,,,,,,,
2026-07-23T09:04:13.417777+00:00,b33a10fa7851ba0c3a26bea531ffb004f00d9365,RM_COORD,INCLUDING_OT,2305843009213693951,61,64,128,2,18,262144,64,4096,16,3,0,OK,measured,PASS,tcp-loopback,0,2,0,1,0,219.006,1619.15,0,0,included_in_expand_p0,included_in_expand_p1,included_in_expand_p0,included_in_expand_p1,included_in_expand_p0,included_in_expand_p1,1788.866,151.416,1934.888,151.416,146.02200000000002,2135.594,32,128,4096,64,262144,32,32,tcp_two_process_loopback; tcp_two_process;,17613032,824600,824600,17613032,18437632,18437632,0,included_in_split_input_bytes,included_in_split_input_bytes,included_in_pprf_bytes,included_in_pprf_bytes,144,4.3958740234375,35.1669921875,91.18364006831246,8.8155789203299,,,,,,,,,,,,,,,,,,,,,,,,,,,,,,,,
2026-07-23T09:04:15.845372+00:00,b33a10fa7851ba0c3a26bea531ffb004f00d9365,RM_COORD,INCLUDING_OT,2305843009213693951,61,64,128,2,18,262144,64,4096,16,4,0,OK,measured,PASS,tcp-loopback,0,2,0,1,0,219.42600000000002,1619.162,0,0,included_in_expand_p0,included_in_expand_p1,included_in_expand_p0,included_in_expand_p1,included_in_expand_p0,included_in_expand_p1,1787.8780000000002,151.401,1933.433,151.401,145.55499999999998,2135.544,32,128,4096,64,262144,32,32,tcp_two_process_loopback; tcp_two_process;,17613032,824600,824600,17613032,18437632,18437632,0,included_in_split_input_bytes,included_in_split_input_bytes,included_in_pprf_bytes,included_in_pprf_bytes,144,4.3958740234375,35.1669921875,91.18364006831246,8.8155789203299,,,,,,,,,,,,,,,,,,,,,,,,,,,,,,,,
2026-07-23T09:04:18.273046+00:00,b33a10fa7851ba0c3a26bea531ffb004f00d9365,RM_COORD,INCLUDING_OT,2305843009213693951,61,64,128,2,18,262144,64,4096,16,5,0,OK,measured,PASS,tcp-loopback,0,2,0,1,0,216.57299999999998,1617.341,0,0,included_in_expand_p0,included_in_expand_p1,included_in_expand_p0,included_in_expand_p1,included_in_expand_p0,included_in_expand_p1,1786.937,151.791,1932.32,151.791,145.383,2131.0879999999997,32,128,4096,64,262144,32,32,tcp_two_process_loopback; tcp_two_process;,17613032,824600,824600,17613032,18437632,18437632,0,included_in_split_input_bytes,included_in_split_input_bytes,included_in_pprf_bytes,included_in_pprf_bytes,144,4.3958740234375,35.1669921875,91.18364006831246,8.8155789203299,,,,,,,,,,,,,,,,,,,,,,,,,,,,,,,,
2026-07-23T09:04:20.697627+00:00,b33a10fa7851ba0c3a26bea531ffb004f00d9365,RM_COORD,INCLUDING_OT,2305843009213693951,61,64,128,2,18,262144,64,4096,16,6,0,OK,measured,PASS,tcp-loopback,0,2,0,1,0,217.47,1616.762,0,0,included_in_expand_p0,included_in_expand_p1,included_in_expand_p0,included_in_expand_p1,included_in_expand_p0,included_in_expand_p1,1788.585,152.038,1934.2140000000002,152.038,145.62900000000002,2131.899,32,128,4096,64,262144,32,32,tcp_two_process_loopback; tcp_two_process;,17613032,824600,824600,17613032,18437632,18437632,0,included_in_split_input_bytes,included_in_split_input_bytes,included_in_pprf_bytes,included_in_pprf_bytes,144,4.3958740234375,35.1669921875,91.18364006831246,8.8155789203299,,,,,,,,,,,,,,,,,,,,,,,,,,,,,,,,
2026-07-23T09:04:23.121774+00:00,b33a10fa7851ba0c3a26bea531ffb004f00d9365,RM_COORD,INCLUDING_OT,2305843009213693951,61,64,128,2,18,262144,64,4096,16,7,0,OK,measured,PASS,tcp-loopback,0,2,0,1,0,213.872,1616.002,0,0,included_in_expand_p0,included_in_expand_p1,included_in_expand_p0,included_in_expand_p1,included_in_expand_p0,included_in_expand_p1,1780.713,151.845,1927.1560000000002,151.845,146.44199999999998,2128.161,32,128,4096,64,262144,32,32,tcp_two_process_loopback; tcp_two_process;,17613032,824600,824600,17613032,18437632,18437632,0,included_in_split_input_bytes,included_in_split_input_bytes,included_in_pprf_bytes,included_in_pprf_bytes,144,4.3958740234375,35.1669921875,91.18364006831246,8.8155789203299,,,,,,,,,,,,,,,,,,,,,,,,,,,,,,,,
2026-07-23T09:04:25.545477+00:00,b33a10fa7851ba0c3a26bea531ffb004f00d9365,RM_COORD,INCLUDING_OT,2305843009213693951,61,64,128,2,18,262144,64,4096,16,8,0,OK,measured,PASS,tcp-loopback,0,2,0,1,0,217.215,1628.0520000000001,0,0,included_in_expand_p0,included_in_expand_p1,included_in_expand_p0,included_in_expand_p1,included_in_expand_p0,included_in_expand_p1,1795.3609999999999,153.831,1942.672,153.831,147.312,2146.41,32,128,4096,64,262144,32,32,tcp_two_process_loopback; tcp_two_process;,17613032,824600,824600,17613032,18437632,18437632,0,included_in_split_input_bytes,included_in_split_input_bytes,included_in_pprf_bytes,included_in_pprf_bytes,144,4.3958740234375,35.1669921875,91.18364006831246,8.8155789203299,,,,,,,,,,,,,,,,,,,,,,,,,,,,,,,,
2026-07-23T09:04:27.984041+00:00,b33a10fa7851ba0c3a26bea531ffb004f00d9365,RM_COORD,INCLUDING_OT,2305843009213693951,61,64,128,2,18,262144,64,4096,16,9,0,OK,measured,PASS,tcp-loopback,0,2,0,1,0,218.137,1619.214,0,0,included_in_expand_p0,included_in_expand_p1,included_in_expand_p0,included_in_expand_p1,included_in_expand_p0,included_in_expand_p1,1788.059,152.808,1934.437,152.808,146.37800000000001,2136.537,32,128,4096,64,262144,32,32,tcp_two_process_loopback; tcp_two_process;,17613032,824600,824600,17613032,18437632,18437632,0,included_in_split_input_bytes,included_in_split_input_bytes,included_in_pprf_bytes,included_in_pprf_bytes,144,4.3958740234375,35.1669921875,91.18364006831246,8.8155789203299,,,,,,,,,,,,,,,,,,,,,,,,,,,,,,,,
2026-07-23T09:04:30.414634+00:00,b33a10fa7851ba0c3a26bea531ffb004f00d9365,RM_VECTOR,INCLUDING_OT,2305843009213693951,61,64,128,2,18,262144,64,4096,32,-1,1,OK,measured,PASS,tcp-loopback,0,2,0,1,0,470.634,368.027,0,0,included_in_expand_p0,included_in_expand_p1,included_in_expand_p0,included_in_expand_p1,included_in_expand_p0,included_in_expand_p1,742.2760000000001,294.399,1033.539,294.399,291.263,1424.3229999999999,2,128,4096,64,262144,2,2,tcp_two_process_loopback; tcp_two_process;,67161448,245992,245992,67161448,67407440,67407440,0,included_in_split_input_bytes,included_in_split_input_bytes,included_in_pprf_bytes,included_in_pprf_bytes,272,8.035593032836914,64.28474426269531,99.6604647795555,0.3391317041560991,,,,,,,,,,,,,,,,,,,,,,,,,,,,,,,,
2026-07-23T09:04:32.064964+00:00,b33a10fa7851ba0c3a26bea531ffb004f00d9365,RM_VECTOR,INCLUDING_OT,2305843009213693951,61,64,128,2,18,262144,64,4096,32,0,0,OK,measured,PASS,tcp-loopback,0,2,0,1,0,471.251,364.421,0,0,included_in_expand_p0,included_in_expand_p1,included_in_expand_p0,included_in_expand_p1,included_in_expand_p0,included_in_expand_p1,737.874,294.16900000000004,1027.365,294.16900000000004,289.491,1419.332,2,128,4096,64,262144,2,2,tcp_two_process_loopback; tcp_two_process;,67161448,245992,245992,67161448,67407440,67407440,0,included_in_split_input_bytes,included_in_split_input_bytes,included_in_pprf_bytes,included_in_pprf_bytes,272,8.035593032836914,64.28474426269531,99.6604647795555,0.3391317041560991,,,,,,,,,,,,,,,,,,,,,,,,,,,,,,,,
2026-07-23T09:04:33.710668+00:00,b33a10fa7851ba0c3a26bea531ffb004f00d9365,RM_VECTOR,INCLUDING_OT,2305843009213693951,61,64,128,2,18,262144,64,4096,32,1,0,OK,measured,PASS,tcp-loopback,0,2,0,1,0,470.415,366.19,0,0,included_in_expand_p0,included_in_expand_p1,included_in_expand_p0,included_in_expand_p1,included_in_expand_p0,included_in_expand_p1,736.001,293.88100000000003,1025.506,293.88100000000003,289.505,1419.991,2,128,4096,64,262144,2,2,tcp_two_process_loopback; tcp_two_process;,67161448,245992,245992,67161448,67407440,67407440,0,included_in_split_input_bytes,included_in_split_input_bytes,included_in_pprf_bytes,included_in_pprf_bytes,272,8.035593032836914,64.28474426269531,99.6604647795555,0.3391317041560991,,,,,,,,,,,,,,,,,,,,,,,,,,,,,,,,
2026-07-23T09:04:35.354666+00:00,b33a10fa7851ba0c3a26bea531ffb004f00d9365,RM_VECTOR,INCLUDING_OT,2305843009213693951,61,64,128,2,18,262144,64,4096,32,2,0,OK,measured,PASS,tcp-loopback,0,2,0,1,0,472.66200000000003,367.834,0,0,included_in_expand_p0,included_in_expand_p1,included_in_expand_p0,included_in_expand_p1,included_in_expand_p0,included_in_expand_p1,743.1569999999999,294.333,1032.463,294.333,289.306,1424.1350000000002,2,128,4096,64,262144,2,2,tcp_two_process_loopback; tcp_two_process;,67161448,245992,245992,67161448,67407440,67407440,0,included_in_split_input_bytes,included_in_split_input_bytes,included_in_pprf_bytes,included_in_pprf_bytes,272,8.035593032836914,64.28474426269531,99.6604647795555,0.3391317041560991,,,,,,,,,,,,,,,,,,,,,,,,,,,,,,,,
2026-07-23T09:04:37.003494+00:00,b33a10fa7851ba0c3a26bea531ffb004f00d9365,RM_VECTOR,INCLUDING_OT,2305843009213693951,61,64,128,2,18,262144,64,4096,32,3,0,OK,measured,PASS,tcp-loopback,0,2,0,1,0,468.537,368.033,0,0,included_in_expand_p0,included_in_expand_p1,included_in_expand_p0,included_in_expand_p1,included_in_expand_p0,included_in_expand_p1,739.2879999999999,295.174,1029.4650000000001,295.174,290.177,1421.9209999999998,2,128,4096,64,262144,2,2,tcp_two_process_loopback; tcp_two_process;,67161448,245992,245992,67161448,67407440,67407440,0,included_in_split_input_bytes,included_in_split_input_bytes,included_in_pprf_bytes,included_in_pprf_bytes,272,8.035593032836914,64.28474426269531,99.6604647795555,0.3391317041560991,,,,,,,,,,,,,,,,,,,,,,,,,,,,,,,,
2026-07-23T09:04:38.652193+00:00,b33a10fa7851ba0c3a26bea531ffb004f00d9365,RM_VECTOR,INCLUDING_OT,2305843009213693951,61,64,128,2,18,262144,64,4096,32,4,0,OK,measured,PASS,tcp-loopback,0,2,0,1,0,470.071,364.12600000000003,0,0,included_in_expand_p0,included_in_expand_p1,included_in_expand_p0,included_in_expand_p1,included_in_expand_p0,included_in_expand_p1,736.635,294.137,1026.254,294.137,289.619,1417.953,2,128,4096,64,262144,2,2,tcp_two_process_loopback; tcp_two_process;,67161448,245992,245992,67161448,67407440,67407440,0,included_in_split_input_bytes,included_in_split_input_bytes,included_in_pprf_bytes,included_in_pprf_bytes,272,8.035593032836914,64.28474426269531,99.6604647795555,0.3391317041560991,,,,,,,,,,,,,,,,,,,,,,,,,,,,,,,,
2026-07-23T09:04:40.296058+00:00,b33a10fa7851ba0c3a26bea531ffb004f00d9365,RM_VECTOR,INCLUDING_OT,2305843009213693951,61,64,128,2,18,262144,64,4096,32,5,0,OK,measured,PASS,tcp-loopback,0,2,0,1,0,470.02500000000003,374.78099999999995,0,0,included_in_expand_p0,included_in_expand_p1,included_in_expand_p0,included_in_expand_p1,included_in_expand_p0,included_in_expand_p1,741.213,294.837,1030.8509999999999,294.837,289.63800000000003,1429.281,2,128,4096,64,262144,2,2,tcp_two_process_loopback; tcp_two_process;,67161448,245992,245992,67161448,67407440,67407440,0,included_in_split_input_bytes,included_in_split_input_bytes,included_in_pprf_bytes,included_in_pprf_bytes,272,8.035593032836914,64.28474426269531,99.6604647795555,0.3391317041560991,,,,,,,,,,,,,,,,,,,,,,,,,,,,,,,,
2026-07-23T09:04:41.952029+00:00,b33a10fa7851ba0c3a26bea531ffb004f00d9365,RM_VECTOR,INCLUDING_OT,2305843009213693951,61,64,128,2,18,262144,64,4096,32,6,0,OK,measured,PASS,tcp-loopback,0,2,0,1,0,471.371,367.057,0,0,included_in_expand_p0,included_in_expand_p1,included_in_expand_p0,included_in_expand_p1,included_in_expand_p0,included_in_expand_p1,741.466,295.46,1032.071,295.46,290.605,1424.493,2,128,4096,64,262144,2,2,tcp_two_process_loopback; tcp_two_process;,67161448,245992,245992,67161448,67407440,67407440,0,included_in_split_input_bytes,included_in_split_input_bytes,included_in_pprf_bytes,included_in_pprf_bytes,272,8.035593032836914,64.28474426269531,99.6604647795555,0.3391317041560991,,,,,,,,,,,,,,,,,,,,,,,,,,,,,,,,
2026-07-23T09:04:43.604097+00:00,b33a10fa7851ba0c3a26bea531ffb004f00d9365,RM_VECTOR,INCLUDING_OT,2305843009213693951,61,64,128,2,18,262144,64,4096,32,7,0,OK,measured,PASS,tcp-loopback,0,2,0,1,0,471.555,370.36,0,0,included_in_expand_p0,included_in_expand_p1,included_in_expand_p0,included_in_expand_p1,included_in_expand_p0,included_in_expand_p1,740.336,293.598,1029.148,293.598,288.812,1424.3249999999998,2,128,4096,64,262144,2,2,tcp_two_process_loopback; tcp_two_process;,67161448,245992,245992,67161448,67407440,67407440,0,included_in_split_input_bytes,included_in_split_input_bytes,included_in_pprf_bytes,included_in_pprf_bytes,272,8.035593032836914,64.28474426269531,99.6604647795555,0.3391317041560991,,,,,,,,,,,,,,,,,,,,,,,,,,,,,,,,
2026-07-23T09:04:45.255037+00:00,b33a10fa7851ba0c3a26bea531ffb004f00d9365,RM_VECTOR,INCLUDING_OT,2305843009213693951,61,64,128,2,18,262144,64,4096,32,8,0,OK,measured,PASS,tcp-loopback,0,2,0,1,0,468.082,377.229,0,0,included_in_expand_p0,included_in_expand_p1,included_in_expand_p0,included_in_expand_p1,included_in_expand_p0,included_in_expand_p1,745.522,294.821,1036.606,294.821,291.084,1431.2160000000001,2,128,4096,64,262144,2,2,tcp_two_process_loopback; tcp_two_process;,67161448,245992,245992,67161448,67407440,67407440,0,included_in_split_input_bytes,included_in_split_input_bytes,included_in_pprf_bytes,included_in_pprf_bytes,272,8.035593032836914,64.28474426269531,99.6604647795555,0.3391317041560991,,,,,,,,,,,,,,,,,,,,,,,,,,,,,,,,
2026-07-23T09:04:46.913266+00:00,b33a10fa7851ba0c3a26bea531ffb004f00d9365,RM_VECTOR,INCLUDING_OT,2305843009213693951,61,64,128,2,18,262144,64,4096,32,9,0,OK,measured,PASS,tcp-loopback,0,2,0,1,0,472.267,368.045,0,0,included_in_expand_p0,included_in_expand_p1,included_in_expand_p0,included_in_expand_p1,included_in_expand_p0,included_in_expand_p1,743.103,295.94599999999997,1034.231,295.94599999999997,291.128,1427.386,2,128,4096,64,262144,2,2,tcp_two_process_loopback; tcp_two_process;,67161448,245992,245992,67161448,67407440,67407440,0,included_in_split_input_bytes,included_in_split_input_bytes,included_in_pprf_bytes,included_in_pprf_bytes,272,8.035593032836914,64.28474426269531,99.6604647795555,0.3391317041560991,,,,,,,,,,,,,,,,,,,,,,,,,,,,,,,,
2026-07-23T09:04:48.565673+00:00,b33a10fa7851ba0c3a26bea531ffb004f00d9365,RM_COORD,INCLUDING_OT,2305843009213693951,61,64,128,2,18,262144,64,4096,32,-1,1,OK,measured,PASS,tcp-loopback,0,2,0,1,0,471.182,3263.87,0,0,included_in_expand_p0,included_in_expand_p1,included_in_expand_p0,included_in_expand_p1,included_in_expand_p0,included_in_expand_p1,3629.5,323.854,3944.577,323.854,315.077,4373.982999999999,64,128,4096,64,262144,64,64,tcp_two_process_loopback; tcp_two_process;,68780392,1649176,1649176,68780392,70429568,70429568,0,included_in_split_input_bytes,included_in_split_input_bytes,included_in_pprf_bytes,included_in_pprf_bytes,272,8.395858764648438,67.1668701171875,95.38404097551755,4.615572823050682,,,,,,,,,,,,,,,,,,,,,,,,,,,,,,,,
2026-07-23T09:04:53.118420+00:00,b33a10fa7851ba0c3a26bea531ffb004f00d9365,RM_COORD,INCLUDING_OT,2305843009213693951,61,64,128,2,18,262144,64,4096,32,0,0,OK,measured,PASS,tcp-loopback,0,2,0,1,0,467.263,3259.534,0,0,included_in_expand_p0,included_in_expand_p1,included_in_expand_p0,included_in_expand_p1,included_in_expand_p0,included_in_expand_p1,3620.829,325.462,3937.126,325.462,316.298,4368.557,64,128,4096,64,262144,64,64,tcp_two_process_loopback; tcp_two_process;,68780392,1649176,1649176,68780392,70429568,70429568,0,included_in_split_input_bytes,included_in_split_input_bytes,included_in_pprf_bytes,included_in_pprf_bytes,272,8.395858764648438,67.1668701171875,95.38404097551755,4.615572823050682,,,,,,,,,,,,,,,,,,,,,,,,,,,,,,,,
2026-07-23T09:04:57.667856+00:00,b33a10fa7851ba0c3a26bea531ffb004f00d9365,RM_COORD,INCLUDING_OT,2305843009213693951,61,64,128,2,18,262144,64,4096,32,1,0,OK,measured,PASS,tcp-loopback,0,2,0,1,0,468.901,3266.683,0,0,included_in_expand_p0,included_in_expand_p1,included_in_expand_p0,included_in_expand_p1,included_in_expand_p0,included_in_expand_p1,3628.451,321.569,3945.491,321.569,317.03999999999996,4374.192999999999,64,128,4096,64,262144,64,64,tcp_two_process_loopback; tcp_two_process;,68780392,1649176,1649176,68780392,70429568,70429568,0,included_in_split_input_bytes,included_in_split_input_bytes,included_in_pprf_bytes,included_in_pprf_bytes,272,8.395858764648438,67.1668701171875,95.38404097551755,4.615572823050682,,,,,,,,,,,,,,,,,,,,,,,,,,,,,,,,
2026-07-23T09:05:02.220347+00:00,b33a10fa7851ba0c3a26bea531ffb004f00d9365,RM_COORD,INCLUDING_OT,2305843009213693951,61,64,128,2,18,262144,64,4096,32,2,0,OK,measured,PASS,tcp-loopback,0,2,0,1,0,466.702,3272.2780000000002,0,0,included_in_expand_p0,included_in_expand_p1,included_in_expand_p0,included_in_expand_p1,included_in_expand_p0,included_in_expand_p1,3632.83,323.93499999999995,3949.154,323.93499999999995,316.324,4379.2390000000005,64,128,4096,64,262144,64,64,tcp_two_process_loopback; tcp_two_process;,68780392,1649176,1649176,68780392,70429568,70429568,0,included_in_split_input_bytes,included_in_split_input_bytes,included_in_pprf_bytes,included_in_pprf_bytes,272,8.395858764648438,67.1668701171875,95.38404097551755,4.615572823050682,,,,,,,,,,,,,,,,,,,,,,,,,,,,,,,,
2026-07-23T09:05:06.779442+00:00,b33a10fa7851ba0c3a26bea531ffb004f00d9365,RM_COORD,INCLUDING_OT,2305843009213693951,61,64,128,2,18,262144,64,4096,32,3,0,OK,measured,PASS,tcp-loopback,0,2,0,1,0,468.814,3261.458,0,0,included_in_expand_p0,included_in_expand_p1,included_in_expand_p0,included_in_expand_p1,included_in_expand_p0,included_in_expand_p1,3625.08,323.29200000000003,3939.788,323.29200000000003,314.709,4368.273,64,128,4096,64,262144,64,64,tcp_two_process_loopback; tcp_two_process;,68780392,1649176,1649176,68780392,70429568,70429568,0,included_in_split_input_bytes,included_in_split_input_bytes,included_in_pprf_bytes,included_in_pprf_bytes,272,8.395858764648438,67.1668701171875,95.38404097551755,4.615572823050682,,,,,,,,,,,,,,,,,,,,,,,,,,,,,,,,
2026-07-23T09:05:11.329801+00:00,b33a10fa7851ba0c3a26bea531ffb004f00d9365,RM_COORD,INCLUDING_OT,2305843009213693951,61,64,128,2,18,262144,64,4096,32,4,0,OK,measured,PASS,tcp-loopback,0,2,0,1,0,467.43800000000005,3269.715,0,0,included_in_expand_p0,included_in_expand_p1,included_in_expand_p0,included_in_expand_p1,included_in_expand_p0,included_in_expand_p1,3632.803,324.711,3950.44,324.711,317.638,4379.502,64,128,4096,64,262144,64,64,tcp_two_process_loopback; tcp_two_process;,68780392,1649176,1649176,68780392,70429568,70429568,0,included_in_split_input_bytes,included_in_split_input_bytes,included_in_pprf_bytes,included_in_pprf_bytes,272,8.395858764648438,67.1668701171875,95.38404097551755,4.615572823050682,,,,,,,,,,,,,,,,,,,,,,,,,,,,,,,,
2026-07-23T09:05:15.887287+00:00,b33a10fa7851ba0c3a26bea531ffb004f00d9365,RM_COORD,INCLUDING_OT,2305843009213693951,61,64,128,2,18,262144,64,4096,32,5,0,OK,measured,PASS,tcp-loopback,0,2,0,1,0,467.751,3266.156,0,0,included_in_expand_p0,included_in_expand_p1,included_in_expand_p0,included_in_expand_p1,included_in_expand_p0,included_in_expand_p1,3628.016,319.82899999999995,3942.174,319.82899999999995,314.15900000000005,4367.8949999999995,64,128,4096,64,262144,64,64,tcp_two_process_loopback; tcp_two_process;,68780392,1649176,1649176,68780392,70429568,70429568,0,included_in_split_input_bytes,included_in_split_input_bytes,included_in_pprf_bytes,included_in_pprf_bytes,272,8.395858764648438,67.1668701171875,95.38404097551755,4.615572823050682,,,,,,,,,,,,,,,,,,,,,,,,,,,,,,,,
2026-07-23T09:05:20.438110+00:00,b33a10fa7851ba0c3a26bea531ffb004f00d9365,RM_COORD,INCLUDING_OT,2305843009213693951,61,64,128,2,18,262144,64,4096,32,6,0,OK,measured,PASS,tcp-loopback,0,2,0,1,0,471.478,3268.034,0,0,included_in_expand_p0,included_in_expand_p1,included_in_expand_p0,included_in_expand_p1,included_in_expand_p0,included_in_expand_p1,3631.045,324.338,3947.015,324.338,315.969,4379.819,64,128,4096,64,262144,64,64,tcp_two_process_loopback; tcp_two_process;,68780392,1649176,1649176,68780392,70429568,70429568,0,included_in_split_input_bytes,included_in_split_input_bytes,included_in_pprf_bytes,included_in_pprf_bytes,272,8.395858764648438,67.1668701171875,95.38404097551755,4.615572823050682,,,,,,,,,,,,,,,,,,,,,,,,,,,,,,,,
2026-07-23T09:05:24.994609+00:00,b33a10fa7851ba0c3a26bea531ffb004f00d9365,RM_COORD,INCLUDING_OT,2305843009213693951,61,64,128,2,18,262144,64,4096,32,7,0,OK,measured,PASS,tcp-loopback,0,2,0,1,0,467.215,3260.623,0,0,included_in_expand_p0,included_in_expand_p1,included_in_expand_p0,included_in_expand_p1,included_in_expand_p0,included_in_expand_p1,3623.2129999999997,324.272,3938.623,324.272,315.41,4367.52,64,128,4096,64,262144,64,64,tcp_two_process_loopback; tcp_two_process;,68780392,1649176,1649176,68780392,70429568,70429568,0,included_in_split_input_bytes,included_in_split_input_bytes,included_in_pprf_bytes,included_in_pprf_bytes,272,8.395858764648438,67.1668701171875,95.38404097551755,4.615572823050682,,,,,,,,,,,,,,,,,,,,,,,,,,,,,,,,
2026-07-23T09:05:29.541774+00:00,b33a10fa7851ba0c3a26bea531ffb004f00d9365,RM_COORD,INCLUDING_OT,2305843009213693951,61,64,128,2,18,262144,64,4096,32,8,0,OK,measured,PASS,tcp-loopback,0,2,0,1,0,470.216,3261.828,0,0,included_in_expand_p0,included_in_expand_p1,included_in_expand_p0,included_in_expand_p1,included_in_expand_p0,included_in_expand_p1,3626.549,322.188,3942.2259999999997,322.188,315.67699999999996,4369.909,64,128,4096,64,262144,64,64,tcp_two_process_loopback; tcp_two_process;,68780392,1649176,1649176,68780392,70429568,70429568,0,included_in_split_input_bytes,included_in_split_input_bytes,included_in_pprf_bytes,included_in_pprf_bytes,272,8.395858764648438,67.1668701171875,95.38404097551755,4.615572823050682,,,,,,,,,,,,,,,,,,,,,,,,,,,,,,,,
2026-07-23T09:05:34.087626+00:00,b33a10fa7851ba0c3a26bea531ffb004f00d9365,RM_COORD,INCLUDING_OT,2305843009213693951,61,64,128,2,18,262144,64,4096,32,9,0,OK,measured,PASS,tcp-loopback,0,2,0,1,0,467.979,3259.301,0,0,included_in_expand_p0,included_in_expand_p1,included_in_expand_p0,included_in_expand_p1,included_in_expand_p0,included_in_expand_p1,3621.753,324.852,3937.1800000000003,324.852,315.427,4367.558999999999,64,128,4096,64,262144,64,64,tcp_two_process_loopback; tcp_two_process;,68780392,1649176,1649176,68780392,70429568,70429568,0,included_in_split_input_bytes,included_in_split_input_bytes,included_in_pprf_bytes,included_in_pprf_bytes,272,8.395858764648438,67.1668701171875,95.38404097551755,4.615572823050682,,,,,,,,,,,,,,,,,,,,,,,,,,,,,,,,
2026-07-23T09:05:38.634499+00:00,b33a10fa7851ba0c3a26bea531ffb004f00d9365,RM_VECTOR,INCLUDING_OT,2305843009213693951,61,64,128,2,20,1048576,64,16384,8,-1,1,OK,measured,PASS,tcp-loopback,0,2,0,1,0,299.23,316.948,0,0,included_in_expand_p0,included_in_expand_p1,included_in_expand_p0,included_in_expand_p1,included_in_expand_p0,included_in_expand_p1,596.711,337.846,912.659,337.846,315.948,1269.972,2,128,16384,64,1048576,2,2,tcp_two_process_loopback; tcp_two_process;,4255400,103656,103656,4255400,4359056,4359056,0,included_in_split_input_bytes,included_in_split_input_bytes,included_in_pprf_bytes,included_in_pprf_bytes,80,0.5196399688720703,4.1571197509765625,96.62147033669676,3.3766944035589357,,,,,,,,,,,,,,,,,,,,,,,,,,,,,,,,
2026-07-23T09:05:40.179735+00:00,b33a10fa7851ba0c3a26bea531ffb004f00d9365,RM_VECTOR,INCLUDING_OT,2305843009213693951,61,64,128,2,20,1048576,64,16384,8,0,0,OK,measured,PASS,tcp-loopback,0,2,0,1,0,289.74499999999995,313.964,0,0,included_in_expand_p0,included_in_expand_p1,included_in_expand_p0,included_in_expand_p1,included_in_expand_p0,included_in_expand_p1,587.254,338.811,903.202,338.811,315.948,1258.4679999999998,2,128,16384,64,1048576,2,2,tcp_two_process_loopback; tcp_two_process;,4255400,103656,103656,4255400,4359056,4359056,0,included_in_split_input_bytes,included_in_split_input_bytes,included_in_pprf_bytes,included_in_pprf_bytes,80,0.5196399688720703,4.1571197509765625,96.62147033669676,3.3766944035589357,,,,,,,,,,,,,,,,,,,,,,,,,,,,,,,,
2026-07-23T09:05:41.720630+00:00,b33a10fa7851ba0c3a26bea531ffb004f00d9365,RM_VECTOR,INCLUDING_OT,2305843009213693951,61,64,128,2,20,1048576,64,16384,8,1,0,OK,measured,PASS,tcp-loopback,0,2,0,1,0,294.903,322.023,0,0,included_in_expand_p0,included_in_expand_p1,included_in_expand_p0,included_in_expand_p1,included_in_expand_p0,included_in_expand_p1,595.015,338.353,912.9979999999999,338.353,317.983,1273.262,2,128,16384,64,1048576,2,2,tcp_two_process_loopback; tcp_two_process;,4255400,103656,103656,4255400,4359056,4359056,0,included_in_split_input_bytes,included_in_split_input_bytes,included_in_pprf_bytes,included_in_pprf_bytes,80,0.5196399688720703,4.1571197509765625,96.62147033669676,3.3766944035589357,,,,,,,,,,,,,,,,,,,,,,,,,,,,,,,,
2026-07-23T09:05:43.269338+00:00,b33a10fa7851ba0c3a26bea531ffb004f00d9365,RM_VECTOR,INCLUDING_OT,2305843009213693951,61,64,128,2,20,1048576,64,16384,8,2,0,OK,measured,PASS,tcp-loopback,0,2,0,1,0,296.421,315.611,0,0,included_in_expand_p0,included_in_expand_p1,included_in_expand_p0,included_in_expand_p1,included_in_expand_p0,included_in_expand_p1,596.0699999999999,338.57599999999996,912.1709999999999,338.57599999999996,316.101,1266.7089999999998,2,128,16384,64,1048576,2,2,tcp_two_process_loopback; tcp_two_process;,4255400,103656,103656,4255400,4359056,4359056,0,included_in_split_input_bytes,included_in_split_input_bytes,included_in_pprf_bytes,included_in_pprf_bytes,80,0.5196399688720703,4.1571197509765625,96.62147033669676,3.3766944035589357,,,,,,,,,,,,,,,,,,,,,,,,,,,,,,,,
2026-07-23T09:05:44.812152+00:00,b33a10fa7851ba0c3a26bea531ffb004f00d9365,RM_VECTOR,INCLUDING_OT,2305843009213693951,61,64,128,2,20,1048576,64,16384,8,3,0,OK,measured,PASS,tcp-loopback,0,2,0,1,0,290.194,317.542,0,0,included_in_expand_p0,included_in_expand_p1,included_in_expand_p0,included_in_expand_p1,included_in_expand_p0,included_in_expand_p1,588.313,337.597,904.257,337.597,315.944,1261.277,2,128,16384,64,1048576,2,2,tcp_two_process_loopback; tcp_two_process;,4255400,103656,103656,4255400,4359056,4359056,0,included_in_split_input_bytes,included_in_split_input_bytes,included_in_pprf_bytes,included_in_pprf_bytes,80,0.5196399688720703,4.1571197509765625,96.62147033669676,3.3766944035589357,,,,,,,,,,,,,,,,,,,,,,,,,,,,,,,,
2026-07-23T09:05:46.359465+00:00,b33a10fa7851ba0c3a26bea531ffb004f00d9365,RM_VECTOR,INCLUDING_OT,2305843009213693951,61,64,128,2,20,1048576,64,16384,8,4,0,OK,measured,PASS,tcp-loopback,0,2,0,1,0,290.962,321.38899999999995,0,0,included_in_expand_p0,included_in_expand_p1,included_in_expand_p0,included_in_expand_p1,included_in_expand_p0,included_in_expand_p1,588.94,340.04200000000003,908.77,340.04200000000003,319.83,1272.223,2,128,16384,64,1048576,2,2,tcp_two_process_loopback; tcp_two_process;,4255400,103656,103656,4255400,4359056,4359056,0,included_in_split_input_bytes,included_in_split_input_bytes,included_in_pprf_bytes,included_in_pprf_bytes,80,0.5196399688720703,4.1571197509765625,96.62147033669676,3.3766944035589357,,,,,,,,,,,,,,,,,,,,,,,,,,,,,,,,
2026-07-23T09:05:47.910109+00:00,b33a10fa7851ba0c3a26bea531ffb004f00d9365,RM_VECTOR,INCLUDING_OT,2305843009213693951,61,64,128,2,20,1048576,64,16384,8,5,0,OK,measured,PASS,tcp-loopback,0,2,0,1,0,296.949,313.952,0,0,included_in_expand_p0,included_in_expand_p1,included_in_expand_p0,included_in_expand_p1,included_in_expand_p0,included_in_expand_p1,594.446,338.099,910.033,338.099,315.587,1264.587,2,128,16384,64,1048576,2,2,tcp_two_process_loopback; tcp_two_process;,4255400,103656,103656,4255400,4359056,4359056,0,included_in_split_input_bytes,included_in_split_input_bytes,included_in_pprf_bytes,included_in_pprf_bytes,80,0.5196399688720703,4.1571197509765625,96.62147033669676,3.3766944035589357,,,,,,,,,,,,,,,,,,,,,,,,,,,,,,,,
2026-07-23T09:05:49.455383+00:00,b33a10fa7851ba0c3a26bea531ffb004f00d9365,RM_VECTOR,INCLUDING_OT,2305843009213693951,61,64,128,2,20,1048576,64,16384,8,6,0,OK,measured,PASS,tcp-loopback,0,2,0,1,0,298.344,313.556,0,0,included_in_expand_p0,included_in_expand_p1,included_in_expand_p0,included_in_expand_p1,included_in_expand_p0,included_in_expand_p1,596.015,337.399,910.508,337.399,314.493,1263.792,2,128,16384,64,1048576,2,2,tcp_two_process_loopback; tcp_two_process;,4255400,103656,103656,4255400,4359056,4359056,0,included_in_split_input_bytes,included_in_split_input_bytes,included_in_pprf_bytes,included_in_pprf_bytes,80,0.5196399688720703,4.1571197509765625,96.62147033669676,3.3766944035589357,,,,,,,,,,,,,,,,,,,,,,,,,,,,,,,,
2026-07-23T09:05:50.994757+00:00,b33a10fa7851ba0c3a26bea531ffb004f00d9365,RM_VECTOR,INCLUDING_OT,2305843009213693951,61,64,128,2,20,1048576,64,16384,8,7,0,OK,measured,PASS,tcp-loopback,0,2,0,1,0,297.625,319.425,0,0,included_in_expand_p0,included_in_expand_p1,included_in_expand_p0,included_in_expand_p1,included_in_expand_p0,included_in_expand_p1,598.255,338.58500000000004,915.416,338.58500000000004,317.161,1272.796,2,128,16384,64,1048576,2,2,tcp_two_process_loopback; tcp_two_process;,4255400,103656,103656,4255400,4359056,4359056,0,included_in_split_input_bytes,included_in_split_input_bytes,included_in_pprf_bytes,included_in_pprf_bytes,80,0.5196399688720703,4.1571197509765625,96.62147033669676,3.3766944035589357,,,,,,,,,,,,,,,,,,,,,,,,,,,,,,,,
2026-07-23T09:05:52.541563+00:00,b33a10fa7851ba0c3a26bea531ffb004f00d9365,RM_VECTOR,INCLUDING_OT,2305843009213693951,61,64,128,2,20,1048576,64,16384,8,8,0,OK,measured,PASS,tcp-loopback,0,2,0,1,0,298.07,320.755,0,0,included_in_expand_p0,included_in_expand_p1,included_in_expand_p0,included_in_expand_p1,included_in_expand_p0,included_in_expand_p1,595.615,341.09299999999996,914.427,341.09299999999996,318.812,1278.73,2,128,16384,64,1048576,2,2,tcp_two_process_loopback; tcp_two_process;,4255400,103656,103656,4255400,4359056,4359056,0,included_in_split_input_bytes,included_in_split_input_bytes,included_in_pprf_bytes,included_in_pprf_bytes,80,0.5196399688720703,4.1571197509765625,96.62147033669676,3.3766944035589357,,,,,,,,,,,,,,,,,,,,,,,,,,,,,,,,
2026-07-23T09:05:54.096548+00:00,b33a10fa7851ba0c3a26bea531ffb004f00d9365,RM_VECTOR,INCLUDING_OT,2305843009213693951,61,64,128,2,20,1048576,64,16384,8,9,0,OK,measured,PASS,tcp-loopback,0,2,0,1,0,290.103,310.17,0,0,included_in_expand_p0,included_in_expand_p1,included_in_expand_p0,included_in_expand_p1,included_in_expand_p0,included_in_expand_p1,584.601,339.404,902.3910000000001,339.404,317.79,1257.467,2,128,16384,64,1048576,2,2,tcp_two_process_loopback; tcp_two_process;,4255400,103656,103656,4255400,4359056,4359056,0,included_in_split_input_bytes,included_in_split_input_bytes,included_in_pprf_bytes,included_in_pprf_bytes,80,0.5196399688720703,4.1571197509765625,96.62147033669676,3.3766944035589357,,,,,,,,,,,,,,,,,,,,,,,,,,,,,,,,
2026-07-23T09:05:55.632997+00:00,b33a10fa7851ba0c3a26bea531ffb004f00d9365,RM_COORD,INCLUDING_OT,2305843009213693951,61,64,128,2,20,1048576,64,16384,8,-1,1,OK,measured,PASS,tcp-loopback,0,2,0,1,0,297.969,1152.879,0,0,included_in_expand_p0,included_in_expand_p1,included_in_expand_p0,included_in_expand_p1,included_in_expand_p0,included_in_expand_p1,1426.475,339.749,1747.089,339.749,320.61400000000003,2111.2110000000002,16,128,16384,64,1048576,16,16,tcp_two_process_loopback; tcp_two_process;,4681896,477848,477848,4681896,5159744,5159744,0,included_in_split_input_bytes,included_in_split_input_bytes,included_in_pprf_bytes,included_in_pprf_bytes,80,0.6150894165039062,4.92071533203125,81.62777068009575,18.370678855385073,,,,,,,,,,,,,,,,,,,,,,,,,,,,,,,,
2026-07-23T09:05:58.006576+00:00,b33a10fa7851ba0c3a26bea531ffb004f00d9365,RM_COORD,INCLUDING_OT,2305843009213693951,61,64,128,2,20,1048576,64,16384,8,0,0,OK,measured,PASS,tcp-loopback,0,2,0,1,0,299.83500000000004,1146.5430000000001,0,0,included_in_expand_p0,included_in_expand_p1,included_in_expand_p0,included_in_expand_p1,included_in_expand_p0,included_in_expand_p1,1426.043,338.175,1743.7579999999998,338.175,317.714,2102.2670000000003,16,128,16384,64,1048576,16,16,tcp_two_process_loopback; tcp_two_process;,4681896,477848,477848,4681896,5159744,5159744,0,included_in_split_input_bytes,included_in_split_input_bytes,included_in_pprf_bytes,included_in_pprf_bytes,80,0.6150894165039062,4.92071533203125,81.62777068009575,18.370678855385073,,,,,,,,,,,,,,,,,,,,,,,,,,,,,,,,
2026-07-23T09:06:00.372659+00:00,b33a10fa7851ba0c3a26bea531ffb004f00d9365,RM_COORD,INCLUDING_OT,2305843009213693951,61,64,128,2,20,1048576,64,16384,8,1,0,OK,measured,PASS,tcp-loopback,0,2,0,1,0,294.20099999999996,1148.3429999999998,0,0,included_in_expand_p0,included_in_expand_p1,included_in_expand_p0,included_in_expand_p1,included_in_expand_p0,included_in_expand_p1,1422.2379999999998,339.331,1742.077,339.331,319.838,2101.713,16,128,16384,64,1048576,16,16,tcp_two_process_loopback; tcp_two_process;,4681896,477848,477848,4681896,5159744,5159744,0,included_in_split_input_bytes,included_in_split_input_bytes,included_in_pprf_bytes,included_in_pprf_bytes,80,0.6150894165039062,4.92071533203125,81.62777068009575,18.370678855385073,,,,,,,,,,,,,,,,,,,,,,,,,,,,,,,,
2026-07-23T09:06:02.741751+00:00,b33a10fa7851ba0c3a26bea531ffb004f00d9365,RM_COORD,INCLUDING_OT,2305843009213693951,61,64,128,2,20,1048576,64,16384,8,2,0,OK,measured,PASS,tcp-loopback,0,2,0,1,0,301.145,1148.6970000000001,0,0,included_in_expand_p0,included_in_expand_p1,included_in_expand_p0,included_in_expand_p1,included_in_expand_p0,included_in_expand_p1,1429.7740000000001,338.374,1747.56,338.374,317.786,2106.002,16,128,16384,64,1048576,16,16,tcp_two_process_loopback; tcp_two_process;,4681896,477848,477848,4681896,5159744,5159744,0,included_in_split_input_bytes,included_in_split_input_bytes,included_in_pprf_bytes,included_in_pprf_bytes,80,0.6150894165039062,4.92071533203125,81.62777068009575,18.370678855385073,,,,,,,,,,,,,,,,,,,,,,,,,,,,,,,,
2026-07-23T09:06:05.112532+00:00,b33a10fa7851ba0c3a26bea531ffb004f00d9365,RM_COORD,INCLUDING_OT,2305843009213693951,61,64,128,2,20,1048576,64,16384,8,3,0,OK,measured,PASS,tcp-loopback,0,2,0,1,0,292.706,1145.89,0,0,included_in_expand_p0,included_in_expand_p1,included_in_expand_p0,included_in_expand_p1,included_in_expand_p0,included_in_expand_p1,1419.199,340.603,1740.483,340.603,321.284,2100.483,16,128,16384,64,1048576,16,16,tcp_two_process_loopback; tcp_two_process;,4681896,477848,477848,4681896,5159744,5159744,0,included_in_split_input_bytes,included_in_split_input_bytes,included_in_pprf_bytes,included_in_pprf_bytes,80,0.6150894165039062,4.92071533203125,81.62777068009575,18.370678855385073,,,,,,,,,,,,,,,,,,,,,,,,,,,,,,,,
2026-07-23T09:06:07.479130+00:00,b33a10fa7851ba0c3a26bea531ffb004f00d9365,RM_COORD,INCLUDING_OT,2305843009213693951,61,64,128,2,20,1048576,64,16384,8,4,0,OK,measured,PASS,tcp-loopback,0,2,0,1,0,298.557,1147.598,0,0,included_in_expand_p0,included_in_expand_p1,included_in_expand_p0,included_in_expand_p1,included_in_expand_p0,included_in_expand_p1,1426.671,338.697,1745.671,338.697,319.0,2103.852,16,128,16384,64,1048576,16,16,tcp_two_process_loopback; tcp_two_process;,4681896,477848,477848,4681896,5159744,5159744,0,included_in_split_input_bytes,included_in_split_input_bytes,included_in_pprf_bytes,included_in_pprf_bytes,80,0.6150894165039062,4.92071533203125,81.62777068009575,18.370678855385073,,,,,,,,,,,,,,,,,,,,,,,,,,,,,,,,
2026-07-23T09:06:09.849292+00:00,b33a10fa7851ba0c3a26bea531ffb004f00d9365,RM_COORD,INCLUDING_OT,2305843009213693951,61,64,128,2,20,1048576,64,16384,8,5,0,OK,measured,PASS,tcp-loopback,0,2,0,1,0,296.263,1147.734,0,0,included_in_expand_p0,included_in_expand_p1,included_in_expand_p0,included_in_expand_p1,included_in_expand_p0,included_in_expand_p1,1424.7240000000002,342.387,1745.687,342.387,320.963,2107.3469999999998,16,128,16384,64,1048576,16,16,tcp_two_process_loopback; tcp_two_process;,4681896,477848,477848,4681896,5159744,5159744,0,included_in_split_input_bytes,included_in_split_input_bytes,included_in_pprf_bytes,included_in_pprf_bytes,80,0.6150894165039062,4.92071533203125,81.62777068009575,18.370678855385073,,,,,,,,,,,,,,,,,,,,,,,,,,,,,,,,
2026-07-23T09:06:12.217776+00:00,b33a10fa7851ba0c3a26bea531ffb004f00d9365,RM_COORD,INCLUDING_OT,2305843009213693951,61,64,128,2,20,1048576,64,16384,8,6,0,OK,measured,PASS,tcp-loopback,0,2,0,1,0,293.805,1149.645,0,0,included_in_expand_p0,included_in_expand_p1,included_in_expand_p0,included_in_expand_p1,included_in_expand_p0,included_in_expand_p1,1419.887,339.60200000000003,1747.1000000000001,339.60200000000003,327.21299999999997,2110.2650000000003,16,128,16384,64,1048576,16,16,tcp_two_process_loopback; tcp_two_process;,4681896,477848,477848,4681896,5159744,5159744,0,included_in_split_input_bytes,included_in_split_input_bytes,included_in_pprf_bytes,included_in_pprf_bytes,80,0.6150894165039062,4.92071533203125,81.62777068009575,18.370678855385073,,,,,,,,,,,,,,,,,,,,,,,,,,,,,,,,
2026-07-23T09:06:14.585688+00:00,b33a10fa7851ba0c3a26bea531ffb004f00d9365,RM_COORD,INCLUDING_OT,2305843009213693951,61,64,128,2,20,1048576,64,16384,8,7,0,OK,measured,PASS,tcp-loopback,0,2,0,1,0,293.124,1148.0049999999999,0,0,included_in_expand_p0,included_in_expand_p1,included_in_expand_p0,included_in_expand_p1,included_in_expand_p0,included_in_expand_p1,1415.827,340.09299999999996,1734.839,340.09299999999996,319.012,2100.234,16,128,16384,64,1048576,16,16,tcp_two_process_loopback; tcp_two_process;,4681896,477848,477848,4681896,5159744,5159744,0,included_in_split_input_bytes,included_in_split_input_bytes,included_in_pprf_bytes,included_in_pprf_bytes,80,0.6150894165039062,4.92071533203125,81.62777068009575,18.370678855385073,,,,,,,,,,,,,,,,,,,,,,,,,,,,,,,,
2026-07-23T09:06:16.950875+00:00,b33a10fa7851ba0c3a26bea531ffb004f00d9365,RM_COORD,INCLUDING_OT,2305843009213693951,61,64,128,2,20,1048576,64,16384,8,8,0,OK,measured,PASS,tcp-loopback,0,2,0,1,0,298.002,1145.563,0,0,included_in_expand_p0,included_in_expand_p1,included_in_expand_p0,included_in_expand_p1,included_in_expand_p0,included_in_expand_p1,1419.535,343.457,1741.1970000000001,343.457,321.662,2108.6839999999997,16,128,16384,64,1048576,16,16,tcp_two_process_loopback; tcp_two_process;,4681896,477848,477848,4681896,5159744,5159744,0,included_in_split_input_bytes,included_in_split_input_bytes,included_in_pprf_bytes,included_in_pprf_bytes,80,0.6150894165039062,4.92071533203125,81.62777068009575,18.370678855385073,,,,,,,,,,,,,,,,,,,,,,,,,,,,,,,,
2026-07-23T09:06:19.317197+00:00,b33a10fa7851ba0c3a26bea531ffb004f00d9365,RM_COORD,INCLUDING_OT,2305843009213693951,61,64,128,2,20,1048576,64,16384,8,9,0,OK,measured,PASS,tcp-loopback,0,2,0,1,0,297.825,1153.657,0,0,included_in_expand_p0,included_in_expand_p1,included_in_expand_p0,included_in_expand_p1,included_in_expand_p0,included_in_expand_p1,1427.334,342.094,1750.9099999999999,342.094,323.57599999999996,2117.152,16,128,16384,64,1048576,16,16,tcp_two_process_loopback; tcp_two_process;,4681896,477848,477848,4681896,5159744,5159744,0,included_in_split_input_bytes,included_in_split_input_bytes,included_in_pprf_bytes,included_in_pprf_bytes,80,0.6150894165039062,4.92071533203125,81.62777068009575,18.370678855385073,,,,,,,,,,,,,,,,,,,,,,,,,,,,,,,,
2026-07-23T09:06:21.693027+00:00,b33a10fa7851ba0c3a26bea531ffb004f00d9365,RM_VECTOR,INCLUDING_OT,2305843009213693951,61,64,128,2,20,1048576,64,16384,16,-1,1,OK,measured,PASS,tcp-loopback,0,2,0,1,0,395.867,510.09099999999995,0,0,included_in_expand_p0,included_in_expand_p1,included_in_expand_p0,included_in_expand_p1,included_in_expand_p0,included_in_expand_p1,856.688,697.6569999999999,1540.163,697.6569999999999,683.475,2287.0899999999997,2,128,16384,64,1048576,2,2,tcp_two_process_loopback; tcp_two_process;,16838376,153832,153832,16838376,16992208,16992208,0,included_in_split_input_bytes,included_in_split_input_bytes,included_in_pprf_bytes,included_in_pprf_bytes,144,1.0128145217895508,8.102516174316406,98.94007888792322,1.0590736648233119,,,,,,,,,,,,,,,,,,,,,,,,,,,,,,,,
2026-07-23T09:06:24.126916+00:00,b33a10fa7851ba0c3a26bea531ffb004f00d9365,RM_VECTOR,INCLUDING_OT,2305843009213693951,61,64,128,2,20,1048576,64,16384,16,0,0,OK,measured,PASS,tcp-loopback,0,2,0,1,0,389.095,512.412,0,0,included_in_expand_p0,included_in_expand_p1,included_in_expand_p0,included_in_expand_p1,included_in_expand_p0,included_in_expand_p1,853.793,696.323,1531.2969999999998,696.323,677.5029999999999,2275.3329999999996,2,128,16384,64,1048576,2,2,tcp_two_process_loopback; tcp_two_process;,16838376,153832,153832,16838376,16992208,16992208,0,included_in_split_input_bytes,included_in_split_input_bytes,included_in_pprf_bytes,included_in_pprf_bytes,144,1.0128145217895508,8.102516174316406,98.94007888792322,1.0590736648233119,,,,,,,,,,,,,,,,,,,,,,,,,,,,,,,,
2026-07-23T09:06:26.559867+00:00,b33a10fa7851ba0c3a26bea531ffb004f00d9365,RM_VECTOR,INCLUDING_OT,2305843009213693951,61,64,128,2,20,1048576,64,16384,16,1,0,OK,measured,PASS,tcp-loopback,0,2,0,1,0,402.901,515.798,0,0,included_in_expand_p0,included_in_expand_p1,included_in_expand_p0,included_in_expand_p1,included_in_expand_p0,included_in_expand_p1,867.986,695.5029999999999,1547.105,695.5029999999999,679.119,2293.321,2,128,16384,64,1048576,2,2,tcp_two_process_loopback; tcp_two_process;,16838376,153832,153832,16838376,16992208,16992208,0,included_in_split_input_bytes,included_in_split_input_bytes,included_in_pprf_bytes,included_in_pprf_bytes,144,1.0128145217895508,8.102516174316406,98.94007888792322,1.0590736648233119,,,,,,,,,,,,,,,,,,,,,,,,,,,,,,,,
2026-07-23T09:06:29.004242+00:00,b33a10fa7851ba0c3a26bea531ffb004f00d9365,RM_VECTOR,INCLUDING_OT,2305843009213693951,61,64,128,2,20,1048576,64,16384,16,2,0,OK,measured,PASS,tcp-loopback,0,2,0,1,0,396.14500000000004,509.753,0,0,included_in_expand_p0,included_in_expand_p1,included_in_expand_p0,included_in_expand_p1,included_in_expand_p0,included_in_expand_p1,857.971,700.6949999999999,1543.125,700.6949999999999,685.154,2291.747,2,128,16384,64,1048576,2,2,tcp_two_process_loopback; tcp_two_process;,16838376,153832,153832,16838376,16992208,16992208,0,included_in_split_input_bytes,included_in_split_input_bytes,included_in_pprf_bytes,included_in_pprf_bytes,144,1.0128145217895508,8.102516174316406,98.94007888792322,1.0590736648233119,,,,,,,,,,,,,,,,,,,,,,,,,,,,,,,,
2026-07-23T09:06:31.439287+00:00,b33a10fa7851ba0c3a26bea531ffb004f00d9365,RM_VECTOR,INCLUDING_OT,2305843009213693951,61,64,128,2,20,1048576,64,16384,16,3,0,OK,measured,PASS,tcp-loopback,0,2,0,1,0,397.66200000000003,514.334,0,0,included_in_expand_p0,included_in_expand_p1,included_in_expand_p0,included_in_expand_p1,included_in_expand_p0,included_in_expand_p1,863.545,692.847,1542.087,692.847,678.542,2283.3849999999998,2,128,16384,64,1048576,2,2,tcp_two_process_loopback; tcp_two_process;,16838376,153832,153832,16838376,16992208,16992208,0,included_in_split_input_bytes,included_in_split_input_bytes,included_in_pprf_bytes,included_in_pprf_bytes,144,1.0128145217895508,8.102516174316406,98.94007888792322,1.0590736648233119,,,,,,,,,,,,,,,,,,,,,,,,,,,,,,,,
2026-07-23T09:06:33.874015+00:00,b33a10fa7851ba0c3a26bea531ffb004f00d9365,RM_VECTOR,INCLUDING_OT,2305843009213693951,61,64,128,2,20,1048576,64,16384,16,4,0,OK,measured,PASS,tcp-loopback,0,2,0,1,0,396.65099999999995,517.893,0,0,included_in_expand_p0,included_in_expand_p1,included_in_expand_p0,included_in_expand_p1,included_in_expand_p0,included_in_expand_p1,864.487,693.0070000000001,1543.394,693.0070000000001,678.907,2286.458,2,128,16384,64,1048576,2,2,tcp_two_process_loopback; tcp_two_process;,16838376,153832,153832,16838376,16992208,16992208,0,included_in_split_input_bytes,included_in_split_input_bytes,included_in_pprf_bytes,included_in_pprf_bytes,144,1.0128145217895508,8.102516174316406,98.94007888792322,1.0590736648233119,,,,,,,,,,,,,,,,,,,,,,,,,,,,,,,,
2026-07-23T09:06:36.308081+00:00,b33a10fa7851ba0c3a26bea531ffb004f00d9365,RM_VECTOR,INCLUDING_OT,2305843009213693951,61,64,128,2,20,1048576,64,16384,16,5,0,OK,measured,PASS,tcp-loopback,0,2,0,1,0,394.128,510.934,0,0,included_in_expand_p0,included_in_expand_p1,included_in_expand_p0,included_in_expand_p1,included_in_expand_p0,included_in_expand_p1,856.435,692.3249999999999,1533.185,692.3249999999999,676.75,2274.1369999999997,2,128,16384,64,1048576,2,2,tcp_two_process_loopback; tcp_two_process;,16838376,153832,153832,16838376,16992208,16992208,0,included_in_split_input_bytes,included_in_split_input_bytes,included_in_pprf_bytes,included_in_pprf_bytes,144,1.0128145217895508,8.102516174316406,98.94007888792322,1.0590736648233119,,,,,,,,,,,,,,,,,,,,,,,,,,,,,,,,
2026-07-23T09:06:38.737465+00:00,b33a10fa7851ba0c3a26bea531ffb004f00d9365,RM_VECTOR,INCLUDING_OT,2305843009213693951,61,64,128,2,20,1048576,64,16384,16,6,0,OK,measured,PASS,tcp-loopback,0,2,0,1,0,397.519,514.082,0,0,included_in_expand_p0,included_in_expand_p1,included_in_expand_p0,included_in_expand_p1,included_in_expand_p0,included_in_expand_p1,863.992,691.7149999999999,1544.16,691.7149999999999,680.168,2283.484,2,128,16384,64,1048576,2,2,tcp_two_process_loopback; tcp_two_process;,16838376,153832,153832,16838376,16992208,16992208,0,included_in_split_input_bytes,included_in_split_input_bytes,included_in_pprf_bytes,included_in_pprf_bytes,144,1.0128145217895508,8.102516174316406,98.94007888792322,1.0590736648233119,,,,,,,,,,,,,,,,,,,,,,,,,,,,,,,,
2026-07-23T09:06:41.166422+00:00,b33a10fa7851ba0c3a26bea531ffb004f00d9365,RM_VECTOR,INCLUDING_OT,2305843009213693951,61,64,128,2,20,1048576,64,16384,16,7,0,OK,measured,PASS,tcp-loopback,0,2,0,1,0,393.29900000000004,522.764,0,0,included_in_expand_p0,included_in_expand_p1,included_in_expand_p0,included_in_expand_p1,included_in_expand_p0,included_in_expand_p1,861.559,694.579,1542.581,694.579,681.023,2291.665,2,128,16384,64,1048576,2,2,tcp_two_process_loopback; tcp_two_process;,16838376,153832,153832,16838376,16992208,16992208,0,included_in_split_input_bytes,included_in_split_input_bytes,included_in_pprf_bytes,included_in_pprf_bytes,144,1.0128145217895508,8.102516174316406,98.94007888792322,1.0590736648233119,,,,,,,,,,,,,,,,,,,,,,,,,,,,,,,,
2026-07-23T09:06:43.613601+00:00,b33a10fa7851ba0c3a26bea531ffb004f00d9365,RM_VECTOR,INCLUDING_OT,2305843009213693951,61,64,128,2,20,1048576,64,16384,16,8,0,OK,measured,PASS,tcp-loopback,0,2,0,1,0,396.275,516.437,0,0,included_in_expand_p0,included_in_expand_p1,included_in_expand_p0,included_in_expand_p1,included_in_expand_p0,included_in_expand_p1,859.158,689.8689999999999,1536.98,689.8689999999999,677.822,2280.403,2,128,16384,64,1048576,2,2,tcp_two_process_loopback; tcp_two_process;,16838376,153832,153832,16838376,16992208,16992208,0,included_in_split_input_bytes,included_in_split_input_bytes,included_in_pprf_bytes,included_in_pprf_bytes,144,1.0128145217895508,8.102516174316406,98.94007888792322,1.0590736648233119,,,,,,,,,,,,,,,,,,,,,,,,,,,,,,,,
2026-07-23T09:06:46.043256+00:00,b33a10fa7851ba0c3a26bea531ffb004f00d9365,RM_VECTOR,INCLUDING_OT,2305843009213693951,61,64,128,2,20,1048576,64,16384,16,9,0,OK,measured,PASS,tcp-loopback,0,2,0,1,0,395.786,515.428,0,0,included_in_expand_p0,included_in_expand_p1,included_in_expand_p0,included_in_expand_p1,included_in_expand_p0,included_in_expand_p1,861.034,696.554,1542.9740000000002,696.554,681.939,2289.707,2,128,16384,64,1048576,2,2,tcp_two_process_loopback; tcp_two_process;,16838376,153832,153832,16838376,16992208,16992208,0,included_in_split_input_bytes,included_in_split_input_bytes,included_in_pprf_bytes,included_in_pprf_bytes,144,1.0128145217895508,8.102516174316406,98.94007888792322,1.0590736648233119,,,,,,,,,,,,,,,,,,,,,,,,,,,,,,,,
2026-07-23T09:06:48.482760+00:00,b33a10fa7851ba0c3a26bea531ffb004f00d9365,RM_COORD,INCLUDING_OT,2305843009213693951,61,64,128,2,20,1048576,64,16384,16,-1,1,OK,measured,PASS,tcp-loopback,0,2,0,1,0,397.52500000000003,2292.532,0,0,included_in_expand_p0,included_in_expand_p1,included_in_expand_p0,included_in_expand_p1,included_in_expand_p0,included_in_expand_p1,2645.0170000000003,689.698,3321.5080000000003,689.698,676.491,4056.246,32,128,16384,64,1048576,32,32,tcp_two_process_loopback; tcp_two_process;,17752296,955672,955672,17752296,18707968,18707968,0,included_in_split_input_bytes,included_in_split_input_bytes,included_in_pprf_bytes,included_in_pprf_bytes,144,1.115081787109375,8.920654296875,89.86600789567312,10.133222378828101,,,,,,,,,,,,,,,,,,,,,,,,,,,,,,,,
2026-07-23T09:06:52.610998+00:00,b33a10fa7851ba0c3a26bea531ffb004f00d9365,RM_COORD,INCLUDING_OT,2305843009213693951,61,64,128,2,20,1048576,64,16384,16,0,0,OK,measured,PASS,tcp-loopback,0,2,0,1,0,396.88800000000003,2290.773,0,0,included_in_expand_p0,included_in_expand_p1,included_in_expand_p0,included_in_expand_p1,included_in_expand_p0,included_in_expand_p1,2642.677,691.289,3314.9829999999997,691.289,672.3059999999999,4051.256,32,128,16384,64,1048576,32,32,tcp_two_process_loopback; tcp_two_process;,17752296,955672,955672,17752296,18707968,18707968,0,included_in_split_input_bytes,included_in_split_input_bytes,included_in_pprf_bytes,included_in_pprf_bytes,144,1.115081787109375,8.920654296875,89.86600789567312,10.133222378828101,,,,,,,,,,,,,,,,,,,,,,,,,,,,,,,,
2026-07-23T09:06:56.731761+00:00,b33a10fa7851ba0c3a26bea531ffb004f00d9365,RM_COORD,INCLUDING_OT,2305843009213693951,61,64,128,2,20,1048576,64,16384,16,1,0,OK,measured,PASS,tcp-loopback,0,2,0,1,0,395.266,2306.85,0,0,included_in_expand_p0,included_in_expand_p1,included_in_expand_p0,included_in_expand_p1,included_in_expand_p0,included_in_expand_p1,2656.0730000000003,695.451,3339.082,695.451,683.009,4080.576,32,128,16384,64,1048576,32,32,tcp_two_process_loopback; tcp_two_process;,17752296,955672,955672,17752296,18707968,18707968,0,included_in_split_input_bytes,included_in_split_input_bytes,included_in_pprf_bytes,included_in_pprf_bytes,144,1.115081787109375,8.920654296875,89.86600789567312,10.133222378828101,,,,,,,,,,,,,,,,,,,,,,,,,,,,,,,,
2026-07-23T09:07:00.877420+00:00,b33a10fa7851ba0c3a26bea531ffb004f00d9365,RM_COORD,INCLUDING_OT,2305843009213693951,61,64,128,2,20,1048576,64,16384,16,2,0,OK,measured,PASS,tcp-loopback,0,2,0,1,0,397.464,2293.266,0,0,included_in_expand_p0,included_in_expand_p1,included_in_expand_p0,included_in_expand_p1,included_in_expand_p0,included_in_expand_p1,2645.504,687.183,3318.7129999999997,687.183,673.209,4051.122,32,128,16384,64,1048576,32,32,tcp_two_process_loopback; tcp_two_process;,17752296,955672,955672,17752296,18707968,18707968,0,included_in_split_input_bytes,included_in_split_input_bytes,included_in_pprf_bytes,included_in_pprf_bytes,144,1.115081787109375,8.920654296875,89.86600789567312,10.133222378828101,,,,,,,,,,,,,,,,,,,,,,,,,,,,,,,,
2026-07-23T09:07:05.000416+00:00,b33a10fa7851ba0c3a26bea531ffb004f00d9365,RM_COORD,INCLUDING_OT,2305843009213693951,61,64,128,2,20,1048576,64,16384,16,3,0,OK,measured,PASS,tcp-loopback,0,2,0,1,0,392.755,2293.2999999999997,0,0,included_in_expand_p0,included_in_expand_p1,included_in_expand_p0,included_in_expand_p1,included_in_expand_p0,included_in_expand_p1,2642.376,690.846,3319.133,690.846,676.756,4053.6569999999997,32,128,16384,64,1048576,32,32,tcp_two_process_loopback; tcp_two_process;,17752296,955672,955672,17752296,18707968,18707968,0,included_in_split_input_bytes,included_in_split_input_bytes,included_in_pprf_bytes,included_in_pprf_bytes,144,1.115081787109375,8.920654296875,89.86600789567312,10.133222378828101,,,,,,,,,,,,,,,,,,,,,,,,,,,,,,,,
2026-07-23T09:07:09.123913+00:00,b33a10fa7851ba0c3a26bea531ffb004f00d9365,RM_COORD,INCLUDING_OT,2305843009213693951,61,64,128,2,20,1048576,64,16384,16,4,0,OK,measured,PASS,tcp-loopback,0,2,0,1,0,389.601,2296.68,0,0,included_in_expand_p0,included_in_expand_p1,included_in_expand_p0,included_in_expand_p1,included_in_expand_p0,included_in_expand_p1,2642.176,686.678,3315.5130000000004,686.678,673.338,4046.2969999999996,32,128,16384,64,1048576,32,32,tcp_two_process_loopback; tcp_two_process;,17752296,955672,955672,17752296,18707968,18707968,0,included_in_split_input_bytes,included_in_split_input_bytes,included_in_pprf_bytes,included_in_pprf_bytes,144,1.115081787109375,8.920654296875,89.86600789567312,10.133222378828101,,,,,,,,,,,,,,,,,,,,,,,,,,,,,,,,
2026-07-23T09:07:13.247349+00:00,b33a10fa7851ba0c3a26bea531ffb004f00d9365,RM_COORD,INCLUDING_OT,2305843009213693951,61,64,128,2,20,1048576,64,16384,16,5,0,OK,measured,PASS,tcp-loopback,0,2,0,1,0,394.61899999999997,2283.6789999999996,0,0,included_in_expand_p0,included_in_expand_p1,included_in_expand_p0,included_in_expand_p1,included_in_expand_p0,included_in_expand_p1,2636.644,686.466,3309.798,686.466,673.154,4037.9179999999997,32,128,16384,64,1048576,32,32,tcp_two_process_loopback; tcp_two_process;,17752296,955672,955672,17752296,18707968,18707968,0,included_in_split_input_bytes,included_in_split_input_bytes,included_in_pprf_bytes,included_in_pprf_bytes,144,1.115081787109375,8.920654296875,89.86600789567312,10.133222378828101,,,,,,,,,,,,,,,,,,,,,,,,,,,,,,,,
2026-07-23T09:07:17.360286+00:00,b33a10fa7851ba0c3a26bea531ffb004f00d9365,RM_COORD,INCLUDING_OT,2305843009213693951,61,64,128,2,20,1048576,64,16384,16,6,0,OK,measured,PASS,tcp-loopback,0,2,0,1,0,400.26800000000003,2289.586,0,0,included_in_expand_p0,included_in_expand_p1,included_in_expand_p0,included_in_expand_p1,included_in_expand_p0,included_in_expand_p1,2642.524,689.971,3321.6899999999996,689.971,679.166,4058.991,32,128,16384,64,1048576,32,32,tcp_two_process_loopback; tcp_two_process;,17752296,955672,955672,17752296,18707968,18707968,0,included_in_split_input_bytes,included_in_split_input_bytes,included_in_pprf_bytes,included_in_pprf_bytes,144,1.115081787109375,8.920654296875,89.86600789567312,10.133222378828101,,,,,,,,,,,,,,,,,,,,,,,,,,,,,,,,
2026-07-23T09:07:21.487215+00:00,b33a10fa7851ba0c3a26bea531ffb004f00d9365,RM_COORD,INCLUDING_OT,2305843009213693951,61,64,128,2,20,1048576,64,16384,16,7,0,OK,measured,PASS,tcp-loopback,0,2,0,1,0,395.241,2288.444,0,0,included_in_expand_p0,included_in_expand_p1,included_in_expand_p0,included_in_expand_p1,included_in_expand_p0,included_in_expand_p1,2638.395,690.62,3314.4779999999996,690.62,676.083,4050.388,32,128,16384,64,1048576,32,32,tcp_two_process_loopback; tcp_two_process;,17752296,955672,955672,17752296,18707968,18707968,0,included_in_split_input_bytes,included_in_split_input_bytes,included_in_pprf_bytes,included_in_pprf_bytes,144,1.115081787109375,8.920654296875,89.86600789567312,10.133222378828101,,,,,,,,,,,,,,,,,,,,,,,,,,,,,,,,
2026-07-23T09:07:25.607970+00:00,b33a10fa7851ba0c3a26bea531ffb004f00d9365,RM_COORD,INCLUDING_OT,2305843009213693951,61,64,128,2,20,1048576,64,16384,16,8,0,OK,measured,PASS,tcp-loopback,0,2,0,1,0,397.325,2298.7690000000002,0,0,included_in_expand_p0,included_in_expand_p1,included_in_expand_p0,included_in_expand_p1,included_in_expand_p0,included_in_expand_p1,2650.7290000000003,690.991,3329.586,690.991,678.856,4065.941,32,128,16384,64,1048576,32,32,tcp_two_process_loopback; tcp_two_process;,17752296,955672,955672,17752296,18707968,18707968,0,included_in_split_input_bytes,included_in_split_input_bytes,included_in_pprf_bytes,included_in_pprf_bytes,144,1.115081787109375,8.920654296875,89.86600789567312,10.133222378828101,,,,,,,,,,,,,,,,,,,,,,,,,,,,,,,,
2026-07-23T09:07:29.740114+00:00,b33a10fa7851ba0c3a26bea531ffb004f00d9365,RM_COORD,INCLUDING_OT,2305843009213693951,61,64,128,2,20,1048576,64,16384,16,9,0,OK,measured,PASS,tcp-loopback,0,2,0,1,0,395.621,2305.4320000000002,0,0,included_in_expand_p0,included_in_expand_p1,included_in_expand_p0,included_in_expand_p1,included_in_expand_p0,included_in_expand_p1,2655.957,695.159,3338.428,695.159,682.471,4078.6830000000004,32,128,16384,64,1048576,32,32,tcp_two_process_loopback; tcp_two_process;,17752296,955672,955672,17752296,18707968,18707968,0,included_in_split_input_bytes,included_in_split_input_bytes,included_in_pprf_bytes,included_in_pprf_bytes,144,1.115081787109375,8.920654296875,89.86600789567312,10.133222378828101,,,,,,,,,,,,,,,,,,,,,,,,,,,,,,,,
2026-07-23T09:07:33.885080+00:00,b33a10fa7851ba0c3a26bea531ffb004f00d9365,RM_VECTOR,INCLUDING_OT,2305843009213693951,61,64,128,2,20,1048576,64,16384,32,-1,1,OK,measured,PASS,tcp-loopback,0,2,0,1,0,647.738,948.967,0,0,included_in_expand_p0,included_in_expand_p1,included_in_expand_p0,included_in_expand_p1,included_in_expand_p0,included_in_expand_p1,1432.623,1459.2130000000002,2867.17,1459.2130000000002,1434.546,4490.464,2,128,16384,64,1048576,2,2,tcp_two_process_loopback; tcp_two_process;,67170152,254184,254184,67170152,67424336,67424336,0,included_in_split_input_bytes,included_in_split_input_bytes,included_in_pprf_bytes,included_in_pprf_bytes,272,2.009401798248291,16.075214385986328,99.63549066319318,0.36410592163636585,,,,,,,,,,,,,,,,,,,,,,,,,,,,,,,,
2026-07-23T09:07:38.203209+00:00,b33a10fa7851ba0c3a26bea531ffb004f00d9365,RM_VECTOR,INCLUDING_OT,2305843009213693951,61,64,128,2,20,1048576,64,16384,32,0,0,OK,measured,PASS,tcp-loopback,0,2,0,1,0,643.1510000000001,948.4200000000001,0,0,included_in_expand_p0,included_in_expand_p1,included_in_expand_p0,included_in_expand_p1,included_in_expand_p0,included_in_expand_p1,1435.144,1467.649,2902.794,1451.193,1467.649,4510.4130000000005,2,128,16384,64,1048576,2,2,tcp_two_process_loopback; tcp_two_process;,67170152,254184,254184,67170152,67424336,67424336,0,included_in_split_input_bytes,included_in_split_input_bytes,included_in_pprf_bytes,included_in_pprf_bytes,272,2.009401798248291,16.075214385986328,99.63549066319318,0.36410592163636585,,,,,,,,,,,,,,,,,,,,,,,,,,,,,,,,
2026-07-23T09:07:42.520090+00:00,b33a10fa7851ba0c3a26bea531ffb004f00d9365,RM_VECTOR,INCLUDING_OT,2305843009213693951,61,64,128,2,20,1048576,64,16384,32,1,0,OK,measured,PASS,tcp-loopback,0,2,0,1,0,646.121,936.158,0,0,included_in_expand_p0,included_in_expand_p1,included_in_expand_p0,included_in_expand_p1,included_in_expand_p0,included_in_expand_p1,1431.865,1453.035,2879.1980000000003,1453.035,1447.333,4482.647000000001,2,128,16384,64,1048576,2,2,tcp_two_process_loopback; tcp_two_process;,67170152,254184,254184,67170152,67424336,67424336,0,included_in_split_input_bytes,included_in_split_input_bytes,included_in_pprf_bytes,included_in_pprf_bytes,272,2.009401798248291,16.075214385986328,99.63549066319318,0.36410592163636585,,,,,,,,,,,,,,,,,,,,,,,,,,,,,,,,
2026-07-23T09:07:46.817704+00:00,b33a10fa7851ba0c3a26bea531ffb004f00d9365,RM_VECTOR,INCLUDING_OT,2305843009213693951,61,64,128,2,20,1048576,64,16384,32,2,0,OK,measured,PASS,tcp-loopback,0,2,0,1,0,648.3330000000001,948.16,0,0,included_in_expand_p0,included_in_expand_p1,included_in_expand_p0,included_in_expand_p1,included_in_expand_p0,included_in_expand_p1,1432.1699999999998,1455.115,2864.546,1455.115,1432.3760000000002,4483.984,2,128,16384,64,1048576,2,2,tcp_two_process_loopback; tcp_two_process;,67170152,254184,254184,67170152,67424336,67424336,0,included_in_split_input_bytes,included_in_split_input_bytes,included_in_pprf_bytes,included_in_pprf_bytes,272,2.009401798248291,16.075214385986328,99.63549066319318,0.36410592163636585,,,,,,,,,,,,,,,,,,,,,,,,,,,,,,,,
2026-07-23T09:07:51.135336+00:00,b33a10fa7851ba0c3a26bea531ffb004f00d9365,RM_VECTOR,INCLUDING_OT,2305843009213693951,61,64,128,2,20,1048576,64,16384,32,3,0,OK,measured,PASS,tcp-loopback,0,2,0,1,0,646.8660000000001,949.6419999999999,0,0,included_in_expand_p0,included_in_expand_p1,included_in_expand_p0,included_in_expand_p1,included_in_expand_p0,included_in_expand_p1,1438.972,1476.368,2915.3410000000003,1457.504,1476.368,4530.379999999999,2,128,16384,64,1048576,2,2,tcp_two_process_loopback; tcp_two_process;,67170152,254184,254184,67170152,67424336,67424336,0,included_in_split_input_bytes,included_in_split_input_bytes,included_in_pprf_bytes,included_in_pprf_bytes,272,2.009401798248291,16.075214385986328,99.63549066319318,0.36410592163636585,,,,,,,,,,,,,,,,,,,,,,,,,,,,,,,,
2026-07-23T09:07:55.456100+00:00,b33a10fa7851ba0c3a26bea531ffb004f00d9365,RM_VECTOR,INCLUDING_OT,2305843009213693951,61,64,128,2,20,1048576,64,16384,32,4,0,OK,measured,PASS,tcp-loopback,0,2,0,1,0,648.646,941.951,0,0,included_in_expand_p0,included_in_expand_p1,included_in_expand_p0,included_in_expand_p1,included_in_expand_p0,included_in_expand_p1,1428.885,1460.607,2867.895,1460.607,1439.01,4490.214,2,128,16384,64,1048576,2,2,tcp_two_process_loopback; tcp_two_process;,67170152,254184,254184,67170152,67424336,67424336,0,included_in_split_input_bytes,included_in_split_input_bytes,included_in_pprf_bytes,included_in_pprf_bytes,272,2.009401798248291,16.075214385986328,99.63549066319318,0.36410592163636585,,,,,,,,,,,,,,,,,,,,,,,,,,,,,,,,
2026-07-23T09:07:59.773545+00:00,b33a10fa7851ba0c3a26bea531ffb004f00d9365,RM_VECTOR,INCLUDING_OT,2305843009213693951,61,64,128,2,20,1048576,64,16384,32,5,0,OK,measured,PASS,tcp-loopback,0,2,0,1,0,644.614,938.727,0,0,included_in_expand_p0,included_in_expand_p1,included_in_expand_p0,included_in_expand_p1,included_in_expand_p0,included_in_expand_p1,1433.385,1454.317,2884.0150000000003,1454.317,1450.63,4488.2880000000005,2,128,16384,64,1048576,2,2,tcp_two_process_loopback; tcp_two_process;,67170152,254184,254184,67170152,67424336,67424336,0,included_in_split_input_bytes,included_in_split_input_bytes,included_in_pprf_bytes,included_in_pprf_bytes,272,2.009401798248291,16.075214385986328,99.63549066319318,0.36410592163636585,,,,,,,,,,,,,,,,,,,,,,,,,,,,,,,,
2026-07-23T09:08:04.072448+00:00,b33a10fa7851ba0c3a26bea531ffb004f00d9365,RM_VECTOR,INCLUDING_OT,2305843009213693951,61,64,128,2,20,1048576,64,16384,32,6,0,OK,measured,PASS,tcp-loopback,0,2,0,1,0,645.636,948.356,0,0,included_in_expand_p0,included_in_expand_p1,included_in_expand_p0,included_in_expand_p1,included_in_expand_p0,included_in_expand_p1,1438.9579999999999,1464.371,2887.136,1464.371,1448.1779999999999,4506.541,2,128,16384,64,1048576,2,2,tcp_two_process_loopback; tcp_two_process;,67170152,254184,254184,67170152,67424336,67424336,0,included_in_split_input_bytes,included_in_split_input_bytes,included_in_pprf_bytes,included_in_pprf_bytes,272,2.009401798248291,16.075214385986328,99.63549066319318,0.36410592163636585,,,,,,,,,,,,,,,,,,,,,,,,,,,,,,,,
2026-07-23T09:08:08.394205+00:00,b33a10fa7851ba0c3a26bea531ffb004f00d9365,RM_VECTOR,INCLUDING_OT,2305843009213693951,61,64,128,2,20,1048576,64,16384,32,7,0,OK,measured,PASS,tcp-loopback,0,2,0,1,0,649.548,945.954,0,0,included_in_expand_p0,included_in_expand_p1,included_in_expand_p0,included_in_expand_p1,included_in_expand_p0,included_in_expand_p1,1431.6960000000001,1463.002,2873.1749999999997,1463.002,1441.478,4499.982,2,128,16384,64,1048576,2,2,tcp_two_process_loopback; tcp_two_process;,67170152,254184,254184,67170152,67424336,67424336,0,included_in_split_input_bytes,included_in_split_input_bytes,included_in_pprf_bytes,included_in_pprf_bytes,272,2.009401798248291,16.075214385986328,99.63549066319318,0.36410592163636585,,,,,,,,,,,,,,,,,,,,,,,,,,,,,,,,
2026-07-23T09:08:12.724604+00:00,b33a10fa7851ba0c3a26bea531ffb004f00d9365,RM_VECTOR,INCLUDING_OT,2305843009213693951,61,64,128,2,20,1048576,64,16384,32,8,0,OK,measured,PASS,tcp-loopback,0,2,0,1,0,647.393,947.469,0,0,included_in_expand_p0,included_in_expand_p1,included_in_expand_p0,included_in_expand_p1,included_in_expand_p0,included_in_expand_p1,1438.814,1456.7,2895.514,1449.503,1456.7,4501.065,2,128,16384,64,1048576,2,2,tcp_two_process_loopback; tcp_two_process;,67170152,254184,254184,67170152,67424336,67424336,0,included_in_split_input_bytes,included_in_split_input_bytes,included_in_pprf_bytes,included_in_pprf_bytes,272,2.009401798248291,16.075214385986328,99.63549066319318,0.36410592163636585,,,,,,,,,,,,,,,,,,,,,,,,,,,,,,,,
2026-07-23T09:08:17.040130+00:00,b33a10fa7851ba0c3a26bea531ffb004f00d9365,RM_VECTOR,INCLUDING_OT,2305843009213693951,61,64,128,2,20,1048576,64,16384,32,9,0,OK,measured,PASS,tcp-loopback,0,2,0,1,0,645.97,936.082,0,0,included_in_expand_p0,included_in_expand_p1,included_in_expand_p0,included_in_expand_p1,included_in_expand_p0,included_in_expand_p1,1424.112,1458.938,2881.4579999999996,1458.938,1457.346,4498.336,2,128,16384,64,1048576,2,2,tcp_two_process_loopback; tcp_two_process;,67170152,254184,254184,67170152,67424336,67424336,0,included_in_split_input_bytes,included_in_split_input_bytes,included_in_pprf_bytes,included_in_pprf_bytes,272,2.009401798248291,16.075214385986328,99.63549066319318,0.36410592163636585,,,,,,,,,,,,,,,,,,,,,,,,,,,,,,,,
2026-07-23T09:08:21.347952+00:00,b33a10fa7851ba0c3a26bea531ffb004f00d9365,RM_COORD,INCLUDING_OT,2305843009213693951,61,64,128,2,20,1048576,64,16384,32,-1,1,OK,measured,PASS,tcp-loopback,0,2,0,1,0,649.362,4591.276,0,0,included_in_expand_p0,included_in_expand_p1,included_in_expand_p0,included_in_expand_p1,included_in_expand_p0,included_in_expand_p1,5139.456,1452.753,6576.658,1452.753,1437.202,8130.593,64,128,16384,64,1048576,64,64,tcp_two_process_loopback; tcp_two_process;,69058920,1911320,1911320,69058920,70970240,70970240,0,included_in_split_input_bytes,included_in_split_input_bytes,included_in_pprf_bytes,included_in_pprf_bytes,272,2.1150779724121094,16.920623779296875,94.65737751485693,5.342239225906521,,,,,,,,,,,,,,,,,,,,,,,,,,,,,,,,
2026-07-23T09:08:29.123349+00:00,b33a10fa7851ba0c3a26bea531ffb004f00d9365,RM_COORD,INCLUDING_OT,2305843009213693951,61,64,128,2,20,1048576,64,16384,32,0,0,OK,measured,PASS,tcp-loopback,0,2,0,1,0,645.277,4593.993,0,0,included_in_expand_p0,included_in_expand_p1,included_in_expand_p0,included_in_expand_p1,included_in_expand_p0,included_in_expand_p1,5141.5689999999995,1436.127,6538.117,1436.127,1396.548,8071.945000000001,64,128,16384,64,1048576,64,64,tcp_two_process_loopback; tcp_two_process;,69058920,1911320,1911320,69058920,70970240,70970240,0,included_in_split_input_bytes,included_in_split_input_bytes,included_in_pprf_bytes,included_in_pprf_bytes,272,2.1150779724121094,16.920623779296875,94.65737751485693,5.342239225906521,,,,,,,,,,,,,,,,,,,,,,,,,,,,,,,,
2026-07-23T09:08:36.884255+00:00,b33a10fa7851ba0c3a26bea531ffb004f00d9365,RM_COORD,INCLUDING_OT,2305843009213693951,61,64,128,2,20,1048576,64,16384,32,1,0,OK,measured,PASS,tcp-loopback,0,2,0,1,0,647.227,4607.14,0,0,included_in_expand_p0,included_in_expand_p1,included_in_expand_p0,included_in_expand_p1,included_in_expand_p0,included_in_expand_p1,5151.356,1449.384,6570.729,1449.384,1419.374,8123.125,64,128,16384,64,1048576,64,64,tcp_two_process_loopback; tcp_two_process;,69058920,1911320,1911320,69058920,70970240,70970240,0,included_in_split_input_bytes,included_in_split_input_bytes,included_in_pprf_bytes,included_in_pprf_bytes,272,2.1150779724121094,16.920623779296875,94.65737751485693,5.342239225906521,,,,,,,,,,,,,,,,,,,,,,,,,,,,,,,,
2026-07-23T09:08:44.670211+00:00,b33a10fa7851ba0c3a26bea531ffb004f00d9365,RM_COORD,INCLUDING_OT,2305843009213693951,61,64,128,2,20,1048576,64,16384,32,2,0,OK,measured,PASS,tcp-loopback,0,2,0,1,0,646.818,4610.549,0,0,included_in_expand_p0,included_in_expand_p1,included_in_expand_p0,included_in_expand_p1,included_in_expand_p0,included_in_expand_p1,5159.085,1448.234,6579.727,1448.234,1420.642,8126.243,64,128,16384,64,1048576,64,64,tcp_two_process_loopback; tcp_two_process;,69058920,1911320,1911320,69058920,70970240,70970240,0,included_in_split_input_bytes,included_in_split_input_bytes,included_in_pprf_bytes,included_in_pprf_bytes,272,2.1150779724121094,16.920623779296875,94.65737751485693,5.342239225906521,,,,,,,,,,,,,,,,,,,,,,,,,,,,,,,,
2026-07-23T09:08:52.453255+00:00,b33a10fa7851ba0c3a26bea531ffb004f00d9365,RM_COORD,INCLUDING_OT,2305843009213693951,61,64,128,2,20,1048576,64,16384,32,3,0,OK,measured,PASS,tcp-loopback,0,2,0,1,0,647.577,4588.666,0,0,included_in_expand_p0,included_in_expand_p1,included_in_expand_p0,included_in_expand_p1,included_in_expand_p0,included_in_expand_p1,5138.312,1440.5939999999998,6573.442,1440.5939999999998,1435.13,8111.967000000001,64,128,16384,64,1048576,64,64,tcp_two_process_loopback; tcp_two_process;,69058920,1911320,1911320,69058920,70970240,70970240,0,included_in_split_input_bytes,included_in_split_input_bytes,included_in_pprf_bytes,included_in_pprf_bytes,272,2.1150779724121094,16.920623779296875,94.65737751485693,5.342239225906521,,,,,,,,,,,,,,,,,,,,,,,,,,,,,,,,
2026-07-23T09:09:00.210837+00:00,b33a10fa7851ba0c3a26bea531ffb004f00d9365,RM_COORD,INCLUDING_OT,2305843009213693951,61,64,128,2,20,1048576,64,16384,32,4,0,OK,measured,PASS,tcp-loopback,0,2,0,1,0,648.561,4620.9490000000005,0,0,included_in_expand_p0,included_in_expand_p1,included_in_expand_p0,included_in_expand_p1,included_in_expand_p0,included_in_expand_p1,5166.616999999999,1539.3509999999999,6659.201,1539.3509999999999,1492.5839999999998,8301.445,64,128,16384,64,1048576,64,64,tcp_two_process_loopback; tcp_two_process;,69058920,1911320,1911320,69058920,70970240,70970240,0,included_in_split_input_bytes,included_in_split_input_bytes,included_in_pprf_bytes,included_in_pprf_bytes,272,2.1150779724121094,16.920623779296875,94.65737751485693,5.342239225906521,,,,,,,,,,,,,,,,,,,,,,,,,,,,,,,,
2026-07-23T09:09:08.098823+00:00,b33a10fa7851ba0c3a26bea531ffb004f00d9365,RM_COORD,INCLUDING_OT,2305843009213693951,61,64,128,2,20,1048576,64,16384,32,5,0,OK,measured,PASS,tcp-loopback,0,2,0,1,0,641.721,4615.624000000001,0,0,included_in_expand_p0,included_in_expand_p1,included_in_expand_p0,included_in_expand_p1,included_in_expand_p0,included_in_expand_p1,5150.151,1446.405,6552.492,1446.405,1402.3410000000001,8106.091000000001,64,128,16384,64,1048576,64,64,tcp_two_process_loopback; tcp_two_process;,69058920,1911320,1911320,69058920,70970240,70970240,0,included_in_split_input_bytes,included_in_split_input_bytes,included_in_pprf_bytes,included_in_pprf_bytes,272,2.1150779724121094,16.920623779296875,94.65737751485693,5.342239225906521,,,,,,,,,,,,,,,,,,,,,,,,,,,,,,,,
2026-07-23T09:09:15.894175+00:00,b33a10fa7851ba0c3a26bea531ffb004f00d9365,RM_COORD,INCLUDING_OT,2305843009213693951,61,64,128,2,20,1048576,64,16384,32,6,0,OK,measured,PASS,tcp-loopback,0,2,0,1,0,651.241,4595.816,0,0,included_in_expand_p0,included_in_expand_p1,included_in_expand_p0,included_in_expand_p1,included_in_expand_p0,included_in_expand_p1,5149.67,1438.752,6573.446,1438.752,1423.7759999999998,8109.584999999999,64,128,16384,64,1048576,64,64,tcp_two_process_loopback; tcp_two_process;,69058920,1911320,1911320,69058920,70970240,70970240,0,included_in_split_input_bytes,included_in_split_input_bytes,included_in_pprf_bytes,included_in_pprf_bytes,272,2.1150779724121094,16.920623779296875,94.65737751485693,5.342239225906521,,,,,,,,,,,,,,,,,,,,,,,,,,,,,,,,
2026-07-23T09:09:23.661024+00:00,b33a10fa7851ba0c3a26bea531ffb004f00d9365,RM_COORD,INCLUDING_OT,2305843009213693951,61,64,128,2,20,1048576,64,16384,32,7,0,OK,measured,PASS,tcp-loopback,0,2,0,1,0,650.73,4630.045,0,0,included_in_expand_p0,included_in_expand_p1,included_in_expand_p0,included_in_expand_p1,included_in_expand_p0,included_in_expand_p1,5176.549,1470.7920000000001,6616.226000000001,1470.7920000000001,1439.6770000000001,8191.244000000001,64,128,16384,64,1048576,64,64,tcp_two_process_loopback; tcp_two_process;,69058920,1911320,1911320,69058920,70970240,70970240,0,included_in_split_input_bytes,included_in_split_input_bytes,included_in_pprf_bytes,included_in_pprf_bytes,272,2.1150779724121094,16.920623779296875,94.65737751485693,5.342239225906521,,,,,,,,,,,,,,,,,,,,,,,,,,,,,,,,
2026-07-23T09:09:31.492700+00:00,b33a10fa7851ba0c3a26bea531ffb004f00d9365,RM_COORD,INCLUDING_OT,2305843009213693951,61,64,128,2,20,1048576,64,16384,32,8,0,OK,measured,PASS,tcp-loopback,0,2,0,1,0,648.3449999999999,4616.459,0,0,included_in_expand_p0,included_in_expand_p1,included_in_expand_p0,included_in_expand_p1,included_in_expand_p0,included_in_expand_p1,5158.492,1437.583,6576.518,1437.583,1418.0269999999998,8120.414000000001,64,128,16384,64,1048576,64,64,tcp_two_process_loopback; tcp_two_process;,69058920,1911320,1911320,69058920,70970240,70970240,0,included_in_split_input_bytes,included_in_split_input_bytes,included_in_pprf_bytes,included_in_pprf_bytes,272,2.1150779724121094,16.920623779296875,94.65737751485693,5.342239225906521,,,,,,,,,,,,,,,,,,,,,,,,,,,,,,,,
2026-07-23T09:09:39.278799+00:00,b33a10fa7851ba0c3a26bea531ffb004f00d9365,RM_COORD,INCLUDING_OT,2305843009213693951,61,64,128,2,20,1048576,64,16384,32,9,0,OK,measured,PASS,tcp-loopback,0,2,0,1,0,650.577,4617.426,0,0,included_in_expand_p0,included_in_expand_p1,included_in_expand_p0,included_in_expand_p1,included_in_expand_p0,included_in_expand_p1,5165.254,1435.792,6583.192999999999,1435.792,1417.939,8121.734,64,128,16384,64,1048576,64,64,tcp_two_process_loopback; tcp_two_process;,69058920,1911320,1911320,69058920,70970240,70970240,0,included_in_split_input_bytes,included_in_split_input_bytes,included_in_pprf_bytes,included_in_pprf_bytes,272,2.1150779724121094,16.920623779296875,94.65737751485693,5.342239225906521,,,,,,,,,,,,,,,,,,,,,,,,,,,,,,,,
2026-07-24T02:36:11.483120+00:00,562e21bc6bf16bfc32ac3e2d6f21719f28965a23,DIRECT_NOISY_SVOLE,INCLUDING_BASE_OT,2305843009213693951,61,64,128,,12,4096,,,8,-1,1,OK,measured,,tcp-loopback,,,,,,,,,,,,,,,,,,912.087,,,1484.8439999999998,,,,,,,1,tcp_two_process;,134217872,17432,17432,134217872,134235240,134235240,0,,,,,0,,,,,TCP loopback,Z0[i][j] + Z1[i][j] = x[i] * Delta[j] mod p,semi-honest-128,4096,4096,,0,0,0,0,512,0,0,0,0,912.087,0.0,0.0,572.757,912.087,,,,,,0,134235240,,,,4096.534423828125,32772.275390625
2026-07-24T02:36:12.608986+00:00,562e21bc6bf16bfc32ac3e2d6f21719f28965a23,DIRECT_NOISY_SVOLE,INCLUDING_BASE_OT,2305843009213693951,61,64,128,,12,4096,,,8,0,0,OK,measured,,tcp-loopback,,,,,,,,,,,,,,,,,,914.7429999999999,,,1487.8390000000002,,,,,,,1,tcp_two_process;,134217872,17432,17432,134217872,134235240,134235240,0,,,,,0,,,,,TCP loopback,Z0[i][j] + Z1[i][j] = x[i] * Delta[j] mod p,semi-honest-128,4096,4096,,0,0,0,0,512,0,0,0,0,914.7429999999999,0.0,0.0,573.096,914.7429999999999,,,,,,0,134235240,,,,4096.534423828125,32772.275390625
2026-07-24T02:36:13.729625+00:00,562e21bc6bf16bfc32ac3e2d6f21719f28965a23,DIRECT_NOISY_SVOLE,INCLUDING_BASE_OT,2305843009213693951,61,64,128,,12,4096,,,8,1,0,OK,measured,,tcp-loopback,,,,,,,,,,,,,,,,,,910.52,,,1483.3899999999999,,,,,,,1,tcp_two_process;,134217872,17432,17432,134217872,134235240,134235240,0,,,,,0,,,,,TCP loopback,Z0[i][j] + Z1[i][j] = x[i] * Delta[j] mod p,semi-honest-128,4096,4096,,0,0,0,0,512,0,0,0,0,910.52,0.0,0.0,572.87,910.52,,,,,,0,134235240,,,,4096.534423828125,32772.275390625
2026-07-24T02:36:14.853284+00:00,562e21bc6bf16bfc32ac3e2d6f21719f28965a23,DIRECT_NOISY_SVOLE,INCLUDING_BASE_OT,2305843009213693951,61,64,128,,12,4096,,,8,2,0,OK,measured,,tcp-loopback,,,,,,,,,,,,,,,,,,914.172,,,1488.443,,,,,,,1,tcp_two_process;,134217872,17432,17432,134217872,134235240,134235240,0,,,,,0,,,,,TCP loopback,Z0[i][j] + Z1[i][j] = x[i] * Delta[j] mod p,semi-honest-128,4096,4096,,0,0,0,0,512,0,0,0,0,914.172,0.0,0.0,574.271,914.172,,,,,,0,134235240,,,,4096.534423828125,32772.275390625
2026-07-24T02:36:15.975445+00:00,562e21bc6bf16bfc32ac3e2d6f21719f28965a23,DIRECT_NOISY_SVOLE,INCLUDING_BASE_OT,2305843009213693951,61,64,128,,12,4096,,,8,3,0,OK,measured,,tcp-loopback,,,,,,,,,,,,,,,,,,912.468,,,1485.641,,,,,,,1,tcp_two_process;,134217872,17432,17432,134217872,134235240,134235240,0,,,,,0,,,,,TCP loopback,Z0[i][j] + Z1[i][j] = x[i] * Delta[j] mod p,semi-honest-128,4096,4096,,0,0,0,0,512,0,0,0,0,912.468,0.0,0.0,573.173,912.468,,,,,,0,134235240,,,,4096.534423828125,32772.275390625
2026-07-24T02:36:17.098907+00:00,562e21bc6bf16bfc32ac3e2d6f21719f28965a23,DIRECT_NOISY_SVOLE,INCLUDING_BASE_OT,2305843009213693951,61,64,128,,12,4096,,,8,4,0,OK,measured,,tcp-loopback,,,,,,,,,,,,,,,,,,913.888,,,1487.565,,,,,,,1,tcp_two_process;,134217872,17432,17432,134217872,134235240,134235240,0,,,,,0,,,,,TCP loopback,Z0[i][j] + Z1[i][j] = x[i] * Delta[j] mod p,semi-honest-128,4096,4096,,0,0,0,0,512,0,0,0,0,913.888,0.0,0.0,573.677,913.888,,,,,,0,134235240,,,,4096.534423828125,32772.275390625
2026-07-24T02:36:18.223378+00:00,562e21bc6bf16bfc32ac3e2d6f21719f28965a23,DIRECT_NOISY_SVOLE,INCLUDING_BASE_OT,2305843009213693951,61,64,128,,12,4096,,,8,5,0,OK,measured,,tcp-loopback,,,,,,,,,,,,,,,,,,915.036,,,1488.0179999999998,,,,,,,1,tcp_two_process;,134217872,17432,17432,134217872,134235240,134235240,0,,,,,0,,,,,TCP loopback,Z0[i][j] + Z1[i][j] = x[i] * Delta[j] mod p,semi-honest-128,4096,4096,,0,0,0,0,512,0,0,0,0,915.036,0.0,0.0,572.982,915.036,,,,,,0,134235240,,,,4096.534423828125,32772.275390625
2026-07-24T02:36:19.353029+00:00,562e21bc6bf16bfc32ac3e2d6f21719f28965a23,DIRECT_NOISY_SVOLE,INCLUDING_BASE_OT,2305843009213693951,61,64,128,,12,4096,,,8,6,0,OK,measured,,tcp-loopback,,,,,,,,,,,,,,,,,,918.942,,,1497.7160000000001,,,,,,,1,tcp_two_process;,134217872,17432,17432,134217872,134235240,134235240,0,,,,,0,,,,,TCP loopback,Z0[i][j] + Z1[i][j] = x[i] * Delta[j] mod p,semi-honest-128,4096,4096,,0,0,0,0,512,0,0,0,0,918.942,0.0,0.0,578.774,918.942,,,,,,0,134235240,,,,4096.534423828125,32772.275390625
2026-07-24T02:36:20.474966+00:00,562e21bc6bf16bfc32ac3e2d6f21719f28965a23,DIRECT_NOISY_SVOLE,INCLUDING_BASE_OT,2305843009213693951,61,64,128,,12,4096,,,8,7,0,OK,measured,,tcp-loopback,,,,,,,,,,,,,,,,,,912.1179999999999,,,1484.78,,,,,,,1,tcp_two_process;,134217872,17432,17432,134217872,134235240,134235240,0,,,,,0,,,,,TCP loopback,Z0[i][j] + Z1[i][j] = x[i] * Delta[j] mod p,semi-honest-128,4096,4096,,0,0,0,0,512,0,0,0,0,912.1179999999999,0.0,0.0,572.662,912.1179999999999,,,,,,0,134235240,,,,4096.534423828125,32772.275390625
2026-07-24T02:36:21.600353+00:00,562e21bc6bf16bfc32ac3e2d6f21719f28965a23,DIRECT_NOISY_SVOLE,INCLUDING_BASE_OT,2305843009213693951,61,64,128,,12,4096,,,8,8,0,OK,measured,,tcp-loopback,,,,,,,,,,,,,,,,,,915.952,,,1489.4129999999998,,,,,,,1,tcp_two_process;,134217872,17432,17432,134217872,134235240,134235240,0,,,,,0,,,,,TCP loopback,Z0[i][j] + Z1[i][j] = x[i] * Delta[j] mod p,semi-honest-128,4096,4096,,0,0,0,0,512,0,0,0,0,915.952,0.0,0.0,573.461,915.952,,,,,,0,134235240,,,,4096.534423828125,32772.275390625
2026-07-24T02:36:22.725761+00:00,562e21bc6bf16bfc32ac3e2d6f21719f28965a23,DIRECT_NOISY_SVOLE,INCLUDING_BASE_OT,2305843009213693951,61,64,128,,12,4096,,,8,9,0,OK,measured,,tcp-loopback,,,,,,,,,,,,,,,,,,915.701,,,1489.521,,,,,,,1,tcp_two_process;,134217872,17432,17432,134217872,134235240,134235240,0,,,,,0,,,,,TCP loopback,Z0[i][j] + Z1[i][j] = x[i] * Delta[j] mod p,semi-honest-128,4096,4096,,0,0,0,0,512,0,0,0,0,915.701,0.0,0.0,573.82,915.701,,,,,,0,134235240,,,,4096.534423828125,32772.275390625
2026-07-24T02:36:30.416752+00:00,562e21bc6bf16bfc32ac3e2d6f21719f28965a23,DIRECT_NOISY_SVOLE,INCLUDING_BASE_OT,2305843009213693951,61,64,128,,12,4096,,,16,-1,1,OK,measured,,tcp-loopback,,,,,,,,,,,,,,,,,,3635.273,,,5941.3150000000005,,,,,,,1,tcp_two_process;,536871120,34840,34840,536871120,536905832,536905832,0,,,,,0,,,,,TCP loopback,Z0[i][j] + Z1[i][j] = x[i] * Delta[j] mod p,semi-honest-128,4096,4096,,0,0,0,0,1024,0,0,0,0,3635.273,0.0,0.0,2306.0420000000004,3635.273,,,,,,0,536905832,,,,8192.532836914062,65540.2626953125
2026-07-24T02:36:34.253875+00:00,562e21bc6bf16bfc32ac3e2d6f21719f28965a23,DIRECT_NOISY_SVOLE,INCLUDING_BASE_OT,2305843009213693951,61,64,128,,12,4096,,,16,0,0,OK,measured,,tcp-loopback,,,,,,,,,,,,,,,,,,3626.043,,,5932.643000000001,,,,,,,1,tcp_two_process;,536871120,34840,34840,536871120,536905832,536905832,0,,,,,0,,,,,TCP loopback,Z0[i][j] + Z1[i][j] = x[i] * Delta[j] mod p,semi-honest-128,4096,4096,,0,0,0,0,1024,0,0,0,0,3626.043,0.0,0.0,2306.6,3626.043,,,,,,0,536905832,,,,8192.532836914062,65540.2626953125
2026-07-24T02:36:38.107942+00:00,562e21bc6bf16bfc32ac3e2d6f21719f28965a23,DIRECT_NOISY_SVOLE,INCLUDING_BASE_OT,2305843009213693951,61,64,128,,12,4096,,,16,1,0,OK,measured,,tcp-loopback,,,,,,,,,,,,,,,,,,3643.4950000000003,,,5963.273,,,,,,,1,tcp_two_process;,536871120,34840,34840,536871120,536905832,536905832,0,,,,,0,,,,,TCP loopback,Z0[i][j] + Z1[i][j] = x[i] * Delta[j] mod p,semi-honest-128,4096,4096,,0,0,0,0,1024,0,0,0,0,3643.4950000000003,0.0,0.0,2319.778,3643.4950000000003,,,,,,0,536905832,,,,8192.532836914062,65540.2626953125
2026-07-24T02:36:41.966783+00:00,562e21bc6bf16bfc32ac3e2d6f21719f28965a23,DIRECT_NOISY_SVOLE,INCLUDING_BASE_OT,2305843009213693951,61,64,128,,12,4096,,,16,2,0,OK,measured,,tcp-loopback,,,,,,,,,,,,,,,,,,3647.341,,,5957.143,,,,,,,1,tcp_two_process;,536871120,34840,34840,536871120,536905832,536905832,0,,,,,0,,,,,TCP loopback,Z0[i][j] + Z1[i][j] = x[i] * Delta[j] mod p,semi-honest-128,4096,4096,,0,0,0,0,1024,0,0,0,0,3647.341,0.0,0.0,2309.802,3647.341,,,,,,0,536905832,,,,8192.532836914062,65540.2626953125
2026-07-24T02:36:45.795895+00:00,562e21bc6bf16bfc32ac3e2d6f21719f28965a23,DIRECT_NOISY_SVOLE,INCLUDING_BASE_OT,2305843009213693951,61,64,128,,12,4096,,,16,3,0,OK,measured,,tcp-loopback,,,,,,,,,,,,,,,,,,3618.8349999999996,,,5923.648,,,,,,,1,tcp_two_process;,536871120,34840,34840,536871120,536905832,536905832,0,,,,,0,,,,,TCP loopback,Z0[i][j] + Z1[i][j] = x[i] * Delta[j] mod p,semi-honest-128,4096,4096,,0,0,0,0,1024,0,0,0,0,3618.8349999999996,0.0,0.0,2304.8129999999996,3618.8349999999996,,,,,,0,536905832,,,,8192.532836914062,65540.2626953125
2026-07-24T02:36:49.644218+00:00,562e21bc6bf16bfc32ac3e2d6f21719f28965a23,DIRECT_NOISY_SVOLE,INCLUDING_BASE_OT,2305843009213693951,61,64,128,,12,4096,,,16,4,0,OK,measured,,tcp-loopback,,,,,,,,,,,,,,,,,,3638.2780000000002,,,5941.726,,,,,,,1,tcp_two_process;,536871120,34840,34840,536871120,536905832,536905832,0,,,,,0,,,,,TCP loopback,Z0[i][j] + Z1[i][j] = x[i] * Delta[j] mod p,semi-honest-128,4096,4096,,0,0,0,0,1024,0,0,0,0,3638.2780000000002,0.0,0.0,2303.448,3638.2780000000002,,,,,,0,536905832,,,,8192.532836914062,65540.2626953125
2026-07-24T02:36:53.504909+00:00,562e21bc6bf16bfc32ac3e2d6f21719f28965a23,DIRECT_NOISY_SVOLE,INCLUDING_BASE_OT,2305843009213693951,61,64,128,,12,4096,,,16,5,0,OK,measured,,tcp-loopback,,,,,,,,,,,,,,,,,,3651.1059999999998,,,5962.353999999999,,,,,,,1,tcp_two_process;,536871120,34840,34840,536871120,536905832,536905832,0,,,,,0,,,,,TCP loopback,Z0[i][j] + Z1[i][j] = x[i] * Delta[j] mod p,semi-honest-128,4096,4096,,0,0,0,0,1024,0,0,0,0,3651.1059999999998,0.0,0.0,2311.248,3651.1059999999998,,,,,,0,536905832,,,,8192.532836914062,65540.2626953125
2026-07-24T02:36:57.355767+00:00,562e21bc6bf16bfc32ac3e2d6f21719f28965a23,DIRECT_NOISY_SVOLE,INCLUDING_BASE_OT,2305843009213693951,61,64,128,,12,4096,,,16,6,0,OK,measured,,tcp-loopback,,,,,,,,,,,,,,,,,,3640.43,,,5944.045,,,,,,,1,tcp_two_process;,536871120,34840,34840,536871120,536905832,536905832,0,,,,,0,,,,,TCP loopback,Z0[i][j] + Z1[i][j] = x[i] * Delta[j] mod p,semi-honest-128,4096,4096,,0,0,0,0,1024,0,0,0,0,3640.43,0.0,0.0,2303.6150000000002,3640.43,,,,,,0,536905832,,,,8192.532836914062,65540.2626953125
2026-07-24T02:37:01.195077+00:00,562e21bc6bf16bfc32ac3e2d6f21719f28965a23,DIRECT_NOISY_SVOLE,INCLUDING_BASE_OT,2305843009213693951,61,64,128,,12,4096,,,16,7,0,OK,measured,,tcp-loopback,,,,,,,,,,,,,,,,,,3628.705,,,5934.512,,,,,,,1,tcp_two_process;,536871120,34840,34840,536871120,536905832,536905832,0,,,,,0,,,,,TCP loopback,Z0[i][j] + Z1[i][j] = x[i] * Delta[j] mod p,semi-honest-128,4096,4096,,0,0,0,0,1024,0,0,0,0,3628.705,0.0,0.0,2305.8070000000002,3628.705,,,,,,0,536905832,,,,8192.532836914062,65540.2626953125
2026-07-24T02:37:05.052023+00:00,562e21bc6bf16bfc32ac3e2d6f21719f28965a23,DIRECT_NOISY_SVOLE,INCLUDING_BASE_OT,2305843009213693951,61,64,128,,12,4096,,,16,8,0,OK,measured,,tcp-loopback,,,,,,,,,,,,,,,,,,3647.163,,,5958.197999999999,,,,,,,1,tcp_two_process;,536871120,34840,34840,536871120,536905832,536905832,0,,,,,0,,,,,TCP loopback,Z0[i][j] + Z1[i][j] = x[i] * Delta[j] mod p,semi-honest-128,4096,4096,,0,0,0,0,1024,0,0,0,0,3647.163,0.0,0.0,2311.035,3647.163,,,,,,0,536905832,,,,8192.532836914062,65540.2626953125
2026-07-24T02:37:08.902032+00:00,562e21bc6bf16bfc32ac3e2d6f21719f28965a23,DIRECT_NOISY_SVOLE,INCLUDING_BASE_OT,2305843009213693951,61,64,128,,12,4096,,,16,9,0,OK,measured,,tcp-loopback,,,,,,,,,,,,,,,,,,3639.308,,,5951.195000000001,,,,,,,1,tcp_two_process;,536871120,34840,34840,536871120,536905832,536905832,0,,,,,0,,,,,TCP loopback,Z0[i][j] + Z1[i][j] = x[i] * Delta[j] mod p,semi-honest-128,4096,4096,,0,0,0,0,1024,0,0,0,0,3639.308,0.0,0.0,2311.887,3639.308,,,,,,0,536905832,,,,8192.532836914062,65540.2626953125
2026-07-24T02:37:29.341855+00:00,562e21bc6bf16bfc32ac3e2d6f21719f28965a23,DIRECT_NOISY_SVOLE,INCLUDING_BASE_OT,2305843009213693951,61,64,128,,12,4096,,,32,-1,1,OK,measured,,tcp-loopback,,,,,,,,,,,,,,,,,,9962.863000000001,,,16345.892,,,,,,,1,tcp_two_process;,2147483984,69656,69656,2147483984,2147553384,2147553384,0,,,,,0,,,,,TCP loopback,Z0[i][j] + Z1[i][j] = x[i] * Delta[j] mod p,semi-honest-128,4096,4096,,0,0,0,0,2048,0,0,0,0,9962.863000000001,0.0,0.0,6383.0289999999995,9962.863000000001,,,,,,0,2147553384,,,,16384.53204345703,131076.25634765625
2026-07-24T02:37:39.469907+00:00,562e21bc6bf16bfc32ac3e2d6f21719f28965a23,DIRECT_NOISY_SVOLE,INCLUDING_BASE_OT,2305843009213693951,61,64,128,,12,4096,,,32,0,0,OK,measured,,tcp-loopback,,,,,,,,,,,,,,,,,,9917.360999999999,,,16277.228999999998,,,,,,,1,tcp_two_process;,2147483984,69656,69656,2147483984,2147553384,2147553384,0,,,,,0,,,,,TCP loopback,Z0[i][j] + Z1[i][j] = x[i] * Delta[j] mod p,semi-honest-128,4096,4096,,0,0,0,0,2048,0,0,0,0,9917.360999999999,0.0,0.0,6359.8679999999995,9917.360999999999,,,,,,0,2147553384,,,,16384.53204345703,131076.25634765625
2026-07-24T02:37:49.653804+00:00,562e21bc6bf16bfc32ac3e2d6f21719f28965a23,DIRECT_NOISY_SVOLE,INCLUDING_BASE_OT,2305843009213693951,61,64,128,,12,4096,,,32,1,0,OK,measured,,tcp-loopback,,,,,,,,,,,,,,,,,,9972.654999999999,,,16380.65,,,,,,,1,tcp_two_process;,2147483984,69656,69656,2147483984,2147553384,2147553384,0,,,,,0,,,,,TCP loopback,Z0[i][j] + Z1[i][j] = x[i] * Delta[j] mod p,semi-honest-128,4096,4096,,0,0,0,0,2048,0,0,0,0,9972.654999999999,0.0,0.0,6407.995,9972.654999999999,,,,,,0,2147553384,,,,16384.53204345703,131076.25634765625
2026-07-24T02:37:59.896571+00:00,562e21bc6bf16bfc32ac3e2d6f21719f28965a23,DIRECT_NOISY_SVOLE,INCLUDING_BASE_OT,2305843009213693951,61,64,128,,12,4096,,,32,2,0,OK,measured,,tcp-loopback,,,,,,,,,,,,,,,,,,10032.623,,,16491.875999999997,,,,,,,1,tcp_two_process;,2147483984,69656,69656,2147483984,2147553384,2147553384,0,,,,,0,,,,,TCP loopback,Z0[i][j] + Z1[i][j] = x[i] * Delta[j] mod p,semi-honest-128,4096,4096,,0,0,0,0,2048,0,0,0,0,10032.623,0.0,0.0,6459.253000000001,10032.623,,,,,,0,2147553384,,,,16384.53204345703,131076.25634765625
2026-07-24T02:38:10.077228+00:00,562e21bc6bf16bfc32ac3e2d6f21719f28965a23,DIRECT_NOISY_SVOLE,INCLUDING_BASE_OT,2305843009213693951,61,64,128,,12,4096,,,32,3,0,OK,measured,,tcp-loopback,,,,,,,,,,,,,,,,,,9969.713,,,16365.03,,,,,,,1,tcp_two_process;,2147483984,69656,69656,2147483984,2147553384,2147553384,0,,,,,0,,,,,TCP loopback,Z0[i][j] + Z1[i][j] = x[i] * Delta[j] mod p,semi-honest-128,4096,4096,,0,0,0,0,2048,0,0,0,0,9969.713,0.0,0.0,6395.317,9969.713,,,,,,0,2147553384,,,,16384.53204345703,131076.25634765625
2026-07-24T02:38:20.229604+00:00,562e21bc6bf16bfc32ac3e2d6f21719f28965a23,DIRECT_NOISY_SVOLE,INCLUDING_BASE_OT,2305843009213693951,61,64,128,,12,4096,,,32,4,0,OK,measured,,tcp-loopback,,,,,,,,,,,,,,,,,,9941.152,,,16316.347,,,,,,,1,tcp_two_process;,2147483984,69656,69656,2147483984,2147553384,2147553384,0,,,,,0,,,,,TCP loopback,Z0[i][j] + Z1[i][j] = x[i] * Delta[j] mod p,semi-honest-128,4096,4096,,0,0,0,0,2048,0,0,0,0,9941.152,0.0,0.0,6375.195,9941.152,,,,,,0,2147553384,,,,16384.53204345703,131076.25634765625
2026-07-24T02:38:28.188813+00:00,562e21bc6bf16bfc32ac3e2d6f21719f28965a23,DIRECT_NOISY_SVOLE,INCLUDING_BASE_OT,2305843009213693951,61,64,128,,14,16384,,,8,-1,1,OK,measured,,tcp-loopback,,,,,,,,,,,,,,,,,,3759.4449999999997,,,6160.4619999999995,,,,,,,1,tcp_two_process;,536871056,17432,17432,536871056,536888424,536888424,0,,,,,0,,,,,TCP loopback,Z0[i][j] + Z1[i][j] = x[i] * Delta[j] mod p,semi-honest-128,16384,16384,,0,0,0,0,512,0,0,0,0,3759.4449999999997,0.0,0.0,2401.017,3759.4449999999997,,,,,,0,536888424,,,,4096.133605957031,32769.06884765625
2026-07-24T02:38:32.163278+00:00,562e21bc6bf16bfc32ac3e2d6f21719f28965a23,DIRECT_NOISY_SVOLE,INCLUDING_BASE_OT,2305843009213693951,61,64,128,,14,16384,,,8,0,0,OK,measured,,tcp-loopback,,,,,,,,,,,,,,,,,,3763.088,,,6165.036000000001,,,,,,,1,tcp_two_process;,536871056,17432,17432,536871056,536888424,536888424,0,,,,,0,,,,,TCP loopback,Z0[i][j] + Z1[i][j] = x[i] * Delta[j] mod p,semi-honest-128,16384,16384,,0,0,0,0,512,0,0,0,0,3763.088,0.0,0.0,2401.948,3763.088,,,,,,0,536888424,,,,4096.133605957031,32769.06884765625
2026-07-24T02:38:36.144513+00:00,562e21bc6bf16bfc32ac3e2d6f21719f28965a23,DIRECT_NOISY_SVOLE,INCLUDING_BASE_OT,2305843009213693951,61,64,128,,14,16384,,,8,1,0,OK,measured,,tcp-loopback,,,,,,,,,,,,,,,,,,3770.96,,,6176.8,,,,,,,1,tcp_two_process;,536871056,17432,17432,536871056,536888424,536888424,0,,,,,0,,,,,TCP loopback,Z0[i][j] + Z1[i][j] = x[i] * Delta[j] mod p,semi-honest-128,16384,16384,,0,0,0,0,512,0,0,0,0,3770.96,0.0,0.0,2405.84,3770.96,,,,,,0,536888424,,,,4096.133605957031,32769.06884765625
2026-07-24T02:38:40.133586+00:00,562e21bc6bf16bfc32ac3e2d6f21719f28965a23,DIRECT_NOISY_SVOLE,INCLUDING_BASE_OT,2305843009213693951,61,64,128,,14,16384,,,8,2,0,OK,measured,,tcp-loopback,,,,,,,,,,,,,,,,,,3779.057,,,6179.982,,,,,,,1,tcp_two_process;,536871056,17432,17432,536871056,536888424,536888424,0,,,,,0,,,,,TCP loopback,Z0[i][j] + Z1[i][j] = x[i] * Delta[j] mod p,semi-honest-128,16384,16384,,0,0,0,0,512,0,0,0,0,3779.057,0.0,0.0,2400.925,3779.057,,,,,,0,536888424,,,,4096.133605957031,32769.06884765625
2026-07-24T02:38:44.133488+00:00,562e21bc6bf16bfc32ac3e2d6f21719f28965a23,DIRECT_NOISY_SVOLE,INCLUDING_BASE_OT,2305843009213693951,61,64,128,,14,16384,,,8,3,0,OK,measured,,tcp-loopback,,,,,,,,,,,,,,,,,,3788.604,,,6191.357,,,,,,,1,tcp_two_process;,536871056,17432,17432,536871056,536888424,536888424,0,,,,,0,,,,,TCP loopback,Z0[i][j] + Z1[i][j] = x[i] * Delta[j] mod p,semi-honest-128,16384,16384,,0,0,0,0,512,0,0,0,0,3788.604,0.0,0.0,2402.753,3788.604,,,,,,0,536888424,,,,4096.133605957031,32769.06884765625
2026-07-24T02:38:48.118428+00:00,562e21bc6bf16bfc32ac3e2d6f21719f28965a23,DIRECT_NOISY_SVOLE,INCLUDING_BASE_OT,2305843009213693951,61,64,128,,14,16384,,,8,4,0,OK,measured,,tcp-loopback,,,,,,,,,,,,,,,,,,3774.1910000000003,,,6185.015,,,,,,,1,tcp_two_process;,536871056,17432,17432,536871056,536888424,536888424,0,,,,,0,,,,,TCP loopback,Z0[i][j] + Z1[i][j] = x[i] * Delta[j] mod p,semi-honest-128,16384,16384,,0,0,0,0,512,0,0,0,0,3774.1910000000003,0.0,0.0,2410.824,3774.1910000000003,,,,,,0,536888424,,,,4096.133605957031,32769.06884765625
2026-07-24T02:38:52.102490+00:00,562e21bc6bf16bfc32ac3e2d6f21719f28965a23,DIRECT_NOISY_SVOLE,INCLUDING_BASE_OT,2305843009213693951,61,64,128,,14,16384,,,8,5,0,OK,measured,,tcp-loopback,,,,,,,,,,,,,,,,,,3774.112,,,6185.769,,,,,,,1,tcp_two_process;,536871056,17432,17432,536871056,536888424,536888424,0,,,,,0,,,,,TCP loopback,Z0[i][j] + Z1[i][j] = x[i] * Delta[j] mod p,semi-honest-128,16384,16384,,0,0,0,0,512,0,0,0,0,3774.112,0.0,0.0,2411.657,3774.112,,,,,,0,536888424,,,,4096.133605957031,32769.06884765625
2026-07-24T02:38:56.090528+00:00,562e21bc6bf16bfc32ac3e2d6f21719f28965a23,DIRECT_NOISY_SVOLE,INCLUDING_BASE_OT,2305843009213693951,61,64,128,,14,16384,,,8,6,0,OK,measured,,tcp-loopback,,,,,,,,,,,,,,,,,,3777.612,,,6184.589,,,,,,,1,tcp_two_process;,536871056,17432,17432,536871056,536888424,536888424,0,,,,,0,,,,,TCP loopback,Z0[i][j] + Z1[i][j] = x[i] * Delta[j] mod p,semi-honest-128,16384,16384,,0,0,0,0,512,0,0,0,0,3777.612,0.0,0.0,2406.977,3777.612,,,,,,0,536888424,,,,4096.133605957031,32769.06884765625
2026-07-24T02:39:00.083460+00:00,562e21bc6bf16bfc32ac3e2d6f21719f28965a23,DIRECT_NOISY_SVOLE,INCLUDING_BASE_OT,2305843009213693951,61,64,128,,14,16384,,,8,7,0,OK,measured,,tcp-loopback,,,,,,,,,,,,,,,,,,3782.652,,,6185.406999999999,,,,,,,1,tcp_two_process;,536871056,17432,17432,536871056,536888424,536888424,0,,,,,0,,,,,TCP loopback,Z0[i][j] + Z1[i][j] = x[i] * Delta[j] mod p,semi-honest-128,16384,16384,,0,0,0,0,512,0,0,0,0,3782.652,0.0,0.0,2402.755,3782.652,,,,,,0,536888424,,,,4096.133605957031,32769.06884765625
2026-07-24T02:39:04.071128+00:00,562e21bc6bf16bfc32ac3e2d6f21719f28965a23,DIRECT_NOISY_SVOLE,INCLUDING_BASE_OT,2305843009213693951,61,64,128,,14,16384,,,8,8,0,OK,measured,,tcp-loopback,,,,,,,,,,,,,,,,,,3776.8199999999997,,,6177.498,,,,,,,1,tcp_two_process;,536871056,17432,17432,536871056,536888424,536888424,0,,,,,0,,,,,TCP loopback,Z0[i][j] + Z1[i][j] = x[i] * Delta[j] mod p,semi-honest-128,16384,16384,,0,0,0,0,512,0,0,0,0,3776.8199999999997,0.0,0.0,2400.678,3776.8199999999997,,,,,,0,536888424,,,,4096.133605957031,32769.06884765625
2026-07-24T02:39:08.047545+00:00,562e21bc6bf16bfc32ac3e2d6f21719f28965a23,DIRECT_NOISY_SVOLE,INCLUDING_BASE_OT,2305843009213693951,61,64,128,,14,16384,,,8,9,0,OK,measured,,tcp-loopback,,,,,,,,,,,,,,,,,,3766.311,,,6169.206,,,,,,,1,tcp_two_process;,536871056,17432,17432,536871056,536888424,536888424,0,,,,,0,,,,,TCP loopback,Z0[i][j] + Z1[i][j] = x[i] * Delta[j] mod p,semi-honest-128,16384,16384,,0,0,0,0,512,0,0,0,0,3766.311,0.0,0.0,2402.895,3766.311,,,,,,0,536888424,,,,4096.133605957031,32769.06884765625
2026-07-24T02:39:37.035424+00:00,562e21bc6bf16bfc32ac3e2d6f21719f28965a23,DIRECT_NOISY_SVOLE,INCLUDING_BASE_OT,2305843009213693951,61,64,128,,14,16384,,,16,-1,1,OK,measured,,tcp-loopback,,,,,,,,,,,,,,,,,,14277.329,,,23290.793,,,,,,,1,tcp_two_process;,2147483856,34840,34840,2147483856,2147518568,2147518568,0,,,,,0,,,,,TCP loopback,Z0[i][j] + Z1[i][j] = x[i] * Delta[j] mod p,semi-honest-128,16384,16384,,0,0,0,0,1024,0,0,0,0,14277.329,0.0,0.0,9013.464,14277.329,,,,,,0,2147518568,,,,8192.133209228516,65537.06567382812
2026-07-24T02:39:51.509727+00:00,562e21bc6bf16bfc32ac3e2d6f21719f28965a23,DIRECT_NOISY_SVOLE,INCLUDING_BASE_OT,2305843009213693951,61,64,128,,14,16384,,,16,0,0,OK,measured,,tcp-loopback,,,,,,,,,,,,,,,,,,14263.964,,,23281.863,,,,,,,1,tcp_two_process;,2147483856,34840,34840,2147483856,2147518568,2147518568,0,,,,,0,,,,,TCP loopback,Z0[i][j] + Z1[i][j] = x[i] * Delta[j] mod p,semi-honest-128,16384,16384,,0,0,0,0,1024,0,0,0,0,14263.964,0.0,0.0,9017.899,14263.964,,,,,,0,2147518568,,,,8192.133209228516,65537.06567382812
2026-07-24T02:40:05.979472+00:00,562e21bc6bf16bfc32ac3e2d6f21719f28965a23,DIRECT_NOISY_SVOLE,INCLUDING_BASE_OT,2305843009213693951,61,64,128,,14,16384,,,16,1,0,OK,measured,,tcp-loopback,,,,,,,,,,,,,,,,,,14259.329,,,23271.697,,,,,,,1,tcp_two_process;,2147483856,34840,34840,2147483856,2147518568,2147518568,0,,,,,0,,,,,TCP loopback,Z0[i][j] + Z1[i][j] = x[i] * Delta[j] mod p,semi-honest-128,16384,16384,,0,0,0,0,1024,0,0,0,0,14259.329,0.0,0.0,9012.368,14259.329,,,,,,0,2147518568,,,,8192.133209228516,65537.06567382812
2026-07-24T02:40:20.453896+00:00,562e21bc6bf16bfc32ac3e2d6f21719f28965a23,DIRECT_NOISY_SVOLE,INCLUDING_BASE_OT,2305843009213693951,61,64,128,,14,16384,,,16,2,0,OK,measured,,tcp-loopback,,,,,,,,,,,,,,,,,,14263.087000000001,,,23300.876000000004,,,,,,,1,tcp_two_process;,2147483856,34840,34840,2147483856,2147518568,2147518568,0,,,,,0,,,,,TCP loopback,Z0[i][j] + Z1[i][j] = x[i] * Delta[j] mod p,semi-honest-128,16384,16384,,0,0,0,0,1024,0,0,0,0,14263.087000000001,0.0,0.0,9037.789,14263.087000000001,,,,,,0,2147518568,,,,8192.133209228516,65537.06567382812
2026-07-24T02:40:34.919579+00:00,562e21bc6bf16bfc32ac3e2d6f21719f28965a23,DIRECT_NOISY_SVOLE,INCLUDING_BASE_OT,2305843009213693951,61,64,128,,14,16384,,,16,3,0,OK,measured,,tcp-loopback,,,,,,,,,,,,,,,,,,14254.31,,,23277.319,,,,,,,1,tcp_two_process;,2147483856,34840,34840,2147483856,2147518568,2147518568,0,,,,,0,,,,,TCP loopback,Z0[i][j] + Z1[i][j] = x[i] * Delta[j] mod p,semi-honest-128,16384,16384,,0,0,0,0,1024,0,0,0,0,14254.31,0.0,0.0,9023.009,14254.31,,,,,,0,2147518568,,,,8192.133209228516,65537.06567382812
2026-07-24T02:40:49.365131+00:00,562e21bc6bf16bfc32ac3e2d6f21719f28965a23,DIRECT_NOISY_SVOLE,INCLUDING_BASE_OT,2305843009213693951,61,64,128,,14,16384,,,16,4,0,OK,measured,,tcp-loopback,,,,,,,,,,,,,,,,,,14235.492,,,23256.436999999998,,,,,,,1,tcp_two_process;,2147483856,34840,34840,2147483856,2147518568,2147518568,0,,,,,0,,,,,TCP loopback,Z0[i][j] + Z1[i][j] = x[i] * Delta[j] mod p,semi-honest-128,16384,16384,,0,0,0,0,1024,0,0,0,0,14235.492,0.0,0.0,9020.945,14235.492,,,,,,0,2147518568,,,,8192.133209228516,65537.06567382812
2026-07-24T02:41:19.566738+00:00,562e21bc6bf16bfc32ac3e2d6f21719f28965a23,DIRECT_NOISY_SVOLE,INCLUDING_BASE_OT,2305843009213693951,61,64,128,,16,65536,,,8,-1,1,OK,measured,,tcp-loopback,,,,,,,,,,,,,,,,,,14890.817000000001,,,24361.867,,,,,,,1,tcp_two_process;,2147483792,17432,17432,2147483792,2147501160,2147501160,0,,,,,0,,,,,TCP loopback,Z0[i][j] + Z1[i][j] = x[i] * Delta[j] mod p,semi-honest-128,65536,65536,,0,0,0,0,512,0,0,0,0,14890.817000000001,0.0,0.0,9471.05,14890.817000000001,,,,,,0,2147501160,,,,4096.033401489258,32768.26721191406
2026-07-24T02:41:34.549421+00:00,562e21bc6bf16bfc32ac3e2d6f21719f28965a23,DIRECT_NOISY_SVOLE,INCLUDING_BASE_OT,2305843009213693951,61,64,128,,16,65536,,,8,0,0,OK,measured,,tcp-loopback,,,,,,,,,,,,,,,,,,14771.689999999999,,,24227.002,,,,,,,1,tcp_two_process;,2147483792,17432,17432,2147483792,2147501160,2147501160,0,,,,,0,,,,,TCP loopback,Z0[i][j] + Z1[i][j] = x[i] * Delta[j] mod p,semi-honest-128,65536,65536,,0,0,0,0,512,0,0,0,0,14771.689999999999,0.0,0.0,9455.312,14771.689999999999,,,,,,0,2147501160,,,,4096.033401489258,32768.26721191406
2026-07-24T02:41:49.677365+00:00,562e21bc6bf16bfc32ac3e2d6f21719f28965a23,DIRECT_NOISY_SVOLE,INCLUDING_BASE_OT,2305843009213693951,61,64,128,,16,65536,,,8,1,0,OK,measured,,tcp-loopback,,,,,,,,,,,,,,,,,,14916.11,,,24386.743,,,,,,,1,tcp_two_process;,2147483792,17432,17432,2147483792,2147501160,2147501160,0,,,,,0,,,,,TCP loopback,Z0[i][j] + Z1[i][j] = x[i] * Delta[j] mod p,semi-honest-128,65536,65536,,0,0,0,0,512,0,0,0,0,14916.11,0.0,0.0,9470.633,14916.11,,,,,,0,2147501160,,,,4096.033401489258,32768.26721191406
2026-07-24T02:42:04.760712+00:00,562e21bc6bf16bfc32ac3e2d6f21719f28965a23,DIRECT_NOISY_SVOLE,INCLUDING_BASE_OT,2305843009213693951,61,64,128,,16,65536,,,8,2,0,OK,measured,,tcp-loopback,,,,,,,,,,,,,,,,,,14872.467,,,24330.056,,,,,,,1,tcp_two_process;,2147483792,17432,17432,2147483792,2147501160,2147501160,0,,,,,0,,,,,TCP loopback,Z0[i][j] + Z1[i][j] = x[i] * Delta[j] mod p,semi-honest-128,65536,65536,,0,0,0,0,512,0,0,0,0,14872.467,0.0,0.0,9457.589,14872.467,,,,,,0,2147501160,,,,4096.033401489258,32768.26721191406
2026-07-24T02:42:19.859327+00:00,562e21bc6bf16bfc32ac3e2d6f21719f28965a23,DIRECT_NOISY_SVOLE,INCLUDING_BASE_OT,2305843009213693951,61,64,128,,16,65536,,,8,3,0,OK,measured,,tcp-loopback,,,,,,,,,,,,,,,,,,14886.868,,,24362.392999999996,,,,,,,1,tcp_two_process;,2147483792,17432,17432,2147483792,2147501160,2147501160,0,,,,,0,,,,,TCP loopback,Z0[i][j] + Z1[i][j] = x[i] * Delta[j] mod p,semi-honest-128,65536,65536,,0,0,0,0,512,0,0,0,0,14886.868,0.0,0.0,9475.525,14886.868,,,,,,0,2147501160,,,,4096.033401489258,32768.26721191406
2026-07-24T02:42:34.913449+00:00,562e21bc6bf16bfc32ac3e2d6f21719f28965a23,DIRECT_NOISY_SVOLE,INCLUDING_BASE_OT,2305843009213693951,61,64,128,,16,65536,,,8,4,0,OK,measured,,tcp-loopback,,,,,,,,,,,,,,,,,,14843.291000000001,,,24306.68,,,,,,,1,tcp_two_process;,2147483792,17432,17432,2147483792,2147501160,2147501160,0,,,,,0,,,,,TCP loopback,Z0[i][j] + Z1[i][j] = x[i] * Delta[j] mod p,semi-honest-128,65536,65536,,0,0,0,0,512,0,0,0,0,14843.291000000001,0.0,0.0,9463.389,14843.291000000001,,,,,,0,2147501160,,,,4096.033401489258,32768.26721191406
2026-07-24T02:42:36.029714+00:00,562e21bc6bf16bfc32ac3e2d6f21719f28965a23,SILENT_SVOLE,INCLUDING_BASE_OT,2305843009213693951,61,64,128,,12,4096,,,8,-1,1,OK,measured,,tcp-loopback,,,,,,,,,,,,,,,,,,348.58099999999996,,,683.156,,,,,,,1,tcp_two_process;,8174288,119928,119928,8174288,8294152,8294152,0,,,,,103416,,,,,TCP loopback,Z0[i][j] + Z1[i][j] = x[i] * Delta[j] mod p,semi-honest-128,4096,4096,ExConv7x24,8432,248,248,34,1488,0,0,248,1,332.32099999999997,57.618,0.0,348.58099999999996,334.575,,,,64328,8126472,,,95232,64328,8126472,253.117431640625,2024.939453125
2026-07-24T02:42:36.589338+00:00,562e21bc6bf16bfc32ac3e2d6f21719f28965a23,SILENT_SVOLE,INCLUDING_BASE_OT,2305843009213693951,61,64,128,,12,4096,,,8,0,0,OK,measured,,tcp-loopback,,,,,,,,,,,,,,,,,,350.375,,,688.521,,,,,,,1,tcp_two_process;,8174288,119928,119928,8174288,8294152,8294152,0,,,,,103416,,,,,TCP loopback,Z0[i][j] + Z1[i][j] = x[i] * Delta[j] mod p,semi-honest-128,4096,4096,ExConv7x24,8432,248,248,34,1488,0,0,248,1,335.923,58.573,0.0,350.375,338.146,,,,64328,8126472,,,95232,64328,8126472,253.117431640625,2024.939453125
2026-07-24T02:42:37.148064+00:00,562e21bc6bf16bfc32ac3e2d6f21719f28965a23,SILENT_SVOLE,INCLUDING_BASE_OT,2305843009213693951,61,64,128,,12,4096,,,8,1,0,OK,measured,,tcp-loopback,,,,,,,,,,,,,,,,,,348.775,,,685.653,,,,,,,1,tcp_two_process;,8174288,119928,119928,8174288,8294152,8294152,0,,,,,103416,,,,,TCP loopback,Z0[i][j] + Z1[i][j] = x[i] * Delta[j] mod p,semi-honest-128,4096,4096,ExConv7x24,8432,248,248,34,1488,0,0,248,1,334.656,57.548,0.0,348.775,336.878,,,,64328,8126472,,,95232,64328,8126472,253.117431640625,2024.939453125
2026-07-24T02:42:37.706712+00:00,562e21bc6bf16bfc32ac3e2d6f21719f28965a23,SILENT_SVOLE,INCLUDING_BASE_OT,2305843009213693951,61,64,128,,12,4096,,,8,2,0,OK,measured,,tcp-loopback,,,,,,,,,,,,,,,,,,348.986,,,684.608,,,,,,,1,tcp_two_process;,8174288,119928,119928,8174288,8294152,8294152,0,,,,,103416,,,,,TCP loopback,Z0[i][j] + Z1[i][j] = x[i] * Delta[j] mod p,semi-honest-128,4096,4096,ExConv7x24,8432,248,248,34,1488,0,0,248,1,333.404,58.024,0.0,348.986,335.62199999999996,,,,64328,8126472,,,95232,64328,8126472,253.117431640625,2024.939453125
2026-07-24T02:42:38.266471+00:00,562e21bc6bf16bfc32ac3e2d6f21719f28965a23,SILENT_SVOLE,INCLUDING_BASE_OT,2305843009213693951,61,64,128,,12,4096,,,8,3,0,OK,measured,,tcp-loopback,,,,,,,,,,,,,,,,,,348.603,,,682.8799999999999,,,,,,,1,tcp_two_process;,8174288,119928,119928,8174288,8294152,8294152,0,,,,,103416,,,,,TCP loopback,Z0[i][j] + Z1[i][j] = x[i] * Delta[j] mod p,semi-honest-128,4096,4096,ExConv7x24,8432,248,248,34,1488,0,0,248,1,332.068,58.026,0.0,348.603,334.277,,,,64328,8126472,,,95232,64328,8126472,253.117431640625,2024.939453125
2026-07-24T02:42:38.824892+00:00,562e21bc6bf16bfc32ac3e2d6f21719f28965a23,SILENT_SVOLE,INCLUDING_BASE_OT,2305843009213693951,61,64,128,,12,4096,,,8,4,0,OK,measured,,tcp-loopback,,,,,,,,,,,,,,,,,,349.017,,,678.8199999999999,,,,,,,1,tcp_two_process;,8174288,119928,119928,8174288,8294152,8294152,0,,,,,103416,,,,,TCP loopback,Z0[i][j] + Z1[i][j] = x[i] * Delta[j] mod p,semi-honest-128,4096,4096,ExConv7x24,8432,248,248,34,1488,0,0,248,1,327.583,57.923,0.0,349.017,329.803,,,,64328,8126472,,,95232,64328,8126472,253.117431640625,2024.939453125
2026-07-24T02:42:39.384605+00:00,562e21bc6bf16bfc32ac3e2d6f21719f28965a23,SILENT_SVOLE,INCLUDING_BASE_OT,2305843009213693951,61,64,128,,12,4096,,,8,5,0,OK,measured,,tcp-loopback,,,,,,,,,,,,,,,,,,350.105,,,687.551,,,,,,,1,tcp_two_process;,8174288,119928,119928,8174288,8294152,8294152,0,,,,,103416,,,,,TCP loopback,Z0[i][j] + Z1[i][j] = x[i] * Delta[j] mod p,semi-honest-128,4096,4096,ExConv7x24,8432,248,248,34,1488,0,0,248,1,335.192,59.21,0.0,350.105,337.446,,,,64328,8126472,,,95232,64328,8126472,253.117431640625,2024.939453125
2026-07-24T02:42:39.945598+00:00,562e21bc6bf16bfc32ac3e2d6f21719f28965a23,SILENT_SVOLE,INCLUDING_BASE_OT,2305843009213693951,61,64,128,,12,4096,,,8,6,0,OK,measured,,tcp-loopback,,,,,,,,,,,,,,,,,,349.84700000000004,,,684.384,,,,,,,1,tcp_two_process;,8174288,119928,119928,8174288,8294152,8294152,0,,,,,103416,,,,,TCP loopback,Z0[i][j] + Z1[i][j] = x[i] * Delta[j] mod p,semi-honest-128,4096,4096,ExConv7x24,8432,248,248,34,1488,0,0,248,1,332.31100000000004,58.245,0.0,349.84700000000004,334.537,,,,64328,8126472,,,95232,64328,8126472,253.117431640625,2024.939453125
2026-07-24T02:42:40.504122+00:00,562e21bc6bf16bfc32ac3e2d6f21719f28965a23,SILENT_SVOLE,INCLUDING_BASE_OT,2305843009213693951,61,64,128,,12,4096,,,8,7,0,OK,measured,,tcp-loopback,,,,,,,,,,,,,,,,,,349.196,,,686.11,,,,,,,1,tcp_two_process;,8174288,119928,119928,8174288,8294152,8294152,0,,,,,103416,,,,,TCP loopback,Z0[i][j] + Z1[i][j] = x[i] * Delta[j] mod p,semi-honest-128,4096,4096,ExConv7x24,8432,248,248,34,1488,0,0,248,1,334.67900000000003,58.181999999999995,0.0,349.196,336.914,,,,64328,8126472,,,95232,64328,8126472,253.117431640625,2024.939453125
2026-07-24T02:42:41.064240+00:00,562e21bc6bf16bfc32ac3e2d6f21719f28965a23,SILENT_SVOLE,INCLUDING_BASE_OT,2305843009213693951,61,64,128,,12,4096,,,8,8,0,OK,measured,,tcp-loopback,,,,,,,,,,,,,,,,,,349.719,,,686.7840000000001,,,,,,,1,tcp_two_process;,8174288,119928,119928,8174288,8294152,8294152,0,,,,,103416,,,,,TCP loopback,Z0[i][j] + Z1[i][j] = x[i] * Delta[j] mod p,semi-honest-128,4096,4096,ExConv7x24,8432,248,248,34,1488,0,0,248,1,334.844,58.501,0.0,349.719,337.065,,,,64328,8126472,,,95232,64328,8126472,253.117431640625,2024.939453125
2026-07-24T02:42:41.621736+00:00,562e21bc6bf16bfc32ac3e2d6f21719f28965a23,SILENT_SVOLE,INCLUDING_BASE_OT,2305843009213693951,61,64,128,,12,4096,,,8,9,0,OK,measured,,tcp-loopback,,,,,,,,,,,,,,,,,,348.3,,,682.908,,,,,,,1,tcp_two_process;,8174288,119928,119928,8174288,8294152,8294152,0,,,,,103416,,,,,TCP loopback,Z0[i][j] + Z1[i][j] = x[i] * Delta[j] mod p,semi-honest-128,4096,4096,ExConv7x24,8432,248,248,34,1488,0,0,248,1,332.399,58.271,0.0,348.3,334.608,,,,64328,8126472,,,95232,64328,8126472,253.117431640625,2024.939453125
2026-07-24T02:42:43.121361+00:00,562e21bc6bf16bfc32ac3e2d6f21719f28965a23,SILENT_SVOLE,INCLUDING_BASE_OT,2305843009213693951,61,64,128,,12,4096,,,16,-1,1,OK,measured,,tcp-loopback,,,,,,,,,,,,,,,,,,538.223,,,1053.834,,,,,,,1,tcp_two_process;,32553744,199800,199800,32553744,32753416,32753416,0,,,,,166904,,,,,TCP loopback,Z0[i][j] + Z1[i][j] = x[i] * Delta[j] mod p,semi-honest-128,4096,4096,ExConv7x24,8432,248,248,34,1488,0,0,248,1,511.726,89.68900000000001,0.0,538.223,515.611,,,,80776,32505864,,,95232,80776,32505864,499.7774658203125,3998.2197265625
2026-07-24T02:42:43.868326+00:00,562e21bc6bf16bfc32ac3e2d6f21719f28965a23,SILENT_SVOLE,INCLUDING_BASE_OT,2305843009213693951,61,64,128,,12,4096,,,16,0,0,OK,measured,,tcp-loopback,,,,,,,,,,,,,,,,,,537.702,,,1061.377,,,,,,,1,tcp_two_process;,32553744,199800,199800,32553744,32753416,32753416,0,,,,,166904,,,,,TCP loopback,Z0[i][j] + Z1[i][j] = x[i] * Delta[j] mod p,semi-honest-128,4096,4096,ExConv7x24,8432,248,248,34,1488,0,0,248,1,519.904,88.87299999999999,0.0,537.702,523.675,,,,80776,32505864,,,95232,80776,32505864,499.7774658203125,3998.2197265625
2026-07-24T02:42:44.617457+00:00,562e21bc6bf16bfc32ac3e2d6f21719f28965a23,SILENT_SVOLE,INCLUDING_BASE_OT,2305843009213693951,61,64,128,,12,4096,,,16,1,0,OK,measured,,tcp-loopback,,,,,,,,,,,,,,,,,,538.507,,,1062.0910000000001,,,,,,,1,tcp_two_process;,32553744,199800,199800,32553744,32753416,32753416,0,,,,,166904,,,,,TCP loopback,Z0[i][j] + Z1[i][j] = x[i] * Delta[j] mod p,semi-honest-128,4096,4096,ExConv7x24,8432,248,248,34,1488,0,0,248,1,519.682,89.756,0.0,538.507,523.5840000000001,,,,80776,32505864,,,95232,80776,32505864,499.7774658203125,3998.2197265625
2026-07-24T02:42:45.366032+00:00,562e21bc6bf16bfc32ac3e2d6f21719f28965a23,SILENT_SVOLE,INCLUDING_BASE_OT,2305843009213693951,61,64,128,,12,4096,,,16,2,0,OK,measured,,tcp-loopback,,,,,,,,,,,,,,,,,,538.588,,,1064.0339999999999,,,,,,,1,tcp_two_process;,32553744,199800,199800,32553744,32753416,32753416,0,,,,,166904,,,,,TCP loopback,Z0[i][j] + Z1[i][j] = x[i] * Delta[j] mod p,semi-honest-128,4096,4096,ExConv7x24,8432,248,248,34,1488,0,0,248,1,521.5889999999999,89.78899999999999,0.0,538.588,525.4459999999999,,,,80776,32505864,,,95232,80776,32505864,499.7774658203125,3998.2197265625
2026-07-24T02:42:46.114024+00:00,562e21bc6bf16bfc32ac3e2d6f21719f28965a23,SILENT_SVOLE,INCLUDING_BASE_OT,2305843009213693951,61,64,128,,12,4096,,,16,3,0,OK,measured,,tcp-loopback,,,,,,,,,,,,,,,,,,538.672,,,1064.0629999999999,,,,,,,1,tcp_two_process;,32553744,199800,199800,32553744,32753416,32753416,0,,,,,166904,,,,,TCP loopback,Z0[i][j] + Z1[i][j] = x[i] * Delta[j] mod p,semi-honest-128,4096,4096,ExConv7x24,8432,248,248,34,1488,0,0,248,1,521.536,89.628,0.0,538.672,525.3910000000001,,,,80776,32505864,,,95232,80776,32505864,499.7774658203125,3998.2197265625
2026-07-24T02:42:46.859937+00:00,562e21bc6bf16bfc32ac3e2d6f21719f28965a23,SILENT_SVOLE,INCLUDING_BASE_OT,2305843009213693951,61,64,128,,12,4096,,,16,4,0,OK,measured,,tcp-loopback,,,,,,,,,,,,,,,,,,536.886,,,1060.069,,,,,,,1,tcp_two_process;,32553744,199800,199800,32553744,32753416,32753416,0,,,,,166904,,,,,TCP loopback,Z0[i][j] + Z1[i][j] = x[i] * Delta[j] mod p,semi-honest-128,4096,4096,ExConv7x24,8432,248,248,34,1488,0,0,248,1,519.355,89.117,0.0,536.886,523.183,,,,80776,32505864,,,95232,80776,32505864,499.7774658203125,3998.2197265625
2026-07-24T02:42:47.607670+00:00,562e21bc6bf16bfc32ac3e2d6f21719f28965a23,SILENT_SVOLE,INCLUDING_BASE_OT,2305843009213693951,61,64,128,,12,4096,,,16,5,0,OK,measured,,tcp-loopback,,,,,,,,,,,,,,,,,,537.914,,,1060.527,,,,,,,1,tcp_two_process;,32553744,199800,199800,32553744,32753416,32753416,0,,,,,166904,,,,,TCP loopback,Z0[i][j] + Z1[i][j] = x[i] * Delta[j] mod p,semi-honest-128,4096,4096,ExConv7x24,8432,248,248,34,1488,0,0,248,1,518.836,89.409,0.0,537.914,522.6129999999999,,,,80776,32505864,,,95232,80776,32505864,499.7774658203125,3998.2197265625
2026-07-24T02:42:48.354723+00:00,562e21bc6bf16bfc32ac3e2d6f21719f28965a23,SILENT_SVOLE,INCLUDING_BASE_OT,2305843009213693951,61,64,128,,12,4096,,,16,6,0,OK,measured,,tcp-loopback,,,,,,,,,,,,,,,,,,537.978,,,1060.1,,,,,,,1,tcp_two_process;,32553744,199800,199800,32553744,32753416,32753416,0,,,,,166904,,,,,TCP loopback,Z0[i][j] + Z1[i][j] = x[i] * Delta[j] mod p,semi-honest-128,4096,4096,ExConv7x24,8432,248,248,34,1488,0,0,248,1,518.32,89.734,0.0,537.978,522.122,,,,80776,32505864,,,95232,80776,32505864,499.7774658203125,3998.2197265625
2026-07-24T02:42:49.103569+00:00,562e21bc6bf16bfc32ac3e2d6f21719f28965a23,SILENT_SVOLE,INCLUDING_BASE_OT,2305843009213693951,61,64,128,,12,4096,,,16,7,0,OK,measured,,tcp-loopback,,,,,,,,,,,,,,,,,,539.3820000000001,,,1058.1719999999998,,,,,,,1,tcp_two_process;,32553744,199800,199800,32553744,32753416,32753416,0,,,,,166904,,,,,TCP loopback,Z0[i][j] + Z1[i][j] = x[i] * Delta[j] mod p,semi-honest-128,4096,4096,ExConv7x24,8432,248,248,34,1488,0,0,248,1,514.937,90.585,0.0,539.3820000000001,518.79,,,,80776,32505864,,,95232,80776,32505864,499.7774658203125,3998.2197265625
2026-07-24T02:42:49.851243+00:00,562e21bc6bf16bfc32ac3e2d6f21719f28965a23,SILENT_SVOLE,INCLUDING_BASE_OT,2305843009213693951,61,64,128,,12,4096,,,16,8,0,OK,measured,,tcp-loopback,,,,,,,,,,,,,,,,,,538.646,,,1061.2379999999998,,,,,,,1,tcp_two_process;,32553744,199800,199800,32553744,32753416,32753416,0,,,,,166904,,,,,TCP loopback,Z0[i][j] + Z1[i][j] = x[i] * Delta[j] mod p,semi-honest-128,4096,4096,ExConv7x24,8432,248,248,34,1488,0,0,248,1,518.64,90.18299999999999,0.0,538.646,522.592,,,,80776,32505864,,,95232,80776,32505864,499.7774658203125,3998.2197265625
2026-07-24T02:42:50.600621+00:00,562e21bc6bf16bfc32ac3e2d6f21719f28965a23,SILENT_SVOLE,INCLUDING_BASE_OT,2305843009213693951,61,64,128,,12,4096,,,16,9,0,OK,measured,,tcp-loopback,,,,,,,,,,,,,,,,,,539.411,,,1063.283,,,,,,,1,tcp_two_process;,32553744,199800,199800,32553744,32753416,32753416,0,,,,,166904,,,,,TCP loopback,Z0[i][j] + Z1[i][j] = x[i] * Delta[j] mod p,semi-honest-128,4096,4096,ExConv7x24,8432,248,248,34,1488,0,0,248,1,520.069,89.90299999999999,0.0,539.411,523.872,,,,80776,32505864,,,95232,80776,32505864,499.7774658203125,3998.2197265625
2026-07-24T02:42:53.375955+00:00,562e21bc6bf16bfc32ac3e2d6f21719f28965a23,SILENT_SVOLE,INCLUDING_BASE_OT,2305843009213693951,61,64,128,,12,4096,,,32,-1,1,OK,measured,,tcp-loopback,,,,,,,,,,,,,,,,,,1176.953,,,2339.2400000000002,,,,,,,1,tcp_two_process;,130071440,359544,359544,130071440,130430728,130430728,0,,,,,293880,,,,,TCP loopback,Z0[i][j] + Z1[i][j] = x[i] * Delta[j] mod p,semi-honest-128,4096,4096,ExConv7x24,8432,248,248,34,1488,0,0,248,1,1157.29,230.4,0.0,1176.953,1162.287,,,,113672,130023432,,,95232,113672,130023432,995.1074829101562,7960.85986328125
2026-07-24T02:42:54.768830+00:00,562e21bc6bf16bfc32ac3e2d6f21719f28965a23,SILENT_SVOLE,INCLUDING_BASE_OT,2305843009213693951,61,64,128,,12,4096,,,32,0,0,OK,measured,,tcp-loopback,,,,,,,,,,,,,,,,,,1182.2839999999999,,,2345.497,,,,,,,1,tcp_two_process;,130071440,359544,359544,130071440,130430728,130430728,0,,,,,293880,,,,,TCP loopback,Z0[i][j] + Z1[i][j] = x[i] * Delta[j] mod p,semi-honest-128,4096,4096,ExConv7x24,8432,248,248,34,1488,0,0,248,1,1158.299,230.526,0.0,1182.2839999999999,1163.213,,,,113672,130023432,,,95232,113672,130023432,995.1074829101562,7960.85986328125
2026-07-24T02:42:56.155327+00:00,562e21bc6bf16bfc32ac3e2d6f21719f28965a23,SILENT_SVOLE,INCLUDING_BASE_OT,2305843009213693951,61,64,128,,12,4096,,,32,1,0,OK,measured,,tcp-loopback,,,,,,,,,,,,,,,,,,1176.037,,,2337.7879999999996,,,,,,,1,tcp_two_process;,130071440,359544,359544,130071440,130430728,130430728,0,,,,,293880,,,,,TCP loopback,Z0[i][j] + Z1[i][j] = x[i] * Delta[j] mod p,semi-honest-128,4096,4096,ExConv7x24,8432,248,248,34,1488,0,0,248,1,1156.86,230.326,0.0,1176.037,1161.751,,,,113672,130023432,,,95232,113672,130023432,995.1074829101562,7960.85986328125
2026-07-24T02:42:57.542751+00:00,562e21bc6bf16bfc32ac3e2d6f21719f28965a23,SILENT_SVOLE,INCLUDING_BASE_OT,2305843009213693951,61,64,128,,12,4096,,,32,2,0,OK,measured,,tcp-loopback,,,,,,,,,,,,,,,,,,1177.173,,,2338.313,,,,,,,1,tcp_two_process;,130071440,359544,359544,130071440,130430728,130430728,0,,,,,293880,,,,,TCP loopback,Z0[i][j] + Z1[i][j] = x[i] * Delta[j] mod p,semi-honest-128,4096,4096,ExConv7x24,8432,248,248,34,1488,0,0,248,1,1156.318,229.439,0.0,1177.173,1161.14,,,,113672,130023432,,,95232,113672,130023432,995.1074829101562,7960.85986328125
2026-07-24T02:42:58.934721+00:00,562e21bc6bf16bfc32ac3e2d6f21719f28965a23,SILENT_SVOLE,INCLUDING_BASE_OT,2305843009213693951,61,64,128,,12,4096,,,32,3,0,OK,measured,,tcp-loopback,,,,,,,,,,,,,,,,,,1182.596,,,2347.735,,,,,,,1,tcp_two_process;,130071440,359544,359544,130071440,130430728,130430728,0,,,,,293880,,,,,TCP loopback,Z0[i][j] + Z1[i][j] = x[i] * Delta[j] mod p,semi-honest-128,4096,4096,ExConv7x24,8432,248,248,34,1488,0,0,248,1,1160.177,230.86599999999999,0.0,1182.596,1165.139,,,,113672,130023432,,,95232,113672,130023432,995.1074829101562,7960.85986328125
2026-07-24T02:43:00.324462+00:00,562e21bc6bf16bfc32ac3e2d6f21719f28965a23,SILENT_SVOLE,INCLUDING_BASE_OT,2305843009213693951,61,64,128,,12,4096,,,32,4,0,OK,measured,,tcp-loopback,,,,,,,,,,,,,,,,,,1178.705,,,2340.561,,,,,,,1,tcp_two_process;,130071440,359544,359544,130071440,130430728,130430728,0,,,,,293880,,,,,TCP loopback,Z0[i][j] + Z1[i][j] = x[i] * Delta[j] mod p,semi-honest-128,4096,4096,ExConv7x24,8432,248,248,34,1488,0,0,248,1,1156.8890000000001,230.77900000000002,0.0,1178.705,1161.856,,,,113672,130023432,,,95232,113672,130023432,995.1074829101562,7960.85986328125
2026-07-24T02:43:01.716613+00:00,562e21bc6bf16bfc32ac3e2d6f21719f28965a23,SILENT_SVOLE,INCLUDING_BASE_OT,2305843009213693951,61,64,128,,12,4096,,,32,5,0,OK,measured,,tcp-loopback,,,,,,,,,,,,,,,,,,1181.552,,,2344.59,,,,,,,1,tcp_two_process;,130071440,359544,359544,130071440,130430728,130430728,0,,,,,293880,,,,,TCP loopback,Z0[i][j] + Z1[i][j] = x[i] * Delta[j] mod p,semi-honest-128,4096,4096,ExConv7x24,8432,248,248,34,1488,0,0,248,1,1158.0600000000002,230.673,0.0,1181.552,1163.038,,,,113672,130023432,,,95232,113672,130023432,995.1074829101562,7960.85986328125
2026-07-24T02:43:03.104521+00:00,562e21bc6bf16bfc32ac3e2d6f21719f28965a23,SILENT_SVOLE,INCLUDING_BASE_OT,2305843009213693951,61,64,128,,12,4096,,,32,6,0,OK,measured,,tcp-loopback,,,,,,,,,,,,,,,,,,1177.406,,,2340.298,,,,,,,1,tcp_two_process;,130071440,359544,359544,130071440,130430728,130430728,0,,,,,293880,,,,,TCP loopback,Z0[i][j] + Z1[i][j] = x[i] * Delta[j] mod p,semi-honest-128,4096,4096,ExConv7x24,8432,248,248,34,1488,0,0,248,1,1157.83,231.843,0.0,1177.406,1162.892,,,,113672,130023432,,,95232,113672,130023432,995.1074829101562,7960.85986328125
2026-07-24T02:43:04.492283+00:00,562e21bc6bf16bfc32ac3e2d6f21719f28965a23,SILENT_SVOLE,INCLUDING_BASE_OT,2305843009213693951,61,64,128,,12,4096,,,32,7,0,OK,measured,,tcp-loopback,,,,,,,,,,,,,,,,,,1177.6009999999999,,,2340.254,,,,,,,1,tcp_two_process;,130071440,359544,359544,130071440,130430728,130430728,0,,,,,293880,,,,,TCP loopback,Z0[i][j] + Z1[i][j] = x[i] * Delta[j] mod p,semi-honest-128,4096,4096,ExConv7x24,8432,248,248,34,1488,0,0,248,1,1157.778,231.064,0.0,1177.6009999999999,1162.653,,,,113672,130023432,,,95232,113672,130023432,995.1074829101562,7960.85986328125
2026-07-24T02:43:05.881350+00:00,562e21bc6bf16bfc32ac3e2d6f21719f28965a23,SILENT_SVOLE,INCLUDING_BASE_OT,2305843009213693951,61,64,128,,12,4096,,,32,8,0,OK,measured,,tcp-loopback,,,,,,,,,,,,,,,,,,1179.4089999999999,,,2343.1389999999997,,,,,,,1,tcp_two_process;,130071440,359544,359544,130071440,130430728,130430728,0,,,,,293880,,,,,TCP loopback,Z0[i][j] + Z1[i][j] = x[i] * Delta[j] mod p,semi-honest-128,4096,4096,ExConv7x24,8432,248,248,34,1488,0,0,248,1,1158.7359999999999,233.212,0.0,1179.4089999999999,1163.73,,,,113672,130023432,,,95232,113672,130023432,995.1074829101562,7960.85986328125
2026-07-24T02:43:07.270325+00:00,562e21bc6bf16bfc32ac3e2d6f21719f28965a23,SILENT_SVOLE,INCLUDING_BASE_OT,2305843009213693951,61,64,128,,12,4096,,,32,9,0,OK,measured,,tcp-loopback,,,,,,,,,,,,,,,,,,1179.019,,,2343.7520000000004,,,,,,,1,tcp_two_process;,130071440,359544,359544,130071440,130430728,130430728,0,,,,,293880,,,,,TCP loopback,Z0[i][j] + Z1[i][j] = x[i] * Delta[j] mod p,semi-honest-128,4096,4096,ExConv7x24,8432,248,248,34,1488,0,0,248,1,1159.786,231.482,0.0,1179.019,1164.733,,,,113672,130023432,,,95232,113672,130023432,995.1074829101562,7960.85986328125
2026-07-24T02:43:08.614480+00:00,562e21bc6bf16bfc32ac3e2d6f21719f28965a23,SILENT_SVOLE,INCLUDING_BASE_OT,2305843009213693951,61,64,128,,14,16384,,,8,-1,1,OK,measured,,tcp-loopback,,,,,,,,,,,,,,,,,,461.36899999999997,,,899.887,,,,,,,1,tcp_two_process;,8190160,135800,135800,8190160,8325896,8325896,0,,,,,119288,,,,,TCP loopback,Z0[i][j] + Z1[i][j] = x[i] * Delta[j] mod p,semi-honest-128,16384,16384,ExConv7x24,33232,248,248,134,1984,0,0,248,1,429.85400000000004,105.62299999999999,0.0,461.36899999999997,438.51800000000003,,,,80200,8126472,,,126976,80200,8126472,63.52154541015625,508.17236328125
2026-07-24T02:43:09.285574+00:00,562e21bc6bf16bfc32ac3e2d6f21719f28965a23,SILENT_SVOLE,INCLUDING_BASE_OT,2305843009213693951,61,64,128,,14,16384,,,8,0,0,OK,measured,,tcp-loopback,,,,,,,,,,,,,,,,,,460.81699999999995,,,898.504,,,,,,,1,tcp_two_process;,8190160,135800,135800,8190160,8325896,8325896,0,,,,,119288,,,,,TCP loopback,Z0[i][j] + Z1[i][j] = x[i] * Delta[j] mod p,semi-honest-128,16384,16384,ExConv7x24,33232,248,248,134,1984,0,0,248,1,429.223,104.837,0.0,460.81699999999995,437.687,,,,80200,8126472,,,126976,80200,8126472,63.52154541015625,508.17236328125
2026-07-24T02:43:09.958460+00:00,562e21bc6bf16bfc32ac3e2d6f21719f28965a23,SILENT_SVOLE,INCLUDING_BASE_OT,2305843009213693951,61,64,128,,14,16384,,,8,1,0,OK,measured,,tcp-loopback,,,,,,,,,,,,,,,,,,461.266,,,894.8199999999999,,,,,,,1,tcp_two_process;,8190160,135800,135800,8190160,8325896,8325896,0,,,,,119288,,,,,TCP loopback,Z0[i][j] + Z1[i][j] = x[i] * Delta[j] mod p,semi-honest-128,16384,16384,ExConv7x24,33232,248,248,134,1984,0,0,248,1,424.996,105.62100000000001,0.0,461.266,433.554,,,,80200,8126472,,,126976,80200,8126472,63.52154541015625,508.17236328125
2026-07-24T02:43:10.630070+00:00,562e21bc6bf16bfc32ac3e2d6f21719f28965a23,SILENT_SVOLE,INCLUDING_BASE_OT,2305843009213693951,61,64,128,,14,16384,,,8,2,0,OK,measured,,tcp-loopback,,,,,,,,,,,,,,,,,,460.804,,,899.008,,,,,,,1,tcp_two_process;,8190160,135800,135800,8190160,8325896,8325896,0,,,,,119288,,,,,TCP loopback,Z0[i][j] + Z1[i][j] = x[i] * Delta[j] mod p,semi-honest-128,16384,16384,ExConv7x24,33232,248,248,134,1984,0,0,248,1,429.787,105.462,0.0,460.804,438.204,,,,80200,8126472,,,126976,80200,8126472,63.52154541015625,508.17236328125
2026-07-24T02:43:11.301333+00:00,562e21bc6bf16bfc32ac3e2d6f21719f28965a23,SILENT_SVOLE,INCLUDING_BASE_OT,2305843009213693951,61,64,128,,14,16384,,,8,3,0,OK,measured,,tcp-loopback,,,,,,,,,,,,,,,,,,460.482,,,897.865,,,,,,,1,tcp_two_process;,8190160,135800,135800,8190160,8325896,8325896,0,,,,,119288,,,,,TCP loopback,Z0[i][j] + Z1[i][j] = x[i] * Delta[j] mod p,semi-honest-128,16384,16384,ExConv7x24,33232,248,248,134,1984,0,0,248,1,428.965,106.001,0.0,460.482,437.38300000000004,,,,80200,8126472,,,126976,80200,8126472,63.52154541015625,508.17236328125
2026-07-24T02:43:11.971365+00:00,562e21bc6bf16bfc32ac3e2d6f21719f28965a23,SILENT_SVOLE,INCLUDING_BASE_OT,2305843009213693951,61,64,128,,14,16384,,,8,4,0,OK,measured,,tcp-loopback,,,,,,,,,,,,,,,,,,460.447,,,895.924,,,,,,,1,tcp_two_process;,8190160,135800,135800,8190160,8325896,8325896,0,,,,,119288,,,,,TCP loopback,Z0[i][j] + Z1[i][j] = x[i] * Delta[j] mod p,semi-honest-128,16384,16384,ExConv7x24,33232,248,248,134,1984,0,0,248,1,427.022,105.534,0.0,460.447,435.477,,,,80200,8126472,,,126976,80200,8126472,63.52154541015625,508.17236328125
2026-07-24T02:43:12.642063+00:00,562e21bc6bf16bfc32ac3e2d6f21719f28965a23,SILENT_SVOLE,INCLUDING_BASE_OT,2305843009213693951,61,64,128,,14,16384,,,8,5,0,OK,measured,,tcp-loopback,,,,,,,,,,,,,,,,,,460.445,,,898.467,,,,,,,1,tcp_two_process;,8190160,135800,135800,8190160,8325896,8325896,0,,,,,119288,,,,,TCP loopback,Z0[i][j] + Z1[i][j] = x[i] * Delta[j] mod p,semi-honest-128,16384,16384,ExConv7x24,33232,248,248,134,1984,0,0,248,1,429.602,101.451,0.0,460.445,438.02200000000005,,,,80200,8126472,,,126976,80200,8126472,63.52154541015625,508.17236328125
2026-07-24T02:43:13.317009+00:00,562e21bc6bf16bfc32ac3e2d6f21719f28965a23,SILENT_SVOLE,INCLUDING_BASE_OT,2305843009213693951,61,64,128,,14,16384,,,8,6,0,OK,measured,,tcp-loopback,,,,,,,,,,,,,,,,,,464.358,,,905.5980000000001,,,,,,,1,tcp_two_process;,8190160,135800,135800,8190160,8325896,8325896,0,,,,,119288,,,,,TCP loopback,Z0[i][j] + Z1[i][j] = x[i] * Delta[j] mod p,semi-honest-128,16384,16384,ExConv7x24,33232,248,248,134,1984,0,0,248,1,432.853,102.84400000000001,0.0,464.358,441.24,,,,80200,8126472,,,126976,80200,8126472,63.52154541015625,508.17236328125
2026-07-24T02:43:13.986995+00:00,562e21bc6bf16bfc32ac3e2d6f21719f28965a23,SILENT_SVOLE,INCLUDING_BASE_OT,2305843009213693951,61,64,128,,14,16384,,,8,7,0,OK,measured,,tcp-loopback,,,,,,,,,,,,,,,,,,460.428,,,895.49,,,,,,,1,tcp_two_process;,8190160,135800,135800,8190160,8325896,8325896,0,,,,,119288,,,,,TCP loopback,Z0[i][j] + Z1[i][j] = x[i] * Delta[j] mod p,semi-honest-128,16384,16384,ExConv7x24,33232,248,248,134,1984,0,0,248,1,426.61,105.116,0.0,460.428,435.062,,,,80200,8126472,,,126976,80200,8126472,63.52154541015625,508.17236328125
2026-07-24T02:43:14.658368+00:00,562e21bc6bf16bfc32ac3e2d6f21719f28965a23,SILENT_SVOLE,INCLUDING_BASE_OT,2305843009213693951,61,64,128,,14,16384,,,8,8,0,OK,measured,,tcp-loopback,,,,,,,,,,,,,,,,,,460.566,,,898.714,,,,,,,1,tcp_two_process;,8190160,135800,135800,8190160,8325896,8325896,0,,,,,119288,,,,,TCP loopback,Z0[i][j] + Z1[i][j] = x[i] * Delta[j] mod p,semi-honest-128,16384,16384,ExConv7x24,33232,248,248,134,1984,0,0,248,1,429.574,106.004,0.0,460.566,438.14799999999997,,,,80200,8126472,,,126976,80200,8126472,63.52154541015625,508.17236328125
2026-07-24T02:43:15.327875+00:00,562e21bc6bf16bfc32ac3e2d6f21719f28965a23,SILENT_SVOLE,INCLUDING_BASE_OT,2305843009213693951,61,64,128,,14,16384,,,8,9,0,OK,measured,,tcp-loopback,,,,,,,,,,,,,,,,,,458.708,,,894.807,,,,,,,1,tcp_two_process;,8190160,135800,135800,8190160,8325896,8325896,0,,,,,119288,,,,,TCP loopback,Z0[i][j] + Z1[i][j] = x[i] * Delta[j] mod p,semi-honest-128,16384,16384,ExConv7x24,33232,248,248,134,1984,0,0,248,1,427.67699999999996,103.937,0.0,458.708,436.099,,,,80200,8126472,,,126976,80200,8126472,63.52154541015625,508.17236328125
2026-07-24T02:43:17.014889+00:00,562e21bc6bf16bfc32ac3e2d6f21719f28965a23,SILENT_SVOLE,INCLUDING_BASE_OT,2305843009213693951,61,64,128,,14,16384,,,16,-1,1,OK,measured,,tcp-loopback,,,,,,,,,,,,,,,,,,626.709,,,1225.9009999999998,,,,,,,1,tcp_two_process;,32569616,215672,215672,32569616,32785160,32785160,0,,,,,0,,,,,TCP loopback,Z0[i][j] + Z1[i][j] = x[i] * Delta[j] mod p,semi-honest-128,16384,16384,ExConv7x24,33232,248,248,134,1984,0,0,248,1,582.928,112.697,0.0,626.709,599.1919999999999,,,,96648,32688640,,,126976,96648,32688640,125.06546020507812,1000.523681640625
2026-07-24T02:43:17.855324+00:00,562e21bc6bf16bfc32ac3e2d6f21719f28965a23,SILENT_SVOLE,INCLUDING_BASE_OT,2305843009213693951,61,64,128,,14,16384,,,16,0,0,OK,measured,,tcp-loopback,,,,,,,,,,,,,,,,,,629.383,,,1231.8709999999999,,,,,,,1,tcp_two_process;,32569616,215672,215672,32569616,32785160,32785160,0,,,,,0,,,,,TCP loopback,Z0[i][j] + Z1[i][j] = x[i] * Delta[j] mod p,semi-honest-128,16384,16384,ExConv7x24,33232,248,248,134,1984,0,0,248,1,585.626,115.617,0.0,629.383,602.488,,,,96648,32688640,,,126976,96648,32688640,125.06546020507812,1000.523681640625
2026-07-24T02:43:18.694906+00:00,562e21bc6bf16bfc32ac3e2d6f21719f28965a23,SILENT_SVOLE,INCLUDING_BASE_OT,2305843009213693951,61,64,128,,14,16384,,,16,1,0,OK,measured,,tcp-loopback,,,,,,,,,,,,,,,,,,628.737,,,1229.406,,,,,,,1,tcp_two_process;,32569616,215672,215672,32569616,32785160,32785160,0,,,,,0,,,,,TCP loopback,Z0[i][j] + Z1[i][j] = x[i] * Delta[j] mod p,semi-honest-128,16384,16384,ExConv7x24,33232,248,248,134,1984,0,0,248,1,584.347,116.066,0.0,628.737,600.669,,,,96648,32688640,,,126976,96648,32688640,125.06546020507812,1000.523681640625
2026-07-24T02:43:19.531156+00:00,562e21bc6bf16bfc32ac3e2d6f21719f28965a23,SILENT_SVOLE,INCLUDING_BASE_OT,2305843009213693951,61,64,128,,14,16384,,,16,2,0,OK,measured,,tcp-loopback,,,,,,,,,,,,,,,,,,626.614,,,1226.645,,,,,,,1,tcp_two_process;,32569616,215672,215672,32569616,32785160,32785160,0,,,,,0,,,,,TCP loopback,Z0[i][j] + Z1[i][j] = x[i] * Delta[j] mod p,semi-honest-128,16384,16384,ExConv7x24,33232,248,248,134,1984,0,0,248,1,583.328,113.051,0.0,626.614,600.031,,,,96648,32688640,,,126976,96648,32688640,125.06546020507812,1000.523681640625
2026-07-24T02:43:20.366784+00:00,562e21bc6bf16bfc32ac3e2d6f21719f28965a23,SILENT_SVOLE,INCLUDING_BASE_OT,2305843009213693951,61,64,128,,14,16384,,,16,3,0,OK,measured,,tcp-loopback,,,,,,,,,,,,,,,,,,625.1529999999999,,,1224.532,,,,,,,1,tcp_two_process;,32569616,215672,215672,32569616,32785160,32785160,0,,,,,0,,,,,TCP loopback,Z0[i][j] + Z1[i][j] = x[i] * Delta[j] mod p,semi-honest-128,16384,16384,ExConv7x24,33232,248,248,134,1984,0,0,248,1,583.1429999999999,112.21499999999999,0.0,625.1529999999999,599.379,,,,96648,32688640,,,126976,96648,32688640,125.06546020507812,1000.523681640625
2026-07-24T02:43:21.203145+00:00,562e21bc6bf16bfc32ac3e2d6f21719f28965a23,SILENT_SVOLE,INCLUDING_BASE_OT,2305843009213693951,61,64,128,,14,16384,,,16,4,0,OK,measured,,tcp-loopback,,,,,,,,,,,,,,,,,,625.922,,,1222.1039999999998,,,,,,,1,tcp_two_process;,32569616,215672,215672,32569616,32785160,32785160,0,,,,,0,,,,,TCP loopback,Z0[i][j] + Z1[i][j] = x[i] * Delta[j] mod p,semi-honest-128,16384,16384,ExConv7x24,33232,248,248,134,1984,0,0,248,1,579.741,113.096,0.0,625.922,596.182,,,,96648,32688640,,,126976,96648,32688640,125.06546020507812,1000.523681640625
2026-07-24T02:43:22.043462+00:00,562e21bc6bf16bfc32ac3e2d6f21719f28965a23,SILENT_SVOLE,INCLUDING_BASE_OT,2305843009213693951,61,64,128,,14,16384,,,16,5,0,OK,measured,,tcp-loopback,,,,,,,,,,,,,,,,,,629.886,,,1231.4270000000001,,,,,,,1,tcp_two_process;,32569616,215672,215672,32569616,32785160,32785160,0,,,,,0,,,,,TCP loopback,Z0[i][j] + Z1[i][j] = x[i] * Delta[j] mod p,semi-honest-128,16384,16384,ExConv7x24,33232,248,248,134,1984,0,0,248,1,584.534,116.23400000000001,0.0,629.886,601.5409999999999,,,,96648,32688640,,,126976,96648,32688640,125.06546020507812,1000.523681640625
2026-07-24T02:43:22.878800+00:00,562e21bc6bf16bfc32ac3e2d6f21719f28965a23,SILENT_SVOLE,INCLUDING_BASE_OT,2305843009213693951,61,64,128,,14,16384,,,16,6,0,OK,measured,,tcp-loopback,,,,,,,,,,,,,,,,,,624.803,,,1223.967,,,,,,,1,tcp_two_process;,32569616,215672,215672,32569616,32785160,32785160,0,,,,,0,,,,,TCP loopback,Z0[i][j] + Z1[i][j] = x[i] * Delta[j] mod p,semi-honest-128,16384,16384,ExConv7x24,33232,248,248,134,1984,0,0,248,1,583.005,112.389,0.0,624.803,599.164,,,,96648,32688640,,,126976,96648,32688640,125.06546020507812,1000.523681640625
2026-07-24T02:43:23.715862+00:00,562e21bc6bf16bfc32ac3e2d6f21719f28965a23,SILENT_SVOLE,INCLUDING_BASE_OT,2305843009213693951,61,64,128,,14,16384,,,16,7,0,OK,measured,,tcp-loopback,,,,,,,,,,,,,,,,,,626.39,,,1224.455,,,,,,,1,tcp_two_process;,32569616,215672,215672,32569616,32785160,32785160,0,,,,,0,,,,,TCP loopback,Z0[i][j] + Z1[i][j] = x[i] * Delta[j] mod p,semi-honest-128,16384,16384,ExConv7x24,33232,248,248,134,1984,0,0,248,1,581.584,113.99900000000001,0.0,626.39,598.0649999999999,,,,96648,32688640,,,126976,96648,32688640,125.06546020507812,1000.523681640625
2026-07-24T02:43:24.554908+00:00,562e21bc6bf16bfc32ac3e2d6f21719f28965a23,SILENT_SVOLE,INCLUDING_BASE_OT,2305843009213693951,61,64,128,,14,16384,,,16,8,0,OK,measured,,tcp-loopback,,,,,,,,,,,,,,,,,,629.5509999999999,,,1230.241,,,,,,,1,tcp_two_process;,32569616,215672,215672,32569616,32785160,32785160,0,,,,,0,,,,,TCP loopback,Z0[i][j] + Z1[i][j] = x[i] * Delta[j] mod p,semi-honest-128,16384,16384,ExConv7x24,33232,248,248,134,1984,0,0,248,1,584.3530000000001,116.395,0.0,629.5509999999999,600.6899999999999,,,,96648,32688640,,,126976,96648,32688640,125.06546020507812,1000.523681640625
2026-07-24T02:43:25.390878+00:00,562e21bc6bf16bfc32ac3e2d6f21719f28965a23,SILENT_SVOLE,INCLUDING_BASE_OT,2305843009213693951,61,64,128,,14,16384,,,16,9,0,OK,measured,,tcp-loopback,,,,,,,,,,,,,,,,,,625.677,,,1224.2060000000001,,,,,,,1,tcp_two_process;,32569616,215672,215672,32569616,32785160,32785160,0,,,,,0,,,,,TCP loopback,Z0[i][j] + Z1[i][j] = x[i] * Delta[j] mod p,semi-honest-128,16384,16384,ExConv7x24,33232,248,248,134,1984,0,0,248,1,582.341,113.20700000000001,0.0,625.677,598.529,,,,96648,32688640,,,126976,96648,32688640,125.06546020507812,1000.523681640625
2026-07-24T02:43:28.353159+00:00,562e21bc6bf16bfc32ac3e2d6f21719f28965a23,SILENT_SVOLE,INCLUDING_BASE_OT,2305843009213693951,61,64,128,,14,16384,,,32,-1,1,OK,measured,,tcp-loopback,,,,,,,,,,,,,,,,,,1266.439,,,2507.567,,,,,,,1,tcp_two_process;,130087312,375416,375416,130087312,130462472,130462472,0,,,,,0,,,,,TCP loopback,Z0[i][j] + Z1[i][j] = x[i] * Delta[j] mod p,semi-honest-128,16384,16384,ExConv7x24,33232,248,248,134,1984,0,0,248,1,1221.782,256.79400000000004,0.0,1266.439,1241.128,,,,129544,130333184,,,126976,129544,130333184,248.83741760253906,1990.6993408203125
2026-07-24T02:43:29.833171+00:00,562e21bc6bf16bfc32ac3e2d6f21719f28965a23,SILENT_SVOLE,INCLUDING_BASE_OT,2305843009213693951,61,64,128,,14,16384,,,32,0,0,OK,measured,,tcp-loopback,,,,,,,,,,,,,,,,,,1269.0030000000002,,,2510.566,,,,,,,1,tcp_two_process;,130087312,375416,375416,130087312,130462472,130462472,0,,,,,0,,,,,TCP loopback,Z0[i][j] + Z1[i][j] = x[i] * Delta[j] mod p,semi-honest-128,16384,16384,ExConv7x24,33232,248,248,134,1984,0,0,248,1,1221.9489999999998,257.164,0.0,1269.0030000000002,1241.5629999999999,,,,129544,130333184,,,126976,129544,130333184,248.83741760253906,1990.6993408203125
2026-07-24T02:43:31.309211+00:00,562e21bc6bf16bfc32ac3e2d6f21719f28965a23,SILENT_SVOLE,INCLUDING_BASE_OT,2305843009213693951,61,64,128,,14,16384,,,32,1,0,OK,measured,,tcp-loopback,,,,,,,,,,,,,,,,,,1266.286,,,2508.478,,,,,,,1,tcp_two_process;,130087312,375416,375416,130087312,130462472,130462472,0,,,,,0,,,,,TCP loopback,Z0[i][j] + Z1[i][j] = x[i] * Delta[j] mod p,semi-honest-128,16384,16384,ExConv7x24,33232,248,248,134,1984,0,0,248,1,1222.713,255.814,0.0,1266.286,1242.192,,,,129544,130333184,,,126976,129544,130333184,248.83741760253906,1990.6993408203125
2026-07-24T02:43:32.789097+00:00,562e21bc6bf16bfc32ac3e2d6f21719f28965a23,SILENT_SVOLE,INCLUDING_BASE_OT,2305843009213693951,61,64,128,,14,16384,,,32,2,0,OK,measured,,tcp-loopback,,,,,,,,,,,,,,,,,,1269.609,,,2510.5339999999997,,,,,,,1,tcp_two_process;,130087312,375416,375416,130087312,130462472,130462472,0,,,,,0,,,,,TCP loopback,Z0[i][j] + Z1[i][j] = x[i] * Delta[j] mod p,semi-honest-128,16384,16384,ExConv7x24,33232,248,248,134,1984,0,0,248,1,1221.56,256.524,0.0,1269.609,1240.925,,,,129544,130333184,,,126976,129544,130333184,248.83741760253906,1990.6993408203125
2026-07-24T02:43:34.265229+00:00,562e21bc6bf16bfc32ac3e2d6f21719f28965a23,SILENT_SVOLE,INCLUDING_BASE_OT,2305843009213693951,61,64,128,,14,16384,,,32,3,0,OK,measured,,tcp-loopback,,,,,,,,,,,,,,,,,,1266.477,,,2507.892,,,,,,,1,tcp_two_process;,130087312,375416,375416,130087312,130462472,130462472,0,,,,,0,,,,,TCP loopback,Z0[i][j] + Z1[i][j] = x[i] * Delta[j] mod p,semi-honest-128,16384,16384,ExConv7x24,33232,248,248,134,1984,0,0,248,1,1222.1960000000001,256.699,0.0,1266.477,1241.415,,,,129544,130333184,,,126976,129544,130333184,248.83741760253906,1990.6993408203125
2026-07-24T02:43:35.746473+00:00,562e21bc6bf16bfc32ac3e2d6f21719f28965a23,SILENT_SVOLE,INCLUDING_BASE_OT,2305843009213693951,61,64,128,,14,16384,,,32,4,0,OK,measured,,tcp-loopback,,,,,,,,,,,,,,,,,,1270.1979999999999,,,2511.503,,,,,,,1,tcp_two_process;,130087312,375416,375416,130087312,130462472,130462472,0,,,,,0,,,,,TCP loopback,Z0[i][j] + Z1[i][j] = x[i] * Delta[j] mod p,semi-honest-128,16384,16384,ExConv7x24,33232,248,248,134,1984,0,0,248,1,1222.0439999999999,257.336,0.0,1270.1979999999999,1241.305,,,,129544,130333184,,,126976,129544,130333184,248.83741760253906,1990.6993408203125
2026-07-24T02:43:37.221204+00:00,562e21bc6bf16bfc32ac3e2d6f21719f28965a23,SILENT_SVOLE,INCLUDING_BASE_OT,2305843009213693951,61,64,128,,14,16384,,,32,5,0,OK,measured,,tcp-loopback,,,,,,,,,,,,,,,,,,1265.32,,,2506.59,,,,,,,1,tcp_two_process;,130087312,375416,375416,130087312,130462472,130462472,0,,,,,0,,,,,TCP loopback,Z0[i][j] + Z1[i][j] = x[i] * Delta[j] mod p,semi-honest-128,16384,16384,ExConv7x24,33232,248,248,134,1984,0,0,248,1,1221.963,256.801,0.0,1265.32,1241.27,,,,129544,130333184,,,126976,129544,130333184,248.83741760253906,1990.6993408203125
2026-07-24T02:43:38.697379+00:00,562e21bc6bf16bfc32ac3e2d6f21719f28965a23,SILENT_SVOLE,INCLUDING_BASE_OT,2305843009213693951,61,64,128,,14,16384,,,32,6,0,OK,measured,,tcp-loopback,,,,,,,,,,,,,,,,,,1265.96,,,2507.9979999999996,,,,,,,1,tcp_two_process;,130087312,375416,375416,130087312,130462472,130462472,0,,,,,0,,,,,TCP loopback,Z0[i][j] + Z1[i][j] = x[i] * Delta[j] mod p,semi-honest-128,16384,16384,ExConv7x24,33232,248,248,134,1984,0,0,248,1,1222.801,255.471,0.0,1265.96,1242.038,,,,129544,130333184,,,126976,129544,130333184,248.83741760253906,1990.6993408203125
2026-07-24T02:43:40.173698+00:00,562e21bc6bf16bfc32ac3e2d6f21719f28965a23,SILENT_SVOLE,INCLUDING_BASE_OT,2305843009213693951,61,64,128,,14,16384,,,32,7,0,OK,measured,,tcp-loopback,,,,,,,,,,,,,,,,,,1266.963,,,2507.8750000000005,,,,,,,1,tcp_two_process;,130087312,375416,375416,130087312,130462472,130462472,0,,,,,0,,,,,TCP loopback,Z0[i][j] + Z1[i][j] = x[i] * Delta[j] mod p,semi-honest-128,16384,16384,ExConv7x24,33232,248,248,134,1984,0,0,248,1,1221.028,257.425,0.0,1266.963,1240.912,,,,129544,130333184,,,126976,129544,130333184,248.83741760253906,1990.6993408203125
2026-07-24T02:43:41.649340+00:00,562e21bc6bf16bfc32ac3e2d6f21719f28965a23,SILENT_SVOLE,INCLUDING_BASE_OT,2305843009213693951,61,64,128,,14,16384,,,32,8,0,OK,measured,,tcp-loopback,,,,,,,,,,,,,,,,,,1265.257,,,2506.263,,,,,,,1,tcp_two_process;,130087312,375416,375416,130087312,130462472,130462472,0,,,,,0,,,,,TCP loopback,Z0[i][j] + Z1[i][j] = x[i] * Delta[j] mod p,semi-honest-128,16384,16384,ExConv7x24,33232,248,248,134,1984,0,0,248,1,1221.622,256.335,0.0,1265.257,1241.006,,,,129544,130333184,,,126976,129544,130333184,248.83741760253906,1990.6993408203125
2026-07-24T02:43:43.125217+00:00,562e21bc6bf16bfc32ac3e2d6f21719f28965a23,SILENT_SVOLE,INCLUDING_BASE_OT,2305843009213693951,61,64,128,,14,16384,,,32,9,0,OK,measured,,tcp-loopback,,,,,,,,,,,,,,,,,,1265.236,,,2506.497,,,,,,,1,tcp_two_process;,130087312,375416,375416,130087312,130462472,130462472,0,,,,,0,,,,,TCP loopback,Z0[i][j] + Z1[i][j] = x[i] * Delta[j] mod p,semi-honest-128,16384,16384,ExConv7x24,33232,248,248,134,1984,0,0,248,1,1221.951,255.452,0.0,1265.236,1241.261,,,,129544,130333184,,,126976,129544,130333184,248.83741760253906,1990.6993408203125
2026-07-24T02:43:44.758140+00:00,562e21bc6bf16bfc32ac3e2d6f21719f28965a23,SILENT_SVOLE,INCLUDING_BASE_OT,2305843009213693951,61,64,128,,16,65536,,,8,-1,1,OK,measured,,tcp-loopback,,,,,,,,,,,,,,,,,,596.792,,,1157.478,,,,,,,1,tcp_two_process;,8206032,151672,151672,8206032,8357640,8357640,0,,,,,0,,,,,TCP loopback,Z0[i][j] + Z1[i][j] = x[i] * Delta[j] mod p,semi-honest-128,65536,65536,ExConv7x24,131440,248,248,530,2480,0,0,248,1,523.085,179.53,0.0,596.792,560.686,,,,96072,8261632,,,158720,96072,8261632,15.940933227539062,127.5274658203125
2026-07-24T02:43:45.565236+00:00,562e21bc6bf16bfc32ac3e2d6f21719f28965a23,SILENT_SVOLE,INCLUDING_BASE_OT,2305843009213693951,61,64,128,,16,65536,,,8,0,0,OK,measured,,tcp-loopback,,,,,,,,,,,,,,,,,,596.883,,,1160.15,,,,,,,1,tcp_two_process;,8206032,151672,151672,8206032,8357640,8357640,0,,,,,0,,,,,TCP loopback,Z0[i][j] + Z1[i][j] = x[i] * Delta[j] mod p,semi-honest-128,65536,65536,ExConv7x24,131440,248,248,530,2480,0,0,248,1,526.0129999999999,179.311,0.0,596.883,563.2669999999999,,,,96072,8261632,,,158720,96072,8261632,15.940933227539062,127.5274658203125
2026-07-24T02:43:46.373566+00:00,562e21bc6bf16bfc32ac3e2d6f21719f28965a23,SILENT_SVOLE,INCLUDING_BASE_OT,2305843009213693951,61,64,128,,16,65536,,,8,1,0,OK,measured,,tcp-loopback,,,,,,,,,,,,,,,,,,598.209,,,1161.442,,,,,,,1,tcp_two_process;,8206032,151672,151672,8206032,8357640,8357640,0,,,,,0,,,,,TCP loopback,Z0[i][j] + Z1[i][j] = x[i] * Delta[j] mod p,semi-honest-128,65536,65536,ExConv7x24,131440,248,248,530,2480,0,0,248,1,525.875,180.24699999999999,0.0,598.209,563.233,,,,96072,8261632,,,158720,96072,8261632,15.940933227539062,127.5274658203125
2026-07-24T02:43:47.181791+00:00,562e21bc6bf16bfc32ac3e2d6f21719f28965a23,SILENT_SVOLE,INCLUDING_BASE_OT,2305843009213693951,61,64,128,,16,65536,,,8,2,0,OK,measured,,tcp-loopback,,,,,,,,,,,,,,,,,,598.401,,,1160.863,,,,,,,1,tcp_two_process;,8206032,151672,151672,8206032,8357640,8357640,0,,,,,0,,,,,TCP loopback,Z0[i][j] + Z1[i][j] = x[i] * Delta[j] mod p,semi-honest-128,65536,65536,ExConv7x24,131440,248,248,530,2480,0,0,248,1,524.9979999999999,181.013,0.0,598.401,562.462,,,,96072,8261632,,,158720,96072,8261632,15.940933227539062,127.5274658203125
2026-07-24T02:43:47.990000+00:00,562e21bc6bf16bfc32ac3e2d6f21719f28965a23,SILENT_SVOLE,INCLUDING_BASE_OT,2305843009213693951,61,64,128,,16,65536,,,8,3,0,OK,measured,,tcp-loopback,,,,,,,,,,,,,,,,,,598.105,,,1161.465,,,,,,,1,tcp_two_process;,8206032,151672,151672,8206032,8357640,8357640,0,,,,,0,,,,,TCP loopback,Z0[i][j] + Z1[i][j] = x[i] * Delta[j] mod p,semi-honest-128,65536,65536,ExConv7x24,131440,248,248,530,2480,0,0,248,1,525.592,180.065,0.0,598.105,563.36,,,,96072,8261632,,,158720,96072,8261632,15.940933227539062,127.5274658203125
2026-07-24T02:43:48.802450+00:00,562e21bc6bf16bfc32ac3e2d6f21719f28965a23,SILENT_SVOLE,INCLUDING_BASE_OT,2305843009213693951,61,64,128,,16,65536,,,8,4,0,OK,measured,,tcp-loopback,,,,,,,,,,,,,,,,,,601.545,,,1164.603,,,,,,,1,tcp_two_process;,8206032,151672,151672,8206032,8357640,8357640,0,,,,,0,,,,,TCP loopback,Z0[i][j] + Z1[i][j] = x[i] * Delta[j] mod p,semi-honest-128,65536,65536,ExConv7x24,131440,248,248,530,2480,0,0,248,1,525.181,182.969,0.0,601.545,563.058,,,,96072,8261632,,,158720,96072,8261632,15.940933227539062,127.5274658203125
2026-07-24T02:43:49.609665+00:00,562e21bc6bf16bfc32ac3e2d6f21719f28965a23,SILENT_SVOLE,INCLUDING_BASE_OT,2305843009213693951,61,64,128,,16,65536,,,8,5,0,OK,measured,,tcp-loopback,,,,,,,,,,,,,,,,,,597.0849999999999,,,1157.4189999999999,,,,,,,1,tcp_two_process;,8206032,151672,151672,8206032,8357640,8357640,0,,,,,0,,,,,TCP loopback,Z0[i][j] + Z1[i][j] = x[i] * Delta[j] mod p,semi-honest-128,65536,65536,ExConv7x24,131440,248,248,530,2480,0,0,248,1,523.0129999999999,179.29700000000003,0.0,597.0849999999999,560.334,,,,96072,8261632,,,158720,96072,8261632,15.940933227539062,127.5274658203125
2026-07-24T02:43:50.417680+00:00,562e21bc6bf16bfc32ac3e2d6f21719f28965a23,SILENT_SVOLE,INCLUDING_BASE_OT,2305843009213693951,61,64,128,,16,65536,,,8,6,0,OK,measured,,tcp-loopback,,,,,,,,,,,,,,,,,,597.778,,,1161.009,,,,,,,1,tcp_two_process;,8206032,151672,151672,8206032,8357640,8357640,0,,,,,0,,,,,TCP loopback,Z0[i][j] + Z1[i][j] = x[i] * Delta[j] mod p,semi-honest-128,65536,65536,ExConv7x24,131440,248,248,530,2480,0,0,248,1,525.729,180.446,0.0,597.778,563.231,,,,96072,8261632,,,158720,96072,8261632,15.940933227539062,127.5274658203125
2026-07-24T02:43:51.225879+00:00,562e21bc6bf16bfc32ac3e2d6f21719f28965a23,SILENT_SVOLE,INCLUDING_BASE_OT,2305843009213693951,61,64,128,,16,65536,,,8,7,0,OK,measured,,tcp-loopback,,,,,,,,,,,,,,,,,,598.135,,,1161.719,,,,,,,1,tcp_two_process;,8206032,151672,151672,8206032,8357640,8357640,0,,,,,0,,,,,TCP loopback,Z0[i][j] + Z1[i][j] = x[i] * Delta[j] mod p,semi-honest-128,65536,65536,ExConv7x24,131440,248,248,530,2480,0,0,248,1,526.027,180.542,0.0,598.135,563.584,,,,96072,8261632,,,158720,96072,8261632,15.940933227539062,127.5274658203125
2026-07-24T02:43:52.033440+00:00,562e21bc6bf16bfc32ac3e2d6f21719f28965a23,SILENT_SVOLE,INCLUDING_BASE_OT,2305843009213693951,61,64,128,,16,65536,,,8,8,0,OK,measured,,tcp-loopback,,,,,,,,,,,,,,,,,,597.8599999999999,,,1160.734,,,,,,,1,tcp_two_process;,8206032,151672,151672,8206032,8357640,8357640,0,,,,,0,,,,,TCP loopback,Z0[i][j] + Z1[i][j] = x[i] * Delta[j] mod p,semi-honest-128,65536,65536,ExConv7x24,131440,248,248,530,2480,0,0,248,1,525.707,179.334,0.0,597.8599999999999,562.874,,,,96072,8261632,,,158720,96072,8261632,15.940933227539062,127.5274658203125
2026-07-24T02:43:52.843478+00:00,562e21bc6bf16bfc32ac3e2d6f21719f28965a23,SILENT_SVOLE,INCLUDING_BASE_OT,2305843009213693951,61,64,128,,16,65536,,,8,9,0,OK,measured,,tcp-loopback,,,,,,,,,,,,,,,,,,598.995,,,1162.725,,,,,,,1,tcp_two_process;,8206032,151672,151672,8206032,8357640,8357640,0,,,,,0,,,,,TCP loopback,Z0[i][j] + Z1[i][j] = x[i] * Delta[j] mod p,semi-honest-128,65536,65536,ExConv7x24,131440,248,248,530,2480,0,0,248,1,525.6769999999999,181.40800000000002,0.0,598.995,563.7299999999999,,,,96072,8261632,,,158720,96072,8261632,15.940933227539062,127.5274658203125
2026-07-24T02:43:54.812534+00:00,562e21bc6bf16bfc32ac3e2d6f21719f28965a23,SILENT_SVOLE,INCLUDING_BASE_OT,2305843009213693951,61,64,128,,16,65536,,,16,-1,1,OK,measured,,tcp-loopback,,,,,,,,,,,,,,,,,,750.342,,,1466.0120000000002,,,,,,,1,tcp_two_process;,32585488,231544,231544,32585488,32816904,32816904,0,,,,,0,,,,,TCP loopback,Z0[i][j] + Z1[i][j] = x[i] * Delta[j] mod p,semi-honest-128,65536,65536,ExConv7x24,131440,248,248,530,2480,0,0,248,1,645.815,174.74,0.0,750.342,715.6700000000001,,,,112520,32704512,,,158720,112520,32704512,31.29663848876953,250.37310791015625
2026-07-24T02:43:55.773035+00:00,562e21bc6bf16bfc32ac3e2d6f21719f28965a23,SILENT_SVOLE,INCLUDING_BASE_OT,2305843009213693951,61,64,128,,16,65536,,,16,0,0,OK,measured,,tcp-loopback,,,,,,,,,,,,,,,,,,749.544,,,1466.583,,,,,,,1,tcp_two_process;,32585488,231544,231544,32585488,32816904,32816904,0,,,,,0,,,,,TCP loopback,Z0[i][j] + Z1[i][j] = x[i] * Delta[j] mod p,semi-honest-128,65536,65536,ExConv7x24,131440,248,248,530,2480,0,0,248,1,647.363,173.546,0.0,749.544,717.039,,,,112520,32704512,,,158720,112520,32704512,31.29663848876953,250.37310791015625
2026-07-24T02:43:56.736907+00:00,562e21bc6bf16bfc32ac3e2d6f21719f28965a23,SILENT_SVOLE,INCLUDING_BASE_OT,2305843009213693951,61,64,128,,16,65536,,,16,1,0,OK,measured,,tcp-loopback,,,,,,,,,,,,,,,,,,752.1600000000001,,,1470.3240000000003,,,,,,,1,tcp_two_process;,32585488,231544,231544,32585488,32816904,32816904,0,,,,,0,,,,,TCP loopback,Z0[i][j] + Z1[i][j] = x[i] * Delta[j] mod p,semi-honest-128,65536,65536,ExConv7x24,131440,248,248,530,2480,0,0,248,1,648.644,175.88400000000001,0.0,752.1600000000001,718.164,,,,112520,32704512,,,158720,112520,32704512,31.29663848876953,250.37310791015625
2026-07-24T02:43:57.702610+00:00,562e21bc6bf16bfc32ac3e2d6f21719f28965a23,SILENT_SVOLE,INCLUDING_BASE_OT,2305843009213693951,61,64,128,,16,65536,,,16,2,0,OK,measured,,tcp-loopback,,,,,,,,,,,,,,,,,,754.7779999999999,,,1473.462,,,,,,,1,tcp_two_process;,32585488,231544,231544,32585488,32816904,32816904,0,,,,,0,,,,,TCP loopback,Z0[i][j] + Z1[i][j] = x[i] * Delta[j] mod p,semi-honest-128,65536,65536,ExConv7x24,131440,248,248,530,2480,0,0,248,1,648.4069999999999,178.062,0.0,754.7779999999999,718.684,,,,112520,32704512,,,158720,112520,32704512,31.29663848876953,250.37310791015625
2026-07-24T02:43:58.664889+00:00,562e21bc6bf16bfc32ac3e2d6f21719f28965a23,SILENT_SVOLE,INCLUDING_BASE_OT,2305843009213693951,61,64,128,,16,65536,,,16,3,0,OK,measured,,tcp-loopback,,,,,,,,,,,,,,,,,,749.958,,,1466.999,,,,,,,1,tcp_two_process;,32585488,231544,231544,32585488,32816904,32816904,0,,,,,0,,,,,TCP loopback,Z0[i][j] + Z1[i][j] = x[i] * Delta[j] mod p,semi-honest-128,65536,65536,ExConv7x24,131440,248,248,530,2480,0,0,248,1,647.553,173.47299999999998,0.0,749.958,717.041,,,,112520,32704512,,,158720,112520,32704512,31.29663848876953,250.37310791015625
2026-07-24T02:43:59.630688+00:00,562e21bc6bf16bfc32ac3e2d6f21719f28965a23,SILENT_SVOLE,INCLUDING_BASE_OT,2305843009213693951,61,64,128,,16,65536,,,16,4,0,OK,measured,,tcp-loopback,,,,,,,,,,,,,,,,,,753.7239999999999,,,1475.1209999999999,,,,,,,1,tcp_two_process;,32585488,231544,231544,32585488,32816904,32816904,0,,,,,0,,,,,TCP loopback,Z0[i][j] + Z1[i][j] = x[i] * Delta[j] mod p,semi-honest-128,65536,65536,ExConv7x24,131440,248,248,530,2480,0,0,248,1,650.928,176.35700000000003,0.0,753.7239999999999,721.3969999999999,,,,112520,32704512,,,158720,112520,32704512,31.29663848876953,250.37310791015625
2026-07-24T02:44:00.601979+00:00,562e21bc6bf16bfc32ac3e2d6f21719f28965a23,SILENT_SVOLE,INCLUDING_BASE_OT,2305843009213693951,61,64,128,,16,65536,,,16,5,0,OK,measured,,tcp-loopback,,,,,,,,,,,,,,,,,,758.772,,,1478.1680000000001,,,,,,,1,tcp_two_process;,32585488,231544,231544,32585488,32816904,32816904,0,,,,,0,,,,,TCP loopback,Z0[i][j] + Z1[i][j] = x[i] * Delta[j] mod p,semi-honest-128,65536,65536,ExConv7x24,131440,248,248,530,2480,0,0,248,1,649.2189999999999,181.37300000000002,0.0,758.772,719.3960000000001,,,,112520,32704512,,,158720,112520,32704512,31.29663848876953,250.37310791015625
2026-07-24T02:44:01.567866+00:00,562e21bc6bf16bfc32ac3e2d6f21719f28965a23,SILENT_SVOLE,INCLUDING_BASE_OT,2305843009213693951,61,64,128,,16,65536,,,16,6,0,OK,measured,,tcp-loopback,,,,,,,,,,,,,,,,,,753.302,,,1469.91,,,,,,,1,tcp_two_process;,32585488,231544,231544,32585488,32816904,32816904,0,,,,,0,,,,,TCP loopback,Z0[i][j] + Z1[i][j] = x[i] * Delta[j] mod p,semi-honest-128,65536,65536,ExConv7x24,131440,248,248,530,2480,0,0,248,1,647.6220000000001,176.604,0.0,753.302,716.6080000000001,,,,112520,32704512,,,158720,112520,32704512,31.29663848876953,250.37310791015625
2026-07-24T02:44:02.529467+00:00,562e21bc6bf16bfc32ac3e2d6f21719f28965a23,SILENT_SVOLE,INCLUDING_BASE_OT,2305843009213693951,61,64,128,,16,65536,,,16,7,0,OK,measured,,tcp-loopback,,,,,,,,,,,,,,,,,,750.709,,,1466.397,,,,,,,1,tcp_two_process;,32585488,231544,231544,32585488,32816904,32816904,0,,,,,0,,,,,TCP loopback,Z0[i][j] + Z1[i][j] = x[i] * Delta[j] mod p,semi-honest-128,65536,65536,ExConv7x24,131440,248,248,530,2480,0,0,248,1,646.6469999999999,174.591,0.0,750.709,715.688,,,,112520,32704512,,,158720,112520,32704512,31.29663848876953,250.37310791015625
2026-07-24T02:44:03.493096+00:00,562e21bc6bf16bfc32ac3e2d6f21719f28965a23,SILENT_SVOLE,INCLUDING_BASE_OT,2305843009213693951,61,64,128,,16,65536,,,16,8,0,OK,measured,,tcp-loopback,,,,,,,,,,,,,,,,,,752.952,,,1470.62,,,,,,,1,tcp_two_process;,32585488,231544,231544,32585488,32816904,32816904,0,,,,,0,,,,,TCP loopback,Z0[i][j] + Z1[i][j] = x[i] * Delta[j] mod p,semi-honest-128,65536,65536,ExConv7x24,131440,248,248,530,2480,0,0,248,1,648.026,177.072,0.0,752.952,717.668,,,,112520,32704512,,,158720,112520,32704512,31.29663848876953,250.37310791015625
2026-07-24T02:44:04.456430+00:00,562e21bc6bf16bfc32ac3e2d6f21719f28965a23,SILENT_SVOLE,INCLUDING_BASE_OT,2305843009213693951,61,64,128,,16,65536,,,16,9,0,OK,measured,,tcp-loopback,,,,,,,,,,,,,,,,,,752.488,,,1470.315,,,,,,,1,tcp_two_process;,32585488,231544,231544,32585488,32816904,32816904,0,,,,,0,,,,,TCP loopback,Z0[i][j] + Z1[i][j] = x[i] * Delta[j] mod p,semi-honest-128,65536,65536,ExConv7x24,131440,248,248,530,2480,0,0,248,1,649.183,175.175,0.0,752.488,717.827,,,,112520,32704512,,,158720,112520,32704512,31.29663848876953,250.37310791015625
2026-07-24T02:44:07.443230+00:00,562e21bc6bf16bfc32ac3e2d6f21719f28965a23,SILENT_SVOLE,INCLUDING_BASE_OT,2305843009213693951,61,64,128,,16,65536,,,32,-1,1,OK,measured,,tcp-loopback,,,,,,,,,,,,,,,,,,1263.765,,,2488.0789999999997,,,,,,,1,tcp_two_process;,130103184,391288,391288,130103184,130494216,130494216,0,,,,,0,,,,,TCP loopback,Z0[i][j] + Z1[i][j] = x[i] * Delta[j] mod p,semi-honest-128,65536,65536,ExConv7x24,131440,248,248,530,2480,0,0,248,1,1141.95,328.837,0.0,1263.765,1224.3139999999999,,,,145416,130349056,,,158720,145416,130349056,62.224491119384766,497.7959289550781
2026-07-24T02:44:08.920163+00:00,562e21bc6bf16bfc32ac3e2d6f21719f28965a23,SILENT_SVOLE,INCLUDING_BASE_OT,2305843009213693951,61,64,128,,16,65536,,,32,0,0,OK,measured,,tcp-loopback,,,,,,,,,,,,,,,,,,1266.0990000000002,,,2496.802,,,,,,,1,tcp_two_process;,130103184,391288,391288,130103184,130494216,130494216,0,,,,,0,,,,,TCP loopback,Z0[i][j] + Z1[i][j] = x[i] * Delta[j] mod p,semi-honest-128,65536,65536,ExConv7x24,131440,248,248,530,2480,0,0,248,1,1147.279,329.37,0.0,1266.0990000000002,1230.7030000000002,,,,145416,130349056,,,158720,145416,130349056,62.224491119384766,497.7959289550781
2026-07-24T02:44:10.400019+00:00,562e21bc6bf16bfc32ac3e2d6f21719f28965a23,SILENT_SVOLE,INCLUDING_BASE_OT,2305843009213693951,61,64,128,,16,65536,,,32,1,0,OK,measured,,tcp-loopback,,,,,,,,,,,,,,,,,,1269.596,,,2502.833,,,,,,,1,tcp_two_process;,130103184,391288,391288,130103184,130494216,130494216,0,,,,,0,,,,,TCP loopback,Z0[i][j] + Z1[i][j] = x[i] * Delta[j] mod p,semi-honest-128,65536,65536,ExConv7x24,131440,248,248,530,2480,0,0,248,1,1150.641,332.141,0.0,1269.596,1233.2369999999999,,,,145416,130349056,,,158720,145416,130349056,62.224491119384766,497.7959289550781
2026-07-24T02:44:11.884398+00:00,562e21bc6bf16bfc32ac3e2d6f21719f28965a23,SILENT_SVOLE,INCLUDING_BASE_OT,2305843009213693951,61,64,128,,16,65536,,,32,2,0,OK,measured,,tcp-loopback,,,,,,,,,,,,,,,,,,1273.3890000000001,,,2508.125,,,,,,,1,tcp_two_process;,130103184,391288,391288,130103184,130494216,130494216,0,,,,,0,,,,,TCP loopback,Z0[i][j] + Z1[i][j] = x[i] * Delta[j] mod p,semi-honest-128,65536,65536,ExConv7x24,131440,248,248,530,2480,0,0,248,1,1149.9140000000002,336.203,0.0,1273.3890000000001,1234.736,,,,145416,130349056,,,158720,145416,130349056,62.224491119384766,497.7959289550781
2026-07-24T02:44:13.365138+00:00,562e21bc6bf16bfc32ac3e2d6f21719f28965a23,SILENT_SVOLE,INCLUDING_BASE_OT,2305843009213693951,61,64,128,,16,65536,,,32,3,0,OK,measured,,tcp-loopback,,,,,,,,,,,,,,,,,,1268.721,,,2502.1180000000004,,,,,,,1,tcp_two_process;,130103184,391288,391288,130103184,130494216,130494216,0,,,,,0,,,,,TCP loopback,Z0[i][j] + Z1[i][j] = x[i] * Delta[j] mod p,semi-honest-128,65536,65536,ExConv7x24,131440,248,248,530,2480,0,0,248,1,1150.172,332.626,0.0,1268.721,1233.3970000000002,,,,145416,130349056,,,158720,145416,130349056,62.224491119384766,497.7959289550781
2026-07-24T02:44:14.841812+00:00,562e21bc6bf16bfc32ac3e2d6f21719f28965a23,SILENT_SVOLE,INCLUDING_BASE_OT,2305843009213693951,61,64,128,,16,65536,,,32,4,0,OK,measured,,tcp-loopback,,,,,,,,,,,,,,,,,,1266.155,,,2496.583,,,,,,,1,tcp_two_process;,130103184,391288,391288,130103184,130494216,130494216,0,,,,,0,,,,,TCP loopback,Z0[i][j] + Z1[i][j] = x[i] * Delta[j] mod p,semi-honest-128,65536,65536,ExConv7x24,131440,248,248,530,2480,0,0,248,1,1146.009,332.08,0.0,1266.155,1230.428,,,,145416,130349056,,,158720,145416,130349056,62.224491119384766,497.7959289550781
2026-07-24T02:44:16.321568+00:00,562e21bc6bf16bfc32ac3e2d6f21719f28965a23,SILENT_SVOLE,INCLUDING_BASE_OT,2305843009213693951,61,64,128,,16,65536,,,32,5,0,OK,measured,,tcp-loopback,,,,,,,,,,,,,,,,,,1267.973,,,2496.816,,,,,,,1,tcp_two_process;,130103184,391288,391288,130103184,130494216,130494216,0,,,,,0,,,,,TCP loopback,Z0[i][j] + Z1[i][j] = x[i] * Delta[j] mod p,semi-honest-128,65536,65536,ExConv7x24,131440,248,248,530,2480,0,0,248,1,1143.982,333.69,0.0,1267.973,1228.8429999999998,,,,145416,130349056,,,158720,145416,130349056,62.224491119384766,497.7959289550781
2026-07-24T02:44:17.799218+00:00,562e21bc6bf16bfc32ac3e2d6f21719f28965a23,SILENT_SVOLE,INCLUDING_BASE_OT,2305843009213693951,61,64,128,,16,65536,,,32,6,0,OK,measured,,tcp-loopback,,,,,,,,,,,,,,,,,,1267.266,,,2493.717,,,,,,,1,tcp_two_process;,130103184,391288,391288,130103184,130494216,130494216,0,,,,,0,,,,,TCP loopback,Z0[i][j] + Z1[i][j] = x[i] * Delta[j] mod p,semi-honest-128,65536,65536,ExConv7x24,131440,248,248,530,2480,0,0,248,1,1144.285,332.56,0.0,1267.266,1226.451,,,,145416,130349056,,,158720,145416,130349056,62.224491119384766,497.7959289550781
2026-07-24T02:44:19.276607+00:00,562e21bc6bf16bfc32ac3e2d6f21719f28965a23,SILENT_SVOLE,INCLUDING_BASE_OT,2305843009213693951,61,64,128,,16,65536,,,32,7,0,OK,measured,,tcp-loopback,,,,,,,,,,,,,,,,,,1266.7839999999999,,,2497.409,,,,,,,1,tcp_two_process;,130103184,391288,391288,130103184,130494216,130494216,0,,,,,0,,,,,TCP loopback,Z0[i][j] + Z1[i][j] = x[i] * Delta[j] mod p,semi-honest-128,65536,65536,ExConv7x24,131440,248,248,530,2480,0,0,248,1,1147.322,331.338,0.0,1266.7839999999999,1230.625,,,,145416,130349056,,,158720,145416,130349056,62.224491119384766,497.7959289550781
2026-07-24T02:44:20.751931+00:00,562e21bc6bf16bfc32ac3e2d6f21719f28965a23,SILENT_SVOLE,INCLUDING_BASE_OT,2305843009213693951,61,64,128,,16,65536,,,32,8,0,OK,measured,,tcp-loopback,,,,,,,,,,,,,,,,,,1264.581,,,2494.251,,,,,,,1,tcp_two_process;,130103184,391288,391288,130103184,130494216,130494216,0,,,,,0,,,,,TCP loopback,Z0[i][j] + Z1[i][j] = x[i] * Delta[j] mod p,semi-honest-128,65536,65536,ExConv7x24,131440,248,248,530,2480,0,0,248,1,1147.233,329.033,0.0,1264.581,1229.67,,,,145416,130349056,,,158720,145416,130349056,62.224491119384766,497.7959289550781
2026-07-24T02:44:22.232242+00:00,562e21bc6bf16bfc32ac3e2d6f21719f28965a23,SILENT_SVOLE,INCLUDING_BASE_OT,2305843009213693951,61,64,128,,16,65536,,,32,9,0,OK,measured,,tcp-loopback,,,,,,,,,,,,,,,,,,1268.902,,,2501.265,,,,,,,1,tcp_two_process;,130103184,391288,391288,130103184,130494216,130494216,0,,,,,0,,,,,TCP loopback,Z0[i][j] + Z1[i][j] = x[i] * Delta[j] mod p,semi-honest-128,65536,65536,ExConv7x24,131440,248,248,530,2480,0,0,248,1,1148.6970000000001,333.01599999999996,0.0,1268.902,1232.363,,,,145416,130349056,,,158720,145416,130349056,62.224491119384766,497.7959289550781
2026-07-24T02:44:24.479724+00:00,562e21bc6bf16bfc32ac3e2d6f21719f28965a23,SILENT_SVOLE,INCLUDING_BASE_OT,2305843009213693951,61,64,128,,18,262144,,,8,-1,1,OK,measured,,tcp-loopback,,,,,,,,,,,,,,,,,,875.879,,,1676.5330000000001,,,,,,,1,tcp_two_process;,8221904,167544,167544,8221904,8389384,8389384,0,,,,,0,,,,,TCP loopback,Z0[i][j] + Z1[i][j] = x[i] * Delta[j] mod p,semi-honest-128,262144,262144,ExConv7x24,524768,248,248,2116,2976,0,0,248,1,621.185,394.171,0.0,875.879,800.654,,,,111944,8277504,,,190464,111944,8277504,4.000370025634766,32.002960205078125
2026-07-24T02:44:25.566467+00:00,562e21bc6bf16bfc32ac3e2d6f21719f28965a23,SILENT_SVOLE,INCLUDING_BASE_OT,2305843009213693951,61,64,128,,18,262144,,,8,0,0,OK,measured,,tcp-loopback,,,,,,,,,,,,,,,,,,872.8829999999999,,,1676.142,,,,,,,1,tcp_two_process;,8221904,167544,167544,8221904,8389384,8389384,0,,,,,0,,,,,TCP loopback,Z0[i][j] + Z1[i][j] = x[i] * Delta[j] mod p,semi-honest-128,262144,262144,ExConv7x24,524768,248,248,2116,2976,0,0,248,1,622.884,391.324,0.0,872.8829999999999,803.2589999999999,,,,111944,8277504,,,190464,111944,8277504,4.000370025634766,32.002960205078125
2026-07-24T02:44:26.651435+00:00,562e21bc6bf16bfc32ac3e2d6f21719f28965a23,SILENT_SVOLE,INCLUDING_BASE_OT,2305843009213693951,61,64,128,,18,262144,,,8,1,0,OK,measured,,tcp-loopback,,,,,,,,,,,,,,,,,,872.779,,,1676.7029999999997,,,,,,,1,tcp_two_process;,8221904,167544,167544,8221904,8389384,8389384,0,,,,,0,,,,,TCP loopback,Z0[i][j] + Z1[i][j] = x[i] * Delta[j] mod p,semi-honest-128,262144,262144,ExConv7x24,524768,248,248,2116,2976,0,0,248,1,623.2560000000001,391.365,0.0,872.779,803.924,,,,111944,8277504,,,190464,111944,8277504,4.000370025634766,32.002960205078125
2026-07-24T02:44:27.747557+00:00,562e21bc6bf16bfc32ac3e2d6f21719f28965a23,SILENT_SVOLE,INCLUDING_BASE_OT,2305843009213693951,61,64,128,,18,262144,,,8,2,0,OK,measured,,tcp-loopback,,,,,,,,,,,,,,,,,,882.697,,,1690.37,,,,,,,1,tcp_two_process;,8221904,167544,167544,8221904,8389384,8389384,0,,,,,0,,,,,TCP loopback,Z0[i][j] + Z1[i][j] = x[i] * Delta[j] mod p,semi-honest-128,262144,262144,ExConv7x24,524768,248,248,2116,2976,0,0,248,1,624.278,399.914,0.0,882.697,807.673,,,,111944,8277504,,,190464,111944,8277504,4.000370025634766,32.002960205078125
2026-07-24T02:44:28.838628+00:00,562e21bc6bf16bfc32ac3e2d6f21719f28965a23,SILENT_SVOLE,INCLUDING_BASE_OT,2305843009213693951,61,64,128,,18,262144,,,8,3,0,OK,measured,,tcp-loopback,,,,,,,,,,,,,,,,,,876.801,,,1680.986,,,,,,,1,tcp_two_process;,8221904,167544,167544,8221904,8389384,8389384,0,,,,,0,,,,,TCP loopback,Z0[i][j] + Z1[i][j] = x[i] * Delta[j] mod p,semi-honest-128,262144,262144,ExConv7x24,524768,248,248,2116,2976,0,0,248,1,624.032,393.882,0.0,876.801,804.1850000000001,,,,111944,8277504,,,190464,111944,8277504,4.000370025634766,32.002960205078125
2026-07-24T02:44:29.928172+00:00,562e21bc6bf16bfc32ac3e2d6f21719f28965a23,SILENT_SVOLE,INCLUDING_BASE_OT,2305843009213693951,61,64,128,,18,262144,,,8,4,0,OK,measured,,tcp-loopback,,,,,,,,,,,,,,,,,,876.811,,,1680.21,,,,,,,1,tcp_two_process;,8221904,167544,167544,8221904,8389384,8389384,0,,,,,0,,,,,TCP loopback,Z0[i][j] + Z1[i][j] = x[i] * Delta[j] mod p,semi-honest-128,262144,262144,ExConv7x24,524768,248,248,2116,2976,0,0,248,1,620.542,395.378,0.0,876.811,803.399,,,,111944,8277504,,,190464,111944,8277504,4.000370025634766,32.002960205078125
2026-07-24T02:44:31.018793+00:00,562e21bc6bf16bfc32ac3e2d6f21719f28965a23,SILENT_SVOLE,INCLUDING_BASE_OT,2305843009213693951,61,64,128,,18,262144,,,8,5,0,OK,measured,,tcp-loopback,,,,,,,,,,,,,,,,,,877.74,,,1683.789,,,,,,,1,tcp_two_process;,8221904,167544,167544,8221904,8389384,8389384,0,,,,,0,,,,,TCP loopback,Z0[i][j] + Z1[i][j] = x[i] * Delta[j] mod p,semi-honest-128,262144,262144,ExConv7x24,524768,248,248,2116,2976,0,0,248,1,624.533,395.592,0.0,877.74,806.049,,,,111944,8277504,,,190464,111944,8277504,4.000370025634766,32.002960205078125
2026-07-24T02:44:32.104927+00:00,562e21bc6bf16bfc32ac3e2d6f21719f28965a23,SILENT_SVOLE,INCLUDING_BASE_OT,2305843009213693951,61,64,128,,18,262144,,,8,6,0,OK,measured,,tcp-loopback,,,,,,,,,,,,,,,,,,872.317,,,1672.757,,,,,,,1,tcp_two_process;,8221904,167544,167544,8221904,8389384,8389384,0,,,,,0,,,,,TCP loopback,Z0[i][j] + Z1[i][j] = x[i] * Delta[j] mod p,semi-honest-128,262144,262144,ExConv7x24,524768,248,248,2116,2976,0,0,248,1,622.244,390.594,0.0,872.317,800.44,,,,111944,8277504,,,190464,111944,8277504,4.000370025634766,32.002960205078125
2026-07-24T02:44:33.192053+00:00,562e21bc6bf16bfc32ac3e2d6f21719f28965a23,SILENT_SVOLE,INCLUDING_BASE_OT,2305843009213693951,61,64,128,,18,262144,,,8,7,0,OK,measured,,tcp-loopback,,,,,,,,,,,,,,,,,,874.48,,,1678.108,,,,,,,1,tcp_two_process;,8221904,167544,167544,8221904,8389384,8389384,0,,,,,0,,,,,TCP loopback,Z0[i][j] + Z1[i][j] = x[i] * Delta[j] mod p,semi-honest-128,262144,262144,ExConv7x24,524768,248,248,2116,2976,0,0,248,1,622.8860000000001,392.517,0.0,874.48,803.628,,,,111944,8277504,,,190464,111944,8277504,4.000370025634766,32.002960205078125
2026-07-24T02:44:34.278260+00:00,562e21bc6bf16bfc32ac3e2d6f21719f28965a23,SILENT_SVOLE,INCLUDING_BASE_OT,2305843009213693951,61,64,128,,18,262144,,,8,8,0,OK,measured,,tcp-loopback,,,,,,,,,,,,,,,,,,873.506,,,1676.5590000000002,,,,,,,1,tcp_two_process;,8221904,167544,167544,8221904,8389384,8389384,0,,,,,0,,,,,TCP loopback,Z0[i][j] + Z1[i][j] = x[i] * Delta[j] mod p,semi-honest-128,262144,262144,ExConv7x24,524768,248,248,2116,2976,0,0,248,1,622.02,391.88800000000003,0.0,873.506,803.053,,,,111944,8277504,,,190464,111944,8277504,4.000370025634766,32.002960205078125
2026-07-24T02:44:35.366113+00:00,562e21bc6bf16bfc32ac3e2d6f21719f28965a23,SILENT_SVOLE,INCLUDING_BASE_OT,2305843009213693951,61,64,128,,18,262144,,,8,9,0,OK,measured,,tcp-loopback,,,,,,,,,,,,,,,,,,874.906,,,1677.725,,,,,,,1,tcp_two_process;,8221904,167544,167544,8221904,8389384,8389384,0,,,,,0,,,,,TCP loopback,Z0[i][j] + Z1[i][j] = x[i] * Delta[j] mod p,semi-honest-128,262144,262144,ExConv7x24,524768,248,248,2116,2976,0,0,248,1,622.03,391.599,0.0,874.906,802.819,,,,111944,8277504,,,190464,111944,8277504,4.000370025634766,32.002960205078125
2026-07-24T02:44:38.333524+00:00,562e21bc6bf16bfc32ac3e2d6f21719f28965a23,SILENT_SVOLE,INCLUDING_BASE_OT,2305843009213693951,61,64,128,,18,262144,,,16,-1,1,OK,measured,,tcp-loopback,,,,,,,,,,,,,,,,,,1172.2520000000002,,,2271.282,,,,,,,1,tcp_two_process;,32601360,247416,247416,32601360,32848648,32848648,0,,,,,0,,,,,TCP loopback,Z0[i][j] + Z1[i][j] = x[i] * Delta[j] mod p,semi-honest-128,262144,262144,ExConv7x24,524768,248,248,2116,2976,0,0,248,1,726.682,531.898,0.0,1172.2520000000002,1099.03,,,,128392,32720384,,,190464,128392,32720384,7.831727981567383,62.65382385253906
2026-07-24T02:44:39.724467+00:00,562e21bc6bf16bfc32ac3e2d6f21719f28965a23,SILENT_SVOLE,INCLUDING_BASE_OT,2305843009213693951,61,64,128,,18,262144,,,16,0,0,OK,measured,,tcp-loopback,,,,,,,,,,,,,,,,,,1176.126,,,2275.965,,,,,,,1,tcp_two_process;,32601360,247416,247416,32601360,32848648,32848648,0,,,,,0,,,,,TCP loopback,Z0[i][j] + Z1[i][j] = x[i] * Delta[j] mod p,semi-honest-128,262144,262144,ExConv7x24,524768,248,248,2116,2976,0,0,248,1,725.904,535.833,0.0,1176.126,1099.839,,,,128392,32720384,,,190464,128392,32720384,7.831727981567383,62.65382385253906
2026-07-24T02:44:41.121136+00:00,562e21bc6bf16bfc32ac3e2d6f21719f28965a23,SILENT_SVOLE,INCLUDING_BASE_OT,2305843009213693951,61,64,128,,18,262144,,,16,1,0,OK,measured,,tcp-loopback,,,,,,,,,,,,,,,,,,1181.923,,,2280.885,,,,,,,1,tcp_two_process;,32601360,247416,247416,32601360,32848648,32848648,0,,,,,0,,,,,TCP loopback,Z0[i][j] + Z1[i][j] = x[i] * Delta[j] mod p,semi-honest-128,262144,262144,ExConv7x24,524768,248,248,2116,2976,0,0,248,1,728.349,542.982,0.0,1181.923,1098.962,,,,128392,32720384,,,190464,128392,32720384,7.831727981567383,62.65382385253906
2026-07-24T02:44:42.503031+00:00,562e21bc6bf16bfc32ac3e2d6f21719f28965a23,SILENT_SVOLE,INCLUDING_BASE_OT,2305843009213693951,61,64,128,,18,262144,,,16,2,0,OK,measured,,tcp-loopback,,,,,,,,,,,,,,,,,,1167.244,,,2262.119,,,,,,,1,tcp_two_process;,32601360,247416,247416,32601360,32848648,32848648,0,,,,,0,,,,,TCP loopback,Z0[i][j] + Z1[i][j] = x[i] * Delta[j] mod p,semi-honest-128,262144,262144,ExConv7x24,524768,248,248,2116,2976,0,0,248,1,727.9799999999999,527.366,0.0,1167.244,1094.875,,,,128392,32720384,,,190464,128392,32720384,7.831727981567383,62.65382385253906
2026-07-24T02:44:43.891255+00:00,562e21bc6bf16bfc32ac3e2d6f21719f28965a23,SILENT_SVOLE,INCLUDING_BASE_OT,2305843009213693951,61,64,128,,18,262144,,,16,3,0,OK,measured,,tcp-loopback,,,,,,,,,,,,,,,,,,1174.7810000000002,,,2275.763,,,,,,,1,tcp_two_process;,32601360,247416,247416,32601360,32848648,32848648,0,,,,,0,,,,,TCP loopback,Z0[i][j] + Z1[i][j] = x[i] * Delta[j] mod p,semi-honest-128,262144,262144,ExConv7x24,524768,248,248,2116,2976,0,0,248,1,727.813,534.0129999999999,0.0,1174.7810000000002,1100.982,,,,128392,32720384,,,190464,128392,32720384,7.831727981567383,62.65382385253906
2026-07-24T02:44:45.271550+00:00,562e21bc6bf16bfc32ac3e2d6f21719f28965a23,SILENT_SVOLE,INCLUDING_BASE_OT,2305843009213693951,61,64,128,,18,262144,,,16,4,0,OK,measured,,tcp-loopback,,,,,,,,,,,,,,,,,,1166.5970000000002,,,2257.834,,,,,,,1,tcp_two_process;,32601360,247416,247416,32601360,32848648,32848648,0,,,,,0,,,,,TCP loopback,Z0[i][j] + Z1[i][j] = x[i] * Delta[j] mod p,semi-honest-128,262144,262144,ExConv7x24,524768,248,248,2116,2976,0,0,248,1,724.8449999999999,526.8119999999999,0.0,1166.5970000000002,1091.237,,,,128392,32720384,,,190464,128392,32720384,7.831727981567383,62.65382385253906
2026-07-24T02:44:46.646315+00:00,562e21bc6bf16bfc32ac3e2d6f21719f28965a23,SILENT_SVOLE,INCLUDING_BASE_OT,2305843009213693951,61,64,128,,18,262144,,,16,5,0,OK,measured,,tcp-loopback,,,,,,,,,,,,,,,,,,1162.16,,,2245.617,,,,,,,1,tcp_two_process;,32601360,247416,247416,32601360,32848648,32848648,0,,,,,0,,,,,TCP loopback,Z0[i][j] + Z1[i][j] = x[i] * Delta[j] mod p,semi-honest-128,262144,262144,ExConv7x24,524768,248,248,2116,2976,0,0,248,1,719.071,523.4929999999999,0.0,1162.16,1083.4569999999999,,,,128392,32720384,,,190464,128392,32720384,7.831727981567383,62.65382385253906
2026-07-24T02:44:48.028850+00:00,562e21bc6bf16bfc32ac3e2d6f21719f28965a23,SILENT_SVOLE,INCLUDING_BASE_OT,2305843009213693951,61,64,128,,18,262144,,,16,6,0,OK,measured,,tcp-loopback,,,,,,,,,,,,,,,,,,1169.736,,,2267.56,,,,,,,1,tcp_two_process;,32601360,247416,247416,32601360,32848648,32848648,0,,,,,0,,,,,TCP loopback,Z0[i][j] + Z1[i][j] = x[i] * Delta[j] mod p,semi-honest-128,262144,262144,ExConv7x24,524768,248,248,2116,2976,0,0,248,1,726.019,530.355,0.0,1169.736,1097.8239999999998,,,,128392,32720384,,,190464,128392,32720384,7.831727981567383,62.65382385253906
2026-07-24T02:44:49.419739+00:00,562e21bc6bf16bfc32ac3e2d6f21719f28965a23,SILENT_SVOLE,INCLUDING_BASE_OT,2305843009213693951,61,64,128,,18,262144,,,16,7,0,OK,measured,,tcp-loopback,,,,,,,,,,,,,,,,,,1177.114,,,2278.796,,,,,,,1,tcp_two_process;,32601360,247416,247416,32601360,32848648,32848648,0,,,,,0,,,,,TCP loopback,Z0[i][j] + Z1[i][j] = x[i] * Delta[j] mod p,semi-honest-128,262144,262144,ExConv7x24,524768,248,248,2116,2976,0,0,248,1,727.757,537.1519999999999,0.0,1177.114,1101.682,,,,128392,32720384,,,190464,128392,32720384,7.831727981567383,62.65382385253906
2026-07-24T02:44:50.818410+00:00,562e21bc6bf16bfc32ac3e2d6f21719f28965a23,SILENT_SVOLE,INCLUDING_BASE_OT,2305843009213693951,61,64,128,,18,262144,,,16,8,0,OK,measured,,tcp-loopback,,,,,,,,,,,,,,,,,,1184.527,,,2294.481,,,,,,,1,tcp_two_process;,32601360,247416,247416,32601360,32848648,32848648,0,,,,,0,,,,,TCP loopback,Z0[i][j] + Z1[i][j] = x[i] * Delta[j] mod p,semi-honest-128,262144,262144,ExConv7x24,524768,248,248,2116,2976,0,0,248,1,730.214,542.628,0.0,1184.527,1109.9540000000002,,,,128392,32720384,,,190464,128392,32720384,7.831727981567383,62.65382385253906
2026-07-24T02:44:52.205580+00:00,562e21bc6bf16bfc32ac3e2d6f21719f28965a23,SILENT_SVOLE,INCLUDING_BASE_OT,2305843009213693951,61,64,128,,18,262144,,,16,9,0,OK,measured,,tcp-loopback,,,,,,,,,,,,,,,,,,1173.5500000000002,,,2273.1250000000005,,,,,,,1,tcp_two_process;,32601360,247416,247416,32601360,32848648,32848648,0,,,,,0,,,,,TCP loopback,Z0[i][j] + Z1[i][j] = x[i] * Delta[j] mod p,semi-honest-128,262144,262144,ExConv7x24,524768,248,248,2116,2976,0,0,248,1,725.45,533.351,0.0,1173.5500000000002,1099.575,,,,128392,32720384,,,190464,128392,32720384,7.831727981567383,62.65382385253906
2026-07-24T02:44:56.306541+00:00,562e21bc6bf16bfc32ac3e2d6f21719f28965a23,SILENT_SVOLE,INCLUDING_BASE_OT,2305843009213693951,61,64,128,,18,262144,,,32,-1,1,OK,measured,,tcp-loopback,,,,,,,,,,,,,,,,,,1764.09,,,3430.732,,,,,,,1,tcp_two_process;,130119056,407160,407160,130119056,130525960,130525960,0,,,,,0,,,,,TCP loopback,Z0[i][j] + Z1[i][j] = x[i] * Delta[j] mod p,semi-honest-128,262144,262144,ExConv7x24,524768,248,248,2116,2976,0,0,248,1,1211.203,765.086,0.0,1764.09,1666.642,,,,161288,130364928,,,190464,161288,130364928,15.559906959533691,124.47925567626953
2026-07-24T02:44:58.301476+00:00,562e21bc6bf16bfc32ac3e2d6f21719f28965a23,SILENT_SVOLE,INCLUDING_BASE_OT,2305843009213693951,61,64,128,,18,262144,,,32,0,0,OK,measured,,tcp-loopback,,,,,,,,,,,,,,,,,,1779.061,,,3456.274,,,,,,,1,tcp_two_process;,130119056,407160,407160,130119056,130525960,130525960,0,,,,,0,,,,,TCP loopback,Z0[i][j] + Z1[i][j] = x[i] * Delta[j] mod p,semi-honest-128,262144,262144,ExConv7x24,524768,248,248,2116,2976,0,0,248,1,1212.298,778.369,0.0,1779.061,1677.213,,,,161288,130364928,,,190464,161288,130364928,15.559906959533691,124.47925567626953
2026-07-24T02:45:00.255671+00:00,562e21bc6bf16bfc32ac3e2d6f21719f28965a23,SILENT_SVOLE,INCLUDING_BASE_OT,2305843009213693951,61,64,128,,18,262144,,,32,1,0,OK,measured,,tcp-loopback,,,,,,,,,,,,,,,,,,1738.242,,,3398.534,,,,,,,1,tcp_two_process;,130119056,407160,407160,130119056,130525960,130525960,0,,,,,0,,,,,TCP loopback,Z0[i][j] + Z1[i][j] = x[i] * Delta[j] mod p,semi-honest-128,262144,262144,ExConv7x24,524768,248,248,2116,2976,0,0,248,1,1208.472,738.486,0.0,1738.242,1660.2920000000001,,,,161288,130364928,,,190464,161288,130364928,15.559906959533691,124.47925567626953
2026-07-24T02:45:02.236725+00:00,562e21bc6bf16bfc32ac3e2d6f21719f28965a23,SILENT_SVOLE,INCLUDING_BASE_OT,2305843009213693951,61,64,128,,18,262144,,,32,2,0,OK,measured,,tcp-loopback,,,,,,,,,,,,,,,,,,1765.4350000000002,,,3436.522,,,,,,,1,tcp_two_process;,130119056,407160,407160,130119056,130525960,130525960,0,,,,,0,,,,,TCP loopback,Z0[i][j] + Z1[i][j] = x[i] * Delta[j] mod p,semi-honest-128,262144,262144,ExConv7x24,524768,248,248,2116,2976,0,0,248,1,1213.575,766.758,0.0,1765.4350000000002,1671.087,,,,161288,130364928,,,190464,161288,130364928,15.559906959533691,124.47925567626953
2026-07-24T02:45:04.214658+00:00,562e21bc6bf16bfc32ac3e2d6f21719f28965a23,SILENT_SVOLE,INCLUDING_BASE_OT,2305843009213693951,61,64,128,,18,262144,,,32,3,0,OK,measured,,tcp-loopback,,,,,,,,,,,,,,,,,,1762.663,,,3440.2340000000004,,,,,,,1,tcp_two_process;,130119056,407160,407160,130119056,130525960,130525960,0,,,,,0,,,,,TCP loopback,Z0[i][j] + Z1[i][j] = x[i] * Delta[j] mod p,semi-honest-128,262144,262144,ExConv7x24,524768,248,248,2116,2976,0,0,248,1,1215.608,763.159,0.0,1762.663,1677.571,,,,161288,130364928,,,190464,161288,130364928,15.559906959533691,124.47925567626953
2026-07-24T02:45:06.170278+00:00,562e21bc6bf16bfc32ac3e2d6f21719f28965a23,SILENT_SVOLE,INCLUDING_BASE_OT,2305843009213693951,61,64,128,,18,262144,,,32,4,0,OK,measured,,tcp-loopback,,,,,,,,,,,,,,,,,,1739.711,,,3412.121,,,,,,,1,tcp_two_process;,130119056,407160,407160,130119056,130525960,130525960,0,,,,,0,,,,,TCP loopback,Z0[i][j] + Z1[i][j] = x[i] * Delta[j] mod p,semi-honest-128,262144,262144,ExConv7x24,524768,248,248,2116,2976,0,0,248,1,1216.672,738.093,0.0,1739.711,1672.4099999999999,,,,161288,130364928,,,190464,161288,130364928,15.559906959533691,124.47925567626953
2026-07-24T02:45:08.155933+00:00,562e21bc6bf16bfc32ac3e2d6f21719f28965a23,SILENT_SVOLE,INCLUDING_BASE_OT,2305843009213693951,61,64,128,,18,262144,,,32,5,0,OK,measured,,tcp-loopback,,,,,,,,,,,,,,,,,,1770.865,,,3446.834,,,,,,,1,tcp_two_process;,130119056,407160,407160,130119056,130525960,130525960,0,,,,,0,,,,,TCP loopback,Z0[i][j] + Z1[i][j] = x[i] * Delta[j] mod p,semi-honest-128,262144,262144,ExConv7x24,524768,248,248,2116,2976,0,0,248,1,1215.8020000000001,771.957,0.0,1770.865,1675.969,,,,161288,130364928,,,190464,161288,130364928,15.559906959533691,124.47925567626953
2026-07-24T02:45:10.119598+00:00,562e21bc6bf16bfc32ac3e2d6f21719f28965a23,SILENT_SVOLE,INCLUDING_BASE_OT,2305843009213693951,61,64,128,,18,262144,,,32,6,0,OK,measured,,tcp-loopback,,,,,,,,,,,,,,,,,,1747.317,,,3424.084,,,,,,,1,tcp_two_process;,130119056,407160,407160,130119056,130525960,130525960,0,,,,,0,,,,,TCP loopback,Z0[i][j] + Z1[i][j] = x[i] * Delta[j] mod p,semi-honest-128,262144,262144,ExConv7x24,524768,248,248,2116,2976,0,0,248,1,1218.311,746.096,0.0,1747.317,1676.7669999999998,,,,161288,130364928,,,190464,161288,130364928,15.559906959533691,124.47925567626953
2026-07-24T02:45:12.069269+00:00,562e21bc6bf16bfc32ac3e2d6f21719f28965a23,SILENT_SVOLE,INCLUDING_BASE_OT,2305843009213693951,61,64,128,,18,262144,,,32,7,0,OK,measured,,tcp-loopback,,,,,,,,,,,,,,,,,,1734.612,,,3403.2470000000003,,,,,,,1,tcp_two_process;,130119056,407160,407160,130119056,130525960,130525960,0,,,,,0,,,,,TCP loopback,Z0[i][j] + Z1[i][j] = x[i] * Delta[j] mod p,semi-honest-128,262144,262144,ExConv7x24,524768,248,248,2116,2976,0,0,248,1,1212.383,736.223,0.0,1734.612,1668.635,,,,161288,130364928,,,190464,161288,130364928,15.559906959533691,124.47925567626953
2026-07-24T02:45:14.040315+00:00,562e21bc6bf16bfc32ac3e2d6f21719f28965a23,SILENT_SVOLE,INCLUDING_BASE_OT,2305843009213693951,61,64,128,,18,262144,,,32,8,0,OK,measured,,tcp-loopback,,,,,,,,,,,,,,,,,,1756.679,,,3427.126,,,,,,,1,tcp_two_process;,130119056,407160,407160,130119056,130525960,130525960,0,,,,,0,,,,,TCP loopback,Z0[i][j] + Z1[i][j] = x[i] * Delta[j] mod p,semi-honest-128,262144,262144,ExConv7x24,524768,248,248,2116,2976,0,0,248,1,1213.2920000000001,758.571,0.0,1756.679,1670.4470000000001,,,,161288,130364928,,,190464,161288,130364928,15.559906959533691,124.47925567626953
2026-07-24T02:45:15.994609+00:00,562e21bc6bf16bfc32ac3e2d6f21719f28965a23,SILENT_SVOLE,INCLUDING_BASE_OT,2305843009213693951,61,64,128,,18,262144,,,32,9,0,OK,measured,,tcp-loopback,,,,,,,,,,,,,,,,,,1740.087,,,3415.998,,,,,,,1,tcp_two_process;,130119056,407160,407160,130119056,130525960,130525960,0,,,,,0,,,,,TCP loopback,Z0[i][j] + Z1[i][j] = x[i] * Delta[j] mod p,semi-honest-128,262144,262144,ExConv7x24,524768,248,248,2116,2976,0,0,248,1,1212.9,741.143,0.0,1740.087,1675.9109999999998,,,,161288,130364928,,,190464,161288,130364928,15.559906959533691,124.47925567626953
2026-07-24T02:45:20.642853+00:00,562e21bc6bf16bfc32ac3e2d6f21719f28965a23,SILENT_SVOLE,INCLUDING_BASE_OT,2305843009213693951,61,64,128,,20,1048576,,,8,-1,1,OK,measured,,tcp-loopback,,,,,,,,,,,,,,,,,,1947.177,,,3637.6749999999997,,,,,,,1,tcp_two_process;,8237776,183416,183416,8237776,8421128,8421128,0,,,,,0,,,,,TCP loopback,Z0[i][j] + Z1[i][j] = x[i] * Delta[j] mod p,semi-honest-128,1048576,1048576,ExConv7x24,2097584,248,248,8458,3472,0,0,248,1,710.053,1401.697,0.0,1947.177,1690.498,,,,127816,8293376,,,222208,127816,8293376,1.0038766860961914,8.031013488769531
2026-07-24T02:45:22.810214+00:00,562e21bc6bf16bfc32ac3e2d6f21719f28965a23,SILENT_SVOLE,INCLUDING_BASE_OT,2305843009213693951,61,64,128,,20,1048576,,,8,0,0,OK,measured,,tcp-loopback,,,,,,,,,,,,,,,,,,1945.025,,,3639.034,,,,,,,1,tcp_two_process;,8237776,183416,183416,8237776,8421128,8421128,0,,,,,0,,,,,TCP loopback,Z0[i][j] + Z1[i][j] = x[i] * Delta[j] mod p,semi-honest-128,1048576,1048576,ExConv7x24,2097584,248,248,8458,3472,0,0,248,1,723.322,1399.9660000000001,0.0,1945.025,1694.009,,,,127816,8293376,,,222208,127816,8293376,1.0038766860961914,8.031013488769531
2026-07-24T02:45:24.991373+00:00,562e21bc6bf16bfc32ac3e2d6f21719f28965a23,SILENT_SVOLE,INCLUDING_BASE_OT,2305843009213693951,61,64,128,,20,1048576,,,8,1,0,OK,measured,,tcp-loopback,,,,,,,,,,,,,,,,,,1958.441,,,3654.2349999999997,,,,,,,1,tcp_two_process;,8237776,183416,183416,8237776,8421128,8421128,0,,,,,0,,,,,TCP loopback,Z0[i][j] + Z1[i][j] = x[i] * Delta[j] mod p,semi-honest-128,1048576,1048576,ExConv7x24,2097584,248,248,8458,3472,0,0,248,1,712.0849999999999,1411.935,0.0,1958.441,1695.794,,,,127816,8293376,,,222208,127816,8293376,1.0038766860961914,8.031013488769531
2026-07-24T02:45:27.173454+00:00,562e21bc6bf16bfc32ac3e2d6f21719f28965a23,SILENT_SVOLE,INCLUDING_BASE_OT,2305843009213693951,61,64,128,,20,1048576,,,8,2,0,OK,measured,,tcp-loopback,,,,,,,,,,,,,,,,,,1958.887,,,3666.484,,,,,,,1,tcp_two_process;,8237776,183416,183416,8237776,8421128,8421128,0,,,,,0,,,,,TCP loopback,Z0[i][j] + Z1[i][j] = x[i] * Delta[j] mod p,semi-honest-128,1048576,1048576,ExConv7x24,2097584,248,248,8458,3472,0,0,248,1,725.808,1413.094,0.0,1958.887,1707.597,,,,127816,8293376,,,222208,127816,8293376,1.0038766860961914,8.031013488769531
2026-07-24T02:45:29.351411+00:00,562e21bc6bf16bfc32ac3e2d6f21719f28965a23,SILENT_SVOLE,INCLUDING_BASE_OT,2305843009213693951,61,64,128,,20,1048576,,,8,3,0,OK,measured,,tcp-loopback,,,,,,,,,,,,,,,,,,1955.267,,,3643.5589999999997,,,,,,,1,tcp_two_process;,8237776,183416,183416,8237776,8421128,8421128,0,,,,,0,,,,,TCP loopback,Z0[i][j] + Z1[i][j] = x[i] * Delta[j] mod p,semi-honest-128,1048576,1048576,ExConv7x24,2097584,248,248,8458,3472,0,0,248,1,709.784,1409.9470000000001,0.0,1955.267,1688.292,,,,127816,8293376,,,222208,127816,8293376,1.0038766860961914,8.031013488769531
2026-07-24T02:45:31.529557+00:00,562e21bc6bf16bfc32ac3e2d6f21719f28965a23,SILENT_SVOLE,INCLUDING_BASE_OT,2305843009213693951,61,64,128,,20,1048576,,,8,4,0,OK,measured,,tcp-loopback,,,,,,,,,,,,,,,,,,1954.686,,,3662.6250000000005,,,,,,,1,tcp_two_process;,8237776,183416,183416,8237776,8421128,8421128,0,,,,,0,,,,,TCP loopback,Z0[i][j] + Z1[i][j] = x[i] * Delta[j] mod p,semi-honest-128,1048576,1048576,ExConv7x24,2097584,248,248,8458,3472,0,0,248,1,720.2389999999999,1409.6,0.0,1954.686,1707.939,,,,127816,8293376,,,222208,127816,8293376,1.0038766860961914,8.031013488769531
2026-07-24T02:45:33.694036+00:00,562e21bc6bf16bfc32ac3e2d6f21719f28965a23,SILENT_SVOLE,INCLUDING_BASE_OT,2305843009213693951,61,64,128,,20,1048576,,,8,5,0,OK,measured,,tcp-loopback,,,,,,,,,,,,,,,,,,1941.608,,,3617.318,,,,,,,1,tcp_two_process;,8237776,183416,183416,8237776,8421128,8421128,0,,,,,0,,,,,TCP loopback,Z0[i][j] + Z1[i][j] = x[i] * Delta[j] mod p,semi-honest-128,1048576,1048576,ExConv7x24,2097584,248,248,8458,3472,0,0,248,1,710.086,1396.363,0.0,1941.608,1675.71,,,,127816,8293376,,,222208,127816,8293376,1.0038766860961914,8.031013488769531
2026-07-24T02:45:35.866356+00:00,562e21bc6bf16bfc32ac3e2d6f21719f28965a23,SILENT_SVOLE,INCLUDING_BASE_OT,2305843009213693951,61,64,128,,20,1048576,,,8,6,0,OK,measured,,tcp-loopback,,,,,,,,,,,,,,,,,,1948.6190000000001,,,3644.054,,,,,,,1,tcp_two_process;,8237776,183416,183416,8237776,8421128,8421128,0,,,,,0,,,,,TCP loopback,Z0[i][j] + Z1[i][j] = x[i] * Delta[j] mod p,semi-honest-128,1048576,1048576,ExConv7x24,2097584,248,248,8458,3472,0,0,248,1,724.17,1403.1100000000001,0.0,1948.6190000000001,1695.435,,,,127816,8293376,,,222208,127816,8293376,1.0038766860961914,8.031013488769531
2026-07-24T02:45:38.033549+00:00,562e21bc6bf16bfc32ac3e2d6f21719f28965a23,SILENT_SVOLE,INCLUDING_BASE_OT,2305843009213693951,61,64,128,,20,1048576,,,8,7,0,OK,measured,,tcp-loopback,,,,,,,,,,,,,,,,,,1943.526,,,3634.849,,,,,,,1,tcp_two_process;,8237776,183416,183416,8237776,8421128,8421128,0,,,,,0,,,,,TCP loopback,Z0[i][j] + Z1[i][j] = x[i] * Delta[j] mod p,semi-honest-128,1048576,1048576,ExConv7x24,2097584,248,248,8458,3472,0,0,248,1,723.22,1398.9560000000001,0.0,1943.526,1691.3229999999999,,,,127816,8293376,,,222208,127816,8293376,1.0038766860961914,8.031013488769531
2026-07-24T02:45:40.215115+00:00,562e21bc6bf16bfc32ac3e2d6f21719f28965a23,SILENT_SVOLE,INCLUDING_BASE_OT,2305843009213693951,61,64,128,,20,1048576,,,8,8,0,OK,measured,,tcp-loopback,,,,,,,,,,,,,,,,,,1958.511,,,3649.743,,,,,,,1,tcp_two_process;,8237776,183416,183416,8237776,8421128,8421128,0,,,,,0,,,,,TCP loopback,Z0[i][j] + Z1[i][j] = x[i] * Delta[j] mod p,semi-honest-128,1048576,1048576,ExConv7x24,2097584,248,248,8458,3472,0,0,248,1,709.6759999999999,1413.766,0.0,1958.511,1691.232,,,,127816,8293376,,,222208,127816,8293376,1.0038766860961914,8.031013488769531
2026-07-24T02:45:42.384934+00:00,562e21bc6bf16bfc32ac3e2d6f21719f28965a23,SILENT_SVOLE,INCLUDING_BASE_OT,2305843009213693951,61,64,128,,20,1048576,,,8,9,0,OK,measured,,tcp-loopback,,,,,,,,,,,,,,,,,,1947.1080000000002,,,3661.3199999999997,,,,,,,1,tcp_two_process;,8237776,183416,183416,8237776,8421128,8421128,0,,,,,0,,,,,TCP loopback,Z0[i][j] + Z1[i][j] = x[i] * Delta[j] mod p,semi-honest-128,1048576,1048576,ExConv7x24,2097584,248,248,8458,3472,0,0,248,1,724.368,1401.008,0.0,1947.1080000000002,1714.212,,,,127816,8293376,,,222208,127816,8293376,1.0038766860961914,8.031013488769531
2026-07-24T02:45:49.554485+00:00,562e21bc6bf16bfc32ac3e2d6f21719f28965a23,SILENT_SVOLE,INCLUDING_BASE_OT,2305843009213693951,61,64,128,,20,1048576,,,16,-1,1,OK,measured,,tcp-loopback,,,,,,,,,,,,,,,,,,2968.675,,,5695.659,,,,,,,1,tcp_two_process;,32617232,263288,263288,32617232,32880392,32880392,0,,,,,0,,,,,TCP loopback,Z0[i][j] + Z1[i][j] = x[i] * Delta[j] mod p,semi-honest-128,1048576,1048576,ExConv7x24,2097584,248,248,8458,3472,0,0,248,1,829.693,2264.7400000000002,0.0,2968.675,2726.984,,,,144264,32736256,,,222208,144264,32736256,1.9598240852355957,15.678592681884766
2026-07-24T02:45:52.749563+00:00,562e21bc6bf16bfc32ac3e2d6f21719f28965a23,SILENT_SVOLE,INCLUDING_BASE_OT,2305843009213693951,61,64,128,,20,1048576,,,16,0,0,OK,measured,,tcp-loopback,,,,,,,,,,,,,,,,,,2968.9990000000003,,,5684.490999999999,,,,,,,1,tcp_two_process;,32617232,263288,263288,32617232,32880392,32880392,0,,,,,0,,,,,TCP loopback,Z0[i][j] + Z1[i][j] = x[i] * Delta[j] mod p,semi-honest-128,1048576,1048576,ExConv7x24,2097584,248,248,8458,3472,0,0,248,1,816.125,2264.472,0.0,2968.9990000000003,2715.4919999999997,,,,144264,32736256,,,222208,144264,32736256,1.9598240852355957,15.678592681884766
2026-07-24T02:45:55.963724+00:00,562e21bc6bf16bfc32ac3e2d6f21719f28965a23,SILENT_SVOLE,INCLUDING_BASE_OT,2305843009213693951,61,64,128,,20,1048576,,,16,1,0,OK,measured,,tcp-loopback,,,,,,,,,,,,,,,,,,2986.704,,,5705.93,,,,,,,1,tcp_two_process;,32617232,263288,263288,32617232,32880392,32880392,0,,,,,0,,,,,TCP loopback,Z0[i][j] + Z1[i][j] = x[i] * Delta[j] mod p,semi-honest-128,1048576,1048576,ExConv7x24,2097584,248,248,8458,3472,0,0,248,1,817.4749999999999,2281.819,0.0,2986.704,2719.226,,,,144264,32736256,,,222208,144264,32736256,1.9598240852355957,15.678592681884766
2026-07-24T02:45:59.151942+00:00,562e21bc6bf16bfc32ac3e2d6f21719f28965a23,SILENT_SVOLE,INCLUDING_BASE_OT,2305843009213693951,61,64,128,,20,1048576,,,16,2,0,OK,measured,,tcp-loopback,,,,,,,,,,,,,,,,,,2962.427,,,5679.2699999999995,,,,,,,1,tcp_two_process;,32617232,263288,263288,32617232,32880392,32880392,0,,,,,0,,,,,TCP loopback,Z0[i][j] + Z1[i][j] = x[i] * Delta[j] mod p,semi-honest-128,1048576,1048576,ExConv7x24,2097584,248,248,8458,3472,0,0,248,1,828.984,2258.803,0.0,2962.427,2716.843,,,,144264,32736256,,,222208,144264,32736256,1.9598240852355957,15.678592681884766
2026-07-24T02:46:02.332714+00:00,562e21bc6bf16bfc32ac3e2d6f21719f28965a23,SILENT_SVOLE,INCLUDING_BASE_OT,2305843009213693951,61,64,128,,20,1048576,,,16,3,0,OK,measured,,tcp-loopback,,,,,,,,,,,,,,,,,,2954.529,,,5668.407,,,,,,,1,tcp_two_process;,32617232,263288,263288,32617232,32880392,32880392,0,,,,,0,,,,,TCP loopback,Z0[i][j] + Z1[i][j] = x[i] * Delta[j] mod p,semi-honest-128,1048576,1048576,ExConv7x24,2097584,248,248,8458,3472,0,0,248,1,829.577,2250.856,0.0,2954.529,2713.8779999999997,,,,144264,32736256,,,222208,144264,32736256,1.9598240852355957,15.678592681884766
2026-07-24T02:46:05.533721+00:00,562e21bc6bf16bfc32ac3e2d6f21719f28965a23,SILENT_SVOLE,INCLUDING_BASE_OT,2305843009213693951,61,64,128,,20,1048576,,,16,4,0,OK,measured,,tcp-loopback,,,,,,,,,,,,,,,,,,2973.0460000000003,,,5703.494,,,,,,,1,tcp_two_process;,32617232,263288,263288,32617232,32880392,32880392,0,,,,,0,,,,,TCP loopback,Z0[i][j] + Z1[i][j] = x[i] * Delta[j] mod p,semi-honest-128,1048576,1048576,ExConv7x24,2097584,248,248,8458,3472,0,0,248,1,829.1709999999999,2267.9840000000004,0.0,2973.0460000000003,2730.448,,,,144264,32736256,,,222208,144264,32736256,1.9598240852355957,15.678592681884766
2026-07-24T02:46:08.729917+00:00,562e21bc6bf16bfc32ac3e2d6f21719f28965a23,SILENT_SVOLE,INCLUDING_BASE_OT,2305843009213693951,61,64,128,,20,1048576,,,16,5,0,OK,measured,,tcp-loopback,,,,,,,,,,,,,,,,,,2968.722,,,5699.8009999999995,,,,,,,1,tcp_two_process;,32617232,263288,263288,32617232,32880392,32880392,0,,,,,0,,,,,TCP loopback,Z0[i][j] + Z1[i][j] = x[i] * Delta[j] mod p,semi-honest-128,1048576,1048576,ExConv7x24,2097584,248,248,8458,3472,0,0,248,1,830.322,2263.082,0.0,2968.722,2731.0789999999997,,,,144264,32736256,,,222208,144264,32736256,1.9598240852355957,15.678592681884766
2026-07-24T02:46:11.913042+00:00,562e21bc6bf16bfc32ac3e2d6f21719f28965a23,SILENT_SVOLE,INCLUDING_BASE_OT,2305843009213693951,61,64,128,,20,1048576,,,16,6,0,OK,measured,,tcp-loopback,,,,,,,,,,,,,,,,,,2957.047,,,5660.54,,,,,,,1,tcp_two_process;,32617232,263288,263288,32617232,32880392,32880392,0,,,,,0,,,,,TCP loopback,Z0[i][j] + Z1[i][j] = x[i] * Delta[j] mod p,semi-honest-128,1048576,1048576,ExConv7x24,2097584,248,248,8458,3472,0,0,248,1,816.936,2251.735,0.0,2957.047,2703.493,,,,144264,32736256,,,222208,144264,32736256,1.9598240852355957,15.678592681884766
2026-07-24T02:46:15.105230+00:00,562e21bc6bf16bfc32ac3e2d6f21719f28965a23,SILENT_SVOLE,INCLUDING_BASE_OT,2305843009213693951,61,64,128,,20,1048576,,,16,7,0,OK,measured,,tcp-loopback,,,,,,,,,,,,,,,,,,2966.334,,,5694.127999999999,,,,,,,1,tcp_two_process;,32617232,263288,263288,32617232,32880392,32880392,0,,,,,0,,,,,TCP loopback,Z0[i][j] + Z1[i][j] = x[i] * Delta[j] mod p,semi-honest-128,1048576,1048576,ExConv7x24,2097584,248,248,8458,3472,0,0,248,1,831.1500000000001,2262.3269999999998,0.0,2966.334,2727.794,,,,144264,32736256,,,222208,144264,32736256,1.9598240852355957,15.678592681884766
2026-07-24T02:46:18.288389+00:00,562e21bc6bf16bfc32ac3e2d6f21719f28965a23,SILENT_SVOLE,INCLUDING_BASE_OT,2305843009213693951,61,64,128,,20,1048576,,,16,8,0,OK,measured,,tcp-loopback,,,,,,,,,,,,,,,,,,2956.8889999999997,,,5655.917,,,,,,,1,tcp_two_process;,32617232,263288,263288,32617232,32880392,32880392,0,,,,,0,,,,,TCP loopback,Z0[i][j] + Z1[i][j] = x[i] * Delta[j] mod p,semi-honest-128,1048576,1048576,ExConv7x24,2097584,248,248,8458,3472,0,0,248,1,816.082,2251.8720000000003,0.0,2956.8889999999997,2699.0280000000002,,,,144264,32736256,,,222208,144264,32736256,1.9598240852355957,15.678592681884766
2026-07-24T02:46:21.480547+00:00,562e21bc6bf16bfc32ac3e2d6f21719f28965a23,SILENT_SVOLE,INCLUDING_BASE_OT,2305843009213693951,61,64,128,,20,1048576,,,16,9,0,OK,measured,,tcp-loopback,,,,,,,,,,,,,,,,,,2965.502,,,5677.564,,,,,,,1,tcp_two_process;,32617232,263288,263288,32617232,32880392,32880392,0,,,,,0,,,,,TCP loopback,Z0[i][j] + Z1[i][j] = x[i] * Delta[j] mod p,semi-honest-128,1048576,1048576,ExConv7x24,2097584,248,248,8458,3472,0,0,248,1,824.576,2262.715,0.0,2965.502,2712.062,,,,144264,32736256,,,222208,144264,32736256,1.9598240852355957,15.678592681884766
2026-07-24T02:46:30.547588+00:00,562e21bc6bf16bfc32ac3e2d6f21719f28965a23,SILENT_SVOLE,INCLUDING_BASE_OT,2305843009213693951,61,64,128,,20,1048576,,,32,-1,1,OK,measured,,tcp-loopback,,,,,,,,,,,,,,,,,,3971.76,,,7701.057000000001,,,,,,,1,tcp_two_process;,130134928,423032,423032,130134928,130557704,130557704,0,,,,,0,,,,,TCP loopback,Z0[i][j] + Z1[i][j] = x[i] * Delta[j] mod p,semi-honest-128,1048576,1048576,ExConv7x24,2097584,248,248,8458,3472,0,0,248,1,1286.943,2908.655,0.0,3971.76,3729.297,,,,177160,130380800,,,222208,177160,130380800,3.890922784805298,31.127382278442383
2026-07-24T02:46:34.667837+00:00,562e21bc6bf16bfc32ac3e2d6f21719f28965a23,SILENT_SVOLE,INCLUDING_BASE_OT,2305843009213693951,61,64,128,,20,1048576,,,32,0,0,OK,measured,,tcp-loopback,,,,,,,,,,,,,,,,,,3887.1310000000003,,,7583.247,,,,,,,1,tcp_two_process;,130134928,423032,423032,130134928,130557704,130557704,0,,,,,0,,,,,TCP loopback,Z0[i][j] + Z1[i][j] = x[i] * Delta[j] mod p,semi-honest-128,1048576,1048576,ExConv7x24,2097584,248,248,8458,3472,0,0,248,1,1279.588,2822.12,0.0,3887.1310000000003,3696.116,,,,177160,130380800,,,222208,177160,130380800,3.890922784805298,31.127382278442383
2026-07-24T02:46:38.825601+00:00,562e21bc6bf16bfc32ac3e2d6f21719f28965a23,SILENT_SVOLE,INCLUDING_BASE_OT,2305843009213693951,61,64,128,,20,1048576,,,32,1,0,OK,measured,,tcp-loopback,,,,,,,,,,,,,,,,,,3924.675,,,7655.731000000001,,,,,,,1,tcp_two_process;,130134928,423032,423032,130134928,130557704,130557704,0,,,,,0,,,,,TCP loopback,Z0[i][j] + Z1[i][j] = x[i] * Delta[j] mod p,semi-honest-128,1048576,1048576,ExConv7x24,2097584,248,248,8458,3472,0,0,248,1,1279.075,2860.3070000000002,0.0,3924.675,3731.056,,,,177160,130380800,,,222208,177160,130380800,3.890922784805298,31.127382278442383
2026-07-24T02:46:43.011348+00:00,562e21bc6bf16bfc32ac3e2d6f21719f28965a23,SILENT_SVOLE,INCLUDING_BASE_OT,2305843009213693951,61,64,128,,20,1048576,,,32,2,0,OK,measured,,tcp-loopback,,,,,,,,,,,,,,,,,,3953.2889999999998,,,7608.606999999999,,,,,,,1,tcp_two_process;,130134928,423032,423032,130134928,130557704,130557704,0,,,,,0,,,,,TCP loopback,Z0[i][j] + Z1[i][j] = x[i] * Delta[j] mod p,semi-honest-128,1048576,1048576,ExConv7x24,2097584,248,248,8458,3472,0,0,248,1,1279.851,2890.462,0.0,3953.2889999999998,3655.3179999999998,,,,177160,130380800,,,222208,177160,130380800,3.890922784805298,31.127382278442383
2026-07-24T02:46:47.156167+00:00,562e21bc6bf16bfc32ac3e2d6f21719f28965a23,SILENT_SVOLE,INCLUDING_BASE_OT,2305843009213693951,61,64,128,,20,1048576,,,32,3,0,OK,measured,,tcp-loopback,,,,,,,,,,,,,,,,,,3913.081,,,7703.251,,,,,,,1,tcp_two_process;,130134928,423032,423032,130134928,130557704,130557704,0,,,,,0,,,,,TCP loopback,Z0[i][j] + Z1[i][j] = x[i] * Delta[j] mod p,semi-honest-128,1048576,1048576,ExConv7x24,2097584,248,248,8458,3472,0,0,248,1,1290.791,2848.776,0.0,3913.081,3790.1699999999996,,,,177160,130380800,,,222208,177160,130380800,3.890922784805298,31.127382278442383
2026-07-24T02:46:51.362121+00:00,562e21bc6bf16bfc32ac3e2d6f21719f28965a23,SILENT_SVOLE,INCLUDING_BASE_OT,2305843009213693951,61,64,128,,20,1048576,,,32,4,0,OK,measured,,tcp-loopback,,,,,,,,,,,,,,,,,,3973.2630000000004,,,7721.015,,,,,,,1,tcp_two_process;,130134928,423032,423032,130134928,130557704,130557704,0,,,,,0,,,,,TCP loopback,Z0[i][j] + Z1[i][j] = x[i] * Delta[j] mod p,semi-honest-128,1048576,1048576,ExConv7x24,2097584,248,248,8458,3472,0,0,248,1,1279.831,2907.697,0.0,3973.2630000000004,3747.7520000000004,,,,177160,130380800,,,222208,177160,130380800,3.890922784805298,31.127382278442383
2026-07-24T02:46:55.513897+00:00,562e21bc6bf16bfc32ac3e2d6f21719f28965a23,SILENT_SVOLE,INCLUDING_BASE_OT,2305843009213693951,61,64,128,,20,1048576,,,32,5,0,OK,measured,,tcp-loopback,,,,,,,,,,,,,,,,,,3920.2780000000002,,,7640.095,,,,,,,1,tcp_two_process;,130134928,423032,423032,130134928,130557704,130557704,0,,,,,0,,,,,TCP loopback,Z0[i][j] + Z1[i][j] = x[i] * Delta[j] mod p,semi-honest-128,1048576,1048576,ExConv7x24,2097584,248,248,8458,3472,0,0,248,1,1278.089,2856.9390000000003,0.0,3920.2780000000002,3719.817,,,,177160,130380800,,,222208,177160,130380800,3.890922784805298,31.127382278442383
2026-07-24T02:46:59.730000+00:00,562e21bc6bf16bfc32ac3e2d6f21719f28965a23,SILENT_SVOLE,INCLUDING_BASE_OT,2305843009213693951,61,64,128,,20,1048576,,,32,6,0,OK,measured,,tcp-loopback,,,,,,,,,,,,,,,,,,3984.592,,,7722.134999999999,,,,,,,1,tcp_two_process;,130134928,423032,423032,130134928,130557704,130557704,0,,,,,0,,,,,TCP loopback,Z0[i][j] + Z1[i][j] = x[i] * Delta[j] mod p,semi-honest-128,1048576,1048576,ExConv7x24,2097584,248,248,8458,3472,0,0,248,1,1280.334,2920.1079999999997,0.0,3984.592,3737.543,,,,177160,130380800,,,222208,177160,130380800,3.890922784805298,31.127382278442383
2026-07-24T02:47:03.911363+00:00,562e21bc6bf16bfc32ac3e2d6f21719f28965a23,SILENT_SVOLE,INCLUDING_BASE_OT,2305843009213693951,61,64,128,,20,1048576,,,32,7,0,OK,measured,,tcp-loopback,,,,,,,,,,,,,,,,,,3949.461,,,7605.905,,,,,,,1,tcp_two_process;,130134928,423032,423032,130134928,130557704,130557704,0,,,,,0,,,,,TCP loopback,Z0[i][j] + Z1[i][j] = x[i] * Delta[j] mod p,semi-honest-128,1048576,1048576,ExConv7x24,2097584,248,248,8458,3472,0,0,248,1,1279.047,2886.192,0.0,3949.461,3656.444,,,,177160,130380800,,,222208,177160,130380800,3.890922784805298,31.127382278442383
2026-07-24T02:47:08.099577+00:00,562e21bc6bf16bfc32ac3e2d6f21719f28965a23,SILENT_SVOLE,INCLUDING_BASE_OT,2305843009213693951,61,64,128,,20,1048576,,,32,8,0,OK,measured,,tcp-loopback,,,,,,,,,,,,,,,,,,3956.515,,,7719.504000000001,,,,,,,1,tcp_two_process;,130134928,423032,423032,130134928,130557704,130557704,0,,,,,0,,,,,TCP loopback,Z0[i][j] + Z1[i][j] = x[i] * Delta[j] mod p,semi-honest-128,1048576,1048576,ExConv7x24,2097584,248,248,8458,3472,0,0,248,1,1294.0700000000002,2891.06,0.0,3956.515,3762.989,,,,177160,130380800,,,222208,177160,130380800,3.890922784805298,31.127382278442383
2026-07-24T02:47:12.306665+00:00,562e21bc6bf16bfc32ac3e2d6f21719f28965a23,SILENT_SVOLE,INCLUDING_BASE_OT,2305843009213693951,61,64,128,,20,1048576,,,32,9,0,OK,measured,,tcp-loopback,,,,,,,,,,,,,,,,,,3974.1620000000003,,,7702.796,,,,,,,1,tcp_two_process;,130134928,423032,423032,130134928,130557704,130557704,0,,,,,32,,,,,TCP loopback,Z0[i][j] + Z1[i][j] = x[i] * Delta[j] mod p,semi-honest-128,1048576,1048576,ExConv7x24,2097584,248,248,8458,3472,0,0,248,1,1296.383,2907.99,0.0,3974.1620000000003,3728.634,,,,176872,130380800,,,222208,176872,130380800,3.890922784805298,31.127382278442383
