timestamp,benchmark_source_commit,method,base_ot_mode,p,base_field_bits,base_coordinate_storage_bits,lambda,c,logN,N,t,domainSize,m,trial_index,warmup,status,data_source,correctness,pprf_instance_count,consumed_ot_count,base_ot_protocol_invocations,ot_generation_time_ms,ot_communication_bytes,pprf_only_time_ms,key_setup_wall_ms,pprf_setup_bytes,pprf_payload_bytes,total_comm_bytes,p0_peak_rss_bytes,p1_peak_rss_bytes,notes
2026-07-23T08:50:28.005346+00:00,b33a10fa7851ba0c3a26bea531ffb004f00d9365,VECTOR_PPRF,INCLUDING_OT,2305843009213693951,61,64,128,2,12,4096,64,64,8,-1,1,OK,measured,PASS,2,2,2,0.0,included_in_pprf_setup_bytes,74.252,74.252,79616,79616,79616,76161024,76161024,C++ RegularPprf setup harness using DefaultBaseOT.
2026-07-23T08:50:28.086031+00:00,b33a10fa7851ba0c3a26bea531ffb004f00d9365,VECTOR_PPRF,INCLUDING_OT,2305843009213693951,61,64,128,2,12,4096,64,64,8,0,0,OK,measured,PASS,2,2,2,0.0,included_in_pprf_setup_bytes,74.247,74.247,79616,79616,79616,76161024,76161024,C++ RegularPprf setup harness using DefaultBaseOT.
2026-07-23T08:50:28.165869+00:00,b33a10fa7851ba0c3a26bea531ffb004f00d9365,VECTOR_PPRF,INCLUDING_OT,2305843009213693951,61,64,128,2,12,4096,64,64,8,1,0,OK,measured,PASS,2,2,2,0.0,included_in_pprf_setup_bytes,73.177,73.177,79616,79616,79616,76161024,76161024,C++ RegularPprf setup harness using DefaultBaseOT.
2026-07-23T08:50:28.243960+00:00,b33a10fa7851ba0c3a26bea531ffb004f00d9365,VECTOR_PPRF,INCLUDING_OT,2305843009213693951,61,64,128,2,12,4096,64,64,8,2,0,OK,measured,PASS,2,2,2,0.0,included_in_pprf_setup_bytes,73.795,73.795,79616,79616,79616,76161024,76161024,C++ RegularPprf setup harness using DefaultBaseOT.
2026-07-23T08:50:28.322651+00:00,b33a10fa7851ba0c3a26bea531ffb004f00d9365,VECTOR_PPRF,INCLUDING_OT,2305843009213693951,61,64,128,2,12,4096,64,64,8,3,0,OK,measured,PASS,2,2,2,0.0,included_in_pprf_setup_bytes,72.715,72.715,79616,79616,79616,76161024,76161024,C++ RegularPprf setup harness using DefaultBaseOT.
2026-07-23T08:50:28.400074+00:00,b33a10fa7851ba0c3a26bea531ffb004f00d9365,VECTOR_PPRF,INCLUDING_OT,2305843009213693951,61,64,128,2,12,4096,64,64,8,4,0,OK,measured,PASS,2,2,2,0.0,included_in_pprf_setup_bytes,73.437,73.437,79616,79616,79616,76161024,76161024,C++ RegularPprf setup harness using DefaultBaseOT.
2026-07-23T08:50:28.478512+00:00,b33a10fa7851ba0c3a26bea531ffb004f00d9365,VECTOR_PPRF,INCLUDING_OT,2305843009213693951,61,64,128,2,12,4096,64,64,8,5,0,OK,measured,PASS,2,2,2,0.0,included_in_pprf_setup_bytes,72.853,72.853,79616,79616,79616,76161024,76161024,C++ RegularPprf setup harness using DefaultBaseOT.
2026-07-23T08:50:28.556283+00:00,b33a10fa7851ba0c3a26bea531ffb004f00d9365,VECTOR_PPRF,INCLUDING_OT,2305843009213693951,61,64,128,2,12,4096,64,64,8,6,0,OK,measured,PASS,2,2,2,0.0,included_in_pprf_setup_bytes,77.727,77.727,79616,79616,79616,76161024,76161024,C++ RegularPprf setup harness using DefaultBaseOT.
2026-07-23T08:50:28.638959+00:00,b33a10fa7851ba0c3a26bea531ffb004f00d9365,VECTOR_PPRF,INCLUDING_OT,2305843009213693951,61,64,128,2,12,4096,64,64,8,7,0,OK,measured,PASS,2,2,2,0.0,included_in_pprf_setup_bytes,72.769,72.769,79616,79616,79616,76161024,76161024,C++ RegularPprf setup harness using DefaultBaseOT.
2026-07-23T08:50:28.717434+00:00,b33a10fa7851ba0c3a26bea531ffb004f00d9365,VECTOR_PPRF,INCLUDING_OT,2305843009213693951,61,64,128,2,12,4096,64,64,8,8,0,OK,measured,PASS,2,2,2,0.0,included_in_pprf_setup_bytes,73.813,73.813,79616,79616,79616,76161024,76161024,C++ RegularPprf setup harness using DefaultBaseOT.
2026-07-23T08:50:28.796375+00:00,b33a10fa7851ba0c3a26bea531ffb004f00d9365,VECTOR_PPRF,INCLUDING_OT,2305843009213693951,61,64,128,2,12,4096,64,64,8,9,0,OK,measured,PASS,2,2,2,0.0,included_in_pprf_setup_bytes,73.259,73.259,79616,79616,79616,76161024,76161024,C++ RegularPprf setup harness using DefaultBaseOT.
2026-07-23T08:50:28.874365+00:00,b33a10fa7851ba0c3a26bea531ffb004f00d9365,COORDINATE_PPRF,INCLUDING_OT,2305843009213693951,61,64,128,2,12,4096,64,64,8,-1,1,OK,measured,PASS,16,16,16,0.0,included_in_pprf_setup_bytes,579.255,579.255,407216,407216,407216,76161024,76161024,C++ RegularPprf setup harness using DefaultBaseOT.
2026-07-23T08:50:29.458185+00:00,b33a10fa7851ba0c3a26bea531ffb004f00d9365,COORDINATE_PPRF,INCLUDING_OT,2305843009213693951,61,64,128,2,12,4096,64,64,8,0,0,OK,measured,PASS,16,16,16,0.0,included_in_pprf_setup_bytes,579.216,579.216,407216,407216,407216,76161024,76161024,C++ RegularPprf setup harness using DefaultBaseOT.
2026-07-23T08:50:30.043267+00:00,b33a10fa7851ba0c3a26bea531ffb004f00d9365,COORDINATE_PPRF,INCLUDING_OT,2305843009213693951,61,64,128,2,12,4096,64,64,8,1,0,OK,measured,PASS,16,16,16,0.0,included_in_pprf_setup_bytes,578.5989999999999,578.5989999999999,407216,407216,407216,76161024,76161024,C++ RegularPprf setup harness using DefaultBaseOT.
2026-07-23T08:50:30.627685+00:00,b33a10fa7851ba0c3a26bea531ffb004f00d9365,COORDINATE_PPRF,INCLUDING_OT,2305843009213693951,61,64,128,2,12,4096,64,64,8,2,0,OK,measured,PASS,16,16,16,0.0,included_in_pprf_setup_bytes,580.1610000000001,580.1610000000001,407216,407216,407216,76161024,76161024,C++ RegularPprf setup harness using DefaultBaseOT.
2026-07-23T08:50:31.213654+00:00,b33a10fa7851ba0c3a26bea531ffb004f00d9365,COORDINATE_PPRF,INCLUDING_OT,2305843009213693951,61,64,128,2,12,4096,64,64,8,3,0,OK,measured,PASS,16,16,16,0.0,included_in_pprf_setup_bytes,579.109,579.109,407216,407216,407216,76161024,76161024,C++ RegularPprf setup harness using DefaultBaseOT.
2026-07-23T08:50:31.799325+00:00,b33a10fa7851ba0c3a26bea531ffb004f00d9365,COORDINATE_PPRF,INCLUDING_OT,2305843009213693951,61,64,128,2,12,4096,64,64,8,4,0,OK,measured,PASS,16,16,16,0.0,included_in_pprf_setup_bytes,578.326,578.326,407216,407216,407216,76161024,76161024,C++ RegularPprf setup harness using DefaultBaseOT.
2026-07-23T08:50:32.383933+00:00,b33a10fa7851ba0c3a26bea531ffb004f00d9365,COORDINATE_PPRF,INCLUDING_OT,2305843009213693951,61,64,128,2,12,4096,64,64,8,5,0,OK,measured,PASS,16,16,16,0.0,included_in_pprf_setup_bytes,569.601,569.601,407216,407216,407216,76161024,76161024,C++ RegularPprf setup harness using DefaultBaseOT.
2026-07-23T08:50:32.959210+00:00,b33a10fa7851ba0c3a26bea531ffb004f00d9365,COORDINATE_PPRF,INCLUDING_OT,2305843009213693951,61,64,128,2,12,4096,64,64,8,6,0,OK,measured,PASS,16,16,16,0.0,included_in_pprf_setup_bytes,574.112,574.112,407216,407216,407216,76161024,76161024,C++ RegularPprf setup harness using DefaultBaseOT.
2026-07-23T08:50:33.538825+00:00,b33a10fa7851ba0c3a26bea531ffb004f00d9365,COORDINATE_PPRF,INCLUDING_OT,2305843009213693951,61,64,128,2,12,4096,64,64,8,7,0,OK,measured,PASS,16,16,16,0.0,included_in_pprf_setup_bytes,577.7090000000001,577.7090000000001,407216,407216,407216,76161024,76161024,C++ RegularPprf setup harness using DefaultBaseOT.
2026-07-23T08:50:34.122472+00:00,b33a10fa7851ba0c3a26bea531ffb004f00d9365,COORDINATE_PPRF,INCLUDING_OT,2305843009213693951,61,64,128,2,12,4096,64,64,8,8,0,OK,measured,PASS,16,16,16,0.0,included_in_pprf_setup_bytes,574.824,574.824,407216,407216,407216,76161024,76161024,C++ RegularPprf setup harness using DefaultBaseOT.
2026-07-23T08:50:34.704228+00:00,b33a10fa7851ba0c3a26bea531ffb004f00d9365,COORDINATE_PPRF,INCLUDING_OT,2305843009213693951,61,64,128,2,12,4096,64,64,8,9,0,OK,measured,PASS,16,16,16,0.0,included_in_pprf_setup_bytes,570.172,570.172,407216,407216,407216,76161024,76161024,C++ RegularPprf setup harness using DefaultBaseOT.
2026-07-23T08:50:35.280951+00:00,b33a10fa7851ba0c3a26bea531ffb004f00d9365,VECTOR_PPRF,INCLUDING_OT,2305843009213693951,61,64,128,2,12,4096,64,64,16,-1,1,OK,measured,PASS,2,2,2,0.0,included_in_pprf_setup_bytes,73.409,73.409,112384,112384,112384,76161024,76161024,C++ RegularPprf setup harness using DefaultBaseOT.
2026-07-23T08:50:35.359990+00:00,b33a10fa7851ba0c3a26bea531ffb004f00d9365,VECTOR_PPRF,INCLUDING_OT,2305843009213693951,61,64,128,2,12,4096,64,64,16,0,0,OK,measured,PASS,2,2,2,0.0,included_in_pprf_setup_bytes,74.298,74.298,112384,112384,112384,76161024,76161024,C++ RegularPprf setup harness using DefaultBaseOT.
2026-07-23T08:50:35.438721+00:00,b33a10fa7851ba0c3a26bea531ffb004f00d9365,VECTOR_PPRF,INCLUDING_OT,2305843009213693951,61,64,128,2,12,4096,64,64,16,1,0,OK,measured,PASS,2,2,2,0.0,included_in_pprf_setup_bytes,74.196,74.196,112384,112384,112384,76161024,76161024,C++ RegularPprf setup harness using DefaultBaseOT.
2026-07-23T08:50:35.516901+00:00,b33a10fa7851ba0c3a26bea531ffb004f00d9365,VECTOR_PPRF,INCLUDING_OT,2305843009213693951,61,64,128,2,12,4096,64,64,16,2,0,OK,measured,PASS,2,2,2,0.0,included_in_pprf_setup_bytes,74.333,74.333,112384,112384,112384,76161024,76161024,C++ RegularPprf setup harness using DefaultBaseOT.
2026-07-23T08:50:35.595403+00:00,b33a10fa7851ba0c3a26bea531ffb004f00d9365,VECTOR_PPRF,INCLUDING_OT,2305843009213693951,61,64,128,2,12,4096,64,64,16,3,0,OK,measured,PASS,2,2,2,0.0,included_in_pprf_setup_bytes,74.399,74.399,112384,112384,112384,76161024,76161024,C++ RegularPprf setup harness using DefaultBaseOT.
2026-07-23T08:50:35.674002+00:00,b33a10fa7851ba0c3a26bea531ffb004f00d9365,VECTOR_PPRF,INCLUDING_OT,2305843009213693951,61,64,128,2,12,4096,64,64,16,4,0,OK,measured,PASS,2,2,2,0.0,included_in_pprf_setup_bytes,74.298,74.298,112384,112384,112384,76161024,76161024,C++ RegularPprf setup harness using DefaultBaseOT.
2026-07-23T08:50:35.752621+00:00,b33a10fa7851ba0c3a26bea531ffb004f00d9365,VECTOR_PPRF,INCLUDING_OT,2305843009213693951,61,64,128,2,12,4096,64,64,16,5,0,OK,measured,PASS,2,2,2,0.0,included_in_pprf_setup_bytes,73.891,73.891,112384,112384,112384,76161024,76161024,C++ RegularPprf setup harness using DefaultBaseOT.
2026-07-23T08:50:35.831852+00:00,b33a10fa7851ba0c3a26bea531ffb004f00d9365,VECTOR_PPRF,INCLUDING_OT,2305843009213693951,61,64,128,2,12,4096,64,64,16,6,0,OK,measured,PASS,2,2,2,0.0,included_in_pprf_setup_bytes,74.673,74.673,112384,112384,112384,76161024,76161024,C++ RegularPprf setup harness using DefaultBaseOT.
2026-07-23T08:50:35.911870+00:00,b33a10fa7851ba0c3a26bea531ffb004f00d9365,VECTOR_PPRF,INCLUDING_OT,2305843009213693951,61,64,128,2,12,4096,64,64,16,7,0,OK,measured,PASS,2,2,2,0.0,included_in_pprf_setup_bytes,74.479,74.479,112384,112384,112384,76161024,76161024,C++ RegularPprf setup harness using DefaultBaseOT.
2026-07-23T08:50:35.990872+00:00,b33a10fa7851ba0c3a26bea531ffb004f00d9365,VECTOR_PPRF,INCLUDING_OT,2305843009213693951,61,64,128,2,12,4096,64,64,16,8,0,OK,measured,PASS,2,2,2,0.0,included_in_pprf_setup_bytes,74.73299999999999,74.73299999999999,112384,112384,112384,76161024,76161024,C++ RegularPprf setup harness using DefaultBaseOT.
2026-07-23T08:50:36.070251+00:00,b33a10fa7851ba0c3a26bea531ffb004f00d9365,VECTOR_PPRF,INCLUDING_OT,2305843009213693951,61,64,128,2,12,4096,64,64,16,9,0,OK,measured,PASS,2,2,2,0.0,included_in_pprf_setup_bytes,74.847,74.847,112384,112384,112384,76161024,76161024,C++ RegularPprf setup harness using DefaultBaseOT.
2026-07-23T08:50:36.149888+00:00,b33a10fa7851ba0c3a26bea531ffb004f00d9365,COORDINATE_PPRF,INCLUDING_OT,2305843009213693951,61,64,128,2,12,4096,64,64,16,-1,1,OK,measured,PASS,32,32,32,0.0,included_in_pprf_setup_bytes,1140.345,1140.345,814384,814384,814384,76161024,76161024,C++ RegularPprf setup harness using DefaultBaseOT.
2026-07-23T08:50:37.295755+00:00,b33a10fa7851ba0c3a26bea531ffb004f00d9365,COORDINATE_PPRF,INCLUDING_OT,2305843009213693951,61,64,128,2,12,4096,64,64,16,0,0,OK,measured,PASS,32,32,32,0.0,included_in_pprf_setup_bytes,1135.798,1135.798,814384,814384,814384,76161024,76161024,C++ RegularPprf setup harness using DefaultBaseOT.
2026-07-23T08:50:38.438099+00:00,b33a10fa7851ba0c3a26bea531ffb004f00d9365,COORDINATE_PPRF,INCLUDING_OT,2305843009213693951,61,64,128,2,12,4096,64,64,16,1,0,OK,measured,PASS,32,32,32,0.0,included_in_pprf_setup_bytes,1139.0880000000002,1139.0880000000002,814384,814384,814384,76161024,76161024,C++ RegularPprf setup harness using DefaultBaseOT.
2026-07-23T08:50:39.583909+00:00,b33a10fa7851ba0c3a26bea531ffb004f00d9365,COORDINATE_PPRF,INCLUDING_OT,2305843009213693951,61,64,128,2,12,4096,64,64,16,2,0,OK,measured,PASS,32,32,32,0.0,included_in_pprf_setup_bytes,1132.1619999999998,1132.1619999999998,814384,814384,814384,76161024,76161024,C++ RegularPprf setup harness using DefaultBaseOT.
2026-07-23T08:50:40.722649+00:00,b33a10fa7851ba0c3a26bea531ffb004f00d9365,COORDINATE_PPRF,INCLUDING_OT,2305843009213693951,61,64,128,2,12,4096,64,64,16,3,0,OK,measured,PASS,32,32,32,0.0,included_in_pprf_setup_bytes,1144.378,1144.378,814384,814384,814384,76161024,76161024,C++ RegularPprf setup harness using DefaultBaseOT.
2026-07-23T08:50:41.873609+00:00,b33a10fa7851ba0c3a26bea531ffb004f00d9365,COORDINATE_PPRF,INCLUDING_OT,2305843009213693951,61,64,128,2,12,4096,64,64,16,4,0,OK,measured,PASS,32,32,32,0.0,included_in_pprf_setup_bytes,1161.24,1161.24,814384,814384,814384,76161024,76161024,C++ RegularPprf setup harness using DefaultBaseOT.
2026-07-23T08:50:43.041484+00:00,b33a10fa7851ba0c3a26bea531ffb004f00d9365,COORDINATE_PPRF,INCLUDING_OT,2305843009213693951,61,64,128,2,12,4096,64,64,16,5,0,OK,measured,PASS,32,32,32,0.0,included_in_pprf_setup_bytes,1161.507,1161.507,814384,814384,814384,76161024,76161024,C++ RegularPprf setup harness using DefaultBaseOT.
2026-07-23T08:50:44.209609+00:00,b33a10fa7851ba0c3a26bea531ffb004f00d9365,COORDINATE_PPRF,INCLUDING_OT,2305843009213693951,61,64,128,2,12,4096,64,64,16,6,0,OK,measured,PASS,32,32,32,0.0,included_in_pprf_setup_bytes,1159.651,1159.651,814384,814384,814384,76161024,76161024,C++ RegularPprf setup harness using DefaultBaseOT.
2026-07-23T08:50:45.375862+00:00,b33a10fa7851ba0c3a26bea531ffb004f00d9365,COORDINATE_PPRF,INCLUDING_OT,2305843009213693951,61,64,128,2,12,4096,64,64,16,7,0,OK,measured,PASS,32,32,32,0.0,included_in_pprf_setup_bytes,1131.146,1131.146,814384,814384,814384,76161024,76161024,C++ RegularPprf setup harness using DefaultBaseOT.
2026-07-23T08:50:46.513391+00:00,b33a10fa7851ba0c3a26bea531ffb004f00d9365,COORDINATE_PPRF,INCLUDING_OT,2305843009213693951,61,64,128,2,12,4096,64,64,16,8,0,OK,measured,PASS,32,32,32,0.0,included_in_pprf_setup_bytes,1157.904,1157.904,814384,814384,814384,76161024,76161024,C++ RegularPprf setup harness using DefaultBaseOT.
2026-07-23T08:50:47.677748+00:00,b33a10fa7851ba0c3a26bea531ffb004f00d9365,COORDINATE_PPRF,INCLUDING_OT,2305843009213693951,61,64,128,2,12,4096,64,64,16,9,0,OK,measured,PASS,32,32,32,0.0,included_in_pprf_setup_bytes,1162.2920000000001,1162.2920000000001,814384,814384,814384,76161024,76161024,C++ RegularPprf setup harness using DefaultBaseOT.
2026-07-23T08:50:48.846668+00:00,b33a10fa7851ba0c3a26bea531ffb004f00d9365,VECTOR_PPRF,INCLUDING_OT,2305843009213693951,61,64,128,2,12,4096,64,64,32,-1,1,OK,measured,PASS,2,2,2,0.0,included_in_pprf_setup_bytes,76.81,76.81,177920,177920,177920,76161024,76161024,C++ RegularPprf setup harness using DefaultBaseOT.
2026-07-23T08:50:48.929846+00:00,b33a10fa7851ba0c3a26bea531ffb004f00d9365,VECTOR_PPRF,INCLUDING_OT,2305843009213693951,61,64,128,2,12,4096,64,64,32,0,0,OK,measured,PASS,2,2,2,0.0,included_in_pprf_setup_bytes,76.913,76.913,177920,177920,177920,76161024,76161024,C++ RegularPprf setup harness using DefaultBaseOT.
2026-07-23T08:50:49.011816+00:00,b33a10fa7851ba0c3a26bea531ffb004f00d9365,VECTOR_PPRF,INCLUDING_OT,2305843009213693951,61,64,128,2,12,4096,64,64,32,1,0,OK,measured,PASS,2,2,2,0.0,included_in_pprf_setup_bytes,75.712,75.712,177920,177920,177920,76161024,76161024,C++ RegularPprf setup harness using DefaultBaseOT.
2026-07-23T08:50:49.092186+00:00,b33a10fa7851ba0c3a26bea531ffb004f00d9365,VECTOR_PPRF,INCLUDING_OT,2305843009213693951,61,64,128,2,12,4096,64,64,32,2,0,OK,measured,PASS,2,2,2,0.0,included_in_pprf_setup_bytes,77.494,77.494,177920,177920,177920,76161024,76161024,C++ RegularPprf setup harness using DefaultBaseOT.
2026-07-23T08:50:49.173854+00:00,b33a10fa7851ba0c3a26bea531ffb004f00d9365,VECTOR_PPRF,INCLUDING_OT,2305843009213693951,61,64,128,2,12,4096,64,64,32,3,0,OK,measured,PASS,2,2,2,0.0,included_in_pprf_setup_bytes,77.03500000000001,77.03500000000001,177920,177920,177920,76161024,76161024,C++ RegularPprf setup harness using DefaultBaseOT.
2026-07-23T08:50:49.254918+00:00,b33a10fa7851ba0c3a26bea531ffb004f00d9365,VECTOR_PPRF,INCLUDING_OT,2305843009213693951,61,64,128,2,12,4096,64,64,32,4,0,OK,measured,PASS,2,2,2,0.0,included_in_pprf_setup_bytes,75.818,75.818,177920,177920,177920,76161024,76161024,C++ RegularPprf setup harness using DefaultBaseOT.
2026-07-23T08:50:49.334943+00:00,b33a10fa7851ba0c3a26bea531ffb004f00d9365,VECTOR_PPRF,INCLUDING_OT,2305843009213693951,61,64,128,2,12,4096,64,64,32,5,0,OK,measured,PASS,2,2,2,0.0,included_in_pprf_setup_bytes,76.408,76.408,177920,177920,177920,76161024,76161024,C++ RegularPprf setup harness using DefaultBaseOT.
2026-07-23T08:50:49.416753+00:00,b33a10fa7851ba0c3a26bea531ffb004f00d9365,VECTOR_PPRF,INCLUDING_OT,2305843009213693951,61,64,128,2,12,4096,64,64,32,6,0,OK,measured,PASS,2,2,2,0.0,included_in_pprf_setup_bytes,75.982,75.982,177920,177920,177920,76161024,76161024,C++ RegularPprf setup harness using DefaultBaseOT.
2026-07-23T08:50:49.497807+00:00,b33a10fa7851ba0c3a26bea531ffb004f00d9365,VECTOR_PPRF,INCLUDING_OT,2305843009213693951,61,64,128,2,12,4096,64,64,32,7,0,OK,measured,PASS,2,2,2,0.0,included_in_pprf_setup_bytes,75.565,75.565,177920,177920,177920,76161024,76161024,C++ RegularPprf setup harness using DefaultBaseOT.
2026-07-23T08:50:49.578176+00:00,b33a10fa7851ba0c3a26bea531ffb004f00d9365,VECTOR_PPRF,INCLUDING_OT,2305843009213693951,61,64,128,2,12,4096,64,64,32,8,0,OK,measured,PASS,2,2,2,0.0,included_in_pprf_setup_bytes,76.97500000000001,76.97500000000001,177920,177920,177920,76161024,76161024,C++ RegularPprf setup harness using DefaultBaseOT.
2026-07-23T08:50:49.659370+00:00,b33a10fa7851ba0c3a26bea531ffb004f00d9365,VECTOR_PPRF,INCLUDING_OT,2305843009213693951,61,64,128,2,12,4096,64,64,32,9,0,OK,measured,PASS,2,2,2,0.0,included_in_pprf_setup_bytes,75.92699999999999,75.92699999999999,177920,177920,177920,76161024,76161024,C++ RegularPprf setup harness using DefaultBaseOT.
2026-07-23T08:50:49.739890+00:00,b33a10fa7851ba0c3a26bea531ffb004f00d9365,COORDINATE_PPRF,INCLUDING_OT,2305843009213693951,61,64,128,2,12,4096,64,64,32,-1,1,OK,measured,PASS,64,64,64,0.0,included_in_pprf_setup_bytes,2270.9,2270.9,1628720,1628720,1628720,76161024,76161024,C++ RegularPprf setup harness using DefaultBaseOT.
2026-07-23T08:50:52.015931+00:00,b33a10fa7851ba0c3a26bea531ffb004f00d9365,COORDINATE_PPRF,INCLUDING_OT,2305843009213693951,61,64,128,2,12,4096,64,64,32,0,0,OK,measured,PASS,64,64,64,0.0,included_in_pprf_setup_bytes,2319.7549999999997,2319.7549999999997,1628720,1628720,1628720,76161024,76161024,C++ RegularPprf setup harness using DefaultBaseOT.
2026-07-23T08:50:54.342644+00:00,b33a10fa7851ba0c3a26bea531ffb004f00d9365,COORDINATE_PPRF,INCLUDING_OT,2305843009213693951,61,64,128,2,12,4096,64,64,32,1,0,OK,measured,PASS,64,64,64,0.0,included_in_pprf_setup_bytes,2275.518,2275.518,1628720,1628720,1628720,76161024,76161024,C++ RegularPprf setup harness using DefaultBaseOT.
2026-07-23T08:50:56.624616+00:00,b33a10fa7851ba0c3a26bea531ffb004f00d9365,COORDINATE_PPRF,INCLUDING_OT,2305843009213693951,61,64,128,2,12,4096,64,64,32,2,0,OK,measured,PASS,64,64,64,0.0,included_in_pprf_setup_bytes,2282.6330000000003,2282.6330000000003,1628720,1628720,1628720,76161024,76161024,C++ RegularPprf setup harness using DefaultBaseOT.
2026-07-23T08:50:58.913889+00:00,b33a10fa7851ba0c3a26bea531ffb004f00d9365,COORDINATE_PPRF,INCLUDING_OT,2305843009213693951,61,64,128,2,12,4096,64,64,32,3,0,OK,measured,PASS,64,64,64,0.0,included_in_pprf_setup_bytes,2277.214,2277.214,1628720,1628720,1628720,76161024,76161024,C++ RegularPprf setup harness using DefaultBaseOT.
2026-07-23T08:51:01.197718+00:00,b33a10fa7851ba0c3a26bea531ffb004f00d9365,COORDINATE_PPRF,INCLUDING_OT,2305843009213693951,61,64,128,2,12,4096,64,64,32,4,0,OK,measured,PASS,64,64,64,0.0,included_in_pprf_setup_bytes,2324.83,2324.83,1628720,1628720,1628720,76161024,76161024,C++ RegularPprf setup harness using DefaultBaseOT.
2026-07-23T08:51:03.529085+00:00,b33a10fa7851ba0c3a26bea531ffb004f00d9365,COORDINATE_PPRF,INCLUDING_OT,2305843009213693951,61,64,128,2,12,4096,64,64,32,5,0,OK,measured,PASS,64,64,64,0.0,included_in_pprf_setup_bytes,2294.6049999999996,2294.6049999999996,1628720,1628720,1628720,76161024,76161024,C++ RegularPprf setup harness using DefaultBaseOT.
2026-07-23T08:51:05.830191+00:00,b33a10fa7851ba0c3a26bea531ffb004f00d9365,COORDINATE_PPRF,INCLUDING_OT,2305843009213693951,61,64,128,2,12,4096,64,64,32,6,0,OK,measured,PASS,64,64,64,0.0,included_in_pprf_setup_bytes,2325.781,2325.781,1628720,1628720,1628720,76161024,76161024,C++ RegularPprf setup harness using DefaultBaseOT.
2026-07-23T08:51:08.162361+00:00,b33a10fa7851ba0c3a26bea531ffb004f00d9365,COORDINATE_PPRF,INCLUDING_OT,2305843009213693951,61,64,128,2,12,4096,64,64,32,7,0,OK,measured,PASS,64,64,64,0.0,included_in_pprf_setup_bytes,2314.38,2314.38,1628720,1628720,1628720,76161024,76161024,C++ RegularPprf setup harness using DefaultBaseOT.
2026-07-23T08:51:10.483293+00:00,b33a10fa7851ba0c3a26bea531ffb004f00d9365,COORDINATE_PPRF,INCLUDING_OT,2305843009213693951,61,64,128,2,12,4096,64,64,32,8,0,OK,measured,PASS,64,64,64,0.0,included_in_pprf_setup_bytes,2288.6549999999997,2288.6549999999997,1628720,1628720,1628720,76161024,76161024,C++ RegularPprf setup harness using DefaultBaseOT.
2026-07-23T08:51:12.778523+00:00,b33a10fa7851ba0c3a26bea531ffb004f00d9365,COORDINATE_PPRF,INCLUDING_OT,2305843009213693951,61,64,128,2,12,4096,64,64,32,9,0,OK,measured,PASS,64,64,64,0.0,included_in_pprf_setup_bytes,2315.452,2315.452,1628720,1628720,1628720,76161024,76161024,C++ RegularPprf setup harness using DefaultBaseOT.
2026-07-23T08:51:15.100404+00:00,b33a10fa7851ba0c3a26bea531ffb004f00d9365,VECTOR_PPRF,INCLUDING_OT,2305843009213693951,61,64,128,2,14,16384,64,256,8,-1,1,OK,measured,PASS,2,2,2,0.0,included_in_pprf_setup_bytes,100.176,100.176,96512,96512,96512,76161024,76161024,C++ RegularPprf setup harness using DefaultBaseOT.
2026-07-23T08:51:15.206760+00:00,b33a10fa7851ba0c3a26bea531ffb004f00d9365,VECTOR_PPRF,INCLUDING_OT,2305843009213693951,61,64,128,2,14,16384,64,256,8,0,0,OK,measured,PASS,2,2,2,0.0,included_in_pprf_setup_bytes,100.48899999999999,100.48899999999999,96512,96512,96512,76161024,76161024,C++ RegularPprf setup harness using DefaultBaseOT.
2026-07-23T08:51:15.311938+00:00,b33a10fa7851ba0c3a26bea531ffb004f00d9365,VECTOR_PPRF,INCLUDING_OT,2305843009213693951,61,64,128,2,14,16384,64,256,8,1,0,OK,measured,PASS,2,2,2,0.0,included_in_pprf_setup_bytes,99.30600000000001,99.30600000000001,96512,96512,96512,76161024,76161024,C++ RegularPprf setup harness using DefaultBaseOT.
2026-07-23T08:51:15.415570+00:00,b33a10fa7851ba0c3a26bea531ffb004f00d9365,VECTOR_PPRF,INCLUDING_OT,2305843009213693951,61,64,128,2,14,16384,64,256,8,2,0,OK,measured,PASS,2,2,2,0.0,included_in_pprf_setup_bytes,101.14099999999999,101.14099999999999,96512,96512,96512,76161024,76161024,C++ RegularPprf setup harness using DefaultBaseOT.
2026-07-23T08:51:15.520821+00:00,b33a10fa7851ba0c3a26bea531ffb004f00d9365,VECTOR_PPRF,INCLUDING_OT,2305843009213693951,61,64,128,2,14,16384,64,256,8,3,0,OK,measured,PASS,2,2,2,0.0,included_in_pprf_setup_bytes,99.461,99.461,96512,96512,96512,76161024,76161024,C++ RegularPprf setup harness using DefaultBaseOT.
2026-07-23T08:51:15.624443+00:00,b33a10fa7851ba0c3a26bea531ffb004f00d9365,VECTOR_PPRF,INCLUDING_OT,2305843009213693951,61,64,128,2,14,16384,64,256,8,4,0,OK,measured,PASS,2,2,2,0.0,included_in_pprf_setup_bytes,100.941,100.941,96512,96512,96512,76161024,76161024,C++ RegularPprf setup harness using DefaultBaseOT.
2026-07-23T08:51:15.729375+00:00,b33a10fa7851ba0c3a26bea531ffb004f00d9365,VECTOR_PPRF,INCLUDING_OT,2305843009213693951,61,64,128,2,14,16384,64,256,8,5,0,OK,measured,PASS,2,2,2,0.0,included_in_pprf_setup_bytes,99.868,99.868,96512,96512,96512,76161024,76161024,C++ RegularPprf setup harness using DefaultBaseOT.
2026-07-23T08:51:15.833184+00:00,b33a10fa7851ba0c3a26bea531ffb004f00d9365,VECTOR_PPRF,INCLUDING_OT,2305843009213693951,61,64,128,2,14,16384,64,256,8,6,0,OK,measured,PASS,2,2,2,0.0,included_in_pprf_setup_bytes,100.584,100.584,96512,96512,96512,76161024,76161024,C++ RegularPprf setup harness using DefaultBaseOT.
2026-07-23T08:51:15.938091+00:00,b33a10fa7851ba0c3a26bea531ffb004f00d9365,VECTOR_PPRF,INCLUDING_OT,2305843009213693951,61,64,128,2,14,16384,64,256,8,7,0,OK,measured,PASS,2,2,2,0.0,included_in_pprf_setup_bytes,100.95899999999999,100.95899999999999,96512,96512,96512,76161024,76161024,C++ RegularPprf setup harness using DefaultBaseOT.
2026-07-23T08:51:16.043842+00:00,b33a10fa7851ba0c3a26bea531ffb004f00d9365,VECTOR_PPRF,INCLUDING_OT,2305843009213693951,61,64,128,2,14,16384,64,256,8,8,0,OK,measured,PASS,2,2,2,0.0,included_in_pprf_setup_bytes,100.55799999999999,100.55799999999999,96512,96512,96512,76161024,76161024,C++ RegularPprf setup harness using DefaultBaseOT.
2026-07-23T08:51:16.148925+00:00,b33a10fa7851ba0c3a26bea531ffb004f00d9365,VECTOR_PPRF,INCLUDING_OT,2305843009213693951,61,64,128,2,14,16384,64,256,8,9,0,OK,measured,PASS,2,2,2,0.0,included_in_pprf_setup_bytes,99.32199999999999,99.32199999999999,96512,96512,96512,76161024,76161024,C++ RegularPprf setup harness using DefaultBaseOT.
2026-07-23T08:51:16.252418+00:00,b33a10fa7851ba0c3a26bea531ffb004f00d9365,COORDINATE_PPRF,INCLUDING_OT,2305843009213693951,61,64,128,2,14,16384,64,256,8,-1,1,OK,measured,PASS,16,16,16,0.0,included_in_pprf_setup_bytes,763.681,763.681,542384,542384,542384,76161024,76161024,C++ RegularPprf setup harness using DefaultBaseOT.
2026-07-23T08:51:17.020465+00:00,b33a10fa7851ba0c3a26bea531ffb004f00d9365,COORDINATE_PPRF,INCLUDING_OT,2305843009213693951,61,64,128,2,14,16384,64,256,8,0,0,OK,measured,PASS,16,16,16,0.0,included_in_pprf_setup_bytes,759.328,759.328,542384,542384,542384,76161024,76161024,C++ RegularPprf setup harness using DefaultBaseOT.
2026-07-23T08:51:17.786198+00:00,b33a10fa7851ba0c3a26bea531ffb004f00d9365,COORDINATE_PPRF,INCLUDING_OT,2305843009213693951,61,64,128,2,14,16384,64,256,8,1,0,OK,measured,PASS,16,16,16,0.0,included_in_pprf_setup_bytes,770.178,770.178,542384,542384,542384,76161024,76161024,C++ RegularPprf setup harness using DefaultBaseOT.
2026-07-23T08:51:18.562702+00:00,b33a10fa7851ba0c3a26bea531ffb004f00d9365,COORDINATE_PPRF,INCLUDING_OT,2305843009213693951,61,64,128,2,14,16384,64,256,8,2,0,OK,measured,PASS,16,16,16,0.0,included_in_pprf_setup_bytes,772.6800000000001,772.6800000000001,542384,542384,542384,76161024,76161024,C++ RegularPprf setup harness using DefaultBaseOT.
2026-07-23T08:51:19.341451+00:00,b33a10fa7851ba0c3a26bea531ffb004f00d9365,COORDINATE_PPRF,INCLUDING_OT,2305843009213693951,61,64,128,2,14,16384,64,256,8,3,0,OK,measured,PASS,16,16,16,0.0,included_in_pprf_setup_bytes,765.929,765.929,542384,542384,542384,76161024,76161024,C++ RegularPprf setup harness using DefaultBaseOT.
2026-07-23T08:51:20.113737+00:00,b33a10fa7851ba0c3a26bea531ffb004f00d9365,COORDINATE_PPRF,INCLUDING_OT,2305843009213693951,61,64,128,2,14,16384,64,256,8,4,0,OK,measured,PASS,16,16,16,0.0,included_in_pprf_setup_bytes,771.282,771.282,542384,542384,542384,76161024,76161024,C++ RegularPprf setup harness using DefaultBaseOT.
2026-07-23T08:51:20.890948+00:00,b33a10fa7851ba0c3a26bea531ffb004f00d9365,COORDINATE_PPRF,INCLUDING_OT,2305843009213693951,61,64,128,2,14,16384,64,256,8,5,0,OK,measured,PASS,16,16,16,0.0,included_in_pprf_setup_bytes,761.9129999999999,761.9129999999999,542384,542384,542384,76161024,76161024,C++ RegularPprf setup harness using DefaultBaseOT.
2026-07-23T08:51:21.659077+00:00,b33a10fa7851ba0c3a26bea531ffb004f00d9365,COORDINATE_PPRF,INCLUDING_OT,2305843009213693951,61,64,128,2,14,16384,64,256,8,6,0,OK,measured,PASS,16,16,16,0.0,included_in_pprf_setup_bytes,771.676,771.676,542384,542384,542384,76161024,76161024,C++ RegularPprf setup harness using DefaultBaseOT.
2026-07-23T08:51:22.436517+00:00,b33a10fa7851ba0c3a26bea531ffb004f00d9365,COORDINATE_PPRF,INCLUDING_OT,2305843009213693951,61,64,128,2,14,16384,64,256,8,7,0,OK,measured,PASS,16,16,16,0.0,included_in_pprf_setup_bytes,760.199,760.199,542384,542384,542384,76161024,76161024,C++ RegularPprf setup harness using DefaultBaseOT.
2026-07-23T08:51:23.202984+00:00,b33a10fa7851ba0c3a26bea531ffb004f00d9365,COORDINATE_PPRF,INCLUDING_OT,2305843009213693951,61,64,128,2,14,16384,64,256,8,8,0,OK,measured,PASS,16,16,16,0.0,included_in_pprf_setup_bytes,771.057,771.057,542384,542384,542384,76161024,76161024,C++ RegularPprf setup harness using DefaultBaseOT.
2026-07-23T08:51:23.980092+00:00,b33a10fa7851ba0c3a26bea531ffb004f00d9365,COORDINATE_PPRF,INCLUDING_OT,2305843009213693951,61,64,128,2,14,16384,64,256,8,9,0,OK,measured,PASS,16,16,16,0.0,included_in_pprf_setup_bytes,761.197,761.197,542384,542384,542384,76161024,76161024,C++ RegularPprf setup harness using DefaultBaseOT.
2026-07-23T08:51:24.746740+00:00,b33a10fa7851ba0c3a26bea531ffb004f00d9365,VECTOR_PPRF,INCLUDING_OT,2305843009213693951,61,64,128,2,14,16384,64,256,16,-1,1,OK,measured,PASS,2,2,2,0.0,included_in_pprf_setup_bytes,105.89,105.89,129280,129280,129280,76161024,76161024,C++ RegularPprf setup harness using DefaultBaseOT.
2026-07-23T08:51:24.857929+00:00,b33a10fa7851ba0c3a26bea531ffb004f00d9365,VECTOR_PPRF,INCLUDING_OT,2305843009213693951,61,64,128,2,14,16384,64,256,16,0,0,OK,measured,PASS,2,2,2,0.0,included_in_pprf_setup_bytes,106.07600000000001,106.07600000000001,129280,129280,129280,76161024,76161024,C++ RegularPprf setup harness using DefaultBaseOT.
2026-07-23T08:51:24.968823+00:00,b33a10fa7851ba0c3a26bea531ffb004f00d9365,VECTOR_PPRF,INCLUDING_OT,2305843009213693951,61,64,128,2,14,16384,64,256,16,1,0,OK,measured,PASS,2,2,2,0.0,included_in_pprf_setup_bytes,105.546,105.546,129280,129280,129280,76161024,76161024,C++ RegularPprf setup harness using DefaultBaseOT.
2026-07-23T08:51:25.078797+00:00,b33a10fa7851ba0c3a26bea531ffb004f00d9365,VECTOR_PPRF,INCLUDING_OT,2305843009213693951,61,64,128,2,14,16384,64,256,16,2,0,OK,measured,PASS,2,2,2,0.0,included_in_pprf_setup_bytes,105.122,105.122,129280,129280,129280,76161024,76161024,C++ RegularPprf setup harness using DefaultBaseOT.
2026-07-23T08:51:25.187937+00:00,b33a10fa7851ba0c3a26bea531ffb004f00d9365,VECTOR_PPRF,INCLUDING_OT,2305843009213693951,61,64,128,2,14,16384,64,256,16,3,0,OK,measured,PASS,2,2,2,0.0,included_in_pprf_setup_bytes,105.537,105.537,129280,129280,129280,76161024,76161024,C++ RegularPprf setup harness using DefaultBaseOT.
2026-07-23T08:51:25.297605+00:00,b33a10fa7851ba0c3a26bea531ffb004f00d9365,VECTOR_PPRF,INCLUDING_OT,2305843009213693951,61,64,128,2,14,16384,64,256,16,4,0,OK,measured,PASS,2,2,2,0.0,included_in_pprf_setup_bytes,104.827,104.827,129280,129280,129280,76161024,76161024,C++ RegularPprf setup harness using DefaultBaseOT.
2026-07-23T08:51:25.406474+00:00,b33a10fa7851ba0c3a26bea531ffb004f00d9365,VECTOR_PPRF,INCLUDING_OT,2305843009213693951,61,64,128,2,14,16384,64,256,16,5,0,OK,measured,PASS,2,2,2,0.0,included_in_pprf_setup_bytes,104.53,104.53,129280,129280,129280,76161024,76161024,C++ RegularPprf setup harness using DefaultBaseOT.
2026-07-23T08:51:25.514931+00:00,b33a10fa7851ba0c3a26bea531ffb004f00d9365,VECTOR_PPRF,INCLUDING_OT,2305843009213693951,61,64,128,2,14,16384,64,256,16,6,0,OK,measured,PASS,2,2,2,0.0,included_in_pprf_setup_bytes,104.48599999999999,104.48599999999999,129280,129280,129280,76161024,76161024,C++ RegularPprf setup harness using DefaultBaseOT.
2026-07-23T08:51:25.623653+00:00,b33a10fa7851ba0c3a26bea531ffb004f00d9365,VECTOR_PPRF,INCLUDING_OT,2305843009213693951,61,64,128,2,14,16384,64,256,16,7,0,OK,measured,PASS,2,2,2,0.0,included_in_pprf_setup_bytes,104.703,104.703,129280,129280,129280,76161024,76161024,C++ RegularPprf setup harness using DefaultBaseOT.
2026-07-23T08:51:25.732639+00:00,b33a10fa7851ba0c3a26bea531ffb004f00d9365,VECTOR_PPRF,INCLUDING_OT,2305843009213693951,61,64,128,2,14,16384,64,256,16,8,0,OK,measured,PASS,2,2,2,0.0,included_in_pprf_setup_bytes,104.105,104.105,129280,129280,129280,76161024,76161024,C++ RegularPprf setup harness using DefaultBaseOT.
2026-07-23T08:51:25.840960+00:00,b33a10fa7851ba0c3a26bea531ffb004f00d9365,VECTOR_PPRF,INCLUDING_OT,2305843009213693951,61,64,128,2,14,16384,64,256,16,9,0,OK,measured,PASS,2,2,2,0.0,included_in_pprf_setup_bytes,105.01,105.01,129280,129280,129280,76161024,76161024,C++ RegularPprf setup harness using DefaultBaseOT.
2026-07-23T08:51:25.950336+00:00,b33a10fa7851ba0c3a26bea531ffb004f00d9365,COORDINATE_PPRF,INCLUDING_OT,2305843009213693951,61,64,128,2,14,16384,64,256,16,-1,1,OK,measured,PASS,32,32,32,0.0,included_in_pprf_setup_bytes,1547.0790000000002,1547.0790000000002,1084720,1084720,1084720,76161024,76161024,C++ RegularPprf setup harness using DefaultBaseOT.
2026-07-23T08:51:27.502557+00:00,b33a10fa7851ba0c3a26bea531ffb004f00d9365,COORDINATE_PPRF,INCLUDING_OT,2305843009213693951,61,64,128,2,14,16384,64,256,16,0,0,OK,measured,PASS,32,32,32,0.0,included_in_pprf_setup_bytes,1528.515,1528.515,1084720,1084720,1084720,76161024,76161024,C++ RegularPprf setup harness using DefaultBaseOT.
2026-07-23T08:51:29.037579+00:00,b33a10fa7851ba0c3a26bea531ffb004f00d9365,COORDINATE_PPRF,INCLUDING_OT,2305843009213693951,61,64,128,2,14,16384,64,256,16,1,0,OK,measured,PASS,32,32,32,0.0,included_in_pprf_setup_bytes,1524.8999999999999,1524.8999999999999,1084720,1084720,1084720,76161024,76161024,C++ RegularPprf setup harness using DefaultBaseOT.
2026-07-23T08:51:30.568955+00:00,b33a10fa7851ba0c3a26bea531ffb004f00d9365,COORDINATE_PPRF,INCLUDING_OT,2305843009213693951,61,64,128,2,14,16384,64,256,16,2,0,OK,measured,PASS,32,32,32,0.0,included_in_pprf_setup_bytes,1533.066,1533.066,1084720,1084720,1084720,76161024,76161024,C++ RegularPprf setup harness using DefaultBaseOT.
2026-07-23T08:51:32.108532+00:00,b33a10fa7851ba0c3a26bea531ffb004f00d9365,COORDINATE_PPRF,INCLUDING_OT,2305843009213693951,61,64,128,2,14,16384,64,256,16,3,0,OK,measured,PASS,32,32,32,0.0,included_in_pprf_setup_bytes,1539.525,1539.525,1084720,1084720,1084720,76161024,76161024,C++ RegularPprf setup harness using DefaultBaseOT.
2026-07-23T08:51:33.654037+00:00,b33a10fa7851ba0c3a26bea531ffb004f00d9365,COORDINATE_PPRF,INCLUDING_OT,2305843009213693951,61,64,128,2,14,16384,64,256,16,4,0,OK,measured,PASS,32,32,32,0.0,included_in_pprf_setup_bytes,1514.8539999999998,1514.8539999999998,1084720,1084720,1084720,76161024,76161024,C++ RegularPprf setup harness using DefaultBaseOT.
2026-07-23T08:51:35.174734+00:00,b33a10fa7851ba0c3a26bea531ffb004f00d9365,COORDINATE_PPRF,INCLUDING_OT,2305843009213693951,61,64,128,2,14,16384,64,256,16,5,0,OK,measured,PASS,32,32,32,0.0,included_in_pprf_setup_bytes,1534.335,1534.335,1084720,1084720,1084720,76161024,76161024,C++ RegularPprf setup harness using DefaultBaseOT.
2026-07-23T08:51:36.714878+00:00,b33a10fa7851ba0c3a26bea531ffb004f00d9365,COORDINATE_PPRF,INCLUDING_OT,2305843009213693951,61,64,128,2,14,16384,64,256,16,6,0,OK,measured,PASS,32,32,32,0.0,included_in_pprf_setup_bytes,1531.433,1531.433,1084720,1084720,1084720,76161024,76161024,C++ RegularPprf setup harness using DefaultBaseOT.
2026-07-23T08:51:38.252203+00:00,b33a10fa7851ba0c3a26bea531ffb004f00d9365,COORDINATE_PPRF,INCLUDING_OT,2305843009213693951,61,64,128,2,14,16384,64,256,16,7,0,OK,measured,PASS,32,32,32,0.0,included_in_pprf_setup_bytes,1514.126,1514.126,1084720,1084720,1084720,76161024,76161024,C++ RegularPprf setup harness using DefaultBaseOT.
2026-07-23T08:51:39.772095+00:00,b33a10fa7851ba0c3a26bea531ffb004f00d9365,COORDINATE_PPRF,INCLUDING_OT,2305843009213693951,61,64,128,2,14,16384,64,256,16,8,0,OK,measured,PASS,32,32,32,0.0,included_in_pprf_setup_bytes,1514.787,1514.787,1084720,1084720,1084720,76161024,76161024,C++ RegularPprf setup harness using DefaultBaseOT.
2026-07-23T08:51:41.292636+00:00,b33a10fa7851ba0c3a26bea531ffb004f00d9365,COORDINATE_PPRF,INCLUDING_OT,2305843009213693951,61,64,128,2,14,16384,64,256,16,9,0,OK,measured,PASS,32,32,32,0.0,included_in_pprf_setup_bytes,1504.625,1504.625,1084720,1084720,1084720,76161024,76161024,C++ RegularPprf setup harness using DefaultBaseOT.
2026-07-23T08:51:42.802982+00:00,b33a10fa7851ba0c3a26bea531ffb004f00d9365,VECTOR_PPRF,INCLUDING_OT,2305843009213693951,61,64,128,2,14,16384,64,256,32,-1,1,OK,measured,PASS,2,2,2,0.0,included_in_pprf_setup_bytes,113.69500000000001,113.69500000000001,194816,194816,194816,76161024,76161024,C++ RegularPprf setup harness using DefaultBaseOT.
2026-07-23T08:51:42.922900+00:00,b33a10fa7851ba0c3a26bea531ffb004f00d9365,VECTOR_PPRF,INCLUDING_OT,2305843009213693951,61,64,128,2,14,16384,64,256,32,0,0,OK,measured,PASS,2,2,2,0.0,included_in_pprf_setup_bytes,111.539,111.539,194816,194816,194816,76161024,76161024,C++ RegularPprf setup harness using DefaultBaseOT.
2026-07-23T08:51:43.039569+00:00,b33a10fa7851ba0c3a26bea531ffb004f00d9365,VECTOR_PPRF,INCLUDING_OT,2305843009213693951,61,64,128,2,14,16384,64,256,32,1,0,OK,measured,PASS,2,2,2,0.0,included_in_pprf_setup_bytes,112.118,112.118,194816,194816,194816,76161024,76161024,C++ RegularPprf setup harness using DefaultBaseOT.
2026-07-23T08:51:43.156547+00:00,b33a10fa7851ba0c3a26bea531ffb004f00d9365,VECTOR_PPRF,INCLUDING_OT,2305843009213693951,61,64,128,2,14,16384,64,256,32,2,0,OK,measured,PASS,2,2,2,0.0,included_in_pprf_setup_bytes,113.101,113.101,194816,194816,194816,76161024,76161024,C++ RegularPprf setup harness using DefaultBaseOT.
2026-07-23T08:51:43.274432+00:00,b33a10fa7851ba0c3a26bea531ffb004f00d9365,VECTOR_PPRF,INCLUDING_OT,2305843009213693951,61,64,128,2,14,16384,64,256,32,3,0,OK,measured,PASS,2,2,2,0.0,included_in_pprf_setup_bytes,111.872,111.872,194816,194816,194816,76161024,76161024,C++ RegularPprf setup harness using DefaultBaseOT.
2026-07-23T08:51:43.391205+00:00,b33a10fa7851ba0c3a26bea531ffb004f00d9365,VECTOR_PPRF,INCLUDING_OT,2305843009213693951,61,64,128,2,14,16384,64,256,32,4,0,OK,measured,PASS,2,2,2,0.0,included_in_pprf_setup_bytes,112.266,112.266,194816,194816,194816,76161024,76161024,C++ RegularPprf setup harness using DefaultBaseOT.
2026-07-23T08:51:43.508614+00:00,b33a10fa7851ba0c3a26bea531ffb004f00d9365,VECTOR_PPRF,INCLUDING_OT,2305843009213693951,61,64,128,2,14,16384,64,256,32,5,0,OK,measured,PASS,2,2,2,0.0,included_in_pprf_setup_bytes,111.81099999999999,111.81099999999999,194816,194816,194816,76161024,76161024,C++ RegularPprf setup harness using DefaultBaseOT.
2026-07-23T08:51:43.625265+00:00,b33a10fa7851ba0c3a26bea531ffb004f00d9365,VECTOR_PPRF,INCLUDING_OT,2305843009213693951,61,64,128,2,14,16384,64,256,32,6,0,OK,measured,PASS,2,2,2,0.0,included_in_pprf_setup_bytes,111.682,111.682,194816,194816,194816,76161024,76161024,C++ RegularPprf setup harness using DefaultBaseOT.
2026-07-23T08:51:43.741703+00:00,b33a10fa7851ba0c3a26bea531ffb004f00d9365,VECTOR_PPRF,INCLUDING_OT,2305843009213693951,61,64,128,2,14,16384,64,256,32,7,0,OK,measured,PASS,2,2,2,0.0,included_in_pprf_setup_bytes,111.979,111.979,194816,194816,194816,76161024,76161024,C++ RegularPprf setup harness using DefaultBaseOT.
2026-07-23T08:51:43.858358+00:00,b33a10fa7851ba0c3a26bea531ffb004f00d9365,VECTOR_PPRF,INCLUDING_OT,2305843009213693951,61,64,128,2,14,16384,64,256,32,8,0,OK,measured,PASS,2,2,2,0.0,included_in_pprf_setup_bytes,112.89,112.89,194816,194816,194816,76161024,76161024,C++ RegularPprf setup harness using DefaultBaseOT.
2026-07-23T08:51:43.975715+00:00,b33a10fa7851ba0c3a26bea531ffb004f00d9365,VECTOR_PPRF,INCLUDING_OT,2305843009213693951,61,64,128,2,14,16384,64,256,32,9,0,OK,measured,PASS,2,2,2,0.0,included_in_pprf_setup_bytes,113.135,113.135,194816,194816,194816,76161024,76161024,C++ RegularPprf setup harness using DefaultBaseOT.
2026-07-23T08:51:44.093487+00:00,b33a10fa7851ba0c3a26bea531ffb004f00d9365,COORDINATE_PPRF,INCLUDING_OT,2305843009213693951,61,64,128,2,14,16384,64,256,32,-1,1,OK,measured,PASS,64,64,64,0.0,included_in_pprf_setup_bytes,3040.4339999999997,3040.4339999999997,2169392,2169392,2169392,76161024,76161024,C++ RegularPprf setup harness using DefaultBaseOT.
2026-07-23T08:51:47.138398+00:00,b33a10fa7851ba0c3a26bea531ffb004f00d9365,COORDINATE_PPRF,INCLUDING_OT,2305843009213693951,61,64,128,2,14,16384,64,256,32,0,0,OK,measured,PASS,64,64,64,0.0,included_in_pprf_setup_bytes,3062.78,3062.78,2169392,2169392,2169392,76161024,76161024,C++ RegularPprf setup harness using DefaultBaseOT.
2026-07-23T08:51:50.207019+00:00,b33a10fa7851ba0c3a26bea531ffb004f00d9365,COORDINATE_PPRF,INCLUDING_OT,2305843009213693951,61,64,128,2,14,16384,64,256,32,1,0,OK,measured,PASS,64,64,64,0.0,included_in_pprf_setup_bytes,3025.553,3025.553,2169392,2169392,2169392,76161024,76161024,C++ RegularPprf setup harness using DefaultBaseOT.
2026-07-23T08:51:53.238353+00:00,b33a10fa7851ba0c3a26bea531ffb004f00d9365,COORDINATE_PPRF,INCLUDING_OT,2305843009213693951,61,64,128,2,14,16384,64,256,32,2,0,OK,measured,PASS,64,64,64,0.0,included_in_pprf_setup_bytes,3024.306,3024.306,2169392,2169392,2169392,76161024,76161024,C++ RegularPprf setup harness using DefaultBaseOT.
2026-07-23T08:51:56.268976+00:00,b33a10fa7851ba0c3a26bea531ffb004f00d9365,COORDINATE_PPRF,INCLUDING_OT,2305843009213693951,61,64,128,2,14,16384,64,256,32,3,0,OK,measured,PASS,64,64,64,0.0,included_in_pprf_setup_bytes,3028.4080000000004,3028.4080000000004,2169392,2169392,2169392,76161024,76161024,C++ RegularPprf setup harness using DefaultBaseOT.
2026-07-23T08:51:59.303219+00:00,b33a10fa7851ba0c3a26bea531ffb004f00d9365,COORDINATE_PPRF,INCLUDING_OT,2305843009213693951,61,64,128,2,14,16384,64,256,32,4,0,OK,measured,PASS,64,64,64,0.0,included_in_pprf_setup_bytes,3031.225,3031.225,2169392,2169392,2169392,76161024,76161024,C++ RegularPprf setup harness using DefaultBaseOT.
2026-07-23T08:52:02.340247+00:00,b33a10fa7851ba0c3a26bea531ffb004f00d9365,COORDINATE_PPRF,INCLUDING_OT,2305843009213693951,61,64,128,2,14,16384,64,256,32,5,0,OK,measured,PASS,64,64,64,0.0,included_in_pprf_setup_bytes,3028.244,3028.244,2169392,2169392,2169392,76161024,76161024,C++ RegularPprf setup harness using DefaultBaseOT.
2026-07-23T08:52:05.374263+00:00,b33a10fa7851ba0c3a26bea531ffb004f00d9365,COORDINATE_PPRF,INCLUDING_OT,2305843009213693951,61,64,128,2,14,16384,64,256,32,6,0,OK,measured,PASS,64,64,64,0.0,included_in_pprf_setup_bytes,3032.83,3032.83,2169392,2169392,2169392,76161024,76161024,C++ RegularPprf setup harness using DefaultBaseOT.
2026-07-23T08:52:08.413042+00:00,b33a10fa7851ba0c3a26bea531ffb004f00d9365,COORDINATE_PPRF,INCLUDING_OT,2305843009213693951,61,64,128,2,14,16384,64,256,32,7,0,OK,measured,PASS,64,64,64,0.0,included_in_pprf_setup_bytes,3029.6259999999997,3029.6259999999997,2169392,2169392,2169392,76161024,76161024,C++ RegularPprf setup harness using DefaultBaseOT.
2026-07-23T08:52:11.448615+00:00,b33a10fa7851ba0c3a26bea531ffb004f00d9365,COORDINATE_PPRF,INCLUDING_OT,2305843009213693951,61,64,128,2,14,16384,64,256,32,8,0,OK,measured,PASS,64,64,64,0.0,included_in_pprf_setup_bytes,3029.153,3029.153,2169392,2169392,2169392,76161024,76161024,C++ RegularPprf setup harness using DefaultBaseOT.
2026-07-23T08:52:14.483627+00:00,b33a10fa7851ba0c3a26bea531ffb004f00d9365,COORDINATE_PPRF,INCLUDING_OT,2305843009213693951,61,64,128,2,14,16384,64,256,32,9,0,OK,measured,PASS,64,64,64,0.0,included_in_pprf_setup_bytes,3030.455,3030.455,2169392,2169392,2169392,76161024,76161024,C++ RegularPprf setup harness using DefaultBaseOT.
2026-07-23T08:52:17.520037+00:00,b33a10fa7851ba0c3a26bea531ffb004f00d9365,VECTOR_PPRF,INCLUDING_OT,2305843009213693951,61,64,128,2,16,65536,64,1024,8,-1,1,OK,measured,PASS,2,2,2,0.0,included_in_pprf_setup_bytes,138.964,138.964,113408,113408,113408,76161024,76161024,C++ RegularPprf setup harness using DefaultBaseOT.
2026-07-23T08:52:17.665260+00:00,b33a10fa7851ba0c3a26bea531ffb004f00d9365,VECTOR_PPRF,INCLUDING_OT,2305843009213693951,61,64,128,2,16,65536,64,1024,8,0,0,OK,measured,PASS,2,2,2,0.0,included_in_pprf_setup_bytes,138.843,138.843,113408,113408,113408,76161024,76161024,C++ RegularPprf setup harness using DefaultBaseOT.
2026-07-23T08:52:17.809729+00:00,b33a10fa7851ba0c3a26bea531ffb004f00d9365,VECTOR_PPRF,INCLUDING_OT,2305843009213693951,61,64,128,2,16,65536,64,1024,8,1,0,OK,measured,PASS,2,2,2,0.0,included_in_pprf_setup_bytes,138.373,138.373,113408,113408,113408,76161024,76161024,C++ RegularPprf setup harness using DefaultBaseOT.
2026-07-23T08:52:17.953651+00:00,b33a10fa7851ba0c3a26bea531ffb004f00d9365,VECTOR_PPRF,INCLUDING_OT,2305843009213693951,61,64,128,2,16,65536,64,1024,8,2,0,OK,measured,PASS,2,2,2,0.0,included_in_pprf_setup_bytes,138.495,138.495,113408,113408,113408,76161024,76161024,C++ RegularPprf setup harness using DefaultBaseOT.
2026-07-23T08:52:18.097541+00:00,b33a10fa7851ba0c3a26bea531ffb004f00d9365,VECTOR_PPRF,INCLUDING_OT,2305843009213693951,61,64,128,2,16,65536,64,1024,8,3,0,OK,measured,PASS,2,2,2,0.0,included_in_pprf_setup_bytes,139.59099999999998,139.59099999999998,113408,113408,113408,76161024,76161024,C++ RegularPprf setup harness using DefaultBaseOT.
2026-07-23T08:52:18.242903+00:00,b33a10fa7851ba0c3a26bea531ffb004f00d9365,VECTOR_PPRF,INCLUDING_OT,2305843009213693951,61,64,128,2,16,65536,64,1024,8,4,0,OK,measured,PASS,2,2,2,0.0,included_in_pprf_setup_bytes,140.631,140.631,113408,113408,113408,76161024,76161024,C++ RegularPprf setup harness using DefaultBaseOT.
2026-07-23T08:52:18.390446+00:00,b33a10fa7851ba0c3a26bea531ffb004f00d9365,VECTOR_PPRF,INCLUDING_OT,2305843009213693951,61,64,128,2,16,65536,64,1024,8,5,0,OK,measured,PASS,2,2,2,0.0,included_in_pprf_setup_bytes,141.184,141.184,113408,113408,113408,76161024,76161024,C++ RegularPprf setup harness using DefaultBaseOT.
2026-07-23T08:52:18.537623+00:00,b33a10fa7851ba0c3a26bea531ffb004f00d9365,VECTOR_PPRF,INCLUDING_OT,2305843009213693951,61,64,128,2,16,65536,64,1024,8,6,0,OK,measured,PASS,2,2,2,0.0,included_in_pprf_setup_bytes,140.7,140.7,113408,113408,113408,76161024,76161024,C++ RegularPprf setup harness using DefaultBaseOT.
2026-07-23T08:52:18.684637+00:00,b33a10fa7851ba0c3a26bea531ffb004f00d9365,VECTOR_PPRF,INCLUDING_OT,2305843009213693951,61,64,128,2,16,65536,64,1024,8,7,0,OK,measured,PASS,2,2,2,0.0,included_in_pprf_setup_bytes,138.96,138.96,113408,113408,113408,76161024,76161024,C++ RegularPprf setup harness using DefaultBaseOT.
2026-07-23T08:52:18.830679+00:00,b33a10fa7851ba0c3a26bea531ffb004f00d9365,VECTOR_PPRF,INCLUDING_OT,2305843009213693951,61,64,128,2,16,65536,64,1024,8,8,0,OK,measured,PASS,2,2,2,0.0,included_in_pprf_setup_bytes,140.486,140.486,113408,113408,113408,76161024,76161024,C++ RegularPprf setup harness using DefaultBaseOT.
2026-07-23T08:52:18.977740+00:00,b33a10fa7851ba0c3a26bea531ffb004f00d9365,VECTOR_PPRF,INCLUDING_OT,2305843009213693951,61,64,128,2,16,65536,64,1024,8,9,0,OK,measured,PASS,2,2,2,0.0,included_in_pprf_setup_bytes,139.276,139.276,113408,113408,113408,76161024,76161024,C++ RegularPprf setup harness using DefaultBaseOT.
2026-07-23T08:52:19.123228+00:00,b33a10fa7851ba0c3a26bea531ffb004f00d9365,COORDINATE_PPRF,INCLUDING_OT,2305843009213693951,61,64,128,2,16,65536,64,1024,8,-1,1,OK,measured,PASS,16,16,16,0.0,included_in_pprf_setup_bytes,965.788,965.788,677552,677552,677552,76161024,76161024,C++ RegularPprf setup harness using DefaultBaseOT.
2026-07-23T08:52:20.095409+00:00,b33a10fa7851ba0c3a26bea531ffb004f00d9365,COORDINATE_PPRF,INCLUDING_OT,2305843009213693951,61,64,128,2,16,65536,64,1024,8,0,0,OK,measured,PASS,16,16,16,0.0,included_in_pprf_setup_bytes,964.4979999999999,964.4979999999999,677552,677552,677552,76161024,76161024,C++ RegularPprf setup harness using DefaultBaseOT.
2026-07-23T08:52:21.066406+00:00,b33a10fa7851ba0c3a26bea531ffb004f00d9365,COORDINATE_PPRF,INCLUDING_OT,2305843009213693951,61,64,128,2,16,65536,64,1024,8,1,0,OK,measured,PASS,16,16,16,0.0,included_in_pprf_setup_bytes,965.4580000000001,965.4580000000001,677552,677552,677552,76161024,76161024,C++ RegularPprf setup harness using DefaultBaseOT.
2026-07-23T08:52:22.038369+00:00,b33a10fa7851ba0c3a26bea531ffb004f00d9365,COORDINATE_PPRF,INCLUDING_OT,2305843009213693951,61,64,128,2,16,65536,64,1024,8,2,0,OK,measured,PASS,16,16,16,0.0,included_in_pprf_setup_bytes,977.117,977.117,677552,677552,677552,76161024,76161024,C++ RegularPprf setup harness using DefaultBaseOT.
2026-07-23T08:52:23.022085+00:00,b33a10fa7851ba0c3a26bea531ffb004f00d9365,COORDINATE_PPRF,INCLUDING_OT,2305843009213693951,61,64,128,2,16,65536,64,1024,8,3,0,OK,measured,PASS,16,16,16,0.0,included_in_pprf_setup_bytes,959.823,959.823,677552,677552,677552,76161024,76161024,C++ RegularPprf setup harness using DefaultBaseOT.
2026-07-23T08:52:23.988422+00:00,b33a10fa7851ba0c3a26bea531ffb004f00d9365,COORDINATE_PPRF,INCLUDING_OT,2305843009213693951,61,64,128,2,16,65536,64,1024,8,4,0,OK,measured,PASS,16,16,16,0.0,included_in_pprf_setup_bytes,968.524,968.524,677552,677552,677552,76161024,76161024,C++ RegularPprf setup harness using DefaultBaseOT.
2026-07-23T08:52:24.963440+00:00,b33a10fa7851ba0c3a26bea531ffb004f00d9365,COORDINATE_PPRF,INCLUDING_OT,2305843009213693951,61,64,128,2,16,65536,64,1024,8,5,0,OK,measured,PASS,16,16,16,0.0,included_in_pprf_setup_bytes,956.8919999999999,956.8919999999999,677552,677552,677552,76161024,76161024,C++ RegularPprf setup harness using DefaultBaseOT.
2026-07-23T08:52:25.926918+00:00,b33a10fa7851ba0c3a26bea531ffb004f00d9365,COORDINATE_PPRF,INCLUDING_OT,2305843009213693951,61,64,128,2,16,65536,64,1024,8,6,0,OK,measured,PASS,16,16,16,0.0,included_in_pprf_setup_bytes,968.394,968.394,677552,677552,677552,76161024,76161024,C++ RegularPprf setup harness using DefaultBaseOT.
2026-07-23T08:52:26.901899+00:00,b33a10fa7851ba0c3a26bea531ffb004f00d9365,COORDINATE_PPRF,INCLUDING_OT,2305843009213693951,61,64,128,2,16,65536,64,1024,8,7,0,OK,measured,PASS,16,16,16,0.0,included_in_pprf_setup_bytes,963.799,963.799,677552,677552,677552,76161024,76161024,C++ RegularPprf setup harness using DefaultBaseOT.
2026-07-23T08:52:27.872289+00:00,b33a10fa7851ba0c3a26bea531ffb004f00d9365,COORDINATE_PPRF,INCLUDING_OT,2305843009213693951,61,64,128,2,16,65536,64,1024,8,8,0,OK,measured,PASS,16,16,16,0.0,included_in_pprf_setup_bytes,957.936,957.936,677552,677552,677552,76161024,76161024,C++ RegularPprf setup harness using DefaultBaseOT.
2026-07-23T08:52:28.836602+00:00,b33a10fa7851ba0c3a26bea531ffb004f00d9365,COORDINATE_PPRF,INCLUDING_OT,2305843009213693951,61,64,128,2,16,65536,64,1024,8,9,0,OK,measured,PASS,16,16,16,0.0,included_in_pprf_setup_bytes,964.902,964.902,677552,677552,677552,76161024,76161024,C++ RegularPprf setup harness using DefaultBaseOT.
2026-07-23T08:52:29.807861+00:00,b33a10fa7851ba0c3a26bea531ffb004f00d9365,VECTOR_PPRF,INCLUDING_OT,2305843009213693951,61,64,128,2,16,65536,64,1024,16,-1,1,OK,measured,PASS,2,2,2,0.0,included_in_pprf_setup_bytes,160.36800000000002,160.36800000000002,146176,146176,146176,76161024,76161024,C++ RegularPprf setup harness using DefaultBaseOT.
2026-07-23T08:52:29.976146+00:00,b33a10fa7851ba0c3a26bea531ffb004f00d9365,VECTOR_PPRF,INCLUDING_OT,2305843009213693951,61,64,128,2,16,65536,64,1024,16,0,0,OK,measured,PASS,2,2,2,0.0,included_in_pprf_setup_bytes,159.744,159.744,146176,146176,146176,76161024,76161024,C++ RegularPprf setup harness using DefaultBaseOT.
2026-07-23T08:52:30.143674+00:00,b33a10fa7851ba0c3a26bea531ffb004f00d9365,VECTOR_PPRF,INCLUDING_OT,2305843009213693951,61,64,128,2,16,65536,64,1024,16,1,0,OK,measured,PASS,2,2,2,0.0,included_in_pprf_setup_bytes,156.59,156.59,146176,146176,146176,76161024,76161024,C++ RegularPprf setup harness using DefaultBaseOT.
2026-07-23T08:52:30.307896+00:00,b33a10fa7851ba0c3a26bea531ffb004f00d9365,VECTOR_PPRF,INCLUDING_OT,2305843009213693951,61,64,128,2,16,65536,64,1024,16,2,0,OK,measured,PASS,2,2,2,0.0,included_in_pprf_setup_bytes,157.33700000000002,157.33700000000002,146176,146176,146176,76161024,76161024,C++ RegularPprf setup harness using DefaultBaseOT.
2026-07-23T08:52:30.472442+00:00,b33a10fa7851ba0c3a26bea531ffb004f00d9365,VECTOR_PPRF,INCLUDING_OT,2305843009213693951,61,64,128,2,16,65536,64,1024,16,3,0,OK,measured,PASS,2,2,2,0.0,included_in_pprf_setup_bytes,156.722,156.722,146176,146176,146176,76161024,76161024,C++ RegularPprf setup harness using DefaultBaseOT.
2026-07-23T08:52:30.636481+00:00,b33a10fa7851ba0c3a26bea531ffb004f00d9365,VECTOR_PPRF,INCLUDING_OT,2305843009213693951,61,64,128,2,16,65536,64,1024,16,4,0,OK,measured,PASS,2,2,2,0.0,included_in_pprf_setup_bytes,156.54399999999998,156.54399999999998,146176,146176,146176,76161024,76161024,C++ RegularPprf setup harness using DefaultBaseOT.
2026-07-23T08:52:30.800341+00:00,b33a10fa7851ba0c3a26bea531ffb004f00d9365,VECTOR_PPRF,INCLUDING_OT,2305843009213693951,61,64,128,2,16,65536,64,1024,16,5,0,OK,measured,PASS,2,2,2,0.0,included_in_pprf_setup_bytes,155.796,155.796,146176,146176,146176,76161024,76161024,C++ RegularPprf setup harness using DefaultBaseOT.
2026-07-23T08:52:30.963217+00:00,b33a10fa7851ba0c3a26bea531ffb004f00d9365,VECTOR_PPRF,INCLUDING_OT,2305843009213693951,61,64,128,2,16,65536,64,1024,16,6,0,OK,measured,PASS,2,2,2,0.0,included_in_pprf_setup_bytes,156.786,156.786,146176,146176,146176,76161024,76161024,C++ RegularPprf setup harness using DefaultBaseOT.
2026-07-23T08:52:31.126971+00:00,b33a10fa7851ba0c3a26bea531ffb004f00d9365,VECTOR_PPRF,INCLUDING_OT,2305843009213693951,61,64,128,2,16,65536,64,1024,16,7,0,OK,measured,PASS,2,2,2,0.0,included_in_pprf_setup_bytes,155.447,155.447,146176,146176,146176,76161024,76161024,C++ RegularPprf setup harness using DefaultBaseOT.
2026-07-23T08:52:31.289277+00:00,b33a10fa7851ba0c3a26bea531ffb004f00d9365,VECTOR_PPRF,INCLUDING_OT,2305843009213693951,61,64,128,2,16,65536,64,1024,16,8,0,OK,measured,PASS,2,2,2,0.0,included_in_pprf_setup_bytes,161.573,161.573,146176,146176,146176,76161024,76161024,C++ RegularPprf setup harness using DefaultBaseOT.
2026-07-23T08:52:31.457985+00:00,b33a10fa7851ba0c3a26bea531ffb004f00d9365,VECTOR_PPRF,INCLUDING_OT,2305843009213693951,61,64,128,2,16,65536,64,1024,16,9,0,OK,measured,PASS,2,2,2,0.0,included_in_pprf_setup_bytes,161.522,161.522,146176,146176,146176,76161024,76161024,C++ RegularPprf setup harness using DefaultBaseOT.
2026-07-23T08:52:31.627518+00:00,b33a10fa7851ba0c3a26bea531ffb004f00d9365,COORDINATE_PPRF,INCLUDING_OT,2305843009213693951,61,64,128,2,16,65536,64,1024,16,-1,1,OK,measured,PASS,32,32,32,0.0,included_in_pprf_setup_bytes,1911.557,1911.557,1355056,1355056,1355056,76161024,76161024,C++ RegularPprf setup harness using DefaultBaseOT.
2026-07-23T08:52:33.545589+00:00,b33a10fa7851ba0c3a26bea531ffb004f00d9365,COORDINATE_PPRF,INCLUDING_OT,2305843009213693951,61,64,128,2,16,65536,64,1024,16,0,0,OK,measured,PASS,32,32,32,0.0,included_in_pprf_setup_bytes,1936.689,1936.689,1355056,1355056,1355056,76161024,76161024,C++ RegularPprf setup harness using DefaultBaseOT.
2026-07-23T08:52:35.488836+00:00,b33a10fa7851ba0c3a26bea531ffb004f00d9365,COORDINATE_PPRF,INCLUDING_OT,2305843009213693951,61,64,128,2,16,65536,64,1024,16,1,0,OK,measured,PASS,32,32,32,0.0,included_in_pprf_setup_bytes,1929.055,1929.055,1355056,1355056,1355056,76161024,76161024,C++ RegularPprf setup harness using DefaultBaseOT.
2026-07-23T08:52:37.424487+00:00,b33a10fa7851ba0c3a26bea531ffb004f00d9365,COORDINATE_PPRF,INCLUDING_OT,2305843009213693951,61,64,128,2,16,65536,64,1024,16,2,0,OK,measured,PASS,32,32,32,0.0,included_in_pprf_setup_bytes,1925.297,1925.297,1355056,1355056,1355056,76161024,76161024,C++ RegularPprf setup harness using DefaultBaseOT.
2026-07-23T08:52:39.356253+00:00,b33a10fa7851ba0c3a26bea531ffb004f00d9365,COORDINATE_PPRF,INCLUDING_OT,2305843009213693951,61,64,128,2,16,65536,64,1024,16,3,0,OK,measured,PASS,32,32,32,0.0,included_in_pprf_setup_bytes,1914.693,1914.693,1355056,1355056,1355056,76161024,76161024,C++ RegularPprf setup harness using DefaultBaseOT.
2026-07-23T08:52:41.277506+00:00,b33a10fa7851ba0c3a26bea531ffb004f00d9365,COORDINATE_PPRF,INCLUDING_OT,2305843009213693951,61,64,128,2,16,65536,64,1024,16,4,0,OK,measured,PASS,32,32,32,0.0,included_in_pprf_setup_bytes,1931.4370000000001,1931.4370000000001,1355056,1355056,1355056,76161024,76161024,C++ RegularPprf setup harness using DefaultBaseOT.
2026-07-23T08:52:43.215543+00:00,b33a10fa7851ba0c3a26bea531ffb004f00d9365,COORDINATE_PPRF,INCLUDING_OT,2305843009213693951,61,64,128,2,16,65536,64,1024,16,5,0,OK,measured,PASS,32,32,32,0.0,included_in_pprf_setup_bytes,1911.375,1911.375,1355056,1355056,1355056,76161024,76161024,C++ RegularPprf setup harness using DefaultBaseOT.
2026-07-23T08:52:45.133557+00:00,b33a10fa7851ba0c3a26bea531ffb004f00d9365,COORDINATE_PPRF,INCLUDING_OT,2305843009213693951,61,64,128,2,16,65536,64,1024,16,6,0,OK,measured,PASS,32,32,32,0.0,included_in_pprf_setup_bytes,1930.03,1930.03,1355056,1355056,1355056,76161024,76161024,C++ RegularPprf setup harness using DefaultBaseOT.
2026-07-23T08:52:47.070244+00:00,b33a10fa7851ba0c3a26bea531ffb004f00d9365,COORDINATE_PPRF,INCLUDING_OT,2305843009213693951,61,64,128,2,16,65536,64,1024,16,7,0,OK,measured,PASS,32,32,32,0.0,included_in_pprf_setup_bytes,1932.318,1932.318,1355056,1355056,1355056,76161024,76161024,C++ RegularPprf setup harness using DefaultBaseOT.
2026-07-23T08:52:49.009058+00:00,b33a10fa7851ba0c3a26bea531ffb004f00d9365,COORDINATE_PPRF,INCLUDING_OT,2305843009213693951,61,64,128,2,16,65536,64,1024,16,8,0,OK,measured,PASS,32,32,32,0.0,included_in_pprf_setup_bytes,1938.5529999999999,1938.5529999999999,1355056,1355056,1355056,76161024,76161024,C++ RegularPprf setup harness using DefaultBaseOT.
2026-07-23T08:52:50.954045+00:00,b33a10fa7851ba0c3a26bea531ffb004f00d9365,COORDINATE_PPRF,INCLUDING_OT,2305843009213693951,61,64,128,2,16,65536,64,1024,16,9,0,OK,measured,PASS,32,32,32,0.0,included_in_pprf_setup_bytes,1920.02,1920.02,1355056,1355056,1355056,76161024,76161024,C++ RegularPprf setup harness using DefaultBaseOT.
2026-07-23T08:52:52.880685+00:00,b33a10fa7851ba0c3a26bea531ffb004f00d9365,VECTOR_PPRF,INCLUDING_OT,2305843009213693951,61,64,128,2,16,65536,64,1024,32,-1,1,OK,measured,PASS,2,2,2,0.0,included_in_pprf_setup_bytes,199.71800000000002,199.71800000000002,211712,211712,211712,76161024,76161024,C++ RegularPprf setup harness using DefaultBaseOT.
2026-07-23T08:52:53.090006+00:00,b33a10fa7851ba0c3a26bea531ffb004f00d9365,VECTOR_PPRF,INCLUDING_OT,2305843009213693951,61,64,128,2,16,65536,64,1024,32,0,0,OK,measured,PASS,2,2,2,0.0,included_in_pprf_setup_bytes,196.02100000000002,196.02100000000002,211712,211712,211712,76161024,76161024,C++ RegularPprf setup harness using DefaultBaseOT.
2026-07-23T08:52:53.295226+00:00,b33a10fa7851ba0c3a26bea531ffb004f00d9365,VECTOR_PPRF,INCLUDING_OT,2305843009213693951,61,64,128,2,16,65536,64,1024,32,1,0,OK,measured,PASS,2,2,2,0.0,included_in_pprf_setup_bytes,195.226,195.226,211712,211712,211712,76161024,76161024,C++ RegularPprf setup harness using DefaultBaseOT.
2026-07-23T08:52:53.499553+00:00,b33a10fa7851ba0c3a26bea531ffb004f00d9365,VECTOR_PPRF,INCLUDING_OT,2305843009213693951,61,64,128,2,16,65536,64,1024,32,2,0,OK,measured,PASS,2,2,2,0.0,included_in_pprf_setup_bytes,194.37699999999998,194.37699999999998,211712,211712,211712,76161024,76161024,C++ RegularPprf setup harness using DefaultBaseOT.
2026-07-23T08:52:53.703074+00:00,b33a10fa7851ba0c3a26bea531ffb004f00d9365,VECTOR_PPRF,INCLUDING_OT,2305843009213693951,61,64,128,2,16,65536,64,1024,32,3,0,OK,measured,PASS,2,2,2,0.0,included_in_pprf_setup_bytes,196.912,196.912,211712,211712,211712,76161024,76161024,C++ RegularPprf setup harness using DefaultBaseOT.
2026-07-23T08:52:53.909241+00:00,b33a10fa7851ba0c3a26bea531ffb004f00d9365,VECTOR_PPRF,INCLUDING_OT,2305843009213693951,61,64,128,2,16,65536,64,1024,32,4,0,OK,measured,PASS,2,2,2,0.0,included_in_pprf_setup_bytes,197.332,197.332,211712,211712,211712,76161024,76161024,C++ RegularPprf setup harness using DefaultBaseOT.
2026-07-23T08:52:54.115857+00:00,b33a10fa7851ba0c3a26bea531ffb004f00d9365,VECTOR_PPRF,INCLUDING_OT,2305843009213693951,61,64,128,2,16,65536,64,1024,32,5,0,OK,measured,PASS,2,2,2,0.0,included_in_pprf_setup_bytes,196.366,196.366,211712,211712,211712,76161024,76161024,C++ RegularPprf setup harness using DefaultBaseOT.
2026-07-23T08:52:54.321473+00:00,b33a10fa7851ba0c3a26bea531ffb004f00d9365,VECTOR_PPRF,INCLUDING_OT,2305843009213693951,61,64,128,2,16,65536,64,1024,32,6,0,OK,measured,PASS,2,2,2,0.0,included_in_pprf_setup_bytes,197.26399999999998,197.26399999999998,211712,211712,211712,76161024,76161024,C++ RegularPprf setup harness using DefaultBaseOT.
2026-07-23T08:52:54.528326+00:00,b33a10fa7851ba0c3a26bea531ffb004f00d9365,VECTOR_PPRF,INCLUDING_OT,2305843009213693951,61,64,128,2,16,65536,64,1024,32,7,0,OK,measured,PASS,2,2,2,0.0,included_in_pprf_setup_bytes,196.873,196.873,211712,211712,211712,76161024,76161024,C++ RegularPprf setup harness using DefaultBaseOT.
2026-07-23T08:52:54.734830+00:00,b33a10fa7851ba0c3a26bea531ffb004f00d9365,VECTOR_PPRF,INCLUDING_OT,2305843009213693951,61,64,128,2,16,65536,64,1024,32,8,0,OK,measured,PASS,2,2,2,0.0,included_in_pprf_setup_bytes,198.526,198.526,211712,211712,211712,76161024,76161024,C++ RegularPprf setup harness using DefaultBaseOT.
2026-07-23T08:52:54.944195+00:00,b33a10fa7851ba0c3a26bea531ffb004f00d9365,VECTOR_PPRF,INCLUDING_OT,2305843009213693951,61,64,128,2,16,65536,64,1024,32,9,0,OK,measured,PASS,2,2,2,0.0,included_in_pprf_setup_bytes,197.94500000000002,197.94500000000002,211712,211712,211712,76161024,76161024,C++ RegularPprf setup harness using DefaultBaseOT.
2026-07-23T08:52:55.151763+00:00,b33a10fa7851ba0c3a26bea531ffb004f00d9365,COORDINATE_PPRF,INCLUDING_OT,2305843009213693951,61,64,128,2,16,65536,64,1024,32,-1,1,OK,measured,PASS,64,64,64,0.0,included_in_pprf_setup_bytes,3823.057,3823.057,2710064,2710064,2710064,76161024,76161024,C++ RegularPprf setup harness using DefaultBaseOT.
2026-07-23T08:52:58.981398+00:00,b33a10fa7851ba0c3a26bea531ffb004f00d9365,COORDINATE_PPRF,INCLUDING_OT,2305843009213693951,61,64,128,2,16,65536,64,1024,32,0,0,OK,measured,PASS,64,64,64,0.0,included_in_pprf_setup_bytes,3846.8900000000003,3846.8900000000003,2710064,2710064,2710064,76161024,76161024,C++ RegularPprf setup harness using DefaultBaseOT.
2026-07-23T08:53:02.834442+00:00,b33a10fa7851ba0c3a26bea531ffb004f00d9365,COORDINATE_PPRF,INCLUDING_OT,2305843009213693951,61,64,128,2,16,65536,64,1024,32,1,0,OK,measured,PASS,64,64,64,0.0,included_in_pprf_setup_bytes,3892.55,3892.55,2710064,2710064,2710064,76161024,76161024,C++ RegularPprf setup harness using DefaultBaseOT.
2026-07-23T08:53:06.732876+00:00,b33a10fa7851ba0c3a26bea531ffb004f00d9365,COORDINATE_PPRF,INCLUDING_OT,2305843009213693951,61,64,128,2,16,65536,64,1024,32,2,0,OK,measured,PASS,64,64,64,0.0,included_in_pprf_setup_bytes,3834.1240000000003,3834.1240000000003,2710064,2710064,2710064,76161024,76161024,C++ RegularPprf setup harness using DefaultBaseOT.
2026-07-23T08:53:10.572762+00:00,b33a10fa7851ba0c3a26bea531ffb004f00d9365,COORDINATE_PPRF,INCLUDING_OT,2305843009213693951,61,64,128,2,16,65536,64,1024,32,3,0,OK,measured,PASS,64,64,64,0.0,included_in_pprf_setup_bytes,3821.582,3821.582,2710064,2710064,2710064,76161024,76161024,C++ RegularPprf setup harness using DefaultBaseOT.
2026-07-23T08:53:14.400097+00:00,b33a10fa7851ba0c3a26bea531ffb004f00d9365,COORDINATE_PPRF,INCLUDING_OT,2305843009213693951,61,64,128,2,16,65536,64,1024,32,4,0,OK,measured,PASS,64,64,64,0.0,included_in_pprf_setup_bytes,3813.622,3813.622,2710064,2710064,2710064,76161024,76161024,C++ RegularPprf setup harness using DefaultBaseOT.
2026-07-23T08:53:18.219681+00:00,b33a10fa7851ba0c3a26bea531ffb004f00d9365,COORDINATE_PPRF,INCLUDING_OT,2305843009213693951,61,64,128,2,16,65536,64,1024,32,5,0,OK,measured,PASS,64,64,64,0.0,included_in_pprf_setup_bytes,3814.3030000000003,3814.3030000000003,2710064,2710064,2710064,76161024,76161024,C++ RegularPprf setup harness using DefaultBaseOT.
2026-07-23T08:53:22.039882+00:00,b33a10fa7851ba0c3a26bea531ffb004f00d9365,COORDINATE_PPRF,INCLUDING_OT,2305843009213693951,61,64,128,2,16,65536,64,1024,32,6,0,OK,measured,PASS,64,64,64,0.0,included_in_pprf_setup_bytes,3856.4660000000003,3856.4660000000003,2710064,2710064,2710064,76161024,76161024,C++ RegularPprf setup harness using DefaultBaseOT.
2026-07-23T08:53:25.902316+00:00,b33a10fa7851ba0c3a26bea531ffb004f00d9365,COORDINATE_PPRF,INCLUDING_OT,2305843009213693951,61,64,128,2,16,65536,64,1024,32,7,0,OK,measured,PASS,64,64,64,0.0,included_in_pprf_setup_bytes,3897.915,3897.915,2710064,2710064,2710064,76161024,76161024,C++ RegularPprf setup harness using DefaultBaseOT.
2026-07-23T08:53:29.806272+00:00,b33a10fa7851ba0c3a26bea531ffb004f00d9365,COORDINATE_PPRF,INCLUDING_OT,2305843009213693951,61,64,128,2,16,65536,64,1024,32,8,0,OK,measured,PASS,64,64,64,0.0,included_in_pprf_setup_bytes,3851.505,3851.505,2710064,2710064,2710064,76161024,76161024,C++ RegularPprf setup harness using DefaultBaseOT.
2026-07-23T08:53:33.664042+00:00,b33a10fa7851ba0c3a26bea531ffb004f00d9365,COORDINATE_PPRF,INCLUDING_OT,2305843009213693951,61,64,128,2,16,65536,64,1024,32,9,0,OK,measured,PASS,64,64,64,0.0,included_in_pprf_setup_bytes,3829.52,3829.52,2710064,2710064,2710064,76161024,76161024,C++ RegularPprf setup harness using DefaultBaseOT.
2026-07-23T08:53:37.499535+00:00,b33a10fa7851ba0c3a26bea531ffb004f00d9365,VECTOR_PPRF,INCLUDING_OT,2305843009213693951,61,64,128,2,18,262144,64,4096,8,-1,1,OK,measured,PASS,2,2,2,0.0,included_in_pprf_setup_bytes,230.16500000000002,230.16500000000002,130304,130304,130304,76161024,76161024,C++ RegularPprf setup harness using DefaultBaseOT.
2026-07-23T08:53:37.739028+00:00,b33a10fa7851ba0c3a26bea531ffb004f00d9365,VECTOR_PPRF,INCLUDING_OT,2305843009213693951,61,64,128,2,18,262144,64,4096,8,0,0,OK,measured,PASS,2,2,2,0.0,included_in_pprf_setup_bytes,226.888,226.888,130304,130304,130304,76161024,76161024,C++ RegularPprf setup harness using DefaultBaseOT.
2026-07-23T08:53:37.974799+00:00,b33a10fa7851ba0c3a26bea531ffb004f00d9365,VECTOR_PPRF,INCLUDING_OT,2305843009213693951,61,64,128,2,18,262144,64,4096,8,1,0,OK,measured,PASS,2,2,2,0.0,included_in_pprf_setup_bytes,228.094,228.094,130304,130304,130304,76161024,76161024,C++ RegularPprf setup harness using DefaultBaseOT.
2026-07-23T08:53:38.211725+00:00,b33a10fa7851ba0c3a26bea531ffb004f00d9365,VECTOR_PPRF,INCLUDING_OT,2305843009213693951,61,64,128,2,18,262144,64,4096,8,2,0,OK,measured,PASS,2,2,2,0.0,included_in_pprf_setup_bytes,228.511,228.511,130304,130304,130304,76161024,76161024,C++ RegularPprf setup harness using DefaultBaseOT.
2026-07-23T08:53:38.449081+00:00,b33a10fa7851ba0c3a26bea531ffb004f00d9365,VECTOR_PPRF,INCLUDING_OT,2305843009213693951,61,64,128,2,18,262144,64,4096,8,3,0,OK,measured,PASS,2,2,2,0.0,included_in_pprf_setup_bytes,228.01399999999998,228.01399999999998,130304,130304,130304,76161024,76161024,C++ RegularPprf setup harness using DefaultBaseOT.
2026-07-23T08:53:38.686292+00:00,b33a10fa7851ba0c3a26bea531ffb004f00d9365,VECTOR_PPRF,INCLUDING_OT,2305843009213693951,61,64,128,2,18,262144,64,4096,8,4,0,OK,measured,PASS,2,2,2,0.0,included_in_pprf_setup_bytes,227.67499999999998,227.67499999999998,130304,130304,130304,76161024,76161024,C++ RegularPprf setup harness using DefaultBaseOT.
2026-07-23T08:53:38.922694+00:00,b33a10fa7851ba0c3a26bea531ffb004f00d9365,VECTOR_PPRF,INCLUDING_OT,2305843009213693951,61,64,128,2,18,262144,64,4096,8,5,0,OK,measured,PASS,2,2,2,0.0,included_in_pprf_setup_bytes,227.547,227.547,130304,130304,130304,76161024,76161024,C++ RegularPprf setup harness using DefaultBaseOT.
2026-07-23T08:53:39.159018+00:00,b33a10fa7851ba0c3a26bea531ffb004f00d9365,VECTOR_PPRF,INCLUDING_OT,2305843009213693951,61,64,128,2,18,262144,64,4096,8,6,0,OK,measured,PASS,2,2,2,0.0,included_in_pprf_setup_bytes,228.189,228.189,130304,130304,130304,76161024,76161024,C++ RegularPprf setup harness using DefaultBaseOT.
2026-07-23T08:53:39.396000+00:00,b33a10fa7851ba0c3a26bea531ffb004f00d9365,VECTOR_PPRF,INCLUDING_OT,2305843009213693951,61,64,128,2,18,262144,64,4096,8,7,0,OK,measured,PASS,2,2,2,0.0,included_in_pprf_setup_bytes,226.223,226.223,130304,130304,130304,76161024,76161024,C++ RegularPprf setup harness using DefaultBaseOT.
2026-07-23T08:53:39.631049+00:00,b33a10fa7851ba0c3a26bea531ffb004f00d9365,VECTOR_PPRF,INCLUDING_OT,2305843009213693951,61,64,128,2,18,262144,64,4096,8,8,0,OK,measured,PASS,2,2,2,0.0,included_in_pprf_setup_bytes,230.494,230.494,130304,130304,130304,76161024,76161024,C++ RegularPprf setup harness using DefaultBaseOT.
2026-07-23T08:53:39.870620+00:00,b33a10fa7851ba0c3a26bea531ffb004f00d9365,VECTOR_PPRF,INCLUDING_OT,2305843009213693951,61,64,128,2,18,262144,64,4096,8,9,0,OK,measured,PASS,2,2,2,0.0,included_in_pprf_setup_bytes,229.39000000000001,229.39000000000001,130304,130304,130304,76161024,76161024,C++ RegularPprf setup harness using DefaultBaseOT.
2026-07-23T08:53:40.109013+00:00,b33a10fa7851ba0c3a26bea531ffb004f00d9365,COORDINATE_PPRF,INCLUDING_OT,2305843009213693951,61,64,128,2,18,262144,64,4096,8,-1,1,OK,measured,PASS,16,16,16,0.0,included_in_pprf_setup_bytes,1219.922,1219.922,812720,812720,812720,76161024,76161024,C++ RegularPprf setup harness using DefaultBaseOT.
2026-07-23T08:53:41.337108+00:00,b33a10fa7851ba0c3a26bea531ffb004f00d9365,COORDINATE_PPRF,INCLUDING_OT,2305843009213693951,61,64,128,2,18,262144,64,4096,8,0,0,OK,measured,PASS,16,16,16,0.0,included_in_pprf_setup_bytes,1225.111,1225.111,812720,812720,812720,76161024,76161024,C++ RegularPprf setup harness using DefaultBaseOT.
2026-07-23T08:53:42.570440+00:00,b33a10fa7851ba0c3a26bea531ffb004f00d9365,COORDINATE_PPRF,INCLUDING_OT,2305843009213693951,61,64,128,2,18,262144,64,4096,8,1,0,OK,measured,PASS,16,16,16,0.0,included_in_pprf_setup_bytes,1249.609,1249.609,812720,812720,812720,76161024,76161024,C++ RegularPprf setup harness using DefaultBaseOT.
2026-07-23T08:53:43.828103+00:00,b33a10fa7851ba0c3a26bea531ffb004f00d9365,COORDINATE_PPRF,INCLUDING_OT,2305843009213693951,61,64,128,2,18,262144,64,4096,8,2,0,OK,measured,PASS,16,16,16,0.0,included_in_pprf_setup_bytes,1232.543,1232.543,812720,812720,812720,76161024,76161024,C++ RegularPprf setup harness using DefaultBaseOT.
2026-07-23T08:53:45.068629+00:00,b33a10fa7851ba0c3a26bea531ffb004f00d9365,COORDINATE_PPRF,INCLUDING_OT,2305843009213693951,61,64,128,2,18,262144,64,4096,8,3,0,OK,measured,PASS,16,16,16,0.0,included_in_pprf_setup_bytes,1222.493,1222.493,812720,812720,812720,76161024,76161024,C++ RegularPprf setup harness using DefaultBaseOT.
2026-07-23T08:53:46.299314+00:00,b33a10fa7851ba0c3a26bea531ffb004f00d9365,COORDINATE_PPRF,INCLUDING_OT,2305843009213693951,61,64,128,2,18,262144,64,4096,8,4,0,OK,measured,PASS,16,16,16,0.0,included_in_pprf_setup_bytes,1222.766,1222.766,812720,812720,812720,76161024,76161024,C++ RegularPprf setup harness using DefaultBaseOT.
2026-07-23T08:53:47.530387+00:00,b33a10fa7851ba0c3a26bea531ffb004f00d9365,COORDINATE_PPRF,INCLUDING_OT,2305843009213693951,61,64,128,2,18,262144,64,4096,8,5,0,OK,measured,PASS,16,16,16,0.0,included_in_pprf_setup_bytes,1229.663,1229.663,812720,812720,812720,76161024,76161024,C++ RegularPprf setup harness using DefaultBaseOT.
2026-07-23T08:53:48.768382+00:00,b33a10fa7851ba0c3a26bea531ffb004f00d9365,COORDINATE_PPRF,INCLUDING_OT,2305843009213693951,61,64,128,2,18,262144,64,4096,8,6,0,OK,measured,PASS,16,16,16,0.0,included_in_pprf_setup_bytes,1221.978,1221.978,812720,812720,812720,76161024,76161024,C++ RegularPprf setup harness using DefaultBaseOT.
2026-07-23T08:53:49.998562+00:00,b33a10fa7851ba0c3a26bea531ffb004f00d9365,COORDINATE_PPRF,INCLUDING_OT,2305843009213693951,61,64,128,2,18,262144,64,4096,8,7,0,OK,measured,PASS,16,16,16,0.0,included_in_pprf_setup_bytes,1239.866,1239.866,812720,812720,812720,76161024,76161024,C++ RegularPprf setup harness using DefaultBaseOT.
2026-07-23T08:53:51.246872+00:00,b33a10fa7851ba0c3a26bea531ffb004f00d9365,COORDINATE_PPRF,INCLUDING_OT,2305843009213693951,61,64,128,2,18,262144,64,4096,8,8,0,OK,measured,PASS,16,16,16,0.0,included_in_pprf_setup_bytes,1229.836,1229.836,812720,812720,812720,76161024,76161024,C++ RegularPprf setup harness using DefaultBaseOT.
2026-07-23T08:53:52.485076+00:00,b33a10fa7851ba0c3a26bea531ffb004f00d9365,COORDINATE_PPRF,INCLUDING_OT,2305843009213693951,61,64,128,2,18,262144,64,4096,8,9,0,OK,measured,PASS,16,16,16,0.0,included_in_pprf_setup_bytes,1226.5680000000002,1226.5680000000002,812720,812720,812720,76161024,76161024,C++ RegularPprf setup harness using DefaultBaseOT.
2026-07-23T08:53:53.719838+00:00,b33a10fa7851ba0c3a26bea531ffb004f00d9365,VECTOR_PPRF,INCLUDING_OT,2305843009213693951,61,64,128,2,18,262144,64,4096,16,-1,1,OK,measured,PASS,2,2,2,0.0,included_in_pprf_setup_bytes,306.65700000000004,306.65700000000004,163072,163072,163072,76161024,76161024,C++ RegularPprf setup harness using DefaultBaseOT.
2026-07-23T08:53:54.038580+00:00,b33a10fa7851ba0c3a26bea531ffb004f00d9365,VECTOR_PPRF,INCLUDING_OT,2305843009213693951,61,64,128,2,18,262144,64,4096,16,0,0,OK,measured,PASS,2,2,2,0.0,included_in_pprf_setup_bytes,306.622,306.622,163072,163072,163072,76161024,76161024,C++ RegularPprf setup harness using DefaultBaseOT.
2026-07-23T08:53:54.357496+00:00,b33a10fa7851ba0c3a26bea531ffb004f00d9365,VECTOR_PPRF,INCLUDING_OT,2305843009213693951,61,64,128,2,18,262144,64,4096,16,1,0,OK,measured,PASS,2,2,2,0.0,included_in_pprf_setup_bytes,304.34,304.34,163072,163072,163072,76161024,76161024,C++ RegularPprf setup harness using DefaultBaseOT.
2026-07-23T08:53:54.673716+00:00,b33a10fa7851ba0c3a26bea531ffb004f00d9365,VECTOR_PPRF,INCLUDING_OT,2305843009213693951,61,64,128,2,18,262144,64,4096,16,2,0,OK,measured,PASS,2,2,2,0.0,included_in_pprf_setup_bytes,305.037,305.037,163072,163072,163072,76161024,76161024,C++ RegularPprf setup harness using DefaultBaseOT.
2026-07-23T08:53:54.990681+00:00,b33a10fa7851ba0c3a26bea531ffb004f00d9365,VECTOR_PPRF,INCLUDING_OT,2305843009213693951,61,64,128,2,18,262144,64,4096,16,3,0,OK,measured,PASS,2,2,2,0.0,included_in_pprf_setup_bytes,307.993,307.993,163072,163072,163072,76161024,76161024,C++ RegularPprf setup harness using DefaultBaseOT.
2026-07-23T08:53:55.310574+00:00,b33a10fa7851ba0c3a26bea531ffb004f00d9365,VECTOR_PPRF,INCLUDING_OT,2305843009213693951,61,64,128,2,18,262144,64,4096,16,4,0,OK,measured,PASS,2,2,2,0.0,included_in_pprf_setup_bytes,307.20799999999997,307.20799999999997,163072,163072,163072,76161024,76161024,C++ RegularPprf setup harness using DefaultBaseOT.
2026-07-23T08:53:55.629754+00:00,b33a10fa7851ba0c3a26bea531ffb004f00d9365,VECTOR_PPRF,INCLUDING_OT,2305843009213693951,61,64,128,2,18,262144,64,4096,16,5,0,OK,measured,PASS,2,2,2,0.0,included_in_pprf_setup_bytes,305.422,305.422,163072,163072,163072,76161024,76161024,C++ RegularPprf setup harness using DefaultBaseOT.
2026-07-23T08:53:55.947087+00:00,b33a10fa7851ba0c3a26bea531ffb004f00d9365,VECTOR_PPRF,INCLUDING_OT,2305843009213693951,61,64,128,2,18,262144,64,4096,16,6,0,OK,measured,PASS,2,2,2,0.0,included_in_pprf_setup_bytes,306.647,306.647,163072,163072,163072,76161024,76161024,C++ RegularPprf setup harness using DefaultBaseOT.
2026-07-23T08:53:56.265600+00:00,b33a10fa7851ba0c3a26bea531ffb004f00d9365,VECTOR_PPRF,INCLUDING_OT,2305843009213693951,61,64,128,2,18,262144,64,4096,16,7,0,OK,measured,PASS,2,2,2,0.0,included_in_pprf_setup_bytes,305.80400000000003,305.80400000000003,163072,163072,163072,76161024,76161024,C++ RegularPprf setup harness using DefaultBaseOT.
2026-07-23T08:53:56.583460+00:00,b33a10fa7851ba0c3a26bea531ffb004f00d9365,VECTOR_PPRF,INCLUDING_OT,2305843009213693951,61,64,128,2,18,262144,64,4096,16,8,0,OK,measured,PASS,2,2,2,0.0,included_in_pprf_setup_bytes,305.596,305.596,163072,163072,163072,76161024,76161024,C++ RegularPprf setup harness using DefaultBaseOT.
2026-07-23T08:53:56.900916+00:00,b33a10fa7851ba0c3a26bea531ffb004f00d9365,VECTOR_PPRF,INCLUDING_OT,2305843009213693951,61,64,128,2,18,262144,64,4096,16,9,0,OK,measured,PASS,2,2,2,0.0,included_in_pprf_setup_bytes,306.394,306.394,163072,163072,163072,76161024,76161024,C++ RegularPprf setup harness using DefaultBaseOT.
2026-07-23T08:53:57.219470+00:00,b33a10fa7851ba0c3a26bea531ffb004f00d9365,COORDINATE_PPRF,INCLUDING_OT,2305843009213693951,61,64,128,2,18,262144,64,4096,16,-1,1,OK,measured,PASS,32,32,32,0.0,included_in_pprf_setup_bytes,2448.741,2448.741,1625392,1625392,1625392,76161024,76161024,C++ RegularPprf setup harness using DefaultBaseOT.
2026-07-23T08:53:59.678900+00:00,b33a10fa7851ba0c3a26bea531ffb004f00d9365,COORDINATE_PPRF,INCLUDING_OT,2305843009213693951,61,64,128,2,18,262144,64,4096,16,0,0,OK,measured,PASS,32,32,32,0.0,included_in_pprf_setup_bytes,2448.599,2448.599,1625392,1625392,1625392,76161024,76161024,C++ RegularPprf setup harness using DefaultBaseOT.
2026-07-23T08:54:02.138156+00:00,b33a10fa7851ba0c3a26bea531ffb004f00d9365,COORDINATE_PPRF,INCLUDING_OT,2305843009213693951,61,64,128,2,18,262144,64,4096,16,1,0,OK,measured,PASS,32,32,32,0.0,included_in_pprf_setup_bytes,2491.333,2491.333,1625392,1625392,1625392,76161024,76161024,C++ RegularPprf setup harness using DefaultBaseOT.
2026-07-23T08:54:04.640030+00:00,b33a10fa7851ba0c3a26bea531ffb004f00d9365,COORDINATE_PPRF,INCLUDING_OT,2305843009213693951,61,64,128,2,18,262144,64,4096,16,2,0,OK,measured,PASS,32,32,32,0.0,included_in_pprf_setup_bytes,2445.5209999999997,2445.5209999999997,1625392,1625392,1625392,76161024,76161024,C++ RegularPprf setup harness using DefaultBaseOT.
2026-07-23T08:54:07.096298+00:00,b33a10fa7851ba0c3a26bea531ffb004f00d9365,COORDINATE_PPRF,INCLUDING_OT,2305843009213693951,61,64,128,2,18,262144,64,4096,16,3,0,OK,measured,PASS,32,32,32,0.0,included_in_pprf_setup_bytes,2505.036,2505.036,1625392,1625392,1625392,76161024,76161024,C++ RegularPprf setup harness using DefaultBaseOT.
2026-07-23T08:54:09.613839+00:00,b33a10fa7851ba0c3a26bea531ffb004f00d9365,COORDINATE_PPRF,INCLUDING_OT,2305843009213693951,61,64,128,2,18,262144,64,4096,16,4,0,OK,measured,PASS,32,32,32,0.0,included_in_pprf_setup_bytes,2470.345,2470.345,1625392,1625392,1625392,76161024,76161024,C++ RegularPprf setup harness using DefaultBaseOT.
2026-07-23T08:54:12.097043+00:00,b33a10fa7851ba0c3a26bea531ffb004f00d9365,COORDINATE_PPRF,INCLUDING_OT,2305843009213693951,61,64,128,2,18,262144,64,4096,16,5,0,OK,measured,PASS,32,32,32,0.0,included_in_pprf_setup_bytes,2496.2110000000002,2496.2110000000002,1625392,1625392,1625392,76161024,76161024,C++ RegularPprf setup harness using DefaultBaseOT.
2026-07-23T08:54:14.605293+00:00,b33a10fa7851ba0c3a26bea531ffb004f00d9365,COORDINATE_PPRF,INCLUDING_OT,2305843009213693951,61,64,128,2,18,262144,64,4096,16,6,0,OK,measured,PASS,32,32,32,0.0,included_in_pprf_setup_bytes,2495.97,2495.97,1625392,1625392,1625392,76161024,76161024,C++ RegularPprf setup harness using DefaultBaseOT.
2026-07-23T08:54:17.113236+00:00,b33a10fa7851ba0c3a26bea531ffb004f00d9365,COORDINATE_PPRF,INCLUDING_OT,2305843009213693951,61,64,128,2,18,262144,64,4096,16,7,0,OK,measured,PASS,32,32,32,0.0,included_in_pprf_setup_bytes,2499.674,2499.674,1625392,1625392,1625392,76161024,76161024,C++ RegularPprf setup harness using DefaultBaseOT.
2026-07-23T08:54:19.625026+00:00,b33a10fa7851ba0c3a26bea531ffb004f00d9365,COORDINATE_PPRF,INCLUDING_OT,2305843009213693951,61,64,128,2,18,262144,64,4096,16,8,0,OK,measured,PASS,32,32,32,0.0,included_in_pprf_setup_bytes,2495.55,2495.55,1625392,1625392,1625392,76161024,76161024,C++ RegularPprf setup harness using DefaultBaseOT.
2026-07-23T08:54:22.132307+00:00,b33a10fa7851ba0c3a26bea531ffb004f00d9365,COORDINATE_PPRF,INCLUDING_OT,2305843009213693951,61,64,128,2,18,262144,64,4096,16,9,0,OK,measured,PASS,32,32,32,0.0,included_in_pprf_setup_bytes,2462.5910000000003,2462.5910000000003,1625392,1625392,1625392,76161024,76161024,C++ RegularPprf setup harness using DefaultBaseOT.
2026-07-23T08:54:24.607840+00:00,b33a10fa7851ba0c3a26bea531ffb004f00d9365,VECTOR_PPRF,INCLUDING_OT,2305843009213693951,61,64,128,2,18,262144,64,4096,32,-1,1,OK,measured,PASS,2,2,2,0.0,included_in_pprf_setup_bytes,459.924,459.924,228608,228608,228608,76161024,76161024,C++ RegularPprf setup harness using DefaultBaseOT.
2026-07-23T08:54:25.088706+00:00,b33a10fa7851ba0c3a26bea531ffb004f00d9365,VECTOR_PPRF,INCLUDING_OT,2305843009213693951,61,64,128,2,18,262144,64,4096,32,0,0,OK,measured,PASS,2,2,2,0.0,included_in_pprf_setup_bytes,461.18399999999997,461.18399999999997,228608,228608,228608,76161024,76161024,C++ RegularPprf setup harness using DefaultBaseOT.
2026-07-23T08:54:25.570902+00:00,b33a10fa7851ba0c3a26bea531ffb004f00d9365,VECTOR_PPRF,INCLUDING_OT,2305843009213693951,61,64,128,2,18,262144,64,4096,32,1,0,OK,measured,PASS,2,2,2,0.0,included_in_pprf_setup_bytes,462.67,462.67,228608,228608,228608,76161024,76161024,C++ RegularPprf setup harness using DefaultBaseOT.
2026-07-23T08:54:26.054402+00:00,b33a10fa7851ba0c3a26bea531ffb004f00d9365,VECTOR_PPRF,INCLUDING_OT,2305843009213693951,61,64,128,2,18,262144,64,4096,32,2,0,OK,measured,PASS,2,2,2,0.0,included_in_pprf_setup_bytes,467.461,467.461,228608,228608,228608,76161024,76161024,C++ RegularPprf setup harness using DefaultBaseOT.
2026-07-23T08:54:26.542804+00:00,b33a10fa7851ba0c3a26bea531ffb004f00d9365,VECTOR_PPRF,INCLUDING_OT,2305843009213693951,61,64,128,2,18,262144,64,4096,32,3,0,OK,measured,PASS,2,2,2,0.0,included_in_pprf_setup_bytes,465.772,465.772,228608,228608,228608,76161024,76161024,C++ RegularPprf setup harness using DefaultBaseOT.
2026-07-23T08:54:27.029376+00:00,b33a10fa7851ba0c3a26bea531ffb004f00d9365,VECTOR_PPRF,INCLUDING_OT,2305843009213693951,61,64,128,2,18,262144,64,4096,32,4,0,OK,measured,PASS,2,2,2,0.0,included_in_pprf_setup_bytes,468.147,468.147,228608,228608,228608,76161024,76161024,C++ RegularPprf setup harness using DefaultBaseOT.
2026-07-23T08:54:27.518455+00:00,b33a10fa7851ba0c3a26bea531ffb004f00d9365,VECTOR_PPRF,INCLUDING_OT,2305843009213693951,61,64,128,2,18,262144,64,4096,32,5,0,OK,measured,PASS,2,2,2,0.0,included_in_pprf_setup_bytes,466.42499999999995,466.42499999999995,228608,228608,228608,76161024,76161024,C++ RegularPprf setup harness using DefaultBaseOT.
2026-07-23T08:54:28.005785+00:00,b33a10fa7851ba0c3a26bea531ffb004f00d9365,VECTOR_PPRF,INCLUDING_OT,2305843009213693951,61,64,128,2,18,262144,64,4096,32,6,0,OK,measured,PASS,2,2,2,0.0,included_in_pprf_setup_bytes,466.12199999999996,466.12199999999996,228608,228608,228608,76161024,76161024,C++ RegularPprf setup harness using DefaultBaseOT.
2026-07-23T08:54:28.493049+00:00,b33a10fa7851ba0c3a26bea531ffb004f00d9365,VECTOR_PPRF,INCLUDING_OT,2305843009213693951,61,64,128,2,18,262144,64,4096,32,7,0,OK,measured,PASS,2,2,2,0.0,included_in_pprf_setup_bytes,464.471,464.471,228608,228608,228608,76161024,76161024,C++ RegularPprf setup harness using DefaultBaseOT.
2026-07-23T08:54:28.978550+00:00,b33a10fa7851ba0c3a26bea531ffb004f00d9365,VECTOR_PPRF,INCLUDING_OT,2305843009213693951,61,64,128,2,18,262144,64,4096,32,8,0,OK,measured,PASS,2,2,2,0.0,included_in_pprf_setup_bytes,467.36699999999996,467.36699999999996,228608,228608,228608,76161024,76161024,C++ RegularPprf setup harness using DefaultBaseOT.
2026-07-23T08:54:29.466826+00:00,b33a10fa7851ba0c3a26bea531ffb004f00d9365,VECTOR_PPRF,INCLUDING_OT,2305843009213693951,61,64,128,2,18,262144,64,4096,32,9,0,OK,measured,PASS,2,2,2,0.0,included_in_pprf_setup_bytes,464.101,464.101,228608,228608,228608,76161024,76161024,C++ RegularPprf setup harness using DefaultBaseOT.
2026-07-23T08:54:29.951915+00:00,b33a10fa7851ba0c3a26bea531ffb004f00d9365,COORDINATE_PPRF,INCLUDING_OT,2305843009213693951,61,64,128,2,18,262144,64,4096,32,-1,1,OK,measured,PASS,64,64,64,0.0,included_in_pprf_setup_bytes,4896.962,4896.962,3250736,3250736,3250736,76161024,76161024,C++ RegularPprf setup harness using DefaultBaseOT.
2026-07-23T08:54:34.865911+00:00,b33a10fa7851ba0c3a26bea531ffb004f00d9365,COORDINATE_PPRF,INCLUDING_OT,2305843009213693951,61,64,128,2,18,262144,64,4096,32,0,0,OK,measured,PASS,64,64,64,0.0,included_in_pprf_setup_bytes,4919.414,4919.414,3250736,3250736,3250736,76161024,76161024,C++ RegularPprf setup harness using DefaultBaseOT.
2026-07-23T08:54:39.801640+00:00,b33a10fa7851ba0c3a26bea531ffb004f00d9365,COORDINATE_PPRF,INCLUDING_OT,2305843009213693951,61,64,128,2,18,262144,64,4096,32,1,0,OK,measured,PASS,64,64,64,0.0,included_in_pprf_setup_bytes,4981.496,4981.496,3250736,3250736,3250736,76161024,76161024,C++ RegularPprf setup harness using DefaultBaseOT.
2026-07-23T08:54:44.799973+00:00,b33a10fa7851ba0c3a26bea531ffb004f00d9365,COORDINATE_PPRF,INCLUDING_OT,2305843009213693951,61,64,128,2,18,262144,64,4096,32,2,0,OK,measured,PASS,64,64,64,0.0,included_in_pprf_setup_bytes,4901.376,4901.376,3250736,3250736,3250736,76161024,76161024,C++ RegularPprf setup harness using DefaultBaseOT.
2026-07-23T08:54:49.718689+00:00,b33a10fa7851ba0c3a26bea531ffb004f00d9365,COORDINATE_PPRF,INCLUDING_OT,2305843009213693951,61,64,128,2,18,262144,64,4096,32,3,0,OK,measured,PASS,64,64,64,0.0,included_in_pprf_setup_bytes,4893.377,4893.377,3250736,3250736,3250736,76161024,76161024,C++ RegularPprf setup harness using DefaultBaseOT.
2026-07-23T08:54:54.628538+00:00,b33a10fa7851ba0c3a26bea531ffb004f00d9365,COORDINATE_PPRF,INCLUDING_OT,2305843009213693951,61,64,128,2,18,262144,64,4096,32,4,0,OK,measured,PASS,64,64,64,0.0,included_in_pprf_setup_bytes,4899.115,4899.115,3250736,3250736,3250736,76161024,76161024,C++ RegularPprf setup harness using DefaultBaseOT.
2026-07-23T08:54:59.544652+00:00,b33a10fa7851ba0c3a26bea531ffb004f00d9365,COORDINATE_PPRF,INCLUDING_OT,2305843009213693951,61,64,128,2,18,262144,64,4096,32,5,0,OK,measured,PASS,64,64,64,0.0,included_in_pprf_setup_bytes,4911.1140000000005,4911.1140000000005,3250736,3250736,3250736,76161024,76161024,C++ RegularPprf setup harness using DefaultBaseOT.
2026-07-23T08:55:04.473577+00:00,b33a10fa7851ba0c3a26bea531ffb004f00d9365,COORDINATE_PPRF,INCLUDING_OT,2305843009213693951,61,64,128,2,18,262144,64,4096,32,6,0,OK,measured,PASS,64,64,64,0.0,included_in_pprf_setup_bytes,4988.945000000001,4988.945000000001,3250736,3250736,3250736,76161024,76161024,C++ RegularPprf setup harness using DefaultBaseOT.
2026-07-23T08:55:09.479314+00:00,b33a10fa7851ba0c3a26bea531ffb004f00d9365,COORDINATE_PPRF,INCLUDING_OT,2305843009213693951,61,64,128,2,18,262144,64,4096,32,7,0,OK,measured,PASS,64,64,64,0.0,included_in_pprf_setup_bytes,4955.1179999999995,4955.1179999999995,3250736,3250736,3250736,76161024,76161024,C++ RegularPprf setup harness using DefaultBaseOT.
2026-07-23T08:55:14.452701+00:00,b33a10fa7851ba0c3a26bea531ffb004f00d9365,COORDINATE_PPRF,INCLUDING_OT,2305843009213693951,61,64,128,2,18,262144,64,4096,32,8,0,OK,measured,PASS,64,64,64,0.0,included_in_pprf_setup_bytes,5000.705,5000.705,3250736,3250736,3250736,76161024,76161024,C++ RegularPprf setup harness using DefaultBaseOT.
2026-07-23T08:55:19.470457+00:00,b33a10fa7851ba0c3a26bea531ffb004f00d9365,COORDINATE_PPRF,INCLUDING_OT,2305843009213693951,61,64,128,2,18,262144,64,4096,32,9,0,OK,measured,PASS,64,64,64,0.0,included_in_pprf_setup_bytes,4997.22,4997.22,3250736,3250736,3250736,76161024,76161024,C++ RegularPprf setup harness using DefaultBaseOT.
2026-07-23T08:55:24.485722+00:00,b33a10fa7851ba0c3a26bea531ffb004f00d9365,VECTOR_PPRF,INCLUDING_OT,2305843009213693951,61,64,128,2,20,1048576,64,16384,8,-1,1,OK,measured,PASS,2,2,2,0.0,included_in_pprf_setup_bytes,522.073,522.073,147200,147200,147200,76161024,76161024,C++ RegularPprf setup harness using DefaultBaseOT.
2026-07-23T08:55:25.028901+00:00,b33a10fa7851ba0c3a26bea531ffb004f00d9365,VECTOR_PPRF,INCLUDING_OT,2305843009213693951,61,64,128,2,20,1048576,64,16384,8,0,0,OK,measured,PASS,2,2,2,0.0,included_in_pprf_setup_bytes,520.3950000000001,520.3950000000001,147200,147200,147200,76161024,76161024,C++ RegularPprf setup harness using DefaultBaseOT.
2026-07-23T08:55:25.570491+00:00,b33a10fa7851ba0c3a26bea531ffb004f00d9365,VECTOR_PPRF,INCLUDING_OT,2305843009213693951,61,64,128,2,20,1048576,64,16384,8,1,0,OK,measured,PASS,2,2,2,0.0,included_in_pprf_setup_bytes,520.306,520.306,147200,147200,147200,76161024,76161024,C++ RegularPprf setup harness using DefaultBaseOT.
2026-07-23T08:55:26.111751+00:00,b33a10fa7851ba0c3a26bea531ffb004f00d9365,VECTOR_PPRF,INCLUDING_OT,2305843009213693951,61,64,128,2,20,1048576,64,16384,8,2,0,OK,measured,PASS,2,2,2,0.0,included_in_pprf_setup_bytes,517.77,517.77,147200,147200,147200,76161024,76161024,C++ RegularPprf setup harness using DefaultBaseOT.
2026-07-23T08:55:26.650435+00:00,b33a10fa7851ba0c3a26bea531ffb004f00d9365,VECTOR_PPRF,INCLUDING_OT,2305843009213693951,61,64,128,2,20,1048576,64,16384,8,3,0,OK,measured,PASS,2,2,2,0.0,included_in_pprf_setup_bytes,522.908,522.908,147200,147200,147200,76161024,76161024,C++ RegularPprf setup harness using DefaultBaseOT.
2026-07-23T08:55:27.194277+00:00,b33a10fa7851ba0c3a26bea531ffb004f00d9365,VECTOR_PPRF,INCLUDING_OT,2305843009213693951,61,64,128,2,20,1048576,64,16384,8,4,0,OK,measured,PASS,2,2,2,0.0,included_in_pprf_setup_bytes,521.288,521.288,147200,147200,147200,76161024,76161024,C++ RegularPprf setup harness using DefaultBaseOT.
2026-07-23T08:55:27.736642+00:00,b33a10fa7851ba0c3a26bea531ffb004f00d9365,VECTOR_PPRF,INCLUDING_OT,2305843009213693951,61,64,128,2,20,1048576,64,16384,8,5,0,OK,measured,PASS,2,2,2,0.0,included_in_pprf_setup_bytes,521.6769999999999,521.6769999999999,147200,147200,147200,76161024,76161024,C++ RegularPprf setup harness using DefaultBaseOT.
2026-07-23T08:55:28.279358+00:00,b33a10fa7851ba0c3a26bea531ffb004f00d9365,VECTOR_PPRF,INCLUDING_OT,2305843009213693951,61,64,128,2,20,1048576,64,16384,8,6,0,OK,measured,PASS,2,2,2,0.0,included_in_pprf_setup_bytes,526.2,526.2,147200,147200,147200,76161024,76161024,C++ RegularPprf setup harness using DefaultBaseOT.
2026-07-23T08:55:28.826572+00:00,b33a10fa7851ba0c3a26bea531ffb004f00d9365,VECTOR_PPRF,INCLUDING_OT,2305843009213693951,61,64,128,2,20,1048576,64,16384,8,7,0,OK,measured,PASS,2,2,2,0.0,included_in_pprf_setup_bytes,521.8380000000001,521.8380000000001,147200,147200,147200,76161024,76161024,C++ RegularPprf setup harness using DefaultBaseOT.
2026-07-23T08:55:29.369522+00:00,b33a10fa7851ba0c3a26bea531ffb004f00d9365,VECTOR_PPRF,INCLUDING_OT,2305843009213693951,61,64,128,2,20,1048576,64,16384,8,8,0,OK,measured,PASS,2,2,2,0.0,included_in_pprf_setup_bytes,524.481,524.481,147200,147200,147200,76161024,76161024,C++ RegularPprf setup harness using DefaultBaseOT.
2026-07-23T08:55:29.914967+00:00,b33a10fa7851ba0c3a26bea531ffb004f00d9365,VECTOR_PPRF,INCLUDING_OT,2305843009213693951,61,64,128,2,20,1048576,64,16384,8,9,0,OK,measured,PASS,2,2,2,0.0,included_in_pprf_setup_bytes,517.771,517.771,147200,147200,147200,76161024,76161024,C++ RegularPprf setup harness using DefaultBaseOT.
2026-07-23T08:55:30.453903+00:00,b33a10fa7851ba0c3a26bea531ffb004f00d9365,COORDINATE_PPRF,INCLUDING_OT,2305843009213693951,61,64,128,2,20,1048576,64,16384,8,-1,1,OK,measured,PASS,16,16,16,0.0,included_in_pprf_setup_bytes,1756.8049999999998,1756.8049999999998,947888,947888,947888,76161024,76161024,C++ RegularPprf setup harness using DefaultBaseOT.
2026-07-23T08:55:32.229655+00:00,b33a10fa7851ba0c3a26bea531ffb004f00d9365,COORDINATE_PPRF,INCLUDING_OT,2305843009213693951,61,64,128,2,20,1048576,64,16384,8,0,0,OK,measured,PASS,16,16,16,0.0,included_in_pprf_setup_bytes,1771.2969999999998,1771.2969999999998,947888,947888,947888,76161024,76161024,C++ RegularPprf setup harness using DefaultBaseOT.
2026-07-23T08:55:34.020944+00:00,b33a10fa7851ba0c3a26bea531ffb004f00d9365,COORDINATE_PPRF,INCLUDING_OT,2305843009213693951,61,64,128,2,20,1048576,64,16384,8,1,0,OK,measured,PASS,16,16,16,0.0,included_in_pprf_setup_bytes,1737.5620000000001,1737.5620000000001,947888,947888,947888,76161024,76161024,C++ RegularPprf setup harness using DefaultBaseOT.
2026-07-23T08:55:35.777778+00:00,b33a10fa7851ba0c3a26bea531ffb004f00d9365,COORDINATE_PPRF,INCLUDING_OT,2305843009213693951,61,64,128,2,20,1048576,64,16384,8,2,0,OK,measured,PASS,16,16,16,0.0,included_in_pprf_setup_bytes,1771.385,1771.385,947888,947888,947888,76161024,76161024,C++ RegularPprf setup harness using DefaultBaseOT.
2026-07-23T08:55:37.569365+00:00,b33a10fa7851ba0c3a26bea531ffb004f00d9365,COORDINATE_PPRF,INCLUDING_OT,2305843009213693951,61,64,128,2,20,1048576,64,16384,8,3,0,OK,measured,PASS,16,16,16,0.0,included_in_pprf_setup_bytes,1769.5700000000002,1769.5700000000002,947888,947888,947888,76161024,76161024,C++ RegularPprf setup harness using DefaultBaseOT.
2026-07-23T08:55:39.359378+00:00,b33a10fa7851ba0c3a26bea531ffb004f00d9365,COORDINATE_PPRF,INCLUDING_OT,2305843009213693951,61,64,128,2,20,1048576,64,16384,8,4,0,OK,measured,PASS,16,16,16,0.0,included_in_pprf_setup_bytes,1747.635,1747.635,947888,947888,947888,76161024,76161024,C++ RegularPprf setup harness using DefaultBaseOT.
2026-07-23T08:55:41.128067+00:00,b33a10fa7851ba0c3a26bea531ffb004f00d9365,COORDINATE_PPRF,INCLUDING_OT,2305843009213693951,61,64,128,2,20,1048576,64,16384,8,5,0,OK,measured,PASS,16,16,16,0.0,included_in_pprf_setup_bytes,1766.637,1766.637,947888,947888,947888,76161024,76161024,C++ RegularPprf setup harness using DefaultBaseOT.
2026-07-23T08:55:42.914768+00:00,b33a10fa7851ba0c3a26bea531ffb004f00d9365,COORDINATE_PPRF,INCLUDING_OT,2305843009213693951,61,64,128,2,20,1048576,64,16384,8,6,0,OK,measured,PASS,16,16,16,0.0,included_in_pprf_setup_bytes,1763.702,1763.702,947888,947888,947888,76161024,76161024,C++ RegularPprf setup harness using DefaultBaseOT.
2026-07-23T08:55:44.698783+00:00,b33a10fa7851ba0c3a26bea531ffb004f00d9365,COORDINATE_PPRF,INCLUDING_OT,2305843009213693951,61,64,128,2,20,1048576,64,16384,8,7,0,OK,measured,PASS,16,16,16,0.0,included_in_pprf_setup_bytes,1762.376,1762.376,947888,947888,947888,76161024,76161024,C++ RegularPprf setup harness using DefaultBaseOT.
2026-07-23T08:55:46.480787+00:00,b33a10fa7851ba0c3a26bea531ffb004f00d9365,COORDINATE_PPRF,INCLUDING_OT,2305843009213693951,61,64,128,2,20,1048576,64,16384,8,8,0,OK,measured,PASS,16,16,16,0.0,included_in_pprf_setup_bytes,1733.354,1733.354,947888,947888,947888,76161024,76161024,C++ RegularPprf setup harness using DefaultBaseOT.
2026-07-23T08:55:48.233522+00:00,b33a10fa7851ba0c3a26bea531ffb004f00d9365,COORDINATE_PPRF,INCLUDING_OT,2305843009213693951,61,64,128,2,20,1048576,64,16384,8,9,0,OK,measured,PASS,16,16,16,0.0,included_in_pprf_setup_bytes,1737.689,1737.689,947888,947888,947888,76161024,76161024,C++ RegularPprf setup harness using DefaultBaseOT.
2026-07-23T08:55:49.990955+00:00,b33a10fa7851ba0c3a26bea531ffb004f00d9365,VECTOR_PPRF,INCLUDING_OT,2305843009213693951,61,64,128,2,20,1048576,64,16384,16,-1,1,OK,measured,PASS,2,2,2,0.0,included_in_pprf_setup_bytes,844.0360000000001,844.0360000000001,179968,179968,179968,76161024,76161024,C++ RegularPprf setup harness using DefaultBaseOT.
2026-07-23T08:55:50.870714+00:00,b33a10fa7851ba0c3a26bea531ffb004f00d9365,VECTOR_PPRF,INCLUDING_OT,2305843009213693951,61,64,128,2,20,1048576,64,16384,16,0,0,OK,measured,PASS,2,2,2,0.0,included_in_pprf_setup_bytes,847.737,847.737,179968,179968,179968,76161024,76161024,C++ RegularPprf setup harness using DefaultBaseOT.
2026-07-23T08:55:51.753937+00:00,b33a10fa7851ba0c3a26bea531ffb004f00d9365,VECTOR_PPRF,INCLUDING_OT,2305843009213693951,61,64,128,2,20,1048576,64,16384,16,1,0,OK,measured,PASS,2,2,2,0.0,included_in_pprf_setup_bytes,848.488,848.488,179968,179968,179968,76161024,76161024,C++ RegularPprf setup harness using DefaultBaseOT.
2026-07-23T08:55:52.638674+00:00,b33a10fa7851ba0c3a26bea531ffb004f00d9365,VECTOR_PPRF,INCLUDING_OT,2305843009213693951,61,64,128,2,20,1048576,64,16384,16,2,0,OK,measured,PASS,2,2,2,0.0,included_in_pprf_setup_bytes,853.388,853.388,179968,179968,179968,76161024,76161024,C++ RegularPprf setup harness using DefaultBaseOT.
2026-07-23T08:55:53.527670+00:00,b33a10fa7851ba0c3a26bea531ffb004f00d9365,VECTOR_PPRF,INCLUDING_OT,2305843009213693951,61,64,128,2,20,1048576,64,16384,16,3,0,OK,measured,PASS,2,2,2,0.0,included_in_pprf_setup_bytes,840.4639999999999,840.4639999999999,179968,179968,179968,76161024,76161024,C++ RegularPprf setup harness using DefaultBaseOT.
2026-07-23T08:55:54.403879+00:00,b33a10fa7851ba0c3a26bea531ffb004f00d9365,VECTOR_PPRF,INCLUDING_OT,2305843009213693951,61,64,128,2,20,1048576,64,16384,16,4,0,OK,measured,PASS,2,2,2,0.0,included_in_pprf_setup_bytes,844.308,844.308,179968,179968,179968,76161024,76161024,C++ RegularPprf setup harness using DefaultBaseOT.
2026-07-23T08:55:55.283914+00:00,b33a10fa7851ba0c3a26bea531ffb004f00d9365,VECTOR_PPRF,INCLUDING_OT,2305843009213693951,61,64,128,2,20,1048576,64,16384,16,5,0,OK,measured,PASS,2,2,2,0.0,included_in_pprf_setup_bytes,841.481,841.481,179968,179968,179968,76161024,76161024,C++ RegularPprf setup harness using DefaultBaseOT.
2026-07-23T08:55:56.160865+00:00,b33a10fa7851ba0c3a26bea531ffb004f00d9365,VECTOR_PPRF,INCLUDING_OT,2305843009213693951,61,64,128,2,20,1048576,64,16384,16,6,0,OK,measured,PASS,2,2,2,0.0,included_in_pprf_setup_bytes,851.888,851.888,179968,179968,179968,76161024,76161024,C++ RegularPprf setup harness using DefaultBaseOT.
2026-07-23T08:55:57.048570+00:00,b33a10fa7851ba0c3a26bea531ffb004f00d9365,VECTOR_PPRF,INCLUDING_OT,2305843009213693951,61,64,128,2,20,1048576,64,16384,16,7,0,OK,measured,PASS,2,2,2,0.0,included_in_pprf_setup_bytes,843.1410000000001,843.1410000000001,179968,179968,179968,76161024,76161024,C++ RegularPprf setup harness using DefaultBaseOT.
2026-07-23T08:55:57.927415+00:00,b33a10fa7851ba0c3a26bea531ffb004f00d9365,VECTOR_PPRF,INCLUDING_OT,2305843009213693951,61,64,128,2,20,1048576,64,16384,16,8,0,OK,measured,PASS,2,2,2,0.0,included_in_pprf_setup_bytes,843.761,843.761,179968,179968,179968,76161024,76161024,C++ RegularPprf setup harness using DefaultBaseOT.
2026-07-23T08:55:58.806721+00:00,b33a10fa7851ba0c3a26bea531ffb004f00d9365,VECTOR_PPRF,INCLUDING_OT,2305843009213693951,61,64,128,2,20,1048576,64,16384,16,9,0,OK,measured,PASS,2,2,2,0.0,included_in_pprf_setup_bytes,844.506,844.506,179968,179968,179968,76161024,76161024,C++ RegularPprf setup harness using DefaultBaseOT.
2026-07-23T08:55:59.686687+00:00,b33a10fa7851ba0c3a26bea531ffb004f00d9365,COORDINATE_PPRF,INCLUDING_OT,2305843009213693951,61,64,128,2,20,1048576,64,16384,16,-1,1,OK,measured,PASS,32,32,32,0.0,included_in_pprf_setup_bytes,3550.292,3550.292,1895728,1895728,1895728,76161024,76161024,C++ RegularPprf setup harness using DefaultBaseOT.
2026-07-23T08:56:03.270259+00:00,b33a10fa7851ba0c3a26bea531ffb004f00d9365,COORDINATE_PPRF,INCLUDING_OT,2305843009213693951,61,64,128,2,20,1048576,64,16384,16,0,0,OK,measured,PASS,32,32,32,0.0,included_in_pprf_setup_bytes,3480.6240000000003,3480.6240000000003,1895728,1895728,1895728,76161024,76161024,C++ RegularPprf setup harness using DefaultBaseOT.
2026-07-23T08:56:06.783891+00:00,b33a10fa7851ba0c3a26bea531ffb004f00d9365,COORDINATE_PPRF,INCLUDING_OT,2305843009213693951,61,64,128,2,20,1048576,64,16384,16,1,0,OK,measured,PASS,32,32,32,0.0,included_in_pprf_setup_bytes,3553.163,3553.163,1895728,1895728,1895728,76161024,76161024,C++ RegularPprf setup harness using DefaultBaseOT.
2026-07-23T08:56:10.370701+00:00,b33a10fa7851ba0c3a26bea531ffb004f00d9365,COORDINATE_PPRF,INCLUDING_OT,2305843009213693951,61,64,128,2,20,1048576,64,16384,16,2,0,OK,measured,PASS,32,32,32,0.0,included_in_pprf_setup_bytes,3547.762,3547.762,1895728,1895728,1895728,76161024,76161024,C++ RegularPprf setup harness using DefaultBaseOT.
2026-07-23T08:56:13.951877+00:00,b33a10fa7851ba0c3a26bea531ffb004f00d9365,COORDINATE_PPRF,INCLUDING_OT,2305843009213693951,61,64,128,2,20,1048576,64,16384,16,3,0,OK,measured,PASS,32,32,32,0.0,included_in_pprf_setup_bytes,3469.62,3469.62,1895728,1895728,1895728,76161024,76161024,C++ RegularPprf setup harness using DefaultBaseOT.
2026-07-23T08:56:17.453280+00:00,b33a10fa7851ba0c3a26bea531ffb004f00d9365,COORDINATE_PPRF,INCLUDING_OT,2305843009213693951,61,64,128,2,20,1048576,64,16384,16,4,0,OK,measured,PASS,32,32,32,0.0,included_in_pprf_setup_bytes,3477.448,3477.448,1895728,1895728,1895728,76161024,76161024,C++ RegularPprf setup harness using DefaultBaseOT.
2026-07-23T08:56:20.962328+00:00,b33a10fa7851ba0c3a26bea531ffb004f00d9365,COORDINATE_PPRF,INCLUDING_OT,2305843009213693951,61,64,128,2,20,1048576,64,16384,16,5,0,OK,measured,PASS,32,32,32,0.0,included_in_pprf_setup_bytes,3525.675,3525.675,1895728,1895728,1895728,76161024,76161024,C++ RegularPprf setup harness using DefaultBaseOT.
2026-07-23T08:56:24.519456+00:00,b33a10fa7851ba0c3a26bea531ffb004f00d9365,COORDINATE_PPRF,INCLUDING_OT,2305843009213693951,61,64,128,2,20,1048576,64,16384,16,6,0,OK,measured,PASS,32,32,32,0.0,included_in_pprf_setup_bytes,3464.277,3464.277,1895728,1895728,1895728,76161024,76161024,C++ RegularPprf setup harness using DefaultBaseOT.
2026-07-23T08:56:28.014642+00:00,b33a10fa7851ba0c3a26bea531ffb004f00d9365,COORDINATE_PPRF,INCLUDING_OT,2305843009213693951,61,64,128,2,20,1048576,64,16384,16,7,0,OK,measured,PASS,32,32,32,0.0,included_in_pprf_setup_bytes,3514.3239999999996,3514.3239999999996,1895728,1895728,1895728,76161024,76161024,C++ RegularPprf setup harness using DefaultBaseOT.
2026-07-23T08:56:31.559925+00:00,b33a10fa7851ba0c3a26bea531ffb004f00d9365,COORDINATE_PPRF,INCLUDING_OT,2305843009213693951,61,64,128,2,20,1048576,64,16384,16,8,0,OK,measured,PASS,32,32,32,0.0,included_in_pprf_setup_bytes,3466.657,3466.657,1895728,1895728,1895728,76161024,76161024,C++ RegularPprf setup harness using DefaultBaseOT.
2026-07-23T08:56:35.057747+00:00,b33a10fa7851ba0c3a26bea531ffb004f00d9365,COORDINATE_PPRF,INCLUDING_OT,2305843009213693951,61,64,128,2,20,1048576,64,16384,16,9,0,OK,measured,PASS,32,32,32,0.0,included_in_pprf_setup_bytes,3542.68,3542.68,1895728,1895728,1895728,76161024,76161024,C++ RegularPprf setup harness using DefaultBaseOT.
2026-07-23T08:56:38.633660+00:00,b33a10fa7851ba0c3a26bea531ffb004f00d9365,VECTOR_PPRF,INCLUDING_OT,2305843009213693951,61,64,128,2,20,1048576,64,16384,32,-1,1,OK,measured,PASS,2,2,2,0.0,included_in_pprf_setup_bytes,1518.089,1518.089,245504,245504,245504,76161024,76161024,C++ RegularPprf setup harness using DefaultBaseOT.
2026-07-23T08:56:40.215112+00:00,b33a10fa7851ba0c3a26bea531ffb004f00d9365,VECTOR_PPRF,INCLUDING_OT,2305843009213693951,61,64,128,2,20,1048576,64,16384,32,0,0,OK,measured,PASS,2,2,2,0.0,included_in_pprf_setup_bytes,1508.219,1508.219,245504,245504,245504,76161024,76161024,C++ RegularPprf setup harness using DefaultBaseOT.
2026-07-23T08:56:41.786225+00:00,b33a10fa7851ba0c3a26bea531ffb004f00d9365,VECTOR_PPRF,INCLUDING_OT,2305843009213693951,61,64,128,2,20,1048576,64,16384,32,1,0,OK,measured,PASS,2,2,2,0.0,included_in_pprf_setup_bytes,1517.407,1517.407,245504,245504,245504,76161024,76161024,C++ RegularPprf setup harness using DefaultBaseOT.
2026-07-23T08:56:43.366530+00:00,b33a10fa7851ba0c3a26bea531ffb004f00d9365,VECTOR_PPRF,INCLUDING_OT,2305843009213693951,61,64,128,2,20,1048576,64,16384,32,2,0,OK,measured,PASS,2,2,2,0.0,included_in_pprf_setup_bytes,1509.382,1509.382,245504,245504,245504,76161024,76161024,C++ RegularPprf setup harness using DefaultBaseOT.
2026-07-23T08:56:44.938749+00:00,b33a10fa7851ba0c3a26bea531ffb004f00d9365,VECTOR_PPRF,INCLUDING_OT,2305843009213693951,61,64,128,2,20,1048576,64,16384,32,3,0,OK,measured,PASS,2,2,2,0.0,included_in_pprf_setup_bytes,1526.54,1526.54,245504,245504,245504,76161024,76161024,C++ RegularPprf setup harness using DefaultBaseOT.
2026-07-23T08:56:46.528516+00:00,b33a10fa7851ba0c3a26bea531ffb004f00d9365,VECTOR_PPRF,INCLUDING_OT,2305843009213693951,61,64,128,2,20,1048576,64,16384,32,4,0,OK,measured,PASS,2,2,2,0.0,included_in_pprf_setup_bytes,1513.339,1513.339,245504,245504,245504,76161024,76161024,C++ RegularPprf setup harness using DefaultBaseOT.
2026-07-23T08:56:48.104799+00:00,b33a10fa7851ba0c3a26bea531ffb004f00d9365,VECTOR_PPRF,INCLUDING_OT,2305843009213693951,61,64,128,2,20,1048576,64,16384,32,5,0,OK,measured,PASS,2,2,2,0.0,included_in_pprf_setup_bytes,1511.46,1511.46,245504,245504,245504,76161024,76161024,C++ RegularPprf setup harness using DefaultBaseOT.
2026-07-23T08:56:49.679320+00:00,b33a10fa7851ba0c3a26bea531ffb004f00d9365,VECTOR_PPRF,INCLUDING_OT,2305843009213693951,61,64,128,2,20,1048576,64,16384,32,6,0,OK,measured,PASS,2,2,2,0.0,included_in_pprf_setup_bytes,1512.537,1512.537,245504,245504,245504,76161024,76161024,C++ RegularPprf setup harness using DefaultBaseOT.
2026-07-23T08:56:51.254694+00:00,b33a10fa7851ba0c3a26bea531ffb004f00d9365,VECTOR_PPRF,INCLUDING_OT,2305843009213693951,61,64,128,2,20,1048576,64,16384,32,7,0,OK,measured,PASS,2,2,2,0.0,included_in_pprf_setup_bytes,1509.99,1509.99,245504,245504,245504,76161024,76161024,C++ RegularPprf setup harness using DefaultBaseOT.
2026-07-23T08:56:52.827658+00:00,b33a10fa7851ba0c3a26bea531ffb004f00d9365,VECTOR_PPRF,INCLUDING_OT,2305843009213693951,61,64,128,2,20,1048576,64,16384,32,8,0,OK,measured,PASS,2,2,2,0.0,included_in_pprf_setup_bytes,1513.622,1513.622,245504,245504,245504,76161024,76161024,C++ RegularPprf setup harness using DefaultBaseOT.
2026-07-23T08:56:54.404111+00:00,b33a10fa7851ba0c3a26bea531ffb004f00d9365,VECTOR_PPRF,INCLUDING_OT,2305843009213693951,61,64,128,2,20,1048576,64,16384,32,9,0,OK,measured,PASS,2,2,2,0.0,included_in_pprf_setup_bytes,1517.753,1517.753,245504,245504,245504,76161024,76161024,C++ RegularPprf setup harness using DefaultBaseOT.
2026-07-23T08:56:55.984808+00:00,b33a10fa7851ba0c3a26bea531ffb004f00d9365,COORDINATE_PPRF,INCLUDING_OT,2305843009213693951,61,64,128,2,20,1048576,64,16384,32,-1,1,OK,measured,PASS,64,64,64,0.0,included_in_pprf_setup_bytes,6952.301,6952.301,3791408,3791408,3791408,76161024,76161024,C++ RegularPprf setup harness using DefaultBaseOT.
2026-07-23T08:57:02.996988+00:00,b33a10fa7851ba0c3a26bea531ffb004f00d9365,COORDINATE_PPRF,INCLUDING_OT,2305843009213693951,61,64,128,2,20,1048576,64,16384,32,0,0,OK,measured,PASS,64,64,64,0.0,included_in_pprf_setup_bytes,7050.041,7050.041,3791408,3791408,3791408,76161024,76161024,C++ RegularPprf setup harness using DefaultBaseOT.
2026-07-23T08:57:10.106355+00:00,b33a10fa7851ba0c3a26bea531ffb004f00d9365,COORDINATE_PPRF,INCLUDING_OT,2305843009213693951,61,64,128,2,20,1048576,64,16384,32,1,0,OK,measured,PASS,64,64,64,0.0,included_in_pprf_setup_bytes,6989.408,6989.408,3791408,3791408,3791408,76161024,76161024,C++ RegularPprf setup harness using DefaultBaseOT.
2026-07-23T08:57:17.150089+00:00,b33a10fa7851ba0c3a26bea531ffb004f00d9365,COORDINATE_PPRF,INCLUDING_OT,2305843009213693951,61,64,128,2,20,1048576,64,16384,32,2,0,OK,measured,PASS,64,64,64,0.0,included_in_pprf_setup_bytes,7005.116,7005.116,3791408,3791408,3791408,76161024,76161024,C++ RegularPprf setup harness using DefaultBaseOT.
2026-07-23T08:57:24.211161+00:00,b33a10fa7851ba0c3a26bea531ffb004f00d9365,COORDINATE_PPRF,INCLUDING_OT,2305843009213693951,61,64,128,2,20,1048576,64,16384,32,3,0,OK,measured,PASS,64,64,64,0.0,included_in_pprf_setup_bytes,6998.268999999999,6998.268999999999,3791408,3791408,3791408,76161024,76161024,C++ RegularPprf setup harness using DefaultBaseOT.
2026-07-23T08:57:31.269331+00:00,b33a10fa7851ba0c3a26bea531ffb004f00d9365,COORDINATE_PPRF,INCLUDING_OT,2305843009213693951,61,64,128,2,20,1048576,64,16384,32,4,0,OK,measured,PASS,64,64,64,0.0,included_in_pprf_setup_bytes,6957.791,6957.791,3791408,3791408,3791408,76161024,76161024,C++ RegularPprf setup harness using DefaultBaseOT.
2026-07-23T08:57:38.287831+00:00,b33a10fa7851ba0c3a26bea531ffb004f00d9365,COORDINATE_PPRF,INCLUDING_OT,2305843009213693951,61,64,128,2,20,1048576,64,16384,32,5,0,OK,measured,PASS,64,64,64,0.0,included_in_pprf_setup_bytes,6889.501,6889.501,3791408,3791408,3791408,76161024,76161024,C++ RegularPprf setup harness using DefaultBaseOT.
2026-07-23T08:57:45.230921+00:00,b33a10fa7851ba0c3a26bea531ffb004f00d9365,COORDINATE_PPRF,INCLUDING_OT,2305843009213693951,61,64,128,2,20,1048576,64,16384,32,6,0,OK,measured,PASS,64,64,64,0.0,included_in_pprf_setup_bytes,6917.03,6917.03,3791408,3791408,3791408,76161024,76161024,C++ RegularPprf setup harness using DefaultBaseOT.
2026-07-23T08:57:52.204668+00:00,b33a10fa7851ba0c3a26bea531ffb004f00d9365,COORDINATE_PPRF,INCLUDING_OT,2305843009213693951,61,64,128,2,20,1048576,64,16384,32,7,0,OK,measured,PASS,64,64,64,0.0,included_in_pprf_setup_bytes,7071.030000000001,7071.030000000001,3791408,3791408,3791408,76161024,76161024,C++ RegularPprf setup harness using DefaultBaseOT.
2026-07-23T08:57:59.339341+00:00,b33a10fa7851ba0c3a26bea531ffb004f00d9365,COORDINATE_PPRF,INCLUDING_OT,2305843009213693951,61,64,128,2,20,1048576,64,16384,32,8,0,OK,measured,PASS,64,64,64,0.0,included_in_pprf_setup_bytes,6938.605,6938.605,3791408,3791408,3791408,76161024,76161024,C++ RegularPprf setup harness using DefaultBaseOT.
2026-07-23T08:58:06.337812+00:00,b33a10fa7851ba0c3a26bea531ffb004f00d9365,COORDINATE_PPRF,INCLUDING_OT,2305843009213693951,61,64,128,2,20,1048576,64,16384,32,9,0,OK,measured,PASS,64,64,64,0.0,included_in_pprf_setup_bytes,7076.034,7076.034,3791408,3791408,3791408,76161024,76161024,C++ RegularPprf setup harness using DefaultBaseOT.
